{
"type": "FeatureCollection",
"name": "crossing_centers_voronois",
"crs": { "type": "name", "properties": { "name": "urn:ogc:def:crs:OGC:1.3:CRS84" } },
"xy_coordinate_resolution": 1e-15,
"features": [
{ "type": "Feature", "properties": { "osm_id": "30115126", "name": "Chemin de Groslay", "highway": "tertiary", "waterway": null, "aerialway": null, "barrier": null, "man_made": null, "railway": null, "z_order": 4, "other_tags": null, "access": null, "bicycle": null, "boundary": null, "bridge": null, "cycleway": null, "cycleway:right": null, "destination": null, "destination:colour": null, "destination:ref": null, "destination:ref:to": null, "destination:symbol:to": null, "destination:to": null, "foot": null, "footway": null, "horse": null, "int_ref": null, "junction:ref": null, "lane_markings": null, "lanes": null, "layer": null, "lit": null, "maxspeed": null, "maxweight:signed": null, "maxweightrating:signed": null, "motor_vehicle": null, "name:etymology:wikidata": null, "nat_ref": null, "oneway": null, "operator": null, "operator:wikidata": null, "political_division": null, "ref": null, "segregated": null, "sidewalk": null, "smoothness": null, "source:maxspeed": null, "surface": null, "toll": null, "tunnel": null, "turn:lanes": null, "was:name": null, "width": null, "osm_id_2": "30091651", "name_2": null, "highway_2": "unclassified", "waterway_2": null, "aerialway_2": null, "barrier_2": null, "man_made_2": null, "railway_2": null, "z_order_2": 3, "other_tags_2": "\"oneway\"=>\"yes\"", "access_2": null, "bicycle_2": null, "boundary_2": null, "bridge_2": null, "cycleway_2": null, "cycleway:right_2": null, "destination_2": null, "destination:colour_2": null, "destination:ref_2": null, "destination:ref:to_2": null, "destination:symbol:to_2": null, "destination:to_2": null, "foot_2": null, "footway_2": null, "horse_2": null, "int_ref_2": null, "junction:ref_2": null, "lane_markings_2": null, "lanes_2": null, "layer_2": null, "lit_2": null, "maxspeed_2": null, "maxweight:signed_2": null, "maxweightrating:signed_2": null, "motor_vehicle_2": null, "name:etymology:wikidata_2": null, "nat_ref_2": null, "oneway_2": "yes", "operator_2": null, "operator:wikidata_2": null, "political_division_2": null, "ref_2": null, "segregated_2": null, "sidewalk_2": null, "smoothness_2": null, "source:maxspeed_2": null, "surface_2": null, "toll_2": null, "tunnel_2": null, "turn:lanes_2": null, "was:name_2": null, "width_2": null }, "geometry": { "type": "MultiPolygon", "coordinates": [ [ [ [ 2.472348628971359, 48.90815987713205 ], [ 2.472410394863412, 48.908481042027475 ], [ 2.472572480653012, 48.908765102077986 ], [ 2.47264643999306, 48.908856046640174 ], [ 2.47316937167068, 48.908698566085221 ], [ 2.472717134536174, 48.90824030188908 ], [ 2.472356321402157, 48.908104702976935 ], [ 2.472348628971359, 48.90815987713205 ] ] ] ] } },
{ "type": "Feature", "properties": { "osm_id": "30091649", "name": null, "highway": "residential", "waterway": null, "aerialway": null, "barrier": null, "man_made": null, "railway": null, "z_order": -17, "other_tags": "\"layer\"=>\"-1\",\"oneway\"=>\"yes\",\"tunnel\"=>\"yes\"", "access": null, "bicycle": null, "boundary": null, "bridge": null, "cycleway": null, "cycleway:right": null, "destination": null, "destination:colour": null, "destination:ref": null, "destination:ref:to": null, "destination:symbol:to": null, "destination:to": null, "foot": null, "footway": null, "horse": null, "int_ref": null, "junction:ref": null, "lane_markings": null, "lanes": null, "layer": "-1", "lit": null, "maxspeed": null, "maxweight:signed": null, "maxweightrating:signed": null, "motor_vehicle": null, "name:etymology:wikidata": null, "nat_ref": null, "oneway": "yes", "operator": null, "operator:wikidata": null, "political_division": null, "ref": null, "segregated": null, "sidewalk": null, "smoothness": null, "source:maxspeed": null, "surface": null, "toll": null, "tunnel": "yes", "turn:lanes": null, "was:name": null, "width": null, "osm_id_2": "30115136", "name_2": null, "highway_2": "unclassified", "waterway_2": null, "aerialway_2": null, "barrier_2": null, "man_made_2": null, "railway_2": null, "z_order_2": 3, "other_tags_2": "\"oneway\"=>\"yes\"", "access_2": null, "bicycle_2": null, "boundary_2": null, "bridge_2": null, "cycleway_2": null, "cycleway:right_2": null, "destination_2": null, "destination:colour_2": null, "destination:ref_2": null, "destination:ref:to_2": null, "destination:symbol:to_2": null, "destination:to_2": null, "foot_2": null, "footway_2": null, "horse_2": null, "int_ref_2": null, "junction:ref_2": null, "lane_markings_2": null, "lanes_2": null, "layer_2": null, "lit_2": null, "maxspeed_2": null, "maxweight:signed_2": null, "maxweightrating:signed_2": null, "motor_vehicle_2": null, "name:etymology:wikidata_2": null, "nat_ref_2": null, "oneway_2": "yes", "operator_2": null, "operator:wikidata_2": null, "political_division_2": null, "ref_2": null, "segregated_2": null, "sidewalk_2": null, "smoothness_2": null, "source:maxspeed_2": null, "surface_2": null, "toll_2": null, "tunnel_2": null, "turn:lanes_2": null, "was:name_2": null, "width_2": null }, "geometry": { "type": "MultiPolygon", "coordinates": [ [ [ [ 2.473069608519286, 48.9071737629897 ], [ 2.472831268419446, 48.907287923630633 ], [ 2.472717134536174, 48.90824030188908 ], [ 2.47316937167068, 48.908698566085221 ], [ 2.473185493125701, 48.90869649088301 ], [ 2.473244184349939, 48.907153037591115 ], [ 2.473069608519286, 48.9071737629897 ] ] ] ] } },
{ "type": "Feature", "properties": { "osm_id": "1038296548", "name": "Rue Aretha Franklin", "highway": "residential", "waterway": null, "aerialway": null, "barrier": null, "man_made": null, "railway": null, "z_order": 3, "other_tags": "\"lane_markings\"=>\"no\",\"surface\"=>\"asphalt\"", "access": null, "bicycle": null, "boundary": null, "bridge": null, "cycleway": null, "cycleway:right": null, "destination": null, "destination:colour": null, "destination:ref": null, "destination:ref:to": null, "destination:symbol:to": null, "destination:to": null, "foot": null, "footway": null, "horse": null, "int_ref": null, "junction:ref": null, "lane_markings": "no", "lanes": null, "layer": null, "lit": null, "maxspeed": null, "maxweight:signed": null, "maxweightrating:signed": null, "motor_vehicle": null, "name:etymology:wikidata": null, "nat_ref": null, "oneway": null, "operator": null, "operator:wikidata": null, "political_division": null, "ref": null, "segregated": null, "sidewalk": null, "smoothness": null, "source:maxspeed": null, "surface": "asphalt", "toll": null, "tunnel": null, "turn:lanes": null, "was:name": null, "width": null, "osm_id_2": "1548606047", "name_2": "Rue Nadia Murad", "highway_2": "residential", "waterway_2": null, "aerialway_2": null, "barrier_2": null, "man_made_2": null, "railway_2": null, "z_order_2": 3, "other_tags_2": "\"surface\"=>\"paving_stones\"", "access_2": null, "bicycle_2": null, "boundary_2": null, "bridge_2": null, "cycleway_2": null, "cycleway:right_2": null, "destination_2": null, "destination:colour_2": null, "destination:ref_2": null, "destination:ref:to_2": null, "destination:symbol:to_2": null, "destination:to_2": null, "foot_2": null, "footway_2": null, "horse_2": null, "int_ref_2": null, "junction:ref_2": null, "lane_markings_2": null, "lanes_2": null, "layer_2": null, "lit_2": null, "maxspeed_2": null, "maxweight:signed_2": null, "maxweightrating:signed_2": null, "motor_vehicle_2": null, "name:etymology:wikidata_2": null, "nat_ref_2": null, "oneway_2": null, "operator_2": null, "operator:wikidata_2": null, "political_division_2": null, "ref_2": null, "segregated_2": null, "sidewalk_2": null, "smoothness_2": null, "source:maxspeed_2": null, "surface_2": "paving_stones", "toll_2": null, "tunnel_2": null, "turn:lanes_2": null, "was:name_2": null, "width_2": null }, "geometry": { "type": "MultiPolygon", "coordinates": [ [ [ [ 2.474865872274949, 48.907203120104278 ], [ 2.475179649826882, 48.907901505049971 ], [ 2.476958615442386, 48.90799589901556 ], [ 2.477074227940586, 48.907305006269041 ], [ 2.474865872274949, 48.907203120104278 ] ] ] ] } },
{ "type": "Feature", "properties": { "osm_id": "30115136", "name": null, "highway": "unclassified", "waterway": null, "aerialway": null, "barrier": null, "man_made": null, "railway": null, "z_order": 3, "other_tags": "\"oneway\"=>\"yes\"", "access": null, "bicycle": null, "boundary": null, "bridge": null, "cycleway": null, "cycleway:right": null, "destination": null, "destination:colour": null, "destination:ref": null, "destination:ref:to": null, "destination:symbol:to": null, "destination:to": null, "foot": null, "footway": null, "horse": null, "int_ref": null, "junction:ref": null, "lane_markings": null, "lanes": null, "layer": null, "lit": null, "maxspeed": null, "maxweight:signed": null, "maxweightrating:signed": null, "motor_vehicle": null, "name:etymology:wikidata": null, "nat_ref": null, "oneway": "yes", "operator": null, "operator:wikidata": null, "political_division": null, "ref": null, "segregated": null, "sidewalk": null, "smoothness": null, "source:maxspeed": null, "surface": null, "toll": null, "tunnel": null, "turn:lanes": null, "was:name": null, "width": null, "osm_id_2": "30091651", "name_2": null, "highway_2": "unclassified", "waterway_2": null, "aerialway_2": null, "barrier_2": null, "man_made_2": null, "railway_2": null, "z_order_2": 3, "other_tags_2": "\"oneway\"=>\"yes\"", "access_2": null, "bicycle_2": null, "boundary_2": null, "bridge_2": null, "cycleway_2": null, "cycleway:right_2": null, "destination_2": null, "destination:colour_2": null, "destination:ref_2": null, "destination:ref:to_2": null, "destination:symbol:to_2": null, "destination:to_2": null, "foot_2": null, "footway_2": null, "horse_2": null, "int_ref_2": null, "junction:ref_2": null, "lane_markings_2": null, "lanes_2": null, "layer_2": null, "lit_2": null, "maxspeed_2": null, "maxweight:signed_2": null, "maxweightrating:signed_2": null, "motor_vehicle_2": null, "name:etymology:wikidata_2": null, "nat_ref_2": null, "oneway_2": "yes", "operator_2": null, "operator:wikidata_2": null, "political_division_2": null, "ref_2": null, "segregated_2": null, "sidewalk_2": null, "smoothness_2": null, "source:maxspeed_2": null, "surface_2": null, "toll_2": null, "tunnel_2": null, "turn:lanes_2": null, "was:name_2": null, "width_2": null }, "geometry": { "type": "MultiPolygon", "coordinates": [ [ [ [ 2.472774648023534, 48.907315043637432 ], [ 2.472541046209607, 48.907543936861458 ], [ 2.47239378957498, 48.907835959804103 ], [ 2.472356321402157, 48.908104702976935 ], [ 2.472717134536174, 48.90824030188908 ], [ 2.472831268419446, 48.907287923630633 ], [ 2.472774648023534, 48.907315043637432 ] ] ] ] } },
{ "type": "Feature", "properties": { "osm_id": "30115126", "name": "Chemin de Groslay", "highway": "tertiary", "waterway": null, "aerialway": null, "barrier": null, "man_made": null, "railway": null, "z_order": 4, "other_tags": null, "access": null, "bicycle": null, "boundary": null, "bridge": null, "cycleway": null, "cycleway:right": null, "destination": null, "destination:colour": null, "destination:ref": null, "destination:ref:to": null, "destination:symbol:to": null, "destination:to": null, "foot": null, "footway": null, "horse": null, "int_ref": null, "junction:ref": null, "lane_markings": null, "lanes": null, "layer": null, "lit": null, "maxspeed": null, "maxweight:signed": null, "maxweightrating:signed": null, "motor_vehicle": null, "name:etymology:wikidata": null, "nat_ref": null, "oneway": null, "operator": null, "operator:wikidata": null, "political_division": null, "ref": null, "segregated": null, "sidewalk": null, "smoothness": null, "source:maxspeed": null, "surface": null, "toll": null, "tunnel": null, "turn:lanes": null, "was:name": null, "width": null, "osm_id_2": "338884090", "name_2": "Chemin de Groslay", "highway_2": "tertiary", "waterway_2": null, "aerialway_2": null, "barrier_2": null, "man_made_2": null, "railway_2": null, "z_order_2": 4, "other_tags_2": null, "access_2": null, "bicycle_2": null, "boundary_2": null, "bridge_2": null, "cycleway_2": null, "cycleway:right_2": null, "destination_2": null, "destination:colour_2": null, "destination:ref_2": null, "destination:ref:to_2": null, "destination:symbol:to_2": null, "destination:to_2": null, "foot_2": null, "footway_2": null, "horse_2": null, "int_ref_2": null, "junction:ref_2": null, "lane_markings_2": null, "lanes_2": null, "layer_2": null, "lit_2": null, "maxspeed_2": null, "maxweight:signed_2": null, "maxweightrating:signed_2": null, "motor_vehicle_2": null, "name:etymology:wikidata_2": null, "nat_ref_2": null, "oneway_2": null, "operator_2": null, "operator:wikidata_2": null, "political_division_2": null, "ref_2": null, "segregated_2": null, "sidewalk_2": null, "smoothness_2": null, "source:maxspeed_2": null, "surface_2": null, "toll_2": null, "tunnel_2": null, "turn:lanes_2": null, "was:name_2": null, "width_2": null }, "geometry": { "type": "MultiPolygon", "coordinates": [ [ [ [ 2.473272288161363, 48.909625609559569 ], [ 2.474096439905328, 48.909335114917447 ], [ 2.474092872831419, 48.909253871894201 ], [ 2.473802324088537, 48.908789199089256 ], [ 2.473711979737877, 48.908763270515678 ], [ 2.473185493125701, 48.90869649088301 ], [ 2.47316937167068, 48.908698566085221 ], [ 2.47264643999306, 48.908856046640174 ], [ 2.473272288161363, 48.909625609559569 ] ] ] ] } },
{ "type": "Feature", "properties": { "osm_id": "25415571", "name": "Avenue Jean-Baptiste Devillers", "highway": "residential", "waterway": null, "aerialway": null, "barrier": null, "man_made": null, "railway": null, "z_order": 3, "other_tags": "\"oneway\"=>\"yes\",\"surface\"=>\"asphalt\",\"was:name\"=>\"Chemin Latéral\"", "access": null, "bicycle": null, "boundary": null, "bridge": null, "cycleway": null, "cycleway:right": null, "destination": null, "destination:colour": null, "destination:ref": null, "destination:ref:to": null, "destination:symbol:to": null, "destination:to": null, "foot": null, "footway": null, "horse": null, "int_ref": null, "junction:ref": null, "lane_markings": null, "lanes": null, "layer": null, "lit": null, "maxspeed": null, "maxweight:signed": null, "maxweightrating:signed": null, "motor_vehicle": null, "name:etymology:wikidata": null, "nat_ref": null, "oneway": "yes", "operator": null, "operator:wikidata": null, "political_division": null, "ref": null, "segregated": null, "sidewalk": null, "smoothness": null, "source:maxspeed": null, "surface": "asphalt", "toll": null, "tunnel": null, "turn:lanes": null, "was:name": "Chemin Latéral", "width": null, "osm_id_2": "1552280264", "name_2": null, "highway_2": "service", "waterway_2": null, "aerialway_2": null, "barrier_2": null, "man_made_2": null, "railway_2": null, "z_order_2": 0, "other_tags_2": null, "access_2": null, "bicycle_2": null, "boundary_2": null, "bridge_2": null, "cycleway_2": null, "cycleway:right_2": null, "destination_2": null, "destination:colour_2": null, "destination:ref_2": null, "destination:ref:to_2": null, "destination:symbol:to_2": null, "destination:to_2": null, "foot_2": null, "footway_2": null, "horse_2": null, "int_ref_2": null, "junction:ref_2": null, "lane_markings_2": null, "lanes_2": null, "layer_2": null, "lit_2": null, "maxspeed_2": null, "maxweight:signed_2": null, "maxweightrating:signed_2": null, "motor_vehicle_2": null, "name:etymology:wikidata_2": null, "nat_ref_2": null, "oneway_2": null, "operator_2": null, "operator:wikidata_2": null, "political_division_2": null, "ref_2": null, "segregated_2": null, "sidewalk_2": null, "smoothness_2": null, "source:maxspeed_2": null, "surface_2": null, "toll_2": null, "tunnel_2": null, "turn:lanes_2": null, "was:name_2": null, "width_2": null }, "geometry": { "type": "MultiPolygon", "coordinates": [ [ [ [ 2.473896312948042, 48.907158374381204 ], [ 2.473711979737877, 48.908763270515678 ], [ 2.473802324088537, 48.908789199089256 ], [ 2.474908907926359, 48.908287700474744 ], [ 2.475053876412565, 48.908215036813637 ], [ 2.475150065398272, 48.908157543297193 ], [ 2.475179649826882, 48.907901505049971 ], [ 2.474865872274949, 48.907203120104278 ], [ 2.473896312948042, 48.907158374381204 ] ] ] ] } },
{ "type": "Feature", "properties": { "osm_id": "25415571", "name": "Avenue Jean-Baptiste Devillers", "highway": "residential", "waterway": null, "aerialway": null, "barrier": null, "man_made": null, "railway": null, "z_order": 3, "other_tags": "\"oneway\"=>\"yes\",\"surface\"=>\"asphalt\",\"was:name\"=>\"Chemin Latéral\"", "access": null, "bicycle": null, "boundary": null, "bridge": null, "cycleway": null, "cycleway:right": null, "destination": null, "destination:colour": null, "destination:ref": null, "destination:ref:to": null, "destination:symbol:to": null, "destination:to": null, "foot": null, "footway": null, "horse": null, "int_ref": null, "junction:ref": null, "lane_markings": null, "lanes": null, "layer": null, "lit": null, "maxspeed": null, "maxweight:signed": null, "maxweightrating:signed": null, "motor_vehicle": null, "name:etymology:wikidata": null, "nat_ref": null, "oneway": "yes", "operator": null, "operator:wikidata": null, "political_division": null, "ref": null, "segregated": null, "sidewalk": null, "smoothness": null, "source:maxspeed": null, "surface": "asphalt", "toll": null, "tunnel": null, "turn:lanes": null, "was:name": "Chemin Latéral", "width": null, "osm_id_2": "30091649", "name_2": null, "highway_2": "residential", "waterway_2": null, "aerialway_2": null, "barrier_2": null, "man_made_2": null, "railway_2": null, "z_order_2": -17, "other_tags_2": "\"layer\"=>\"-1\",\"oneway\"=>\"yes\",\"tunnel\"=>\"yes\"", "access_2": null, "bicycle_2": null, "boundary_2": null, "bridge_2": null, "cycleway_2": null, "cycleway:right_2": null, "destination_2": null, "destination:colour_2": null, "destination:ref_2": null, "destination:ref:to_2": null, "destination:symbol:to_2": null, "destination:to_2": null, "foot_2": null, "footway_2": null, "horse_2": null, "int_ref_2": null, "junction:ref_2": null, "lane_markings_2": null, "lanes_2": null, "layer_2": "-1", "lit_2": null, "maxspeed_2": null, "maxweight:signed_2": null, "maxweightrating:signed_2": null, "motor_vehicle_2": null, "name:etymology:wikidata_2": null, "nat_ref_2": null, "oneway_2": "yes", "operator_2": null, "operator:wikidata_2": null, "political_division_2": null, "ref_2": null, "segregated_2": null, "sidewalk_2": null, "smoothness_2": null, "source:maxspeed_2": null, "surface_2": null, "toll_2": null, "tunnel_2": "yes", "turn:lanes_2": null, "was:name_2": null, "width_2": null }, "geometry": { "type": "MultiPolygon", "coordinates": [ [ [ [ 2.473394378157247, 48.907135206566998 ], [ 2.473244184349939, 48.907153037591115 ], [ 2.473185493125701, 48.90869649088301 ], [ 2.473711979737877, 48.908763270515678 ], [ 2.473896312948042, 48.907158374381204 ], [ 2.473394378157247, 48.907135206566998 ] ] ] ] } },
{ "type": "Feature", "properties": { "osm_id": "32468355", "name": "Rue Jean-Jacques Rousseau", "highway": "residential", "waterway": null, "aerialway": null, "barrier": null, "man_made": null, "railway": null, "z_order": 3, "other_tags": "\"oneway\"=>\"yes\"", "access": null, "bicycle": null, "boundary": null, "bridge": null, "cycleway": null, "cycleway:right": null, "destination": null, "destination:colour": null, "destination:ref": null, "destination:ref:to": null, "destination:symbol:to": null, "destination:to": null, "foot": null, "footway": null, "horse": null, "int_ref": null, "junction:ref": null, "lane_markings": null, "lanes": null, "layer": null, "lit": null, "maxspeed": null, "maxweight:signed": null, "maxweightrating:signed": null, "motor_vehicle": null, "name:etymology:wikidata": null, "nat_ref": null, "oneway": "yes", "operator": null, "operator:wikidata": null, "political_division": null, "ref": null, "segregated": null, "sidewalk": null, "smoothness": null, "source:maxspeed": null, "surface": null, "toll": null, "tunnel": null, "turn:lanes": null, "was:name": null, "width": null, "osm_id_2": "248813240", "name_2": "Chemin de Groslay", "highway_2": "tertiary", "waterway_2": null, "aerialway_2": null, "barrier_2": null, "man_made_2": null, "railway_2": null, "z_order_2": 4, "other_tags_2": null, "access_2": null, "bicycle_2": null, "boundary_2": null, "bridge_2": null, "cycleway_2": null, "cycleway:right_2": null, "destination_2": null, "destination:colour_2": null, "destination:ref_2": null, "destination:ref:to_2": null, "destination:symbol:to_2": null, "destination:to_2": null, "foot_2": null, "footway_2": null, "horse_2": null, "int_ref_2": null, "junction:ref_2": null, "lane_markings_2": null, "lanes_2": null, "layer_2": null, "lit_2": null, "maxspeed_2": null, "maxweight:signed_2": null, "maxweightrating:signed_2": null, "motor_vehicle_2": null, "name:etymology:wikidata_2": null, "nat_ref_2": null, "oneway_2": null, "operator_2": null, "operator:wikidata_2": null, "political_division_2": null, "ref_2": null, "segregated_2": null, "sidewalk_2": null, "smoothness_2": null, "source:maxspeed_2": null, "surface_2": null, "toll_2": null, "tunnel_2": null, "turn:lanes_2": null, "was:name_2": null, "width_2": null }, "geometry": { "type": "MultiPolygon", "coordinates": [ [ [ [ 2.474399874086486, 48.91101205678455 ], [ 2.47472553474715, 48.910921426890738 ], [ 2.474737393331405, 48.910800632736887 ], [ 2.474664614482706, 48.910693141668176 ], [ 2.474232404053538, 48.910806146017585 ], [ 2.474399874086486, 48.91101205678455 ] ] ] ] } },
{ "type": "Feature", "properties": { "osm_id": "108634398", "name": "Rue Jean-Jacques Rousseau", "highway": "residential", "waterway": null, "aerialway": null, "barrier": null, "man_made": null, "railway": null, "z_order": 3, "other_tags": "\"oneway\"=>\"yes\"", "access": null, "bicycle": null, "boundary": null, "bridge": null, "cycleway": null, "cycleway:right": null, "destination": null, "destination:colour": null, "destination:ref": null, "destination:ref:to": null, "destination:symbol:to": null, "destination:to": null, "foot": null, "footway": null, "horse": null, "int_ref": null, "junction:ref": null, "lane_markings": null, "lanes": null, "layer": null, "lit": null, "maxspeed": null, "maxweight:signed": null, "maxweightrating:signed": null, "motor_vehicle": null, "name:etymology:wikidata": null, "nat_ref": null, "oneway": "yes", "operator": null, "operator:wikidata": null, "political_division": null, "ref": null, "segregated": null, "sidewalk": null, "smoothness": null, "source:maxspeed": null, "surface": null, "toll": null, "tunnel": null, "turn:lanes": null, "was:name": null, "width": null, "osm_id_2": "195026404", "name_2": "Chemin de Groslay", "highway_2": "tertiary", "waterway_2": null, "aerialway_2": null, "barrier_2": null, "man_made_2": null, "railway_2": null, "z_order_2": 4, "other_tags_2": "\"lane_markings\"=>\"no\",\"surface\"=>\"asphalt\",\"width\"=>\"10\"", "access_2": null, "bicycle_2": null, "boundary_2": null, "bridge_2": null, "cycleway_2": null, "cycleway:right_2": null, "destination_2": null, "destination:colour_2": null, "destination:ref_2": null, "destination:ref:to_2": null, "destination:symbol:to_2": null, "destination:to_2": null, "foot_2": null, "footway_2": null, "horse_2": null, "int_ref_2": null, "junction:ref_2": null, "lane_markings_2": "no", "lanes_2": null, "layer_2": null, "lit_2": null, "maxspeed_2": null, "maxweight:signed_2": null, "maxweightrating:signed_2": null, "motor_vehicle_2": null, "name:etymology:wikidata_2": null, "nat_ref_2": null, "oneway_2": null, "operator_2": null, "operator:wikidata_2": null, "political_division_2": null, "ref_2": null, "segregated_2": null, "sidewalk_2": null, "smoothness_2": null, "source:maxspeed_2": null, "surface_2": "asphalt", "toll_2": null, "tunnel_2": null, "turn:lanes_2": null, "was:name_2": null, "width_2": "10" }, "geometry": { "type": "MultiPolygon", "coordinates": [ [ [ [ 2.4746585127266, 48.91133005899998 ], [ 2.474914572269281, 48.911553414988639 ], [ 2.475230640110744, 48.911678136705518 ], [ 2.475563481537077, 48.911689592401309 ], [ 2.475509116331276, 48.911497501406714 ], [ 2.474778840642094, 48.91105901580702 ], [ 2.474494941285268, 48.91112894465217 ], [ 2.4746585127266, 48.91133005899998 ] ] ] ] } },
{ "type": "Feature", "properties": { "osm_id": "859161716", "name": "Rue de Bruxelles", "highway": "residential", "waterway": null, "aerialway": null, "barrier": null, "man_made": null, "railway": null, "z_order": 3, "other_tags": null, "access": null, "bicycle": null, "boundary": null, "bridge": null, "cycleway": null, "cycleway:right": null, "destination": null, "destination:colour": null, "destination:ref": null, "destination:ref:to": null, "destination:symbol:to": null, "destination:to": null, "foot": null, "footway": null, "horse": null, "int_ref": null, "junction:ref": null, "lane_markings": null, "lanes": null, "layer": null, "lit": null, "maxspeed": null, "maxweight:signed": null, "maxweightrating:signed": null, "motor_vehicle": null, "name:etymology:wikidata": null, "nat_ref": null, "oneway": null, "operator": null, "operator:wikidata": null, "political_division": null, "ref": null, "segregated": null, "sidewalk": null, "smoothness": null, "source:maxspeed": null, "surface": null, "toll": null, "tunnel": null, "turn:lanes": null, "was:name": null, "width": null, "osm_id_2": "338884090", "name_2": "Chemin de Groslay", "highway_2": "tertiary", "waterway_2": null, "aerialway_2": null, "barrier_2": null, "man_made_2": null, "railway_2": null, "z_order_2": 4, "other_tags_2": null, "access_2": null, "bicycle_2": null, "boundary_2": null, "bridge_2": null, "cycleway_2": null, "cycleway:right_2": null, "destination_2": null, "destination:colour_2": null, "destination:ref_2": null, "destination:ref:to_2": null, "destination:symbol:to_2": null, "destination:to_2": null, "foot_2": null, "footway_2": null, "horse_2": null, "int_ref_2": null, "junction:ref_2": null, "lane_markings_2": null, "lanes_2": null, "layer_2": null, "lit_2": null, "maxspeed_2": null, "maxweight:signed_2": null, "maxweightrating:signed_2": null, "motor_vehicle_2": null, "name:etymology:wikidata_2": null, "nat_ref_2": null, "oneway_2": null, "operator_2": null, "operator:wikidata_2": null, "political_division_2": null, "ref_2": null, "segregated_2": null, "sidewalk_2": null, "smoothness_2": null, "source:maxspeed_2": null, "surface_2": null, "toll_2": null, "tunnel_2": null, "turn:lanes_2": null, "was:name_2": null, "width_2": null }, "geometry": { "type": "MultiPolygon", "coordinates": [ [ [ [ 2.473746972388979, 48.91020927836901 ], [ 2.474502994952272, 48.909915435393259 ], [ 2.474349067460126, 48.909622053424229 ], [ 2.474096439905328, 48.909335114917447 ], [ 2.473272288161363, 48.909625609559569 ], [ 2.473746972388979, 48.91020927836901 ] ] ] ] } },
{ "type": "Feature", "properties": { "osm_id": "134577038", "name": null, "highway": "residential", "waterway": null, "aerialway": null, "barrier": null, "man_made": null, "railway": null, "z_order": 3, "other_tags": null, "access": null, "bicycle": null, "boundary": null, "bridge": null, "cycleway": null, "cycleway:right": null, "destination": null, "destination:colour": null, "destination:ref": null, "destination:ref:to": null, "destination:symbol:to": null, "destination:to": null, "foot": null, "footway": null, "horse": null, "int_ref": null, "junction:ref": null, "lane_markings": null, "lanes": null, "layer": null, "lit": null, "maxspeed": null, "maxweight:signed": null, "maxweightrating:signed": null, "motor_vehicle": null, "name:etymology:wikidata": null, "nat_ref": null, "oneway": null, "operator": null, "operator:wikidata": null, "political_division": null, "ref": null, "segregated": null, "sidewalk": null, "smoothness": null, "source:maxspeed": null, "surface": null, "toll": null, "tunnel": null, "turn:lanes": null, "was:name": null, "width": null, "osm_id_2": "134577039", "name_2": null, "highway_2": "residential", "waterway_2": null, "aerialway_2": null, "barrier_2": null, "man_made_2": null, "railway_2": null, "z_order_2": 3, "other_tags_2": "\"surface\"=>\"asphalt\"", "access_2": null, "bicycle_2": null, "boundary_2": null, "bridge_2": null, "cycleway_2": null, "cycleway:right_2": null, "destination_2": null, "destination:colour_2": null, "destination:ref_2": null, "destination:ref:to_2": null, "destination:symbol:to_2": null, "destination:to_2": null, "foot_2": null, "footway_2": null, "horse_2": null, "int_ref_2": null, "junction:ref_2": null, "lane_markings_2": null, "lanes_2": null, "layer_2": null, "lit_2": null, "maxspeed_2": null, "maxweight:signed_2": null, "maxweightrating:signed_2": null, "motor_vehicle_2": null, "name:etymology:wikidata_2": null, "nat_ref_2": null, "oneway_2": null, "operator_2": null, "operator:wikidata_2": null, "political_division_2": null, "ref_2": null, "segregated_2": null, "sidewalk_2": null, "smoothness_2": null, "source:maxspeed_2": null, "surface_2": "asphalt", "toll_2": null, "tunnel_2": null, "turn:lanes_2": null, "was:name_2": null, "width_2": null }, "geometry": { "type": "MultiPolygon", "coordinates": [ [ [ [ 2.474096439905328, 48.909335114917447 ], [ 2.474349067460126, 48.909622053424229 ], [ 2.475423689538728, 48.909262266358311 ], [ 2.475432659179905, 48.909148091507234 ], [ 2.474961261535984, 48.909098426661465 ], [ 2.474823850589388, 48.909111871354725 ], [ 2.474092872831419, 48.909253871894201 ], [ 2.474096439905328, 48.909335114917447 ] ] ] ] } },
{ "type": "Feature", "properties": { "osm_id": "25415621", "name": "Rue François Martin", "highway": "residential", "waterway": null, "aerialway": null, "barrier": null, "man_made": null, "railway": null, "z_order": 3, "other_tags": "\"lit\"=>\"yes\",\"surface\"=>\"asphalt\"", "access": null, "bicycle": null, "boundary": null, "bridge": null, "cycleway": null, "cycleway:right": null, "destination": null, "destination:colour": null, "destination:ref": null, "destination:ref:to": null, "destination:symbol:to": null, "destination:to": null, "foot": null, "footway": null, "horse": null, "int_ref": null, "junction:ref": null, "lane_markings": null, "lanes": null, "layer": null, "lit": "yes", "maxspeed": null, "maxweight:signed": null, "maxweightrating:signed": null, "motor_vehicle": null, "name:etymology:wikidata": null, "nat_ref": null, "oneway": null, "operator": null, "operator:wikidata": null, "political_division": null, "ref": null, "segregated": null, "sidewalk": null, "smoothness": null, "source:maxspeed": null, "surface": "asphalt", "toll": null, "tunnel": null, "turn:lanes": null, "was:name": null, "width": null, "osm_id_2": "134577039", "name_2": null, "highway_2": "residential", "waterway_2": null, "aerialway_2": null, "barrier_2": null, "man_made_2": null, "railway_2": null, "z_order_2": 3, "other_tags_2": "\"surface\"=>\"asphalt\"", "access_2": null, "bicycle_2": null, "boundary_2": null, "bridge_2": null, "cycleway_2": null, "cycleway:right_2": null, "destination_2": null, "destination:colour_2": null, "destination:ref_2": null, "destination:ref:to_2": null, "destination:symbol:to_2": null, "destination:to_2": null, "foot_2": null, "footway_2": null, "horse_2": null, "int_ref_2": null, "junction:ref_2": null, "lane_markings_2": null, "lanes_2": null, "layer_2": null, "lit_2": null, "maxspeed_2": null, "maxweight:signed_2": null, "maxweightrating:signed_2": null, "motor_vehicle_2": null, "name:etymology:wikidata_2": null, "nat_ref_2": null, "oneway_2": null, "operator_2": null, "operator:wikidata_2": null, "political_division_2": null, "ref_2": null, "segregated_2": null, "sidewalk_2": null, "smoothness_2": null, "source:maxspeed_2": null, "surface_2": "asphalt", "toll_2": null, "tunnel_2": null, "turn:lanes_2": null, "was:name_2": null, "width_2": null }, "geometry": { "type": "MultiPolygon", "coordinates": [ [ [ [ 2.474092872831419, 48.909253871894201 ], [ 2.474823850589388, 48.909111871354725 ], [ 2.474908907926359, 48.908287700474744 ], [ 2.473802324088537, 48.908789199089256 ], [ 2.474092872831419, 48.909253871894201 ] ] ] ] } },
{ "type": "Feature", "properties": { "osm_id": "338884090", "name": "Chemin de Groslay", "highway": "tertiary", "waterway": null, "aerialway": null, "barrier": null, "man_made": null, "railway": null, "z_order": 4, "other_tags": null, "access": null, "bicycle": null, "boundary": null, "bridge": null, "cycleway": null, "cycleway:right": null, "destination": null, "destination:colour": null, "destination:ref": null, "destination:ref:to": null, "destination:symbol:to": null, "destination:to": null, "foot": null, "footway": null, "horse": null, "int_ref": null, "junction:ref": null, "lane_markings": null, "lanes": null, "layer": null, "lit": null, "maxspeed": null, "maxweight:signed": null, "maxweightrating:signed": null, "motor_vehicle": null, "name:etymology:wikidata": null, "nat_ref": null, "oneway": null, "operator": null, "operator:wikidata": null, "political_division": null, "ref": null, "segregated": null, "sidewalk": null, "smoothness": null, "source:maxspeed": null, "surface": null, "toll": null, "tunnel": null, "turn:lanes": null, "was:name": null, "width": null, "osm_id_2": "338884090", "name_2": "Chemin de Groslay", "highway_2": "tertiary", "waterway_2": null, "aerialway_2": null, "barrier_2": null, "man_made_2": null, "railway_2": null, "z_order_2": 4, "other_tags_2": null, "access_2": null, "bicycle_2": null, "boundary_2": null, "bridge_2": null, "cycleway_2": null, "cycleway:right_2": null, "destination_2": null, "destination:colour_2": null, "destination:ref_2": null, "destination:ref:to_2": null, "destination:symbol:to_2": null, "destination:to_2": null, "foot_2": null, "footway_2": null, "horse_2": null, "int_ref_2": null, "junction:ref_2": null, "lane_markings_2": null, "lanes_2": null, "layer_2": null, "lit_2": null, "maxspeed_2": null, "maxweight:signed_2": null, "maxweightrating:signed_2": null, "motor_vehicle_2": null, "name:etymology:wikidata_2": null, "nat_ref_2": null, "oneway_2": null, "operator_2": null, "operator:wikidata_2": null, "political_division_2": null, "ref_2": null, "segregated_2": null, "sidewalk_2": null, "smoothness_2": null, "source:maxspeed_2": null, "surface_2": null, "toll_2": null, "tunnel_2": null, "turn:lanes_2": null, "was:name_2": null, "width_2": null }, "geometry": { "type": "MultiPolygon", "coordinates": [ [ [ [ 2.474060497381437, 48.91059477821355 ], [ 2.474846083336715, 48.910339422029658 ], [ 2.47484662488126, 48.91033872976287 ], [ 2.474883123640378, 48.910068085493428 ], [ 2.474502994952272, 48.909915435393259 ], [ 2.473746972388979, 48.91020927836901 ], [ 2.474060497381437, 48.91059477821355 ] ] ] ] } },
{ "type": "Feature", "properties": { "osm_id": "108634383", "name": "Rue Jean-Jacques Rousseau", "highway": "residential", "waterway": null, "aerialway": null, "barrier": null, "man_made": null, "railway": null, "z_order": 3, "other_tags": "\"oneway\"=>\"yes\"", "access": null, "bicycle": null, "boundary": null, "bridge": null, "cycleway": null, "cycleway:right": null, "destination": null, "destination:colour": null, "destination:ref": null, "destination:ref:to": null, "destination:symbol:to": null, "destination:to": null, "foot": null, "footway": null, "horse": null, "int_ref": null, "junction:ref": null, "lane_markings": null, "lanes": null, "layer": null, "lit": null, "maxspeed": null, "maxweight:signed": null, "maxweightrating:signed": null, "motor_vehicle": null, "name:etymology:wikidata": null, "nat_ref": null, "oneway": "yes", "operator": null, "operator:wikidata": null, "political_division": null, "ref": null, "segregated": null, "sidewalk": null, "smoothness": null, "source:maxspeed": null, "surface": null, "toll": null, "tunnel": null, "turn:lanes": null, "was:name": null, "width": null, "osm_id_2": "338884090", "name_2": "Chemin de Groslay", "highway_2": "tertiary", "waterway_2": null, "aerialway_2": null, "barrier_2": null, "man_made_2": null, "railway_2": null, "z_order_2": 4, "other_tags_2": null, "access_2": null, "bicycle_2": null, "boundary_2": null, "bridge_2": null, "cycleway_2": null, "cycleway:right_2": null, "destination_2": null, "destination:colour_2": null, "destination:ref_2": null, "destination:ref:to_2": null, "destination:symbol:to_2": null, "destination:to_2": null, "foot_2": null, "footway_2": null, "horse_2": null, "int_ref_2": null, "junction:ref_2": null, "lane_markings_2": null, "lanes_2": null, "layer_2": null, "lit_2": null, "maxspeed_2": null, "maxweight:signed_2": null, "maxweightrating:signed_2": null, "motor_vehicle_2": null, "name:etymology:wikidata_2": null, "nat_ref_2": null, "oneway_2": null, "operator_2": null, "operator:wikidata_2": null, "political_division_2": null, "ref_2": null, "segregated_2": null, "sidewalk_2": null, "smoothness_2": null, "source:maxspeed_2": null, "surface_2": null, "toll_2": null, "tunnel_2": null, "turn:lanes_2": null, "was:name_2": null, "width_2": null }, "geometry": { "type": "MultiPolygon", "coordinates": [ [ [ [ 2.474232404053538, 48.910806146017585 ], [ 2.474664614482706, 48.910693141668176 ], [ 2.474846083336715, 48.910339422029658 ], [ 2.474060497381437, 48.91059477821355 ], [ 2.474232404053538, 48.910806146017585 ] ] ] ] } },
{ "type": "Feature", "properties": { "osm_id": "108634383", "name": "Rue Jean-Jacques Rousseau", "highway": "residential", "waterway": null, "aerialway": null, "barrier": null, "man_made": null, "railway": null, "z_order": 3, "other_tags": "\"oneway\"=>\"yes\"", "access": null, "bicycle": null, "boundary": null, "bridge": null, "cycleway": null, "cycleway:right": null, "destination": null, "destination:colour": null, "destination:ref": null, "destination:ref:to": null, "destination:symbol:to": null, "destination:to": null, "foot": null, "footway": null, "horse": null, "int_ref": null, "junction:ref": null, "lane_markings": null, "lanes": null, "layer": null, "lit": null, "maxspeed": null, "maxweight:signed": null, "maxweightrating:signed": null, "motor_vehicle": null, "name:etymology:wikidata": null, "nat_ref": null, "oneway": "yes", "operator": null, "operator:wikidata": null, "political_division": null, "ref": null, "segregated": null, "sidewalk": null, "smoothness": null, "source:maxspeed": null, "surface": null, "toll": null, "tunnel": null, "turn:lanes": null, "was:name": null, "width": null, "osm_id_2": "32468355", "name_2": "Rue Jean-Jacques Rousseau", "highway_2": "residential", "waterway_2": null, "aerialway_2": null, "barrier_2": null, "man_made_2": null, "railway_2": null, "z_order_2": 3, "other_tags_2": "\"oneway\"=>\"yes\"", "access_2": null, "bicycle_2": null, "boundary_2": null, "bridge_2": null, "cycleway_2": null, "cycleway:right_2": null, "destination_2": null, "destination:colour_2": null, "destination:ref_2": null, "destination:ref:to_2": null, "destination:symbol:to_2": null, "destination:to_2": null, "foot_2": null, "footway_2": null, "horse_2": null, "int_ref_2": null, "junction:ref_2": null, "lane_markings_2": null, "lanes_2": null, "layer_2": null, "lit_2": null, "maxspeed_2": null, "maxweight:signed_2": null, "maxweightrating:signed_2": null, "motor_vehicle_2": null, "name:etymology:wikidata_2": null, "nat_ref_2": null, "oneway_2": "yes", "operator_2": null, "operator:wikidata_2": null, "political_division_2": null, "ref_2": null, "segregated_2": null, "sidewalk_2": null, "smoothness_2": null, "source:maxspeed_2": null, "surface_2": null, "toll_2": null, "tunnel_2": null, "turn:lanes_2": null, "was:name_2": null, "width_2": null }, "geometry": { "type": "MultiPolygon", "coordinates": [ [ [ [ 2.474664614482706, 48.910693141668176 ], [ 2.474737393331405, 48.910800632736887 ], [ 2.475553853772251, 48.910985319386391 ], [ 2.475585293149016, 48.910920698946256 ], [ 2.47484662488126, 48.91033872976287 ], [ 2.474846083336715, 48.910339422029658 ], [ 2.474664614482706, 48.910693141668176 ] ] ] ] } },
{ "type": "Feature", "properties": { "osm_id": "248813240", "name": "Chemin de Groslay", "highway": "tertiary", "waterway": null, "aerialway": null, "barrier": null, "man_made": null, "railway": null, "z_order": 4, "other_tags": null, "access": null, "bicycle": null, "boundary": null, "bridge": null, "cycleway": null, "cycleway:right": null, "destination": null, "destination:colour": null, "destination:ref": null, "destination:ref:to": null, "destination:symbol:to": null, "destination:to": null, "foot": null, "footway": null, "horse": null, "int_ref": null, "junction:ref": null, "lane_markings": null, "lanes": null, "layer": null, "lit": null, "maxspeed": null, "maxweight:signed": null, "maxweightrating:signed": null, "motor_vehicle": null, "name:etymology:wikidata": null, "nat_ref": null, "oneway": null, "operator": null, "operator:wikidata": null, "political_division": null, "ref": null, "segregated": null, "sidewalk": null, "smoothness": null, "source:maxspeed": null, "surface": null, "toll": null, "tunnel": null, "turn:lanes": null, "was:name": null, "width": null, "osm_id_2": "248836385", "name_2": "Rue Jean-Jacques Rousseau", "highway_2": "residential", "waterway_2": null, "aerialway_2": null, "barrier_2": null, "man_made_2": null, "railway_2": null, "z_order_2": 3, "other_tags_2": "\"oneway\"=>\"yes\"", "access_2": null, "bicycle_2": null, "boundary_2": null, "bridge_2": null, "cycleway_2": null, "cycleway:right_2": null, "destination_2": null, "destination:colour_2": null, "destination:ref_2": null, "destination:ref:to_2": null, "destination:symbol:to_2": null, "destination:to_2": null, "foot_2": null, "footway_2": null, "horse_2": null, "int_ref_2": null, "junction:ref_2": null, "lane_markings_2": null, "lanes_2": null, "layer_2": null, "lit_2": null, "maxspeed_2": null, "maxweight:signed_2": null, "maxweightrating:signed_2": null, "motor_vehicle_2": null, "name:etymology:wikidata_2": null, "nat_ref_2": null, "oneway_2": "yes", "operator_2": null, "operator:wikidata_2": null, "political_division_2": null, "ref_2": null, "segregated_2": null, "sidewalk_2": null, "smoothness_2": null, "source:maxspeed_2": null, "surface_2": null, "toll_2": null, "tunnel_2": null, "turn:lanes_2": null, "was:name_2": null, "width_2": null }, "geometry": { "type": "MultiPolygon", "coordinates": [ [ [ [ 2.474494941285268, 48.91112894465217 ], [ 2.474778840642094, 48.91105901580702 ], [ 2.47472553474715, 48.910921426890738 ], [ 2.474399874086486, 48.91101205678455 ], [ 2.474494941285268, 48.91112894465217 ] ] ] ] } },
{ "type": "Feature", "properties": { "osm_id": "108634398", "name": "Rue Jean-Jacques Rousseau", "highway": "residential", "waterway": null, "aerialway": null, "barrier": null, "man_made": null, "railway": null, "z_order": 3, "other_tags": "\"oneway\"=>\"yes\"", "access": null, "bicycle": null, "boundary": null, "bridge": null, "cycleway": null, "cycleway:right": null, "destination": null, "destination:colour": null, "destination:ref": null, "destination:ref:to": null, "destination:symbol:to": null, "destination:to": null, "foot": null, "footway": null, "horse": null, "int_ref": null, "junction:ref": null, "lane_markings": null, "lanes": null, "layer": null, "lit": null, "maxspeed": null, "maxweight:signed": null, "maxweightrating:signed": null, "motor_vehicle": null, "name:etymology:wikidata": null, "nat_ref": null, "oneway": "yes", "operator": null, "operator:wikidata": null, "political_division": null, "ref": null, "segregated": null, "sidewalk": null, "smoothness": null, "source:maxspeed": null, "surface": null, "toll": null, "tunnel": null, "turn:lanes": null, "was:name": null, "width": null, "osm_id_2": "248836385", "name_2": "Rue Jean-Jacques Rousseau", "highway_2": "residential", "waterway_2": null, "aerialway_2": null, "barrier_2": null, "man_made_2": null, "railway_2": null, "z_order_2": 3, "other_tags_2": "\"oneway\"=>\"yes\"", "access_2": null, "bicycle_2": null, "boundary_2": null, "bridge_2": null, "cycleway_2": null, "cycleway:right_2": null, "destination_2": null, "destination:colour_2": null, "destination:ref_2": null, "destination:ref:to_2": null, "destination:symbol:to_2": null, "destination:to_2": null, "foot_2": null, "footway_2": null, "horse_2": null, "int_ref_2": null, "junction:ref_2": null, "lane_markings_2": null, "lanes_2": null, "layer_2": null, "lit_2": null, "maxspeed_2": null, "maxweight:signed_2": null, "maxweightrating:signed_2": null, "motor_vehicle_2": null, "name:etymology:wikidata_2": null, "nat_ref_2": null, "oneway_2": "yes", "operator_2": null, "operator:wikidata_2": null, "political_division_2": null, "ref_2": null, "segregated_2": null, "sidewalk_2": null, "smoothness_2": null, "source:maxspeed_2": null, "surface_2": null, "toll_2": null, "tunnel_2": null, "turn:lanes_2": null, "was:name_2": null, "width_2": null }, "geometry": { "type": "MultiPolygon", "coordinates": [ [ [ [ 2.475553853772251, 48.910985319386391 ], [ 2.474737393331405, 48.910800632736887 ], [ 2.47472553474715, 48.910921426890738 ], [ 2.474778840642094, 48.91105901580702 ], [ 2.475509116331276, 48.911497501406714 ], [ 2.475553853772251, 48.910985319386391 ] ] ] ] } },
{ "type": "Feature", "properties": { "osm_id": "1254352467", "name": "Rue Stéphane Hessel", "highway": "service", "waterway": null, "aerialway": null, "barrier": null, "man_made": null, "railway": null, "z_order": 0, "other_tags": "\"access\"=>\"private\"", "access": "private", "bicycle": null, "boundary": null, "bridge": null, "cycleway": null, "cycleway:right": null, "destination": null, "destination:colour": null, "destination:ref": null, "destination:ref:to": null, "destination:symbol:to": null, "destination:to": null, "foot": null, "footway": null, "horse": null, "int_ref": null, "junction:ref": null, "lane_markings": null, "lanes": null, "layer": null, "lit": null, "maxspeed": null, "maxweight:signed": null, "maxweightrating:signed": null, "motor_vehicle": null, "name:etymology:wikidata": null, "nat_ref": null, "oneway": null, "operator": null, "operator:wikidata": null, "political_division": null, "ref": null, "segregated": null, "sidewalk": null, "smoothness": null, "source:maxspeed": null, "surface": null, "toll": null, "tunnel": null, "turn:lanes": null, "was:name": null, "width": null, "osm_id_2": "1254352467", "name_2": "Rue Stéphane Hessel", "highway_2": "service", "waterway_2": null, "aerialway_2": null, "barrier_2": null, "man_made_2": null, "railway_2": null, "z_order_2": 0, "other_tags_2": "\"access\"=>\"private\"", "access_2": "private", "bicycle_2": null, "boundary_2": null, "bridge_2": null, "cycleway_2": null, "cycleway:right_2": null, "destination_2": null, "destination:colour_2": null, "destination:ref_2": null, "destination:ref:to_2": null, "destination:symbol:to_2": null, "destination:to_2": null, "foot_2": null, "footway_2": null, "horse_2": null, "int_ref_2": null, "junction:ref_2": null, "lane_markings_2": null, "lanes_2": null, "layer_2": null, "lit_2": null, "maxspeed_2": null, "maxweight:signed_2": null, "maxweightrating:signed_2": null, "motor_vehicle_2": null, "name:etymology:wikidata_2": null, "nat_ref_2": null, "oneway_2": null, "operator_2": null, "operator:wikidata_2": null, "political_division_2": null, "ref_2": null, "segregated_2": null, "sidewalk_2": null, "smoothness_2": null, "source:maxspeed_2": null, "surface_2": null, "toll_2": null, "tunnel_2": null, "turn:lanes_2": null, "was:name_2": null, "width_2": null }, "geometry": { "type": "MultiPolygon", "coordinates": [ [ [ [ 2.475570224832082, 48.911689824481229 ], [ 2.475894119887438, 48.911587128910817 ], [ 2.476413502084466, 48.911318211535139 ], [ 2.476426651223615, 48.911003774747989 ], [ 2.476218796928688, 48.910667814701711 ], [ 2.475912216913118, 48.91069988136416 ], [ 2.475585293149016, 48.910920698946256 ], [ 2.475553853772251, 48.910985319386391 ], [ 2.475509116331276, 48.911497501406714 ], [ 2.475563481537077, 48.911689592401309 ], [ 2.475570224832082, 48.911689824481229 ] ] ] ] } },
{ "type": "Feature", "properties": { "osm_id": "25415621", "name": "Rue François Martin", "highway": "residential", "waterway": null, "aerialway": null, "barrier": null, "man_made": null, "railway": null, "z_order": 3, "other_tags": "\"lit\"=>\"yes\",\"surface\"=>\"asphalt\"", "access": null, "bicycle": null, "boundary": null, "bridge": null, "cycleway": null, "cycleway:right": null, "destination": null, "destination:colour": null, "destination:ref": null, "destination:ref:to": null, "destination:symbol:to": null, "destination:to": null, "foot": null, "footway": null, "horse": null, "int_ref": null, "junction:ref": null, "lane_markings": null, "lanes": null, "layer": null, "lit": "yes", "maxspeed": null, "maxweight:signed": null, "maxweightrating:signed": null, "motor_vehicle": null, "name:etymology:wikidata": null, "nat_ref": null, "oneway": null, "operator": null, "operator:wikidata": null, "political_division": null, "ref": null, "segregated": null, "sidewalk": null, "smoothness": null, "source:maxspeed": null, "surface": "asphalt", "toll": null, "tunnel": null, "turn:lanes": null, "was:name": null, "width": null, "osm_id_2": "25415621", "name_2": "Rue François Martin", "highway_2": "residential", "waterway_2": null, "aerialway_2": null, "barrier_2": null, "man_made_2": null, "railway_2": null, "z_order_2": 3, "other_tags_2": "\"lit\"=>\"yes\",\"surface\"=>\"asphalt\"", "access_2": null, "bicycle_2": null, "boundary_2": null, "bridge_2": null, "cycleway_2": null, "cycleway:right_2": null, "destination_2": null, "destination:colour_2": null, "destination:ref_2": null, "destination:ref:to_2": null, "destination:symbol:to_2": null, "destination:to_2": null, "foot_2": null, "footway_2": null, "horse_2": null, "int_ref_2": null, "junction:ref_2": null, "lane_markings_2": null, "lanes_2": null, "layer_2": null, "lit_2": "yes", "maxspeed_2": null, "maxweight:signed_2": null, "maxweightrating:signed_2": null, "motor_vehicle_2": null, "name:etymology:wikidata_2": null, "nat_ref_2": null, "oneway_2": null, "operator_2": null, "operator:wikidata_2": null, "political_division_2": null, "ref_2": null, "segregated_2": null, "sidewalk_2": null, "smoothness_2": null, "source:maxspeed_2": null, "surface_2": "asphalt", "toll_2": null, "tunnel_2": null, "turn:lanes_2": null, "was:name_2": null, "width_2": null }, "geometry": { "type": "MultiPolygon", "coordinates": [ [ [ [ 2.474908907926359, 48.908287700474744 ], [ 2.474823850589388, 48.909111871354725 ], [ 2.474961261535984, 48.909098426661465 ], [ 2.475053876412565, 48.908215036813637 ], [ 2.474908907926359, 48.908287700474744 ] ] ] ] } },
{ "type": "Feature", "properties": { "osm_id": "25415621", "name": "Rue François Martin", "highway": "residential", "waterway": null, "aerialway": null, "barrier": null, "man_made": null, "railway": null, "z_order": 3, "other_tags": "\"lit\"=>\"yes\",\"surface\"=>\"asphalt\"", "access": null, "bicycle": null, "boundary": null, "bridge": null, "cycleway": null, "cycleway:right": null, "destination": null, "destination:colour": null, "destination:ref": null, "destination:ref:to": null, "destination:symbol:to": null, "destination:to": null, "foot": null, "footway": null, "horse": null, "int_ref": null, "junction:ref": null, "lane_markings": null, "lanes": null, "layer": null, "lit": "yes", "maxspeed": null, "maxweight:signed": null, "maxweightrating:signed": null, "motor_vehicle": null, "name:etymology:wikidata": null, "nat_ref": null, "oneway": null, "operator": null, "operator:wikidata": null, "political_division": null, "ref": null, "segregated": null, "sidewalk": null, "smoothness": null, "source:maxspeed": null, "surface": "asphalt", "toll": null, "tunnel": null, "turn:lanes": null, "was:name": null, "width": null, "osm_id_2": "134576761", "name_2": "Allée des Azalées", "highway_2": "residential", "waterway_2": null, "aerialway_2": null, "barrier_2": null, "man_made_2": null, "railway_2": null, "z_order_2": 3, "other_tags_2": "\"surface\"=>\"asphalt\"", "access_2": null, "bicycle_2": null, "boundary_2": null, "bridge_2": null, "cycleway_2": null, "cycleway:right_2": null, "destination_2": null, "destination:colour_2": null, "destination:ref_2": null, "destination:ref:to_2": null, "destination:symbol:to_2": null, "destination:to_2": null, "foot_2": null, "footway_2": null, "horse_2": null, "int_ref_2": null, "junction:ref_2": null, "lane_markings_2": null, "lanes_2": null, "layer_2": null, "lit_2": null, "maxspeed_2": null, "maxweight:signed_2": null, "maxweightrating:signed_2": null, "motor_vehicle_2": null, "name:etymology:wikidata_2": null, "nat_ref_2": null, "oneway_2": null, "operator_2": null, "operator:wikidata_2": null, "political_division_2": null, "ref_2": null, "segregated_2": null, "sidewalk_2": null, "smoothness_2": null, "source:maxspeed_2": null, "surface_2": "asphalt", "toll_2": null, "tunnel_2": null, "turn:lanes_2": null, "was:name_2": null, "width_2": null }, "geometry": { "type": "MultiPolygon", "coordinates": [ [ [ [ 2.475053876412565, 48.908215036813637 ], [ 2.474961261535984, 48.909098426661465 ], [ 2.475432659179905, 48.909148091507234 ], [ 2.475465170110972, 48.909121303904271 ], [ 2.47553729218254, 48.908466535822761 ], [ 2.475150065398272, 48.908157543297193 ], [ 2.475053876412565, 48.908215036813637 ] ] ] ] } },
{ "type": "Feature", "properties": { "osm_id": "134577039", "name": null, "highway": "residential", "waterway": null, "aerialway": null, "barrier": null, "man_made": null, "railway": null, "z_order": 3, "other_tags": "\"surface\"=>\"asphalt\"", "access": null, "bicycle": null, "boundary": null, "bridge": null, "cycleway": null, "cycleway:right": null, "destination": null, "destination:colour": null, "destination:ref": null, "destination:ref:to": null, "destination:symbol:to": null, "destination:to": null, "foot": null, "footway": null, "horse": null, "int_ref": null, "junction:ref": null, "lane_markings": null, "lanes": null, "layer": null, "lit": null, "maxspeed": null, "maxweight:signed": null, "maxweightrating:signed": null, "motor_vehicle": null, "name:etymology:wikidata": null, "nat_ref": null, "oneway": null, "operator": null, "operator:wikidata": null, "political_division": null, "ref": null, "segregated": null, "sidewalk": null, "smoothness": null, "source:maxspeed": null, "surface": "asphalt", "toll": null, "tunnel": null, "turn:lanes": null, "was:name": null, "width": null, "osm_id_2": "134577039", "name_2": null, "highway_2": "residential", "waterway_2": null, "aerialway_2": null, "barrier_2": null, "man_made_2": null, "railway_2": null, "z_order_2": 3, "other_tags_2": "\"surface\"=>\"asphalt\"", "access_2": null, "bicycle_2": null, "boundary_2": null, "bridge_2": null, "cycleway_2": null, "cycleway:right_2": null, "destination_2": null, "destination:colour_2": null, "destination:ref_2": null, "destination:ref:to_2": null, "destination:symbol:to_2": null, "destination:to_2": null, "foot_2": null, "footway_2": null, "horse_2": null, "int_ref_2": null, "junction:ref_2": null, "lane_markings_2": null, "lanes_2": null, "layer_2": null, "lit_2": null, "maxspeed_2": null, "maxweight:signed_2": null, "maxweightrating:signed_2": null, "motor_vehicle_2": null, "name:etymology:wikidata_2": null, "nat_ref_2": null, "oneway_2": null, "operator_2": null, "operator:wikidata_2": null, "political_division_2": null, "ref_2": null, "segregated_2": null, "sidewalk_2": null, "smoothness_2": null, "source:maxspeed_2": null, "surface_2": "asphalt", "toll_2": null, "tunnel_2": null, "turn:lanes_2": null, "was:name_2": null, "width_2": null }, "geometry": { "type": "MultiPolygon", "coordinates": [ [ [ [ 2.474502994952272, 48.909915435393259 ], [ 2.474883123640378, 48.910068085493428 ], [ 2.475345942907981, 48.910005466301619 ], [ 2.475477169608589, 48.909516184196157 ], [ 2.475487317321598, 48.909399317313344 ], [ 2.475423689538728, 48.909262266358311 ], [ 2.474349067460126, 48.909622053424229 ], [ 2.474502994952272, 48.909915435393259 ] ] ] ] } },
{ "type": "Feature", "properties": { "osm_id": "108634383", "name": "Rue Jean-Jacques Rousseau", "highway": "residential", "waterway": null, "aerialway": null, "barrier": null, "man_made": null, "railway": null, "z_order": 3, "other_tags": "\"oneway\"=>\"yes\"", "access": null, "bicycle": null, "boundary": null, "bridge": null, "cycleway": null, "cycleway:right": null, "destination": null, "destination:colour": null, "destination:ref": null, "destination:ref:to": null, "destination:symbol:to": null, "destination:to": null, "foot": null, "footway": null, "horse": null, "int_ref": null, "junction:ref": null, "lane_markings": null, "lanes": null, "layer": null, "lit": null, "maxspeed": null, "maxweight:signed": null, "maxweightrating:signed": null, "motor_vehicle": null, "name:etymology:wikidata": null, "nat_ref": null, "oneway": "yes", "operator": null, "operator:wikidata": null, "political_division": null, "ref": null, "segregated": null, "sidewalk": null, "smoothness": null, "source:maxspeed": null, "surface": null, "toll": null, "tunnel": null, "turn:lanes": null, "was:name": null, "width": null, "osm_id_2": "45260805", "name_2": "Rue Jean-Jacques Rousseau", "highway_2": "residential", "waterway_2": null, "aerialway_2": null, "barrier_2": null, "man_made_2": null, "railway_2": null, "z_order_2": 3, "other_tags_2": "\"oneway\"=>\"yes\"", "access_2": null, "bicycle_2": null, "boundary_2": null, "bridge_2": null, "cycleway_2": null, "cycleway:right_2": null, "destination_2": null, "destination:colour_2": null, "destination:ref_2": null, "destination:ref:to_2": null, "destination:symbol:to_2": null, "destination:to_2": null, "foot_2": null, "footway_2": null, "horse_2": null, "int_ref_2": null, "junction:ref_2": null, "lane_markings_2": null, "lanes_2": null, "layer_2": null, "lit_2": null, "maxspeed_2": null, "maxweight:signed_2": null, "maxweightrating:signed_2": null, "motor_vehicle_2": null, "name:etymology:wikidata_2": null, "nat_ref_2": null, "oneway_2": "yes", "operator_2": null, "operator:wikidata_2": null, "political_division_2": null, "ref_2": null, "segregated_2": null, "sidewalk_2": null, "smoothness_2": null, "source:maxspeed_2": null, "surface_2": null, "toll_2": null, "tunnel_2": null, "turn:lanes_2": null, "was:name_2": null, "width_2": null }, "geometry": { "type": "MultiPolygon", "coordinates": [ [ [ [ 2.474883123640378, 48.910068085493428 ], [ 2.47484662488126, 48.91033872976287 ], [ 2.475585293149016, 48.910920698946256 ], [ 2.475912216913118, 48.91069988136416 ], [ 2.475379792652046, 48.91001117811804 ], [ 2.475345942907981, 48.910005466301619 ], [ 2.474883123640378, 48.910068085493428 ] ] ] ] } },
{ "type": "Feature", "properties": { "osm_id": "25415621", "name": "Rue François Martin", "highway": "residential", "waterway": null, "aerialway": null, "barrier": null, "man_made": null, "railway": null, "z_order": 3, "other_tags": "\"lit\"=>\"yes\",\"surface\"=>\"asphalt\"", "access": null, "bicycle": null, "boundary": null, "bridge": null, "cycleway": null, "cycleway:right": null, "destination": null, "destination:colour": null, "destination:ref": null, "destination:ref:to": null, "destination:symbol:to": null, "destination:to": null, "foot": null, "footway": null, "horse": null, "int_ref": null, "junction:ref": null, "lane_markings": null, "lanes": null, "layer": null, "lit": "yes", "maxspeed": null, "maxweight:signed": null, "maxweightrating:signed": null, "motor_vehicle": null, "name:etymology:wikidata": null, "nat_ref": null, "oneway": null, "operator": null, "operator:wikidata": null, "political_division": null, "ref": null, "segregated": null, "sidewalk": null, "smoothness": null, "source:maxspeed": null, "surface": "asphalt", "toll": null, "tunnel": null, "turn:lanes": null, "was:name": null, "width": null, "osm_id_2": "25415621", "name_2": "Rue François Martin", "highway_2": "residential", "waterway_2": null, "aerialway_2": null, "barrier_2": null, "man_made_2": null, "railway_2": null, "z_order_2": 3, "other_tags_2": "\"lit\"=>\"yes\",\"surface\"=>\"asphalt\"", "access_2": null, "bicycle_2": null, "boundary_2": null, "bridge_2": null, "cycleway_2": null, "cycleway:right_2": null, "destination_2": null, "destination:colour_2": null, "destination:ref_2": null, "destination:ref:to_2": null, "destination:symbol:to_2": null, "destination:to_2": null, "foot_2": null, "footway_2": null, "horse_2": null, "int_ref_2": null, "junction:ref_2": null, "lane_markings_2": null, "lanes_2": null, "layer_2": null, "lit_2": "yes", "maxspeed_2": null, "maxweight:signed_2": null, "maxweightrating:signed_2": null, "motor_vehicle_2": null, "name:etymology:wikidata_2": null, "nat_ref_2": null, "oneway_2": null, "operator_2": null, "operator:wikidata_2": null, "political_division_2": null, "ref_2": null, "segregated_2": null, "sidewalk_2": null, "smoothness_2": null, "source:maxspeed_2": null, "surface_2": "asphalt", "toll_2": null, "tunnel_2": null, "turn:lanes_2": null, "was:name_2": null, "width_2": null }, "geometry": { "type": "MultiPolygon", "coordinates": [ [ [ [ 2.475465170110972, 48.909121303904271 ], [ 2.476029363698323, 48.909146790139133 ], [ 2.476080079495791, 48.908597373850576 ], [ 2.47553729218254, 48.908466535822761 ], [ 2.475465170110972, 48.909121303904271 ] ] ] ] } },
{ "type": "Feature", "properties": { "osm_id": "132451200", "name": "Allée des Tulipes", "highway": "residential", "waterway": null, "aerialway": null, "barrier": null, "man_made": null, "railway": null, "z_order": 3, "other_tags": "\"lit\"=>\"yes\",\"surface\"=>\"asphalt\"", "access": null, "bicycle": null, "boundary": null, "bridge": null, "cycleway": null, "cycleway:right": null, "destination": null, "destination:colour": null, "destination:ref": null, "destination:ref:to": null, "destination:symbol:to": null, "destination:to": null, "foot": null, "footway": null, "horse": null, "int_ref": null, "junction:ref": null, "lane_markings": null, "lanes": null, "layer": null, "lit": "yes", "maxspeed": null, "maxweight:signed": null, "maxweightrating:signed": null, "motor_vehicle": null, "name:etymology:wikidata": null, "nat_ref": null, "oneway": null, "operator": null, "operator:wikidata": null, "political_division": null, "ref": null, "segregated": null, "sidewalk": null, "smoothness": null, "source:maxspeed": null, "surface": "asphalt", "toll": null, "tunnel": null, "turn:lanes": null, "was:name": null, "width": null, "osm_id_2": "132451201", "name_2": "Rue Henri Mouly", "highway_2": "residential", "waterway_2": null, "aerialway_2": null, "barrier_2": null, "man_made_2": null, "railway_2": null, "z_order_2": 3, "other_tags_2": "\"lit\"=>\"yes\",\"surface\"=>\"asphalt\"", "access_2": null, "bicycle_2": null, "boundary_2": null, "bridge_2": null, "cycleway_2": null, "cycleway:right_2": null, "destination_2": null, "destination:colour_2": null, "destination:ref_2": null, "destination:ref:to_2": null, "destination:symbol:to_2": null, "destination:to_2": null, "foot_2": null, "footway_2": null, "horse_2": null, "int_ref_2": null, "junction:ref_2": null, "lane_markings_2": null, "lanes_2": null, "layer_2": null, "lit_2": "yes", "maxspeed_2": null, "maxweight:signed_2": null, "maxweightrating:signed_2": null, "motor_vehicle_2": null, "name:etymology:wikidata_2": null, "nat_ref_2": null, "oneway_2": null, "operator_2": null, "operator:wikidata_2": null, "political_division_2": null, "ref_2": null, "segregated_2": null, "sidewalk_2": null, "smoothness_2": null, "source:maxspeed_2": null, "surface_2": "asphalt", "toll_2": null, "tunnel_2": null, "turn:lanes_2": null, "was:name_2": null, "width_2": null }, "geometry": { "type": "MultiPolygon", "coordinates": [ [ [ [ 2.475345942907981, 48.910005466301619 ], [ 2.475379792652046, 48.91001117811804 ], [ 2.475829010737354, 48.909971419999529 ], [ 2.475907736843749, 48.909956210024951 ], [ 2.475937755040991, 48.909538223096696 ], [ 2.475477169608589, 48.909516184196157 ], [ 2.475345942907981, 48.910005466301619 ] ] ] ] } },
{ "type": "Feature", "properties": { "osm_id": "132451200", "name": "Allée des Tulipes", "highway": "residential", "waterway": null, "aerialway": null, "barrier": null, "man_made": null, "railway": null, "z_order": 3, "other_tags": "\"lit\"=>\"yes\",\"surface\"=>\"asphalt\"", "access": null, "bicycle": null, "boundary": null, "bridge": null, "cycleway": null, "cycleway:right": null, "destination": null, "destination:colour": null, "destination:ref": null, "destination:ref:to": null, "destination:symbol:to": null, "destination:to": null, "foot": null, "footway": null, "horse": null, "int_ref": null, "junction:ref": null, "lane_markings": null, "lanes": null, "layer": null, "lit": "yes", "maxspeed": null, "maxweight:signed": null, "maxweightrating:signed": null, "motor_vehicle": null, "name:etymology:wikidata": null, "nat_ref": null, "oneway": null, "operator": null, "operator:wikidata": null, "political_division": null, "ref": null, "segregated": null, "sidewalk": null, "smoothness": null, "source:maxspeed": null, "surface": "asphalt", "toll": null, "tunnel": null, "turn:lanes": null, "was:name": null, "width": null, "osm_id_2": "134577036", "name_2": null, "highway_2": "residential", "waterway_2": null, "aerialway_2": null, "barrier_2": null, "man_made_2": null, "railway_2": null, "z_order_2": 3, "other_tags_2": null, "access_2": null, "bicycle_2": null, "boundary_2": null, "bridge_2": null, "cycleway_2": null, "cycleway:right_2": null, "destination_2": null, "destination:colour_2": null, "destination:ref_2": null, "destination:ref:to_2": null, "destination:symbol:to_2": null, "destination:to_2": null, "foot_2": null, "footway_2": null, "horse_2": null, "int_ref_2": null, "junction:ref_2": null, "lane_markings_2": null, "lanes_2": null, "layer_2": null, "lit_2": null, "maxspeed_2": null, "maxweight:signed_2": null, "maxweightrating:signed_2": null, "motor_vehicle_2": null, "name:etymology:wikidata_2": null, "nat_ref_2": null, "oneway_2": null, "operator_2": null, "operator:wikidata_2": null, "political_division_2": null, "ref_2": null, "segregated_2": null, "sidewalk_2": null, "smoothness_2": null, "source:maxspeed_2": null, "surface_2": null, "toll_2": null, "tunnel_2": null, "turn:lanes_2": null, "was:name_2": null, "width_2": null }, "geometry": { "type": "MultiPolygon", "coordinates": [ [ [ [ 2.475477169608589, 48.909516184196157 ], [ 2.475937755040991, 48.909538223096696 ], [ 2.476021223252725, 48.909424846173131 ], [ 2.475487317321598, 48.909399317313344 ], [ 2.475477169608589, 48.909516184196157 ] ] ] ] } },
{ "type": "Feature", "properties": { "osm_id": "108634391", "name": "Rue Jean-Jacques Rousseau", "highway": "residential", "waterway": null, "aerialway": null, "barrier": null, "man_made": null, "railway": null, "z_order": 3, "other_tags": null, "access": null, "bicycle": null, "boundary": null, "bridge": null, "cycleway": null, "cycleway:right": null, "destination": null, "destination:colour": null, "destination:ref": null, "destination:ref:to": null, "destination:symbol:to": null, "destination:to": null, "foot": null, "footway": null, "horse": null, "int_ref": null, "junction:ref": null, "lane_markings": null, "lanes": null, "layer": null, "lit": null, "maxspeed": null, "maxweight:signed": null, "maxweightrating:signed": null, "motor_vehicle": null, "name:etymology:wikidata": null, "nat_ref": null, "oneway": null, "operator": null, "operator:wikidata": null, "political_division": null, "ref": null, "segregated": null, "sidewalk": null, "smoothness": null, "source:maxspeed": null, "surface": null, "toll": null, "tunnel": null, "turn:lanes": null, "was:name": null, "width": null, "osm_id_2": "45260805", "name_2": "Rue Jean-Jacques Rousseau", "highway_2": "residential", "waterway_2": null, "aerialway_2": null, "barrier_2": null, "man_made_2": null, "railway_2": null, "z_order_2": 3, "other_tags_2": "\"oneway\"=>\"yes\"", "access_2": null, "bicycle_2": null, "boundary_2": null, "bridge_2": null, "cycleway_2": null, "cycleway:right_2": null, "destination_2": null, "destination:colour_2": null, "destination:ref_2": null, "destination:ref:to_2": null, "destination:symbol:to_2": null, "destination:to_2": null, "foot_2": null, "footway_2": null, "horse_2": null, "int_ref_2": null, "junction:ref_2": null, "lane_markings_2": null, "lanes_2": null, "layer_2": null, "lit_2": null, "maxspeed_2": null, "maxweight:signed_2": null, "maxweightrating:signed_2": null, "motor_vehicle_2": null, "name:etymology:wikidata_2": null, "nat_ref_2": null, "oneway_2": "yes", "operator_2": null, "operator:wikidata_2": null, "political_division_2": null, "ref_2": null, "segregated_2": null, "sidewalk_2": null, "smoothness_2": null, "source:maxspeed_2": null, "surface_2": null, "toll_2": null, "tunnel_2": null, "turn:lanes_2": null, "was:name_2": null, "width_2": null }, "geometry": { "type": "MultiPolygon", "coordinates": [ [ [ [ 2.475379792652046, 48.91001117811804 ], [ 2.475912216913118, 48.91069988136416 ], [ 2.476218796928688, 48.910667814701711 ], [ 2.476286294296225, 48.910632017938916 ], [ 2.475829010737354, 48.909971419999529 ], [ 2.475379792652046, 48.91001117811804 ] ] ] ] } },
{ "type": "Feature", "properties": { "osm_id": "132451198", "name": "Allée des Fougères", "highway": "residential", "waterway": null, "aerialway": null, "barrier": null, "man_made": null, "railway": null, "z_order": 3, "other_tags": "\"lit\"=>\"yes\"", "access": null, "bicycle": null, "boundary": null, "bridge": null, "cycleway": null, "cycleway:right": null, "destination": null, "destination:colour": null, "destination:ref": null, "destination:ref:to": null, "destination:symbol:to": null, "destination:to": null, "foot": null, "footway": null, "horse": null, "int_ref": null, "junction:ref": null, "lane_markings": null, "lanes": null, "layer": null, "lit": "yes", "maxspeed": null, "maxweight:signed": null, "maxweightrating:signed": null, "motor_vehicle": null, "name:etymology:wikidata": null, "nat_ref": null, "oneway": null, "operator": null, "operator:wikidata": null, "political_division": null, "ref": null, "segregated": null, "sidewalk": null, "smoothness": null, "source:maxspeed": null, "surface": null, "toll": null, "tunnel": null, "turn:lanes": null, "was:name": null, "width": null, "osm_id_2": "132451201", "name_2": "Rue Henri Mouly", "highway_2": "residential", "waterway_2": null, "aerialway_2": null, "barrier_2": null, "man_made_2": null, "railway_2": null, "z_order_2": 3, "other_tags_2": "\"lit\"=>\"yes\",\"surface\"=>\"asphalt\"", "access_2": null, "bicycle_2": null, "boundary_2": null, "bridge_2": null, "cycleway_2": null, "cycleway:right_2": null, "destination_2": null, "destination:colour_2": null, "destination:ref_2": null, "destination:ref:to_2": null, "destination:symbol:to_2": null, "destination:to_2": null, "foot_2": null, "footway_2": null, "horse_2": null, "int_ref_2": null, "junction:ref_2": null, "lane_markings_2": null, "lanes_2": null, "layer_2": null, "lit_2": "yes", "maxspeed_2": null, "maxweight:signed_2": null, "maxweightrating:signed_2": null, "motor_vehicle_2": null, "name:etymology:wikidata_2": null, "nat_ref_2": null, "oneway_2": null, "operator_2": null, "operator:wikidata_2": null, "political_division_2": null, "ref_2": null, "segregated_2": null, "sidewalk_2": null, "smoothness_2": null, "source:maxspeed_2": null, "surface_2": "asphalt", "toll_2": null, "tunnel_2": null, "turn:lanes_2": null, "was:name_2": null, "width_2": null }, "geometry": { "type": "MultiPolygon", "coordinates": [ [ [ [ 2.475907736843749, 48.909956210024951 ], [ 2.476154754259897, 48.909937114599458 ], [ 2.476195949614864, 48.909369062709082 ], [ 2.476021223252725, 48.909424846173131 ], [ 2.475937755040991, 48.909538223096696 ], [ 2.475907736843749, 48.909956210024951 ] ] ] ] } },
{ "type": "Feature", "properties": { "osm_id": "132451200", "name": "Allée des Tulipes", "highway": "residential", "waterway": null, "aerialway": null, "barrier": null, "man_made": null, "railway": null, "z_order": 3, "other_tags": "\"lit\"=>\"yes\",\"surface\"=>\"asphalt\"", "access": null, "bicycle": null, "boundary": null, "bridge": null, "cycleway": null, "cycleway:right": null, "destination": null, "destination:colour": null, "destination:ref": null, "destination:ref:to": null, "destination:symbol:to": null, "destination:to": null, "foot": null, "footway": null, "horse": null, "int_ref": null, "junction:ref": null, "lane_markings": null, "lanes": null, "layer": null, "lit": "yes", "maxspeed": null, "maxweight:signed": null, "maxweightrating:signed": null, "motor_vehicle": null, "name:etymology:wikidata": null, "nat_ref": null, "oneway": null, "operator": null, "operator:wikidata": null, "political_division": null, "ref": null, "segregated": null, "sidewalk": null, "smoothness": null, "source:maxspeed": null, "surface": "asphalt", "toll": null, "tunnel": null, "turn:lanes": null, "was:name": null, "width": null, "osm_id_2": "134577038", "name_2": null, "highway_2": "residential", "waterway_2": null, "aerialway_2": null, "barrier_2": null, "man_made_2": null, "railway_2": null, "z_order_2": 3, "other_tags_2": null, "access_2": null, "bicycle_2": null, "boundary_2": null, "bridge_2": null, "cycleway_2": null, "cycleway:right_2": null, "destination_2": null, "destination:colour_2": null, "destination:ref_2": null, "destination:ref:to_2": null, "destination:symbol:to_2": null, "destination:to_2": null, "foot_2": null, "footway_2": null, "horse_2": null, "int_ref_2": null, "junction:ref_2": null, "lane_markings_2": null, "lanes_2": null, "layer_2": null, "lit_2": null, "maxspeed_2": null, "maxweight:signed_2": null, "maxweightrating:signed_2": null, "motor_vehicle_2": null, "name:etymology:wikidata_2": null, "nat_ref_2": null, "oneway_2": null, "operator_2": null, "operator:wikidata_2": null, "political_division_2": null, "ref_2": null, "segregated_2": null, "sidewalk_2": null, "smoothness_2": null, "source:maxspeed_2": null, "surface_2": null, "toll_2": null, "tunnel_2": null, "turn:lanes_2": null, "was:name_2": null, "width_2": null }, "geometry": { "type": "MultiPolygon", "coordinates": [ [ [ [ 2.475487317321598, 48.909399317313344 ], [ 2.476021223252725, 48.909424846173131 ], [ 2.476195949614864, 48.909369062709082 ], [ 2.476314091563899, 48.909273161807 ], [ 2.476260487909347, 48.909238668339739 ], [ 2.476029363698323, 48.909146790139133 ], [ 2.475465170110972, 48.909121303904271 ], [ 2.475432659179905, 48.909148091507234 ], [ 2.475423689538728, 48.909262266358311 ], [ 2.475487317321598, 48.909399317313344 ] ] ] ] } },
{ "type": "Feature", "properties": { "osm_id": "1038296548", "name": "Rue Aretha Franklin", "highway": "residential", "waterway": null, "aerialway": null, "barrier": null, "man_made": null, "railway": null, "z_order": 3, "other_tags": "\"lane_markings\"=>\"no\",\"surface\"=>\"asphalt\"", "access": null, "bicycle": null, "boundary": null, "bridge": null, "cycleway": null, "cycleway:right": null, "destination": null, "destination:colour": null, "destination:ref": null, "destination:ref:to": null, "destination:symbol:to": null, "destination:to": null, "foot": null, "footway": null, "horse": null, "int_ref": null, "junction:ref": null, "lane_markings": "no", "lanes": null, "layer": null, "lit": null, "maxspeed": null, "maxweight:signed": null, "maxweightrating:signed": null, "motor_vehicle": null, "name:etymology:wikidata": null, "nat_ref": null, "oneway": null, "operator": null, "operator:wikidata": null, "political_division": null, "ref": null, "segregated": null, "sidewalk": null, "smoothness": null, "source:maxspeed": null, "surface": "asphalt", "toll": null, "tunnel": null, "turn:lanes": null, "was:name": null, "width": null, "osm_id_2": "132451774", "name_2": "Allée des Glaïeuls", "highway_2": "residential", "waterway_2": null, "aerialway_2": null, "barrier_2": null, "man_made_2": null, "railway_2": null, "z_order_2": 3, "other_tags_2": "\"lit\"=>\"yes\",\"surface\"=>\"asphalt\"", "access_2": null, "bicycle_2": null, "boundary_2": null, "bridge_2": null, "cycleway_2": null, "cycleway:right_2": null, "destination_2": null, "destination:colour_2": null, "destination:ref_2": null, "destination:ref:to_2": null, "destination:symbol:to_2": null, "destination:to_2": null, "foot_2": null, "footway_2": null, "horse_2": null, "int_ref_2": null, "junction:ref_2": null, "lane_markings_2": null, "lanes_2": null, "layer_2": null, "lit_2": "yes", "maxspeed_2": null, "maxweight:signed_2": null, "maxweightrating:signed_2": null, "motor_vehicle_2": null, "name:etymology:wikidata_2": null, "nat_ref_2": null, "oneway_2": null, "operator_2": null, "operator:wikidata_2": null, "political_division_2": null, "ref_2": null, "segregated_2": null, "sidewalk_2": null, "smoothness_2": null, "source:maxspeed_2": null, "surface_2": "asphalt", "toll_2": null, "tunnel_2": null, "turn:lanes_2": null, "was:name_2": null, "width_2": null }, "geometry": { "type": "MultiPolygon", "coordinates": [ [ [ [ 2.476080079495791, 48.908597373850576 ], [ 2.476329397392731, 48.908611846481222 ], [ 2.476888136382803, 48.908579219514898 ], [ 2.476973401628201, 48.908014064055543 ], [ 2.476958615442386, 48.90799589901556 ], [ 2.475179649826882, 48.907901505049971 ], [ 2.475150065398272, 48.908157543297193 ], [ 2.47553729218254, 48.908466535822761 ], [ 2.476080079495791, 48.908597373850576 ] ] ] ] } },
{ "type": "Feature", "properties": { "osm_id": "108634391", "name": "Rue Jean-Jacques Rousseau", "highway": "residential", "waterway": null, "aerialway": null, "barrier": null, "man_made": null, "railway": null, "z_order": 3, "other_tags": null, "access": null, "bicycle": null, "boundary": null, "bridge": null, "cycleway": null, "cycleway:right": null, "destination": null, "destination:colour": null, "destination:ref": null, "destination:ref:to": null, "destination:symbol:to": null, "destination:to": null, "foot": null, "footway": null, "horse": null, "int_ref": null, "junction:ref": null, "lane_markings": null, "lanes": null, "layer": null, "lit": null, "maxspeed": null, "maxweight:signed": null, "maxweightrating:signed": null, "motor_vehicle": null, "name:etymology:wikidata": null, "nat_ref": null, "oneway": null, "operator": null, "operator:wikidata": null, "political_division": null, "ref": null, "segregated": null, "sidewalk": null, "smoothness": null, "source:maxspeed": null, "surface": null, "toll": null, "tunnel": null, "turn:lanes": null, "was:name": null, "width": null, "osm_id_2": "25415880", "name_2": "Rue Paul Renaud", "highway_2": "residential", "waterway_2": null, "aerialway_2": null, "barrier_2": null, "man_made_2": null, "railway_2": null, "z_order_2": 3, "other_tags_2": "\"lanes\"=>\"1\",\"lit\"=>\"yes\",\"maxspeed\"=>\"50\",\"oneway\"=>\"yes\",\"sidewalk\"=>\"both\",\"smoothness\"=>\"good\",\"source:maxspeed\"=>\"FR:urban\",\"surface\"=>\"asphalt\"", "access_2": null, "bicycle_2": null, "boundary_2": null, "bridge_2": null, "cycleway_2": null, "cycleway:right_2": null, "destination_2": null, "destination:colour_2": null, "destination:ref_2": null, "destination:ref:to_2": null, "destination:symbol:to_2": null, "destination:to_2": null, "foot_2": null, "footway_2": null, "horse_2": null, "int_ref_2": null, "junction:ref_2": null, "lane_markings_2": null, "lanes_2": "1", "layer_2": null, "lit_2": "yes", "maxspeed_2": "50", "maxweight:signed_2": null, "maxweightrating:signed_2": null, "motor_vehicle_2": null, "name:etymology:wikidata_2": null, "nat_ref_2": null, "oneway_2": "yes", "operator_2": null, "operator:wikidata_2": null, "political_division_2": null, "ref_2": null, "segregated_2": null, "sidewalk_2": "both", "smoothness_2": "good", "source:maxspeed_2": "FR:urban", "surface_2": "asphalt", "toll_2": null, "tunnel_2": null, "turn:lanes_2": null, "was:name_2": null, "width_2": null }, "geometry": { "type": "MultiPolygon", "coordinates": [ [ [ [ 2.476286294296225, 48.910632017938916 ], [ 2.476722022278208, 48.910479930345964 ], [ 2.476593960024211, 48.909977490464897 ], [ 2.476154754259897, 48.909937114599458 ], [ 2.475907736843749, 48.909956210024951 ], [ 2.475829010737354, 48.909971419999529 ], [ 2.476286294296225, 48.910632017938916 ] ] ] ] } },
{ "type": "Feature", "properties": { "osm_id": "132451199", "name": "Allée des Lauriers", "highway": "residential", "waterway": null, "aerialway": null, "barrier": null, "man_made": null, "railway": null, "z_order": 3, "other_tags": "\"lit\"=>\"yes\"", "access": null, "bicycle": null, "boundary": null, "bridge": null, "cycleway": null, "cycleway:right": null, "destination": null, "destination:colour": null, "destination:ref": null, "destination:ref:to": null, "destination:symbol:to": null, "destination:to": null, "foot": null, "footway": null, "horse": null, "int_ref": null, "junction:ref": null, "lane_markings": null, "lanes": null, "layer": null, "lit": "yes", "maxspeed": null, "maxweight:signed": null, "maxweightrating:signed": null, "motor_vehicle": null, "name:etymology:wikidata": null, "nat_ref": null, "oneway": null, "operator": null, "operator:wikidata": null, "political_division": null, "ref": null, "segregated": null, "sidewalk": null, "smoothness": null, "source:maxspeed": null, "surface": null, "toll": null, "tunnel": null, "turn:lanes": null, "was:name": null, "width": null, "osm_id_2": "132451201", "name_2": "Rue Henri Mouly", "highway_2": "residential", "waterway_2": null, "aerialway_2": null, "barrier_2": null, "man_made_2": null, "railway_2": null, "z_order_2": 3, "other_tags_2": "\"lit\"=>\"yes\",\"surface\"=>\"asphalt\"", "access_2": null, "bicycle_2": null, "boundary_2": null, "bridge_2": null, "cycleway_2": null, "cycleway:right_2": null, "destination_2": null, "destination:colour_2": null, "destination:ref_2": null, "destination:ref:to_2": null, "destination:symbol:to_2": null, "destination:to_2": null, "foot_2": null, "footway_2": null, "horse_2": null, "int_ref_2": null, "junction:ref_2": null, "lane_markings_2": null, "lanes_2": null, "layer_2": null, "lit_2": "yes", "maxspeed_2": null, "maxweight:signed_2": null, "maxweightrating:signed_2": null, "motor_vehicle_2": null, "name:etymology:wikidata_2": null, "nat_ref_2": null, "oneway_2": null, "operator_2": null, "operator:wikidata_2": null, "political_division_2": null, "ref_2": null, "segregated_2": null, "sidewalk_2": null, "smoothness_2": null, "source:maxspeed_2": null, "surface_2": "asphalt", "toll_2": null, "tunnel_2": null, "turn:lanes_2": null, "was:name_2": null, "width_2": null }, "geometry": { "type": "MultiPolygon", "coordinates": [ [ [ [ 2.476154754259897, 48.909937114599458 ], [ 2.476593960024211, 48.909977490464897 ], [ 2.476963459292507, 48.909763465972404 ], [ 2.476687327108824, 48.909289512696212 ], [ 2.476314091563899, 48.909273161807 ], [ 2.476195949614864, 48.909369062709082 ], [ 2.476154754259897, 48.909937114599458 ] ] ] ] } },
{ "type": "Feature", "properties": { "osm_id": "25415621", "name": "Rue François Martin", "highway": "residential", "waterway": null, "aerialway": null, "barrier": null, "man_made": null, "railway": null, "z_order": 3, "other_tags": "\"lit\"=>\"yes\",\"surface\"=>\"asphalt\"", "access": null, "bicycle": null, "boundary": null, "bridge": null, "cycleway": null, "cycleway:right": null, "destination": null, "destination:colour": null, "destination:ref": null, "destination:ref:to": null, "destination:symbol:to": null, "destination:to": null, "foot": null, "footway": null, "horse": null, "int_ref": null, "junction:ref": null, "lane_markings": null, "lanes": null, "layer": null, "lit": "yes", "maxspeed": null, "maxweight:signed": null, "maxweightrating:signed": null, "motor_vehicle": null, "name:etymology:wikidata": null, "nat_ref": null, "oneway": null, "operator": null, "operator:wikidata": null, "political_division": null, "ref": null, "segregated": null, "sidewalk": null, "smoothness": null, "source:maxspeed": null, "surface": "asphalt", "toll": null, "tunnel": null, "turn:lanes": null, "was:name": null, "width": null, "osm_id_2": "25415621", "name_2": "Rue François Martin", "highway_2": "residential", "waterway_2": null, "aerialway_2": null, "barrier_2": null, "man_made_2": null, "railway_2": null, "z_order_2": 3, "other_tags_2": "\"lit\"=>\"yes\",\"surface\"=>\"asphalt\"", "access_2": null, "bicycle_2": null, "boundary_2": null, "bridge_2": null, "cycleway_2": null, "cycleway:right_2": null, "destination_2": null, "destination:colour_2": null, "destination:ref_2": null, "destination:ref:to_2": null, "destination:symbol:to_2": null, "destination:to_2": null, "foot_2": null, "footway_2": null, "horse_2": null, "int_ref_2": null, "junction:ref_2": null, "lane_markings_2": null, "lanes_2": null, "layer_2": null, "lit_2": "yes", "maxspeed_2": null, "maxweight:signed_2": null, "maxweightrating:signed_2": null, "motor_vehicle_2": null, "name:etymology:wikidata_2": null, "nat_ref_2": null, "oneway_2": null, "operator_2": null, "operator:wikidata_2": null, "political_division_2": null, "ref_2": null, "segregated_2": null, "sidewalk_2": null, "smoothness_2": null, "source:maxspeed_2": null, "surface_2": "asphalt", "toll_2": null, "tunnel_2": null, "turn:lanes_2": null, "was:name_2": null, "width_2": null }, "geometry": { "type": "MultiPolygon", "coordinates": [ [ [ [ 2.476260487909347, 48.909238668339739 ], [ 2.476329397392731, 48.908611846481222 ], [ 2.476080079495791, 48.908597373850576 ], [ 2.476029363698323, 48.909146790139133 ], [ 2.476260487909347, 48.909238668339739 ] ] ] ] } },
{ "type": "Feature", "properties": { "osm_id": "398434703", "name": "Rue Roger Pannequin", "highway": "service", "waterway": null, "aerialway": null, "barrier": null, "man_made": null, "railway": null, "z_order": 0, "other_tags": "\"lanes\"=>\"2\",\"lit\"=>\"yes\",\"maxspeed\"=>\"30\",\"oneway\"=>\"yes\",\"sidewalk\"=>\"both\",\"smoothness\"=>\"good\",\"source:maxspeed\"=>\"Bing\",\"surface\"=>\"asphalt\"", "access": null, "bicycle": null, "boundary": null, "bridge": null, "cycleway": null, "cycleway:right": null, "destination": null, "destination:colour": null, "destination:ref": null, "destination:ref:to": null, "destination:symbol:to": null, "destination:to": null, "foot": null, "footway": null, "horse": null, "int_ref": null, "junction:ref": null, "lane_markings": null, "lanes": "2", "layer": null, "lit": "yes", "maxspeed": "30", "maxweight:signed": null, "maxweightrating:signed": null, "motor_vehicle": null, "name:etymology:wikidata": null, "nat_ref": null, "oneway": "yes", "operator": null, "operator:wikidata": null, "political_division": null, "ref": null, "segregated": null, "sidewalk": "both", "smoothness": "good", "source:maxspeed": "Bing", "surface": "asphalt", "toll": null, "tunnel": null, "turn:lanes": null, "was:name": null, "width": null, "osm_id_2": "166156586", "name_2": "Avenue Jean Moulin", "highway_2": "tertiary", "waterway_2": null, "aerialway_2": null, "barrier_2": null, "man_made_2": null, "railway_2": null, "z_order_2": 4, "other_tags_2": null, "access_2": null, "bicycle_2": null, "boundary_2": null, "bridge_2": null, "cycleway_2": null, "cycleway:right_2": null, "destination_2": null, "destination:colour_2": null, "destination:ref_2": null, "destination:ref:to_2": null, "destination:symbol:to_2": null, "destination:to_2": null, "foot_2": null, "footway_2": null, "horse_2": null, "int_ref_2": null, "junction:ref_2": null, "lane_markings_2": null, "lanes_2": null, "layer_2": null, "lit_2": null, "maxspeed_2": null, "maxweight:signed_2": null, "maxweightrating:signed_2": null, "motor_vehicle_2": null, "name:etymology:wikidata_2": null, "nat_ref_2": null, "oneway_2": null, "operator_2": null, "operator:wikidata_2": null, "political_division_2": null, "ref_2": null, "segregated_2": null, "sidewalk_2": null, "smoothness_2": null, "source:maxspeed_2": null, "surface_2": null, "toll_2": null, "tunnel_2": null, "turn:lanes_2": null, "was:name_2": null, "width_2": null }, "geometry": { "type": "MultiPolygon", "coordinates": [ [ [ [ 2.476650243759703, 48.911199260343373 ], [ 2.477083739129664, 48.911214976034323 ], [ 2.477001123071243, 48.91085232846504 ], [ 2.476426651223615, 48.911003774747989 ], [ 2.476413502084466, 48.911318211535139 ], [ 2.476560659070649, 48.911242018001033 ], [ 2.476603967068299, 48.911213206920564 ], [ 2.476650243759703, 48.911199260343373 ] ] ] ] } },
{ "type": "Feature", "properties": { "osm_id": "25415880", "name": "Rue Paul Renaud", "highway": "residential", "waterway": null, "aerialway": null, "barrier": null, "man_made": null, "railway": null, "z_order": 3, "other_tags": "\"lanes\"=>\"1\",\"lit\"=>\"yes\",\"maxspeed\"=>\"50\",\"oneway\"=>\"yes\",\"sidewalk\"=>\"both\",\"smoothness\"=>\"good\",\"source:maxspeed\"=>\"FR:urban\",\"surface\"=>\"asphalt\"", "access": null, "bicycle": null, "boundary": null, "bridge": null, "cycleway": null, "cycleway:right": null, "destination": null, "destination:colour": null, "destination:ref": null, "destination:ref:to": null, "destination:symbol:to": null, "destination:to": null, "foot": null, "footway": null, "horse": null, "int_ref": null, "junction:ref": null, "lane_markings": null, "lanes": "1", "layer": null, "lit": "yes", "maxspeed": "50", "maxweight:signed": null, "maxweightrating:signed": null, "motor_vehicle": null, "name:etymology:wikidata": null, "nat_ref": null, "oneway": "yes", "operator": null, "operator:wikidata": null, "political_division": null, "ref": null, "segregated": null, "sidewalk": "both", "smoothness": "good", "source:maxspeed": "FR:urban", "surface": "asphalt", "toll": null, "tunnel": null, "turn:lanes": null, "was:name": null, "width": null, "osm_id_2": "25415880", "name_2": "Rue Paul Renaud", "highway_2": "residential", "waterway_2": null, "aerialway_2": null, "barrier_2": null, "man_made_2": null, "railway_2": null, "z_order_2": 3, "other_tags_2": "\"lanes\"=>\"1\",\"lit\"=>\"yes\",\"maxspeed\"=>\"50\",\"oneway\"=>\"yes\",\"sidewalk\"=>\"both\",\"smoothness\"=>\"good\",\"source:maxspeed\"=>\"FR:urban\",\"surface\"=>\"asphalt\"", "access_2": null, "bicycle_2": null, "boundary_2": null, "bridge_2": null, "cycleway_2": null, "cycleway:right_2": null, "destination_2": null, "destination:colour_2": null, "destination:ref_2": null, "destination:ref:to_2": null, "destination:symbol:to_2": null, "destination:to_2": null, "foot_2": null, "footway_2": null, "horse_2": null, "int_ref_2": null, "junction:ref_2": null, "lane_markings_2": null, "lanes_2": "1", "layer_2": null, "lit_2": "yes", "maxspeed_2": "50", "maxweight:signed_2": null, "maxweightrating:signed_2": null, "motor_vehicle_2": null, "name:etymology:wikidata_2": null, "nat_ref_2": null, "oneway_2": "yes", "operator_2": null, "operator:wikidata_2": null, "political_division_2": null, "ref_2": null, "segregated_2": null, "sidewalk_2": "both", "smoothness_2": "good", "source:maxspeed_2": "FR:urban", "surface_2": "asphalt", "toll_2": null, "tunnel_2": null, "turn:lanes_2": null, "was:name_2": null, "width_2": null }, "geometry": { "type": "MultiPolygon", "coordinates": [ [ [ [ 2.476722022278208, 48.910479930345964 ], [ 2.477057361209577, 48.910597958904376 ], [ 2.477642912434926, 48.910530809787801 ], [ 2.477711379713897, 48.909858557857866 ], [ 2.477414599446139, 48.909783047225005 ], [ 2.476963459292507, 48.909763465972404 ], [ 2.476593960024211, 48.909977490464897 ], [ 2.476722022278208, 48.910479930345964 ] ] ] ] } },
{ "type": "Feature", "properties": { "osm_id": "1254352467", "name": "Rue Stéphane Hessel", "highway": "service", "waterway": null, "aerialway": null, "barrier": null, "man_made": null, "railway": null, "z_order": 0, "other_tags": "\"access\"=>\"private\"", "access": "private", "bicycle": null, "boundary": null, "bridge": null, "cycleway": null, "cycleway:right": null, "destination": null, "destination:colour": null, "destination:ref": null, "destination:ref:to": null, "destination:symbol:to": null, "destination:to": null, "foot": null, "footway": null, "horse": null, "int_ref": null, "junction:ref": null, "lane_markings": null, "lanes": null, "layer": null, "lit": null, "maxspeed": null, "maxweight:signed": null, "maxweightrating:signed": null, "motor_vehicle": null, "name:etymology:wikidata": null, "nat_ref": null, "oneway": null, "operator": null, "operator:wikidata": null, "political_division": null, "ref": null, "segregated": null, "sidewalk": null, "smoothness": null, "source:maxspeed": null, "surface": null, "toll": null, "tunnel": null, "turn:lanes": null, "was:name": null, "width": null, "osm_id_2": "166156586", "name_2": "Avenue Jean Moulin", "highway_2": "tertiary", "waterway_2": null, "aerialway_2": null, "barrier_2": null, "man_made_2": null, "railway_2": null, "z_order_2": 4, "other_tags_2": null, "access_2": null, "bicycle_2": null, "boundary_2": null, "bridge_2": null, "cycleway_2": null, "cycleway:right_2": null, "destination_2": null, "destination:colour_2": null, "destination:ref_2": null, "destination:ref:to_2": null, "destination:symbol:to_2": null, "destination:to_2": null, "foot_2": null, "footway_2": null, "horse_2": null, "int_ref_2": null, "junction:ref_2": null, "lane_markings_2": null, "lanes_2": null, "layer_2": null, "lit_2": null, "maxspeed_2": null, "maxweight:signed_2": null, "maxweightrating:signed_2": null, "motor_vehicle_2": null, "name:etymology:wikidata_2": null, "nat_ref_2": null, "oneway_2": null, "operator_2": null, "operator:wikidata_2": null, "political_division_2": null, "ref_2": null, "segregated_2": null, "sidewalk_2": null, "smoothness_2": null, "source:maxspeed_2": null, "surface_2": null, "toll_2": null, "tunnel_2": null, "turn:lanes_2": null, "was:name_2": null, "width_2": null }, "geometry": { "type": "MultiPolygon", "coordinates": [ [ [ [ 2.476218796928688, 48.910667814701711 ], [ 2.476426651223615, 48.911003774747989 ], [ 2.477001123071243, 48.91085232846504 ], [ 2.477057361209577, 48.910597958904376 ], [ 2.476722022278208, 48.910479930345964 ], [ 2.476286294296225, 48.910632017938916 ], [ 2.476218796928688, 48.910667814701711 ] ] ] ] } },
{ "type": "Feature", "properties": { "osm_id": "25415621", "name": "Rue François Martin", "highway": "residential", "waterway": null, "aerialway": null, "barrier": null, "man_made": null, "railway": null, "z_order": 3, "other_tags": "\"lit\"=>\"yes\",\"surface\"=>\"asphalt\"", "access": null, "bicycle": null, "boundary": null, "bridge": null, "cycleway": null, "cycleway:right": null, "destination": null, "destination:colour": null, "destination:ref": null, "destination:ref:to": null, "destination:symbol:to": null, "destination:to": null, "foot": null, "footway": null, "horse": null, "int_ref": null, "junction:ref": null, "lane_markings": null, "lanes": null, "layer": null, "lit": "yes", "maxspeed": null, "maxweight:signed": null, "maxweightrating:signed": null, "motor_vehicle": null, "name:etymology:wikidata": null, "nat_ref": null, "oneway": null, "operator": null, "operator:wikidata": null, "political_division": null, "ref": null, "segregated": null, "sidewalk": null, "smoothness": null, "source:maxspeed": null, "surface": "asphalt", "toll": null, "tunnel": null, "turn:lanes": null, "was:name": null, "width": null, "osm_id_2": "132451199", "name_2": "Allée des Lauriers", "highway_2": "residential", "waterway_2": null, "aerialway_2": null, "barrier_2": null, "man_made_2": null, "railway_2": null, "z_order_2": 3, "other_tags_2": "\"lit\"=>\"yes\"", "access_2": null, "bicycle_2": null, "boundary_2": null, "bridge_2": null, "cycleway_2": null, "cycleway:right_2": null, "destination_2": null, "destination:colour_2": null, "destination:ref_2": null, "destination:ref:to_2": null, "destination:symbol:to_2": null, "destination:to_2": null, "foot_2": null, "footway_2": null, "horse_2": null, "int_ref_2": null, "junction:ref_2": null, "lane_markings_2": null, "lanes_2": null, "layer_2": null, "lit_2": "yes", "maxspeed_2": null, "maxweight:signed_2": null, "maxweightrating:signed_2": null, "motor_vehicle_2": null, "name:etymology:wikidata_2": null, "nat_ref_2": null, "oneway_2": null, "operator_2": null, "operator:wikidata_2": null, "political_division_2": null, "ref_2": null, "segregated_2": null, "sidewalk_2": null, "smoothness_2": null, "source:maxspeed_2": null, "surface_2": null, "toll_2": null, "tunnel_2": null, "turn:lanes_2": null, "was:name_2": null, "width_2": null }, "geometry": { "type": "MultiPolygon", "coordinates": [ [ [ [ 2.476314091563899, 48.909273161807 ], [ 2.476687327108824, 48.909289512696212 ], [ 2.476936089447317, 48.909038182776094 ], [ 2.476940331952698, 48.909019820413675 ], [ 2.476981038436233, 48.908654205944011 ], [ 2.476888136382803, 48.908579219514898 ], [ 2.476329397392731, 48.908611846481222 ], [ 2.476260487909347, 48.909238668339739 ], [ 2.476314091563899, 48.909273161807 ] ] ] ] } },
{ "type": "Feature", "properties": { "osm_id": "132451207", "name": null, "highway": "residential", "waterway": null, "aerialway": null, "barrier": null, "man_made": null, "railway": null, "z_order": 3, "other_tags": "\"lit\"=>\"yes\"", "access": null, "bicycle": null, "boundary": null, "bridge": null, "cycleway": null, "cycleway:right": null, "destination": null, "destination:colour": null, "destination:ref": null, "destination:ref:to": null, "destination:symbol:to": null, "destination:to": null, "foot": null, "footway": null, "horse": null, "int_ref": null, "junction:ref": null, "lane_markings": null, "lanes": null, "layer": null, "lit": "yes", "maxspeed": null, "maxweight:signed": null, "maxweightrating:signed": null, "motor_vehicle": null, "name:etymology:wikidata": null, "nat_ref": null, "oneway": null, "operator": null, "operator:wikidata": null, "political_division": null, "ref": null, "segregated": null, "sidewalk": null, "smoothness": null, "source:maxspeed": null, "surface": null, "toll": null, "tunnel": null, "turn:lanes": null, "was:name": null, "width": null, "osm_id_2": "132451205", "name_2": null, "highway_2": "residential", "waterway_2": null, "aerialway_2": null, "barrier_2": null, "man_made_2": null, "railway_2": null, "z_order_2": 3, "other_tags_2": "\"lit\"=>\"yes\"", "access_2": null, "bicycle_2": null, "boundary_2": null, "bridge_2": null, "cycleway_2": null, "cycleway:right_2": null, "destination_2": null, "destination:colour_2": null, "destination:ref_2": null, "destination:ref:to_2": null, "destination:symbol:to_2": null, "destination:to_2": null, "foot_2": null, "footway_2": null, "horse_2": null, "int_ref_2": null, "junction:ref_2": null, "lane_markings_2": null, "lanes_2": null, "layer_2": null, "lit_2": "yes", "maxspeed_2": null, "maxweight:signed_2": null, "maxweightrating:signed_2": null, "motor_vehicle_2": null, "name:etymology:wikidata_2": null, "nat_ref_2": null, "oneway_2": null, "operator_2": null, "operator:wikidata_2": null, "political_division_2": null, "ref_2": null, "segregated_2": null, "sidewalk_2": null, "smoothness_2": null, "source:maxspeed_2": null, "surface_2": null, "toll_2": null, "tunnel_2": null, "turn:lanes_2": null, "was:name_2": null, "width_2": null }, "geometry": { "type": "MultiPolygon", "coordinates": [ [ [ [ 2.476687327108824, 48.909289512696212 ], [ 2.476963459292507, 48.909763465972404 ], [ 2.477414599446139, 48.909783047225005 ], [ 2.477461303507898, 48.909251012833124 ], [ 2.476936089447317, 48.909038182776094 ], [ 2.476687327108824, 48.909289512696212 ] ] ] ] } },
{ "type": "Feature", "properties": { "osm_id": "398434703", "name": "Rue Roger Pannequin", "highway": "service", "waterway": null, "aerialway": null, "barrier": null, "man_made": null, "railway": null, "z_order": 0, "other_tags": "\"lanes\"=>\"2\",\"lit\"=>\"yes\",\"maxspeed\"=>\"30\",\"oneway\"=>\"yes\",\"sidewalk\"=>\"both\",\"smoothness\"=>\"good\",\"source:maxspeed\"=>\"Bing\",\"surface\"=>\"asphalt\"", "access": null, "bicycle": null, "boundary": null, "bridge": null, "cycleway": null, "cycleway:right": null, "destination": null, "destination:colour": null, "destination:ref": null, "destination:ref:to": null, "destination:symbol:to": null, "destination:to": null, "foot": null, "footway": null, "horse": null, "int_ref": null, "junction:ref": null, "lane_markings": null, "lanes": "2", "layer": null, "lit": "yes", "maxspeed": "30", "maxweight:signed": null, "maxweightrating:signed": null, "motor_vehicle": null, "name:etymology:wikidata": null, "nat_ref": null, "oneway": "yes", "operator": null, "operator:wikidata": null, "political_division": null, "ref": null, "segregated": null, "sidewalk": "both", "smoothness": "good", "source:maxspeed": "Bing", "surface": "asphalt", "toll": null, "tunnel": null, "turn:lanes": null, "was:name": null, "width": null, "osm_id_2": "398434528", "name_2": "Rue Rol Tanguy", "highway_2": "service", "waterway_2": null, "aerialway_2": null, "barrier_2": null, "man_made_2": null, "railway_2": null, "z_order_2": 0, "other_tags_2": "\"lanes\"=>\"2\",\"lit\"=>\"yes\",\"maxspeed\"=>\"30\",\"oneway\"=>\"yes\",\"sidewalk\"=>\"both\",\"smoothness\"=>\"good\",\"source:maxspeed\"=>\"Bing\",\"surface\"=>\"asphalt\"", "access_2": null, "bicycle_2": null, "boundary_2": null, "bridge_2": null, "cycleway_2": null, "cycleway:right_2": null, "destination_2": null, "destination:colour_2": null, "destination:ref_2": null, "destination:ref:to_2": null, "destination:symbol:to_2": null, "destination:to_2": null, "foot_2": null, "footway_2": null, "horse_2": null, "int_ref_2": null, "junction:ref_2": null, "lane_markings_2": null, "lanes_2": "2", "layer_2": null, "lit_2": "yes", "maxspeed_2": "30", "maxweight:signed_2": null, "maxweightrating:signed_2": null, "motor_vehicle_2": null, "name:etymology:wikidata_2": null, "nat_ref_2": null, "oneway_2": "yes", "operator_2": null, "operator:wikidata_2": null, "political_division_2": null, "ref_2": null, "segregated_2": null, "sidewalk_2": "both", "smoothness_2": "good", "source:maxspeed_2": "Bing", "surface_2": "asphalt", "toll_2": null, "tunnel_2": null, "turn:lanes_2": null, "was:name_2": null, "width_2": null }, "geometry": { "type": "MultiPolygon", "coordinates": [ [ [ [ 2.478791306409808, 48.911276865246705 ], [ 2.478696347865872, 48.911172738115617 ], [ 2.478307634759319, 48.910874767407719 ], [ 2.477642912434926, 48.910530809787801 ], [ 2.477057361209577, 48.910597958904376 ], [ 2.477001123071243, 48.91085232846504 ], [ 2.477083739129664, 48.911214976034323 ], [ 2.478791306409808, 48.911276865246705 ] ] ] ] } },
{ "type": "Feature", "properties": { "osm_id": "132451207", "name": null, "highway": "residential", "waterway": null, "aerialway": null, "barrier": null, "man_made": null, "railway": null, "z_order": 3, "other_tags": "\"lit\"=>\"yes\"", "access": null, "bicycle": null, "boundary": null, "bridge": null, "cycleway": null, "cycleway:right": null, "destination": null, "destination:colour": null, "destination:ref": null, "destination:ref:to": null, "destination:symbol:to": null, "destination:to": null, "foot": null, "footway": null, "horse": null, "int_ref": null, "junction:ref": null, "lane_markings": null, "lanes": null, "layer": null, "lit": "yes", "maxspeed": null, "maxweight:signed": null, "maxweightrating:signed": null, "motor_vehicle": null, "name:etymology:wikidata": null, "nat_ref": null, "oneway": null, "operator": null, "operator:wikidata": null, "political_division": null, "ref": null, "segregated": null, "sidewalk": null, "smoothness": null, "source:maxspeed": null, "surface": null, "toll": null, "tunnel": null, "turn:lanes": null, "was:name": null, "width": null, "osm_id_2": "132451205", "name_2": null, "highway_2": "residential", "waterway_2": null, "aerialway_2": null, "barrier_2": null, "man_made_2": null, "railway_2": null, "z_order_2": 3, "other_tags_2": "\"lit\"=>\"yes\"", "access_2": null, "bicycle_2": null, "boundary_2": null, "bridge_2": null, "cycleway_2": null, "cycleway:right_2": null, "destination_2": null, "destination:colour_2": null, "destination:ref_2": null, "destination:ref:to_2": null, "destination:symbol:to_2": null, "destination:to_2": null, "foot_2": null, "footway_2": null, "horse_2": null, "int_ref_2": null, "junction:ref_2": null, "lane_markings_2": null, "lanes_2": null, "layer_2": null, "lit_2": "yes", "maxspeed_2": null, "maxweight:signed_2": null, "maxweightrating:signed_2": null, "motor_vehicle_2": null, "name:etymology:wikidata_2": null, "nat_ref_2": null, "oneway_2": null, "operator_2": null, "operator:wikidata_2": null, "political_division_2": null, "ref_2": null, "segregated_2": null, "sidewalk_2": null, "smoothness_2": null, "source:maxspeed_2": null, "surface_2": null, "toll_2": null, "tunnel_2": null, "turn:lanes_2": null, "was:name_2": null, "width_2": null }, "geometry": { "type": "MultiPolygon", "coordinates": [ [ [ [ 2.477414599446139, 48.909783047225005 ], [ 2.477711379713897, 48.909858557857866 ], [ 2.478073457271308, 48.909765166005897 ], [ 2.47813852778573, 48.909084963660412 ], [ 2.478135213062178, 48.90907749834917 ], [ 2.478065758678088, 48.909091883946253 ], [ 2.477461303507898, 48.909251012833124 ], [ 2.477414599446139, 48.909783047225005 ] ] ] ] } },
{ "type": "Feature", "properties": { "osm_id": "132451207", "name": null, "highway": "residential", "waterway": null, "aerialway": null, "barrier": null, "man_made": null, "railway": null, "z_order": 3, "other_tags": "\"lit\"=>\"yes\"", "access": null, "bicycle": null, "boundary": null, "bridge": null, "cycleway": null, "cycleway:right": null, "destination": null, "destination:colour": null, "destination:ref": null, "destination:ref:to": null, "destination:symbol:to": null, "destination:to": null, "foot": null, "footway": null, "horse": null, "int_ref": null, "junction:ref": null, "lane_markings": null, "lanes": null, "layer": null, "lit": "yes", "maxspeed": null, "maxweight:signed": null, "maxweightrating:signed": null, "motor_vehicle": null, "name:etymology:wikidata": null, "nat_ref": null, "oneway": null, "operator": null, "operator:wikidata": null, "political_division": null, "ref": null, "segregated": null, "sidewalk": null, "smoothness": null, "source:maxspeed": null, "surface": null, "toll": null, "tunnel": null, "turn:lanes": null, "was:name": null, "width": null, "osm_id_2": "132451207", "name_2": null, "highway_2": "residential", "waterway_2": null, "aerialway_2": null, "barrier_2": null, "man_made_2": null, "railway_2": null, "z_order_2": 3, "other_tags_2": "\"lit\"=>\"yes\"", "access_2": null, "bicycle_2": null, "boundary_2": null, "bridge_2": null, "cycleway_2": null, "cycleway:right_2": null, "destination_2": null, "destination:colour_2": null, "destination:ref_2": null, "destination:ref:to_2": null, "destination:symbol:to_2": null, "destination:to_2": null, "foot_2": null, "footway_2": null, "horse_2": null, "int_ref_2": null, "junction:ref_2": null, "lane_markings_2": null, "lanes_2": null, "layer_2": null, "lit_2": "yes", "maxspeed_2": null, "maxweight:signed_2": null, "maxweightrating:signed_2": null, "motor_vehicle_2": null, "name:etymology:wikidata_2": null, "nat_ref_2": null, "oneway_2": null, "operator_2": null, "operator:wikidata_2": null, "political_division_2": null, "ref_2": null, "segregated_2": null, "sidewalk_2": null, "smoothness_2": null, "source:maxspeed_2": null, "surface_2": null, "toll_2": null, "tunnel_2": null, "turn:lanes_2": null, "was:name_2": null, "width_2": null }, "geometry": { "type": "MultiPolygon", "coordinates": [ [ [ [ 2.476936089447317, 48.909038182776094 ], [ 2.477461303507898, 48.909251012833124 ], [ 2.478065758678088, 48.909091883946253 ], [ 2.476940331952698, 48.909019820413675 ], [ 2.476936089447317, 48.909038182776094 ] ] ] ] } },
{ "type": "Feature", "properties": { "osm_id": "25415621", "name": "Rue François Martin", "highway": "residential", "waterway": null, "aerialway": null, "barrier": null, "man_made": null, "railway": null, "z_order": 3, "other_tags": "\"lit\"=>\"yes\",\"surface\"=>\"asphalt\"", "access": null, "bicycle": null, "boundary": null, "bridge": null, "cycleway": null, "cycleway:right": null, "destination": null, "destination:colour": null, "destination:ref": null, "destination:ref:to": null, "destination:symbol:to": null, "destination:to": null, "foot": null, "footway": null, "horse": null, "int_ref": null, "junction:ref": null, "lane_markings": null, "lanes": null, "layer": null, "lit": "yes", "maxspeed": null, "maxweight:signed": null, "maxweightrating:signed": null, "motor_vehicle": null, "name:etymology:wikidata": null, "nat_ref": null, "oneway": null, "operator": null, "operator:wikidata": null, "political_division": null, "ref": null, "segregated": null, "sidewalk": null, "smoothness": null, "source:maxspeed": null, "surface": "asphalt", "toll": null, "tunnel": null, "turn:lanes": null, "was:name": null, "width": null, "osm_id_2": "25415621", "name_2": "Rue François Martin", "highway_2": "residential", "waterway_2": null, "aerialway_2": null, "barrier_2": null, "man_made_2": null, "railway_2": null, "z_order_2": 3, "other_tags_2": "\"lit\"=>\"yes\",\"surface\"=>\"asphalt\"", "access_2": null, "bicycle_2": null, "boundary_2": null, "bridge_2": null, "cycleway_2": null, "cycleway:right_2": null, "destination_2": null, "destination:colour_2": null, "destination:ref_2": null, "destination:ref:to_2": null, "destination:symbol:to_2": null, "destination:to_2": null, "foot_2": null, "footway_2": null, "horse_2": null, "int_ref_2": null, "junction:ref_2": null, "lane_markings_2": null, "lanes_2": null, "layer_2": null, "lit_2": "yes", "maxspeed_2": null, "maxweight:signed_2": null, "maxweightrating:signed_2": null, "motor_vehicle_2": null, "name:etymology:wikidata_2": null, "nat_ref_2": null, "oneway_2": null, "operator_2": null, "operator:wikidata_2": null, "political_division_2": null, "ref_2": null, "segregated_2": null, "sidewalk_2": null, "smoothness_2": null, "source:maxspeed_2": null, "surface_2": "asphalt", "toll_2": null, "tunnel_2": null, "turn:lanes_2": null, "was:name_2": null, "width_2": null }, "geometry": { "type": "MultiPolygon", "coordinates": [ [ [ [ 2.476940331952698, 48.909019820413675 ], [ 2.478065758678088, 48.909091883946253 ], [ 2.478135213062178, 48.90907749834917 ], [ 2.478135437225992, 48.909076449418329 ], [ 2.478169995137931, 48.908710198875021 ], [ 2.476981038436233, 48.908654205944011 ], [ 2.476940331952698, 48.909019820413675 ] ] ] ] } },
{ "type": "Feature", "properties": { "osm_id": "25415880", "name": "Rue Paul Renaud", "highway": "residential", "waterway": null, "aerialway": null, "barrier": null, "man_made": null, "railway": null, "z_order": 3, "other_tags": "\"lanes\"=>\"1\",\"lit\"=>\"yes\",\"maxspeed\"=>\"50\",\"oneway\"=>\"yes\",\"sidewalk\"=>\"both\",\"smoothness\"=>\"good\",\"source:maxspeed\"=>\"FR:urban\",\"surface\"=>\"asphalt\"", "access": null, "bicycle": null, "boundary": null, "bridge": null, "cycleway": null, "cycleway:right": null, "destination": null, "destination:colour": null, "destination:ref": null, "destination:ref:to": null, "destination:symbol:to": null, "destination:to": null, "foot": null, "footway": null, "horse": null, "int_ref": null, "junction:ref": null, "lane_markings": null, "lanes": "1", "layer": null, "lit": "yes", "maxspeed": "50", "maxweight:signed": null, "maxweightrating:signed": null, "motor_vehicle": null, "name:etymology:wikidata": null, "nat_ref": null, "oneway": "yes", "operator": null, "operator:wikidata": null, "political_division": null, "ref": null, "segregated": null, "sidewalk": "both", "smoothness": "good", "source:maxspeed": "FR:urban", "surface": "asphalt", "toll": null, "tunnel": null, "turn:lanes": null, "was:name": null, "width": null, "osm_id_2": "25415880", "name_2": "Rue Paul Renaud", "highway_2": "residential", "waterway_2": null, "aerialway_2": null, "barrier_2": null, "man_made_2": null, "railway_2": null, "z_order_2": 3, "other_tags_2": "\"lanes\"=>\"1\",\"lit\"=>\"yes\",\"maxspeed\"=>\"50\",\"oneway\"=>\"yes\",\"sidewalk\"=>\"both\",\"smoothness\"=>\"good\",\"source:maxspeed\"=>\"FR:urban\",\"surface\"=>\"asphalt\"", "access_2": null, "bicycle_2": null, "boundary_2": null, "bridge_2": null, "cycleway_2": null, "cycleway:right_2": null, "destination_2": null, "destination:colour_2": null, "destination:ref_2": null, "destination:ref:to_2": null, "destination:symbol:to_2": null, "destination:to_2": null, "foot_2": null, "footway_2": null, "horse_2": null, "int_ref_2": null, "junction:ref_2": null, "lane_markings_2": null, "lanes_2": "1", "layer_2": null, "lit_2": "yes", "maxspeed_2": "50", "maxweight:signed_2": null, "maxweightrating:signed_2": null, "motor_vehicle_2": null, "name:etymology:wikidata_2": null, "nat_ref_2": null, "oneway_2": "yes", "operator_2": null, "operator:wikidata_2": null, "political_division_2": null, "ref_2": null, "segregated_2": null, "sidewalk_2": "both", "smoothness_2": "good", "source:maxspeed_2": "FR:urban", "surface_2": "asphalt", "toll_2": null, "tunnel_2": null, "turn:lanes_2": null, "was:name_2": null, "width_2": null }, "geometry": { "type": "MultiPolygon", "coordinates": [ [ [ [ 2.478696347865872, 48.911172738115617 ], [ 2.478830432252689, 48.909854143630646 ], [ 2.478712937099391, 48.909832100721729 ], [ 2.47841419103646, 48.909830831525142 ], [ 2.478307634759319, 48.910874767407719 ], [ 2.478696347865872, 48.911172738115617 ] ] ] ] } },
{ "type": "Feature", "properties": { "osm_id": "25415571", "name": "Avenue Jean-Baptiste Devillers", "highway": "residential", "waterway": null, "aerialway": null, "barrier": null, "man_made": null, "railway": null, "z_order": 3, "other_tags": "\"oneway\"=>\"yes\",\"surface\"=>\"asphalt\",\"was:name\"=>\"Chemin Latéral\"", "access": null, "bicycle": null, "boundary": null, "bridge": null, "cycleway": null, "cycleway:right": null, "destination": null, "destination:colour": null, "destination:ref": null, "destination:ref:to": null, "destination:symbol:to": null, "destination:to": null, "foot": null, "footway": null, "horse": null, "int_ref": null, "junction:ref": null, "lane_markings": null, "lanes": null, "layer": null, "lit": null, "maxspeed": null, "maxweight:signed": null, "maxweightrating:signed": null, "motor_vehicle": null, "name:etymology:wikidata": null, "nat_ref": null, "oneway": "yes", "operator": null, "operator:wikidata": null, "political_division": null, "ref": null, "segregated": null, "sidewalk": null, "smoothness": null, "source:maxspeed": null, "surface": "asphalt", "toll": null, "tunnel": null, "turn:lanes": null, "was:name": "Chemin Latéral", "width": null, "osm_id_2": "25415571", "name_2": "Avenue Jean-Baptiste Devillers", "highway_2": "residential", "waterway_2": null, "aerialway_2": null, "barrier_2": null, "man_made_2": null, "railway_2": null, "z_order_2": 3, "other_tags_2": "\"oneway\"=>\"yes\",\"surface\"=>\"asphalt\",\"was:name\"=>\"Chemin Latéral\"", "access_2": null, "bicycle_2": null, "boundary_2": null, "bridge_2": null, "cycleway_2": null, "cycleway:right_2": null, "destination_2": null, "destination:colour_2": null, "destination:ref_2": null, "destination:ref:to_2": null, "destination:symbol:to_2": null, "destination:to_2": null, "foot_2": null, "footway_2": null, "horse_2": null, "int_ref_2": null, "junction:ref_2": null, "lane_markings_2": null, "lanes_2": null, "layer_2": null, "lit_2": null, "maxspeed_2": null, "maxweight:signed_2": null, "maxweightrating:signed_2": null, "motor_vehicle_2": null, "name:etymology:wikidata_2": null, "nat_ref_2": null, "oneway_2": "yes", "operator_2": null, "operator:wikidata_2": null, "political_division_2": null, "ref_2": null, "segregated_2": null, "sidewalk_2": null, "smoothness_2": null, "source:maxspeed_2": null, "surface_2": "asphalt", "toll_2": null, "tunnel_2": null, "turn:lanes_2": null, "was:name_2": "Chemin Latéral", "width_2": null }, "geometry": { "type": "MultiPolygon", "coordinates": [ [ [ [ 2.476981038436233, 48.908654205944011 ], [ 2.478169995137931, 48.908710198875021 ], [ 2.478183956292594, 48.908700407213693 ], [ 2.478236325185267, 48.908087647428701 ], [ 2.476973401628201, 48.908014064055543 ], [ 2.476888136382803, 48.908579219514898 ], [ 2.476981038436233, 48.908654205944011 ] ] ] ] } },
{ "type": "Feature", "properties": { "osm_id": "132451202", "name": null, "highway": "residential", "waterway": null, "aerialway": null, "barrier": null, "man_made": null, "railway": null, "z_order": 3, "other_tags": "\"lit\"=>\"yes\"", "access": null, "bicycle": null, "boundary": null, "bridge": null, "cycleway": null, "cycleway:right": null, "destination": null, "destination:colour": null, "destination:ref": null, "destination:ref:to": null, "destination:symbol:to": null, "destination:to": null, "foot": null, "footway": null, "horse": null, "int_ref": null, "junction:ref": null, "lane_markings": null, "lanes": null, "layer": null, "lit": "yes", "maxspeed": null, "maxweight:signed": null, "maxweightrating:signed": null, "motor_vehicle": null, "name:etymology:wikidata": null, "nat_ref": null, "oneway": null, "operator": null, "operator:wikidata": null, "political_division": null, "ref": null, "segregated": null, "sidewalk": null, "smoothness": null, "source:maxspeed": null, "surface": null, "toll": null, "tunnel": null, "turn:lanes": null, "was:name": null, "width": null, "osm_id_2": "132451779", "name_2": null, "highway_2": "residential", "waterway_2": null, "aerialway_2": null, "barrier_2": null, "man_made_2": null, "railway_2": null, "z_order_2": 3, "other_tags_2": "\"lit\"=>\"yes\"", "access_2": null, "bicycle_2": null, "boundary_2": null, "bridge_2": null, "cycleway_2": null, "cycleway:right_2": null, "destination_2": null, "destination:colour_2": null, "destination:ref_2": null, "destination:ref:to_2": null, "destination:symbol:to_2": null, "destination:to_2": null, "foot_2": null, "footway_2": null, "horse_2": null, "int_ref_2": null, "junction:ref_2": null, "lane_markings_2": null, "lanes_2": null, "layer_2": null, "lit_2": "yes", "maxspeed_2": null, "maxweight:signed_2": null, "maxweightrating:signed_2": null, "motor_vehicle_2": null, "name:etymology:wikidata_2": null, "nat_ref_2": null, "oneway_2": null, "operator_2": null, "operator:wikidata_2": null, "political_division_2": null, "ref_2": null, "segregated_2": null, "sidewalk_2": null, "smoothness_2": null, "source:maxspeed_2": null, "surface_2": null, "toll_2": null, "tunnel_2": null, "turn:lanes_2": null, "was:name_2": null, "width_2": null }, "geometry": { "type": "MultiPolygon", "coordinates": [ [ [ [ 2.47813852778573, 48.909084963660412 ], [ 2.478752455081415, 48.909301139333756 ], [ 2.479330613520659, 48.90915115466116 ], [ 2.479330283916761, 48.909143029804376 ], [ 2.478135437225992, 48.909076449418329 ], [ 2.478135213062178, 48.90907749834917 ], [ 2.47813852778573, 48.909084963660412 ] ] ] ] } },
{ "type": "Feature", "properties": { "osm_id": "1548606047", "name": "Rue Nadia Murad", "highway": "residential", "waterway": null, "aerialway": null, "barrier": null, "man_made": null, "railway": null, "z_order": 3, "other_tags": "\"surface\"=>\"paving_stones\"", "access": null, "bicycle": null, "boundary": null, "bridge": null, "cycleway": null, "cycleway:right": null, "destination": null, "destination:colour": null, "destination:ref": null, "destination:ref:to": null, "destination:symbol:to": null, "destination:to": null, "foot": null, "footway": null, "horse": null, "int_ref": null, "junction:ref": null, "lane_markings": null, "lanes": null, "layer": null, "lit": null, "maxspeed": null, "maxweight:signed": null, "maxweightrating:signed": null, "motor_vehicle": null, "name:etymology:wikidata": null, "nat_ref": null, "oneway": null, "operator": null, "operator:wikidata": null, "political_division": null, "ref": null, "segregated": null, "sidewalk": null, "smoothness": null, "source:maxspeed": null, "surface": "paving_stones", "toll": null, "tunnel": null, "turn:lanes": null, "was:name": null, "width": null, "osm_id_2": "1548606047", "name_2": "Rue Nadia Murad", "highway_2": "residential", "waterway_2": null, "aerialway_2": null, "barrier_2": null, "man_made_2": null, "railway_2": null, "z_order_2": 3, "other_tags_2": "\"surface\"=>\"paving_stones\"", "access_2": null, "bicycle_2": null, "boundary_2": null, "bridge_2": null, "cycleway_2": null, "cycleway:right_2": null, "destination_2": null, "destination:colour_2": null, "destination:ref_2": null, "destination:ref:to_2": null, "destination:symbol:to_2": null, "destination:to_2": null, "foot_2": null, "footway_2": null, "horse_2": null, "int_ref_2": null, "junction:ref_2": null, "lane_markings_2": null, "lanes_2": null, "layer_2": null, "lit_2": null, "maxspeed_2": null, "maxweight:signed_2": null, "maxweightrating:signed_2": null, "motor_vehicle_2": null, "name:etymology:wikidata_2": null, "nat_ref_2": null, "oneway_2": null, "operator_2": null, "operator:wikidata_2": null, "political_division_2": null, "ref_2": null, "segregated_2": null, "sidewalk_2": null, "smoothness_2": null, "source:maxspeed_2": null, "surface_2": "paving_stones", "toll_2": null, "tunnel_2": null, "turn:lanes_2": null, "was:name_2": null, "width_2": null }, "geometry": { "type": "MultiPolygon", "coordinates": [ [ [ [ 2.477074227940586, 48.907305006269041 ], [ 2.476958615442386, 48.90799589901556 ], [ 2.476973401628201, 48.908014064055543 ], [ 2.478236325185267, 48.908087647428701 ], [ 2.479046950129104, 48.907395984980624 ], [ 2.477074227940586, 48.907305006269041 ] ] ] ] } },
{ "type": "Feature", "properties": { "osm_id": "132451206", "name": null, "highway": "residential", "waterway": null, "aerialway": null, "barrier": null, "man_made": null, "railway": null, "z_order": 3, "other_tags": "\"lit\"=>\"yes\"", "access": null, "bicycle": null, "boundary": null, "bridge": null, "cycleway": null, "cycleway:right": null, "destination": null, "destination:colour": null, "destination:ref": null, "destination:ref:to": null, "destination:symbol:to": null, "destination:to": null, "foot": null, "footway": null, "horse": null, "int_ref": null, "junction:ref": null, "lane_markings": null, "lanes": null, "layer": null, "lit": "yes", "maxspeed": null, "maxweight:signed": null, "maxweightrating:signed": null, "motor_vehicle": null, "name:etymology:wikidata": null, "nat_ref": null, "oneway": null, "operator": null, "operator:wikidata": null, "political_division": null, "ref": null, "segregated": null, "sidewalk": null, "smoothness": null, "source:maxspeed": null, "surface": null, "toll": null, "tunnel": null, "turn:lanes": null, "was:name": null, "width": null, "osm_id_2": "132451202", "name_2": null, "highway_2": "residential", "waterway_2": null, "aerialway_2": null, "barrier_2": null, "man_made_2": null, "railway_2": null, "z_order_2": 3, "other_tags_2": "\"lit\"=>\"yes\"", "access_2": null, "bicycle_2": null, "boundary_2": null, "bridge_2": null, "cycleway_2": null, "cycleway:right_2": null, "destination_2": null, "destination:colour_2": null, "destination:ref_2": null, "destination:ref:to_2": null, "destination:symbol:to_2": null, "destination:to_2": null, "foot_2": null, "footway_2": null, "horse_2": null, "int_ref_2": null, "junction:ref_2": null, "lane_markings_2": null, "lanes_2": null, "layer_2": null, "lit_2": "yes", "maxspeed_2": null, "maxweight:signed_2": null, "maxweightrating:signed_2": null, "motor_vehicle_2": null, "name:etymology:wikidata_2": null, "nat_ref_2": null, "oneway_2": null, "operator_2": null, "operator:wikidata_2": null, "political_division_2": null, "ref_2": null, "segregated_2": null, "sidewalk_2": null, "smoothness_2": null, "source:maxspeed_2": null, "surface_2": null, "toll_2": null, "tunnel_2": null, "turn:lanes_2": null, "was:name_2": null, "width_2": null }, "geometry": { "type": "MultiPolygon", "coordinates": [ [ [ [ 2.478073457271308, 48.909765166005897 ], [ 2.47841419103646, 48.909830831525142 ], [ 2.478712937099391, 48.909832100721729 ], [ 2.478752455081415, 48.909301139333756 ], [ 2.47813852778573, 48.909084963660412 ], [ 2.478073457271308, 48.909765166005897 ] ] ] ] } },
{ "type": "Feature", "properties": { "osm_id": "25415880", "name": "Rue Paul Renaud", "highway": "residential", "waterway": null, "aerialway": null, "barrier": null, "man_made": null, "railway": null, "z_order": 3, "other_tags": "\"lanes\"=>\"1\",\"lit\"=>\"yes\",\"maxspeed\"=>\"50\",\"oneway\"=>\"yes\",\"sidewalk\"=>\"both\",\"smoothness\"=>\"good\",\"source:maxspeed\"=>\"FR:urban\",\"surface\"=>\"asphalt\"", "access": null, "bicycle": null, "boundary": null, "bridge": null, "cycleway": null, "cycleway:right": null, "destination": null, "destination:colour": null, "destination:ref": null, "destination:ref:to": null, "destination:symbol:to": null, "destination:to": null, "foot": null, "footway": null, "horse": null, "int_ref": null, "junction:ref": null, "lane_markings": null, "lanes": "1", "layer": null, "lit": "yes", "maxspeed": "50", "maxweight:signed": null, "maxweightrating:signed": null, "motor_vehicle": null, "name:etymology:wikidata": null, "nat_ref": null, "oneway": "yes", "operator": null, "operator:wikidata": null, "political_division": null, "ref": null, "segregated": null, "sidewalk": "both", "smoothness": "good", "source:maxspeed": "FR:urban", "surface": "asphalt", "toll": null, "tunnel": null, "turn:lanes": null, "was:name": null, "width": null, "osm_id_2": "25415880", "name_2": "Rue Paul Renaud", "highway_2": "residential", "waterway_2": null, "aerialway_2": null, "barrier_2": null, "man_made_2": null, "railway_2": null, "z_order_2": 3, "other_tags_2": "\"lanes\"=>\"1\",\"lit\"=>\"yes\",\"maxspeed\"=>\"50\",\"oneway\"=>\"yes\",\"sidewalk\"=>\"both\",\"smoothness\"=>\"good\",\"source:maxspeed\"=>\"FR:urban\",\"surface\"=>\"asphalt\"", "access_2": null, "bicycle_2": null, "boundary_2": null, "bridge_2": null, "cycleway_2": null, "cycleway:right_2": null, "destination_2": null, "destination:colour_2": null, "destination:ref_2": null, "destination:ref:to_2": null, "destination:symbol:to_2": null, "destination:to_2": null, "foot_2": null, "footway_2": null, "horse_2": null, "int_ref_2": null, "junction:ref_2": null, "lane_markings_2": null, "lanes_2": "1", "layer_2": null, "lit_2": "yes", "maxspeed_2": "50", "maxweight:signed_2": null, "maxweightrating:signed_2": null, "motor_vehicle_2": null, "name:etymology:wikidata_2": null, "nat_ref_2": null, "oneway_2": "yes", "operator_2": null, "operator:wikidata_2": null, "political_division_2": null, "ref_2": null, "segregated_2": null, "sidewalk_2": "both", "smoothness_2": "good", "source:maxspeed_2": "FR:urban", "surface_2": "asphalt", "toll_2": null, "tunnel_2": null, "turn:lanes_2": null, "was:name_2": null, "width_2": null }, "geometry": { "type": "MultiPolygon", "coordinates": [ [ [ [ 2.477642912434926, 48.910530809787801 ], [ 2.478307634759319, 48.910874767407719 ], [ 2.47841419103646, 48.909830831525142 ], [ 2.478073457271308, 48.909765166005897 ], [ 2.477711379713897, 48.909858557857866 ], [ 2.477642912434926, 48.910530809787801 ] ] ] ] } },
{ "type": "Feature", "properties": { "osm_id": "25415880", "name": "Rue Paul Renaud", "highway": "residential", "waterway": null, "aerialway": null, "barrier": null, "man_made": null, "railway": null, "z_order": 3, "other_tags": "\"lanes\"=>\"1\",\"lit\"=>\"yes\",\"maxspeed\"=>\"50\",\"oneway\"=>\"yes\",\"sidewalk\"=>\"both\",\"smoothness\"=>\"good\",\"source:maxspeed\"=>\"FR:urban\",\"surface\"=>\"asphalt\"", "access": null, "bicycle": null, "boundary": null, "bridge": null, "cycleway": null, "cycleway:right": null, "destination": null, "destination:colour": null, "destination:ref": null, "destination:ref:to": null, "destination:symbol:to": null, "destination:to": null, "foot": null, "footway": null, "horse": null, "int_ref": null, "junction:ref": null, "lane_markings": null, "lanes": "1", "layer": null, "lit": "yes", "maxspeed": "50", "maxweight:signed": null, "maxweightrating:signed": null, "motor_vehicle": null, "name:etymology:wikidata": null, "nat_ref": null, "oneway": "yes", "operator": null, "operator:wikidata": null, "political_division": null, "ref": null, "segregated": null, "sidewalk": "both", "smoothness": "good", "source:maxspeed": "FR:urban", "surface": "asphalt", "toll": null, "tunnel": null, "turn:lanes": null, "was:name": null, "width": null, "osm_id_2": "25415880", "name_2": "Rue Paul Renaud", "highway_2": "residential", "waterway_2": null, "aerialway_2": null, "barrier_2": null, "man_made_2": null, "railway_2": null, "z_order_2": 3, "other_tags_2": "\"lanes\"=>\"1\",\"lit\"=>\"yes\",\"maxspeed\"=>\"50\",\"oneway\"=>\"yes\",\"sidewalk\"=>\"both\",\"smoothness\"=>\"good\",\"source:maxspeed\"=>\"FR:urban\",\"surface\"=>\"asphalt\"", "access_2": null, "bicycle_2": null, "boundary_2": null, "bridge_2": null, "cycleway_2": null, "cycleway:right_2": null, "destination_2": null, "destination:colour_2": null, "destination:ref_2": null, "destination:ref:to_2": null, "destination:symbol:to_2": null, "destination:to_2": null, "foot_2": null, "footway_2": null, "horse_2": null, "int_ref_2": null, "junction:ref_2": null, "lane_markings_2": null, "lanes_2": "1", "layer_2": null, "lit_2": "yes", "maxspeed_2": "50", "maxweight:signed_2": null, "maxweightrating:signed_2": null, "motor_vehicle_2": null, "name:etymology:wikidata_2": null, "nat_ref_2": null, "oneway_2": "yes", "operator_2": null, "operator:wikidata_2": null, "political_division_2": null, "ref_2": null, "segregated_2": null, "sidewalk_2": "both", "smoothness_2": "good", "source:maxspeed_2": "FR:urban", "surface_2": "asphalt", "toll_2": null, "tunnel_2": null, "turn:lanes_2": null, "was:name_2": null, "width_2": null }, "geometry": { "type": "MultiPolygon", "coordinates": [ [ [ [ 2.479244973501893, 48.911293303718537 ], [ 2.479384479870726, 48.909927226290733 ], [ 2.479267066459509, 48.909833899451534 ], [ 2.478830432252689, 48.909854143630646 ], [ 2.478696347865872, 48.911172738115617 ], [ 2.478791306409808, 48.911276865246705 ], [ 2.479244973501893, 48.911293303718537 ] ] ] ] } },
{ "type": "Feature", "properties": { "osm_id": "132451206", "name": null, "highway": "residential", "waterway": null, "aerialway": null, "barrier": null, "man_made": null, "railway": null, "z_order": 3, "other_tags": "\"lit\"=>\"yes\"", "access": null, "bicycle": null, "boundary": null, "bridge": null, "cycleway": null, "cycleway:right": null, "destination": null, "destination:colour": null, "destination:ref": null, "destination:ref:to": null, "destination:symbol:to": null, "destination:to": null, "foot": null, "footway": null, "horse": null, "int_ref": null, "junction:ref": null, "lane_markings": null, "lanes": null, "layer": null, "lit": "yes", "maxspeed": null, "maxweight:signed": null, "maxweightrating:signed": null, "motor_vehicle": null, "name:etymology:wikidata": null, "nat_ref": null, "oneway": null, "operator": null, "operator:wikidata": null, "political_division": null, "ref": null, "segregated": null, "sidewalk": null, "smoothness": null, "source:maxspeed": null, "surface": null, "toll": null, "tunnel": null, "turn:lanes": null, "was:name": null, "width": null, "osm_id_2": "132451202", "name_2": null, "highway_2": "residential", "waterway_2": null, "aerialway_2": null, "barrier_2": null, "man_made_2": null, "railway_2": null, "z_order_2": 3, "other_tags_2": "\"lit\"=>\"yes\"", "access_2": null, "bicycle_2": null, "boundary_2": null, "bridge_2": null, "cycleway_2": null, "cycleway:right_2": null, "destination_2": null, "destination:colour_2": null, "destination:ref_2": null, "destination:ref:to_2": null, "destination:symbol:to_2": null, "destination:to_2": null, "foot_2": null, "footway_2": null, "horse_2": null, "int_ref_2": null, "junction:ref_2": null, "lane_markings_2": null, "lanes_2": null, "layer_2": null, "lit_2": "yes", "maxspeed_2": null, "maxweight:signed_2": null, "maxweightrating:signed_2": null, "motor_vehicle_2": null, "name:etymology:wikidata_2": null, "nat_ref_2": null, "oneway_2": null, "operator_2": null, "operator:wikidata_2": null, "political_division_2": null, "ref_2": null, "segregated_2": null, "sidewalk_2": null, "smoothness_2": null, "source:maxspeed_2": null, "surface_2": null, "toll_2": null, "tunnel_2": null, "turn:lanes_2": null, "was:name_2": null, "width_2": null }, "geometry": { "type": "MultiPolygon", "coordinates": [ [ [ [ 2.479267066459509, 48.909833899451534 ], [ 2.479511103848235, 48.909511059076003 ], [ 2.479506774699727, 48.909411818997015 ], [ 2.479330613520659, 48.90915115466116 ], [ 2.478752455081415, 48.909301139333756 ], [ 2.478712937099391, 48.909832100721729 ], [ 2.478830432252689, 48.909854143630646 ], [ 2.479267066459509, 48.909833899451534 ] ] ] ] } },
{ "type": "Feature", "properties": { "osm_id": "25415621", "name": "Rue François Martin", "highway": "residential", "waterway": null, "aerialway": null, "barrier": null, "man_made": null, "railway": null, "z_order": 3, "other_tags": "\"lit\"=>\"yes\",\"surface\"=>\"asphalt\"", "access": null, "bicycle": null, "boundary": null, "bridge": null, "cycleway": null, "cycleway:right": null, "destination": null, "destination:colour": null, "destination:ref": null, "destination:ref:to": null, "destination:symbol:to": null, "destination:to": null, "foot": null, "footway": null, "horse": null, "int_ref": null, "junction:ref": null, "lane_markings": null, "lanes": null, "layer": null, "lit": "yes", "maxspeed": null, "maxweight:signed": null, "maxweightrating:signed": null, "motor_vehicle": null, "name:etymology:wikidata": null, "nat_ref": null, "oneway": null, "operator": null, "operator:wikidata": null, "political_division": null, "ref": null, "segregated": null, "sidewalk": null, "smoothness": null, "source:maxspeed": null, "surface": "asphalt", "toll": null, "tunnel": null, "turn:lanes": null, "was:name": null, "width": null, "osm_id_2": "132451779", "name_2": null, "highway_2": "residential", "waterway_2": null, "aerialway_2": null, "barrier_2": null, "man_made_2": null, "railway_2": null, "z_order_2": 3, "other_tags_2": "\"lit\"=>\"yes\"", "access_2": null, "bicycle_2": null, "boundary_2": null, "bridge_2": null, "cycleway_2": null, "cycleway:right_2": null, "destination_2": null, "destination:colour_2": null, "destination:ref_2": null, "destination:ref:to_2": null, "destination:symbol:to_2": null, "destination:to_2": null, "foot_2": null, "footway_2": null, "horse_2": null, "int_ref_2": null, "junction:ref_2": null, "lane_markings_2": null, "lanes_2": null, "layer_2": null, "lit_2": "yes", "maxspeed_2": null, "maxweight:signed_2": null, "maxweightrating:signed_2": null, "motor_vehicle_2": null, "name:etymology:wikidata_2": null, "nat_ref_2": null, "oneway_2": null, "operator_2": null, "operator:wikidata_2": null, "political_division_2": null, "ref_2": null, "segregated_2": null, "sidewalk_2": null, "smoothness_2": null, "source:maxspeed_2": null, "surface_2": null, "toll_2": null, "tunnel_2": null, "turn:lanes_2": null, "was:name_2": null, "width_2": null }, "geometry": { "type": "MultiPolygon", "coordinates": [ [ [ [ 2.478135437225992, 48.909076449418329 ], [ 2.479330283916761, 48.909143029804376 ], [ 2.47936675228841, 48.908756456074997 ], [ 2.478183956292594, 48.908700407213693 ], [ 2.478169995137931, 48.908710198875021 ], [ 2.478135437225992, 48.909076449418329 ] ] ] ] } },
{ "type": "Feature", "properties": { "osm_id": "25415621", "name": "Rue François Martin", "highway": "residential", "waterway": null, "aerialway": null, "barrier": null, "man_made": null, "railway": null, "z_order": 3, "other_tags": "\"lit\"=>\"yes\",\"surface\"=>\"asphalt\"", "access": null, "bicycle": null, "boundary": null, "bridge": null, "cycleway": null, "cycleway:right": null, "destination": null, "destination:colour": null, "destination:ref": null, "destination:ref:to": null, "destination:symbol:to": null, "destination:to": null, "foot": null, "footway": null, "horse": null, "int_ref": null, "junction:ref": null, "lane_markings": null, "lanes": null, "layer": null, "lit": "yes", "maxspeed": null, "maxweight:signed": null, "maxweightrating:signed": null, "motor_vehicle": null, "name:etymology:wikidata": null, "nat_ref": null, "oneway": null, "operator": null, "operator:wikidata": null, "political_division": null, "ref": null, "segregated": null, "sidewalk": null, "smoothness": null, "source:maxspeed": null, "surface": "asphalt", "toll": null, "tunnel": null, "turn:lanes": null, "was:name": null, "width": null, "osm_id_2": "25415621", "name_2": "Rue François Martin", "highway_2": "residential", "waterway_2": null, "aerialway_2": null, "barrier_2": null, "man_made_2": null, "railway_2": null, "z_order_2": 3, "other_tags_2": "\"lit\"=>\"yes\",\"surface\"=>\"asphalt\"", "access_2": null, "bicycle_2": null, "boundary_2": null, "bridge_2": null, "cycleway_2": null, "cycleway:right_2": null, "destination_2": null, "destination:colour_2": null, "destination:ref_2": null, "destination:ref:to_2": null, "destination:symbol:to_2": null, "destination:to_2": null, "foot_2": null, "footway_2": null, "horse_2": null, "int_ref_2": null, "junction:ref_2": null, "lane_markings_2": null, "lanes_2": null, "layer_2": null, "lit_2": "yes", "maxspeed_2": null, "maxweight:signed_2": null, "maxweightrating:signed_2": null, "motor_vehicle_2": null, "name:etymology:wikidata_2": null, "nat_ref_2": null, "oneway_2": null, "operator_2": null, "operator:wikidata_2": null, "political_division_2": null, "ref_2": null, "segregated_2": null, "sidewalk_2": null, "smoothness_2": null, "source:maxspeed_2": null, "surface_2": "asphalt", "toll_2": null, "tunnel_2": null, "turn:lanes_2": null, "was:name_2": null, "width_2": null }, "geometry": { "type": "MultiPolygon", "coordinates": [ [ [ [ 2.479330613520659, 48.90915115466116 ], [ 2.479506774699727, 48.909411818997015 ], [ 2.479919337690984, 48.909278266962595 ], [ 2.479943815789757, 48.909016125576784 ], [ 2.479751544902639, 48.90879774940877 ], [ 2.479411731290459, 48.908729149906648 ], [ 2.47936675228841, 48.908756456074997 ], [ 2.479330283916761, 48.909143029804376 ], [ 2.479330613520659, 48.90915115466116 ] ] ] ] } },
{ "type": "Feature", "properties": { "osm_id": "25415571", "name": "Avenue Jean-Baptiste Devillers", "highway": "residential", "waterway": null, "aerialway": null, "barrier": null, "man_made": null, "railway": null, "z_order": 3, "other_tags": "\"oneway\"=>\"yes\",\"surface\"=>\"asphalt\",\"was:name\"=>\"Chemin Latéral\"", "access": null, "bicycle": null, "boundary": null, "bridge": null, "cycleway": null, "cycleway:right": null, "destination": null, "destination:colour": null, "destination:ref": null, "destination:ref:to": null, "destination:symbol:to": null, "destination:to": null, "foot": null, "footway": null, "horse": null, "int_ref": null, "junction:ref": null, "lane_markings": null, "lanes": null, "layer": null, "lit": null, "maxspeed": null, "maxweight:signed": null, "maxweightrating:signed": null, "motor_vehicle": null, "name:etymology:wikidata": null, "nat_ref": null, "oneway": "yes", "operator": null, "operator:wikidata": null, "political_division": null, "ref": null, "segregated": null, "sidewalk": null, "smoothness": null, "source:maxspeed": null, "surface": "asphalt", "toll": null, "tunnel": null, "turn:lanes": null, "was:name": "Chemin Latéral", "width": null, "osm_id_2": "132451204", "name_2": "Allée des Roses", "highway_2": "residential", "waterway_2": null, "aerialway_2": null, "barrier_2": null, "man_made_2": null, "railway_2": null, "z_order_2": 3, "other_tags_2": "\"lit\"=>\"yes\"", "access_2": null, "bicycle_2": null, "boundary_2": null, "bridge_2": null, "cycleway_2": null, "cycleway:right_2": null, "destination_2": null, "destination:colour_2": null, "destination:ref_2": null, "destination:ref:to_2": null, "destination:symbol:to_2": null, "destination:to_2": null, "foot_2": null, "footway_2": null, "horse_2": null, "int_ref_2": null, "junction:ref_2": null, "lane_markings_2": null, "lanes_2": null, "layer_2": null, "lit_2": "yes", "maxspeed_2": null, "maxweight:signed_2": null, "maxweightrating:signed_2": null, "motor_vehicle_2": null, "name:etymology:wikidata_2": null, "nat_ref_2": null, "oneway_2": null, "operator_2": null, "operator:wikidata_2": null, "political_division_2": null, "ref_2": null, "segregated_2": null, "sidewalk_2": null, "smoothness_2": null, "source:maxspeed_2": null, "surface_2": null, "toll_2": null, "tunnel_2": null, "turn:lanes_2": null, "was:name_2": null, "width_2": null }, "geometry": { "type": "MultiPolygon", "coordinates": [ [ [ [ 2.479046950129104, 48.907395984980624 ], [ 2.478236325185267, 48.908087647428701 ], [ 2.478183956292594, 48.908700407213693 ], [ 2.47936675228841, 48.908756456074997 ], [ 2.479411731290459, 48.908729149906648 ], [ 2.479500407107623, 48.908476313855765 ], [ 2.479513046285353, 48.908326750409366 ], [ 2.479491793068431, 48.908209751222337 ], [ 2.479225668578577, 48.907404225499022 ], [ 2.479046950129104, 48.907395984980624 ] ] ] ] } },
{ "type": "Feature", "properties": { "osm_id": "1455500553", "name": "Route d'Aulnay", "highway": "tertiary", "waterway": null, "aerialway": null, "barrier": null, "man_made": null, "railway": null, "z_order": 4, "other_tags": "\"cycleway\"=>\"shared_lane\",\"surface\"=>\"asphalt\"", "access": null, "bicycle": null, "boundary": null, "bridge": null, "cycleway": "shared_lane", "cycleway:right": null, "destination": null, "destination:colour": null, "destination:ref": null, "destination:ref:to": null, "destination:symbol:to": null, "destination:to": null, "foot": null, "footway": null, "horse": null, "int_ref": null, "junction:ref": null, "lane_markings": null, "lanes": null, "layer": null, "lit": null, "maxspeed": null, "maxweight:signed": null, "maxweightrating:signed": null, "motor_vehicle": null, "name:etymology:wikidata": null, "nat_ref": null, "oneway": null, "operator": null, "operator:wikidata": null, "political_division": null, "ref": null, "segregated": null, "sidewalk": null, "smoothness": null, "source:maxspeed": null, "surface": "asphalt", "toll": null, "tunnel": null, "turn:lanes": null, "was:name": null, "width": null, "osm_id_2": "1455500553", "name_2": "Route d'Aulnay", "highway_2": "tertiary", "waterway_2": null, "aerialway_2": null, "barrier_2": null, "man_made_2": null, "railway_2": null, "z_order_2": 4, "other_tags_2": "\"cycleway\"=>\"shared_lane\",\"surface\"=>\"asphalt\"", "access_2": null, "bicycle_2": null, "boundary_2": null, "bridge_2": null, "cycleway_2": "shared_lane", "cycleway:right_2": null, "destination_2": null, "destination:colour_2": null, "destination:ref_2": null, "destination:ref:to_2": null, "destination:symbol:to_2": null, "destination:to_2": null, "foot_2": null, "footway_2": null, "horse_2": null, "int_ref_2": null, "junction:ref_2": null, "lane_markings_2": null, "lanes_2": null, "layer_2": null, "lit_2": null, "maxspeed_2": null, "maxweight:signed_2": null, "maxweightrating:signed_2": null, "motor_vehicle_2": null, "name:etymology:wikidata_2": null, "nat_ref_2": null, "oneway_2": null, "operator_2": null, "operator:wikidata_2": null, "political_division_2": null, "ref_2": null, "segregated_2": null, "sidewalk_2": null, "smoothness_2": null, "source:maxspeed_2": null, "surface_2": "asphalt", "toll_2": null, "tunnel_2": null, "turn:lanes_2": null, "was:name_2": null, "width_2": null }, "geometry": { "type": "MultiPolygon", "coordinates": [ [ [ [ 2.481170501489997, 48.90854016209822 ], [ 2.481160165736154, 48.908393477831531 ], [ 2.479513046285353, 48.908326750409366 ], [ 2.479500407107623, 48.908476313855765 ], [ 2.481169884507963, 48.908546904956253 ], [ 2.481170501489997, 48.90854016209822 ] ] ] ] } },
{ "type": "Feature", "properties": { "osm_id": "884293836", "name": "Rue Henri Mouly", "highway": "residential", "waterway": null, "aerialway": null, "barrier": null, "man_made": null, "railway": null, "z_order": 3, "other_tags": "\"lit\"=>\"yes\"", "access": null, "bicycle": null, "boundary": null, "bridge": null, "cycleway": null, "cycleway:right": null, "destination": null, "destination:colour": null, "destination:ref": null, "destination:ref:to": null, "destination:symbol:to": null, "destination:to": null, "foot": null, "footway": null, "horse": null, "int_ref": null, "junction:ref": null, "lane_markings": null, "lanes": null, "layer": null, "lit": "yes", "maxspeed": null, "maxweight:signed": null, "maxweightrating:signed": null, "motor_vehicle": null, "name:etymology:wikidata": null, "nat_ref": null, "oneway": null, "operator": null, "operator:wikidata": null, "political_division": null, "ref": null, "segregated": null, "sidewalk": null, "smoothness": null, "source:maxspeed": null, "surface": null, "toll": null, "tunnel": null, "turn:lanes": null, "was:name": null, "width": null, "osm_id_2": "132451201", "name_2": "Rue Henri Mouly", "highway_2": "residential", "waterway_2": null, "aerialway_2": null, "barrier_2": null, "man_made_2": null, "railway_2": null, "z_order_2": 3, "other_tags_2": "\"lit\"=>\"yes\",\"surface\"=>\"asphalt\"", "access_2": null, "bicycle_2": null, "boundary_2": null, "bridge_2": null, "cycleway_2": null, "cycleway:right_2": null, "destination_2": null, "destination:colour_2": null, "destination:ref_2": null, "destination:ref:to_2": null, "destination:symbol:to_2": null, "destination:to_2": null, "foot_2": null, "footway_2": null, "horse_2": null, "int_ref_2": null, "junction:ref_2": null, "lane_markings_2": null, "lanes_2": null, "layer_2": null, "lit_2": "yes", "maxspeed_2": null, "maxweight:signed_2": null, "maxweightrating:signed_2": null, "motor_vehicle_2": null, "name:etymology:wikidata_2": null, "nat_ref_2": null, "oneway_2": null, "operator_2": null, "operator:wikidata_2": null, "political_division_2": null, "ref_2": null, "segregated_2": null, "sidewalk_2": null, "smoothness_2": null, "source:maxspeed_2": null, "surface_2": "asphalt", "toll_2": null, "tunnel_2": null, "turn:lanes_2": null, "was:name_2": null, "width_2": null }, "geometry": { "type": "MultiPolygon", "coordinates": [ [ [ [ 2.479384479870726, 48.909927226290733 ], [ 2.479661803267436, 48.909995146484682 ], [ 2.480038825278252, 48.909827754387869 ], [ 2.480061730981396, 48.909574742892524 ], [ 2.479511103848235, 48.909511059076003 ], [ 2.479267066459509, 48.909833899451534 ], [ 2.479384479870726, 48.909927226290733 ] ] ] ] } },
{ "type": "Feature", "properties": { "osm_id": "25415880", "name": "Rue Paul Renaud", "highway": "residential", "waterway": null, "aerialway": null, "barrier": null, "man_made": null, "railway": null, "z_order": 3, "other_tags": "\"lanes\"=>\"1\",\"lit\"=>\"yes\",\"maxspeed\"=>\"50\",\"oneway\"=>\"yes\",\"sidewalk\"=>\"both\",\"smoothness\"=>\"good\",\"source:maxspeed\"=>\"FR:urban\",\"surface\"=>\"asphalt\"", "access": null, "bicycle": null, "boundary": null, "bridge": null, "cycleway": null, "cycleway:right": null, "destination": null, "destination:colour": null, "destination:ref": null, "destination:ref:to": null, "destination:symbol:to": null, "destination:to": null, "foot": null, "footway": null, "horse": null, "int_ref": null, "junction:ref": null, "lane_markings": null, "lanes": "1", "layer": null, "lit": "yes", "maxspeed": "50", "maxweight:signed": null, "maxweightrating:signed": null, "motor_vehicle": null, "name:etymology:wikidata": null, "nat_ref": null, "oneway": "yes", "operator": null, "operator:wikidata": null, "political_division": null, "ref": null, "segregated": null, "sidewalk": "both", "smoothness": "good", "source:maxspeed": "FR:urban", "surface": "asphalt", "toll": null, "tunnel": null, "turn:lanes": null, "was:name": null, "width": null, "osm_id_2": "25415880", "name_2": "Rue Paul Renaud", "highway_2": "residential", "waterway_2": null, "aerialway_2": null, "barrier_2": null, "man_made_2": null, "railway_2": null, "z_order_2": 3, "other_tags_2": "\"lanes\"=>\"1\",\"lit\"=>\"yes\",\"maxspeed\"=>\"50\",\"oneway\"=>\"yes\",\"sidewalk\"=>\"both\",\"smoothness\"=>\"good\",\"source:maxspeed\"=>\"FR:urban\",\"surface\"=>\"asphalt\"", "access_2": null, "bicycle_2": null, "boundary_2": null, "bridge_2": null, "cycleway_2": null, "cycleway:right_2": null, "destination_2": null, "destination:colour_2": null, "destination:ref_2": null, "destination:ref:to_2": null, "destination:symbol:to_2": null, "destination:to_2": null, "foot_2": null, "footway_2": null, "horse_2": null, "int_ref_2": null, "junction:ref_2": null, "lane_markings_2": null, "lanes_2": "1", "layer_2": null, "lit_2": "yes", "maxspeed_2": "50", "maxweight:signed_2": null, "maxweightrating:signed_2": null, "motor_vehicle_2": null, "name:etymology:wikidata_2": null, "nat_ref_2": null, "oneway_2": "yes", "operator_2": null, "operator:wikidata_2": null, "political_division_2": null, "ref_2": null, "segregated_2": null, "sidewalk_2": "both", "smoothness_2": "good", "source:maxspeed_2": "FR:urban", "surface_2": "asphalt", "toll_2": null, "tunnel_2": null, "turn:lanes_2": null, "was:name_2": null, "width_2": null }, "geometry": { "type": "MultiPolygon", "coordinates": [ [ [ [ 2.479909975235273, 48.911317396584067 ], [ 2.47996776035017, 48.910132839762277 ], [ 2.479661803267436, 48.909995146484682 ], [ 2.479384479870726, 48.909927226290733 ], [ 2.479244973501893, 48.911293303718537 ], [ 2.479909975235273, 48.911317396584067 ] ] ] ] } },
{ "type": "Feature", "properties": { "osm_id": "25415880", "name": "Rue Paul Renaud", "highway": "residential", "waterway": null, "aerialway": null, "barrier": null, "man_made": null, "railway": null, "z_order": 3, "other_tags": "\"lanes\"=>\"1\",\"lit\"=>\"yes\",\"maxspeed\"=>\"50\",\"oneway\"=>\"yes\",\"sidewalk\"=>\"both\",\"smoothness\"=>\"good\",\"source:maxspeed\"=>\"FR:urban\",\"surface\"=>\"asphalt\"", "access": null, "bicycle": null, "boundary": null, "bridge": null, "cycleway": null, "cycleway:right": null, "destination": null, "destination:colour": null, "destination:ref": null, "destination:ref:to": null, "destination:symbol:to": null, "destination:to": null, "foot": null, "footway": null, "horse": null, "int_ref": null, "junction:ref": null, "lane_markings": null, "lanes": "1", "layer": null, "lit": "yes", "maxspeed": "50", "maxweight:signed": null, "maxweightrating:signed": null, "motor_vehicle": null, "name:etymology:wikidata": null, "nat_ref": null, "oneway": "yes", "operator": null, "operator:wikidata": null, "political_division": null, "ref": null, "segregated": null, "sidewalk": "both", "smoothness": "good", "source:maxspeed": "FR:urban", "surface": "asphalt", "toll": null, "tunnel": null, "turn:lanes": null, "was:name": null, "width": null, "osm_id_2": "1455500555", "name_2": "Route d'Aulnay", "highway_2": "tertiary", "waterway_2": null, "aerialway_2": null, "barrier_2": null, "man_made_2": null, "railway_2": null, "z_order_2": 4, "other_tags_2": "\"surface\"=>\"asphalt\"", "access_2": null, "bicycle_2": null, "boundary_2": null, "bridge_2": null, "cycleway_2": null, "cycleway:right_2": null, "destination_2": null, "destination:colour_2": null, "destination:ref_2": null, "destination:ref:to_2": null, "destination:symbol:to_2": null, "destination:to_2": null, "foot_2": null, "footway_2": null, "horse_2": null, "int_ref_2": null, "junction:ref_2": null, "lane_markings_2": null, "lanes_2": null, "layer_2": null, "lit_2": null, "maxspeed_2": null, "maxweight:signed_2": null, "maxweightrating:signed_2": null, "motor_vehicle_2": null, "name:etymology:wikidata_2": null, "nat_ref_2": null, "oneway_2": null, "operator_2": null, "operator:wikidata_2": null, "political_division_2": null, "ref_2": null, "segregated_2": null, "sidewalk_2": null, "smoothness_2": null, "source:maxspeed_2": null, "surface_2": "asphalt", "toll_2": null, "tunnel_2": null, "turn:lanes_2": null, "was:name_2": null, "width_2": null }, "geometry": { "type": "MultiPolygon", "coordinates": [ [ [ [ 2.480215026579407, 48.911328447236031 ], [ 2.480525727154637, 48.911290694750456 ], [ 2.48080953919325, 48.911158744667638 ], [ 2.481038660440236, 48.910945522830588 ], [ 2.481190646155876, 48.910671916471266 ], [ 2.481250607804628, 48.910364728095345 ], [ 2.481212671537528, 48.910054049906137 ], [ 2.481192097735128, 48.909982135921588 ], [ 2.47996776035017, 48.910132839762277 ], [ 2.479909975235273, 48.911317396584067 ], [ 2.480215026579407, 48.911328447236031 ] ] ] ] } },
{ "type": "Feature", "properties": { "osm_id": "1455500555", "name": "Route d'Aulnay", "highway": "tertiary", "waterway": null, "aerialway": null, "barrier": null, "man_made": null, "railway": null, "z_order": 4, "other_tags": "\"surface\"=>\"asphalt\"", "access": null, "bicycle": null, "boundary": null, "bridge": null, "cycleway": null, "cycleway:right": null, "destination": null, "destination:colour": null, "destination:ref": null, "destination:ref:to": null, "destination:symbol:to": null, "destination:to": null, "foot": null, "footway": null, "horse": null, "int_ref": null, "junction:ref": null, "lane_markings": null, "lanes": null, "layer": null, "lit": null, "maxspeed": null, "maxweight:signed": null, "maxweightrating:signed": null, "motor_vehicle": null, "name:etymology:wikidata": null, "nat_ref": null, "oneway": null, "operator": null, "operator:wikidata": null, "political_division": null, "ref": null, "segregated": null, "sidewalk": null, "smoothness": null, "source:maxspeed": null, "surface": "asphalt", "toll": null, "tunnel": null, "turn:lanes": null, "was:name": null, "width": null, "osm_id_2": "1455500555", "name_2": "Route d'Aulnay", "highway_2": "tertiary", "waterway_2": null, "aerialway_2": null, "barrier_2": null, "man_made_2": null, "railway_2": null, "z_order_2": 4, "other_tags_2": "\"surface\"=>\"asphalt\"", "access_2": null, "bicycle_2": null, "boundary_2": null, "bridge_2": null, "cycleway_2": null, "cycleway:right_2": null, "destination_2": null, "destination:colour_2": null, "destination:ref_2": null, "destination:ref:to_2": null, "destination:symbol:to_2": null, "destination:to_2": null, "foot_2": null, "footway_2": null, "horse_2": null, "int_ref_2": null, "junction:ref_2": null, "lane_markings_2": null, "lanes_2": null, "layer_2": null, "lit_2": null, "maxspeed_2": null, "maxweight:signed_2": null, "maxweightrating:signed_2": null, "motor_vehicle_2": null, "name:etymology:wikidata_2": null, "nat_ref_2": null, "oneway_2": null, "operator_2": null, "operator:wikidata_2": null, "political_division_2": null, "ref_2": null, "segregated_2": null, "sidewalk_2": null, "smoothness_2": null, "source:maxspeed_2": null, "surface_2": "asphalt", "toll_2": null, "tunnel_2": null, "turn:lanes_2": null, "was:name_2": null, "width_2": null }, "geometry": { "type": "MultiPolygon", "coordinates": [ [ [ [ 2.481144139697579, 48.909814501842185 ], [ 2.481144568419972, 48.909810124418897 ], [ 2.481141952291856, 48.90976376563988 ], [ 2.480038825278252, 48.909827754387869 ], [ 2.479661803267436, 48.909995146484682 ], [ 2.47996776035017, 48.910132839762277 ], [ 2.481192097735128, 48.909982135921588 ], [ 2.481144139697579, 48.909814501842185 ] ] ] ] } },
{ "type": "Feature", "properties": { "osm_id": "1455500554", "name": "Route d'Aulnay", "highway": "tertiary", "waterway": null, "aerialway": null, "barrier": null, "man_made": null, "railway": null, "z_order": 4, "other_tags": "\"cycleway:right\"=>\"lane\",\"surface\"=>\"asphalt\"", "access": null, "bicycle": null, "boundary": null, "bridge": null, "cycleway": null, "cycleway:right": "lane", "destination": null, "destination:colour": null, "destination:ref": null, "destination:ref:to": null, "destination:symbol:to": null, "destination:to": null, "foot": null, "footway": null, "horse": null, "int_ref": null, "junction:ref": null, "lane_markings": null, "lanes": null, "layer": null, "lit": null, "maxspeed": null, "maxweight:signed": null, "maxweightrating:signed": null, "motor_vehicle": null, "name:etymology:wikidata": null, "nat_ref": null, "oneway": null, "operator": null, "operator:wikidata": null, "political_division": null, "ref": null, "segregated": null, "sidewalk": null, "smoothness": null, "source:maxspeed": null, "surface": "asphalt", "toll": null, "tunnel": null, "turn:lanes": null, "was:name": null, "width": null, "osm_id_2": "1455500554", "name_2": "Route d'Aulnay", "highway_2": "tertiary", "waterway_2": null, "aerialway_2": null, "barrier_2": null, "man_made_2": null, "railway_2": null, "z_order_2": 4, "other_tags_2": "\"cycleway:right\"=>\"lane\",\"surface\"=>\"asphalt\"", "access_2": null, "bicycle_2": null, "boundary_2": null, "bridge_2": null, "cycleway_2": null, "cycleway:right_2": "lane", "destination_2": null, "destination:colour_2": null, "destination:ref_2": null, "destination:ref:to_2": null, "destination:symbol:to_2": null, "destination:to_2": null, "foot_2": null, "footway_2": null, "horse_2": null, "int_ref_2": null, "junction:ref_2": null, "lane_markings_2": null, "lanes_2": null, "layer_2": null, "lit_2": null, "maxspeed_2": null, "maxweight:signed_2": null, "maxweightrating:signed_2": null, "motor_vehicle_2": null, "name:etymology:wikidata_2": null, "nat_ref_2": null, "oneway_2": null, "operator_2": null, "operator:wikidata_2": null, "political_division_2": null, "ref_2": null, "segregated_2": null, "sidewalk_2": null, "smoothness_2": null, "source:maxspeed_2": null, "surface_2": "asphalt", "toll_2": null, "tunnel_2": null, "turn:lanes_2": null, "was:name_2": null, "width_2": null }, "geometry": { "type": "MultiPolygon", "coordinates": [ [ [ [ 2.481143038560605, 48.908840296516232 ], [ 2.479751544902639, 48.90879774940877 ], [ 2.479943815789757, 48.909016125576784 ], [ 2.48004448398481, 48.909084442701754 ], [ 2.481116955272161, 48.909125349888903 ], [ 2.481143038560605, 48.908840296516232 ] ] ] ] } },
{ "type": "Feature", "properties": { "osm_id": "884293837", "name": "Rue François Martin", "highway": "residential", "waterway": null, "aerialway": null, "barrier": null, "man_made": null, "railway": null, "z_order": 3, "other_tags": "\"lit\"=>\"yes\"", "access": null, "bicycle": null, "boundary": null, "bridge": null, "cycleway": null, "cycleway:right": null, "destination": null, "destination:colour": null, "destination:ref": null, "destination:ref:to": null, "destination:symbol:to": null, "destination:to": null, "foot": null, "footway": null, "horse": null, "int_ref": null, "junction:ref": null, "lane_markings": null, "lanes": null, "layer": null, "lit": "yes", "maxspeed": null, "maxweight:signed": null, "maxweightrating:signed": null, "motor_vehicle": null, "name:etymology:wikidata": null, "nat_ref": null, "oneway": null, "operator": null, "operator:wikidata": null, "political_division": null, "ref": null, "segregated": null, "sidewalk": null, "smoothness": null, "source:maxspeed": null, "surface": null, "toll": null, "tunnel": null, "turn:lanes": null, "was:name": null, "width": null, "osm_id_2": "25415621", "name_2": "Rue François Martin", "highway_2": "residential", "waterway_2": null, "aerialway_2": null, "barrier_2": null, "man_made_2": null, "railway_2": null, "z_order_2": 3, "other_tags_2": "\"lit\"=>\"yes\",\"surface\"=>\"asphalt\"", "access_2": null, "bicycle_2": null, "boundary_2": null, "bridge_2": null, "cycleway_2": null, "cycleway:right_2": null, "destination_2": null, "destination:colour_2": null, "destination:ref_2": null, "destination:ref:to_2": null, "destination:symbol:to_2": null, "destination:to_2": null, "foot_2": null, "footway_2": null, "horse_2": null, "int_ref_2": null, "junction:ref_2": null, "lane_markings_2": null, "lanes_2": null, "layer_2": null, "lit_2": "yes", "maxspeed_2": null, "maxweight:signed_2": null, "maxweightrating:signed_2": null, "motor_vehicle_2": null, "name:etymology:wikidata_2": null, "nat_ref_2": null, "oneway_2": null, "operator_2": null, "operator:wikidata_2": null, "political_division_2": null, "ref_2": null, "segregated_2": null, "sidewalk_2": null, "smoothness_2": null, "source:maxspeed_2": null, "surface_2": "asphalt", "toll_2": null, "tunnel_2": null, "turn:lanes_2": null, "was:name_2": null, "width_2": null }, "geometry": { "type": "MultiPolygon", "coordinates": [ [ [ [ 2.479943815789757, 48.909016125576784 ], [ 2.479919337690984, 48.909278266962595 ], [ 2.480028130524016, 48.909257927117253 ], [ 2.48004448398481, 48.909084442701754 ], [ 2.479943815789757, 48.909016125576784 ] ] ] ] } },
{ "type": "Feature", "properties": { "osm_id": "1455500555", "name": "Route d'Aulnay", "highway": "tertiary", "waterway": null, "aerialway": null, "barrier": null, "man_made": null, "railway": null, "z_order": 4, "other_tags": "\"surface\"=>\"asphalt\"", "access": null, "bicycle": null, "boundary": null, "bridge": null, "cycleway": null, "cycleway:right": null, "destination": null, "destination:colour": null, "destination:ref": null, "destination:ref:to": null, "destination:symbol:to": null, "destination:to": null, "foot": null, "footway": null, "horse": null, "int_ref": null, "junction:ref": null, "lane_markings": null, "lanes": null, "layer": null, "lit": null, "maxspeed": null, "maxweight:signed": null, "maxweightrating:signed": null, "motor_vehicle": null, "name:etymology:wikidata": null, "nat_ref": null, "oneway": null, "operator": null, "operator:wikidata": null, "political_division": null, "ref": null, "segregated": null, "sidewalk": null, "smoothness": null, "source:maxspeed": null, "surface": "asphalt", "toll": null, "tunnel": null, "turn:lanes": null, "was:name": null, "width": null, "osm_id_2": "1455500555", "name_2": "Route d'Aulnay", "highway_2": "tertiary", "waterway_2": null, "aerialway_2": null, "barrier_2": null, "man_made_2": null, "railway_2": null, "z_order_2": 4, "other_tags_2": "\"surface\"=>\"asphalt\"", "access_2": null, "bicycle_2": null, "boundary_2": null, "bridge_2": null, "cycleway_2": null, "cycleway:right_2": null, "destination_2": null, "destination:colour_2": null, "destination:ref_2": null, "destination:ref:to_2": null, "destination:symbol:to_2": null, "destination:to_2": null, "foot_2": null, "footway_2": null, "horse_2": null, "int_ref_2": null, "junction:ref_2": null, "lane_markings_2": null, "lanes_2": null, "layer_2": null, "lit_2": null, "maxspeed_2": null, "maxweight:signed_2": null, "maxweightrating:signed_2": null, "motor_vehicle_2": null, "name:etymology:wikidata_2": null, "nat_ref_2": null, "oneway_2": null, "operator_2": null, "operator:wikidata_2": null, "political_division_2": null, "ref_2": null, "segregated_2": null, "sidewalk_2": null, "smoothness_2": null, "source:maxspeed_2": null, "surface_2": "asphalt", "toll_2": null, "tunnel_2": null, "turn:lanes_2": null, "was:name_2": null, "width_2": null }, "geometry": { "type": "MultiPolygon", "coordinates": [ [ [ [ 2.4811163990638, 48.909310948244261 ], [ 2.481112242823335, 48.90929200795523 ], [ 2.480028130524016, 48.909257927117253 ], [ 2.479919337690984, 48.909278266962595 ], [ 2.479506774699727, 48.909411818997015 ], [ 2.479511103848235, 48.909511059076003 ], [ 2.480061730981396, 48.909574742892524 ], [ 2.481130189168363, 48.909555317579574 ], [ 2.4811163990638, 48.909310948244261 ] ] ] ] } },
{ "type": "Feature", "properties": { "osm_id": "884293836", "name": "Rue Henri Mouly", "highway": "residential", "waterway": null, "aerialway": null, "barrier": null, "man_made": null, "railway": null, "z_order": 3, "other_tags": "\"lit\"=>\"yes\"", "access": null, "bicycle": null, "boundary": null, "bridge": null, "cycleway": null, "cycleway:right": null, "destination": null, "destination:colour": null, "destination:ref": null, "destination:ref:to": null, "destination:symbol:to": null, "destination:to": null, "foot": null, "footway": null, "horse": null, "int_ref": null, "junction:ref": null, "lane_markings": null, "lanes": null, "layer": null, "lit": "yes", "maxspeed": null, "maxweight:signed": null, "maxweightrating:signed": null, "motor_vehicle": null, "name:etymology:wikidata": null, "nat_ref": null, "oneway": null, "operator": null, "operator:wikidata": null, "political_division": null, "ref": null, "segregated": null, "sidewalk": null, "smoothness": null, "source:maxspeed": null, "surface": null, "toll": null, "tunnel": null, "turn:lanes": null, "was:name": null, "width": null, "osm_id_2": "1455500555", "name_2": "Route d'Aulnay", "highway_2": "tertiary", "waterway_2": null, "aerialway_2": null, "barrier_2": null, "man_made_2": null, "railway_2": null, "z_order_2": 4, "other_tags_2": "\"surface\"=>\"asphalt\"", "access_2": null, "bicycle_2": null, "boundary_2": null, "bridge_2": null, "cycleway_2": null, "cycleway:right_2": null, "destination_2": null, "destination:colour_2": null, "destination:ref_2": null, "destination:ref:to_2": null, "destination:symbol:to_2": null, "destination:to_2": null, "foot_2": null, "footway_2": null, "horse_2": null, "int_ref_2": null, "junction:ref_2": null, "lane_markings_2": null, "lanes_2": null, "layer_2": null, "lit_2": null, "maxspeed_2": null, "maxweight:signed_2": null, "maxweightrating:signed_2": null, "motor_vehicle_2": null, "name:etymology:wikidata_2": null, "nat_ref_2": null, "oneway_2": null, "operator_2": null, "operator:wikidata_2": null, "political_division_2": null, "ref_2": null, "segregated_2": null, "sidewalk_2": null, "smoothness_2": null, "source:maxspeed_2": null, "surface_2": "asphalt", "toll_2": null, "tunnel_2": null, "turn:lanes_2": null, "was:name_2": null, "width_2": null }, "geometry": { "type": "MultiPolygon", "coordinates": [ [ [ [ 2.481130189168363, 48.909555317579574 ], [ 2.480061730981396, 48.909574742892524 ], [ 2.480038825278252, 48.909827754387869 ], [ 2.481141952291856, 48.90976376563988 ], [ 2.481130189168363, 48.909555317579574 ] ] ] ] } },
{ "type": "Feature", "properties": { "osm_id": "884293837", "name": "Rue François Martin", "highway": "residential", "waterway": null, "aerialway": null, "barrier": null, "man_made": null, "railway": null, "z_order": 3, "other_tags": "\"lit\"=>\"yes\"", "access": null, "bicycle": null, "boundary": null, "bridge": null, "cycleway": null, "cycleway:right": null, "destination": null, "destination:colour": null, "destination:ref": null, "destination:ref:to": null, "destination:symbol:to": null, "destination:to": null, "foot": null, "footway": null, "horse": null, "int_ref": null, "junction:ref": null, "lane_markings": null, "lanes": null, "layer": null, "lit": "yes", "maxspeed": null, "maxweight:signed": null, "maxweightrating:signed": null, "motor_vehicle": null, "name:etymology:wikidata": null, "nat_ref": null, "oneway": null, "operator": null, "operator:wikidata": null, "political_division": null, "ref": null, "segregated": null, "sidewalk": null, "smoothness": null, "source:maxspeed": null, "surface": null, "toll": null, "tunnel": null, "turn:lanes": null, "was:name": null, "width": null, "osm_id_2": "1455500555", "name_2": "Route d'Aulnay", "highway_2": "tertiary", "waterway_2": null, "aerialway_2": null, "barrier_2": null, "man_made_2": null, "railway_2": null, "z_order_2": 4, "other_tags_2": "\"surface\"=>\"asphalt\"", "access_2": null, "bicycle_2": null, "boundary_2": null, "bridge_2": null, "cycleway_2": null, "cycleway:right_2": null, "destination_2": null, "destination:colour_2": null, "destination:ref_2": null, "destination:ref:to_2": null, "destination:symbol:to_2": null, "destination:to_2": null, "foot_2": null, "footway_2": null, "horse_2": null, "int_ref_2": null, "junction:ref_2": null, "lane_markings_2": null, "lanes_2": null, "layer_2": null, "lit_2": null, "maxspeed_2": null, "maxweight:signed_2": null, "maxweightrating:signed_2": null, "motor_vehicle_2": null, "name:etymology:wikidata_2": null, "nat_ref_2": null, "oneway_2": null, "operator_2": null, "operator:wikidata_2": null, "political_division_2": null, "ref_2": null, "segregated_2": null, "sidewalk_2": null, "smoothness_2": null, "source:maxspeed_2": null, "surface_2": "asphalt", "toll_2": null, "tunnel_2": null, "turn:lanes_2": null, "was:name_2": null, "width_2": null }, "geometry": { "type": "MultiPolygon", "coordinates": [ [ [ [ 2.481104806343799, 48.909258119342759 ], [ 2.481116955272161, 48.909125349888903 ], [ 2.48004448398481, 48.909084442701754 ], [ 2.480028130524016, 48.909257927117253 ], [ 2.481112242823335, 48.90929200795523 ], [ 2.481104806343799, 48.909258119342759 ] ] ] ] } },
{ "type": "Feature", "properties": { "osm_id": "1455500553", "name": "Route d'Aulnay", "highway": "tertiary", "waterway": null, "aerialway": null, "barrier": null, "man_made": null, "railway": null, "z_order": 4, "other_tags": "\"cycleway\"=>\"shared_lane\",\"surface\"=>\"asphalt\"", "access": null, "bicycle": null, "boundary": null, "bridge": null, "cycleway": "shared_lane", "cycleway:right": null, "destination": null, "destination:colour": null, "destination:ref": null, "destination:ref:to": null, "destination:symbol:to": null, "destination:to": null, "foot": null, "footway": null, "horse": null, "int_ref": null, "junction:ref": null, "lane_markings": null, "lanes": null, "layer": null, "lit": null, "maxspeed": null, "maxweight:signed": null, "maxweightrating:signed": null, "motor_vehicle": null, "name:etymology:wikidata": null, "nat_ref": null, "oneway": null, "operator": null, "operator:wikidata": null, "political_division": null, "ref": null, "segregated": null, "sidewalk": null, "smoothness": null, "source:maxspeed": null, "surface": "asphalt", "toll": null, "tunnel": null, "turn:lanes": null, "was:name": null, "width": null, "osm_id_2": "1455500554", "name_2": "Route d'Aulnay", "highway_2": "tertiary", "waterway_2": null, "aerialway_2": null, "barrier_2": null, "man_made_2": null, "railway_2": null, "z_order_2": 4, "other_tags_2": "\"cycleway:right\"=>\"lane\",\"surface\"=>\"asphalt\"", "access_2": null, "bicycle_2": null, "boundary_2": null, "bridge_2": null, "cycleway_2": null, "cycleway:right_2": "lane", "destination_2": null, "destination:colour_2": null, "destination:ref_2": null, "destination:ref:to_2": null, "destination:symbol:to_2": null, "destination:to_2": null, "foot_2": null, "footway_2": null, "horse_2": null, "int_ref_2": null, "junction:ref_2": null, "lane_markings_2": null, "lanes_2": null, "layer_2": null, "lit_2": null, "maxspeed_2": null, "maxweight:signed_2": null, "maxweightrating:signed_2": null, "motor_vehicle_2": null, "name:etymology:wikidata_2": null, "nat_ref_2": null, "oneway_2": null, "operator_2": null, "operator:wikidata_2": null, "political_division_2": null, "ref_2": null, "segregated_2": null, "sidewalk_2": null, "smoothness_2": null, "source:maxspeed_2": null, "surface_2": "asphalt", "toll_2": null, "tunnel_2": null, "turn:lanes_2": null, "was:name_2": null, "width_2": null }, "geometry": { "type": "MultiPolygon", "coordinates": [ [ [ [ 2.481169884507963, 48.908546904956253 ], [ 2.479500407107623, 48.908476313855765 ], [ 2.479411731290459, 48.908729149906648 ], [ 2.479751544902639, 48.90879774940877 ], [ 2.481143038560605, 48.908840296516232 ], [ 2.481169884507963, 48.908546904956253 ] ] ] ] } },
{ "type": "Feature", "properties": { "osm_id": "1455500553", "name": "Route d'Aulnay", "highway": "tertiary", "waterway": null, "aerialway": null, "barrier": null, "man_made": null, "railway": null, "z_order": 4, "other_tags": "\"cycleway\"=>\"shared_lane\",\"surface\"=>\"asphalt\"", "access": null, "bicycle": null, "boundary": null, "bridge": null, "cycleway": "shared_lane", "cycleway:right": null, "destination": null, "destination:colour": null, "destination:ref": null, "destination:ref:to": null, "destination:symbol:to": null, "destination:to": null, "foot": null, "footway": null, "horse": null, "int_ref": null, "junction:ref": null, "lane_markings": null, "lanes": null, "layer": null, "lit": null, "maxspeed": null, "maxweight:signed": null, "maxweightrating:signed": null, "motor_vehicle": null, "name:etymology:wikidata": null, "nat_ref": null, "oneway": null, "operator": null, "operator:wikidata": null, "political_division": null, "ref": null, "segregated": null, "sidewalk": null, "smoothness": null, "source:maxspeed": null, "surface": "asphalt", "toll": null, "tunnel": null, "turn:lanes": null, "was:name": null, "width": null, "osm_id_2": "338884385", "name_2": "Route d'Aulnay", "highway_2": "tertiary", "waterway_2": null, "aerialway_2": null, "barrier_2": null, "man_made_2": null, "railway_2": null, "z_order_2": 4, "other_tags_2": "\"cycleway\"=>\"lane\",\"surface\"=>\"asphalt\"", "access_2": null, "bicycle_2": null, "boundary_2": null, "bridge_2": null, "cycleway_2": "lane", "cycleway:right_2": null, "destination_2": null, "destination:colour_2": null, "destination:ref_2": null, "destination:ref:to_2": null, "destination:symbol:to_2": null, "destination:to_2": null, "foot_2": null, "footway_2": null, "horse_2": null, "int_ref_2": null, "junction:ref_2": null, "lane_markings_2": null, "lanes_2": null, "layer_2": null, "lit_2": null, "maxspeed_2": null, "maxweight:signed_2": null, "maxweightrating:signed_2": null, "motor_vehicle_2": null, "name:etymology:wikidata_2": null, "nat_ref_2": null, "oneway_2": null, "operator_2": null, "operator:wikidata_2": null, "political_division_2": null, "ref_2": null, "segregated_2": null, "sidewalk_2": null, "smoothness_2": null, "source:maxspeed_2": null, "surface_2": "asphalt", "toll_2": null, "tunnel_2": null, "turn:lanes_2": null, "was:name_2": null, "width_2": null }, "geometry": { "type": "MultiPolygon", "coordinates": [ [ [ [ 2.481147883845129, 48.908219173004468 ], [ 2.481024493379283, 48.907921985607175 ], [ 2.480813106626871, 48.907679372340695 ], [ 2.480535611746738, 48.907516454730619 ], [ 2.480220742100582, 48.907450102171524 ], [ 2.479225668578577, 48.907404225499022 ], [ 2.479491793068431, 48.908209751222337 ], [ 2.481151336399653, 48.908268171846075 ], [ 2.481147883845129, 48.908219173004468 ] ] ] ] } },
{ "type": "Feature", "properties": { "osm_id": "1455500553", "name": "Route d'Aulnay", "highway": "tertiary", "waterway": null, "aerialway": null, "barrier": null, "man_made": null, "railway": null, "z_order": 4, "other_tags": "\"cycleway\"=>\"shared_lane\",\"surface\"=>\"asphalt\"", "access": null, "bicycle": null, "boundary": null, "bridge": null, "cycleway": "shared_lane", "cycleway:right": null, "destination": null, "destination:colour": null, "destination:ref": null, "destination:ref:to": null, "destination:symbol:to": null, "destination:to": null, "foot": null, "footway": null, "horse": null, "int_ref": null, "junction:ref": null, "lane_markings": null, "lanes": null, "layer": null, "lit": null, "maxspeed": null, "maxweight:signed": null, "maxweightrating:signed": null, "motor_vehicle": null, "name:etymology:wikidata": null, "nat_ref": null, "oneway": null, "operator": null, "operator:wikidata": null, "political_division": null, "ref": null, "segregated": null, "sidewalk": null, "smoothness": null, "source:maxspeed": null, "surface": "asphalt", "toll": null, "tunnel": null, "turn:lanes": null, "was:name": null, "width": null, "osm_id_2": "1455500553", "name_2": "Route d'Aulnay", "highway_2": "tertiary", "waterway_2": null, "aerialway_2": null, "barrier_2": null, "man_made_2": null, "railway_2": null, "z_order_2": 4, "other_tags_2": "\"cycleway\"=>\"shared_lane\",\"surface\"=>\"asphalt\"", "access_2": null, "bicycle_2": null, "boundary_2": null, "bridge_2": null, "cycleway_2": "shared_lane", "cycleway:right_2": null, "destination_2": null, "destination:colour_2": null, "destination:ref_2": null, "destination:ref:to_2": null, "destination:symbol:to_2": null, "destination:to_2": null, "foot_2": null, "footway_2": null, "horse_2": null, "int_ref_2": null, "junction:ref_2": null, "lane_markings_2": null, "lanes_2": null, "layer_2": null, "lit_2": null, "maxspeed_2": null, "maxweight:signed_2": null, "maxweightrating:signed_2": null, "motor_vehicle_2": null, "name:etymology:wikidata_2": null, "nat_ref_2": null, "oneway_2": null, "operator_2": null, "operator:wikidata_2": null, "political_division_2": null, "ref_2": null, "segregated_2": null, "sidewalk_2": null, "smoothness_2": null, "source:maxspeed_2": null, "surface_2": "asphalt", "toll_2": null, "tunnel_2": null, "turn:lanes_2": null, "was:name_2": null, "width_2": null }, "geometry": { "type": "MultiPolygon", "coordinates": [ [ [ [ 2.481151336399653, 48.908268171846075 ], [ 2.479491793068431, 48.908209751222337 ], [ 2.479513046285353, 48.908326750409366 ], [ 2.481160165736154, 48.908393477831531 ], [ 2.481151336399653, 48.908268171846075 ] ] ] ] } }
]
}
