{
"type": "FeatureCollection",
"name": "inner_crossings",
"crs": { "type": "name", "properties": { "name": "urn:ogc:def:crs:OGC:1.3:CRS84" } },
"xy_coordinate_resolution": 1e-15,
"features": [
{ "type": "Feature", "properties": { "osm_id": "884293837", "name": "Rue François Martin", "highway": "residential", "waterway": null, "aerialway": null, "barrier": null, "man_made": null, "railway": null, "z_order": 3, "other_tags": "\"lit\"=>\"yes\"", "access": null, "bicycle": null, "boundary": null, "bridge": null, "cycleway": null, "cycleway:right": null, "destination": null, "destination:colour": null, "destination:ref": null, "destination:ref:to": null, "destination:symbol:to": null, "destination:to": null, "foot": null, "footway": null, "horse": null, "int_ref": null, "junction:ref": null, "lane_markings": null, "lanes": null, "layer": null, "lit": "yes", "maxspeed": null, "maxweight:signed": null, "maxweightrating:signed": null, "motor_vehicle": null, "name:etymology:wikidata": null, "nat_ref": null, "oneway": null, "operator": null, "operator:wikidata": null, "political_division": null, "ref": null, "segregated": null, "sidewalk": null, "smoothness": null, "source:maxspeed": null, "surface": null, "toll": null, "tunnel": null, "turn:lanes": null, "was:name": null, "width": null, "osm_id_2": "1455500555", "name_2": "Route d'Aulnay", "highway_2": "tertiary", "waterway_2": null, "aerialway_2": null, "barrier_2": null, "man_made_2": null, "railway_2": null, "z_order_2": 4, "other_tags_2": "\"surface\"=>\"asphalt\"", "access_2": null, "bicycle_2": null, "boundary_2": null, "bridge_2": null, "cycleway_2": null, "cycleway:right_2": null, "destination_2": null, "destination:colour_2": null, "destination:ref_2": null, "destination:ref:to_2": null, "destination:symbol:to_2": null, "destination:to_2": null, "foot_2": null, "footway_2": null, "horse_2": null, "int_ref_2": null, "junction:ref_2": null, "lane_markings_2": null, "lanes_2": null, "layer_2": null, "lit_2": null, "maxspeed_2": null, "maxweight:signed_2": null, "maxweightrating:signed_2": null, "motor_vehicle_2": null, "name:etymology:wikidata_2": null, "nat_ref_2": null, "oneway_2": null, "operator_2": null, "operator:wikidata_2": null, "political_division_2": null, "ref_2": null, "segregated_2": null, "sidewalk_2": null, "smoothness_2": null, "source:maxspeed_2": null, "surface_2": "asphalt", "toll_2": null, "tunnel_2": null, "turn:lanes_2": null, "was:name_2": null, "width_2": null }, "geometry": { "type": "Point", "coordinates": [ 2.4801048, 48.9091336 ] } },
{ "type": "Feature", "properties": { "osm_id": "25415621", "name": "Rue François Martin", "highway": "residential", "waterway": null, "aerialway": null, "barrier": null, "man_made": null, "railway": null, "z_order": 3, "other_tags": "\"lit\"=>\"yes\",\"surface\"=>\"asphalt\"", "access": null, "bicycle": null, "boundary": null, "bridge": null, "cycleway": null, "cycleway:right": null, "destination": null, "destination:colour": null, "destination:ref": null, "destination:ref:to": null, "destination:symbol:to": null, "destination:to": null, "foot": null, "footway": null, "horse": null, "int_ref": null, "junction:ref": null, "lane_markings": null, "lanes": null, "layer": null, "lit": "yes", "maxspeed": null, "maxweight:signed": null, "maxweightrating:signed": null, "motor_vehicle": null, "name:etymology:wikidata": null, "nat_ref": null, "oneway": null, "operator": null, "operator:wikidata": null, "political_division": null, "ref": null, "segregated": null, "sidewalk": null, "smoothness": null, "source:maxspeed": null, "surface": "asphalt", "toll": null, "tunnel": null, "turn:lanes": null, "was:name": null, "width": null, "osm_id_2": "25415621", "name_2": "Rue François Martin", "highway_2": "residential", "waterway_2": null, "aerialway_2": null, "barrier_2": null, "man_made_2": null, "railway_2": null, "z_order_2": 3, "other_tags_2": "\"lit\"=>\"yes\",\"surface\"=>\"asphalt\"", "access_2": null, "bicycle_2": null, "boundary_2": null, "bridge_2": null, "cycleway_2": null, "cycleway:right_2": null, "destination_2": null, "destination:colour_2": null, "destination:ref_2": null, "destination:ref:to_2": null, "destination:symbol:to_2": null, "destination:to_2": null, "foot_2": null, "footway_2": null, "horse_2": null, "int_ref_2": null, "junction:ref_2": null, "lane_markings_2": null, "lanes_2": null, "layer_2": null, "lit_2": "yes", "maxspeed_2": null, "maxweight:signed_2": null, "maxweightrating:signed_2": null, "motor_vehicle_2": null, "name:etymology:wikidata_2": null, "nat_ref_2": null, "oneway_2": null, "operator_2": null, "operator:wikidata_2": null, "political_division_2": null, "ref_2": null, "segregated_2": null, "sidewalk_2": null, "smoothness_2": null, "source:maxspeed_2": null, "surface_2": "asphalt", "toll_2": null, "tunnel_2": null, "turn:lanes_2": null, "was:name_2": null, "width_2": null }, "geometry": { "type": "Point", "coordinates": [ 2.4798916, 48.9091249 ] } },
{ "type": "Feature", "properties": { "osm_id": "884293836", "name": "Rue Henri Mouly", "highway": "residential", "waterway": null, "aerialway": null, "barrier": null, "man_made": null, "railway": null, "z_order": 3, "other_tags": "\"lit\"=>\"yes\"", "access": null, "bicycle": null, "boundary": null, "bridge": null, "cycleway": null, "cycleway:right": null, "destination": null, "destination:colour": null, "destination:ref": null, "destination:ref:to": null, "destination:symbol:to": null, "destination:to": null, "foot": null, "footway": null, "horse": null, "int_ref": null, "junction:ref": null, "lane_markings": null, "lanes": null, "layer": null, "lit": "yes", "maxspeed": null, "maxweight:signed": null, "maxweightrating:signed": null, "motor_vehicle": null, "name:etymology:wikidata": null, "nat_ref": null, "oneway": null, "operator": null, "operator:wikidata": null, "political_division": null, "ref": null, "segregated": null, "sidewalk": null, "smoothness": null, "source:maxspeed": null, "surface": null, "toll": null, "tunnel": null, "turn:lanes": null, "was:name": null, "width": null, "osm_id_2": "1455500555", "name_2": "Route d'Aulnay", "highway_2": "tertiary", "waterway_2": null, "aerialway_2": null, "barrier_2": null, "man_made_2": null, "railway_2": null, "z_order_2": 4, "other_tags_2": "\"surface\"=>\"asphalt\"", "access_2": null, "bicycle_2": null, "boundary_2": null, "bridge_2": null, "cycleway_2": null, "cycleway:right_2": null, "destination_2": null, "destination:colour_2": null, "destination:ref_2": null, "destination:ref:to_2": null, "destination:symbol:to_2": null, "destination:to_2": null, "foot_2": null, "footway_2": null, "horse_2": null, "int_ref_2": null, "junction:ref_2": null, "lane_markings_2": null, "lanes_2": null, "layer_2": null, "lit_2": null, "maxspeed_2": null, "maxweight:signed_2": null, "maxweightrating:signed_2": null, "motor_vehicle_2": null, "name:etymology:wikidata_2": null, "nat_ref_2": null, "oneway_2": null, "operator_2": null, "operator:wikidata_2": null, "political_division_2": null, "ref_2": null, "segregated_2": null, "sidewalk_2": null, "smoothness_2": null, "source:maxspeed_2": null, "surface_2": "asphalt", "toll_2": null, "tunnel_2": null, "turn:lanes_2": null, "was:name_2": null, "width_2": null }, "geometry": { "type": "Point", "coordinates": [ 2.4801022, 48.9097618 ] } },
{ "type": "Feature", "properties": { "osm_id": "884293836", "name": "Rue Henri Mouly", "highway": "residential", "waterway": null, "aerialway": null, "barrier": null, "man_made": null, "railway": null, "z_order": 3, "other_tags": "\"lit\"=>\"yes\"", "access": null, "bicycle": null, "boundary": null, "bridge": null, "cycleway": null, "cycleway:right": null, "destination": null, "destination:colour": null, "destination:ref": null, "destination:ref:to": null, "destination:symbol:to": null, "destination:to": null, "foot": null, "footway": null, "horse": null, "int_ref": null, "junction:ref": null, "lane_markings": null, "lanes": null, "layer": null, "lit": "yes", "maxspeed": null, "maxweight:signed": null, "maxweightrating:signed": null, "motor_vehicle": null, "name:etymology:wikidata": null, "nat_ref": null, "oneway": null, "operator": null, "operator:wikidata": null, "political_division": null, "ref": null, "segregated": null, "sidewalk": null, "smoothness": null, "source:maxspeed": null, "surface": null, "toll": null, "tunnel": null, "turn:lanes": null, "was:name": null, "width": null, "osm_id_2": "132451201", "name_2": "Rue Henri Mouly", "highway_2": "residential", "waterway_2": null, "aerialway_2": null, "barrier_2": null, "man_made_2": null, "railway_2": null, "z_order_2": 3, "other_tags_2": "\"lit\"=>\"yes\",\"surface\"=>\"asphalt\"", "access_2": null, "bicycle_2": null, "boundary_2": null, "bridge_2": null, "cycleway_2": null, "cycleway:right_2": null, "destination_2": null, "destination:colour_2": null, "destination:ref_2": null, "destination:ref:to_2": null, "destination:symbol:to_2": null, "destination:to_2": null, "foot_2": null, "footway_2": null, "horse_2": null, "int_ref_2": null, "junction:ref_2": null, "lane_markings_2": null, "lanes_2": null, "layer_2": null, "lit_2": "yes", "maxspeed_2": null, "maxweight:signed_2": null, "maxweightrating:signed_2": null, "motor_vehicle_2": null, "name:etymology:wikidata_2": null, "nat_ref_2": null, "oneway_2": null, "operator_2": null, "operator:wikidata_2": null, "political_division_2": null, "ref_2": null, "segregated_2": null, "sidewalk_2": null, "smoothness_2": null, "source:maxspeed_2": null, "surface_2": "asphalt", "toll_2": null, "tunnel_2": null, "turn:lanes_2": null, "was:name_2": null, "width_2": null }, "geometry": { "type": "Point", "coordinates": [ 2.4799878, 48.9097573 ] } },
{ "type": "Feature", "properties": { "osm_id": "30115136", "name": null, "highway": "unclassified", "waterway": null, "aerialway": null, "barrier": null, "man_made": null, "railway": null, "z_order": 3, "other_tags": "\"oneway\"=>\"yes\"", "access": null, "bicycle": null, "boundary": null, "bridge": null, "cycleway": null, "cycleway:right": null, "destination": null, "destination:colour": null, "destination:ref": null, "destination:ref:to": null, "destination:symbol:to": null, "destination:to": null, "foot": null, "footway": null, "horse": null, "int_ref": null, "junction:ref": null, "lane_markings": null, "lanes": null, "layer": null, "lit": null, "maxspeed": null, "maxweight:signed": null, "maxweightrating:signed": null, "motor_vehicle": null, "name:etymology:wikidata": null, "nat_ref": null, "oneway": "yes", "operator": null, "operator:wikidata": null, "political_division": null, "ref": null, "segregated": null, "sidewalk": null, "smoothness": null, "source:maxspeed": null, "surface": null, "toll": null, "tunnel": null, "turn:lanes": null, "was:name": null, "width": null, "osm_id_2": "30091651", "name_2": null, "highway_2": "unclassified", "waterway_2": null, "aerialway_2": null, "barrier_2": null, "man_made_2": null, "railway_2": null, "z_order_2": 3, "other_tags_2": "\"oneway\"=>\"yes\"", "access_2": null, "bicycle_2": null, "boundary_2": null, "bridge_2": null, "cycleway_2": null, "cycleway:right_2": null, "destination_2": null, "destination:colour_2": null, "destination:ref_2": null, "destination:ref:to_2": null, "destination:symbol:to_2": null, "destination:to_2": null, "foot_2": null, "footway_2": null, "horse_2": null, "int_ref_2": null, "junction:ref_2": null, "lane_markings_2": null, "lanes_2": null, "layer_2": null, "lit_2": null, "maxspeed_2": null, "maxweight:signed_2": null, "maxweightrating:signed_2": null, "motor_vehicle_2": null, "name:etymology:wikidata_2": null, "nat_ref_2": null, "oneway_2": "yes", "operator_2": null, "operator:wikidata_2": null, "political_division_2": null, "ref_2": null, "segregated_2": null, "sidewalk_2": null, "smoothness_2": null, "source:maxspeed_2": null, "surface_2": null, "toll_2": null, "tunnel_2": null, "turn:lanes_2": null, "was:name_2": null, "width_2": null }, "geometry": { "type": "Point", "coordinates": [ 2.4726212, 48.9080895 ] } },
{ "type": "Feature", "properties": { "osm_id": "859161716", "name": "Rue de Bruxelles", "highway": "residential", "waterway": null, "aerialway": null, "barrier": null, "man_made": null, "railway": null, "z_order": 3, "other_tags": null, "access": null, "bicycle": null, "boundary": null, "bridge": null, "cycleway": null, "cycleway:right": null, "destination": null, "destination:colour": null, "destination:ref": null, "destination:ref:to": null, "destination:symbol:to": null, "destination:to": null, "foot": null, "footway": null, "horse": null, "int_ref": null, "junction:ref": null, "lane_markings": null, "lanes": null, "layer": null, "lit": null, "maxspeed": null, "maxweight:signed": null, "maxweightrating:signed": null, "motor_vehicle": null, "name:etymology:wikidata": null, "nat_ref": null, "oneway": null, "operator": null, "operator:wikidata": null, "political_division": null, "ref": null, "segregated": null, "sidewalk": null, "smoothness": null, "source:maxspeed": null, "surface": null, "toll": null, "tunnel": null, "turn:lanes": null, "was:name": null, "width": null, "osm_id_2": "338884090", "name_2": "Chemin de Groslay", "highway_2": "tertiary", "waterway_2": null, "aerialway_2": null, "barrier_2": null, "man_made_2": null, "railway_2": null, "z_order_2": 4, "other_tags_2": null, "access_2": null, "bicycle_2": null, "boundary_2": null, "bridge_2": null, "cycleway_2": null, "cycleway:right_2": null, "destination_2": null, "destination:colour_2": null, "destination:ref_2": null, "destination:ref:to_2": null, "destination:symbol:to_2": null, "destination:to_2": null, "foot_2": null, "footway_2": null, "horse_2": null, "int_ref_2": null, "junction:ref_2": null, "lane_markings_2": null, "lanes_2": null, "layer_2": null, "lit_2": null, "maxspeed_2": null, "maxweight:signed_2": null, "maxweightrating:signed_2": null, "motor_vehicle_2": null, "name:etymology:wikidata_2": null, "nat_ref_2": null, "oneway_2": null, "operator_2": null, "operator:wikidata_2": null, "political_division_2": null, "ref_2": null, "segregated_2": null, "sidewalk_2": null, "smoothness_2": null, "source:maxspeed_2": null, "surface_2": null, "toll_2": null, "tunnel_2": null, "turn:lanes_2": null, "was:name_2": null, "width_2": null }, "geometry": { "type": "Point", "coordinates": [ 2.4736098, 48.9098217 ] } },
{ "type": "Feature", "properties": { "osm_id": "30115126", "name": "Chemin de Groslay", "highway": "tertiary", "waterway": null, "aerialway": null, "barrier": null, "man_made": null, "railway": null, "z_order": 4, "other_tags": null, "access": null, "bicycle": null, "boundary": null, "bridge": null, "cycleway": null, "cycleway:right": null, "destination": null, "destination:colour": null, "destination:ref": null, "destination:ref:to": null, "destination:symbol:to": null, "destination:to": null, "foot": null, "footway": null, "horse": null, "int_ref": null, "junction:ref": null, "lane_markings": null, "lanes": null, "layer": null, "lit": null, "maxspeed": null, "maxweight:signed": null, "maxweightrating:signed": null, "motor_vehicle": null, "name:etymology:wikidata": null, "nat_ref": null, "oneway": null, "operator": null, "operator:wikidata": null, "political_division": null, "ref": null, "segregated": null, "sidewalk": null, "smoothness": null, "source:maxspeed": null, "surface": null, "toll": null, "tunnel": null, "turn:lanes": null, "was:name": null, "width": null, "osm_id_2": "338884090", "name_2": "Chemin de Groslay", "highway_2": "tertiary", "waterway_2": null, "aerialway_2": null, "barrier_2": null, "man_made_2": null, "railway_2": null, "z_order_2": 4, "other_tags_2": null, "access_2": null, "bicycle_2": null, "boundary_2": null, "bridge_2": null, "cycleway_2": null, "cycleway:right_2": null, "destination_2": null, "destination:colour_2": null, "destination:ref_2": null, "destination:ref:to_2": null, "destination:symbol:to_2": null, "destination:to_2": null, "foot_2": null, "footway_2": null, "horse_2": null, "int_ref_2": null, "junction:ref_2": null, "lane_markings_2": null, "lanes_2": null, "layer_2": null, "lit_2": null, "maxspeed_2": null, "maxweight:signed_2": null, "maxweightrating:signed_2": null, "motor_vehicle_2": null, "name:etymology:wikidata_2": null, "nat_ref_2": null, "oneway_2": null, "operator_2": null, "operator:wikidata_2": null, "political_division_2": null, "ref_2": null, "segregated_2": null, "sidewalk_2": null, "smoothness_2": null, "source:maxspeed_2": null, "surface_2": null, "toll_2": null, "tunnel_2": null, "turn:lanes_2": null, "was:name_2": null, "width_2": null }, "geometry": { "type": "Point", "coordinates": [ 2.4732123, 48.90933170000001 ] } },
{ "type": "Feature", "properties": { "osm_id": "30115126", "name": "Chemin de Groslay", "highway": "tertiary", "waterway": null, "aerialway": null, "barrier": null, "man_made": null, "railway": null, "z_order": 4, "other_tags": null, "access": null, "bicycle": null, "boundary": null, "bridge": null, "cycleway": null, "cycleway:right": null, "destination": null, "destination:colour": null, "destination:ref": null, "destination:ref:to": null, "destination:symbol:to": null, "destination:to": null, "foot": null, "footway": null, "horse": null, "int_ref": null, "junction:ref": null, "lane_markings": null, "lanes": null, "layer": null, "lit": null, "maxspeed": null, "maxweight:signed": null, "maxweightrating:signed": null, "motor_vehicle": null, "name:etymology:wikidata": null, "nat_ref": null, "oneway": null, "operator": null, "operator:wikidata": null, "political_division": null, "ref": null, "segregated": null, "sidewalk": null, "smoothness": null, "source:maxspeed": null, "surface": null, "toll": null, "tunnel": null, "turn:lanes": null, "was:name": null, "width": null, "osm_id_2": "30091651", "name_2": null, "highway_2": "unclassified", "waterway_2": null, "aerialway_2": null, "barrier_2": null, "man_made_2": null, "railway_2": null, "z_order_2": 3, "other_tags_2": "\"oneway\"=>\"yes\"", "access_2": null, "bicycle_2": null, "boundary_2": null, "bridge_2": null, "cycleway_2": null, "cycleway:right_2": null, "destination_2": null, "destination:colour_2": null, "destination:ref_2": null, "destination:ref:to_2": null, "destination:symbol:to_2": null, "destination:to_2": null, "foot_2": null, "footway_2": null, "horse_2": null, "int_ref_2": null, "junction:ref_2": null, "lane_markings_2": null, "lanes_2": null, "layer_2": null, "lit_2": null, "maxspeed_2": null, "maxweight:signed_2": null, "maxweightrating:signed_2": null, "motor_vehicle_2": null, "name:etymology:wikidata_2": null, "nat_ref_2": null, "oneway_2": "yes", "operator_2": null, "operator:wikidata_2": null, "political_division_2": null, "ref_2": null, "segregated_2": null, "sidewalk_2": null, "smoothness_2": null, "source:maxspeed_2": null, "surface_2": null, "toll_2": null, "tunnel_2": null, "turn:lanes_2": null, "was:name_2": null, "width_2": null }, "geometry": { "type": "Point", "coordinates": [ 2.4724714, 48.9082627 ] } },
{ "type": "Feature", "properties": { "osm_id": "398434703", "name": "Rue Roger Pannequin", "highway": "service", "waterway": null, "aerialway": null, "barrier": null, "man_made": null, "railway": null, "z_order": 0, "other_tags": "\"lanes\"=>\"2\",\"lit\"=>\"yes\",\"maxspeed\"=>\"30\",\"oneway\"=>\"yes\",\"sidewalk\"=>\"both\",\"smoothness\"=>\"good\",\"source:maxspeed\"=>\"Bing\",\"surface\"=>\"asphalt\"", "access": null, "bicycle": null, "boundary": null, "bridge": null, "cycleway": null, "cycleway:right": null, "destination": null, "destination:colour": null, "destination:ref": null, "destination:ref:to": null, "destination:symbol:to": null, "destination:to": null, "foot": null, "footway": null, "horse": null, "int_ref": null, "junction:ref": null, "lane_markings": null, "lanes": "2", "layer": null, "lit": "yes", "maxspeed": "30", "maxweight:signed": null, "maxweightrating:signed": null, "motor_vehicle": null, "name:etymology:wikidata": null, "nat_ref": null, "oneway": "yes", "operator": null, "operator:wikidata": null, "political_division": null, "ref": null, "segregated": null, "sidewalk": "both", "smoothness": "good", "source:maxspeed": "Bing", "surface": "asphalt", "toll": null, "tunnel": null, "turn:lanes": null, "was:name": null, "width": null, "osm_id_2": "166156586", "name_2": "Avenue Jean Moulin", "highway_2": "tertiary", "waterway_2": null, "aerialway_2": null, "barrier_2": null, "man_made_2": null, "railway_2": null, "z_order_2": 4, "other_tags_2": null, "access_2": null, "bicycle_2": null, "boundary_2": null, "bridge_2": null, "cycleway_2": null, "cycleway:right_2": null, "destination_2": null, "destination:colour_2": null, "destination:ref_2": null, "destination:ref:to_2": null, "destination:symbol:to_2": null, "destination:to_2": null, "foot_2": null, "footway_2": null, "horse_2": null, "int_ref_2": null, "junction:ref_2": null, "lane_markings_2": null, "lanes_2": null, "layer_2": null, "lit_2": null, "maxspeed_2": null, "maxweight:signed_2": null, "maxweightrating:signed_2": null, "motor_vehicle_2": null, "name:etymology:wikidata_2": null, "nat_ref_2": null, "oneway_2": null, "operator_2": null, "operator:wikidata_2": null, "political_division_2": null, "ref_2": null, "segregated_2": null, "sidewalk_2": null, "smoothness_2": null, "source:maxspeed_2": null, "surface_2": null, "toll_2": null, "tunnel_2": null, "turn:lanes_2": null, "was:name_2": null, "width_2": null }, "geometry": { "type": "Point", "coordinates": [ 2.4767018, 48.91101 ] } },
{ "type": "Feature", "properties": { "osm_id": "25415571", "name": "Avenue Jean-Baptiste Devillers", "highway": "residential", "waterway": null, "aerialway": null, "barrier": null, "man_made": null, "railway": null, "z_order": 3, "other_tags": "\"oneway\"=>\"yes\",\"surface\"=>\"asphalt\",\"was:name\"=>\"Chemin Latéral\"", "access": null, "bicycle": null, "boundary": null, "bridge": null, "cycleway": null, "cycleway:right": null, "destination": null, "destination:colour": null, "destination:ref": null, "destination:ref:to": null, "destination:symbol:to": null, "destination:to": null, "foot": null, "footway": null, "horse": null, "int_ref": null, "junction:ref": null, "lane_markings": null, "lanes": null, "layer": null, "lit": null, "maxspeed": null, "maxweight:signed": null, "maxweightrating:signed": null, "motor_vehicle": null, "name:etymology:wikidata": null, "nat_ref": null, "oneway": "yes", "operator": null, "operator:wikidata": null, "political_division": null, "ref": null, "segregated": null, "sidewalk": null, "smoothness": null, "source:maxspeed": null, "surface": "asphalt", "toll": null, "tunnel": null, "turn:lanes": null, "was:name": "Chemin Latéral", "width": null, "osm_id_2": "30091649", "name_2": null, "highway_2": "residential", "waterway_2": null, "aerialway_2": null, "barrier_2": null, "man_made_2": null, "railway_2": null, "z_order_2": -17, "other_tags_2": "\"layer\"=>\"-1\",\"oneway\"=>\"yes\",\"tunnel\"=>\"yes\"", "access_2": null, "bicycle_2": null, "boundary_2": null, "bridge_2": null, "cycleway_2": null, "cycleway:right_2": null, "destination_2": null, "destination:colour_2": null, "destination:ref_2": null, "destination:ref:to_2": null, "destination:symbol:to_2": null, "destination:to_2": null, "foot_2": null, "footway_2": null, "horse_2": null, "int_ref_2": null, "junction:ref_2": null, "lane_markings_2": null, "lanes_2": null, "layer_2": "-1", "lit_2": null, "maxspeed_2": null, "maxweight:signed_2": null, "maxweightrating:signed_2": null, "motor_vehicle_2": null, "name:etymology:wikidata_2": null, "nat_ref_2": null, "oneway_2": "yes", "operator_2": null, "operator:wikidata_2": null, "political_division_2": null, "ref_2": null, "segregated_2": null, "sidewalk_2": null, "smoothness_2": null, "source:maxspeed_2": null, "surface_2": null, "toll_2": null, "tunnel_2": "yes", "turn:lanes_2": null, "was:name_2": null, "width_2": null }, "geometry": { "type": "Point", "coordinates": [ 2.473568, 48.908113199999988 ] } },
{ "type": "Feature", "properties": { "osm_id": "398434703", "name": "Rue Roger Pannequin", "highway": "service", "waterway": null, "aerialway": null, "barrier": null, "man_made": null, "railway": null, "z_order": 0, "other_tags": "\"lanes\"=>\"2\",\"lit\"=>\"yes\",\"maxspeed\"=>\"30\",\"oneway\"=>\"yes\",\"sidewalk\"=>\"both\",\"smoothness\"=>\"good\",\"source:maxspeed\"=>\"Bing\",\"surface\"=>\"asphalt\"", "access": null, "bicycle": null, "boundary": null, "bridge": null, "cycleway": null, "cycleway:right": null, "destination": null, "destination:colour": null, "destination:ref": null, "destination:ref:to": null, "destination:symbol:to": null, "destination:to": null, "foot": null, "footway": null, "horse": null, "int_ref": null, "junction:ref": null, "lane_markings": null, "lanes": "2", "layer": null, "lit": "yes", "maxspeed": "30", "maxweight:signed": null, "maxweightrating:signed": null, "motor_vehicle": null, "name:etymology:wikidata": null, "nat_ref": null, "oneway": "yes", "operator": null, "operator:wikidata": null, "political_division": null, "ref": null, "segregated": null, "sidewalk": "both", "smoothness": "good", "source:maxspeed": "Bing", "surface": "asphalt", "toll": null, "tunnel": null, "turn:lanes": null, "was:name": null, "width": null, "osm_id_2": "398434528", "name_2": "Rue Rol Tanguy", "highway_2": "service", "waterway_2": null, "aerialway_2": null, "barrier_2": null, "man_made_2": null, "railway_2": null, "z_order_2": 0, "other_tags_2": "\"lanes\"=>\"2\",\"lit\"=>\"yes\",\"maxspeed\"=>\"30\",\"oneway\"=>\"yes\",\"sidewalk\"=>\"both\",\"smoothness\"=>\"good\",\"source:maxspeed\"=>\"Bing\",\"surface\"=>\"asphalt\"", "access_2": null, "bicycle_2": null, "boundary_2": null, "bridge_2": null, "cycleway_2": null, "cycleway:right_2": null, "destination_2": null, "destination:colour_2": null, "destination:ref_2": null, "destination:ref:to_2": null, "destination:symbol:to_2": null, "destination:to_2": null, "foot_2": null, "footway_2": null, "horse_2": null, "int_ref_2": null, "junction:ref_2": null, "lane_markings_2": null, "lanes_2": "2", "layer_2": null, "lit_2": "yes", "maxspeed_2": "30", "maxweight:signed_2": null, "maxweightrating:signed_2": null, "motor_vehicle_2": null, "name:etymology:wikidata_2": null, "nat_ref_2": null, "oneway_2": "yes", "operator_2": null, "operator:wikidata_2": null, "political_division_2": null, "ref_2": null, "segregated_2": null, "sidewalk_2": "both", "smoothness_2": "good", "source:maxspeed_2": "Bing", "surface_2": "asphalt", "toll_2": null, "tunnel_2": null, "turn:lanes_2": null, "was:name_2": null, "width_2": null }, "geometry": { "type": "Point", "coordinates": [ 2.4773575, 48.9109451 ] } },
{ "type": "Feature", "properties": { "osm_id": "132451207", "name": null, "highway": "residential", "waterway": null, "aerialway": null, "barrier": null, "man_made": null, "railway": null, "z_order": 3, "other_tags": "\"lit\"=>\"yes\"", "access": null, "bicycle": null, "boundary": null, "bridge": null, "cycleway": null, "cycleway:right": null, "destination": null, "destination:colour": null, "destination:ref": null, "destination:ref:to": null, "destination:symbol:to": null, "destination:to": null, "foot": null, "footway": null, "horse": null, "int_ref": null, "junction:ref": null, "lane_markings": null, "lanes": null, "layer": null, "lit": "yes", "maxspeed": null, "maxweight:signed": null, "maxweightrating:signed": null, "motor_vehicle": null, "name:etymology:wikidata": null, "nat_ref": null, "oneway": null, "operator": null, "operator:wikidata": null, "political_division": null, "ref": null, "segregated": null, "sidewalk": null, "smoothness": null, "source:maxspeed": null, "surface": null, "toll": null, "tunnel": null, "turn:lanes": null, "was:name": null, "width": null, "osm_id_2": "132451205", "name_2": null, "highway_2": "residential", "waterway_2": null, "aerialway_2": null, "barrier_2": null, "man_made_2": null, "railway_2": null, "z_order_2": 3, "other_tags_2": "\"lit\"=>\"yes\"", "access_2": null, "bicycle_2": null, "boundary_2": null, "bridge_2": null, "cycleway_2": null, "cycleway:right_2": null, "destination_2": null, "destination:colour_2": null, "destination:ref_2": null, "destination:ref:to_2": null, "destination:symbol:to_2": null, "destination:to_2": null, "foot_2": null, "footway_2": null, "horse_2": null, "int_ref_2": null, "junction:ref_2": null, "lane_markings_2": null, "lanes_2": null, "layer_2": null, "lit_2": "yes", "maxspeed_2": null, "maxweight:signed_2": null, "maxweightrating:signed_2": null, "motor_vehicle_2": null, "name:etymology:wikidata_2": null, "nat_ref_2": null, "oneway_2": null, "operator_2": null, "operator:wikidata_2": null, "political_division_2": null, "ref_2": null, "segregated_2": null, "sidewalk_2": null, "smoothness_2": null, "source:maxspeed_2": null, "surface_2": null, "toll_2": null, "tunnel_2": null, "turn:lanes_2": null, "was:name_2": null, "width_2": null }, "geometry": { "type": "Point", "coordinates": [ 2.477657, 48.9093591 ] } },
{ "type": "Feature", "properties": { "osm_id": "132451207", "name": null, "highway": "residential", "waterway": null, "aerialway": null, "barrier": null, "man_made": null, "railway": null, "z_order": 3, "other_tags": "\"lit\"=>\"yes\"", "access": null, "bicycle": null, "boundary": null, "bridge": null, "cycleway": null, "cycleway:right": null, "destination": null, "destination:colour": null, "destination:ref": null, "destination:ref:to": null, "destination:symbol:to": null, "destination:to": null, "foot": null, "footway": null, "horse": null, "int_ref": null, "junction:ref": null, "lane_markings": null, "lanes": null, "layer": null, "lit": "yes", "maxspeed": null, "maxweight:signed": null, "maxweightrating:signed": null, "motor_vehicle": null, "name:etymology:wikidata": null, "nat_ref": null, "oneway": null, "operator": null, "operator:wikidata": null, "political_division": null, "ref": null, "segregated": null, "sidewalk": null, "smoothness": null, "source:maxspeed": null, "surface": null, "toll": null, "tunnel": null, "turn:lanes": null, "was:name": null, "width": null, "osm_id_2": "132451207", "name_2": null, "highway_2": "residential", "waterway_2": null, "aerialway_2": null, "barrier_2": null, "man_made_2": null, "railway_2": null, "z_order_2": 3, "other_tags_2": "\"lit\"=>\"yes\"", "access_2": null, "bicycle_2": null, "boundary_2": null, "bridge_2": null, "cycleway_2": null, "cycleway:right_2": null, "destination_2": null, "destination:colour_2": null, "destination:ref_2": null, "destination:ref:to_2": null, "destination:symbol:to_2": null, "destination:to_2": null, "foot_2": null, "footway_2": null, "horse_2": null, "int_ref_2": null, "junction:ref_2": null, "lane_markings_2": null, "lanes_2": null, "layer_2": null, "lit_2": "yes", "maxspeed_2": null, "maxweight:signed_2": null, "maxweightrating:signed_2": null, "motor_vehicle_2": null, "name:etymology:wikidata_2": null, "nat_ref_2": null, "oneway_2": null, "operator_2": null, "operator:wikidata_2": null, "political_division_2": null, "ref_2": null, "segregated_2": null, "sidewalk_2": null, "smoothness_2": null, "source:maxspeed_2": null, "surface_2": null, "toll_2": null, "tunnel_2": null, "turn:lanes_2": null, "was:name_2": null, "width_2": null }, "geometry": { "type": "Point", "coordinates": [ 2.4774902, 48.909083799999983 ] } },
{ "type": "Feature", "properties": { "osm_id": "1455500553", "name": "Route d'Aulnay", "highway": "tertiary", "waterway": null, "aerialway": null, "barrier": null, "man_made": null, "railway": null, "z_order": 4, "other_tags": "\"cycleway\"=>\"shared_lane\",\"surface\"=>\"asphalt\"", "access": null, "bicycle": null, "boundary": null, "bridge": null, "cycleway": "shared_lane", "cycleway:right": null, "destination": null, "destination:colour": null, "destination:ref": null, "destination:ref:to": null, "destination:symbol:to": null, "destination:to": null, "foot": null, "footway": null, "horse": null, "int_ref": null, "junction:ref": null, "lane_markings": null, "lanes": null, "layer": null, "lit": null, "maxspeed": null, "maxweight:signed": null, "maxweightrating:signed": null, "motor_vehicle": null, "name:etymology:wikidata": null, "nat_ref": null, "oneway": null, "operator": null, "operator:wikidata": null, "political_division": null, "ref": null, "segregated": null, "sidewalk": null, "smoothness": null, "source:maxspeed": null, "surface": "asphalt", "toll": null, "tunnel": null, "turn:lanes": null, "was:name": null, "width": null, "osm_id_2": "338884385", "name_2": "Route d'Aulnay", "highway_2": "tertiary", "waterway_2": null, "aerialway_2": null, "barrier_2": null, "man_made_2": null, "railway_2": null, "z_order_2": 4, "other_tags_2": "\"cycleway\"=>\"lane\",\"surface\"=>\"asphalt\"", "access_2": null, "bicycle_2": null, "boundary_2": null, "bridge_2": null, "cycleway_2": "lane", "cycleway:right_2": null, "destination_2": null, "destination:colour_2": null, "destination:ref_2": null, "destination:ref:to_2": null, "destination:symbol:to_2": null, "destination:to_2": null, "foot_2": null, "footway_2": null, "horse_2": null, "int_ref_2": null, "junction:ref_2": null, "lane_markings_2": null, "lanes_2": null, "layer_2": null, "lit_2": null, "maxspeed_2": null, "maxweight:signed_2": null, "maxweightrating:signed_2": null, "motor_vehicle_2": null, "name:etymology:wikidata_2": null, "nat_ref_2": null, "oneway_2": null, "operator_2": null, "operator:wikidata_2": null, "political_division_2": null, "ref_2": null, "segregated_2": null, "sidewalk_2": null, "smoothness_2": null, "source:maxspeed_2": null, "surface_2": "asphalt", "toll_2": null, "tunnel_2": null, "turn:lanes_2": null, "was:name_2": null, "width_2": null }, "geometry": { "type": "Point", "coordinates": [ 2.4801812, 48.9081907 ] } },
{ "type": "Feature", "properties": { "osm_id": "1455500553", "name": "Route d'Aulnay", "highway": "tertiary", "waterway": null, "aerialway": null, "barrier": null, "man_made": null, "railway": null, "z_order": 4, "other_tags": "\"cycleway\"=>\"shared_lane\",\"surface\"=>\"asphalt\"", "access": null, "bicycle": null, "boundary": null, "bridge": null, "cycleway": "shared_lane", "cycleway:right": null, "destination": null, "destination:colour": null, "destination:ref": null, "destination:ref:to": null, "destination:symbol:to": null, "destination:to": null, "foot": null, "footway": null, "horse": null, "int_ref": null, "junction:ref": null, "lane_markings": null, "lanes": null, "layer": null, "lit": null, "maxspeed": null, "maxweight:signed": null, "maxweightrating:signed": null, "motor_vehicle": null, "name:etymology:wikidata": null, "nat_ref": null, "oneway": null, "operator": null, "operator:wikidata": null, "political_division": null, "ref": null, "segregated": null, "sidewalk": null, "smoothness": null, "source:maxspeed": null, "surface": "asphalt", "toll": null, "tunnel": null, "turn:lanes": null, "was:name": null, "width": null, "osm_id_2": "1455500553", "name_2": "Route d'Aulnay", "highway_2": "tertiary", "waterway_2": null, "aerialway_2": null, "barrier_2": null, "man_made_2": null, "railway_2": null, "z_order_2": 4, "other_tags_2": "\"cycleway\"=>\"shared_lane\",\"surface\"=>\"asphalt\"", "access_2": null, "bicycle_2": null, "boundary_2": null, "bridge_2": null, "cycleway_2": "shared_lane", "cycleway:right_2": null, "destination_2": null, "destination:colour_2": null, "destination:ref_2": null, "destination:ref:to_2": null, "destination:symbol:to_2": null, "destination:to_2": null, "foot_2": null, "footway_2": null, "horse_2": null, "int_ref_2": null, "junction:ref_2": null, "lane_markings_2": null, "lanes_2": null, "layer_2": null, "lit_2": null, "maxspeed_2": null, "maxweight:signed_2": null, "maxweightrating:signed_2": null, "motor_vehicle_2": null, "name:etymology:wikidata_2": null, "nat_ref_2": null, "oneway_2": null, "operator_2": null, "operator:wikidata_2": null, "political_division_2": null, "ref_2": null, "segregated_2": null, "sidewalk_2": null, "smoothness_2": null, "source:maxspeed_2": null, "surface_2": "asphalt", "toll_2": null, "tunnel_2": null, "turn:lanes_2": null, "was:name_2": null, "width_2": null }, "geometry": { "type": "Point", "coordinates": [ 2.4801742, 48.9082771 ] } },
{ "type": "Feature", "properties": { "osm_id": "248813240", "name": "Chemin de Groslay", "highway": "tertiary", "waterway": null, "aerialway": null, "barrier": null, "man_made": null, "railway": null, "z_order": 4, "other_tags": null, "access": null, "bicycle": null, "boundary": null, "bridge": null, "cycleway": null, "cycleway:right": null, "destination": null, "destination:colour": null, "destination:ref": null, "destination:ref:to": null, "destination:symbol:to": null, "destination:to": null, "foot": null, "footway": null, "horse": null, "int_ref": null, "junction:ref": null, "lane_markings": null, "lanes": null, "layer": null, "lit": null, "maxspeed": null, "maxweight:signed": null, "maxweightrating:signed": null, "motor_vehicle": null, "name:etymology:wikidata": null, "nat_ref": null, "oneway": null, "operator": null, "operator:wikidata": null, "political_division": null, "ref": null, "segregated": null, "sidewalk": null, "smoothness": null, "source:maxspeed": null, "surface": null, "toll": null, "tunnel": null, "turn:lanes": null, "was:name": null, "width": null, "osm_id_2": "248836385", "name_2": "Rue Jean-Jacques Rousseau", "highway_2": "residential", "waterway_2": null, "aerialway_2": null, "barrier_2": null, "man_made_2": null, "railway_2": null, "z_order_2": 3, "other_tags_2": "\"oneway\"=>\"yes\"", "access_2": null, "bicycle_2": null, "boundary_2": null, "bridge_2": null, "cycleway_2": null, "cycleway:right_2": null, "destination_2": null, "destination:colour_2": null, "destination:ref_2": null, "destination:ref:to_2": null, "destination:symbol:to_2": null, "destination:to_2": null, "foot_2": null, "footway_2": null, "horse_2": null, "int_ref_2": null, "junction:ref_2": null, "lane_markings_2": null, "lanes_2": null, "layer_2": null, "lit_2": null, "maxspeed_2": null, "maxweight:signed_2": null, "maxweightrating:signed_2": null, "motor_vehicle_2": null, "name:etymology:wikidata_2": null, "nat_ref_2": null, "oneway_2": "yes", "operator_2": null, "operator:wikidata_2": null, "political_division_2": null, "ref_2": null, "segregated_2": null, "sidewalk_2": null, "smoothness_2": null, "source:maxspeed_2": null, "surface_2": null, "toll_2": null, "tunnel_2": null, "turn:lanes_2": null, "was:name_2": null, "width_2": null }, "geometry": { "type": "Point", "coordinates": [ 2.474546, 48.911024 ] } },
{ "type": "Feature", "properties": { "osm_id": "1455500553", "name": "Route d'Aulnay", "highway": "tertiary", "waterway": null, "aerialway": null, "barrier": null, "man_made": null, "railway": null, "z_order": 4, "other_tags": "\"cycleway\"=>\"shared_lane\",\"surface\"=>\"asphalt\"", "access": null, "bicycle": null, "boundary": null, "bridge": null, "cycleway": "shared_lane", "cycleway:right": null, "destination": null, "destination:colour": null, "destination:ref": null, "destination:ref:to": null, "destination:symbol:to": null, "destination:to": null, "foot": null, "footway": null, "horse": null, "int_ref": null, "junction:ref": null, "lane_markings": null, "lanes": null, "layer": null, "lit": null, "maxspeed": null, "maxweight:signed": null, "maxweightrating:signed": null, "motor_vehicle": null, "name:etymology:wikidata": null, "nat_ref": null, "oneway": null, "operator": null, "operator:wikidata": null, "political_division": null, "ref": null, "segregated": null, "sidewalk": null, "smoothness": null, "source:maxspeed": null, "surface": "asphalt", "toll": null, "tunnel": null, "turn:lanes": null, "was:name": null, "width": null, "osm_id_2": "1455500553", "name_2": "Route d'Aulnay", "highway_2": "tertiary", "waterway_2": null, "aerialway_2": null, "barrier_2": null, "man_made_2": null, "railway_2": null, "z_order_2": 4, "other_tags_2": "\"cycleway\"=>\"shared_lane\",\"surface\"=>\"asphalt\"", "access_2": null, "bicycle_2": null, "boundary_2": null, "bridge_2": null, "cycleway_2": "shared_lane", "cycleway:right_2": null, "destination_2": null, "destination:colour_2": null, "destination:ref_2": null, "destination:ref:to_2": null, "destination:symbol:to_2": null, "destination:to_2": null, "foot_2": null, "footway_2": null, "horse_2": null, "int_ref_2": null, "junction:ref_2": null, "lane_markings_2": null, "lanes_2": null, "layer_2": null, "lit_2": null, "maxspeed_2": null, "maxweight:signed_2": null, "maxweightrating:signed_2": null, "motor_vehicle_2": null, "name:etymology:wikidata_2": null, "nat_ref_2": null, "oneway_2": null, "operator_2": null, "operator:wikidata_2": null, "political_division_2": null, "ref_2": null, "segregated_2": null, "sidewalk_2": null, "smoothness_2": null, "source:maxspeed_2": null, "surface_2": "asphalt", "toll_2": null, "tunnel_2": null, "turn:lanes_2": null, "was:name_2": null, "width_2": null }, "geometry": { "type": "Point", "coordinates": [ 2.48016, 48.9084294 ] } },
{ "type": "Feature", "properties": { "osm_id": "132451207", "name": null, "highway": "residential", "waterway": null, "aerialway": null, "barrier": null, "man_made": null, "railway": null, "z_order": 3, "other_tags": "\"lit\"=>\"yes\"", "access": null, "bicycle": null, "boundary": null, "bridge": null, "cycleway": null, "cycleway:right": null, "destination": null, "destination:colour": null, "destination:ref": null, "destination:ref:to": null, "destination:symbol:to": null, "destination:to": null, "foot": null, "footway": null, "horse": null, "int_ref": null, "junction:ref": null, "lane_markings": null, "lanes": null, "layer": null, "lit": "yes", "maxspeed": null, "maxweight:signed": null, "maxweightrating:signed": null, "motor_vehicle": null, "name:etymology:wikidata": null, "nat_ref": null, "oneway": null, "operator": null, "operator:wikidata": null, "political_division": null, "ref": null, "segregated": null, "sidewalk": null, "smoothness": null, "source:maxspeed": null, "surface": null, "toll": null, "tunnel": null, "turn:lanes": null, "was:name": null, "width": null, "osm_id_2": "132451205", "name_2": null, "highway_2": "residential", "waterway_2": null, "aerialway_2": null, "barrier_2": null, "man_made_2": null, "railway_2": null, "z_order_2": 3, "other_tags_2": "\"lit\"=>\"yes\"", "access_2": null, "bicycle_2": null, "boundary_2": null, "bridge_2": null, "cycleway_2": null, "cycleway:right_2": null, "destination_2": null, "destination:colour_2": null, "destination:ref_2": null, "destination:ref:to_2": null, "destination:symbol:to_2": null, "destination:to_2": null, "foot_2": null, "footway_2": null, "horse_2": null, "int_ref_2": null, "junction:ref_2": null, "lane_markings_2": null, "lanes_2": null, "layer_2": null, "lit_2": "yes", "maxspeed_2": null, "maxweight:signed_2": null, "maxweightrating:signed_2": null, "motor_vehicle_2": null, "name:etymology:wikidata_2": null, "nat_ref_2": null, "oneway_2": null, "operator_2": null, "operator:wikidata_2": null, "political_division_2": null, "ref_2": null, "segregated_2": null, "sidewalk_2": null, "smoothness_2": null, "source:maxspeed_2": null, "surface_2": null, "toll_2": null, "tunnel_2": null, "turn:lanes_2": null, "was:name_2": null, "width_2": null }, "geometry": { "type": "Point", "coordinates": [ 2.477248, 48.909343499999984 ] } },
{ "type": "Feature", "properties": { "osm_id": "132451199", "name": "Allée des Lauriers", "highway": "residential", "waterway": null, "aerialway": null, "barrier": null, "man_made": null, "railway": null, "z_order": 3, "other_tags": "\"lit\"=>\"yes\"", "access": null, "bicycle": null, "boundary": null, "bridge": null, "cycleway": null, "cycleway:right": null, "destination": null, "destination:colour": null, "destination:ref": null, "destination:ref:to": null, "destination:symbol:to": null, "destination:to": null, "foot": null, "footway": null, "horse": null, "int_ref": null, "junction:ref": null, "lane_markings": null, "lanes": null, "layer": null, "lit": "yes", "maxspeed": null, "maxweight:signed": null, "maxweightrating:signed": null, "motor_vehicle": null, "name:etymology:wikidata": null, "nat_ref": null, "oneway": null, "operator": null, "operator:wikidata": null, "political_division": null, "ref": null, "segregated": null, "sidewalk": null, "smoothness": null, "source:maxspeed": null, "surface": null, "toll": null, "tunnel": null, "turn:lanes": null, "was:name": null, "width": null, "osm_id_2": "132451201", "name_2": "Rue Henri Mouly", "highway_2": "residential", "waterway_2": null, "aerialway_2": null, "barrier_2": null, "man_made_2": null, "railway_2": null, "z_order_2": 3, "other_tags_2": "\"lit\"=>\"yes\",\"surface\"=>\"asphalt\"", "access_2": null, "bicycle_2": null, "boundary_2": null, "bridge_2": null, "cycleway_2": null, "cycleway:right_2": null, "destination_2": null, "destination:colour_2": null, "destination:ref_2": null, "destination:ref:to_2": null, "destination:symbol:to_2": null, "destination:to_2": null, "foot_2": null, "footway_2": null, "horse_2": null, "int_ref_2": null, "junction:ref_2": null, "lane_markings_2": null, "lanes_2": null, "layer_2": null, "lit_2": "yes", "maxspeed_2": null, "maxweight:signed_2": null, "maxweightrating:signed_2": null, "motor_vehicle_2": null, "name:etymology:wikidata_2": null, "nat_ref_2": null, "oneway_2": null, "operator_2": null, "operator:wikidata_2": null, "political_division_2": null, "ref_2": null, "segregated_2": null, "sidewalk_2": null, "smoothness_2": null, "source:maxspeed_2": null, "surface_2": "asphalt", "toll_2": null, "tunnel_2": null, "turn:lanes_2": null, "was:name_2": null, "width_2": null }, "geometry": { "type": "Point", "coordinates": [ 2.4763256, 48.909577 ] } },
{ "type": "Feature", "properties": { "osm_id": "25415621", "name": "Rue François Martin", "highway": "residential", "waterway": null, "aerialway": null, "barrier": null, "man_made": null, "railway": null, "z_order": 3, "other_tags": "\"lit\"=>\"yes\",\"surface\"=>\"asphalt\"", "access": null, "bicycle": null, "boundary": null, "bridge": null, "cycleway": null, "cycleway:right": null, "destination": null, "destination:colour": null, "destination:ref": null, "destination:ref:to": null, "destination:symbol:to": null, "destination:to": null, "foot": null, "footway": null, "horse": null, "int_ref": null, "junction:ref": null, "lane_markings": null, "lanes": null, "layer": null, "lit": "yes", "maxspeed": null, "maxweight:signed": null, "maxweightrating:signed": null, "motor_vehicle": null, "name:etymology:wikidata": null, "nat_ref": null, "oneway": null, "operator": null, "operator:wikidata": null, "political_division": null, "ref": null, "segregated": null, "sidewalk": null, "smoothness": null, "source:maxspeed": null, "surface": "asphalt", "toll": null, "tunnel": null, "turn:lanes": null, "was:name": null, "width": null, "osm_id_2": "25415621", "name_2": "Rue François Martin", "highway_2": "residential", "waterway_2": null, "aerialway_2": null, "barrier_2": null, "man_made_2": null, "railway_2": null, "z_order_2": 3, "other_tags_2": "\"lit\"=>\"yes\",\"surface\"=>\"asphalt\"", "access_2": null, "bicycle_2": null, "boundary_2": null, "bridge_2": null, "cycleway_2": null, "cycleway:right_2": null, "destination_2": null, "destination:colour_2": null, "destination:ref_2": null, "destination:ref:to_2": null, "destination:symbol:to_2": null, "destination:to_2": null, "foot_2": null, "footway_2": null, "horse_2": null, "int_ref_2": null, "junction:ref_2": null, "lane_markings_2": null, "lanes_2": null, "layer_2": null, "lit_2": "yes", "maxspeed_2": null, "maxweight:signed_2": null, "maxweightrating:signed_2": null, "motor_vehicle_2": null, "name:etymology:wikidata_2": null, "nat_ref_2": null, "oneway_2": null, "operator_2": null, "operator:wikidata_2": null, "political_division_2": null, "ref_2": null, "segregated_2": null, "sidewalk_2": null, "smoothness_2": null, "source:maxspeed_2": null, "surface_2": "asphalt", "toll_2": null, "tunnel_2": null, "turn:lanes_2": null, "was:name_2": null, "width_2": null }, "geometry": { "type": "Point", "coordinates": [ 2.4761939, 48.9089638 ] } },
{ "type": "Feature", "properties": { "osm_id": "1455500553", "name": "Route d'Aulnay", "highway": "tertiary", "waterway": null, "aerialway": null, "barrier": null, "man_made": null, "railway": null, "z_order": 4, "other_tags": "\"cycleway\"=>\"shared_lane\",\"surface\"=>\"asphalt\"", "access": null, "bicycle": null, "boundary": null, "bridge": null, "cycleway": "shared_lane", "cycleway:right": null, "destination": null, "destination:colour": null, "destination:ref": null, "destination:ref:to": null, "destination:symbol:to": null, "destination:to": null, "foot": null, "footway": null, "horse": null, "int_ref": null, "junction:ref": null, "lane_markings": null, "lanes": null, "layer": null, "lit": null, "maxspeed": null, "maxweight:signed": null, "maxweightrating:signed": null, "motor_vehicle": null, "name:etymology:wikidata": null, "nat_ref": null, "oneway": null, "operator": null, "operator:wikidata": null, "political_division": null, "ref": null, "segregated": null, "sidewalk": null, "smoothness": null, "source:maxspeed": null, "surface": "asphalt", "toll": null, "tunnel": null, "turn:lanes": null, "was:name": null, "width": null, "osm_id_2": "1455500554", "name_2": "Route d'Aulnay", "highway_2": "tertiary", "waterway_2": null, "aerialway_2": null, "barrier_2": null, "man_made_2": null, "railway_2": null, "z_order_2": 4, "other_tags_2": "\"cycleway:right\"=>\"lane\",\"surface\"=>\"asphalt\"", "access_2": null, "bicycle_2": null, "boundary_2": null, "bridge_2": null, "cycleway_2": null, "cycleway:right_2": "lane", "destination_2": null, "destination:colour_2": null, "destination:ref_2": null, "destination:ref:to_2": null, "destination:symbol:to_2": null, "destination:to_2": null, "foot_2": null, "footway_2": null, "horse_2": null, "int_ref_2": null, "junction:ref_2": null, "lane_markings_2": null, "lanes_2": null, "layer_2": null, "lit_2": null, "maxspeed_2": null, "maxweight:signed_2": null, "maxweightrating:signed_2": null, "motor_vehicle_2": null, "name:etymology:wikidata_2": null, "nat_ref_2": null, "oneway_2": null, "operator_2": null, "operator:wikidata_2": null, "political_division_2": null, "ref_2": null, "segregated_2": null, "sidewalk_2": null, "smoothness_2": null, "source:maxspeed_2": null, "surface_2": "asphalt", "toll_2": null, "tunnel_2": null, "turn:lanes_2": null, "was:name_2": null, "width_2": null }, "geometry": { "type": "Point", "coordinates": [ 2.4801455, 48.9085784 ] } },
{ "type": "Feature", "properties": { "osm_id": "132451198", "name": "Allée des Fougères", "highway": "residential", "waterway": null, "aerialway": null, "barrier": null, "man_made": null, "railway": null, "z_order": 3, "other_tags": "\"lit\"=>\"yes\"", "access": null, "bicycle": null, "boundary": null, "bridge": null, "cycleway": null, "cycleway:right": null, "destination": null, "destination:colour": null, "destination:ref": null, "destination:ref:to": null, "destination:symbol:to": null, "destination:to": null, "foot": null, "footway": null, "horse": null, "int_ref": null, "junction:ref": null, "lane_markings": null, "lanes": null, "layer": null, "lit": "yes", "maxspeed": null, "maxweight:signed": null, "maxweightrating:signed": null, "motor_vehicle": null, "name:etymology:wikidata": null, "nat_ref": null, "oneway": null, "operator": null, "operator:wikidata": null, "political_division": null, "ref": null, "segregated": null, "sidewalk": null, "smoothness": null, "source:maxspeed": null, "surface": null, "toll": null, "tunnel": null, "turn:lanes": null, "was:name": null, "width": null, "osm_id_2": "132451201", "name_2": "Rue Henri Mouly", "highway_2": "residential", "waterway_2": null, "aerialway_2": null, "barrier_2": null, "man_made_2": null, "railway_2": null, "z_order_2": 3, "other_tags_2": "\"lit\"=>\"yes\",\"surface\"=>\"asphalt\"", "access_2": null, "bicycle_2": null, "boundary_2": null, "bridge_2": null, "cycleway_2": null, "cycleway:right_2": null, "destination_2": null, "destination:colour_2": null, "destination:ref_2": null, "destination:ref:to_2": null, "destination:symbol:to_2": null, "destination:to_2": null, "foot_2": null, "footway_2": null, "horse_2": null, "int_ref_2": null, "junction:ref_2": null, "lane_markings_2": null, "lanes_2": null, "layer_2": null, "lit_2": "yes", "maxspeed_2": null, "maxweight:signed_2": null, "maxweightrating:signed_2": null, "motor_vehicle_2": null, "name:etymology:wikidata_2": null, "nat_ref_2": null, "oneway_2": null, "operator_2": null, "operator:wikidata_2": null, "political_division_2": null, "ref_2": null, "segregated_2": null, "sidewalk_2": null, "smoothness_2": null, "source:maxspeed_2": null, "surface_2": "asphalt", "toll_2": null, "tunnel_2": null, "turn:lanes_2": null, "was:name_2": null, "width_2": null }, "geometry": { "type": "Point", "coordinates": [ 2.4760368, 48.9095679 ] } },
{ "type": "Feature", "properties": { "osm_id": "25415621", "name": "Rue François Martin", "highway": "residential", "waterway": null, "aerialway": null, "barrier": null, "man_made": null, "railway": null, "z_order": 3, "other_tags": "\"lit\"=>\"yes\",\"surface\"=>\"asphalt\"", "access": null, "bicycle": null, "boundary": null, "bridge": null, "cycleway": null, "cycleway:right": null, "destination": null, "destination:colour": null, "destination:ref": null, "destination:ref:to": null, "destination:symbol:to": null, "destination:to": null, "foot": null, "footway": null, "horse": null, "int_ref": null, "junction:ref": null, "lane_markings": null, "lanes": null, "layer": null, "lit": "yes", "maxspeed": null, "maxweight:signed": null, "maxweightrating:signed": null, "motor_vehicle": null, "name:etymology:wikidata": null, "nat_ref": null, "oneway": null, "operator": null, "operator:wikidata": null, "political_division": null, "ref": null, "segregated": null, "sidewalk": null, "smoothness": null, "source:maxspeed": null, "surface": "asphalt", "toll": null, "tunnel": null, "turn:lanes": null, "was:name": null, "width": null, "osm_id_2": "25415621", "name_2": "Rue François Martin", "highway_2": "residential", "waterway_2": null, "aerialway_2": null, "barrier_2": null, "man_made_2": null, "railway_2": null, "z_order_2": 3, "other_tags_2": "\"lit\"=>\"yes\",\"surface\"=>\"asphalt\"", "access_2": null, "bicycle_2": null, "boundary_2": null, "bridge_2": null, "cycleway_2": null, "cycleway:right_2": null, "destination_2": null, "destination:colour_2": null, "destination:ref_2": null, "destination:ref:to_2": null, "destination:symbol:to_2": null, "destination:to_2": null, "foot_2": null, "footway_2": null, "horse_2": null, "int_ref_2": null, "junction:ref_2": null, "lane_markings_2": null, "lanes_2": null, "layer_2": null, "lit_2": "yes", "maxspeed_2": null, "maxweight:signed_2": null, "maxweightrating:signed_2": null, "motor_vehicle_2": null, "name:etymology:wikidata_2": null, "nat_ref_2": null, "oneway_2": null, "operator_2": null, "operator:wikidata_2": null, "political_division_2": null, "ref_2": null, "segregated_2": null, "sidewalk_2": null, "smoothness_2": null, "source:maxspeed_2": null, "surface_2": "asphalt", "toll_2": null, "tunnel_2": null, "turn:lanes_2": null, "was:name_2": null, "width_2": null }, "geometry": { "type": "Point", "coordinates": [ 2.4758997, 48.908952 ] } },
{ "type": "Feature", "properties": { "osm_id": "108634398", "name": "Rue Jean-Jacques Rousseau", "highway": "residential", "waterway": null, "aerialway": null, "barrier": null, "man_made": null, "railway": null, "z_order": 3, "other_tags": "\"oneway\"=>\"yes\"", "access": null, "bicycle": null, "boundary": null, "bridge": null, "cycleway": null, "cycleway:right": null, "destination": null, "destination:colour": null, "destination:ref": null, "destination:ref:to": null, "destination:symbol:to": null, "destination:to": null, "foot": null, "footway": null, "horse": null, "int_ref": null, "junction:ref": null, "lane_markings": null, "lanes": null, "layer": null, "lit": null, "maxspeed": null, "maxweight:signed": null, "maxweightrating:signed": null, "motor_vehicle": null, "name:etymology:wikidata": null, "nat_ref": null, "oneway": "yes", "operator": null, "operator:wikidata": null, "political_division": null, "ref": null, "segregated": null, "sidewalk": null, "smoothness": null, "source:maxspeed": null, "surface": null, "toll": null, "tunnel": null, "turn:lanes": null, "was:name": null, "width": null, "osm_id_2": "248836385", "name_2": "Rue Jean-Jacques Rousseau", "highway_2": "residential", "waterway_2": null, "aerialway_2": null, "barrier_2": null, "man_made_2": null, "railway_2": null, "z_order_2": 3, "other_tags_2": "\"oneway\"=>\"yes\"", "access_2": null, "bicycle_2": null, "boundary_2": null, "bridge_2": null, "cycleway_2": null, "cycleway:right_2": null, "destination_2": null, "destination:colour_2": null, "destination:ref_2": null, "destination:ref:to_2": null, "destination:symbol:to_2": null, "destination:to_2": null, "foot_2": null, "footway_2": null, "horse_2": null, "int_ref_2": null, "junction:ref_2": null, "lane_markings_2": null, "lanes_2": null, "layer_2": null, "lit_2": null, "maxspeed_2": null, "maxweight:signed_2": null, "maxweightrating:signed_2": null, "motor_vehicle_2": null, "name:etymology:wikidata_2": null, "nat_ref_2": null, "oneway_2": "yes", "operator_2": null, "operator:wikidata_2": null, "political_division_2": null, "ref_2": null, "segregated_2": null, "sidewalk_2": null, "smoothness_2": null, "source:maxspeed_2": null, "surface_2": null, "toll_2": null, "tunnel_2": null, "turn:lanes_2": null, "was:name_2": null, "width_2": null }, "geometry": { "type": "Point", "coordinates": [ 2.4749577, 48.9109547 ] } },
{ "type": "Feature", "properties": { "osm_id": "25415621", "name": "Rue François Martin", "highway": "residential", "waterway": null, "aerialway": null, "barrier": null, "man_made": null, "railway": null, "z_order": 3, "other_tags": "\"lit\"=>\"yes\",\"surface\"=>\"asphalt\"", "access": null, "bicycle": null, "boundary": null, "bridge": null, "cycleway": null, "cycleway:right": null, "destination": null, "destination:colour": null, "destination:ref": null, "destination:ref:to": null, "destination:symbol:to": null, "destination:to": null, "foot": null, "footway": null, "horse": null, "int_ref": null, "junction:ref": null, "lane_markings": null, "lanes": null, "layer": null, "lit": "yes", "maxspeed": null, "maxweight:signed": null, "maxweightrating:signed": null, "motor_vehicle": null, "name:etymology:wikidata": null, "nat_ref": null, "oneway": null, "operator": null, "operator:wikidata": null, "political_division": null, "ref": null, "segregated": null, "sidewalk": null, "smoothness": null, "source:maxspeed": null, "surface": "asphalt", "toll": null, "tunnel": null, "turn:lanes": null, "was:name": null, "width": null, "osm_id_2": "132451199", "name_2": "Allée des Lauriers", "highway_2": "residential", "waterway_2": null, "aerialway_2": null, "barrier_2": null, "man_made_2": null, "railway_2": null, "z_order_2": 3, "other_tags_2": "\"lit\"=>\"yes\"", "access_2": null, "bicycle_2": null, "boundary_2": null, "bridge_2": null, "cycleway_2": null, "cycleway:right_2": null, "destination_2": null, "destination:colour_2": null, "destination:ref_2": null, "destination:ref:to_2": null, "destination:symbol:to_2": null, "destination:to_2": null, "foot_2": null, "footway_2": null, "horse_2": null, "int_ref_2": null, "junction:ref_2": null, "lane_markings_2": null, "lanes_2": null, "layer_2": null, "lit_2": "yes", "maxspeed_2": null, "maxweight:signed_2": null, "maxweightrating:signed_2": null, "motor_vehicle_2": null, "name:etymology:wikidata_2": null, "nat_ref_2": null, "oneway_2": null, "operator_2": null, "operator:wikidata_2": null, "political_division_2": null, "ref_2": null, "segregated_2": null, "sidewalk_2": null, "smoothness_2": null, "source:maxspeed_2": null, "surface_2": null, "toll_2": null, "tunnel_2": null, "turn:lanes_2": null, "was:name_2": null, "width_2": null }, "geometry": { "type": "Point", "coordinates": [ 2.4763865, 48.908973 ] } },
{ "type": "Feature", "properties": { "osm_id": "1254352467", "name": "Rue Stéphane Hessel", "highway": "service", "waterway": null, "aerialway": null, "barrier": null, "man_made": null, "railway": null, "z_order": 0, "other_tags": "\"access\"=>\"private\"", "access": "private", "bicycle": null, "boundary": null, "bridge": null, "cycleway": null, "cycleway:right": null, "destination": null, "destination:colour": null, "destination:ref": null, "destination:ref:to": null, "destination:symbol:to": null, "destination:to": null, "foot": null, "footway": null, "horse": null, "int_ref": null, "junction:ref": null, "lane_markings": null, "lanes": null, "layer": null, "lit": null, "maxspeed": null, "maxweight:signed": null, "maxweightrating:signed": null, "motor_vehicle": null, "name:etymology:wikidata": null, "nat_ref": null, "oneway": null, "operator": null, "operator:wikidata": null, "political_division": null, "ref": null, "segregated": null, "sidewalk": null, "smoothness": null, "source:maxspeed": null, "surface": null, "toll": null, "tunnel": null, "turn:lanes": null, "was:name": null, "width": null, "osm_id_2": "1254352467", "name_2": "Rue Stéphane Hessel", "highway_2": "service", "waterway_2": null, "aerialway_2": null, "barrier_2": null, "man_made_2": null, "railway_2": null, "z_order_2": 0, "other_tags_2": "\"access\"=>\"private\"", "access_2": "private", "bicycle_2": null, "boundary_2": null, "bridge_2": null, "cycleway_2": null, "cycleway:right_2": null, "destination_2": null, "destination:colour_2": null, "destination:ref_2": null, "destination:ref:to_2": null, "destination:symbol:to_2": null, "destination:to_2": null, "foot_2": null, "footway_2": null, "horse_2": null, "int_ref_2": null, "junction:ref_2": null, "lane_markings_2": null, "lanes_2": null, "layer_2": null, "lit_2": null, "maxspeed_2": null, "maxweight:signed_2": null, "maxweightrating:signed_2": null, "motor_vehicle_2": null, "name:etymology:wikidata_2": null, "nat_ref_2": null, "oneway_2": null, "operator_2": null, "operator:wikidata_2": null, "political_division_2": null, "ref_2": null, "segregated_2": null, "sidewalk_2": null, "smoothness_2": null, "source:maxspeed_2": null, "surface_2": null, "toll_2": null, "tunnel_2": null, "turn:lanes_2": null, "was:name_2": null, "width_2": null }, "geometry": { "type": "Point", "coordinates": [ 2.4761514, 48.911 ] } },
{ "type": "Feature", "properties": { "osm_id": "108634398", "name": "Rue Jean-Jacques Rousseau", "highway": "residential", "waterway": null, "aerialway": null, "barrier": null, "man_made": null, "railway": null, "z_order": 3, "other_tags": "\"oneway\"=>\"yes\"", "access": null, "bicycle": null, "boundary": null, "bridge": null, "cycleway": null, "cycleway:right": null, "destination": null, "destination:colour": null, "destination:ref": null, "destination:ref:to": null, "destination:symbol:to": null, "destination:to": null, "foot": null, "footway": null, "horse": null, "int_ref": null, "junction:ref": null, "lane_markings": null, "lanes": null, "layer": null, "lit": null, "maxspeed": null, "maxweight:signed": null, "maxweightrating:signed": null, "motor_vehicle": null, "name:etymology:wikidata": null, "nat_ref": null, "oneway": "yes", "operator": null, "operator:wikidata": null, "political_division": null, "ref": null, "segregated": null, "sidewalk": null, "smoothness": null, "source:maxspeed": null, "surface": null, "toll": null, "tunnel": null, "turn:lanes": null, "was:name": null, "width": null, "osm_id_2": "195026404", "name_2": "Chemin de Groslay", "highway_2": "tertiary", "waterway_2": null, "aerialway_2": null, "barrier_2": null, "man_made_2": null, "railway_2": null, "z_order_2": 4, "other_tags_2": "\"lane_markings\"=>\"no\",\"surface\"=>\"asphalt\",\"width\"=>\"10\"", "access_2": null, "bicycle_2": null, "boundary_2": null, "bridge_2": null, "cycleway_2": null, "cycleway:right_2": null, "destination_2": null, "destination:colour_2": null, "destination:ref_2": null, "destination:ref:to_2": null, "destination:symbol:to_2": null, "destination:to_2": null, "foot_2": null, "footway_2": null, "horse_2": null, "int_ref_2": null, "junction:ref_2": null, "lane_markings_2": "no", "lanes_2": null, "layer_2": null, "lit_2": null, "maxspeed_2": null, "maxweight:signed_2": null, "maxweightrating:signed_2": null, "motor_vehicle_2": null, "name:etymology:wikidata_2": null, "nat_ref_2": null, "oneway_2": null, "operator_2": null, "operator:wikidata_2": null, "political_division_2": null, "ref_2": null, "segregated_2": null, "sidewalk_2": null, "smoothness_2": null, "source:maxspeed_2": null, "surface_2": "asphalt", "toll_2": null, "tunnel_2": null, "turn:lanes_2": null, "was:name_2": null, "width_2": "10" }, "geometry": { "type": "Point", "coordinates": [ 2.4746379, 48.9111861 ] } },
{ "type": "Feature", "properties": { "osm_id": "132451206", "name": null, "highway": "residential", "waterway": null, "aerialway": null, "barrier": null, "man_made": null, "railway": null, "z_order": 3, "other_tags": "\"lit\"=>\"yes\"", "access": null, "bicycle": null, "boundary": null, "bridge": null, "cycleway": null, "cycleway:right": null, "destination": null, "destination:colour": null, "destination:ref": null, "destination:ref:to": null, "destination:symbol:to": null, "destination:to": null, "foot": null, "footway": null, "horse": null, "int_ref": null, "junction:ref": null, "lane_markings": null, "lanes": null, "layer": null, "lit": "yes", "maxspeed": null, "maxweight:signed": null, "maxweightrating:signed": null, "motor_vehicle": null, "name:etymology:wikidata": null, "nat_ref": null, "oneway": null, "operator": null, "operator:wikidata": null, "political_division": null, "ref": null, "segregated": null, "sidewalk": null, "smoothness": null, "source:maxspeed": null, "surface": null, "toll": null, "tunnel": null, "turn:lanes": null, "was:name": null, "width": null, "osm_id_2": "132451202", "name_2": null, "highway_2": "residential", "waterway_2": null, "aerialway_2": null, "barrier_2": null, "man_made_2": null, "railway_2": null, "z_order_2": 3, "other_tags_2": "\"lit\"=>\"yes\"", "access_2": null, "bicycle_2": null, "boundary_2": null, "bridge_2": null, "cycleway_2": null, "cycleway:right_2": null, "destination_2": null, "destination:colour_2": null, "destination:ref_2": null, "destination:ref:to_2": null, "destination:symbol:to_2": null, "destination:to_2": null, "foot_2": null, "footway_2": null, "horse_2": null, "int_ref_2": null, "junction:ref_2": null, "lane_markings_2": null, "lanes_2": null, "layer_2": null, "lit_2": "yes", "maxspeed_2": null, "maxweight:signed_2": null, "maxweightrating:signed_2": null, "motor_vehicle_2": null, "name:etymology:wikidata_2": null, "nat_ref_2": null, "oneway_2": null, "operator_2": null, "operator:wikidata_2": null, "political_division_2": null, "ref_2": null, "segregated_2": null, "sidewalk_2": null, "smoothness_2": null, "source:maxspeed_2": null, "surface_2": null, "toll_2": null, "tunnel_2": null, "turn:lanes_2": null, "was:name_2": null, "width_2": null }, "geometry": { "type": "Point", "coordinates": [ 2.478564, 48.9093968 ] } },
{ "type": "Feature", "properties": { "osm_id": "1254352467", "name": "Rue Stéphane Hessel", "highway": "service", "waterway": null, "aerialway": null, "barrier": null, "man_made": null, "railway": null, "z_order": 0, "other_tags": "\"access\"=>\"private\"", "access": "private", "bicycle": null, "boundary": null, "bridge": null, "cycleway": null, "cycleway:right": null, "destination": null, "destination:colour": null, "destination:ref": null, "destination:ref:to": null, "destination:symbol:to": null, "destination:to": null, "foot": null, "footway": null, "horse": null, "int_ref": null, "junction:ref": null, "lane_markings": null, "lanes": null, "layer": null, "lit": null, "maxspeed": null, "maxweight:signed": null, "maxweightrating:signed": null, "motor_vehicle": null, "name:etymology:wikidata": null, "nat_ref": null, "oneway": null, "operator": null, "operator:wikidata": null, "political_division": null, "ref": null, "segregated": null, "sidewalk": null, "smoothness": null, "source:maxspeed": null, "surface": null, "toll": null, "tunnel": null, "turn:lanes": null, "was:name": null, "width": null, "osm_id_2": "166156586", "name_2": "Avenue Jean Moulin", "highway_2": "tertiary", "waterway_2": null, "aerialway_2": null, "barrier_2": null, "man_made_2": null, "railway_2": null, "z_order_2": 4, "other_tags_2": null, "access_2": null, "bicycle_2": null, "boundary_2": null, "bridge_2": null, "cycleway_2": null, "cycleway:right_2": null, "destination_2": null, "destination:colour_2": null, "destination:ref_2": null, "destination:ref:to_2": null, "destination:symbol:to_2": null, "destination:to_2": null, "foot_2": null, "footway_2": null, "horse_2": null, "int_ref_2": null, "junction:ref_2": null, "lane_markings_2": null, "lanes_2": null, "layer_2": null, "lit_2": null, "maxspeed_2": null, "maxweight:signed_2": null, "maxweightrating:signed_2": null, "motor_vehicle_2": null, "name:etymology:wikidata_2": null, "nat_ref_2": null, "oneway_2": null, "operator_2": null, "operator:wikidata_2": null, "political_division_2": null, "ref_2": null, "segregated_2": null, "sidewalk_2": null, "smoothness_2": null, "source:maxspeed_2": null, "surface_2": null, "toll_2": null, "tunnel_2": null, "turn:lanes_2": null, "was:name_2": null, "width_2": null }, "geometry": { "type": "Point", "coordinates": [ 2.4766194, 48.9108742 ] } },
{ "type": "Feature", "properties": { "osm_id": "108634391", "name": "Rue Jean-Jacques Rousseau", "highway": "residential", "waterway": null, "aerialway": null, "barrier": null, "man_made": null, "railway": null, "z_order": 3, "other_tags": null, "access": null, "bicycle": null, "boundary": null, "bridge": null, "cycleway": null, "cycleway:right": null, "destination": null, "destination:colour": null, "destination:ref": null, "destination:ref:to": null, "destination:symbol:to": null, "destination:to": null, "foot": null, "footway": null, "horse": null, "int_ref": null, "junction:ref": null, "lane_markings": null, "lanes": null, "layer": null, "lit": null, "maxspeed": null, "maxweight:signed": null, "maxweightrating:signed": null, "motor_vehicle": null, "name:etymology:wikidata": null, "nat_ref": null, "oneway": null, "operator": null, "operator:wikidata": null, "political_division": null, "ref": null, "segregated": null, "sidewalk": null, "smoothness": null, "source:maxspeed": null, "surface": null, "toll": null, "tunnel": null, "turn:lanes": null, "was:name": null, "width": null, "osm_id_2": "25415880", "name_2": "Rue Paul Renaud", "highway_2": "residential", "waterway_2": null, "aerialway_2": null, "barrier_2": null, "man_made_2": null, "railway_2": null, "z_order_2": 3, "other_tags_2": "\"lanes\"=>\"1\",\"lit\"=>\"yes\",\"maxspeed\"=>\"50\",\"oneway\"=>\"yes\",\"sidewalk\"=>\"both\",\"smoothness\"=>\"good\",\"source:maxspeed\"=>\"FR:urban\",\"surface\"=>\"asphalt\"", "access_2": null, "bicycle_2": null, "boundary_2": null, "bridge_2": null, "cycleway_2": null, "cycleway:right_2": null, "destination_2": null, "destination:colour_2": null, "destination:ref_2": null, "destination:ref:to_2": null, "destination:symbol:to_2": null, "destination:to_2": null, "foot_2": null, "footway_2": null, "horse_2": null, "int_ref_2": null, "junction:ref_2": null, "lane_markings_2": null, "lanes_2": "1", "layer_2": null, "lit_2": "yes", "maxspeed_2": "50", "maxweight:signed_2": null, "maxweightrating:signed_2": null, "motor_vehicle_2": null, "name:etymology:wikidata_2": null, "nat_ref_2": null, "oneway_2": "yes", "operator_2": null, "operator:wikidata_2": null, "political_division_2": null, "ref_2": null, "segregated_2": null, "sidewalk_2": "both", "smoothness_2": "good", "source:maxspeed_2": "FR:urban", "surface_2": "asphalt", "toll_2": null, "tunnel_2": null, "turn:lanes_2": null, "was:name_2": null, "width_2": null }, "geometry": { "type": "Point", "coordinates": [ 2.4761696, 48.9103143 ] } },
{ "type": "Feature", "properties": { "osm_id": "132451206", "name": null, "highway": "residential", "waterway": null, "aerialway": null, "barrier": null, "man_made": null, "railway": null, "z_order": 3, "other_tags": "\"lit\"=>\"yes\"", "access": null, "bicycle": null, "boundary": null, "bridge": null, "cycleway": null, "cycleway:right": null, "destination": null, "destination:colour": null, "destination:ref": null, "destination:ref:to": null, "destination:symbol:to": null, "destination:to": null, "foot": null, "footway": null, "horse": null, "int_ref": null, "junction:ref": null, "lane_markings": null, "lanes": null, "layer": null, "lit": "yes", "maxspeed": null, "maxweight:signed": null, "maxweightrating:signed": null, "motor_vehicle": null, "name:etymology:wikidata": null, "nat_ref": null, "oneway": null, "operator": null, "operator:wikidata": null, "political_division": null, "ref": null, "segregated": null, "sidewalk": null, "smoothness": null, "source:maxspeed": null, "surface": null, "toll": null, "tunnel": null, "turn:lanes": null, "was:name": null, "width": null, "osm_id_2": "132451202", "name_2": null, "highway_2": "residential", "waterway_2": null, "aerialway_2": null, "barrier_2": null, "man_made_2": null, "railway_2": null, "z_order_2": 3, "other_tags_2": "\"lit\"=>\"yes\"", "access_2": null, "bicycle_2": null, "boundary_2": null, "bridge_2": null, "cycleway_2": null, "cycleway:right_2": null, "destination_2": null, "destination:colour_2": null, "destination:ref_2": null, "destination:ref:to_2": null, "destination:symbol:to_2": null, "destination:to_2": null, "foot_2": null, "footway_2": null, "horse_2": null, "int_ref_2": null, "junction:ref_2": null, "lane_markings_2": null, "lanes_2": null, "layer_2": null, "lit_2": "yes", "maxspeed_2": null, "maxweight:signed_2": null, "maxweightrating:signed_2": null, "motor_vehicle_2": null, "name:etymology:wikidata_2": null, "nat_ref_2": null, "oneway_2": null, "operator_2": null, "operator:wikidata_2": null, "political_division_2": null, "ref_2": null, "segregated_2": null, "sidewalk_2": null, "smoothness_2": null, "source:maxspeed_2": null, "surface_2": null, "toll_2": null, "tunnel_2": null, "turn:lanes_2": null, "was:name_2": null, "width_2": null }, "geometry": { "type": "Point", "coordinates": [ 2.4789258, 48.9094085 ] } },
{ "type": "Feature", "properties": { "osm_id": "1038296548", "name": "Rue Aretha Franklin", "highway": "residential", "waterway": null, "aerialway": null, "barrier": null, "man_made": null, "railway": null, "z_order": 3, "other_tags": "\"lane_markings\"=>\"no\",\"surface\"=>\"asphalt\"", "access": null, "bicycle": null, "boundary": null, "bridge": null, "cycleway": null, "cycleway:right": null, "destination": null, "destination:colour": null, "destination:ref": null, "destination:ref:to": null, "destination:symbol:to": null, "destination:to": null, "foot": null, "footway": null, "horse": null, "int_ref": null, "junction:ref": null, "lane_markings": "no", "lanes": null, "layer": null, "lit": null, "maxspeed": null, "maxweight:signed": null, "maxweightrating:signed": null, "motor_vehicle": null, "name:etymology:wikidata": null, "nat_ref": null, "oneway": null, "operator": null, "operator:wikidata": null, "political_division": null, "ref": null, "segregated": null, "sidewalk": null, "smoothness": null, "source:maxspeed": null, "surface": "asphalt", "toll": null, "tunnel": null, "turn:lanes": null, "was:name": null, "width": null, "osm_id_2": "1548606047", "name_2": "Rue Nadia Murad", "highway_2": "residential", "waterway_2": null, "aerialway_2": null, "barrier_2": null, "man_made_2": null, "railway_2": null, "z_order_2": 3, "other_tags_2": "\"surface\"=>\"paving_stones\"", "access_2": null, "bicycle_2": null, "boundary_2": null, "bridge_2": null, "cycleway_2": null, "cycleway:right_2": null, "destination_2": null, "destination:colour_2": null, "destination:ref_2": null, "destination:ref:to_2": null, "destination:symbol:to_2": null, "destination:to_2": null, "foot_2": null, "footway_2": null, "horse_2": null, "int_ref_2": null, "junction:ref_2": null, "lane_markings_2": null, "lanes_2": null, "layer_2": null, "lit_2": null, "maxspeed_2": null, "maxweight:signed_2": null, "maxweightrating:signed_2": null, "motor_vehicle_2": null, "name:etymology:wikidata_2": null, "nat_ref_2": null, "oneway_2": null, "operator_2": null, "operator:wikidata_2": null, "political_division_2": null, "ref_2": null, "segregated_2": null, "sidewalk_2": null, "smoothness_2": null, "source:maxspeed_2": null, "surface_2": "paving_stones", "toll_2": null, "tunnel_2": null, "turn:lanes_2": null, "was:name_2": null, "width_2": null }, "geometry": { "type": "Point", "coordinates": [ 2.4763595, 48.9076748 ] } },
{ "type": "Feature", "properties": { "osm_id": "108634391", "name": "Rue Jean-Jacques Rousseau", "highway": "residential", "waterway": null, "aerialway": null, "barrier": null, "man_made": null, "railway": null, "z_order": 3, "other_tags": null, "access": null, "bicycle": null, "boundary": null, "bridge": null, "cycleway": null, "cycleway:right": null, "destination": null, "destination:colour": null, "destination:ref": null, "destination:ref:to": null, "destination:symbol:to": null, "destination:to": null, "foot": null, "footway": null, "horse": null, "int_ref": null, "junction:ref": null, "lane_markings": null, "lanes": null, "layer": null, "lit": null, "maxspeed": null, "maxweight:signed": null, "maxweightrating:signed": null, "motor_vehicle": null, "name:etymology:wikidata": null, "nat_ref": null, "oneway": null, "operator": null, "operator:wikidata": null, "political_division": null, "ref": null, "segregated": null, "sidewalk": null, "smoothness": null, "source:maxspeed": null, "surface": null, "toll": null, "tunnel": null, "turn:lanes": null, "was:name": null, "width": null, "osm_id_2": "45260805", "name_2": "Rue Jean-Jacques Rousseau", "highway_2": "residential", "waterway_2": null, "aerialway_2": null, "barrier_2": null, "man_made_2": null, "railway_2": null, "z_order_2": 3, "other_tags_2": "\"oneway\"=>\"yes\"", "access_2": null, "bicycle_2": null, "boundary_2": null, "bridge_2": null, "cycleway_2": null, "cycleway:right_2": null, "destination_2": null, "destination:colour_2": null, "destination:ref_2": null, "destination:ref:to_2": null, "destination:symbol:to_2": null, "destination:to_2": null, "foot_2": null, "footway_2": null, "horse_2": null, "int_ref_2": null, "junction:ref_2": null, "lane_markings_2": null, "lanes_2": null, "layer_2": null, "lit_2": null, "maxspeed_2": null, "maxweight:signed_2": null, "maxweightrating:signed_2": null, "motor_vehicle_2": null, "name:etymology:wikidata_2": null, "nat_ref_2": null, "oneway_2": "yes", "operator_2": null, "operator:wikidata_2": null, "political_division_2": null, "ref_2": null, "segregated_2": null, "sidewalk_2": null, "smoothness_2": null, "source:maxspeed_2": null, "surface_2": null, "toll_2": null, "tunnel_2": null, "turn:lanes_2": null, "was:name_2": null, "width_2": null }, "geometry": { "type": "Point", "coordinates": [ 2.4759987, 48.9103657 ] } },
{ "type": "Feature", "properties": { "osm_id": "25415621", "name": "Rue François Martin", "highway": "residential", "waterway": null, "aerialway": null, "barrier": null, "man_made": null, "railway": null, "z_order": 3, "other_tags": "\"lit\"=>\"yes\",\"surface\"=>\"asphalt\"", "access": null, "bicycle": null, "boundary": null, "bridge": null, "cycleway": null, "cycleway:right": null, "destination": null, "destination:colour": null, "destination:ref": null, "destination:ref:to": null, "destination:symbol:to": null, "destination:to": null, "foot": null, "footway": null, "horse": null, "int_ref": null, "junction:ref": null, "lane_markings": null, "lanes": null, "layer": null, "lit": "yes", "maxspeed": null, "maxweight:signed": null, "maxweightrating:signed": null, "motor_vehicle": null, "name:etymology:wikidata": null, "nat_ref": null, "oneway": null, "operator": null, "operator:wikidata": null, "political_division": null, "ref": null, "segregated": null, "sidewalk": null, "smoothness": null, "source:maxspeed": null, "surface": "asphalt", "toll": null, "tunnel": null, "turn:lanes": null, "was:name": null, "width": null, "osm_id_2": "25415621", "name_2": "Rue François Martin", "highway_2": "residential", "waterway_2": null, "aerialway_2": null, "barrier_2": null, "man_made_2": null, "railway_2": null, "z_order_2": 3, "other_tags_2": "\"lit\"=>\"yes\",\"surface\"=>\"asphalt\"", "access_2": null, "bicycle_2": null, "boundary_2": null, "bridge_2": null, "cycleway_2": null, "cycleway:right_2": null, "destination_2": null, "destination:colour_2": null, "destination:ref_2": null, "destination:ref:to_2": null, "destination:symbol:to_2": null, "destination:to_2": null, "foot_2": null, "footway_2": null, "horse_2": null, "int_ref_2": null, "junction:ref_2": null, "lane_markings_2": null, "lanes_2": null, "layer_2": null, "lit_2": "yes", "maxspeed_2": null, "maxweight:signed_2": null, "maxweightrating:signed_2": null, "motor_vehicle_2": null, "name:etymology:wikidata_2": null, "nat_ref_2": null, "oneway_2": null, "operator_2": null, "operator:wikidata_2": null, "political_division_2": null, "ref_2": null, "segregated_2": null, "sidewalk_2": null, "smoothness_2": null, "source:maxspeed_2": null, "surface_2": "asphalt", "toll_2": null, "tunnel_2": null, "turn:lanes_2": null, "was:name_2": null, "width_2": null }, "geometry": { "type": "Point", "coordinates": [ 2.4774986, 48.9090268 ] } },
{ "type": "Feature", "properties": { "osm_id": "1038296548", "name": "Rue Aretha Franklin", "highway": "residential", "waterway": null, "aerialway": null, "barrier": null, "man_made": null, "railway": null, "z_order": 3, "other_tags": "\"lane_markings\"=>\"no\",\"surface\"=>\"asphalt\"", "access": null, "bicycle": null, "boundary": null, "bridge": null, "cycleway": null, "cycleway:right": null, "destination": null, "destination:colour": null, "destination:ref": null, "destination:ref:to": null, "destination:symbol:to": null, "destination:to": null, "foot": null, "footway": null, "horse": null, "int_ref": null, "junction:ref": null, "lane_markings": "no", "lanes": null, "layer": null, "lit": null, "maxspeed": null, "maxweight:signed": null, "maxweightrating:signed": null, "motor_vehicle": null, "name:etymology:wikidata": null, "nat_ref": null, "oneway": null, "operator": null, "operator:wikidata": null, "political_division": null, "ref": null, "segregated": null, "sidewalk": null, "smoothness": null, "source:maxspeed": null, "surface": "asphalt", "toll": null, "tunnel": null, "turn:lanes": null, "was:name": null, "width": null, "osm_id_2": "132451774", "name_2": "Allée des Glaïeuls", "highway_2": "residential", "waterway_2": null, "aerialway_2": null, "barrier_2": null, "man_made_2": null, "railway_2": null, "z_order_2": 3, "other_tags_2": "\"lit\"=>\"yes\",\"surface\"=>\"asphalt\"", "access_2": null, "bicycle_2": null, "boundary_2": null, "bridge_2": null, "cycleway_2": null, "cycleway:right_2": null, "destination_2": null, "destination:colour_2": null, "destination:ref_2": null, "destination:ref:to_2": null, "destination:symbol:to_2": null, "destination:to_2": null, "foot_2": null, "footway_2": null, "horse_2": null, "int_ref_2": null, "junction:ref_2": null, "lane_markings_2": null, "lanes_2": null, "layer_2": null, "lit_2": "yes", "maxspeed_2": null, "maxweight:signed_2": null, "maxweightrating:signed_2": null, "motor_vehicle_2": null, "name:etymology:wikidata_2": null, "nat_ref_2": null, "oneway_2": null, "operator_2": null, "operator:wikidata_2": null, "political_division_2": null, "ref_2": null, "segregated_2": null, "sidewalk_2": null, "smoothness_2": null, "source:maxspeed_2": null, "surface_2": "asphalt", "toll_2": null, "tunnel_2": null, "turn:lanes_2": null, "was:name_2": null, "width_2": null }, "geometry": { "type": "Point", "coordinates": [ 2.4762893, 48.9082497 ] } },
{ "type": "Feature", "properties": { "osm_id": "108634383", "name": "Rue Jean-Jacques Rousseau", "highway": "residential", "waterway": null, "aerialway": null, "barrier": null, "man_made": null, "railway": null, "z_order": 3, "other_tags": "\"oneway\"=>\"yes\"", "access": null, "bicycle": null, "boundary": null, "bridge": null, "cycleway": null, "cycleway:right": null, "destination": null, "destination:colour": null, "destination:ref": null, "destination:ref:to": null, "destination:symbol:to": null, "destination:to": null, "foot": null, "footway": null, "horse": null, "int_ref": null, "junction:ref": null, "lane_markings": null, "lanes": null, "layer": null, "lit": null, "maxspeed": null, "maxweight:signed": null, "maxweightrating:signed": null, "motor_vehicle": null, "name:etymology:wikidata": null, "nat_ref": null, "oneway": "yes", "operator": null, "operator:wikidata": null, "political_division": null, "ref": null, "segregated": null, "sidewalk": null, "smoothness": null, "source:maxspeed": null, "surface": null, "toll": null, "tunnel": null, "turn:lanes": null, "was:name": null, "width": null, "osm_id_2": "32468355", "name_2": "Rue Jean-Jacques Rousseau", "highway_2": "residential", "waterway_2": null, "aerialway_2": null, "barrier_2": null, "man_made_2": null, "railway_2": null, "z_order_2": 3, "other_tags_2": "\"oneway\"=>\"yes\"", "access_2": null, "bicycle_2": null, "boundary_2": null, "bridge_2": null, "cycleway_2": null, "cycleway:right_2": null, "destination_2": null, "destination:colour_2": null, "destination:ref_2": null, "destination:ref:to_2": null, "destination:symbol:to_2": null, "destination:to_2": null, "foot_2": null, "footway_2": null, "horse_2": null, "int_ref_2": null, "junction:ref_2": null, "lane_markings_2": null, "lanes_2": null, "layer_2": null, "lit_2": null, "maxspeed_2": null, "maxweight:signed_2": null, "maxweightrating:signed_2": null, "motor_vehicle_2": null, "name:etymology:wikidata_2": null, "nat_ref_2": null, "oneway_2": "yes", "operator_2": null, "operator:wikidata_2": null, "political_division_2": null, "ref_2": null, "segregated_2": null, "sidewalk_2": null, "smoothness_2": null, "source:maxspeed_2": null, "surface_2": null, "toll_2": null, "tunnel_2": null, "turn:lanes_2": null, "was:name_2": null, "width_2": null }, "geometry": { "type": "Point", "coordinates": [ 2.4750548, 48.9107682 ] } },
{ "type": "Feature", "properties": { "osm_id": "108634383", "name": "Rue Jean-Jacques Rousseau", "highway": "residential", "waterway": null, "aerialway": null, "barrier": null, "man_made": null, "railway": null, "z_order": 3, "other_tags": "\"oneway\"=>\"yes\"", "access": null, "bicycle": null, "boundary": null, "bridge": null, "cycleway": null, "cycleway:right": null, "destination": null, "destination:colour": null, "destination:ref": null, "destination:ref:to": null, "destination:symbol:to": null, "destination:to": null, "foot": null, "footway": null, "horse": null, "int_ref": null, "junction:ref": null, "lane_markings": null, "lanes": null, "layer": null, "lit": null, "maxspeed": null, "maxweight:signed": null, "maxweightrating:signed": null, "motor_vehicle": null, "name:etymology:wikidata": null, "nat_ref": null, "oneway": "yes", "operator": null, "operator:wikidata": null, "political_division": null, "ref": null, "segregated": null, "sidewalk": null, "smoothness": null, "source:maxspeed": null, "surface": null, "toll": null, "tunnel": null, "turn:lanes": null, "was:name": null, "width": null, "osm_id_2": "45260805", "name_2": "Rue Jean-Jacques Rousseau", "highway_2": "residential", "waterway_2": null, "aerialway_2": null, "barrier_2": null, "man_made_2": null, "railway_2": null, "z_order_2": 3, "other_tags_2": "\"oneway\"=>\"yes\"", "access_2": null, "bicycle_2": null, "boundary_2": null, "bridge_2": null, "cycleway_2": null, "cycleway:right_2": null, "destination_2": null, "destination:colour_2": null, "destination:ref_2": null, "destination:ref:to_2": null, "destination:symbol:to_2": null, "destination:to_2": null, "foot_2": null, "footway_2": null, "horse_2": null, "int_ref_2": null, "junction:ref_2": null, "lane_markings_2": null, "lanes_2": null, "layer_2": null, "lit_2": null, "maxspeed_2": null, "maxweight:signed_2": null, "maxweightrating:signed_2": null, "motor_vehicle_2": null, "name:etymology:wikidata_2": null, "nat_ref_2": null, "oneway_2": "yes", "operator_2": null, "operator:wikidata_2": null, "political_division_2": null, "ref_2": null, "segregated_2": null, "sidewalk_2": null, "smoothness_2": null, "source:maxspeed_2": null, "surface_2": null, "toll_2": null, "tunnel_2": null, "turn:lanes_2": null, "was:name_2": null, "width_2": null }, "geometry": { "type": "Point", "coordinates": [ 2.4754512, 48.9105496 ] } },
{ "type": "Feature", "properties": { "osm_id": "338884090", "name": "Chemin de Groslay", "highway": "tertiary", "waterway": null, "aerialway": null, "barrier": null, "man_made": null, "railway": null, "z_order": 4, "other_tags": null, "access": null, "bicycle": null, "boundary": null, "bridge": null, "cycleway": null, "cycleway:right": null, "destination": null, "destination:colour": null, "destination:ref": null, "destination:ref:to": null, "destination:symbol:to": null, "destination:to": null, "foot": null, "footway": null, "horse": null, "int_ref": null, "junction:ref": null, "lane_markings": null, "lanes": null, "layer": null, "lit": null, "maxspeed": null, "maxweight:signed": null, "maxweightrating:signed": null, "motor_vehicle": null, "name:etymology:wikidata": null, "nat_ref": null, "oneway": null, "operator": null, "operator:wikidata": null, "political_division": null, "ref": null, "segregated": null, "sidewalk": null, "smoothness": null, "source:maxspeed": null, "surface": null, "toll": null, "tunnel": null, "turn:lanes": null, "was:name": null, "width": null, "osm_id_2": "338884090", "name_2": "Chemin de Groslay", "highway_2": "tertiary", "waterway_2": null, "aerialway_2": null, "barrier_2": null, "man_made_2": null, "railway_2": null, "z_order_2": 4, "other_tags_2": null, "access_2": null, "bicycle_2": null, "boundary_2": null, "bridge_2": null, "cycleway_2": null, "cycleway:right_2": null, "destination_2": null, "destination:colour_2": null, "destination:ref_2": null, "destination:ref:to_2": null, "destination:symbol:to_2": null, "destination:to_2": null, "foot_2": null, "footway_2": null, "horse_2": null, "int_ref_2": null, "junction:ref_2": null, "lane_markings_2": null, "lanes_2": null, "layer_2": null, "lit_2": null, "maxspeed_2": null, "maxweight:signed_2": null, "maxweightrating:signed_2": null, "motor_vehicle_2": null, "name:etymology:wikidata_2": null, "nat_ref_2": null, "oneway_2": null, "operator_2": null, "operator:wikidata_2": null, "political_division_2": null, "ref_2": null, "segregated_2": null, "sidewalk_2": null, "smoothness_2": null, "source:maxspeed_2": null, "surface_2": null, "toll_2": null, "tunnel_2": null, "turn:lanes_2": null, "was:name_2": null, "width_2": null }, "geometry": { "type": "Point", "coordinates": [ 2.4741951, 48.910476 ] } },
{ "type": "Feature", "properties": { "osm_id": "1548606047", "name": "Rue Nadia Murad", "highway": "residential", "waterway": null, "aerialway": null, "barrier": null, "man_made": null, "railway": null, "z_order": 3, "other_tags": "\"surface\"=>\"paving_stones\"", "access": null, "bicycle": null, "boundary": null, "bridge": null, "cycleway": null, "cycleway:right": null, "destination": null, "destination:colour": null, "destination:ref": null, "destination:ref:to": null, "destination:symbol:to": null, "destination:to": null, "foot": null, "footway": null, "horse": null, "int_ref": null, "junction:ref": null, "lane_markings": null, "lanes": null, "layer": null, "lit": null, "maxspeed": null, "maxweight:signed": null, "maxweightrating:signed": null, "motor_vehicle": null, "name:etymology:wikidata": null, "nat_ref": null, "oneway": null, "operator": null, "operator:wikidata": null, "political_division": null, "ref": null, "segregated": null, "sidewalk": null, "smoothness": null, "source:maxspeed": null, "surface": "paving_stones", "toll": null, "tunnel": null, "turn:lanes": null, "was:name": null, "width": null, "osm_id_2": "1548606047", "name_2": "Rue Nadia Murad", "highway_2": "residential", "waterway_2": null, "aerialway_2": null, "barrier_2": null, "man_made_2": null, "railway_2": null, "z_order_2": 3, "other_tags_2": "\"surface\"=>\"paving_stones\"", "access_2": null, "bicycle_2": null, "boundary_2": null, "bridge_2": null, "cycleway_2": null, "cycleway:right_2": null, "destination_2": null, "destination:colour_2": null, "destination:ref_2": null, "destination:ref:to_2": null, "destination:symbol:to_2": null, "destination:to_2": null, "foot_2": null, "footway_2": null, "horse_2": null, "int_ref_2": null, "junction:ref_2": null, "lane_markings_2": null, "lanes_2": null, "layer_2": null, "lit_2": null, "maxspeed_2": null, "maxweight:signed_2": null, "maxweightrating:signed_2": null, "motor_vehicle_2": null, "name:etymology:wikidata_2": null, "nat_ref_2": null, "oneway_2": null, "operator_2": null, "operator:wikidata_2": null, "political_division_2": null, "ref_2": null, "segregated_2": null, "sidewalk_2": null, "smoothness_2": null, "source:maxspeed_2": null, "surface_2": "paving_stones", "toll_2": null, "tunnel_2": null, "turn:lanes_2": null, "was:name_2": null, "width_2": null }, "geometry": { "type": "Point", "coordinates": [ 2.4776495, 48.9077686 ] } },
{ "type": "Feature", "properties": { "osm_id": "25415621", "name": "Rue François Martin", "highway": "residential", "waterway": null, "aerialway": null, "barrier": null, "man_made": null, "railway": null, "z_order": 3, "other_tags": "\"lit\"=>\"yes\",\"surface\"=>\"asphalt\"", "access": null, "bicycle": null, "boundary": null, "bridge": null, "cycleway": null, "cycleway:right": null, "destination": null, "destination:colour": null, "destination:ref": null, "destination:ref:to": null, "destination:symbol:to": null, "destination:to": null, "foot": null, "footway": null, "horse": null, "int_ref": null, "junction:ref": null, "lane_markings": null, "lanes": null, "layer": null, "lit": "yes", "maxspeed": null, "maxweight:signed": null, "maxweightrating:signed": null, "motor_vehicle": null, "name:etymology:wikidata": null, "nat_ref": null, "oneway": null, "operator": null, "operator:wikidata": null, "political_division": null, "ref": null, "segregated": null, "sidewalk": null, "smoothness": null, "source:maxspeed": null, "surface": "asphalt", "toll": null, "tunnel": null, "turn:lanes": null, "was:name": null, "width": null, "osm_id_2": "132451779", "name_2": null, "highway_2": "residential", "waterway_2": null, "aerialway_2": null, "barrier_2": null, "man_made_2": null, "railway_2": null, "z_order_2": 3, "other_tags_2": "\"lit\"=>\"yes\"", "access_2": null, "bicycle_2": null, "boundary_2": null, "bridge_2": null, "cycleway_2": null, "cycleway:right_2": null, "destination_2": null, "destination:colour_2": null, "destination:ref_2": null, "destination:ref:to_2": null, "destination:symbol:to_2": null, "destination:to_2": null, "foot_2": null, "footway_2": null, "horse_2": null, "int_ref_2": null, "junction:ref_2": null, "lane_markings_2": null, "lanes_2": null, "layer_2": null, "lit_2": "yes", "maxspeed_2": null, "maxweight:signed_2": null, "maxweightrating:signed_2": null, "motor_vehicle_2": null, "name:etymology:wikidata_2": null, "nat_ref_2": null, "oneway_2": null, "operator_2": null, "operator:wikidata_2": null, "political_division_2": null, "ref_2": null, "segregated_2": null, "sidewalk_2": null, "smoothness_2": null, "source:maxspeed_2": null, "surface_2": null, "toll_2": null, "tunnel_2": null, "turn:lanes_2": null, "was:name_2": null, "width_2": null }, "geometry": { "type": "Point", "coordinates": [ 2.4787767, 48.9090792 ] } },
{ "type": "Feature", "properties": { "osm_id": "108634383", "name": "Rue Jean-Jacques Rousseau", "highway": "residential", "waterway": null, "aerialway": null, "barrier": null, "man_made": null, "railway": null, "z_order": 3, "other_tags": "\"oneway\"=>\"yes\"", "access": null, "bicycle": null, "boundary": null, "bridge": null, "cycleway": null, "cycleway:right": null, "destination": null, "destination:colour": null, "destination:ref": null, "destination:ref:to": null, "destination:symbol:to": null, "destination:to": null, "foot": null, "footway": null, "horse": null, "int_ref": null, "junction:ref": null, "lane_markings": null, "lanes": null, "layer": null, "lit": null, "maxspeed": null, "maxweight:signed": null, "maxweightrating:signed": null, "motor_vehicle": null, "name:etymology:wikidata": null, "nat_ref": null, "oneway": "yes", "operator": null, "operator:wikidata": null, "political_division": null, "ref": null, "segregated": null, "sidewalk": null, "smoothness": null, "source:maxspeed": null, "surface": null, "toll": null, "tunnel": null, "turn:lanes": null, "was:name": null, "width": null, "osm_id_2": "338884090", "name_2": "Chemin de Groslay", "highway_2": "tertiary", "waterway_2": null, "aerialway_2": null, "barrier_2": null, "man_made_2": null, "railway_2": null, "z_order_2": 4, "other_tags_2": null, "access_2": null, "bicycle_2": null, "boundary_2": null, "bridge_2": null, "cycleway_2": null, "cycleway:right_2": null, "destination_2": null, "destination:colour_2": null, "destination:ref_2": null, "destination:ref:to_2": null, "destination:symbol:to_2": null, "destination:to_2": null, "foot_2": null, "footway_2": null, "horse_2": null, "int_ref_2": null, "junction:ref_2": null, "lane_markings_2": null, "lanes_2": null, "layer_2": null, "lit_2": null, "maxspeed_2": null, "maxweight:signed_2": null, "maxweightrating:signed_2": null, "motor_vehicle_2": null, "name:etymology:wikidata_2": null, "nat_ref_2": null, "oneway_2": null, "operator_2": null, "operator:wikidata_2": null, "political_division_2": null, "ref_2": null, "segregated_2": null, "sidewalk_2": null, "smoothness_2": null, "source:maxspeed_2": null, "surface_2": null, "toll_2": null, "tunnel_2": null, "turn:lanes_2": null, "was:name_2": null, "width_2": null }, "geometry": { "type": "Point", "coordinates": [ 2.4742854, 48.9105967 ] } },
{ "type": "Feature", "properties": { "osm_id": "1455500555", "name": "Route d'Aulnay", "highway": "tertiary", "waterway": null, "aerialway": null, "barrier": null, "man_made": null, "railway": null, "z_order": 4, "other_tags": "\"surface\"=>\"asphalt\"", "access": null, "bicycle": null, "boundary": null, "bridge": null, "cycleway": null, "cycleway:right": null, "destination": null, "destination:colour": null, "destination:ref": null, "destination:ref:to": null, "destination:symbol:to": null, "destination:to": null, "foot": null, "footway": null, "horse": null, "int_ref": null, "junction:ref": null, "lane_markings": null, "lanes": null, "layer": null, "lit": null, "maxspeed": null, "maxweight:signed": null, "maxweightrating:signed": null, "motor_vehicle": null, "name:etymology:wikidata": null, "nat_ref": null, "oneway": null, "operator": null, "operator:wikidata": null, "political_division": null, "ref": null, "segregated": null, "sidewalk": null, "smoothness": null, "source:maxspeed": null, "surface": "asphalt", "toll": null, "tunnel": null, "turn:lanes": null, "was:name": null, "width": null, "osm_id_2": "1455500555", "name_2": "Route d'Aulnay", "highway_2": "tertiary", "waterway_2": null, "aerialway_2": null, "barrier_2": null, "man_made_2": null, "railway_2": null, "z_order_2": 4, "other_tags_2": "\"surface\"=>\"asphalt\"", "access_2": null, "bicycle_2": null, "boundary_2": null, "bridge_2": null, "cycleway_2": null, "cycleway:right_2": null, "destination_2": null, "destination:colour_2": null, "destination:ref_2": null, "destination:ref:to_2": null, "destination:symbol:to_2": null, "destination:to_2": null, "foot_2": null, "footway_2": null, "horse_2": null, "int_ref_2": null, "junction:ref_2": null, "lane_markings_2": null, "lanes_2": null, "layer_2": null, "lit_2": null, "maxspeed_2": null, "maxweight:signed_2": null, "maxweightrating:signed_2": null, "motor_vehicle_2": null, "name:etymology:wikidata_2": null, "nat_ref_2": null, "oneway_2": null, "operator_2": null, "operator:wikidata_2": null, "political_division_2": null, "ref_2": null, "segregated_2": null, "sidewalk_2": null, "smoothness_2": null, "source:maxspeed_2": null, "surface_2": "asphalt", "toll_2": null, "tunnel_2": null, "turn:lanes_2": null, "was:name_2": null, "width_2": null }, "geometry": { "type": "Point", "coordinates": [ 2.4800865, 48.9093865 ] } },
{ "type": "Feature", "properties": { "osm_id": "25415880", "name": "Rue Paul Renaud", "highway": "residential", "waterway": null, "aerialway": null, "barrier": null, "man_made": null, "railway": null, "z_order": 3, "other_tags": "\"lanes\"=>\"1\",\"lit\"=>\"yes\",\"maxspeed\"=>\"50\",\"oneway\"=>\"yes\",\"sidewalk\"=>\"both\",\"smoothness\"=>\"good\",\"source:maxspeed\"=>\"FR:urban\",\"surface\"=>\"asphalt\"", "access": null, "bicycle": null, "boundary": null, "bridge": null, "cycleway": null, "cycleway:right": null, "destination": null, "destination:colour": null, "destination:ref": null, "destination:ref:to": null, "destination:symbol:to": null, "destination:to": null, "foot": null, "footway": null, "horse": null, "int_ref": null, "junction:ref": null, "lane_markings": null, "lanes": "1", "layer": null, "lit": "yes", "maxspeed": "50", "maxweight:signed": null, "maxweightrating:signed": null, "motor_vehicle": null, "name:etymology:wikidata": null, "nat_ref": null, "oneway": "yes", "operator": null, "operator:wikidata": null, "political_division": null, "ref": null, "segregated": null, "sidewalk": "both", "smoothness": "good", "source:maxspeed": "FR:urban", "surface": "asphalt", "toll": null, "tunnel": null, "turn:lanes": null, "was:name": null, "width": null, "osm_id_2": "25415880", "name_2": "Rue Paul Renaud", "highway_2": "residential", "waterway_2": null, "aerialway_2": null, "barrier_2": null, "man_made_2": null, "railway_2": null, "z_order_2": 3, "other_tags_2": "\"lanes\"=>\"1\",\"lit\"=>\"yes\",\"maxspeed\"=>\"50\",\"oneway\"=>\"yes\",\"sidewalk\"=>\"both\",\"smoothness\"=>\"good\",\"source:maxspeed\"=>\"FR:urban\",\"surface\"=>\"asphalt\"", "access_2": null, "bicycle_2": null, "boundary_2": null, "bridge_2": null, "cycleway_2": null, "cycleway:right_2": null, "destination_2": null, "destination:colour_2": null, "destination:ref_2": null, "destination:ref:to_2": null, "destination:symbol:to_2": null, "destination:to_2": null, "foot_2": null, "footway_2": null, "horse_2": null, "int_ref_2": null, "junction:ref_2": null, "lane_markings_2": null, "lanes_2": "1", "layer_2": null, "lit_2": "yes", "maxspeed_2": "50", "maxweight:signed_2": null, "maxweightrating:signed_2": null, "motor_vehicle_2": null, "name:etymology:wikidata_2": null, "nat_ref_2": null, "oneway_2": "yes", "operator_2": null, "operator:wikidata_2": null, "political_division_2": null, "ref_2": null, "segregated_2": null, "sidewalk_2": "both", "smoothness_2": "good", "source:maxspeed_2": "FR:urban", "surface_2": "asphalt", "toll_2": null, "tunnel_2": null, "turn:lanes_2": null, "was:name_2": null, "width_2": null }, "geometry": { "type": "Point", "coordinates": [ 2.4796731, 48.9103156 ] } },
{ "type": "Feature", "properties": { "osm_id": "132451200", "name": "Allée des Tulipes", "highway": "residential", "waterway": null, "aerialway": null, "barrier": null, "man_made": null, "railway": null, "z_order": 3, "other_tags": "\"lit\"=>\"yes\",\"surface\"=>\"asphalt\"", "access": null, "bicycle": null, "boundary": null, "bridge": null, "cycleway": null, "cycleway:right": null, "destination": null, "destination:colour": null, "destination:ref": null, "destination:ref:to": null, "destination:symbol:to": null, "destination:to": null, "foot": null, "footway": null, "horse": null, "int_ref": null, "junction:ref": null, "lane_markings": null, "lanes": null, "layer": null, "lit": "yes", "maxspeed": null, "maxweight:signed": null, "maxweightrating:signed": null, "motor_vehicle": null, "name:etymology:wikidata": null, "nat_ref": null, "oneway": null, "operator": null, "operator:wikidata": null, "political_division": null, "ref": null, "segregated": null, "sidewalk": null, "smoothness": null, "source:maxspeed": null, "surface": "asphalt", "toll": null, "tunnel": null, "turn:lanes": null, "was:name": null, "width": null, "osm_id_2": "134577038", "name_2": null, "highway_2": "residential", "waterway_2": null, "aerialway_2": null, "barrier_2": null, "man_made_2": null, "railway_2": null, "z_order_2": 3, "other_tags_2": null, "access_2": null, "bicycle_2": null, "boundary_2": null, "bridge_2": null, "cycleway_2": null, "cycleway:right_2": null, "destination_2": null, "destination:colour_2": null, "destination:ref_2": null, "destination:ref:to_2": null, "destination:symbol:to_2": null, "destination:to_2": null, "foot_2": null, "footway_2": null, "horse_2": null, "int_ref_2": null, "junction:ref_2": null, "lane_markings_2": null, "lanes_2": null, "layer_2": null, "lit_2": null, "maxspeed_2": null, "maxweight:signed_2": null, "maxweightrating:signed_2": null, "motor_vehicle_2": null, "name:etymology:wikidata_2": null, "nat_ref_2": null, "oneway_2": null, "operator_2": null, "operator:wikidata_2": null, "political_division_2": null, "ref_2": null, "segregated_2": null, "sidewalk_2": null, "smoothness_2": null, "source:maxspeed_2": null, "surface_2": null, "toll_2": null, "tunnel_2": null, "turn:lanes_2": null, "was:name_2": null, "width_2": null }, "geometry": { "type": "Point", "coordinates": [ 2.4758606, 48.9093281 ] } },
{ "type": "Feature", "properties": { "osm_id": "25415621", "name": "Rue François Martin", "highway": "residential", "waterway": null, "aerialway": null, "barrier": null, "man_made": null, "railway": null, "z_order": 3, "other_tags": "\"lit\"=>\"yes\",\"surface\"=>\"asphalt\"", "access": null, "bicycle": null, "boundary": null, "bridge": null, "cycleway": null, "cycleway:right": null, "destination": null, "destination:colour": null, "destination:ref": null, "destination:ref:to": null, "destination:symbol:to": null, "destination:to": null, "foot": null, "footway": null, "horse": null, "int_ref": null, "junction:ref": null, "lane_markings": null, "lanes": null, "layer": null, "lit": "yes", "maxspeed": null, "maxweight:signed": null, "maxweightrating:signed": null, "motor_vehicle": null, "name:etymology:wikidata": null, "nat_ref": null, "oneway": null, "operator": null, "operator:wikidata": null, "political_division": null, "ref": null, "segregated": null, "sidewalk": null, "smoothness": null, "source:maxspeed": null, "surface": "asphalt", "toll": null, "tunnel": null, "turn:lanes": null, "was:name": null, "width": null, "osm_id_2": "134577039", "name_2": null, "highway_2": "residential", "waterway_2": null, "aerialway_2": null, "barrier_2": null, "man_made_2": null, "railway_2": null, "z_order_2": 3, "other_tags_2": "\"surface\"=>\"asphalt\"", "access_2": null, "bicycle_2": null, "boundary_2": null, "bridge_2": null, "cycleway_2": null, "cycleway:right_2": null, "destination_2": null, "destination:colour_2": null, "destination:ref_2": null, "destination:ref:to_2": null, "destination:symbol:to_2": null, "destination:to_2": null, "foot_2": null, "footway_2": null, "horse_2": null, "int_ref_2": null, "junction:ref_2": null, "lane_markings_2": null, "lanes_2": null, "layer_2": null, "lit_2": null, "maxspeed_2": null, "maxweight:signed_2": null, "maxweightrating:signed_2": null, "motor_vehicle_2": null, "name:etymology:wikidata_2": null, "nat_ref_2": null, "oneway_2": null, "operator_2": null, "operator:wikidata_2": null, "political_division_2": null, "ref_2": null, "segregated_2": null, "sidewalk_2": null, "smoothness_2": null, "source:maxspeed_2": null, "surface_2": "asphalt", "toll_2": null, "tunnel_2": null, "turn:lanes_2": null, "was:name_2": null, "width_2": null }, "geometry": { "type": "Point", "coordinates": [ 2.4748009, 48.9089001 ] } },
{ "type": "Feature", "properties": { "osm_id": "1455500555", "name": "Route d'Aulnay", "highway": "tertiary", "waterway": null, "aerialway": null, "barrier": null, "man_made": null, "railway": null, "z_order": 4, "other_tags": "\"surface\"=>\"asphalt\"", "access": null, "bicycle": null, "boundary": null, "bridge": null, "cycleway": null, "cycleway:right": null, "destination": null, "destination:colour": null, "destination:ref": null, "destination:ref:to": null, "destination:symbol:to": null, "destination:to": null, "foot": null, "footway": null, "horse": null, "int_ref": null, "junction:ref": null, "lane_markings": null, "lanes": null, "layer": null, "lit": null, "maxspeed": null, "maxweight:signed": null, "maxweightrating:signed": null, "motor_vehicle": null, "name:etymology:wikidata": null, "nat_ref": null, "oneway": null, "operator": null, "operator:wikidata": null, "political_division": null, "ref": null, "segregated": null, "sidewalk": null, "smoothness": null, "source:maxspeed": null, "surface": "asphalt", "toll": null, "tunnel": null, "turn:lanes": null, "was:name": null, "width": null, "osm_id_2": "1455500555", "name_2": "Route d'Aulnay", "highway_2": "tertiary", "waterway_2": null, "aerialway_2": null, "barrier_2": null, "man_made_2": null, "railway_2": null, "z_order_2": 4, "other_tags_2": "\"surface\"=>\"asphalt\"", "access_2": null, "bicycle_2": null, "boundary_2": null, "bridge_2": null, "cycleway_2": null, "cycleway:right_2": null, "destination_2": null, "destination:colour_2": null, "destination:ref_2": null, "destination:ref:to_2": null, "destination:symbol:to_2": null, "destination:to_2": null, "foot_2": null, "footway_2": null, "horse_2": null, "int_ref_2": null, "junction:ref_2": null, "lane_markings_2": null, "lanes_2": null, "layer_2": null, "lit_2": null, "maxspeed_2": null, "maxweight:signed_2": null, "maxweightrating:signed_2": null, "motor_vehicle_2": null, "name:etymology:wikidata_2": null, "nat_ref_2": null, "oneway_2": null, "operator_2": null, "operator:wikidata_2": null, "political_division_2": null, "ref_2": null, "segregated_2": null, "sidewalk_2": null, "smoothness_2": null, "source:maxspeed_2": null, "surface_2": "asphalt", "toll_2": null, "tunnel_2": null, "turn:lanes_2": null, "was:name_2": null, "width_2": null }, "geometry": { "type": "Point", "coordinates": [ 2.4801187, 48.9098854 ] } },
{ "type": "Feature", "properties": { "osm_id": "25415621", "name": "Rue François Martin", "highway": "residential", "waterway": null, "aerialway": null, "barrier": null, "man_made": null, "railway": null, "z_order": 3, "other_tags": "\"lit\"=>\"yes\",\"surface\"=>\"asphalt\"", "access": null, "bicycle": null, "boundary": null, "bridge": null, "cycleway": null, "cycleway:right": null, "destination": null, "destination:colour": null, "destination:ref": null, "destination:ref:to": null, "destination:symbol:to": null, "destination:to": null, "foot": null, "footway": null, "horse": null, "int_ref": null, "junction:ref": null, "lane_markings": null, "lanes": null, "layer": null, "lit": "yes", "maxspeed": null, "maxweight:signed": null, "maxweightrating:signed": null, "motor_vehicle": null, "name:etymology:wikidata": null, "nat_ref": null, "oneway": null, "operator": null, "operator:wikidata": null, "political_division": null, "ref": null, "segregated": null, "sidewalk": null, "smoothness": null, "source:maxspeed": null, "surface": "asphalt", "toll": null, "tunnel": null, "turn:lanes": null, "was:name": null, "width": null, "osm_id_2": "25415621", "name_2": "Rue François Martin", "highway_2": "residential", "waterway_2": null, "aerialway_2": null, "barrier_2": null, "man_made_2": null, "railway_2": null, "z_order_2": 3, "other_tags_2": "\"lit\"=>\"yes\",\"surface\"=>\"asphalt\"", "access_2": null, "bicycle_2": null, "boundary_2": null, "bridge_2": null, "cycleway_2": null, "cycleway:right_2": null, "destination_2": null, "destination:colour_2": null, "destination:ref_2": null, "destination:ref:to_2": null, "destination:symbol:to_2": null, "destination:to_2": null, "foot_2": null, "footway_2": null, "horse_2": null, "int_ref_2": null, "junction:ref_2": null, "lane_markings_2": null, "lanes_2": null, "layer_2": null, "lit_2": "yes", "maxspeed_2": null, "maxweight:signed_2": null, "maxweightrating:signed_2": null, "motor_vehicle_2": null, "name:etymology:wikidata_2": null, "nat_ref_2": null, "oneway_2": null, "operator_2": null, "operator:wikidata_2": null, "political_division_2": null, "ref_2": null, "segregated_2": null, "sidewalk_2": null, "smoothness_2": null, "source:maxspeed_2": null, "surface_2": "asphalt", "toll_2": null, "tunnel_2": null, "turn:lanes_2": null, "was:name_2": null, "width_2": null }, "geometry": { "type": "Point", "coordinates": [ 2.4748901, 48.9089041 ] } },
{ "type": "Feature", "properties": { "osm_id": "132451200", "name": "Allée des Tulipes", "highway": "residential", "waterway": null, "aerialway": null, "barrier": null, "man_made": null, "railway": null, "z_order": 3, "other_tags": "\"lit\"=>\"yes\",\"surface\"=>\"asphalt\"", "access": null, "bicycle": null, "boundary": null, "bridge": null, "cycleway": null, "cycleway:right": null, "destination": null, "destination:colour": null, "destination:ref": null, "destination:ref:to": null, "destination:symbol:to": null, "destination:to": null, "foot": null, "footway": null, "horse": null, "int_ref": null, "junction:ref": null, "lane_markings": null, "lanes": null, "layer": null, "lit": "yes", "maxspeed": null, "maxweight:signed": null, "maxweightrating:signed": null, "motor_vehicle": null, "name:etymology:wikidata": null, "nat_ref": null, "oneway": null, "operator": null, "operator:wikidata": null, "political_division": null, "ref": null, "segregated": null, "sidewalk": null, "smoothness": null, "source:maxspeed": null, "surface": "asphalt", "toll": null, "tunnel": null, "turn:lanes": null, "was:name": null, "width": null, "osm_id_2": "134577036", "name_2": null, "highway_2": "residential", "waterway_2": null, "aerialway_2": null, "barrier_2": null, "man_made_2": null, "railway_2": null, "z_order_2": 3, "other_tags_2": null, "access_2": null, "bicycle_2": null, "boundary_2": null, "bridge_2": null, "cycleway_2": null, "cycleway:right_2": null, "destination_2": null, "destination:colour_2": null, "destination:ref_2": null, "destination:ref:to_2": null, "destination:symbol:to_2": null, "destination:to_2": null, "foot_2": null, "footway_2": null, "horse_2": null, "int_ref_2": null, "junction:ref_2": null, "lane_markings_2": null, "lanes_2": null, "layer_2": null, "lit_2": null, "maxspeed_2": null, "maxweight:signed_2": null, "maxweightrating:signed_2": null, "motor_vehicle_2": null, "name:etymology:wikidata_2": null, "nat_ref_2": null, "oneway_2": null, "operator_2": null, "operator:wikidata_2": null, "political_division_2": null, "ref_2": null, "segregated_2": null, "sidewalk_2": null, "smoothness_2": null, "source:maxspeed_2": null, "surface_2": null, "toll_2": null, "tunnel_2": null, "turn:lanes_2": null, "was:name_2": null, "width_2": null }, "geometry": { "type": "Point", "coordinates": [ 2.4758411, 48.9095053 ] } },
{ "type": "Feature", "properties": { "osm_id": "25415621", "name": "Rue François Martin", "highway": "residential", "waterway": null, "aerialway": null, "barrier": null, "man_made": null, "railway": null, "z_order": 3, "other_tags": "\"lit\"=>\"yes\",\"surface\"=>\"asphalt\"", "access": null, "bicycle": null, "boundary": null, "bridge": null, "cycleway": null, "cycleway:right": null, "destination": null, "destination:colour": null, "destination:ref": null, "destination:ref:to": null, "destination:symbol:to": null, "destination:to": null, "foot": null, "footway": null, "horse": null, "int_ref": null, "junction:ref": null, "lane_markings": null, "lanes": null, "layer": null, "lit": "yes", "maxspeed": null, "maxweight:signed": null, "maxweightrating:signed": null, "motor_vehicle": null, "name:etymology:wikidata": null, "nat_ref": null, "oneway": null, "operator": null, "operator:wikidata": null, "political_division": null, "ref": null, "segregated": null, "sidewalk": null, "smoothness": null, "source:maxspeed": null, "surface": "asphalt", "toll": null, "tunnel": null, "turn:lanes": null, "was:name": null, "width": null, "osm_id_2": "134576761", "name_2": "Allée des Azalées", "highway_2": "residential", "waterway_2": null, "aerialway_2": null, "barrier_2": null, "man_made_2": null, "railway_2": null, "z_order_2": 3, "other_tags_2": "\"surface\"=>\"asphalt\"", "access_2": null, "bicycle_2": null, "boundary_2": null, "bridge_2": null, "cycleway_2": null, "cycleway:right_2": null, "destination_2": null, "destination:colour_2": null, "destination:ref_2": null, "destination:ref:to_2": null, "destination:symbol:to_2": null, "destination:to_2": null, "foot_2": null, "footway_2": null, "horse_2": null, "int_ref_2": null, "junction:ref_2": null, "lane_markings_2": null, "lanes_2": null, "layer_2": null, "lit_2": null, "maxspeed_2": null, "maxweight:signed_2": null, "maxweightrating:signed_2": null, "motor_vehicle_2": null, "name:etymology:wikidata_2": null, "nat_ref_2": null, "oneway_2": null, "operator_2": null, "operator:wikidata_2": null, "political_division_2": null, "ref_2": null, "segregated_2": null, "sidewalk_2": null, "smoothness_2": null, "source:maxspeed_2": null, "surface_2": "asphalt", "toll_2": null, "tunnel_2": null, "turn:lanes_2": null, "was:name_2": null, "width_2": null }, "geometry": { "type": "Point", "coordinates": [ 2.4750723, 48.9089124 ] } },
{ "type": "Feature", "properties": { "osm_id": "134577039", "name": null, "highway": "residential", "waterway": null, "aerialway": null, "barrier": null, "man_made": null, "railway": null, "z_order": 3, "other_tags": "\"surface\"=>\"asphalt\"", "access": null, "bicycle": null, "boundary": null, "bridge": null, "cycleway": null, "cycleway:right": null, "destination": null, "destination:colour": null, "destination:ref": null, "destination:ref:to": null, "destination:symbol:to": null, "destination:to": null, "foot": null, "footway": null, "horse": null, "int_ref": null, "junction:ref": null, "lane_markings": null, "lanes": null, "layer": null, "lit": null, "maxspeed": null, "maxweight:signed": null, "maxweightrating:signed": null, "motor_vehicle": null, "name:etymology:wikidata": null, "nat_ref": null, "oneway": null, "operator": null, "operator:wikidata": null, "political_division": null, "ref": null, "segregated": null, "sidewalk": null, "smoothness": null, "source:maxspeed": null, "surface": "asphalt", "toll": null, "tunnel": null, "turn:lanes": null, "was:name": null, "width": null, "osm_id_2": "134577039", "name_2": null, "highway_2": "residential", "waterway_2": null, "aerialway_2": null, "barrier_2": null, "man_made_2": null, "railway_2": null, "z_order_2": 3, "other_tags_2": "\"surface\"=>\"asphalt\"", "access_2": null, "bicycle_2": null, "boundary_2": null, "bridge_2": null, "cycleway_2": null, "cycleway:right_2": null, "destination_2": null, "destination:colour_2": null, "destination:ref_2": null, "destination:ref:to_2": null, "destination:symbol:to_2": null, "destination:to_2": null, "foot_2": null, "footway_2": null, "horse_2": null, "int_ref_2": null, "junction:ref_2": null, "lane_markings_2": null, "lanes_2": null, "layer_2": null, "lit_2": null, "maxspeed_2": null, "maxweight:signed_2": null, "maxweightrating:signed_2": null, "motor_vehicle_2": null, "name:etymology:wikidata_2": null, "nat_ref_2": null, "oneway_2": null, "operator_2": null, "operator:wikidata_2": null, "political_division_2": null, "ref_2": null, "segregated_2": null, "sidewalk_2": null, "smoothness_2": null, "source:maxspeed_2": null, "surface_2": "asphalt", "toll_2": null, "tunnel_2": null, "turn:lanes_2": null, "was:name_2": null, "width_2": null }, "geometry": { "type": "Point", "coordinates": [ 2.4751175, 48.909478 ] } },
{ "type": "Feature", "properties": { "osm_id": "1455500554", "name": "Route d'Aulnay", "highway": "tertiary", "waterway": null, "aerialway": null, "barrier": null, "man_made": null, "railway": null, "z_order": 4, "other_tags": "\"cycleway:right\"=>\"lane\",\"surface\"=>\"asphalt\"", "access": null, "bicycle": null, "boundary": null, "bridge": null, "cycleway": null, "cycleway:right": "lane", "destination": null, "destination:colour": null, "destination:ref": null, "destination:ref:to": null, "destination:symbol:to": null, "destination:to": null, "foot": null, "footway": null, "horse": null, "int_ref": null, "junction:ref": null, "lane_markings": null, "lanes": null, "layer": null, "lit": null, "maxspeed": null, "maxweight:signed": null, "maxweightrating:signed": null, "motor_vehicle": null, "name:etymology:wikidata": null, "nat_ref": null, "oneway": null, "operator": null, "operator:wikidata": null, "political_division": null, "ref": null, "segregated": null, "sidewalk": null, "smoothness": null, "source:maxspeed": null, "surface": "asphalt", "toll": null, "tunnel": null, "turn:lanes": null, "was:name": null, "width": null, "osm_id_2": "1455500554", "name_2": "Route d'Aulnay", "highway_2": "tertiary", "waterway_2": null, "aerialway_2": null, "barrier_2": null, "man_made_2": null, "railway_2": null, "z_order_2": 4, "other_tags_2": "\"cycleway:right\"=>\"lane\",\"surface\"=>\"asphalt\"", "access_2": null, "bicycle_2": null, "boundary_2": null, "bridge_2": null, "cycleway_2": null, "cycleway:right_2": "lane", "destination_2": null, "destination:colour_2": null, "destination:ref_2": null, "destination:ref:to_2": null, "destination:symbol:to_2": null, "destination:to_2": null, "foot_2": null, "footway_2": null, "horse_2": null, "int_ref_2": null, "junction:ref_2": null, "lane_markings_2": null, "lanes_2": null, "layer_2": null, "lit_2": null, "maxspeed_2": null, "maxweight:signed_2": null, "maxweightrating:signed_2": null, "motor_vehicle_2": null, "name:etymology:wikidata_2": null, "nat_ref_2": null, "oneway_2": null, "operator_2": null, "operator:wikidata_2": null, "political_division_2": null, "ref_2": null, "segregated_2": null, "sidewalk_2": null, "smoothness_2": null, "source:maxspeed_2": null, "surface_2": "asphalt", "toll_2": null, "tunnel_2": null, "turn:lanes_2": null, "was:name_2": null, "width_2": null }, "geometry": { "type": "Point", "coordinates": [ 2.480113, 48.9090402 ] } },
{ "type": "Feature", "properties": { "osm_id": "134577038", "name": null, "highway": "residential", "waterway": null, "aerialway": null, "barrier": null, "man_made": null, "railway": null, "z_order": 3, "other_tags": null, "access": null, "bicycle": null, "boundary": null, "bridge": null, "cycleway": null, "cycleway:right": null, "destination": null, "destination:colour": null, "destination:ref": null, "destination:ref:to": null, "destination:symbol:to": null, "destination:to": null, "foot": null, "footway": null, "horse": null, "int_ref": null, "junction:ref": null, "lane_markings": null, "lanes": null, "layer": null, "lit": null, "maxspeed": null, "maxweight:signed": null, "maxweightrating:signed": null, "motor_vehicle": null, "name:etymology:wikidata": null, "nat_ref": null, "oneway": null, "operator": null, "operator:wikidata": null, "political_division": null, "ref": null, "segregated": null, "sidewalk": null, "smoothness": null, "source:maxspeed": null, "surface": null, "toll": null, "tunnel": null, "turn:lanes": null, "was:name": null, "width": null, "osm_id_2": "134577039", "name_2": null, "highway_2": "residential", "waterway_2": null, "aerialway_2": null, "barrier_2": null, "man_made_2": null, "railway_2": null, "z_order_2": 3, "other_tags_2": "\"surface\"=>\"asphalt\"", "access_2": null, "bicycle_2": null, "boundary_2": null, "bridge_2": null, "cycleway_2": null, "cycleway:right_2": null, "destination_2": null, "destination:colour_2": null, "destination:ref_2": null, "destination:ref:to_2": null, "destination:symbol:to_2": null, "destination:to_2": null, "foot_2": null, "footway_2": null, "horse_2": null, "int_ref_2": null, "junction:ref_2": null, "lane_markings_2": null, "lanes_2": null, "layer_2": null, "lit_2": null, "maxspeed_2": null, "maxweight:signed_2": null, "maxweightrating:signed_2": null, "motor_vehicle_2": null, "name:etymology:wikidata_2": null, "nat_ref_2": null, "oneway_2": null, "operator_2": null, "operator:wikidata_2": null, "political_division_2": null, "ref_2": null, "segregated_2": null, "sidewalk_2": null, "smoothness_2": null, "source:maxspeed_2": null, "surface_2": "asphalt", "toll_2": null, "tunnel_2": null, "turn:lanes_2": null, "was:name_2": null, "width_2": null }, "geometry": { "type": "Point", "coordinates": [ 2.4749788, 48.909298 ] } },
{ "type": "Feature", "properties": { "osm_id": "132451202", "name": null, "highway": "residential", "waterway": null, "aerialway": null, "barrier": null, "man_made": null, "railway": null, "z_order": 3, "other_tags": "\"lit\"=>\"yes\"", "access": null, "bicycle": null, "boundary": null, "bridge": null, "cycleway": null, "cycleway:right": null, "destination": null, "destination:colour": null, "destination:ref": null, "destination:ref:to": null, "destination:symbol:to": null, "destination:to": null, "foot": null, "footway": null, "horse": null, "int_ref": null, "junction:ref": null, "lane_markings": null, "lanes": null, "layer": null, "lit": "yes", "maxspeed": null, "maxweight:signed": null, "maxweightrating:signed": null, "motor_vehicle": null, "name:etymology:wikidata": null, "nat_ref": null, "oneway": null, "operator": null, "operator:wikidata": null, "political_division": null, "ref": null, "segregated": null, "sidewalk": null, "smoothness": null, "source:maxspeed": null, "surface": null, "toll": null, "tunnel": null, "turn:lanes": null, "was:name": null, "width": null, "osm_id_2": "132451779", "name_2": null, "highway_2": "residential", "waterway_2": null, "aerialway_2": null, "barrier_2": null, "man_made_2": null, "railway_2": null, "z_order_2": 3, "other_tags_2": "\"lit\"=>\"yes\"", "access_2": null, "bicycle_2": null, "boundary_2": null, "bridge_2": null, "cycleway_2": null, "cycleway:right_2": null, "destination_2": null, "destination:colour_2": null, "destination:ref_2": null, "destination:ref:to_2": null, "destination:symbol:to_2": null, "destination:to_2": null, "foot_2": null, "footway_2": null, "horse_2": null, "int_ref_2": null, "junction:ref_2": null, "lane_markings_2": null, "lanes_2": null, "layer_2": null, "lit_2": "yes", "maxspeed_2": null, "maxweight:signed_2": null, "maxweightrating:signed_2": null, "motor_vehicle_2": null, "name:etymology:wikidata_2": null, "nat_ref_2": null, "oneway_2": null, "operator_2": null, "operator:wikidata_2": null, "political_division_2": null, "ref_2": null, "segregated_2": null, "sidewalk_2": null, "smoothness_2": null, "source:maxspeed_2": null, "surface_2": null, "toll_2": null, "tunnel_2": null, "turn:lanes_2": null, "was:name_2": null, "width_2": null }, "geometry": { "type": "Point", "coordinates": [ 2.4787683, 48.9091447 ] } },
{ "type": "Feature", "properties": { "osm_id": "132451200", "name": "Allée des Tulipes", "highway": "residential", "waterway": null, "aerialway": null, "barrier": null, "man_made": null, "railway": null, "z_order": 3, "other_tags": "\"lit\"=>\"yes\",\"surface\"=>\"asphalt\"", "access": null, "bicycle": null, "boundary": null, "bridge": null, "cycleway": null, "cycleway:right": null, "destination": null, "destination:colour": null, "destination:ref": null, "destination:ref:to": null, "destination:symbol:to": null, "destination:to": null, "foot": null, "footway": null, "horse": null, "int_ref": null, "junction:ref": null, "lane_markings": null, "lanes": null, "layer": null, "lit": "yes", "maxspeed": null, "maxweight:signed": null, "maxweightrating:signed": null, "motor_vehicle": null, "name:etymology:wikidata": null, "nat_ref": null, "oneway": null, "operator": null, "operator:wikidata": null, "political_division": null, "ref": null, "segregated": null, "sidewalk": null, "smoothness": null, "source:maxspeed": null, "surface": "asphalt", "toll": null, "tunnel": null, "turn:lanes": null, "was:name": null, "width": null, "osm_id_2": "132451201", "name_2": "Rue Henri Mouly", "highway_2": "residential", "waterway_2": null, "aerialway_2": null, "barrier_2": null, "man_made_2": null, "railway_2": null, "z_order_2": 3, "other_tags_2": "\"lit\"=>\"yes\",\"surface\"=>\"asphalt\"", "access_2": null, "bicycle_2": null, "boundary_2": null, "bridge_2": null, "cycleway_2": null, "cycleway:right_2": null, "destination_2": null, "destination:colour_2": null, "destination:ref_2": null, "destination:ref:to_2": null, "destination:symbol:to_2": null, "destination:to_2": null, "foot_2": null, "footway_2": null, "horse_2": null, "int_ref_2": null, "junction:ref_2": null, "lane_markings_2": null, "lanes_2": null, "layer_2": null, "lit_2": "yes", "maxspeed_2": null, "maxweight:signed_2": null, "maxweightrating:signed_2": null, "motor_vehicle_2": null, "name:etymology:wikidata_2": null, "nat_ref_2": null, "oneway_2": null, "operator_2": null, "operator:wikidata_2": null, "political_division_2": null, "ref_2": null, "segregated_2": null, "sidewalk_2": null, "smoothness_2": null, "source:maxspeed_2": null, "surface_2": "asphalt", "toll_2": null, "tunnel_2": null, "turn:lanes_2": null, "was:name_2": null, "width_2": null }, "geometry": { "type": "Point", "coordinates": [ 2.4758349, 48.9095616 ] } },
{ "type": "Feature", "properties": { "osm_id": "30091649", "name": null, "highway": "residential", "waterway": null, "aerialway": null, "barrier": null, "man_made": null, "railway": null, "z_order": -17, "other_tags": "\"layer\"=>\"-1\",\"oneway\"=>\"yes\",\"tunnel\"=>\"yes\"", "access": null, "bicycle": null, "boundary": null, "bridge": null, "cycleway": null, "cycleway:right": null, "destination": null, "destination:colour": null, "destination:ref": null, "destination:ref:to": null, "destination:symbol:to": null, "destination:to": null, "foot": null, "footway": null, "horse": null, "int_ref": null, "junction:ref": null, "lane_markings": null, "lanes": null, "layer": "-1", "lit": null, "maxspeed": null, "maxweight:signed": null, "maxweightrating:signed": null, "motor_vehicle": null, "name:etymology:wikidata": null, "nat_ref": null, "oneway": "yes", "operator": null, "operator:wikidata": null, "political_division": null, "ref": null, "segregated": null, "sidewalk": null, "smoothness": null, "source:maxspeed": null, "surface": null, "toll": null, "tunnel": "yes", "turn:lanes": null, "was:name": null, "width": null, "osm_id_2": "30115136", "name_2": null, "highway_2": "unclassified", "waterway_2": null, "aerialway_2": null, "barrier_2": null, "man_made_2": null, "railway_2": null, "z_order_2": 3, "other_tags_2": "\"oneway\"=>\"yes\"", "access_2": null, "bicycle_2": null, "boundary_2": null, "bridge_2": null, "cycleway_2": null, "cycleway:right_2": null, "destination_2": null, "destination:colour_2": null, "destination:ref_2": null, "destination:ref:to_2": null, "destination:symbol:to_2": null, "destination:to_2": null, "foot_2": null, "footway_2": null, "horse_2": null, "int_ref_2": null, "junction:ref_2": null, "lane_markings_2": null, "lanes_2": null, "layer_2": null, "lit_2": null, "maxspeed_2": null, "maxweight:signed_2": null, "maxweightrating:signed_2": null, "motor_vehicle_2": null, "name:etymology:wikidata_2": null, "nat_ref_2": null, "oneway_2": "yes", "operator_2": null, "operator:wikidata_2": null, "political_division_2": null, "ref_2": null, "segregated_2": null, "sidewalk_2": null, "smoothness_2": null, "source:maxspeed_2": null, "surface_2": null, "toll_2": null, "tunnel_2": null, "turn:lanes_2": null, "was:name_2": null, "width_2": null }, "geometry": { "type": "Point", "coordinates": [ 2.4728478, 48.9081013 ] } },
{ "type": "Feature", "properties": { "osm_id": "25415880", "name": "Rue Paul Renaud", "highway": "residential", "waterway": null, "aerialway": null, "barrier": null, "man_made": null, "railway": null, "z_order": 3, "other_tags": "\"lanes\"=>\"1\",\"lit\"=>\"yes\",\"maxspeed\"=>\"50\",\"oneway\"=>\"yes\",\"sidewalk\"=>\"both\",\"smoothness\"=>\"good\",\"source:maxspeed\"=>\"FR:urban\",\"surface\"=>\"asphalt\"", "access": null, "bicycle": null, "boundary": null, "bridge": null, "cycleway": null, "cycleway:right": null, "destination": null, "destination:colour": null, "destination:ref": null, "destination:ref:to": null, "destination:symbol:to": null, "destination:to": null, "foot": null, "footway": null, "horse": null, "int_ref": null, "junction:ref": null, "lane_markings": null, "lanes": "1", "layer": null, "lit": "yes", "maxspeed": "50", "maxweight:signed": null, "maxweightrating:signed": null, "motor_vehicle": null, "name:etymology:wikidata": null, "nat_ref": null, "oneway": "yes", "operator": null, "operator:wikidata": null, "political_division": null, "ref": null, "segregated": null, "sidewalk": "both", "smoothness": "good", "source:maxspeed": "FR:urban", "surface": "asphalt", "toll": null, "tunnel": null, "turn:lanes": null, "was:name": null, "width": null, "osm_id_2": "25415880", "name_2": "Rue Paul Renaud", "highway_2": "residential", "waterway_2": null, "aerialway_2": null, "barrier_2": null, "man_made_2": null, "railway_2": null, "z_order_2": 3, "other_tags_2": "\"lanes\"=>\"1\",\"lit\"=>\"yes\",\"maxspeed\"=>\"50\",\"oneway\"=>\"yes\",\"sidewalk\"=>\"both\",\"smoothness\"=>\"good\",\"source:maxspeed\"=>\"FR:urban\",\"surface\"=>\"asphalt\"", "access_2": null, "bicycle_2": null, "boundary_2": null, "bridge_2": null, "cycleway_2": null, "cycleway:right_2": null, "destination_2": null, "destination:colour_2": null, "destination:ref_2": null, "destination:ref:to_2": null, "destination:symbol:to_2": null, "destination:to_2": null, "foot_2": null, "footway_2": null, "horse_2": null, "int_ref_2": null, "junction:ref_2": null, "lane_markings_2": null, "lanes_2": "1", "layer_2": null, "lit_2": "yes", "maxspeed_2": "50", "maxweight:signed_2": null, "maxweightrating:signed_2": null, "motor_vehicle_2": null, "name:etymology:wikidata_2": null, "nat_ref_2": null, "oneway_2": "yes", "operator_2": null, "operator:wikidata_2": null, "political_division_2": null, "ref_2": null, "segregated_2": null, "sidewalk_2": "both", "smoothness_2": "good", "source:maxspeed_2": "FR:urban", "surface_2": "asphalt", "toll_2": null, "tunnel_2": null, "turn:lanes_2": null, "was:name_2": null, "width_2": null }, "geometry": { "type": "Point", "coordinates": [ 2.477162, 48.9102044 ] } },
{ "type": "Feature", "properties": { "osm_id": "25415571", "name": "Avenue Jean-Baptiste Devillers", "highway": "residential", "waterway": null, "aerialway": null, "barrier": null, "man_made": null, "railway": null, "z_order": 3, "other_tags": "\"oneway\"=>\"yes\",\"surface\"=>\"asphalt\",\"was:name\"=>\"Chemin Latéral\"", "access": null, "bicycle": null, "boundary": null, "bridge": null, "cycleway": null, "cycleway:right": null, "destination": null, "destination:colour": null, "destination:ref": null, "destination:ref:to": null, "destination:symbol:to": null, "destination:to": null, "foot": null, "footway": null, "horse": null, "int_ref": null, "junction:ref": null, "lane_markings": null, "lanes": null, "layer": null, "lit": null, "maxspeed": null, "maxweight:signed": null, "maxweightrating:signed": null, "motor_vehicle": null, "name:etymology:wikidata": null, "nat_ref": null, "oneway": "yes", "operator": null, "operator:wikidata": null, "political_division": null, "ref": null, "segregated": null, "sidewalk": null, "smoothness": null, "source:maxspeed": null, "surface": "asphalt", "toll": null, "tunnel": null, "turn:lanes": null, "was:name": "Chemin Latéral", "width": null, "osm_id_2": "1552280264", "name_2": null, "highway_2": "service", "waterway_2": null, "aerialway_2": null, "barrier_2": null, "man_made_2": null, "railway_2": null, "z_order_2": 0, "other_tags_2": null, "access_2": null, "bicycle_2": null, "boundary_2": null, "bridge_2": null, "cycleway_2": null, "cycleway:right_2": null, "destination_2": null, "destination:colour_2": null, "destination:ref_2": null, "destination:ref:to_2": null, "destination:symbol:to_2": null, "destination:to_2": null, "foot_2": null, "footway_2": null, "horse_2": null, "int_ref_2": null, "junction:ref_2": null, "lane_markings_2": null, "lanes_2": null, "layer_2": null, "lit_2": null, "maxspeed_2": null, "maxweight:signed_2": null, "maxweightrating:signed_2": null, "motor_vehicle_2": null, "name:etymology:wikidata_2": null, "nat_ref_2": null, "oneway_2": null, "operator_2": null, "operator:wikidata_2": null, "political_division_2": null, "ref_2": null, "segregated_2": null, "sidewalk_2": null, "smoothness_2": null, "source:maxspeed_2": null, "surface_2": null, "toll_2": null, "tunnel_2": null, "turn:lanes_2": null, "was:name_2": null, "width_2": null }, "geometry": { "type": "Point", "coordinates": [ 2.4740028, 48.9081349 ] } },
{ "type": "Feature", "properties": { "osm_id": "25415571", "name": "Avenue Jean-Baptiste Devillers", "highway": "residential", "waterway": null, "aerialway": null, "barrier": null, "man_made": null, "railway": null, "z_order": 3, "other_tags": "\"oneway\"=>\"yes\",\"surface\"=>\"asphalt\",\"was:name\"=>\"Chemin Latéral\"", "access": null, "bicycle": null, "boundary": null, "bridge": null, "cycleway": null, "cycleway:right": null, "destination": null, "destination:colour": null, "destination:ref": null, "destination:ref:to": null, "destination:symbol:to": null, "destination:to": null, "foot": null, "footway": null, "horse": null, "int_ref": null, "junction:ref": null, "lane_markings": null, "lanes": null, "layer": null, "lit": null, "maxspeed": null, "maxweight:signed": null, "maxweightrating:signed": null, "motor_vehicle": null, "name:etymology:wikidata": null, "nat_ref": null, "oneway": "yes", "operator": null, "operator:wikidata": null, "political_division": null, "ref": null, "segregated": null, "sidewalk": null, "smoothness": null, "source:maxspeed": null, "surface": "asphalt", "toll": null, "tunnel": null, "turn:lanes": null, "was:name": "Chemin Latéral", "width": null, "osm_id_2": "25415571", "name_2": "Avenue Jean-Baptiste Devillers", "highway_2": "residential", "waterway_2": null, "aerialway_2": null, "barrier_2": null, "man_made_2": null, "railway_2": null, "z_order_2": 3, "other_tags_2": "\"oneway\"=>\"yes\",\"surface\"=>\"asphalt\",\"was:name\"=>\"Chemin Latéral\"", "access_2": null, "bicycle_2": null, "boundary_2": null, "bridge_2": null, "cycleway_2": null, "cycleway:right_2": null, "destination_2": null, "destination:colour_2": null, "destination:ref_2": null, "destination:ref:to_2": null, "destination:symbol:to_2": null, "destination:to_2": null, "foot_2": null, "footway_2": null, "horse_2": null, "int_ref_2": null, "junction:ref_2": null, "lane_markings_2": null, "lanes_2": null, "layer_2": null, "lit_2": null, "maxspeed_2": null, "maxweight:signed_2": null, "maxweightrating:signed_2": null, "motor_vehicle_2": null, "name:etymology:wikidata_2": null, "nat_ref_2": null, "oneway_2": "yes", "operator_2": null, "operator:wikidata_2": null, "political_division_2": null, "ref_2": null, "segregated_2": null, "sidewalk_2": null, "smoothness_2": null, "source:maxspeed_2": null, "surface_2": "asphalt", "toll_2": null, "tunnel_2": null, "turn:lanes_2": null, "was:name_2": "Chemin Latéral", "width_2": null }, "geometry": { "type": "Point", "coordinates": [ 2.4775737, 48.9083339 ] } },
{ "type": "Feature", "properties": { "osm_id": "25415880", "name": "Rue Paul Renaud", "highway": "residential", "waterway": null, "aerialway": null, "barrier": null, "man_made": null, "railway": null, "z_order": 3, "other_tags": "\"lanes\"=>\"1\",\"lit\"=>\"yes\",\"maxspeed\"=>\"50\",\"oneway\"=>\"yes\",\"sidewalk\"=>\"both\",\"smoothness\"=>\"good\",\"source:maxspeed\"=>\"FR:urban\",\"surface\"=>\"asphalt\"", "access": null, "bicycle": null, "boundary": null, "bridge": null, "cycleway": null, "cycleway:right": null, "destination": null, "destination:colour": null, "destination:ref": null, "destination:ref:to": null, "destination:symbol:to": null, "destination:to": null, "foot": null, "footway": null, "horse": null, "int_ref": null, "junction:ref": null, "lane_markings": null, "lanes": "1", "layer": null, "lit": "yes", "maxspeed": "50", "maxweight:signed": null, "maxweightrating:signed": null, "motor_vehicle": null, "name:etymology:wikidata": null, "nat_ref": null, "oneway": "yes", "operator": null, "operator:wikidata": null, "political_division": null, "ref": null, "segregated": null, "sidewalk": "both", "smoothness": "good", "source:maxspeed": "FR:urban", "surface": "asphalt", "toll": null, "tunnel": null, "turn:lanes": null, "was:name": null, "width": null, "osm_id_2": "25415880", "name_2": "Rue Paul Renaud", "highway_2": "residential", "waterway_2": null, "aerialway_2": null, "barrier_2": null, "man_made_2": null, "railway_2": null, "z_order_2": 3, "other_tags_2": "\"lanes\"=>\"1\",\"lit\"=>\"yes\",\"maxspeed\"=>\"50\",\"oneway\"=>\"yes\",\"sidewalk\"=>\"both\",\"smoothness\"=>\"good\",\"source:maxspeed\"=>\"FR:urban\",\"surface\"=>\"asphalt\"", "access_2": null, "bicycle_2": null, "boundary_2": null, "bridge_2": null, "cycleway_2": null, "cycleway:right_2": null, "destination_2": null, "destination:colour_2": null, "destination:ref_2": null, "destination:ref:to_2": null, "destination:symbol:to_2": null, "destination:to_2": null, "foot_2": null, "footway_2": null, "horse_2": null, "int_ref_2": null, "junction:ref_2": null, "lane_markings_2": null, "lanes_2": "1", "layer_2": null, "lit_2": "yes", "maxspeed_2": "50", "maxweight:signed_2": null, "maxweightrating:signed_2": null, "motor_vehicle_2": null, "name:etymology:wikidata_2": null, "nat_ref_2": null, "oneway_2": "yes", "operator_2": null, "operator:wikidata_2": null, "political_division_2": null, "ref_2": null, "segregated_2": null, "sidewalk_2": "both", "smoothness_2": "good", "source:maxspeed_2": "FR:urban", "surface_2": "asphalt", "toll_2": null, "tunnel_2": null, "turn:lanes_2": null, "was:name_2": null, "width_2": null }, "geometry": { "type": "Point", "coordinates": [ 2.4781857, 48.9102497 ] } },
{ "type": "Feature", "properties": { "osm_id": "25415571", "name": "Avenue Jean-Baptiste Devillers", "highway": "residential", "waterway": null, "aerialway": null, "barrier": null, "man_made": null, "railway": null, "z_order": 3, "other_tags": "\"oneway\"=>\"yes\",\"surface\"=>\"asphalt\",\"was:name\"=>\"Chemin Latéral\"", "access": null, "bicycle": null, "boundary": null, "bridge": null, "cycleway": null, "cycleway:right": null, "destination": null, "destination:colour": null, "destination:ref": null, "destination:ref:to": null, "destination:symbol:to": null, "destination:to": null, "foot": null, "footway": null, "horse": null, "int_ref": null, "junction:ref": null, "lane_markings": null, "lanes": null, "layer": null, "lit": null, "maxspeed": null, "maxweight:signed": null, "maxweightrating:signed": null, "motor_vehicle": null, "name:etymology:wikidata": null, "nat_ref": null, "oneway": "yes", "operator": null, "operator:wikidata": null, "political_division": null, "ref": null, "segregated": null, "sidewalk": null, "smoothness": null, "source:maxspeed": null, "surface": "asphalt", "toll": null, "tunnel": null, "turn:lanes": null, "was:name": "Chemin Latéral", "width": null, "osm_id_2": "132451204", "name_2": "Allée des Roses", "highway_2": "residential", "waterway_2": null, "aerialway_2": null, "barrier_2": null, "man_made_2": null, "railway_2": null, "z_order_2": 3, "other_tags_2": "\"lit\"=>\"yes\"", "access_2": null, "bicycle_2": null, "boundary_2": null, "bridge_2": null, "cycleway_2": null, "cycleway:right_2": null, "destination_2": null, "destination:colour_2": null, "destination:ref_2": null, "destination:ref:to_2": null, "destination:symbol:to_2": null, "destination:to_2": null, "foot_2": null, "footway_2": null, "horse_2": null, "int_ref_2": null, "junction:ref_2": null, "lane_markings_2": null, "lanes_2": null, "layer_2": null, "lit_2": "yes", "maxspeed_2": null, "maxweight:signed_2": null, "maxweightrating:signed_2": null, "motor_vehicle_2": null, "name:etymology:wikidata_2": null, "nat_ref_2": null, "oneway_2": null, "operator_2": null, "operator:wikidata_2": null, "political_division_2": null, "ref_2": null, "segregated_2": null, "sidewalk_2": null, "smoothness_2": null, "source:maxspeed_2": null, "surface_2": null, "toll_2": null, "tunnel_2": null, "turn:lanes_2": null, "was:name_2": null, "width_2": null }, "geometry": { "type": "Point", "coordinates": [ 2.4788528, 48.9083814 ] } },
{ "type": "Feature", "properties": { "osm_id": "25415880", "name": "Rue Paul Renaud", "highway": "residential", "waterway": null, "aerialway": null, "barrier": null, "man_made": null, "railway": null, "z_order": 3, "other_tags": "\"lanes\"=>\"1\",\"lit\"=>\"yes\",\"maxspeed\"=>\"50\",\"oneway\"=>\"yes\",\"sidewalk\"=>\"both\",\"smoothness\"=>\"good\",\"source:maxspeed\"=>\"FR:urban\",\"surface\"=>\"asphalt\"", "access": null, "bicycle": null, "boundary": null, "bridge": null, "cycleway": null, "cycleway:right": null, "destination": null, "destination:colour": null, "destination:ref": null, "destination:ref:to": null, "destination:symbol:to": null, "destination:to": null, "foot": null, "footway": null, "horse": null, "int_ref": null, "junction:ref": null, "lane_markings": null, "lanes": "1", "layer": null, "lit": "yes", "maxspeed": "50", "maxweight:signed": null, "maxweightrating:signed": null, "motor_vehicle": null, "name:etymology:wikidata": null, "nat_ref": null, "oneway": "yes", "operator": null, "operator:wikidata": null, "political_division": null, "ref": null, "segregated": null, "sidewalk": "both", "smoothness": "good", "source:maxspeed": "FR:urban", "surface": "asphalt", "toll": null, "tunnel": null, "turn:lanes": null, "was:name": null, "width": null, "osm_id_2": "25415880", "name_2": "Rue Paul Renaud", "highway_2": "residential", "waterway_2": null, "aerialway_2": null, "barrier_2": null, "man_made_2": null, "railway_2": null, "z_order_2": 3, "other_tags_2": "\"lanes\"=>\"1\",\"lit\"=>\"yes\",\"maxspeed\"=>\"50\",\"oneway\"=>\"yes\",\"sidewalk\"=>\"both\",\"smoothness\"=>\"good\",\"source:maxspeed\"=>\"FR:urban\",\"surface\"=>\"asphalt\"", "access_2": null, "bicycle_2": null, "boundary_2": null, "bridge_2": null, "cycleway_2": null, "cycleway:right_2": null, "destination_2": null, "destination:colour_2": null, "destination:ref_2": null, "destination:ref:to_2": null, "destination:symbol:to_2": null, "destination:to_2": null, "foot_2": null, "footway_2": null, "horse_2": null, "int_ref_2": null, "junction:ref_2": null, "lane_markings_2": null, "lanes_2": "1", "layer_2": null, "lit_2": "yes", "maxspeed_2": "50", "maxweight:signed_2": null, "maxweightrating:signed_2": null, "motor_vehicle_2": null, "name:etymology:wikidata_2": null, "nat_ref_2": null, "oneway_2": "yes", "operator_2": null, "operator:wikidata_2": null, "political_division_2": null, "ref_2": null, "segregated_2": null, "sidewalk_2": "both", "smoothness_2": "good", "source:maxspeed_2": "FR:urban", "surface_2": "asphalt", "toll_2": null, "tunnel_2": null, "turn:lanes_2": null, "was:name_2": null, "width_2": null }, "geometry": { "type": "Point", "coordinates": [ 2.4785555, 48.9102661 ] } },
{ "type": "Feature", "properties": { "osm_id": "25415880", "name": "Rue Paul Renaud", "highway": "residential", "waterway": null, "aerialway": null, "barrier": null, "man_made": null, "railway": null, "z_order": 3, "other_tags": "\"lanes\"=>\"1\",\"lit\"=>\"yes\",\"maxspeed\"=>\"50\",\"oneway\"=>\"yes\",\"sidewalk\"=>\"both\",\"smoothness\"=>\"good\",\"source:maxspeed\"=>\"FR:urban\",\"surface\"=>\"asphalt\"", "access": null, "bicycle": null, "boundary": null, "bridge": null, "cycleway": null, "cycleway:right": null, "destination": null, "destination:colour": null, "destination:ref": null, "destination:ref:to": null, "destination:symbol:to": null, "destination:to": null, "foot": null, "footway": null, "horse": null, "int_ref": null, "junction:ref": null, "lane_markings": null, "lanes": "1", "layer": null, "lit": "yes", "maxspeed": "50", "maxweight:signed": null, "maxweightrating:signed": null, "motor_vehicle": null, "name:etymology:wikidata": null, "nat_ref": null, "oneway": "yes", "operator": null, "operator:wikidata": null, "political_division": null, "ref": null, "segregated": null, "sidewalk": "both", "smoothness": "good", "source:maxspeed": "FR:urban", "surface": "asphalt", "toll": null, "tunnel": null, "turn:lanes": null, "was:name": null, "width": null, "osm_id_2": "25415880", "name_2": "Rue Paul Renaud", "highway_2": "residential", "waterway_2": null, "aerialway_2": null, "barrier_2": null, "man_made_2": null, "railway_2": null, "z_order_2": 3, "other_tags_2": "\"lanes\"=>\"1\",\"lit\"=>\"yes\",\"maxspeed\"=>\"50\",\"oneway\"=>\"yes\",\"sidewalk\"=>\"both\",\"smoothness\"=>\"good\",\"source:maxspeed\"=>\"FR:urban\",\"surface\"=>\"asphalt\"", "access_2": null, "bicycle_2": null, "boundary_2": null, "bridge_2": null, "cycleway_2": null, "cycleway:right_2": null, "destination_2": null, "destination:colour_2": null, "destination:ref_2": null, "destination:ref:to_2": null, "destination:symbol:to_2": null, "destination:to_2": null, "foot_2": null, "footway_2": null, "horse_2": null, "int_ref_2": null, "junction:ref_2": null, "lane_markings_2": null, "lanes_2": "1", "layer_2": null, "lit_2": "yes", "maxspeed_2": "50", "maxweight:signed_2": null, "maxweightrating:signed_2": null, "motor_vehicle_2": null, "name:etymology:wikidata_2": null, "nat_ref_2": null, "oneway_2": "yes", "operator_2": null, "operator:wikidata_2": null, "political_division_2": null, "ref_2": null, "segregated_2": null, "sidewalk_2": "both", "smoothness_2": "good", "source:maxspeed_2": "FR:urban", "surface_2": "asphalt", "toll_2": null, "tunnel_2": null, "turn:lanes_2": null, "was:name_2": null, "width_2": null }, "geometry": { "type": "Point", "coordinates": [ 2.4790195, 48.9102866 ] } },
{ "type": "Feature", "properties": { "osm_id": "25415880", "name": "Rue Paul Renaud", "highway": "residential", "waterway": null, "aerialway": null, "barrier": null, "man_made": null, "railway": null, "z_order": 3, "other_tags": "\"lanes\"=>\"1\",\"lit\"=>\"yes\",\"maxspeed\"=>\"50\",\"oneway\"=>\"yes\",\"sidewalk\"=>\"both\",\"smoothness\"=>\"good\",\"source:maxspeed\"=>\"FR:urban\",\"surface\"=>\"asphalt\"", "access": null, "bicycle": null, "boundary": null, "bridge": null, "cycleway": null, "cycleway:right": null, "destination": null, "destination:colour": null, "destination:ref": null, "destination:ref:to": null, "destination:symbol:to": null, "destination:to": null, "foot": null, "footway": null, "horse": null, "int_ref": null, "junction:ref": null, "lane_markings": null, "lanes": "1", "layer": null, "lit": "yes", "maxspeed": "50", "maxweight:signed": null, "maxweightrating:signed": null, "motor_vehicle": null, "name:etymology:wikidata": null, "nat_ref": null, "oneway": "yes", "operator": null, "operator:wikidata": null, "political_division": null, "ref": null, "segregated": null, "sidewalk": "both", "smoothness": "good", "source:maxspeed": "FR:urban", "surface": "asphalt", "toll": null, "tunnel": null, "turn:lanes": null, "was:name": null, "width": null, "osm_id_2": "1455500555", "name_2": "Route d'Aulnay", "highway_2": "tertiary", "waterway_2": null, "aerialway_2": null, "barrier_2": null, "man_made_2": null, "railway_2": null, "z_order_2": 4, "other_tags_2": "\"surface\"=>\"asphalt\"", "access_2": null, "bicycle_2": null, "boundary_2": null, "bridge_2": null, "cycleway_2": null, "cycleway:right_2": null, "destination_2": null, "destination:colour_2": null, "destination:ref_2": null, "destination:ref:to_2": null, "destination:symbol:to_2": null, "destination:to_2": null, "foot_2": null, "footway_2": null, "horse_2": null, "int_ref_2": null, "junction:ref_2": null, "lane_markings_2": null, "lanes_2": null, "layer_2": null, "lit_2": null, "maxspeed_2": null, "maxweight:signed_2": null, "maxweightrating:signed_2": null, "motor_vehicle_2": null, "name:etymology:wikidata_2": null, "nat_ref_2": null, "oneway_2": null, "operator_2": null, "operator:wikidata_2": null, "political_division_2": null, "ref_2": null, "segregated_2": null, "sidewalk_2": null, "smoothness_2": null, "source:maxspeed_2": null, "surface_2": "asphalt", "toll_2": null, "tunnel_2": null, "turn:lanes_2": null, "was:name_2": null, "width_2": null }, "geometry": { "type": "Point", "coordinates": [ 2.480244, 48.9103277 ] } },
{ "type": "Feature", "properties": { "osm_id": "32468355", "name": "Rue Jean-Jacques Rousseau", "highway": "residential", "waterway": null, "aerialway": null, "barrier": null, "man_made": null, "railway": null, "z_order": 3, "other_tags": "\"oneway\"=>\"yes\"", "access": null, "bicycle": null, "boundary": null, "bridge": null, "cycleway": null, "cycleway:right": null, "destination": null, "destination:colour": null, "destination:ref": null, "destination:ref:to": null, "destination:symbol:to": null, "destination:to": null, "foot": null, "footway": null, "horse": null, "int_ref": null, "junction:ref": null, "lane_markings": null, "lanes": null, "layer": null, "lit": null, "maxspeed": null, "maxweight:signed": null, "maxweightrating:signed": null, "motor_vehicle": null, "name:etymology:wikidata": null, "nat_ref": null, "oneway": "yes", "operator": null, "operator:wikidata": null, "political_division": null, "ref": null, "segregated": null, "sidewalk": null, "smoothness": null, "source:maxspeed": null, "surface": null, "toll": null, "tunnel": null, "turn:lanes": null, "was:name": null, "width": null, "osm_id_2": "248813240", "name_2": "Chemin de Groslay", "highway_2": "tertiary", "waterway_2": null, "aerialway_2": null, "barrier_2": null, "man_made_2": null, "railway_2": null, "z_order_2": 4, "other_tags_2": null, "access_2": null, "bicycle_2": null, "boundary_2": null, "bridge_2": null, "cycleway_2": null, "cycleway:right_2": null, "destination_2": null, "destination:colour_2": null, "destination:ref_2": null, "destination:ref:to_2": null, "destination:symbol:to_2": null, "destination:to_2": null, "foot_2": null, "footway_2": null, "horse_2": null, "int_ref_2": null, "junction:ref_2": null, "lane_markings_2": null, "lanes_2": null, "layer_2": null, "lit_2": null, "maxspeed_2": null, "maxweight:signed_2": null, "maxweightrating:signed_2": null, "motor_vehicle_2": null, "name:etymology:wikidata_2": null, "nat_ref_2": null, "oneway_2": null, "operator_2": null, "operator:wikidata_2": null, "political_division_2": null, "ref_2": null, "segregated_2": null, "sidewalk_2": null, "smoothness_2": null, "source:maxspeed_2": null, "surface_2": null, "toll_2": null, "tunnel_2": null, "turn:lanes_2": null, "was:name_2": null, "width_2": null }, "geometry": { "type": "Point", "coordinates": [ 2.4744888, 48.9109347 ] } },
{ "type": "Feature", "properties": { "osm_id": "884293837", "name": "Rue François Martin", "highway": "residential", "waterway": null, "aerialway": null, "barrier": null, "man_made": null, "railway": null, "z_order": 3, "other_tags": "\"lit\"=>\"yes\"", "access": null, "bicycle": null, "boundary": null, "bridge": null, "cycleway": null, "cycleway:right": null, "destination": null, "destination:colour": null, "destination:ref": null, "destination:ref:to": null, "destination:symbol:to": null, "destination:to": null, "foot": null, "footway": null, "horse": null, "int_ref": null, "junction:ref": null, "lane_markings": null, "lanes": null, "layer": null, "lit": "yes", "maxspeed": null, "maxweight:signed": null, "maxweightrating:signed": null, "motor_vehicle": null, "name:etymology:wikidata": null, "nat_ref": null, "oneway": null, "operator": null, "operator:wikidata": null, "political_division": null, "ref": null, "segregated": null, "sidewalk": null, "smoothness": null, "source:maxspeed": null, "surface": null, "toll": null, "tunnel": null, "turn:lanes": null, "was:name": null, "width": null, "osm_id_2": "25415621", "name_2": "Rue François Martin", "highway_2": "residential", "waterway_2": null, "aerialway_2": null, "barrier_2": null, "man_made_2": null, "railway_2": null, "z_order_2": 3, "other_tags_2": "\"lit\"=>\"yes\",\"surface\"=>\"asphalt\"", "access_2": null, "bicycle_2": null, "boundary_2": null, "bridge_2": null, "cycleway_2": null, "cycleway:right_2": null, "destination_2": null, "destination:colour_2": null, "destination:ref_2": null, "destination:ref:to_2": null, "destination:symbol:to_2": null, "destination:to_2": null, "foot_2": null, "footway_2": null, "horse_2": null, "int_ref_2": null, "junction:ref_2": null, "lane_markings_2": null, "lanes_2": null, "layer_2": null, "lit_2": "yes", "maxspeed_2": null, "maxweight:signed_2": null, "maxweightrating:signed_2": null, "motor_vehicle_2": null, "name:etymology:wikidata_2": null, "nat_ref_2": null, "oneway_2": null, "operator_2": null, "operator:wikidata_2": null, "political_division_2": null, "ref_2": null, "segregated_2": null, "sidewalk_2": null, "smoothness_2": null, "source:maxspeed_2": null, "surface_2": "asphalt", "toll_2": null, "tunnel_2": null, "turn:lanes_2": null, "was:name_2": null, "width_2": null }, "geometry": { "type": "Point", "coordinates": [ 2.4799754, 48.9091283 ] } }
]
}
