{
"type": "FeatureCollection",
"name": "10_bat",
"crs": { "type": "name", "properties": { "name": "urn:ogc:def:crs:OGC:1.3:CRS84" } },
"features": [
{ "type": "Feature", "properties": { "start_date": 1931, "construction_date.nb": 1, "historic.building": "yes" }, "geometry": { "type": "Polygon", "coordinates": [ [ [ 2.4743352105013, 48.898542898363402 ], [ 2.47438658716931, 48.898533792593724 ], [ 2.474395022780765, 48.898535898016334 ], [ 2.474427826160698, 48.898610324690061 ], [ 2.474427826143131, 48.898610324693976 ], [ 2.474375776828698, 48.898619947936346 ], [ 2.474324310571399, 48.898590043330664 ], [ 2.4743352105013, 48.898542898363402 ] ] ] } },
{ "type": "Feature", "properties": { "start_date": 1958, "construction_date.nb": 1, "historic.building": "yes" }, "geometry": { "type": "Polygon", "coordinates": [ [ [ 2.474375776828698, 48.898619947936346 ], [ 2.474427826143131, 48.898610324693976 ], [ 2.474427826160698, 48.898610324690061 ], [ 2.474427826173065, 48.898610324718128 ], [ 2.474375776853212, 48.898619947950579 ], [ 2.474375776828698, 48.898619947936346 ] ] ] } },
{ "type": "Feature", "properties": { "start_date": 1928, "construction_date.nb": 1, "historic.building": "yes" }, "geometry": { "type": "Polygon", "coordinates": [ [ [ 2.474549954784039, 48.898721154065136 ], [ 2.474619310075673, 48.898707300725377 ], [ 2.47462277194252, 48.898715679464566 ], [ 2.47468768697127, 48.898703373910116 ], [ 2.474711440925776, 48.898755458011095 ], [ 2.474640396102696, 48.898769895781939 ], [ 2.474636739397626, 48.898770638897126 ], [ 2.474594543653784, 48.898747062326976 ], [ 2.474549954784039, 48.898721154065136 ] ] ] } },
{ "type": "Feature", "properties": { "start_date": 1922, "construction_date.nb": 1, "historic.building": "yes" }, "geometry": { "type": "Polygon", "coordinates": [ [ [ 2.474640396102696, 48.898769895781939 ], [ 2.474711440925776, 48.898755458011095 ], [ 2.474711440935694, 48.898755458032852 ], [ 2.474640396102696, 48.898769895781939 ] ] ] } },
{ "type": "Feature", "properties": { "start_date": 1932, "construction_date.nb": 1, "historic.building": "yes" }, "geometry": { "type": "Polygon", "coordinates": [ [ [ 2.475011160026209, 48.898979842097468 ], [ 2.475000204642981, 48.89895825874946 ], [ 2.475097408269403, 48.898936292071255 ], [ 2.475123169732147, 48.898992251882412 ], [ 2.475058891125124, 48.899006511084558 ], [ 2.475011160026209, 48.898979842097468 ] ] ] } },
{ "type": "Feature", "properties": { "start_date": 1936, "construction_date.nb": 1, "historic.building": "yes" }, "geometry": { "type": "Polygon", "coordinates": [ [ [ 2.475198314619017, 48.89908441145311 ], [ 2.475253853753092, 48.89907241315592 ], [ 2.475262429042573, 48.899087738904221 ], [ 2.475320117186485, 48.899075221514636 ], [ 2.475337500732298, 48.899109831024134 ], [ 2.475271010765002, 48.899124536030065 ], [ 2.475237368100125, 48.89910623180932 ], [ 2.475198314619017, 48.89908441145311 ] ] ] } },
{ "type": "Feature", "properties": { "start_date": 1974, "construction_date.nb": 1, "historic.building": "yes" }, "geometry": { "type": "MultiPolygon", "coordinates": [ [ [ [ 2.475627580261697, 48.8993185360846 ], [ 2.475644387977193, 48.89931486784505 ], [ 2.475653054092719, 48.899332395624192 ], [ 2.475627580261697, 48.8993185360846 ] ] ], [ [ [ 2.475659272024016, 48.899335778610187 ], [ 2.475671268751107, 48.899327485877045 ], [ 2.475688898442616, 48.899324145685924 ], [ 2.475711382242714, 48.899326402462819 ], [ 2.475698385396552, 48.899303143458809 ], [ 2.475774396138519, 48.899286209532974 ], [ 2.475800808974937, 48.899300789590143 ], [ 2.4757079114186, 48.899362241787848 ], [ 2.475659272024016, 48.899335778610187 ] ] ] ] } },
{ "type": "Feature", "properties": { "start_date": 1905, "construction_date.nb": 1, "historic.building": "yes" }, "geometry": { "type": "MultiPolygon", "coordinates": [ [ [ [ 2.475627580261697, 48.8993185360846 ], [ 2.475644387977193, 48.89931486784505 ], [ 2.475653054092719, 48.899332395624192 ], [ 2.475627580261697, 48.8993185360846 ] ] ], [ [ [ 2.475659272024016, 48.899335778610187 ], [ 2.475671268751107, 48.899327485877045 ], [ 2.475688898442616, 48.899324145685924 ], [ 2.475711382242714, 48.899326402462819 ], [ 2.475698385396552, 48.899303143458809 ], [ 2.475774396138519, 48.899286209532974 ], [ 2.475800808974937, 48.899300789590143 ], [ 2.4757079114186, 48.899362241787848 ], [ 2.475659272024016, 48.899335778610187 ] ] ] ] } },
{ "type": "Feature", "properties": { "start_date": 1925, "construction_date.nb": 1, "historic.building": "yes" }, "geometry": { "type": "Polygon", "coordinates": [ [ [ 2.475934548776347, 48.899212319646843 ], [ 2.475912464640955, 48.899161450524424 ], [ 2.476008134397611, 48.899142803855874 ], [ 2.476014414593244, 48.899157454613501 ], [ 2.47597441508539, 48.899185947675527 ], [ 2.475934548776347, 48.899212319646843 ] ] ] } },
{ "type": "Feature", "properties": { "start_date": 1923, "construction_date.nb": 1, "historic.building": "yes" }, "geometry": { "type": "Polygon", "coordinates": [ [ [ 2.475578009441445, 48.898109770801888 ], [ 2.475569393039027, 48.898093551198606 ], [ 2.475567717985281, 48.898090649563173 ], [ 2.475569393042349, 48.898093551178732 ], [ 2.475578009441445, 48.898109770801888 ] ] ] } },
{ "type": "Feature", "properties": { "start_date": 1913, "construction_date.nb": 1, "historic.building": "yes" }, "geometry": { "type": "Polygon", "coordinates": [ [ [ 2.475567717985281, 48.898090649563173 ], [ 2.475564969059563, 48.898085887697121 ], [ 2.475714716024874, 48.898060823156122 ], [ 2.475737561833156, 48.898121896195697 ], [ 2.47562811981683, 48.898140302492173 ], [ 2.47562598279946, 48.89813579660116 ], [ 2.475596335448947, 48.898140612969136 ], [ 2.475592952767157, 48.898137900243732 ], [ 2.475578009441445, 48.898109770801888 ], [ 2.475569393042349, 48.898093551178732 ], [ 2.475567717985281, 48.898090649563173 ] ] ] } },
{ "type": "Feature", "properties": { "start_date": 1905, "construction_date.nb": 2, "historic.building": "yes" }, "geometry": { "type": "MultiPolygon", "coordinates": [ [ [ [ 2.47581175831353, 48.898054683003245 ], [ 2.475928302485568, 48.89803531837417 ], [ 2.475953773232679, 48.898106654951832 ], [ 2.47583710606852, 48.898124670092848 ], [ 2.47581175831353, 48.898054683003245 ] ] ], [ [ [ 2.476029427355553, 48.898124972080801 ], [ 2.476029427364225, 48.898124972102252 ], [ 2.476029427352394, 48.898124972104796 ], [ 2.476021585050834, 48.898105697588278 ], [ 2.476029427355553, 48.898124972080801 ] ] ] ] } },
{ "type": "Feature", "properties": { "start_date": 1906, "construction_date.nb": 2, "historic.building": "yes" }, "geometry": { "type": "Polygon", "coordinates": [ [ [ 2.476151496158438, 48.898098796665764 ], [ 2.476151496154786, 48.898098796666552 ], [ 2.476029427355553, 48.898124972080801 ], [ 2.476021585050834, 48.898105697588278 ], [ 2.476005601154128, 48.898066412915803 ], [ 2.476045777020865, 48.898059034510517 ], [ 2.476056723306304, 48.898082734145255 ], [ 2.476083780016336, 48.898077816414741 ], [ 2.476055341960518, 48.898003139456009 ], [ 2.476110680125143, 48.897993579093701 ], [ 2.476119486111681, 48.89801627963562 ], [ 2.476151496158438, 48.898098796665764 ] ] ] } },
{ "type": "Feature", "properties": { "start_date": 1914, "construction_date.nb": 2, "historic.building": "yes" }, "geometry": { "type": "Polygon", "coordinates": [ [ [ 2.476110680126164, 48.897993579093516 ], [ 2.476165745477704, 48.897984017512208 ], [ 2.476177602270375, 48.898012127738831 ], [ 2.476193046416427, 48.898009047727726 ], [ 2.476206504657187, 48.898040672246339 ], [ 2.476190507623227, 48.89804446930291 ], [ 2.476198110168365, 48.898061589398537 ], [ 2.47617173815179, 48.898066240368472 ], [ 2.476181839015894, 48.898092634232391 ], [ 2.476181839001804, 48.898092634235368 ], [ 2.476151496158438, 48.898098796665764 ], [ 2.476119486111681, 48.89801627963562 ], [ 2.476110680125143, 48.897993579093701 ], [ 2.476110680126164, 48.897993579093516 ] ] ] } },
{ "type": "Feature", "properties": { "start_date": 1970, "construction_date.nb": 3, "historic.building": "yes" }, "geometry": { "type": "MultiPolygon", "coordinates": [ [ [ [ 2.476423503340641, 48.898014911703427 ], [ 2.476423503349628, 48.898014911725973 ], [ 2.476374992160135, 48.898023782618509 ], [ 2.476380304980694, 48.898038014912217 ], [ 2.476343000676283, 48.898044686523463 ], [ 2.476308397619177, 48.897959101061957 ], [ 2.476395566080597, 48.897944643624854 ], [ 2.476423503340641, 48.898014911703427 ] ] ], [ [ [ 2.476151496158438, 48.898098796665764 ], [ 2.476181839001804, 48.898092634235368 ], [ 2.476181839015894, 48.898092634232391 ], [ 2.476181839019431, 48.898092634241635 ], [ 2.476151496159551, 48.898098796678831 ], [ 2.476029427364225, 48.898124972102252 ], [ 2.476029427355553, 48.898124972080801 ], [ 2.476151496154786, 48.898098796666552 ], [ 2.476151496158438, 48.898098796665764 ] ] ] ] } },
{ "type": "Feature", "properties": { "start_date": 1927, "construction_date.nb": 3, "historic.building": "yes" }, "geometry": { "type": "MultiPolygon", "coordinates": [ [ [ [ 2.476423503340641, 48.898014911703427 ], [ 2.476423503349628, 48.898014911725973 ], [ 2.476374992160135, 48.898023782618509 ], [ 2.476380304980694, 48.898038014912217 ], [ 2.476343000676283, 48.898044686523463 ], [ 2.476308397619177, 48.897959101061957 ], [ 2.476395566080597, 48.897944643624854 ], [ 2.476423503340641, 48.898014911703427 ] ] ], [ [ [ 2.476151496158438, 48.898098796665764 ], [ 2.476181839001804, 48.898092634235368 ], [ 2.476181839015894, 48.898092634232391 ], [ 2.476181839019431, 48.898092634241635 ], [ 2.476151496159551, 48.898098796678831 ], [ 2.476029427364225, 48.898124972102252 ], [ 2.476029427355553, 48.898124972080801 ], [ 2.476151496154786, 48.898098796666552 ], [ 2.476151496158438, 48.898098796665764 ] ] ] ] } },
{ "type": "Feature", "properties": { "start_date": 1925, "construction_date.nb": 2, "historic.building": "yes" }, "geometry": { "type": "Polygon", "coordinates": [ [ [ 2.476514095327125, 48.897999120188402 ], [ 2.476483756178141, 48.898004922995099 ], [ 2.476488264260687, 48.898017802792353 ], [ 2.476461614071683, 48.898022992206648 ], [ 2.476456162998484, 48.898008939211927 ], [ 2.476423503356239, 48.898014911724765 ], [ 2.476423503349628, 48.898014911725973 ], [ 2.476423503340641, 48.898014911703427 ], [ 2.476395566080597, 48.897944643624854 ], [ 2.476395566117054, 48.897944643618807 ], [ 2.4764872418623, 48.897929576336821 ], [ 2.476514095327125, 48.897999120188402 ] ] ] } },
{ "type": "Feature", "properties": { "start_date": 1912, "construction_date.nb": 1, "historic.building": "yes" }, "geometry": { "type": "Polygon", "coordinates": [ [ [ 2.476719436912365, 48.89797960331159 ], [ 2.476712263318413, 48.897960506656993 ], [ 2.476644350821313, 48.897972620346771 ], [ 2.476618038263056, 48.897903528533917 ], [ 2.476689354189239, 48.897892059242366 ], [ 2.476701563409355, 48.897925836601644 ], [ 2.476740241469416, 48.897918181642432 ], [ 2.476763583433289, 48.897970713190638 ], [ 2.476719436929642, 48.897979603308002 ], [ 2.476719436912365, 48.89797960331159 ] ] ] } },
{ "type": "Feature", "properties": { "start_date": 1949, "construction_date.nb": 3, "historic.building": "yes" }, "geometry": { "type": "Polygon", "coordinates": [ [ [ 2.47686870387309, 48.897839334018052 ], [ 2.47687506318767, 48.897854734935557 ], [ 2.476897199938185, 48.897908345396957 ], [ 2.476903085517062, 48.897922049867013 ], [ 2.476904397130011, 48.89792510395219 ], [ 2.476911072247249, 48.897939522004393 ], [ 2.476875059129075, 48.897947138143522 ], [ 2.476763583464507, 48.89797071318403 ], [ 2.476763583433289, 48.897970713190638 ], [ 2.476740241469416, 48.897918181642432 ], [ 2.47674024149347, 48.897918181637657 ], [ 2.476792987929717, 48.897908609636417 ], [ 2.476807143830613, 48.897938708331615 ], [ 2.47684158735865, 48.897931664313717 ], [ 2.476808177610337, 48.897849411664268 ], [ 2.476868703863816, 48.897839334019537 ], [ 2.47686870387309, 48.897839334018052 ] ] ] } },
{ "type": "Feature", "properties": { "start_date": 1932, "construction_date.nb": 2, "historic.building": "yes" }, "geometry": { "type": "Polygon", "coordinates": [ [ [ 2.476999587346526, 48.897899619634906 ], [ 2.476999587380216, 48.897899619629406 ], [ 2.476999587382941, 48.897899619635766 ], [ 2.477012976512681, 48.89789742984243 ], [ 2.477020928921574, 48.897911028088004 ], [ 2.477023838293324, 48.897916002993618 ], [ 2.476997867513268, 48.89792146527742 ], [ 2.476987109606357, 48.897892550561636 ], [ 2.476968659444074, 48.897896157143613 ], [ 2.476970354826944, 48.897903898592979 ], [ 2.476933736266532, 48.897910213652047 ], [ 2.476930805211668, 48.897903276217342 ], [ 2.476897199974661, 48.897908345401952 ], [ 2.476903085517062, 48.897922049867013 ], [ 2.476897199938185, 48.897908345396957 ], [ 2.47687506318767, 48.897854734935557 ], [ 2.47686870387309, 48.897839334018052 ], [ 2.476969528512274, 48.897823227139014 ], [ 2.476993723344445, 48.89788592456118 ], [ 2.476999587346526, 48.897899619634906 ] ] ] } },
{ "type": "Feature", "properties": { "start_date": 1949, "construction_date.nb": 2, "historic.building": "yes" }, "geometry": { "type": "MultiPolygon", "coordinates": [ [ [ [ 2.477170696220818, 48.897825364543749 ], [ 2.477123584526015, 48.897885052708538 ], [ 2.477105410791065, 48.897888300820071 ], [ 2.477069965576344, 48.89785927827787 ], [ 2.476993723347601, 48.897885924557777 ], [ 2.476999587380216, 48.897899619629406 ], [ 2.476999587346526, 48.897899619634906 ], [ 2.476993723344445, 48.89788592456118 ], [ 2.476969528512274, 48.897823227139014 ], [ 2.476969528517322, 48.897823227138211 ], [ 2.477137577862664, 48.897795542833826 ], [ 2.477155953357927, 48.897812089207733 ], [ 2.477170696220818, 48.897825364543749 ] ] ], [ [ [ 2.477012976539775, 48.897897429838004 ], [ 2.477020928921574, 48.897911028088004 ], [ 2.477012976512681, 48.89789742984243 ], [ 2.477012976539775, 48.897897429838004 ] ] ] ] } },
{ "type": "Feature", "properties": { "start_date": 1903, "construction_date.nb": 1, "historic.building": "yes" }, "geometry": { "type": "Polygon", "coordinates": [ [ [ 2.476259998305267, 48.89877475175043 ], [ 2.476238623898004, 48.898779862864558 ], [ 2.476225632381143, 48.898756064368094 ], [ 2.476303292510167, 48.898737788342565 ], [ 2.476326260386714, 48.898732582864184 ], [ 2.476338296651228, 48.898729308068923 ], [ 2.476336147789231, 48.898725971215107 ], [ 2.476349008828967, 48.898722070513386 ], [ 2.4763364146352, 48.898699442872925 ], [ 2.476323815077126, 48.898677354769056 ], [ 2.476312699555289, 48.898656891906697 ], [ 2.476490720742397, 48.898614503501783 ], [ 2.476504780024098, 48.898640644820873 ], [ 2.47643217040424, 48.89865858336055 ], [ 2.476452785565892, 48.898697433562468 ], [ 2.476416684794915, 48.898706448671589 ], [ 2.476425407643649, 48.898720695861904 ], [ 2.476429367656377, 48.898720263527579 ], [ 2.476436197203021, 48.89873288364786 ], [ 2.476436197201766, 48.898732883648137 ], [ 2.476335019147097, 48.898756812493609 ], [ 2.476259998305267, 48.89877475175043 ] ] ] } },
{ "type": "Feature", "properties": { "start_date": 1910, "construction_date.nb": 1, "historic.building": "yes" }, "geometry": { "type": "Polygon", "coordinates": [ [ [ 2.476436197203021, 48.89873288364786 ], [ 2.476436197205056, 48.898732883651611 ], [ 2.476335019181485, 48.898756812489026 ], [ 2.476259998305267, 48.89877475175043 ], [ 2.476335019147097, 48.898756812493609 ], [ 2.476436197201766, 48.898732883648137 ], [ 2.476436197203021, 48.89873288364786 ] ] ] } },
{ "type": "Feature", "properties": { "start_date": 1959, "construction_date.nb": 1, "historic.building": "yes" }, "geometry": { "type": "Polygon", "coordinates": [ [ [ 2.476436197203021, 48.89873288364786 ], [ 2.476436197205056, 48.898732883651611 ], [ 2.476335019181485, 48.898756812489026 ], [ 2.476259998305267, 48.89877475175043 ], [ 2.476335019147097, 48.898756812493609 ], [ 2.476436197201766, 48.898732883648137 ], [ 2.476436197203021, 48.89873288364786 ] ] ] } },
{ "type": "Feature", "properties": { "start_date": 1904, "construction_date.nb": 1, "historic.building": "yes" }, "geometry": { "type": "Polygon", "coordinates": [ [ [ 2.476786226826647, 48.898607656433704 ], [ 2.476769228895917, 48.898576151092144 ], [ 2.476811068038746, 48.898566171702058 ], [ 2.476804119168139, 48.898551842406661 ], [ 2.476855396654091, 48.898539206320336 ], [ 2.47685604466523, 48.898540453443779 ], [ 2.476827396684908, 48.898578328721477 ], [ 2.476786226826647, 48.898607656433704 ] ] ] } },
{ "type": "Feature", "properties": { "start_date": 1910, "construction_date.nb": 1, "historic.building": "yes" }, "geometry": { "type": "Polygon", "coordinates": [ [ [ 2.477251039038963, 48.89801822780052 ], [ 2.477213132277632, 48.898027534123216 ], [ 2.477213132257931, 48.898027534128026 ], [ 2.477178343672206, 48.898014612109719 ], [ 2.477275455958632, 48.897889359850396 ], [ 2.477301867258535, 48.89795102646012 ], [ 2.477251039038963, 48.89801822780052 ] ] ] } },
{ "type": "Feature", "properties": { "start_date": 1925, "construction_date.nb": 2, "historic.building": "yes" }, "geometry": { "type": "Polygon", "coordinates": [ [ [ 2.477121037229218, 48.897528811025538 ], [ 2.477058297267724, 48.897540782687258 ], [ 2.47702002792978, 48.8974534727151 ], [ 2.477024404229192, 48.897452322716589 ], [ 2.477024404228335, 48.897452322714649 ], [ 2.477083548241609, 48.897441278014185 ], [ 2.477121037229218, 48.897528811025538 ] ] ] } },
{ "type": "Feature", "properties": { "start_date": 1892, "construction_date.nb": 1, "historic.building": "yes" }, "geometry": { "type": "Polygon", "coordinates": [ [ [ 2.477083548241609, 48.897441278014185 ], [ 2.477024404228335, 48.897452322714649 ], [ 2.476990131008784, 48.897374562848114 ], [ 2.477049996980927, 48.897362938928467 ], [ 2.477083548241609, 48.897441278014185 ] ] ] } },
{ "type": "Feature", "properties": { "start_date": 1900, "construction_date.nb": 1, "historic.building": "yes" }, "geometry": { "type": "Polygon", "coordinates": [ [ [ 2.476222700253224, 48.897742136997714 ], [ 2.476207009777772, 48.897705772541102 ], [ 2.476200754905657, 48.897690277090312 ], [ 2.476224808019623, 48.897685615971525 ], [ 2.47623814515366, 48.897715711160856 ], [ 2.476295266056597, 48.897705169265315 ], [ 2.476323631243369, 48.897773550711506 ], [ 2.476242458924776, 48.897788573889095 ], [ 2.476233015708171, 48.897766222420707 ], [ 2.47622940266442, 48.897757670550845 ], [ 2.476222700253224, 48.897742136997714 ] ] ] } },
{ "type": "Feature", "properties": { "start_date": 1890, "construction_date.nb": 1, "historic.building": "yes" }, "geometry": { "type": "Polygon", "coordinates": [ [ [ 2.476233015708171, 48.897766222420707 ], [ 2.476229402652951, 48.897757670552849 ], [ 2.476222700253224, 48.897742136997714 ], [ 2.47622940266442, 48.897757670550845 ], [ 2.476233015708171, 48.897766222420707 ] ] ] } },
{ "type": "Feature", "properties": { "start_date": 1880, "construction_date.nb": 1, "historic.building": "yes" }, "geometry": { "type": "Polygon", "coordinates": [ [ [ 2.476073667467573, 48.897754946510794 ], [ 2.476095636068798, 48.897807806373635 ], [ 2.476095636035542, 48.897807806379454 ], [ 2.476095636034423, 48.89780780637691 ], [ 2.476073667467573, 48.897754946510794 ] ] ] } },
{ "type": "Feature", "properties": { "start_date": 1907, "construction_date.nb": 1, "historic.building": "yes" }, "geometry": { "type": "Polygon", "coordinates": [ [ [ 2.476073667467573, 48.897754946510794 ], [ 2.476095636068798, 48.897807806373635 ], [ 2.476095636035542, 48.897807806379454 ], [ 2.476095636034423, 48.89780780637691 ], [ 2.476073667467573, 48.897754946510794 ] ] ] } },
{ "type": "Feature", "properties": { "start_date": 1900, "construction_date.nb": 1, "historic.building": "yes" }, "geometry": { "type": "Polygon", "coordinates": [ [ [ 2.476073667467573, 48.897754946510794 ], [ 2.476095636068798, 48.897807806373635 ], [ 2.476095636035542, 48.897807806379454 ], [ 2.476095636034423, 48.89780780637691 ], [ 2.476073667467573, 48.897754946510794 ] ] ] } },
{ "type": "Feature", "properties": { "start_date": 1900, "construction_date.nb": 2, "historic.building": "yes" }, "geometry": { "type": "Polygon", "coordinates": [ [ [ 2.476095636034423, 48.89780780637691 ], [ 2.476095636035542, 48.897807806379454 ], [ 2.476014881845791, 48.897821931932647 ], [ 2.476014881812732, 48.897821931938388 ], [ 2.47601488180939, 48.897821931930451 ], [ 2.475989175189672, 48.897760486721218 ], [ 2.475989175217673, 48.897760486716166 ], [ 2.476000652168401, 48.897758558445638 ], [ 2.476069800169839, 48.897745641180656 ], [ 2.476073667467573, 48.897754946510794 ], [ 2.476095636034423, 48.89780780637691 ] ] ] } },
{ "type": "Feature", "properties": { "start_date": 1906, "construction_date.nb": 1, "historic.building": "yes" }, "geometry": { "type": "Polygon", "coordinates": [ [ [ 2.475908006402209, 48.897775149984241 ], [ 2.475976056983609, 48.897762857450701 ], [ 2.475989175189672, 48.897760486721218 ], [ 2.47601488180939, 48.897821931930451 ], [ 2.476014881812732, 48.897821931938388 ], [ 2.475934128484155, 48.897835967525417 ], [ 2.47591516325718, 48.897791812637379 ], [ 2.475908006402209, 48.897775149984241 ] ] ] } },
{ "type": "Feature", "properties": { "start_date": 1932, "construction_date.nb": 2, "historic.building": "yes" }, "geometry": { "type": "Polygon", "coordinates": [ [ [ 2.475477680476813, 48.89793622047786 ], [ 2.475477680481047, 48.897936220489399 ], [ 2.475477680471477, 48.897936220490898 ], [ 2.475437925563044, 48.897942431441436 ], [ 2.475423795926058, 48.897936883774101 ], [ 2.47541955179415, 48.897924904418431 ], [ 2.475378702139797, 48.8979314702853 ], [ 2.475356683372349, 48.897869591409759 ], [ 2.475447808263237, 48.897855062070853 ], [ 2.475447808265925, 48.897855062070413 ], [ 2.475447808268379, 48.897855062077028 ], [ 2.475477680476813, 48.89793622047786 ] ] ] } },
{ "type": "Feature", "properties": { "start_date": 1935, "construction_date.nb": 1, "historic.building": "yes" }, "geometry": { "type": "Polygon", "coordinates": [ [ [ 2.475059863979356, 48.897969848343138 ], [ 2.475050932081219, 48.897945142393418 ], [ 2.475047680471752, 48.897935762195694 ], [ 2.475036882395647, 48.897904611989063 ], [ 2.475142215995763, 48.897887806948425 ], [ 2.475149355467566, 48.897910230998292 ], [ 2.47515599836604, 48.897927796604705 ], [ 2.475165926006277, 48.897957787017617 ], [ 2.475061547970806, 48.897974506319308 ], [ 2.475061547969252, 48.897974506314554 ], [ 2.475059863979356, 48.897969848343138 ] ] ] } },
{ "type": "Feature", "properties": { "start_date": 1930, "construction_date.nb": 1, "historic.building": "yes" }, "geometry": { "type": "Polygon", "coordinates": [ [ [ 2.474704342996231, 48.898080047554323 ], [ 2.474679127766584, 48.898010600399111 ], [ 2.47477242994983, 48.897996620720932 ], [ 2.474780017012916, 48.898017867845581 ], [ 2.474796970621182, 48.898065345441879 ], [ 2.474704343005711, 48.89808004755681 ], [ 2.474704342996231, 48.898080047554323 ] ] ] } },
{ "type": "Feature", "properties": { "start_date": 1990, "construction_date.nb": 1, "historic.building": "yes" }, "geometry": { "type": "Polygon", "coordinates": [ [ [ 2.477251039011783, 48.898018227836452 ], [ 2.4772131323138, 48.898027534148774 ], [ 2.477213132257931, 48.898027534128026 ], [ 2.477213132277632, 48.898027534123216 ], [ 2.477251039038963, 48.89801822780052 ], [ 2.477251039011783, 48.898018227836452 ] ] ] } },
{ "type": "Feature", "properties": { "start_date": 1967, "construction_date.nb": 1, "historic.building": "yes" }, "geometry": { "type": "MultiPolygon", "coordinates": [ [ [ [ 2.475036882395647, 48.897904611989063 ], [ 2.475047680471752, 48.897935762195694 ], [ 2.47503688238202, 48.897904611991251 ], [ 2.475036882395647, 48.897904611989063 ] ] ], [ [ [ 2.475061547969252, 48.897974506314554 ], [ 2.475061547970806, 48.897974506319308 ], [ 2.475061547970243, 48.897974506319386 ], [ 2.475059863979356, 48.897969848343138 ], [ 2.475061547969252, 48.897974506314554 ] ] ] ] } },
{ "type": "Feature", "properties": { "start_date": 1924, "construction_date.nb": 1, "historic.building": "yes" }, "geometry": { "type": "Polygon", "coordinates": [ [ [ 2.474780017012916, 48.898017867845581 ], [ 2.474796970647413, 48.898065345437523 ], [ 2.474796970621182, 48.898065345441879 ], [ 2.474780017012916, 48.898017867845581 ] ] ] } },
{ "type": "Feature", "properties": { "start_date": 1936, "construction_date.nb": 1, "historic.building": "yes" }, "geometry": { "type": "Polygon", "coordinates": [ [ [ 2.47477745577593, 48.89884926289529 ], [ 2.474767179371371, 48.898828006696149 ], [ 2.474849871387998, 48.898811282517727 ], [ 2.474882220660593, 48.898876713979696 ], [ 2.474882220655609, 48.898876713980776 ], [ 2.47484190914197, 48.89888527548834 ], [ 2.47477745577593, 48.89884926289529 ] ] ] } },
{ "type": "Feature", "properties": { "start_date": 1925, "construction_date.nb": 1, "historic.building": "yes" }, "geometry": { "type": "Polygon", "coordinates": [ [ [ 2.475268315808733, 48.898151856449644 ], [ 2.47528463186507, 48.898197612740098 ], [ 2.475118496097713, 48.898224673318801 ], [ 2.475098867335679, 48.898169279906654 ], [ 2.475095281698794, 48.89815964161064 ], [ 2.475181076923195, 48.898146168275311 ], [ 2.475188260919668, 48.898164185893734 ], [ 2.475268315808733, 48.898151856449644 ] ] ] } },
{ "type": "Feature", "properties": { "start_date": 1932, "construction_date.nb": 1, "historic.building": "yes" }, "geometry": { "type": "Polygon", "coordinates": [ [ [ 2.475447808265925, 48.897855062070413 ], [ 2.475539479647501, 48.897840445140261 ], [ 2.475562184201705, 48.897901967220513 ], [ 2.475522701217033, 48.897908269339943 ], [ 2.475526799836667, 48.897921147382426 ], [ 2.475520440579221, 48.897929573007019 ], [ 2.475477680481047, 48.897936220489399 ], [ 2.475477680476813, 48.89793622047786 ], [ 2.475447808268379, 48.897855062077028 ], [ 2.475447808265925, 48.897855062070413 ] ] ] } },
{ "type": "Feature", "properties": { "start_date": 1951, "construction_date.nb": 1, "historic.building": "yes" }, "geometry": { "type": "Polygon", "coordinates": [ [ [ 2.474964503337807, 48.89850835909148 ], [ 2.474992381474451, 48.898570803251609 ], [ 2.474955200285384, 48.898578734027495 ], [ 2.474957710154709, 48.898586838768942 ], [ 2.474853707304122, 48.898606797039463 ], [ 2.474822099165469, 48.898535523291699 ], [ 2.474915848659701, 48.898517858310477 ], [ 2.474964503337807, 48.89850835909148 ] ] ] } },
{ "type": "Feature", "properties": { "start_date": 1914, "construction_date.nb": 1, "historic.building": "yes" }, "geometry": { "type": "Polygon", "coordinates": [ [ [ 2.474534252911277, 48.897681973528975 ], [ 2.474645838720159, 48.897659904446925 ], [ 2.474672253798728, 48.897718565207384 ], [ 2.474518962745251, 48.897748109662388 ], [ 2.474534252911277, 48.897681973528975 ] ] ] } },
{ "type": "Feature", "properties": { "start_date": 1885, "construction_date.nb": 1, "historic.building": "yes" }, "geometry": { "type": "Polygon", "coordinates": [ [ [ 2.477033788407397, 48.897325093319282 ], [ 2.476985654056635, 48.897334550407116 ], [ 2.476982479561664, 48.897335139760017 ], [ 2.476947724779333, 48.897252649306168 ], [ 2.47695157101233, 48.897251938624237 ], [ 2.476968355782888, 48.897249015061711 ], [ 2.477016485460906, 48.897284692378683 ], [ 2.477033788407397, 48.897325093319282 ] ] ] } },
{ "type": "Feature", "properties": { "start_date": 2017, "construction_date.nb": 1, "historic.building": "yes" }, "geometry": { "type": "MultiPolygon", "coordinates": [ [ [ [ 2.47695157101233, 48.897251938624237 ], [ 2.476947724779333, 48.897252649306168 ], [ 2.476947708785418, 48.897252611344562 ], [ 2.47695157101233, 48.897251938624237 ] ] ], [ [ [ 2.477033995033171, 48.897325575772861 ], [ 2.476985654056635, 48.897334550407116 ], [ 2.477033788407397, 48.897325093319282 ], [ 2.477033995033171, 48.897325575772861 ] ] ] ] } },
{ "type": "Feature", "properties": { "start_date": 1926, "construction_date.nb": 1, "historic.building": "yes" }, "geometry": { "type": "Polygon", "coordinates": [ [ [ 2.474966934676452, 48.895995812834421 ], [ 2.47494121025973, 48.896003235601626 ], [ 2.474961732183901, 48.896037589246404 ], [ 2.474911197081172, 48.896051482022877 ], [ 2.47492796035108, 48.895978969132862 ], [ 2.474966934676452, 48.895995812834421 ] ] ] } },
{ "type": "Feature", "properties": { "start_date": 1930, "construction_date.nb": 1, "historic.building": "yes" }, "geometry": { "type": "Polygon", "coordinates": [ [ [ 2.475333259720966, 48.896154127905355 ], [ 2.475349248483622, 48.896184615814818 ], [ 2.47524629458761, 48.896209255417524 ], [ 2.475206652196707, 48.896136777330113 ], [ 2.475262614834389, 48.896123597400468 ], [ 2.475333259720966, 48.896154127905355 ] ] ] } },
{ "type": "Feature", "properties": { "start_date": 1936, "construction_date.nb": 1, "historic.building": "yes" }, "geometry": { "type": "Polygon", "coordinates": [ [ [ 2.47535741508048, 48.896199849892376 ], [ 2.475395452786411, 48.896269173329571 ], [ 2.475289359929281, 48.896293979117878 ], [ 2.475249951223804, 48.896225369069548 ], [ 2.47535741508048, 48.896199849892376 ] ] ] } },
{ "type": "Feature", "properties": { "start_date": 1926, "construction_date.nb": 1, "historic.building": "yes" }, "geometry": { "type": "Polygon", "coordinates": [ [ [ 2.475368214807872, 48.896373373786943 ], [ 2.475325496378006, 48.896308346529992 ], [ 2.475420017863047, 48.896281331668931 ], [ 2.475466678116978, 48.896347725147294 ], [ 2.475415115036853, 48.896361888031215 ], [ 2.475415114267867, 48.89636188821995 ], [ 2.475368214825813, 48.896373373782552 ], [ 2.475368214807872, 48.896373373786943 ] ] ] } },
{ "type": "Feature", "properties": { "start_date": 1926, "construction_date.nb": 3, "historic.building": "yes" }, "geometry": { "type": "MultiPolygon", "coordinates": [ [ [ [ 2.475415114267867, 48.89636188821995 ], [ 2.475415115036853, 48.896361888031215 ], [ 2.475415114262422, 48.896361888243923 ], [ 2.475368214816274, 48.896373373799733 ], [ 2.475368214807872, 48.896373373786943 ], [ 2.475368214825813, 48.896373373782552 ], [ 2.475415114267867, 48.89636188821995 ] ] ], [ [ [ 2.475523663878888, 48.896431700325508 ], [ 2.475492078109643, 48.896439475905808 ], [ 2.475450211023427, 48.896449494421887 ], [ 2.475439302072689, 48.896452104858398 ], [ 2.475439302069296, 48.896452104852294 ], [ 2.475425905063292, 48.896455103820053 ], [ 2.475382376284412, 48.896389263647741 ], [ 2.475474173707952, 48.896361877115091 ], [ 2.475523663889544, 48.896431700322843 ], [ 2.475523663878888, 48.896431700325508 ] ] ] ] } },
{ "type": "Feature", "properties": { "start_date": 1928, "construction_date.nb": 2, "historic.building": "yes" }, "geometry": { "type": "Polygon", "coordinates": [ [ [ 2.475523663878888, 48.896431700325508 ], [ 2.475523663889544, 48.896431700322843 ], [ 2.475523663902662, 48.89643170034136 ], [ 2.47549207811459, 48.896439475931217 ], [ 2.475502249893484, 48.896458765671106 ], [ 2.475535190510353, 48.896451895306448 ], [ 2.475564356434663, 48.896508319743894 ], [ 2.47548056271587, 48.896526478500292 ], [ 2.475439302072689, 48.896452104858398 ], [ 2.475450211023427, 48.896449494421887 ], [ 2.475492078109643, 48.896439475905808 ], [ 2.475523663878888, 48.896431700325508 ] ] ] } },
{ "type": "Feature", "properties": { "start_date": 1927, "construction_date.nb": 1, "historic.building": "yes" }, "geometry": { "type": "Polygon", "coordinates": [ [ [ 2.475585037862792, 48.896702930631314 ], [ 2.475552836308057, 48.896636420705001 ], [ 2.475627741239913, 48.896620561165335 ], [ 2.475660410967433, 48.896613509715102 ], [ 2.475692759888927, 48.896678941115987 ], [ 2.475585037862792, 48.896702930631314 ] ] ] } },
{ "type": "Feature", "properties": { "start_date": 1925, "construction_date.nb": 1, "historic.building": "yes" }, "geometry": { "type": "Polygon", "coordinates": [ [ [ 2.475692759888927, 48.896678941115987 ], [ 2.475692759895028, 48.896678941128336 ], [ 2.475585037877262, 48.896702930661206 ], [ 2.475585037862792, 48.896702930631314 ], [ 2.475692759888927, 48.896678941115987 ] ] ] } },
{ "type": "Feature", "properties": { "start_date": 1935, "construction_date.nb": 1, "historic.building": "yes" }, "geometry": { "type": "Polygon", "coordinates": [ [ [ 2.476032768914541, 48.896668108698911 ], [ 2.476093854525112, 48.896819189857233 ], [ 2.475984810098236, 48.896839037154045 ], [ 2.475921399779803, 48.896688575246863 ], [ 2.476022108704909, 48.896670220378162 ], [ 2.476032768914541, 48.896668108698911 ] ] ] } },
{ "type": "Feature", "properties": { "start_date": 1930, "construction_date.nb": 1, "historic.building": "yes" }, "geometry": { "type": "Polygon", "coordinates": [ [ [ 2.475987384285476, 48.896583285208514 ], [ 2.475987384298164, 48.896583285237604 ], [ 2.475854424953049, 48.896607704146298 ], [ 2.475854424940749, 48.896607704126943 ], [ 2.475987384266162, 48.896583285212103 ], [ 2.475987384285476, 48.896583285208514 ] ] ] } },
{ "type": "Feature", "properties": { "start_date": 1925, "construction_date.nb": 1, "historic.building": "yes" }, "geometry": { "type": "Polygon", "coordinates": [ [ [ 2.475854424940749, 48.896607704126943 ], [ 2.47579480932504, 48.896513915154642 ], [ 2.475883579954048, 48.896489123064335 ], [ 2.475931916307293, 48.896565236190554 ], [ 2.475976185486953, 48.896557605934404 ], [ 2.475987384285476, 48.896583285208514 ], [ 2.475987384266162, 48.896583285212103 ], [ 2.475854424940749, 48.896607704126943 ] ] ] } },
{ "type": "Feature", "properties": { "start_date": 1927, "construction_date.nb": 2, "historic.building": "yes" }, "geometry": { "type": "Polygon", "coordinates": [ [ [ 2.475858406554726, 48.89642621799355 ], [ 2.47586443317841, 48.896440026964328 ], [ 2.475763169110016, 48.896459368517021 ], [ 2.475733456893803, 48.896389452145144 ], [ 2.475701890616137, 48.896395856957945 ], [ 2.475733456890909, 48.896389452122513 ], [ 2.475792492221446, 48.896378289333377 ], [ 2.475792492228858, 48.89637828935021 ], [ 2.475793496679842, 48.896378099620371 ], [ 2.475858406554726, 48.89642621799355 ] ] ] } },
{ "type": "Feature", "properties": { "start_date": 1926, "construction_date.nb": 2, "historic.building": "yes" }, "geometry": { "type": "MultiPolygon", "coordinates": [ [ [ [ 2.47573356543401, 48.896333671842683 ], [ 2.475665825045211, 48.896346798607517 ], [ 2.475665825044032, 48.89634679860476 ], [ 2.475733565421788, 48.896333671833624 ], [ 2.47573356543401, 48.896333671842683 ] ] ], [ [ [ 2.475791882189925, 48.896376902780354 ], [ 2.475792492221446, 48.896378289333377 ], [ 2.475733456890909, 48.896389452122513 ], [ 2.475701890616137, 48.896395856957945 ], [ 2.475696144631587, 48.896397022819883 ], [ 2.47567667642718, 48.896352781550718 ], [ 2.475742552193268, 48.896340333846062 ], [ 2.475791882189925, 48.896376902780354 ] ] ] ] } },
{ "type": "Feature", "properties": { "start_date": 1910, "construction_date.nb": 1, "historic.building": "yes" }, "geometry": { "type": "Polygon", "coordinates": [ [ [ 2.475712391766285, 48.896317975513234 ], [ 2.475733565421788, 48.896333671833624 ], [ 2.475665825044032, 48.89634679860476 ], [ 2.4756502333434, 48.896310398311435 ], [ 2.475680848199425, 48.896304343575402 ], [ 2.475712391766285, 48.896317975513234 ] ] ] } },
{ "type": "Feature", "properties": { "start_date": 1926, "construction_date.nb": 1, "historic.building": "yes" }, "geometry": { "type": "Polygon", "coordinates": [ [ [ 2.475686674655796, 48.89691750087114 ], [ 2.47565020432595, 48.896841439626037 ], [ 2.475669882683734, 48.896837748672191 ], [ 2.475764178884248, 48.896819635760622 ], [ 2.475800910375869, 48.896896867210771 ], [ 2.475686674665919, 48.896917500869264 ], [ 2.475686674655796, 48.89691750087114 ] ] ] } },
{ "type": "Feature", "properties": { "start_date": 2012, "construction_date.nb": 2, "historic.building": "yes" }, "geometry": { "type": "MultiPolygon", "coordinates": [ [ [ [ 2.475686674665919, 48.896917500869264 ], [ 2.475800910375869, 48.896896867210771 ], [ 2.475800910383294, 48.89689686722636 ], [ 2.47568667465652, 48.896917500872668 ], [ 2.475686674655796, 48.89691750087114 ], [ 2.475686674665919, 48.896917500869264 ] ] ], [ [ [ 2.474593775617905, 48.897424512135913 ], [ 2.475304908964316, 48.897363144537927 ], [ 2.475289343149972, 48.897283577552308 ], [ 2.476034997027988, 48.897219214253013 ], [ 2.476032008451436, 48.897204452538922 ], [ 2.476048257161036, 48.897202725006018 ], [ 2.47602713736701, 48.897105687254388 ], [ 2.476695635927674, 48.89704685336816 ], [ 2.476837633008756, 48.897152113206687 ], [ 2.476817076518837, 48.897153926289889 ], [ 2.476699411020497, 48.897162944839067 ], [ 2.476701231965484, 48.897171766005691 ], [ 2.476701742240433, 48.89717527556364 ], [ 2.476640035303245, 48.897180761479525 ], [ 2.476637296746841, 48.897168249142318 ], [ 2.476222289538411, 48.897203846002007 ], [ 2.476240979290085, 48.897284865418889 ], [ 2.475479902427519, 48.89735015166162 ], [ 2.47549669160847, 48.897430173655373 ], [ 2.474574246183647, 48.897508985662682 ], [ 2.474593775617905, 48.897424512135913 ] ] ] ] } },
{ "type": "Feature", "properties": { "start_date": 1958, "construction_date.nb": 2, "historic.building": "yes" }, "geometry": { "type": "MultiPolygon", "coordinates": [ [ [ [ 2.475686674665919, 48.896917500869264 ], [ 2.475800910375869, 48.896896867210771 ], [ 2.475800910383294, 48.89689686722636 ], [ 2.47568667465652, 48.896917500872668 ], [ 2.475686674655796, 48.89691750087114 ], [ 2.475686674665919, 48.896917500869264 ] ] ], [ [ [ 2.474593775617905, 48.897424512135913 ], [ 2.475304908964316, 48.897363144537927 ], [ 2.475289343149972, 48.897283577552308 ], [ 2.476034997027988, 48.897219214253013 ], [ 2.476032008451436, 48.897204452538922 ], [ 2.476048257161036, 48.897202725006018 ], [ 2.47602713736701, 48.897105687254388 ], [ 2.476695635927674, 48.89704685336816 ], [ 2.476837633008756, 48.897152113206687 ], [ 2.476817076518837, 48.897153926289889 ], [ 2.476699411020497, 48.897162944839067 ], [ 2.476701231965484, 48.897171766005691 ], [ 2.476701742240433, 48.89717527556364 ], [ 2.476640035303245, 48.897180761479525 ], [ 2.476637296746841, 48.897168249142318 ], [ 2.476222289538411, 48.897203846002007 ], [ 2.476240979290085, 48.897284865418889 ], [ 2.475479902427519, 48.89735015166162 ], [ 2.47549669160847, 48.897430173655373 ], [ 2.474574246183647, 48.897508985662682 ], [ 2.474593775617905, 48.897424512135913 ] ] ] ] } },
{ "type": "Feature", "properties": { "start_date": 1996, "construction_date.nb": 2, "historic.building": "yes" }, "geometry": { "type": "MultiPolygon", "coordinates": [ [ [ [ 2.475686674665919, 48.896917500869264 ], [ 2.475800910375869, 48.896896867210771 ], [ 2.475800910383294, 48.89689686722636 ], [ 2.47568667465652, 48.896917500872668 ], [ 2.475686674655796, 48.89691750087114 ], [ 2.475686674665919, 48.896917500869264 ] ] ], [ [ [ 2.474593775617905, 48.897424512135913 ], [ 2.475304908964316, 48.897363144537927 ], [ 2.475289343149972, 48.897283577552308 ], [ 2.476034997027988, 48.897219214253013 ], [ 2.476032008451436, 48.897204452538922 ], [ 2.476048257161036, 48.897202725006018 ], [ 2.47602713736701, 48.897105687254388 ], [ 2.476695635927674, 48.89704685336816 ], [ 2.476837633008756, 48.897152113206687 ], [ 2.476817076518837, 48.897153926289889 ], [ 2.476699411020497, 48.897162944839067 ], [ 2.476701231965484, 48.897171766005691 ], [ 2.476701742240433, 48.89717527556364 ], [ 2.476640035303245, 48.897180761479525 ], [ 2.476637296746841, 48.897168249142318 ], [ 2.476222289538411, 48.897203846002007 ], [ 2.476240979290085, 48.897284865418889 ], [ 2.475479902427519, 48.89735015166162 ], [ 2.47549669160847, 48.897430173655373 ], [ 2.474574246183647, 48.897508985662682 ], [ 2.474593775617905, 48.897424512135913 ] ] ] ] } },
{ "type": "Feature", "properties": { "start_date": 1931, "construction_date.nb": 1, "historic.building": "yes" }, "geometry": { "type": "Polygon", "coordinates": [ [ [ 2.4743352105013, 48.898542898363402 ], [ 2.47438658716931, 48.898533792593724 ], [ 2.474395022780765, 48.898535898016334 ], [ 2.474427826160698, 48.898610324690061 ], [ 2.474427826143131, 48.898610324693976 ], [ 2.474375776828698, 48.898619947936346 ], [ 2.474324310571399, 48.898590043330664 ], [ 2.4743352105013, 48.898542898363402 ] ] ] } },
{ "type": "Feature", "properties": { "start_date": 1958, "construction_date.nb": 1, "historic.building": "yes" }, "geometry": { "type": "Polygon", "coordinates": [ [ [ 2.474375776828698, 48.898619947936346 ], [ 2.474427826143131, 48.898610324693976 ], [ 2.474427826160698, 48.898610324690061 ], [ 2.474427826173065, 48.898610324718128 ], [ 2.474375776853212, 48.898619947950579 ], [ 2.474375776828698, 48.898619947936346 ] ] ] } },
{ "type": "Feature", "properties": { "start_date": 1928, "construction_date.nb": 1, "historic.building": "yes" }, "geometry": { "type": "Polygon", "coordinates": [ [ [ 2.474549954784039, 48.898721154065136 ], [ 2.474619310075673, 48.898707300725377 ], [ 2.47462277194252, 48.898715679464566 ], [ 2.47468768697127, 48.898703373910116 ], [ 2.474711440925776, 48.898755458011095 ], [ 2.474640396102696, 48.898769895781939 ], [ 2.474636739397626, 48.898770638897126 ], [ 2.474594543653784, 48.898747062326976 ], [ 2.474549954784039, 48.898721154065136 ] ] ] } },
{ "type": "Feature", "properties": { "start_date": 1922, "construction_date.nb": 1, "historic.building": "yes" }, "geometry": { "type": "Polygon", "coordinates": [ [ [ 2.474640396102696, 48.898769895781939 ], [ 2.474711440925776, 48.898755458011095 ], [ 2.474711440935694, 48.898755458032852 ], [ 2.474640396102696, 48.898769895781939 ] ] ] } },
{ "type": "Feature", "properties": { "start_date": 1932, "construction_date.nb": 1, "historic.building": "yes" }, "geometry": { "type": "Polygon", "coordinates": [ [ [ 2.475011160026209, 48.898979842097468 ], [ 2.475000204642981, 48.89895825874946 ], [ 2.475097408269403, 48.898936292071255 ], [ 2.475123169732147, 48.898992251882412 ], [ 2.475058891125124, 48.899006511084558 ], [ 2.475011160026209, 48.898979842097468 ] ] ] } },
{ "type": "Feature", "properties": { "start_date": 1936, "construction_date.nb": 1, "historic.building": "yes" }, "geometry": { "type": "Polygon", "coordinates": [ [ [ 2.475198314619017, 48.89908441145311 ], [ 2.475253853753092, 48.89907241315592 ], [ 2.475262429042573, 48.899087738904221 ], [ 2.475320117186485, 48.899075221514636 ], [ 2.475337500732298, 48.899109831024134 ], [ 2.475271010765002, 48.899124536030065 ], [ 2.475237368100125, 48.89910623180932 ], [ 2.475198314619017, 48.89908441145311 ] ] ] } },
{ "type": "Feature", "properties": { "start_date": 1974, "construction_date.nb": 1, "historic.building": "yes" }, "geometry": { "type": "MultiPolygon", "coordinates": [ [ [ [ 2.475627580261697, 48.8993185360846 ], [ 2.475644387977193, 48.89931486784505 ], [ 2.475653054092719, 48.899332395624192 ], [ 2.475627580261697, 48.8993185360846 ] ] ], [ [ [ 2.475659272024016, 48.899335778610187 ], [ 2.475671268751107, 48.899327485877045 ], [ 2.475688898442616, 48.899324145685924 ], [ 2.475711382242714, 48.899326402462819 ], [ 2.475698385396552, 48.899303143458809 ], [ 2.475774396138519, 48.899286209532974 ], [ 2.475800808974937, 48.899300789590143 ], [ 2.4757079114186, 48.899362241787848 ], [ 2.475659272024016, 48.899335778610187 ] ] ] ] } },
{ "type": "Feature", "properties": { "start_date": 1905, "construction_date.nb": 1, "historic.building": "yes" }, "geometry": { "type": "MultiPolygon", "coordinates": [ [ [ [ 2.475627580261697, 48.8993185360846 ], [ 2.475644387977193, 48.89931486784505 ], [ 2.475653054092719, 48.899332395624192 ], [ 2.475627580261697, 48.8993185360846 ] ] ], [ [ [ 2.475659272024016, 48.899335778610187 ], [ 2.475671268751107, 48.899327485877045 ], [ 2.475688898442616, 48.899324145685924 ], [ 2.475711382242714, 48.899326402462819 ], [ 2.475698385396552, 48.899303143458809 ], [ 2.475774396138519, 48.899286209532974 ], [ 2.475800808974937, 48.899300789590143 ], [ 2.4757079114186, 48.899362241787848 ], [ 2.475659272024016, 48.899335778610187 ] ] ] ] } },
{ "type": "Feature", "properties": { "start_date": 1925, "construction_date.nb": 1, "historic.building": "yes" }, "geometry": { "type": "Polygon", "coordinates": [ [ [ 2.475934548776347, 48.899212319646843 ], [ 2.475912464640955, 48.899161450524424 ], [ 2.476008134397611, 48.899142803855874 ], [ 2.476014414593244, 48.899157454613501 ], [ 2.47597441508539, 48.899185947675527 ], [ 2.475934548776347, 48.899212319646843 ] ] ] } },
{ "type": "Feature", "properties": { "start_date": 1923, "construction_date.nb": 1, "historic.building": "yes" }, "geometry": { "type": "Polygon", "coordinates": [ [ [ 2.475578009441445, 48.898109770801888 ], [ 2.475569393039027, 48.898093551198606 ], [ 2.475567717985281, 48.898090649563173 ], [ 2.475569393042349, 48.898093551178732 ], [ 2.475578009441445, 48.898109770801888 ] ] ] } },
{ "type": "Feature", "properties": { "start_date": 1913, "construction_date.nb": 1, "historic.building": "yes" }, "geometry": { "type": "Polygon", "coordinates": [ [ [ 2.475567717985281, 48.898090649563173 ], [ 2.475564969059563, 48.898085887697121 ], [ 2.475714716024874, 48.898060823156122 ], [ 2.475737561833156, 48.898121896195697 ], [ 2.47562811981683, 48.898140302492173 ], [ 2.47562598279946, 48.89813579660116 ], [ 2.475596335448947, 48.898140612969136 ], [ 2.475592952767157, 48.898137900243732 ], [ 2.475578009441445, 48.898109770801888 ], [ 2.475569393042349, 48.898093551178732 ], [ 2.475567717985281, 48.898090649563173 ] ] ] } },
{ "type": "Feature", "properties": { "start_date": 1905, "construction_date.nb": 2, "historic.building": "yes" }, "geometry": { "type": "MultiPolygon", "coordinates": [ [ [ [ 2.47581175831353, 48.898054683003245 ], [ 2.475928302485568, 48.89803531837417 ], [ 2.475953773232679, 48.898106654951832 ], [ 2.47583710606852, 48.898124670092848 ], [ 2.47581175831353, 48.898054683003245 ] ] ], [ [ [ 2.476029427355553, 48.898124972080801 ], [ 2.476029427364225, 48.898124972102252 ], [ 2.476029427352394, 48.898124972104796 ], [ 2.476021585050834, 48.898105697588278 ], [ 2.476029427355553, 48.898124972080801 ] ] ] ] } },
{ "type": "Feature", "properties": { "start_date": 1906, "construction_date.nb": 2, "historic.building": "yes" }, "geometry": { "type": "Polygon", "coordinates": [ [ [ 2.476151496158438, 48.898098796665764 ], [ 2.476151496154786, 48.898098796666552 ], [ 2.476029427355553, 48.898124972080801 ], [ 2.476021585050834, 48.898105697588278 ], [ 2.476005601154128, 48.898066412915803 ], [ 2.476045777020865, 48.898059034510517 ], [ 2.476056723306304, 48.898082734145255 ], [ 2.476083780016336, 48.898077816414741 ], [ 2.476055341960518, 48.898003139456009 ], [ 2.476110680125143, 48.897993579093701 ], [ 2.476119486111681, 48.89801627963562 ], [ 2.476151496158438, 48.898098796665764 ] ] ] } },
{ "type": "Feature", "properties": { "start_date": 1914, "construction_date.nb": 2, "historic.building": "yes" }, "geometry": { "type": "Polygon", "coordinates": [ [ [ 2.476110680126164, 48.897993579093516 ], [ 2.476165745477704, 48.897984017512208 ], [ 2.476177602270375, 48.898012127738831 ], [ 2.476193046416427, 48.898009047727726 ], [ 2.476206504657187, 48.898040672246339 ], [ 2.476190507623227, 48.89804446930291 ], [ 2.476198110168365, 48.898061589398537 ], [ 2.47617173815179, 48.898066240368472 ], [ 2.476181839015894, 48.898092634232391 ], [ 2.476181839001804, 48.898092634235368 ], [ 2.476151496158438, 48.898098796665764 ], [ 2.476119486111681, 48.89801627963562 ], [ 2.476110680125143, 48.897993579093701 ], [ 2.476110680126164, 48.897993579093516 ] ] ] } },
{ "type": "Feature", "properties": { "start_date": 1970, "construction_date.nb": 3, "historic.building": "yes" }, "geometry": { "type": "MultiPolygon", "coordinates": [ [ [ [ 2.476423503340641, 48.898014911703427 ], [ 2.476423503349628, 48.898014911725973 ], [ 2.476374992160135, 48.898023782618509 ], [ 2.476380304980694, 48.898038014912217 ], [ 2.476343000676283, 48.898044686523463 ], [ 2.476308397619177, 48.897959101061957 ], [ 2.476395566080597, 48.897944643624854 ], [ 2.476423503340641, 48.898014911703427 ] ] ], [ [ [ 2.476151496158438, 48.898098796665764 ], [ 2.476181839001804, 48.898092634235368 ], [ 2.476181839015894, 48.898092634232391 ], [ 2.476181839019431, 48.898092634241635 ], [ 2.476151496159551, 48.898098796678831 ], [ 2.476029427364225, 48.898124972102252 ], [ 2.476029427355553, 48.898124972080801 ], [ 2.476151496154786, 48.898098796666552 ], [ 2.476151496158438, 48.898098796665764 ] ] ] ] } },
{ "type": "Feature", "properties": { "start_date": 1927, "construction_date.nb": 3, "historic.building": "yes" }, "geometry": { "type": "MultiPolygon", "coordinates": [ [ [ [ 2.476423503340641, 48.898014911703427 ], [ 2.476423503349628, 48.898014911725973 ], [ 2.476374992160135, 48.898023782618509 ], [ 2.476380304980694, 48.898038014912217 ], [ 2.476343000676283, 48.898044686523463 ], [ 2.476308397619177, 48.897959101061957 ], [ 2.476395566080597, 48.897944643624854 ], [ 2.476423503340641, 48.898014911703427 ] ] ], [ [ [ 2.476151496158438, 48.898098796665764 ], [ 2.476181839001804, 48.898092634235368 ], [ 2.476181839015894, 48.898092634232391 ], [ 2.476181839019431, 48.898092634241635 ], [ 2.476151496159551, 48.898098796678831 ], [ 2.476029427364225, 48.898124972102252 ], [ 2.476029427355553, 48.898124972080801 ], [ 2.476151496154786, 48.898098796666552 ], [ 2.476151496158438, 48.898098796665764 ] ] ] ] } },
{ "type": "Feature", "properties": { "start_date": 1925, "construction_date.nb": 2, "historic.building": "yes" }, "geometry": { "type": "Polygon", "coordinates": [ [ [ 2.476514095327125, 48.897999120188402 ], [ 2.476483756178141, 48.898004922995099 ], [ 2.476488264260687, 48.898017802792353 ], [ 2.476461614071683, 48.898022992206648 ], [ 2.476456162998484, 48.898008939211927 ], [ 2.476423503356239, 48.898014911724765 ], [ 2.476423503349628, 48.898014911725973 ], [ 2.476423503340641, 48.898014911703427 ], [ 2.476395566080597, 48.897944643624854 ], [ 2.476395566117054, 48.897944643618807 ], [ 2.4764872418623, 48.897929576336821 ], [ 2.476514095327125, 48.897999120188402 ] ] ] } },
{ "type": "Feature", "properties": { "start_date": 1912, "construction_date.nb": 1, "historic.building": "yes" }, "geometry": { "type": "Polygon", "coordinates": [ [ [ 2.476719436912365, 48.89797960331159 ], [ 2.476712263318413, 48.897960506656993 ], [ 2.476644350821313, 48.897972620346771 ], [ 2.476618038263056, 48.897903528533917 ], [ 2.476689354189239, 48.897892059242366 ], [ 2.476701563409355, 48.897925836601644 ], [ 2.476740241469416, 48.897918181642432 ], [ 2.476763583433289, 48.897970713190638 ], [ 2.476719436929642, 48.897979603308002 ], [ 2.476719436912365, 48.89797960331159 ] ] ] } },
{ "type": "Feature", "properties": { "start_date": 1949, "construction_date.nb": 3, "historic.building": "yes" }, "geometry": { "type": "Polygon", "coordinates": [ [ [ 2.47686870387309, 48.897839334018052 ], [ 2.47687506318767, 48.897854734935557 ], [ 2.476897199938185, 48.897908345396957 ], [ 2.476903085517062, 48.897922049867013 ], [ 2.476904397130011, 48.89792510395219 ], [ 2.476911072247249, 48.897939522004393 ], [ 2.476875059129075, 48.897947138143522 ], [ 2.476763583464507, 48.89797071318403 ], [ 2.476763583433289, 48.897970713190638 ], [ 2.476740241469416, 48.897918181642432 ], [ 2.47674024149347, 48.897918181637657 ], [ 2.476792987929717, 48.897908609636417 ], [ 2.476807143830613, 48.897938708331615 ], [ 2.47684158735865, 48.897931664313717 ], [ 2.476808177610337, 48.897849411664268 ], [ 2.476868703863816, 48.897839334019537 ], [ 2.47686870387309, 48.897839334018052 ] ] ] } },
{ "type": "Feature", "properties": { "start_date": 1932, "construction_date.nb": 2, "historic.building": "yes" }, "geometry": { "type": "Polygon", "coordinates": [ [ [ 2.476999587346526, 48.897899619634906 ], [ 2.476999587380216, 48.897899619629406 ], [ 2.476999587382941, 48.897899619635766 ], [ 2.477012976512681, 48.89789742984243 ], [ 2.477020928921574, 48.897911028088004 ], [ 2.477023838293324, 48.897916002993618 ], [ 2.476997867513268, 48.89792146527742 ], [ 2.476987109606357, 48.897892550561636 ], [ 2.476968659444074, 48.897896157143613 ], [ 2.476970354826944, 48.897903898592979 ], [ 2.476933736266532, 48.897910213652047 ], [ 2.476930805211668, 48.897903276217342 ], [ 2.476897199974661, 48.897908345401952 ], [ 2.476903085517062, 48.897922049867013 ], [ 2.476897199938185, 48.897908345396957 ], [ 2.47687506318767, 48.897854734935557 ], [ 2.47686870387309, 48.897839334018052 ], [ 2.476969528512274, 48.897823227139014 ], [ 2.476993723344445, 48.89788592456118 ], [ 2.476999587346526, 48.897899619634906 ] ] ] } },
{ "type": "Feature", "properties": { "start_date": 1949, "construction_date.nb": 2, "historic.building": "yes" }, "geometry": { "type": "MultiPolygon", "coordinates": [ [ [ [ 2.477170696220818, 48.897825364543749 ], [ 2.477123584526015, 48.897885052708538 ], [ 2.477105410791065, 48.897888300820071 ], [ 2.477069965576344, 48.89785927827787 ], [ 2.476993723347601, 48.897885924557777 ], [ 2.476999587380216, 48.897899619629406 ], [ 2.476999587346526, 48.897899619634906 ], [ 2.476993723344445, 48.89788592456118 ], [ 2.476969528512274, 48.897823227139014 ], [ 2.476969528517322, 48.897823227138211 ], [ 2.477137577862664, 48.897795542833826 ], [ 2.477155953357927, 48.897812089207733 ], [ 2.477170696220818, 48.897825364543749 ] ] ], [ [ [ 2.477012976539775, 48.897897429838004 ], [ 2.477020928921574, 48.897911028088004 ], [ 2.477012976512681, 48.89789742984243 ], [ 2.477012976539775, 48.897897429838004 ] ] ] ] } },
{ "type": "Feature", "properties": { "start_date": 1903, "construction_date.nb": 1, "historic.building": "yes" }, "geometry": { "type": "Polygon", "coordinates": [ [ [ 2.476259998305267, 48.89877475175043 ], [ 2.476238623898004, 48.898779862864558 ], [ 2.476225632381143, 48.898756064368094 ], [ 2.476303292510167, 48.898737788342565 ], [ 2.476326260386714, 48.898732582864184 ], [ 2.476338296651228, 48.898729308068923 ], [ 2.476336147789231, 48.898725971215107 ], [ 2.476349008828967, 48.898722070513386 ], [ 2.4763364146352, 48.898699442872925 ], [ 2.476323815077126, 48.898677354769056 ], [ 2.476312699555289, 48.898656891906697 ], [ 2.476490720742397, 48.898614503501783 ], [ 2.476504780024098, 48.898640644820873 ], [ 2.47643217040424, 48.89865858336055 ], [ 2.476452785565892, 48.898697433562468 ], [ 2.476416684794915, 48.898706448671589 ], [ 2.476425407643649, 48.898720695861904 ], [ 2.476429367656377, 48.898720263527579 ], [ 2.476436197203021, 48.89873288364786 ], [ 2.476436197201766, 48.898732883648137 ], [ 2.476335019147097, 48.898756812493609 ], [ 2.476259998305267, 48.89877475175043 ] ] ] } },
{ "type": "Feature", "properties": { "start_date": 1910, "construction_date.nb": 1, "historic.building": "yes" }, "geometry": { "type": "Polygon", "coordinates": [ [ [ 2.476436197203021, 48.89873288364786 ], [ 2.476436197205056, 48.898732883651611 ], [ 2.476335019181485, 48.898756812489026 ], [ 2.476259998305267, 48.89877475175043 ], [ 2.476335019147097, 48.898756812493609 ], [ 2.476436197201766, 48.898732883648137 ], [ 2.476436197203021, 48.89873288364786 ] ] ] } },
{ "type": "Feature", "properties": { "start_date": 1959, "construction_date.nb": 1, "historic.building": "yes" }, "geometry": { "type": "Polygon", "coordinates": [ [ [ 2.476436197203021, 48.89873288364786 ], [ 2.476436197205056, 48.898732883651611 ], [ 2.476335019181485, 48.898756812489026 ], [ 2.476259998305267, 48.89877475175043 ], [ 2.476335019147097, 48.898756812493609 ], [ 2.476436197201766, 48.898732883648137 ], [ 2.476436197203021, 48.89873288364786 ] ] ] } },
{ "type": "Feature", "properties": { "start_date": 1904, "construction_date.nb": 1, "historic.building": "yes" }, "geometry": { "type": "Polygon", "coordinates": [ [ [ 2.476786226826647, 48.898607656433704 ], [ 2.476769228895917, 48.898576151092144 ], [ 2.476811068038746, 48.898566171702058 ], [ 2.476804119168139, 48.898551842406661 ], [ 2.476855396654091, 48.898539206320336 ], [ 2.47685604466523, 48.898540453443779 ], [ 2.476827396684908, 48.898578328721477 ], [ 2.476786226826647, 48.898607656433704 ] ] ] } },
{ "type": "Feature", "properties": { "start_date": 1910, "construction_date.nb": 1, "historic.building": "yes" }, "geometry": { "type": "Polygon", "coordinates": [ [ [ 2.477251039038963, 48.89801822780052 ], [ 2.477213132277632, 48.898027534123216 ], [ 2.477213132257931, 48.898027534128026 ], [ 2.477178343672206, 48.898014612109719 ], [ 2.477275455958632, 48.897889359850396 ], [ 2.477301867258535, 48.89795102646012 ], [ 2.477251039038963, 48.89801822780052 ] ] ] } },
{ "type": "Feature", "properties": { "start_date": 1925, "construction_date.nb": 2, "historic.building": "yes" }, "geometry": { "type": "Polygon", "coordinates": [ [ [ 2.477121037229218, 48.897528811025538 ], [ 2.477058297267724, 48.897540782687258 ], [ 2.47702002792978, 48.8974534727151 ], [ 2.477024404229192, 48.897452322716589 ], [ 2.477024404228335, 48.897452322714649 ], [ 2.477083548241609, 48.897441278014185 ], [ 2.477121037229218, 48.897528811025538 ] ] ] } },
{ "type": "Feature", "properties": { "start_date": 1892, "construction_date.nb": 1, "historic.building": "yes" }, "geometry": { "type": "Polygon", "coordinates": [ [ [ 2.477083548241609, 48.897441278014185 ], [ 2.477024404228335, 48.897452322714649 ], [ 2.476990131008784, 48.897374562848114 ], [ 2.477049996980927, 48.897362938928467 ], [ 2.477083548241609, 48.897441278014185 ] ] ] } },
{ "type": "Feature", "properties": { "start_date": 1900, "construction_date.nb": 1, "historic.building": "yes" }, "geometry": { "type": "Polygon", "coordinates": [ [ [ 2.476222700253224, 48.897742136997714 ], [ 2.476207009777772, 48.897705772541102 ], [ 2.476200754905657, 48.897690277090312 ], [ 2.476224808019623, 48.897685615971525 ], [ 2.47623814515366, 48.897715711160856 ], [ 2.476295266056597, 48.897705169265315 ], [ 2.476323631243369, 48.897773550711506 ], [ 2.476242458924776, 48.897788573889095 ], [ 2.476233015708171, 48.897766222420707 ], [ 2.47622940266442, 48.897757670550845 ], [ 2.476222700253224, 48.897742136997714 ] ] ] } },
{ "type": "Feature", "properties": { "start_date": 1890, "construction_date.nb": 1, "historic.building": "yes" }, "geometry": { "type": "Polygon", "coordinates": [ [ [ 2.476233015708171, 48.897766222420707 ], [ 2.476229402652951, 48.897757670552849 ], [ 2.476222700253224, 48.897742136997714 ], [ 2.47622940266442, 48.897757670550845 ], [ 2.476233015708171, 48.897766222420707 ] ] ] } },
{ "type": "Feature", "properties": { "start_date": 1880, "construction_date.nb": 1, "historic.building": "yes" }, "geometry": { "type": "Polygon", "coordinates": [ [ [ 2.476073667467573, 48.897754946510794 ], [ 2.476095636068798, 48.897807806373635 ], [ 2.476095636035542, 48.897807806379454 ], [ 2.476095636034423, 48.89780780637691 ], [ 2.476073667467573, 48.897754946510794 ] ] ] } },
{ "type": "Feature", "properties": { "start_date": 1907, "construction_date.nb": 1, "historic.building": "yes" }, "geometry": { "type": "Polygon", "coordinates": [ [ [ 2.476073667467573, 48.897754946510794 ], [ 2.476095636068798, 48.897807806373635 ], [ 2.476095636035542, 48.897807806379454 ], [ 2.476095636034423, 48.89780780637691 ], [ 2.476073667467573, 48.897754946510794 ] ] ] } },
{ "type": "Feature", "properties": { "start_date": 1900, "construction_date.nb": 1, "historic.building": "yes" }, "geometry": { "type": "Polygon", "coordinates": [ [ [ 2.476073667467573, 48.897754946510794 ], [ 2.476095636068798, 48.897807806373635 ], [ 2.476095636035542, 48.897807806379454 ], [ 2.476095636034423, 48.89780780637691 ], [ 2.476073667467573, 48.897754946510794 ] ] ] } },
{ "type": "Feature", "properties": { "start_date": 1900, "construction_date.nb": 2, "historic.building": "yes" }, "geometry": { "type": "Polygon", "coordinates": [ [ [ 2.476095636034423, 48.89780780637691 ], [ 2.476095636035542, 48.897807806379454 ], [ 2.476014881845791, 48.897821931932647 ], [ 2.476014881812732, 48.897821931938388 ], [ 2.47601488180939, 48.897821931930451 ], [ 2.475989175189672, 48.897760486721218 ], [ 2.475989175217673, 48.897760486716166 ], [ 2.476000652168401, 48.897758558445638 ], [ 2.476069800169839, 48.897745641180656 ], [ 2.476073667467573, 48.897754946510794 ], [ 2.476095636034423, 48.89780780637691 ] ] ] } },
{ "type": "Feature", "properties": { "start_date": 1906, "construction_date.nb": 1, "historic.building": "yes" }, "geometry": { "type": "Polygon", "coordinates": [ [ [ 2.475908006402209, 48.897775149984241 ], [ 2.475976056983609, 48.897762857450701 ], [ 2.475989175189672, 48.897760486721218 ], [ 2.47601488180939, 48.897821931930451 ], [ 2.476014881812732, 48.897821931938388 ], [ 2.475934128484155, 48.897835967525417 ], [ 2.47591516325718, 48.897791812637379 ], [ 2.475908006402209, 48.897775149984241 ] ] ] } },
{ "type": "Feature", "properties": { "start_date": 1932, "construction_date.nb": 2, "historic.building": "yes" }, "geometry": { "type": "Polygon", "coordinates": [ [ [ 2.475477680476813, 48.89793622047786 ], [ 2.475477680481047, 48.897936220489399 ], [ 2.475477680471477, 48.897936220490898 ], [ 2.475437925563044, 48.897942431441436 ], [ 2.475423795926058, 48.897936883774101 ], [ 2.47541955179415, 48.897924904418431 ], [ 2.475378702139797, 48.8979314702853 ], [ 2.475356683372349, 48.897869591409759 ], [ 2.475447808263237, 48.897855062070853 ], [ 2.475447808265925, 48.897855062070413 ], [ 2.475447808268379, 48.897855062077028 ], [ 2.475477680476813, 48.89793622047786 ] ] ] } },
{ "type": "Feature", "properties": { "start_date": 1935, "construction_date.nb": 1, "historic.building": "yes" }, "geometry": { "type": "Polygon", "coordinates": [ [ [ 2.475059863979356, 48.897969848343138 ], [ 2.475050932081219, 48.897945142393418 ], [ 2.475047680471752, 48.897935762195694 ], [ 2.475036882395647, 48.897904611989063 ], [ 2.475142215995763, 48.897887806948425 ], [ 2.475149355467566, 48.897910230998292 ], [ 2.47515599836604, 48.897927796604705 ], [ 2.475165926006277, 48.897957787017617 ], [ 2.475061547970806, 48.897974506319308 ], [ 2.475061547969252, 48.897974506314554 ], [ 2.475059863979356, 48.897969848343138 ] ] ] } },
{ "type": "Feature", "properties": { "start_date": 1930, "construction_date.nb": 1, "historic.building": "yes" }, "geometry": { "type": "Polygon", "coordinates": [ [ [ 2.474704342996231, 48.898080047554323 ], [ 2.474679127766584, 48.898010600399111 ], [ 2.47477242994983, 48.897996620720932 ], [ 2.474780017012916, 48.898017867845581 ], [ 2.474796970621182, 48.898065345441879 ], [ 2.474704343005711, 48.89808004755681 ], [ 2.474704342996231, 48.898080047554323 ] ] ] } },
{ "type": "Feature", "properties": { "start_date": 1990, "construction_date.nb": 1, "historic.building": "yes" }, "geometry": { "type": "Polygon", "coordinates": [ [ [ 2.477251039011783, 48.898018227836452 ], [ 2.4772131323138, 48.898027534148774 ], [ 2.477213132257931, 48.898027534128026 ], [ 2.477213132277632, 48.898027534123216 ], [ 2.477251039038963, 48.89801822780052 ], [ 2.477251039011783, 48.898018227836452 ] ] ] } },
{ "type": "Feature", "properties": { "start_date": 1967, "construction_date.nb": 1, "historic.building": "yes" }, "geometry": { "type": "MultiPolygon", "coordinates": [ [ [ [ 2.475036882395647, 48.897904611989063 ], [ 2.475047680471752, 48.897935762195694 ], [ 2.47503688238202, 48.897904611991251 ], [ 2.475036882395647, 48.897904611989063 ] ] ], [ [ [ 2.475061547969252, 48.897974506314554 ], [ 2.475061547970806, 48.897974506319308 ], [ 2.475061547970243, 48.897974506319386 ], [ 2.475059863979356, 48.897969848343138 ], [ 2.475061547969252, 48.897974506314554 ] ] ] ] } },
{ "type": "Feature", "properties": { "start_date": 1924, "construction_date.nb": 1, "historic.building": "yes" }, "geometry": { "type": "Polygon", "coordinates": [ [ [ 2.474780017012916, 48.898017867845581 ], [ 2.474796970647413, 48.898065345437523 ], [ 2.474796970621182, 48.898065345441879 ], [ 2.474780017012916, 48.898017867845581 ] ] ] } },
{ "type": "Feature", "properties": { "start_date": 1936, "construction_date.nb": 1, "historic.building": "yes" }, "geometry": { "type": "Polygon", "coordinates": [ [ [ 2.47477745577593, 48.89884926289529 ], [ 2.474767179371371, 48.898828006696149 ], [ 2.474849871387998, 48.898811282517727 ], [ 2.474882220660593, 48.898876713979696 ], [ 2.474882220655609, 48.898876713980776 ], [ 2.47484190914197, 48.89888527548834 ], [ 2.47477745577593, 48.89884926289529 ] ] ] } },
{ "type": "Feature", "properties": { "start_date": 1925, "construction_date.nb": 1, "historic.building": "yes" }, "geometry": { "type": "Polygon", "coordinates": [ [ [ 2.475268315808733, 48.898151856449644 ], [ 2.47528463186507, 48.898197612740098 ], [ 2.475118496097713, 48.898224673318801 ], [ 2.475098867335679, 48.898169279906654 ], [ 2.475095281698794, 48.89815964161064 ], [ 2.475181076923195, 48.898146168275311 ], [ 2.475188260919668, 48.898164185893734 ], [ 2.475268315808733, 48.898151856449644 ] ] ] } },
{ "type": "Feature", "properties": { "start_date": 1932, "construction_date.nb": 1, "historic.building": "yes" }, "geometry": { "type": "Polygon", "coordinates": [ [ [ 2.475447808265925, 48.897855062070413 ], [ 2.475539479647501, 48.897840445140261 ], [ 2.475562184201705, 48.897901967220513 ], [ 2.475522701217033, 48.897908269339943 ], [ 2.475526799836667, 48.897921147382426 ], [ 2.475520440579221, 48.897929573007019 ], [ 2.475477680481047, 48.897936220489399 ], [ 2.475477680476813, 48.89793622047786 ], [ 2.475447808268379, 48.897855062077028 ], [ 2.475447808265925, 48.897855062070413 ] ] ] } },
{ "type": "Feature", "properties": { "start_date": 1951, "construction_date.nb": 1, "historic.building": "yes" }, "geometry": { "type": "Polygon", "coordinates": [ [ [ 2.474964503337807, 48.89850835909148 ], [ 2.474992381474451, 48.898570803251609 ], [ 2.474955200285384, 48.898578734027495 ], [ 2.474957710154709, 48.898586838768942 ], [ 2.474853707304122, 48.898606797039463 ], [ 2.474822099165469, 48.898535523291699 ], [ 2.474915848659701, 48.898517858310477 ], [ 2.474964503337807, 48.89850835909148 ] ] ] } },
{ "type": "Feature", "properties": { "start_date": 1914, "construction_date.nb": 1, "historic.building": "yes" }, "geometry": { "type": "Polygon", "coordinates": [ [ [ 2.474534252911277, 48.897681973528975 ], [ 2.474645838720159, 48.897659904446925 ], [ 2.474672253798728, 48.897718565207384 ], [ 2.474518962745251, 48.897748109662388 ], [ 2.474534252911277, 48.897681973528975 ] ] ] } },
{ "type": "Feature", "properties": { "start_date": 1885, "construction_date.nb": 1, "historic.building": "yes" }, "geometry": { "type": "Polygon", "coordinates": [ [ [ 2.477033788407397, 48.897325093319282 ], [ 2.476985654056635, 48.897334550407116 ], [ 2.476982479561664, 48.897335139760017 ], [ 2.476947724779333, 48.897252649306168 ], [ 2.47695157101233, 48.897251938624237 ], [ 2.476968355782888, 48.897249015061711 ], [ 2.477016485460906, 48.897284692378683 ], [ 2.477033788407397, 48.897325093319282 ] ] ] } },
{ "type": "Feature", "properties": { "start_date": 2017, "construction_date.nb": 1, "historic.building": "yes" }, "geometry": { "type": "MultiPolygon", "coordinates": [ [ [ [ 2.47695157101233, 48.897251938624237 ], [ 2.476947724779333, 48.897252649306168 ], [ 2.476947708785418, 48.897252611344562 ], [ 2.47695157101233, 48.897251938624237 ] ] ], [ [ [ 2.477033995033171, 48.897325575772861 ], [ 2.476985654056635, 48.897334550407116 ], [ 2.477033788407397, 48.897325093319282 ], [ 2.477033995033171, 48.897325575772861 ] ] ] ] } },
{ "type": "Feature", "properties": { "start_date": 1926, "construction_date.nb": 1, "historic.building": "yes" }, "geometry": { "type": "Polygon", "coordinates": [ [ [ 2.474966934676452, 48.895995812834421 ], [ 2.47494121025973, 48.896003235601626 ], [ 2.474961732183901, 48.896037589246404 ], [ 2.474911197081172, 48.896051482022877 ], [ 2.47492796035108, 48.895978969132862 ], [ 2.474966934676452, 48.895995812834421 ] ] ] } },
{ "type": "Feature", "properties": { "start_date": 1930, "construction_date.nb": 1, "historic.building": "yes" }, "geometry": { "type": "Polygon", "coordinates": [ [ [ 2.475333259720966, 48.896154127905355 ], [ 2.475349248483622, 48.896184615814818 ], [ 2.47524629458761, 48.896209255417524 ], [ 2.475206652196707, 48.896136777330113 ], [ 2.475262614834389, 48.896123597400468 ], [ 2.475333259720966, 48.896154127905355 ] ] ] } },
{ "type": "Feature", "properties": { "start_date": 1936, "construction_date.nb": 1, "historic.building": "yes" }, "geometry": { "type": "Polygon", "coordinates": [ [ [ 2.47535741508048, 48.896199849892376 ], [ 2.475395452786411, 48.896269173329571 ], [ 2.475289359929281, 48.896293979117878 ], [ 2.475249951223804, 48.896225369069548 ], [ 2.47535741508048, 48.896199849892376 ] ] ] } },
{ "type": "Feature", "properties": { "start_date": 1926, "construction_date.nb": 1, "historic.building": "yes" }, "geometry": { "type": "Polygon", "coordinates": [ [ [ 2.475368214807872, 48.896373373786943 ], [ 2.475325496378006, 48.896308346529992 ], [ 2.475420017863047, 48.896281331668931 ], [ 2.475466678116978, 48.896347725147294 ], [ 2.475415115036853, 48.896361888031215 ], [ 2.475415114267867, 48.89636188821995 ], [ 2.475368214825813, 48.896373373782552 ], [ 2.475368214807872, 48.896373373786943 ] ] ] } },
{ "type": "Feature", "properties": { "start_date": 1926, "construction_date.nb": 3, "historic.building": "yes" }, "geometry": { "type": "MultiPolygon", "coordinates": [ [ [ [ 2.475415114267867, 48.89636188821995 ], [ 2.475415115036853, 48.896361888031215 ], [ 2.475415114262422, 48.896361888243923 ], [ 2.475368214816274, 48.896373373799733 ], [ 2.475368214807872, 48.896373373786943 ], [ 2.475368214825813, 48.896373373782552 ], [ 2.475415114267867, 48.89636188821995 ] ] ], [ [ [ 2.475523663878888, 48.896431700325508 ], [ 2.475492078109643, 48.896439475905808 ], [ 2.475450211023427, 48.896449494421887 ], [ 2.475439302072689, 48.896452104858398 ], [ 2.475439302069296, 48.896452104852294 ], [ 2.475425905063292, 48.896455103820053 ], [ 2.475382376284412, 48.896389263647741 ], [ 2.475474173707952, 48.896361877115091 ], [ 2.475523663889544, 48.896431700322843 ], [ 2.475523663878888, 48.896431700325508 ] ] ] ] } },
{ "type": "Feature", "properties": { "start_date": 1928, "construction_date.nb": 2, "historic.building": "yes" }, "geometry": { "type": "Polygon", "coordinates": [ [ [ 2.475523663878888, 48.896431700325508 ], [ 2.475523663889544, 48.896431700322843 ], [ 2.475523663902662, 48.89643170034136 ], [ 2.47549207811459, 48.896439475931217 ], [ 2.475502249893484, 48.896458765671106 ], [ 2.475535190510353, 48.896451895306448 ], [ 2.475564356434663, 48.896508319743894 ], [ 2.47548056271587, 48.896526478500292 ], [ 2.475439302072689, 48.896452104858398 ], [ 2.475450211023427, 48.896449494421887 ], [ 2.475492078109643, 48.896439475905808 ], [ 2.475523663878888, 48.896431700325508 ] ] ] } },
{ "type": "Feature", "properties": { "start_date": 1927, "construction_date.nb": 1, "historic.building": "yes" }, "geometry": { "type": "Polygon", "coordinates": [ [ [ 2.475585037862792, 48.896702930631314 ], [ 2.475552836308057, 48.896636420705001 ], [ 2.475627741239913, 48.896620561165335 ], [ 2.475660410967433, 48.896613509715102 ], [ 2.475692759888927, 48.896678941115987 ], [ 2.475585037862792, 48.896702930631314 ] ] ] } },
{ "type": "Feature", "properties": { "start_date": 1925, "construction_date.nb": 1, "historic.building": "yes" }, "geometry": { "type": "Polygon", "coordinates": [ [ [ 2.475692759888927, 48.896678941115987 ], [ 2.475692759895028, 48.896678941128336 ], [ 2.475585037877262, 48.896702930661206 ], [ 2.475585037862792, 48.896702930631314 ], [ 2.475692759888927, 48.896678941115987 ] ] ] } },
{ "type": "Feature", "properties": { "start_date": 1935, "construction_date.nb": 1, "historic.building": "yes" }, "geometry": { "type": "Polygon", "coordinates": [ [ [ 2.476032768914541, 48.896668108698911 ], [ 2.476093854525112, 48.896819189857233 ], [ 2.475984810098236, 48.896839037154045 ], [ 2.475921399779803, 48.896688575246863 ], [ 2.476022108704909, 48.896670220378162 ], [ 2.476032768914541, 48.896668108698911 ] ] ] } },
{ "type": "Feature", "properties": { "start_date": 1930, "construction_date.nb": 1, "historic.building": "yes" }, "geometry": { "type": "Polygon", "coordinates": [ [ [ 2.475987384285476, 48.896583285208514 ], [ 2.475987384298164, 48.896583285237604 ], [ 2.475854424953049, 48.896607704146298 ], [ 2.475854424940749, 48.896607704126943 ], [ 2.475987384266162, 48.896583285212103 ], [ 2.475987384285476, 48.896583285208514 ] ] ] } },
{ "type": "Feature", "properties": { "start_date": 1925, "construction_date.nb": 1, "historic.building": "yes" }, "geometry": { "type": "Polygon", "coordinates": [ [ [ 2.475854424940749, 48.896607704126943 ], [ 2.47579480932504, 48.896513915154642 ], [ 2.475883579954048, 48.896489123064335 ], [ 2.475931916307293, 48.896565236190554 ], [ 2.475976185486953, 48.896557605934404 ], [ 2.475987384285476, 48.896583285208514 ], [ 2.475987384266162, 48.896583285212103 ], [ 2.475854424940749, 48.896607704126943 ] ] ] } },
{ "type": "Feature", "properties": { "start_date": 1927, "construction_date.nb": 2, "historic.building": "yes" }, "geometry": { "type": "Polygon", "coordinates": [ [ [ 2.475858406554726, 48.89642621799355 ], [ 2.47586443317841, 48.896440026964328 ], [ 2.475763169110016, 48.896459368517021 ], [ 2.475733456893803, 48.896389452145144 ], [ 2.475701890616137, 48.896395856957945 ], [ 2.475733456890909, 48.896389452122513 ], [ 2.475792492221446, 48.896378289333377 ], [ 2.475792492228858, 48.89637828935021 ], [ 2.475793496679842, 48.896378099620371 ], [ 2.475858406554726, 48.89642621799355 ] ] ] } },
{ "type": "Feature", "properties": { "start_date": 1926, "construction_date.nb": 2, "historic.building": "yes" }, "geometry": { "type": "MultiPolygon", "coordinates": [ [ [ [ 2.47573356543401, 48.896333671842683 ], [ 2.475665825045211, 48.896346798607517 ], [ 2.475665825044032, 48.89634679860476 ], [ 2.475733565421788, 48.896333671833624 ], [ 2.47573356543401, 48.896333671842683 ] ] ], [ [ [ 2.475791882189925, 48.896376902780354 ], [ 2.475792492221446, 48.896378289333377 ], [ 2.475733456890909, 48.896389452122513 ], [ 2.475701890616137, 48.896395856957945 ], [ 2.475696144631587, 48.896397022819883 ], [ 2.47567667642718, 48.896352781550718 ], [ 2.475742552193268, 48.896340333846062 ], [ 2.475791882189925, 48.896376902780354 ] ] ] ] } },
{ "type": "Feature", "properties": { "start_date": 1910, "construction_date.nb": 1, "historic.building": "yes" }, "geometry": { "type": "Polygon", "coordinates": [ [ [ 2.475712391766285, 48.896317975513234 ], [ 2.475733565421788, 48.896333671833624 ], [ 2.475665825044032, 48.89634679860476 ], [ 2.4756502333434, 48.896310398311435 ], [ 2.475680848199425, 48.896304343575402 ], [ 2.475712391766285, 48.896317975513234 ] ] ] } },
{ "type": "Feature", "properties": { "start_date": 1926, "construction_date.nb": 1, "historic.building": "yes" }, "geometry": { "type": "Polygon", "coordinates": [ [ [ 2.475686674655796, 48.89691750087114 ], [ 2.47565020432595, 48.896841439626037 ], [ 2.475669882683734, 48.896837748672191 ], [ 2.475764178884248, 48.896819635760622 ], [ 2.475800910375869, 48.896896867210771 ], [ 2.475686674665919, 48.896917500869264 ], [ 2.475686674655796, 48.89691750087114 ] ] ] } },
{ "type": "Feature", "properties": { "start_date": 2012, "construction_date.nb": 2, "historic.building": "yes" }, "geometry": { "type": "MultiPolygon", "coordinates": [ [ [ [ 2.475686674665919, 48.896917500869264 ], [ 2.475800910375869, 48.896896867210771 ], [ 2.475800910383294, 48.89689686722636 ], [ 2.47568667465652, 48.896917500872668 ], [ 2.475686674655796, 48.89691750087114 ], [ 2.475686674665919, 48.896917500869264 ] ] ], [ [ [ 2.474593775617905, 48.897424512135913 ], [ 2.475304908964316, 48.897363144537927 ], [ 2.475289343149972, 48.897283577552308 ], [ 2.476034997027988, 48.897219214253013 ], [ 2.476032008451436, 48.897204452538922 ], [ 2.476048257161036, 48.897202725006018 ], [ 2.47602713736701, 48.897105687254388 ], [ 2.476695635927674, 48.89704685336816 ], [ 2.476837633008756, 48.897152113206687 ], [ 2.476817076518837, 48.897153926289889 ], [ 2.476699411020497, 48.897162944839067 ], [ 2.476701231965484, 48.897171766005691 ], [ 2.476701742240433, 48.89717527556364 ], [ 2.476640035303245, 48.897180761479525 ], [ 2.476637296746841, 48.897168249142318 ], [ 2.476222289538411, 48.897203846002007 ], [ 2.476240979290085, 48.897284865418889 ], [ 2.475479902427519, 48.89735015166162 ], [ 2.47549669160847, 48.897430173655373 ], [ 2.474574246183647, 48.897508985662682 ], [ 2.474593775617905, 48.897424512135913 ] ] ] ] } },
{ "type": "Feature", "properties": { "start_date": 1958, "construction_date.nb": 2, "historic.building": "yes" }, "geometry": { "type": "MultiPolygon", "coordinates": [ [ [ [ 2.475686674665919, 48.896917500869264 ], [ 2.475800910375869, 48.896896867210771 ], [ 2.475800910383294, 48.89689686722636 ], [ 2.47568667465652, 48.896917500872668 ], [ 2.475686674655796, 48.89691750087114 ], [ 2.475686674665919, 48.896917500869264 ] ] ], [ [ [ 2.474593775617905, 48.897424512135913 ], [ 2.475304908964316, 48.897363144537927 ], [ 2.475289343149972, 48.897283577552308 ], [ 2.476034997027988, 48.897219214253013 ], [ 2.476032008451436, 48.897204452538922 ], [ 2.476048257161036, 48.897202725006018 ], [ 2.47602713736701, 48.897105687254388 ], [ 2.476695635927674, 48.89704685336816 ], [ 2.476837633008756, 48.897152113206687 ], [ 2.476817076518837, 48.897153926289889 ], [ 2.476699411020497, 48.897162944839067 ], [ 2.476701231965484, 48.897171766005691 ], [ 2.476701742240433, 48.89717527556364 ], [ 2.476640035303245, 48.897180761479525 ], [ 2.476637296746841, 48.897168249142318 ], [ 2.476222289538411, 48.897203846002007 ], [ 2.476240979290085, 48.897284865418889 ], [ 2.475479902427519, 48.89735015166162 ], [ 2.47549669160847, 48.897430173655373 ], [ 2.474574246183647, 48.897508985662682 ], [ 2.474593775617905, 48.897424512135913 ] ] ] ] } },
{ "type": "Feature", "properties": { "start_date": 1996, "construction_date.nb": 2, "historic.building": "yes" }, "geometry": { "type": "MultiPolygon", "coordinates": [ [ [ [ 2.475686674665919, 48.896917500869264 ], [ 2.475800910375869, 48.896896867210771 ], [ 2.475800910383294, 48.89689686722636 ], [ 2.47568667465652, 48.896917500872668 ], [ 2.475686674655796, 48.89691750087114 ], [ 2.475686674665919, 48.896917500869264 ] ] ], [ [ [ 2.474593775617905, 48.897424512135913 ], [ 2.475304908964316, 48.897363144537927 ], [ 2.475289343149972, 48.897283577552308 ], [ 2.476034997027988, 48.897219214253013 ], [ 2.476032008451436, 48.897204452538922 ], [ 2.476048257161036, 48.897202725006018 ], [ 2.47602713736701, 48.897105687254388 ], [ 2.476695635927674, 48.89704685336816 ], [ 2.476837633008756, 48.897152113206687 ], [ 2.476817076518837, 48.897153926289889 ], [ 2.476699411020497, 48.897162944839067 ], [ 2.476701231965484, 48.897171766005691 ], [ 2.476701742240433, 48.89717527556364 ], [ 2.476640035303245, 48.897180761479525 ], [ 2.476637296746841, 48.897168249142318 ], [ 2.476222289538411, 48.897203846002007 ], [ 2.476240979290085, 48.897284865418889 ], [ 2.475479902427519, 48.89735015166162 ], [ 2.47549669160847, 48.897430173655373 ], [ 2.474574246183647, 48.897508985662682 ], [ 2.474593775617905, 48.897424512135913 ] ] ] ] } },
{ "type": "Feature", "properties": { "start_date": 1931, "construction_date.nb": 1, "historic.building": "yes" }, "geometry": { "type": "Polygon", "coordinates": [ [ [ 2.4743352105013, 48.898542898363402 ], [ 2.47438658716931, 48.898533792593724 ], [ 2.474395022780765, 48.898535898016334 ], [ 2.474427826160698, 48.898610324690061 ], [ 2.474427826143131, 48.898610324693976 ], [ 2.474375776828698, 48.898619947936346 ], [ 2.474324310571399, 48.898590043330664 ], [ 2.4743352105013, 48.898542898363402 ] ] ] } },
{ "type": "Feature", "properties": { "start_date": 1958, "construction_date.nb": 1, "historic.building": "yes" }, "geometry": { "type": "Polygon", "coordinates": [ [ [ 2.474375776828698, 48.898619947936346 ], [ 2.474427826143131, 48.898610324693976 ], [ 2.474427826160698, 48.898610324690061 ], [ 2.474427826173065, 48.898610324718128 ], [ 2.474375776853212, 48.898619947950579 ], [ 2.474375776828698, 48.898619947936346 ] ] ] } },
{ "type": "Feature", "properties": { "start_date": 1928, "construction_date.nb": 1, "historic.building": "yes" }, "geometry": { "type": "Polygon", "coordinates": [ [ [ 2.474549954784039, 48.898721154065136 ], [ 2.474619310075673, 48.898707300725377 ], [ 2.47462277194252, 48.898715679464566 ], [ 2.47468768697127, 48.898703373910116 ], [ 2.474711440925776, 48.898755458011095 ], [ 2.474640396102696, 48.898769895781939 ], [ 2.474636739397626, 48.898770638897126 ], [ 2.474594543653784, 48.898747062326976 ], [ 2.474549954784039, 48.898721154065136 ] ] ] } },
{ "type": "Feature", "properties": { "start_date": 1922, "construction_date.nb": 1, "historic.building": "yes" }, "geometry": { "type": "Polygon", "coordinates": [ [ [ 2.474640396102696, 48.898769895781939 ], [ 2.474711440925776, 48.898755458011095 ], [ 2.474711440935694, 48.898755458032852 ], [ 2.474640396102696, 48.898769895781939 ] ] ] } },
{ "type": "Feature", "properties": { "start_date": 1932, "construction_date.nb": 1, "historic.building": "yes" }, "geometry": { "type": "Polygon", "coordinates": [ [ [ 2.475011160026209, 48.898979842097468 ], [ 2.475000204642981, 48.89895825874946 ], [ 2.475097408269403, 48.898936292071255 ], [ 2.475123169732147, 48.898992251882412 ], [ 2.475058891125124, 48.899006511084558 ], [ 2.475011160026209, 48.898979842097468 ] ] ] } },
{ "type": "Feature", "properties": { "start_date": 1936, "construction_date.nb": 1, "historic.building": "yes" }, "geometry": { "type": "Polygon", "coordinates": [ [ [ 2.475198314619017, 48.89908441145311 ], [ 2.475253853753092, 48.89907241315592 ], [ 2.475262429042573, 48.899087738904221 ], [ 2.475320117186485, 48.899075221514636 ], [ 2.475337500732298, 48.899109831024134 ], [ 2.475271010765002, 48.899124536030065 ], [ 2.475237368100125, 48.89910623180932 ], [ 2.475198314619017, 48.89908441145311 ] ] ] } },
{ "type": "Feature", "properties": { "start_date": 1974, "construction_date.nb": 1, "historic.building": "yes" }, "geometry": { "type": "MultiPolygon", "coordinates": [ [ [ [ 2.475627580261697, 48.8993185360846 ], [ 2.475644387977193, 48.89931486784505 ], [ 2.475653054092719, 48.899332395624192 ], [ 2.475627580261697, 48.8993185360846 ] ] ], [ [ [ 2.475659272024016, 48.899335778610187 ], [ 2.475671268751107, 48.899327485877045 ], [ 2.475688898442616, 48.899324145685924 ], [ 2.475711382242714, 48.899326402462819 ], [ 2.475698385396552, 48.899303143458809 ], [ 2.475774396138519, 48.899286209532974 ], [ 2.475800808974937, 48.899300789590143 ], [ 2.4757079114186, 48.899362241787848 ], [ 2.475659272024016, 48.899335778610187 ] ] ] ] } },
{ "type": "Feature", "properties": { "start_date": 1905, "construction_date.nb": 1, "historic.building": "yes" }, "geometry": { "type": "MultiPolygon", "coordinates": [ [ [ [ 2.475627580261697, 48.8993185360846 ], [ 2.475644387977193, 48.89931486784505 ], [ 2.475653054092719, 48.899332395624192 ], [ 2.475627580261697, 48.8993185360846 ] ] ], [ [ [ 2.475659272024016, 48.899335778610187 ], [ 2.475671268751107, 48.899327485877045 ], [ 2.475688898442616, 48.899324145685924 ], [ 2.475711382242714, 48.899326402462819 ], [ 2.475698385396552, 48.899303143458809 ], [ 2.475774396138519, 48.899286209532974 ], [ 2.475800808974937, 48.899300789590143 ], [ 2.4757079114186, 48.899362241787848 ], [ 2.475659272024016, 48.899335778610187 ] ] ] ] } },
{ "type": "Feature", "properties": { "start_date": 1925, "construction_date.nb": 1, "historic.building": "yes" }, "geometry": { "type": "Polygon", "coordinates": [ [ [ 2.475934548776347, 48.899212319646843 ], [ 2.475912464640955, 48.899161450524424 ], [ 2.476008134397611, 48.899142803855874 ], [ 2.476014414593244, 48.899157454613501 ], [ 2.47597441508539, 48.899185947675527 ], [ 2.475934548776347, 48.899212319646843 ] ] ] } },
{ "type": "Feature", "properties": { "start_date": 1923, "construction_date.nb": 1, "historic.building": "yes" }, "geometry": { "type": "Polygon", "coordinates": [ [ [ 2.475578009441445, 48.898109770801888 ], [ 2.475569393039027, 48.898093551198606 ], [ 2.475567717985281, 48.898090649563173 ], [ 2.475569393042349, 48.898093551178732 ], [ 2.475578009441445, 48.898109770801888 ] ] ] } },
{ "type": "Feature", "properties": { "start_date": 1913, "construction_date.nb": 1, "historic.building": "yes" }, "geometry": { "type": "Polygon", "coordinates": [ [ [ 2.475567717985281, 48.898090649563173 ], [ 2.475564969059563, 48.898085887697121 ], [ 2.475714716024874, 48.898060823156122 ], [ 2.475737561833156, 48.898121896195697 ], [ 2.47562811981683, 48.898140302492173 ], [ 2.47562598279946, 48.89813579660116 ], [ 2.475596335448947, 48.898140612969136 ], [ 2.475592952767157, 48.898137900243732 ], [ 2.475578009441445, 48.898109770801888 ], [ 2.475569393042349, 48.898093551178732 ], [ 2.475567717985281, 48.898090649563173 ] ] ] } },
{ "type": "Feature", "properties": { "start_date": 1905, "construction_date.nb": 2, "historic.building": "yes" }, "geometry": { "type": "MultiPolygon", "coordinates": [ [ [ [ 2.47581175831353, 48.898054683003245 ], [ 2.475928302485568, 48.89803531837417 ], [ 2.475953773232679, 48.898106654951832 ], [ 2.47583710606852, 48.898124670092848 ], [ 2.47581175831353, 48.898054683003245 ] ] ], [ [ [ 2.476029427355553, 48.898124972080801 ], [ 2.476029427364225, 48.898124972102252 ], [ 2.476029427352394, 48.898124972104796 ], [ 2.476021585050834, 48.898105697588278 ], [ 2.476029427355553, 48.898124972080801 ] ] ] ] } },
{ "type": "Feature", "properties": { "start_date": 1906, "construction_date.nb": 2, "historic.building": "yes" }, "geometry": { "type": "Polygon", "coordinates": [ [ [ 2.476151496158438, 48.898098796665764 ], [ 2.476151496154786, 48.898098796666552 ], [ 2.476029427355553, 48.898124972080801 ], [ 2.476021585050834, 48.898105697588278 ], [ 2.476005601154128, 48.898066412915803 ], [ 2.476045777020865, 48.898059034510517 ], [ 2.476056723306304, 48.898082734145255 ], [ 2.476083780016336, 48.898077816414741 ], [ 2.476055341960518, 48.898003139456009 ], [ 2.476110680125143, 48.897993579093701 ], [ 2.476119486111681, 48.89801627963562 ], [ 2.476151496158438, 48.898098796665764 ] ] ] } },
{ "type": "Feature", "properties": { "start_date": 1914, "construction_date.nb": 2, "historic.building": "yes" }, "geometry": { "type": "Polygon", "coordinates": [ [ [ 2.476110680126164, 48.897993579093516 ], [ 2.476165745477704, 48.897984017512208 ], [ 2.476177602270375, 48.898012127738831 ], [ 2.476193046416427, 48.898009047727726 ], [ 2.476206504657187, 48.898040672246339 ], [ 2.476190507623227, 48.89804446930291 ], [ 2.476198110168365, 48.898061589398537 ], [ 2.47617173815179, 48.898066240368472 ], [ 2.476181839015894, 48.898092634232391 ], [ 2.476181839001804, 48.898092634235368 ], [ 2.476151496158438, 48.898098796665764 ], [ 2.476119486111681, 48.89801627963562 ], [ 2.476110680125143, 48.897993579093701 ], [ 2.476110680126164, 48.897993579093516 ] ] ] } },
{ "type": "Feature", "properties": { "start_date": 1970, "construction_date.nb": 3, "historic.building": "yes" }, "geometry": { "type": "MultiPolygon", "coordinates": [ [ [ [ 2.476423503340641, 48.898014911703427 ], [ 2.476423503349628, 48.898014911725973 ], [ 2.476374992160135, 48.898023782618509 ], [ 2.476380304980694, 48.898038014912217 ], [ 2.476343000676283, 48.898044686523463 ], [ 2.476308397619177, 48.897959101061957 ], [ 2.476395566080597, 48.897944643624854 ], [ 2.476423503340641, 48.898014911703427 ] ] ], [ [ [ 2.476151496158438, 48.898098796665764 ], [ 2.476181839001804, 48.898092634235368 ], [ 2.476181839015894, 48.898092634232391 ], [ 2.476181839019431, 48.898092634241635 ], [ 2.476151496159551, 48.898098796678831 ], [ 2.476029427364225, 48.898124972102252 ], [ 2.476029427355553, 48.898124972080801 ], [ 2.476151496154786, 48.898098796666552 ], [ 2.476151496158438, 48.898098796665764 ] ] ] ] } },
{ "type": "Feature", "properties": { "start_date": 1927, "construction_date.nb": 3, "historic.building": "yes" }, "geometry": { "type": "MultiPolygon", "coordinates": [ [ [ [ 2.476423503340641, 48.898014911703427 ], [ 2.476423503349628, 48.898014911725973 ], [ 2.476374992160135, 48.898023782618509 ], [ 2.476380304980694, 48.898038014912217 ], [ 2.476343000676283, 48.898044686523463 ], [ 2.476308397619177, 48.897959101061957 ], [ 2.476395566080597, 48.897944643624854 ], [ 2.476423503340641, 48.898014911703427 ] ] ], [ [ [ 2.476151496158438, 48.898098796665764 ], [ 2.476181839001804, 48.898092634235368 ], [ 2.476181839015894, 48.898092634232391 ], [ 2.476181839019431, 48.898092634241635 ], [ 2.476151496159551, 48.898098796678831 ], [ 2.476029427364225, 48.898124972102252 ], [ 2.476029427355553, 48.898124972080801 ], [ 2.476151496154786, 48.898098796666552 ], [ 2.476151496158438, 48.898098796665764 ] ] ] ] } },
{ "type": "Feature", "properties": { "start_date": 1925, "construction_date.nb": 2, "historic.building": "yes" }, "geometry": { "type": "Polygon", "coordinates": [ [ [ 2.476514095327125, 48.897999120188402 ], [ 2.476483756178141, 48.898004922995099 ], [ 2.476488264260687, 48.898017802792353 ], [ 2.476461614071683, 48.898022992206648 ], [ 2.476456162998484, 48.898008939211927 ], [ 2.476423503356239, 48.898014911724765 ], [ 2.476423503349628, 48.898014911725973 ], [ 2.476423503340641, 48.898014911703427 ], [ 2.476395566080597, 48.897944643624854 ], [ 2.476395566117054, 48.897944643618807 ], [ 2.4764872418623, 48.897929576336821 ], [ 2.476514095327125, 48.897999120188402 ] ] ] } },
{ "type": "Feature", "properties": { "start_date": 1912, "construction_date.nb": 1, "historic.building": "yes" }, "geometry": { "type": "Polygon", "coordinates": [ [ [ 2.476719436912365, 48.89797960331159 ], [ 2.476712263318413, 48.897960506656993 ], [ 2.476644350821313, 48.897972620346771 ], [ 2.476618038263056, 48.897903528533917 ], [ 2.476689354189239, 48.897892059242366 ], [ 2.476701563409355, 48.897925836601644 ], [ 2.476740241469416, 48.897918181642432 ], [ 2.476763583433289, 48.897970713190638 ], [ 2.476719436929642, 48.897979603308002 ], [ 2.476719436912365, 48.89797960331159 ] ] ] } },
{ "type": "Feature", "properties": { "start_date": 1949, "construction_date.nb": 3, "historic.building": "yes" }, "geometry": { "type": "Polygon", "coordinates": [ [ [ 2.47686870387309, 48.897839334018052 ], [ 2.47687506318767, 48.897854734935557 ], [ 2.476897199938185, 48.897908345396957 ], [ 2.476903085517062, 48.897922049867013 ], [ 2.476904397130011, 48.89792510395219 ], [ 2.476911072247249, 48.897939522004393 ], [ 2.476875059129075, 48.897947138143522 ], [ 2.476763583464507, 48.89797071318403 ], [ 2.476763583433289, 48.897970713190638 ], [ 2.476740241469416, 48.897918181642432 ], [ 2.47674024149347, 48.897918181637657 ], [ 2.476792987929717, 48.897908609636417 ], [ 2.476807143830613, 48.897938708331615 ], [ 2.47684158735865, 48.897931664313717 ], [ 2.476808177610337, 48.897849411664268 ], [ 2.476868703863816, 48.897839334019537 ], [ 2.47686870387309, 48.897839334018052 ] ] ] } },
{ "type": "Feature", "properties": { "start_date": 1932, "construction_date.nb": 2, "historic.building": "yes" }, "geometry": { "type": "Polygon", "coordinates": [ [ [ 2.476999587346526, 48.897899619634906 ], [ 2.476999587380216, 48.897899619629406 ], [ 2.476999587382941, 48.897899619635766 ], [ 2.477012976512681, 48.89789742984243 ], [ 2.477020928921574, 48.897911028088004 ], [ 2.477023838293324, 48.897916002993618 ], [ 2.476997867513268, 48.89792146527742 ], [ 2.476987109606357, 48.897892550561636 ], [ 2.476968659444074, 48.897896157143613 ], [ 2.476970354826944, 48.897903898592979 ], [ 2.476933736266532, 48.897910213652047 ], [ 2.476930805211668, 48.897903276217342 ], [ 2.476897199974661, 48.897908345401952 ], [ 2.476903085517062, 48.897922049867013 ], [ 2.476897199938185, 48.897908345396957 ], [ 2.47687506318767, 48.897854734935557 ], [ 2.47686870387309, 48.897839334018052 ], [ 2.476969528512274, 48.897823227139014 ], [ 2.476993723344445, 48.89788592456118 ], [ 2.476999587346526, 48.897899619634906 ] ] ] } },
{ "type": "Feature", "properties": { "start_date": 1949, "construction_date.nb": 2, "historic.building": "yes" }, "geometry": { "type": "MultiPolygon", "coordinates": [ [ [ [ 2.477170696220818, 48.897825364543749 ], [ 2.477123584526015, 48.897885052708538 ], [ 2.477105410791065, 48.897888300820071 ], [ 2.477069965576344, 48.89785927827787 ], [ 2.476993723347601, 48.897885924557777 ], [ 2.476999587380216, 48.897899619629406 ], [ 2.476999587346526, 48.897899619634906 ], [ 2.476993723344445, 48.89788592456118 ], [ 2.476969528512274, 48.897823227139014 ], [ 2.476969528517322, 48.897823227138211 ], [ 2.477137577862664, 48.897795542833826 ], [ 2.477155953357927, 48.897812089207733 ], [ 2.477170696220818, 48.897825364543749 ] ] ], [ [ [ 2.477012976539775, 48.897897429838004 ], [ 2.477020928921574, 48.897911028088004 ], [ 2.477012976512681, 48.89789742984243 ], [ 2.477012976539775, 48.897897429838004 ] ] ] ] } },
{ "type": "Feature", "properties": { "start_date": 1903, "construction_date.nb": 1, "historic.building": "yes" }, "geometry": { "type": "Polygon", "coordinates": [ [ [ 2.476259998305267, 48.89877475175043 ], [ 2.476238623898004, 48.898779862864558 ], [ 2.476225632381143, 48.898756064368094 ], [ 2.476303292510167, 48.898737788342565 ], [ 2.476326260386714, 48.898732582864184 ], [ 2.476338296651228, 48.898729308068923 ], [ 2.476336147789231, 48.898725971215107 ], [ 2.476349008828967, 48.898722070513386 ], [ 2.4763364146352, 48.898699442872925 ], [ 2.476323815077126, 48.898677354769056 ], [ 2.476312699555289, 48.898656891906697 ], [ 2.476490720742397, 48.898614503501783 ], [ 2.476504780024098, 48.898640644820873 ], [ 2.47643217040424, 48.89865858336055 ], [ 2.476452785565892, 48.898697433562468 ], [ 2.476416684794915, 48.898706448671589 ], [ 2.476425407643649, 48.898720695861904 ], [ 2.476429367656377, 48.898720263527579 ], [ 2.476436197203021, 48.89873288364786 ], [ 2.476436197201766, 48.898732883648137 ], [ 2.476335019147097, 48.898756812493609 ], [ 2.476259998305267, 48.89877475175043 ] ] ] } },
{ "type": "Feature", "properties": { "start_date": 1910, "construction_date.nb": 1, "historic.building": "yes" }, "geometry": { "type": "Polygon", "coordinates": [ [ [ 2.476436197203021, 48.89873288364786 ], [ 2.476436197205056, 48.898732883651611 ], [ 2.476335019181485, 48.898756812489026 ], [ 2.476259998305267, 48.89877475175043 ], [ 2.476335019147097, 48.898756812493609 ], [ 2.476436197201766, 48.898732883648137 ], [ 2.476436197203021, 48.89873288364786 ] ] ] } },
{ "type": "Feature", "properties": { "start_date": 1959, "construction_date.nb": 1, "historic.building": "yes" }, "geometry": { "type": "Polygon", "coordinates": [ [ [ 2.476436197203021, 48.89873288364786 ], [ 2.476436197205056, 48.898732883651611 ], [ 2.476335019181485, 48.898756812489026 ], [ 2.476259998305267, 48.89877475175043 ], [ 2.476335019147097, 48.898756812493609 ], [ 2.476436197201766, 48.898732883648137 ], [ 2.476436197203021, 48.89873288364786 ] ] ] } },
{ "type": "Feature", "properties": { "start_date": 1904, "construction_date.nb": 1, "historic.building": "yes" }, "geometry": { "type": "Polygon", "coordinates": [ [ [ 2.476786226826647, 48.898607656433704 ], [ 2.476769228895917, 48.898576151092144 ], [ 2.476811068038746, 48.898566171702058 ], [ 2.476804119168139, 48.898551842406661 ], [ 2.476855396654091, 48.898539206320336 ], [ 2.47685604466523, 48.898540453443779 ], [ 2.476827396684908, 48.898578328721477 ], [ 2.476786226826647, 48.898607656433704 ] ] ] } },
{ "type": "Feature", "properties": { "start_date": 1910, "construction_date.nb": 1, "historic.building": "yes" }, "geometry": { "type": "Polygon", "coordinates": [ [ [ 2.477251039038963, 48.89801822780052 ], [ 2.477213132277632, 48.898027534123216 ], [ 2.477213132257931, 48.898027534128026 ], [ 2.477178343672206, 48.898014612109719 ], [ 2.477275455958632, 48.897889359850396 ], [ 2.477301867258535, 48.89795102646012 ], [ 2.477251039038963, 48.89801822780052 ] ] ] } },
{ "type": "Feature", "properties": { "start_date": 1925, "construction_date.nb": 2, "historic.building": "yes" }, "geometry": { "type": "Polygon", "coordinates": [ [ [ 2.477121037229218, 48.897528811025538 ], [ 2.477058297267724, 48.897540782687258 ], [ 2.47702002792978, 48.8974534727151 ], [ 2.477024404229192, 48.897452322716589 ], [ 2.477024404228335, 48.897452322714649 ], [ 2.477083548241609, 48.897441278014185 ], [ 2.477121037229218, 48.897528811025538 ] ] ] } },
{ "type": "Feature", "properties": { "start_date": 1892, "construction_date.nb": 1, "historic.building": "yes" }, "geometry": { "type": "Polygon", "coordinates": [ [ [ 2.477083548241609, 48.897441278014185 ], [ 2.477024404228335, 48.897452322714649 ], [ 2.476990131008784, 48.897374562848114 ], [ 2.477049996980927, 48.897362938928467 ], [ 2.477083548241609, 48.897441278014185 ] ] ] } },
{ "type": "Feature", "properties": { "start_date": 1900, "construction_date.nb": 1, "historic.building": "yes" }, "geometry": { "type": "Polygon", "coordinates": [ [ [ 2.476222700253224, 48.897742136997714 ], [ 2.476207009777772, 48.897705772541102 ], [ 2.476200754905657, 48.897690277090312 ], [ 2.476224808019623, 48.897685615971525 ], [ 2.47623814515366, 48.897715711160856 ], [ 2.476295266056597, 48.897705169265315 ], [ 2.476323631243369, 48.897773550711506 ], [ 2.476242458924776, 48.897788573889095 ], [ 2.476233015708171, 48.897766222420707 ], [ 2.47622940266442, 48.897757670550845 ], [ 2.476222700253224, 48.897742136997714 ] ] ] } },
{ "type": "Feature", "properties": { "start_date": 1890, "construction_date.nb": 1, "historic.building": "yes" }, "geometry": { "type": "Polygon", "coordinates": [ [ [ 2.476233015708171, 48.897766222420707 ], [ 2.476229402652951, 48.897757670552849 ], [ 2.476222700253224, 48.897742136997714 ], [ 2.47622940266442, 48.897757670550845 ], [ 2.476233015708171, 48.897766222420707 ] ] ] } },
{ "type": "Feature", "properties": { "start_date": 1880, "construction_date.nb": 1, "historic.building": "yes" }, "geometry": { "type": "Polygon", "coordinates": [ [ [ 2.476073667467573, 48.897754946510794 ], [ 2.476095636068798, 48.897807806373635 ], [ 2.476095636035542, 48.897807806379454 ], [ 2.476095636034423, 48.89780780637691 ], [ 2.476073667467573, 48.897754946510794 ] ] ] } },
{ "type": "Feature", "properties": { "start_date": 1907, "construction_date.nb": 1, "historic.building": "yes" }, "geometry": { "type": "Polygon", "coordinates": [ [ [ 2.476073667467573, 48.897754946510794 ], [ 2.476095636068798, 48.897807806373635 ], [ 2.476095636035542, 48.897807806379454 ], [ 2.476095636034423, 48.89780780637691 ], [ 2.476073667467573, 48.897754946510794 ] ] ] } },
{ "type": "Feature", "properties": { "start_date": 1900, "construction_date.nb": 1, "historic.building": "yes" }, "geometry": { "type": "Polygon", "coordinates": [ [ [ 2.476073667467573, 48.897754946510794 ], [ 2.476095636068798, 48.897807806373635 ], [ 2.476095636035542, 48.897807806379454 ], [ 2.476095636034423, 48.89780780637691 ], [ 2.476073667467573, 48.897754946510794 ] ] ] } },
{ "type": "Feature", "properties": { "start_date": 1900, "construction_date.nb": 2, "historic.building": "yes" }, "geometry": { "type": "Polygon", "coordinates": [ [ [ 2.476095636034423, 48.89780780637691 ], [ 2.476095636035542, 48.897807806379454 ], [ 2.476014881845791, 48.897821931932647 ], [ 2.476014881812732, 48.897821931938388 ], [ 2.47601488180939, 48.897821931930451 ], [ 2.475989175189672, 48.897760486721218 ], [ 2.475989175217673, 48.897760486716166 ], [ 2.476000652168401, 48.897758558445638 ], [ 2.476069800169839, 48.897745641180656 ], [ 2.476073667467573, 48.897754946510794 ], [ 2.476095636034423, 48.89780780637691 ] ] ] } },
{ "type": "Feature", "properties": { "start_date": 1906, "construction_date.nb": 1, "historic.building": "yes" }, "geometry": { "type": "Polygon", "coordinates": [ [ [ 2.475908006402209, 48.897775149984241 ], [ 2.475976056983609, 48.897762857450701 ], [ 2.475989175189672, 48.897760486721218 ], [ 2.47601488180939, 48.897821931930451 ], [ 2.476014881812732, 48.897821931938388 ], [ 2.475934128484155, 48.897835967525417 ], [ 2.47591516325718, 48.897791812637379 ], [ 2.475908006402209, 48.897775149984241 ] ] ] } },
{ "type": "Feature", "properties": { "start_date": 1932, "construction_date.nb": 2, "historic.building": "yes" }, "geometry": { "type": "Polygon", "coordinates": [ [ [ 2.475477680476813, 48.89793622047786 ], [ 2.475477680481047, 48.897936220489399 ], [ 2.475477680471477, 48.897936220490898 ], [ 2.475437925563044, 48.897942431441436 ], [ 2.475423795926058, 48.897936883774101 ], [ 2.47541955179415, 48.897924904418431 ], [ 2.475378702139797, 48.8979314702853 ], [ 2.475356683372349, 48.897869591409759 ], [ 2.475447808263237, 48.897855062070853 ], [ 2.475447808265925, 48.897855062070413 ], [ 2.475447808268379, 48.897855062077028 ], [ 2.475477680476813, 48.89793622047786 ] ] ] } },
{ "type": "Feature", "properties": { "start_date": 1935, "construction_date.nb": 1, "historic.building": "yes" }, "geometry": { "type": "Polygon", "coordinates": [ [ [ 2.475059863979356, 48.897969848343138 ], [ 2.475050932081219, 48.897945142393418 ], [ 2.475047680471752, 48.897935762195694 ], [ 2.475036882395647, 48.897904611989063 ], [ 2.475142215995763, 48.897887806948425 ], [ 2.475149355467566, 48.897910230998292 ], [ 2.47515599836604, 48.897927796604705 ], [ 2.475165926006277, 48.897957787017617 ], [ 2.475061547970806, 48.897974506319308 ], [ 2.475061547969252, 48.897974506314554 ], [ 2.475059863979356, 48.897969848343138 ] ] ] } },
{ "type": "Feature", "properties": { "start_date": 1930, "construction_date.nb": 1, "historic.building": "yes" }, "geometry": { "type": "Polygon", "coordinates": [ [ [ 2.474704342996231, 48.898080047554323 ], [ 2.474679127766584, 48.898010600399111 ], [ 2.47477242994983, 48.897996620720932 ], [ 2.474780017012916, 48.898017867845581 ], [ 2.474796970621182, 48.898065345441879 ], [ 2.474704343005711, 48.89808004755681 ], [ 2.474704342996231, 48.898080047554323 ] ] ] } },
{ "type": "Feature", "properties": { "start_date": 1990, "construction_date.nb": 1, "historic.building": "yes" }, "geometry": { "type": "Polygon", "coordinates": [ [ [ 2.477251039011783, 48.898018227836452 ], [ 2.4772131323138, 48.898027534148774 ], [ 2.477213132257931, 48.898027534128026 ], [ 2.477213132277632, 48.898027534123216 ], [ 2.477251039038963, 48.89801822780052 ], [ 2.477251039011783, 48.898018227836452 ] ] ] } },
{ "type": "Feature", "properties": { "start_date": 1967, "construction_date.nb": 1, "historic.building": "yes" }, "geometry": { "type": "MultiPolygon", "coordinates": [ [ [ [ 2.475036882395647, 48.897904611989063 ], [ 2.475047680471752, 48.897935762195694 ], [ 2.47503688238202, 48.897904611991251 ], [ 2.475036882395647, 48.897904611989063 ] ] ], [ [ [ 2.475061547969252, 48.897974506314554 ], [ 2.475061547970806, 48.897974506319308 ], [ 2.475061547970243, 48.897974506319386 ], [ 2.475059863979356, 48.897969848343138 ], [ 2.475061547969252, 48.897974506314554 ] ] ] ] } },
{ "type": "Feature", "properties": { "start_date": 1924, "construction_date.nb": 1, "historic.building": "yes" }, "geometry": { "type": "Polygon", "coordinates": [ [ [ 2.474780017012916, 48.898017867845581 ], [ 2.474796970647413, 48.898065345437523 ], [ 2.474796970621182, 48.898065345441879 ], [ 2.474780017012916, 48.898017867845581 ] ] ] } },
{ "type": "Feature", "properties": { "start_date": 1936, "construction_date.nb": 1, "historic.building": "yes" }, "geometry": { "type": "Polygon", "coordinates": [ [ [ 2.47477745577593, 48.89884926289529 ], [ 2.474767179371371, 48.898828006696149 ], [ 2.474849871387998, 48.898811282517727 ], [ 2.474882220660593, 48.898876713979696 ], [ 2.474882220655609, 48.898876713980776 ], [ 2.47484190914197, 48.89888527548834 ], [ 2.47477745577593, 48.89884926289529 ] ] ] } },
{ "type": "Feature", "properties": { "start_date": 1925, "construction_date.nb": 1, "historic.building": "yes" }, "geometry": { "type": "Polygon", "coordinates": [ [ [ 2.475268315808733, 48.898151856449644 ], [ 2.47528463186507, 48.898197612740098 ], [ 2.475118496097713, 48.898224673318801 ], [ 2.475098867335679, 48.898169279906654 ], [ 2.475095281698794, 48.89815964161064 ], [ 2.475181076923195, 48.898146168275311 ], [ 2.475188260919668, 48.898164185893734 ], [ 2.475268315808733, 48.898151856449644 ] ] ] } },
{ "type": "Feature", "properties": { "start_date": 1932, "construction_date.nb": 1, "historic.building": "yes" }, "geometry": { "type": "Polygon", "coordinates": [ [ [ 2.475447808265925, 48.897855062070413 ], [ 2.475539479647501, 48.897840445140261 ], [ 2.475562184201705, 48.897901967220513 ], [ 2.475522701217033, 48.897908269339943 ], [ 2.475526799836667, 48.897921147382426 ], [ 2.475520440579221, 48.897929573007019 ], [ 2.475477680481047, 48.897936220489399 ], [ 2.475477680476813, 48.89793622047786 ], [ 2.475447808268379, 48.897855062077028 ], [ 2.475447808265925, 48.897855062070413 ] ] ] } },
{ "type": "Feature", "properties": { "start_date": 1951, "construction_date.nb": 1, "historic.building": "yes" }, "geometry": { "type": "Polygon", "coordinates": [ [ [ 2.474964503337807, 48.89850835909148 ], [ 2.474992381474451, 48.898570803251609 ], [ 2.474955200285384, 48.898578734027495 ], [ 2.474957710154709, 48.898586838768942 ], [ 2.474853707304122, 48.898606797039463 ], [ 2.474822099165469, 48.898535523291699 ], [ 2.474915848659701, 48.898517858310477 ], [ 2.474964503337807, 48.89850835909148 ] ] ] } },
{ "type": "Feature", "properties": { "start_date": 1914, "construction_date.nb": 1, "historic.building": "yes" }, "geometry": { "type": "Polygon", "coordinates": [ [ [ 2.474534252911277, 48.897681973528975 ], [ 2.474645838720159, 48.897659904446925 ], [ 2.474672253798728, 48.897718565207384 ], [ 2.474518962745251, 48.897748109662388 ], [ 2.474534252911277, 48.897681973528975 ] ] ] } },
{ "type": "Feature", "properties": { "start_date": 1885, "construction_date.nb": 1, "historic.building": "yes" }, "geometry": { "type": "Polygon", "coordinates": [ [ [ 2.477033788407397, 48.897325093319282 ], [ 2.476985654056635, 48.897334550407116 ], [ 2.476982479561664, 48.897335139760017 ], [ 2.476947724779333, 48.897252649306168 ], [ 2.47695157101233, 48.897251938624237 ], [ 2.476968355782888, 48.897249015061711 ], [ 2.477016485460906, 48.897284692378683 ], [ 2.477033788407397, 48.897325093319282 ] ] ] } },
{ "type": "Feature", "properties": { "start_date": 2017, "construction_date.nb": 1, "historic.building": "yes" }, "geometry": { "type": "MultiPolygon", "coordinates": [ [ [ [ 2.47695157101233, 48.897251938624237 ], [ 2.476947724779333, 48.897252649306168 ], [ 2.476947708785418, 48.897252611344562 ], [ 2.47695157101233, 48.897251938624237 ] ] ], [ [ [ 2.477033995033171, 48.897325575772861 ], [ 2.476985654056635, 48.897334550407116 ], [ 2.477033788407397, 48.897325093319282 ], [ 2.477033995033171, 48.897325575772861 ] ] ] ] } },
{ "type": "Feature", "properties": { "start_date": 1926, "construction_date.nb": 1, "historic.building": "yes" }, "geometry": { "type": "Polygon", "coordinates": [ [ [ 2.474966934676452, 48.895995812834421 ], [ 2.47494121025973, 48.896003235601626 ], [ 2.474961732183901, 48.896037589246404 ], [ 2.474911197081172, 48.896051482022877 ], [ 2.47492796035108, 48.895978969132862 ], [ 2.474966934676452, 48.895995812834421 ] ] ] } },
{ "type": "Feature", "properties": { "start_date": 1930, "construction_date.nb": 1, "historic.building": "yes" }, "geometry": { "type": "Polygon", "coordinates": [ [ [ 2.475333259720966, 48.896154127905355 ], [ 2.475349248483622, 48.896184615814818 ], [ 2.47524629458761, 48.896209255417524 ], [ 2.475206652196707, 48.896136777330113 ], [ 2.475262614834389, 48.896123597400468 ], [ 2.475333259720966, 48.896154127905355 ] ] ] } },
{ "type": "Feature", "properties": { "start_date": 1936, "construction_date.nb": 1, "historic.building": "yes" }, "geometry": { "type": "Polygon", "coordinates": [ [ [ 2.47535741508048, 48.896199849892376 ], [ 2.475395452786411, 48.896269173329571 ], [ 2.475289359929281, 48.896293979117878 ], [ 2.475249951223804, 48.896225369069548 ], [ 2.47535741508048, 48.896199849892376 ] ] ] } },
{ "type": "Feature", "properties": { "start_date": 1926, "construction_date.nb": 1, "historic.building": "yes" }, "geometry": { "type": "Polygon", "coordinates": [ [ [ 2.475368214807872, 48.896373373786943 ], [ 2.475325496378006, 48.896308346529992 ], [ 2.475420017863047, 48.896281331668931 ], [ 2.475466678116978, 48.896347725147294 ], [ 2.475415115036853, 48.896361888031215 ], [ 2.475415114267867, 48.89636188821995 ], [ 2.475368214825813, 48.896373373782552 ], [ 2.475368214807872, 48.896373373786943 ] ] ] } },
{ "type": "Feature", "properties": { "start_date": 1926, "construction_date.nb": 3, "historic.building": "yes" }, "geometry": { "type": "MultiPolygon", "coordinates": [ [ [ [ 2.475415114267867, 48.89636188821995 ], [ 2.475415115036853, 48.896361888031215 ], [ 2.475415114262422, 48.896361888243923 ], [ 2.475368214816274, 48.896373373799733 ], [ 2.475368214807872, 48.896373373786943 ], [ 2.475368214825813, 48.896373373782552 ], [ 2.475415114267867, 48.89636188821995 ] ] ], [ [ [ 2.475523663878888, 48.896431700325508 ], [ 2.475492078109643, 48.896439475905808 ], [ 2.475450211023427, 48.896449494421887 ], [ 2.475439302072689, 48.896452104858398 ], [ 2.475439302069296, 48.896452104852294 ], [ 2.475425905063292, 48.896455103820053 ], [ 2.475382376284412, 48.896389263647741 ], [ 2.475474173707952, 48.896361877115091 ], [ 2.475523663889544, 48.896431700322843 ], [ 2.475523663878888, 48.896431700325508 ] ] ] ] } },
{ "type": "Feature", "properties": { "start_date": 1928, "construction_date.nb": 2, "historic.building": "yes" }, "geometry": { "type": "Polygon", "coordinates": [ [ [ 2.475523663878888, 48.896431700325508 ], [ 2.475523663889544, 48.896431700322843 ], [ 2.475523663902662, 48.89643170034136 ], [ 2.47549207811459, 48.896439475931217 ], [ 2.475502249893484, 48.896458765671106 ], [ 2.475535190510353, 48.896451895306448 ], [ 2.475564356434663, 48.896508319743894 ], [ 2.47548056271587, 48.896526478500292 ], [ 2.475439302072689, 48.896452104858398 ], [ 2.475450211023427, 48.896449494421887 ], [ 2.475492078109643, 48.896439475905808 ], [ 2.475523663878888, 48.896431700325508 ] ] ] } },
{ "type": "Feature", "properties": { "start_date": 1927, "construction_date.nb": 1, "historic.building": "yes" }, "geometry": { "type": "Polygon", "coordinates": [ [ [ 2.475585037862792, 48.896702930631314 ], [ 2.475552836308057, 48.896636420705001 ], [ 2.475627741239913, 48.896620561165335 ], [ 2.475660410967433, 48.896613509715102 ], [ 2.475692759888927, 48.896678941115987 ], [ 2.475585037862792, 48.896702930631314 ] ] ] } },
{ "type": "Feature", "properties": { "start_date": 1925, "construction_date.nb": 1, "historic.building": "yes" }, "geometry": { "type": "Polygon", "coordinates": [ [ [ 2.475692759888927, 48.896678941115987 ], [ 2.475692759895028, 48.896678941128336 ], [ 2.475585037877262, 48.896702930661206 ], [ 2.475585037862792, 48.896702930631314 ], [ 2.475692759888927, 48.896678941115987 ] ] ] } },
{ "type": "Feature", "properties": { "start_date": 1935, "construction_date.nb": 1, "historic.building": "yes" }, "geometry": { "type": "Polygon", "coordinates": [ [ [ 2.476032768914541, 48.896668108698911 ], [ 2.476093854525112, 48.896819189857233 ], [ 2.475984810098236, 48.896839037154045 ], [ 2.475921399779803, 48.896688575246863 ], [ 2.476022108704909, 48.896670220378162 ], [ 2.476032768914541, 48.896668108698911 ] ] ] } },
{ "type": "Feature", "properties": { "start_date": 1930, "construction_date.nb": 1, "historic.building": "yes" }, "geometry": { "type": "Polygon", "coordinates": [ [ [ 2.475987384285476, 48.896583285208514 ], [ 2.475987384298164, 48.896583285237604 ], [ 2.475854424953049, 48.896607704146298 ], [ 2.475854424940749, 48.896607704126943 ], [ 2.475987384266162, 48.896583285212103 ], [ 2.475987384285476, 48.896583285208514 ] ] ] } },
{ "type": "Feature", "properties": { "start_date": 1925, "construction_date.nb": 1, "historic.building": "yes" }, "geometry": { "type": "Polygon", "coordinates": [ [ [ 2.475854424940749, 48.896607704126943 ], [ 2.47579480932504, 48.896513915154642 ], [ 2.475883579954048, 48.896489123064335 ], [ 2.475931916307293, 48.896565236190554 ], [ 2.475976185486953, 48.896557605934404 ], [ 2.475987384285476, 48.896583285208514 ], [ 2.475987384266162, 48.896583285212103 ], [ 2.475854424940749, 48.896607704126943 ] ] ] } },
{ "type": "Feature", "properties": { "start_date": 1927, "construction_date.nb": 2, "historic.building": "yes" }, "geometry": { "type": "Polygon", "coordinates": [ [ [ 2.475858406554726, 48.89642621799355 ], [ 2.47586443317841, 48.896440026964328 ], [ 2.475763169110016, 48.896459368517021 ], [ 2.475733456893803, 48.896389452145144 ], [ 2.475701890616137, 48.896395856957945 ], [ 2.475733456890909, 48.896389452122513 ], [ 2.475792492221446, 48.896378289333377 ], [ 2.475792492228858, 48.89637828935021 ], [ 2.475793496679842, 48.896378099620371 ], [ 2.475858406554726, 48.89642621799355 ] ] ] } },
{ "type": "Feature", "properties": { "start_date": 1926, "construction_date.nb": 2, "historic.building": "yes" }, "geometry": { "type": "MultiPolygon", "coordinates": [ [ [ [ 2.47573356543401, 48.896333671842683 ], [ 2.475665825045211, 48.896346798607517 ], [ 2.475665825044032, 48.89634679860476 ], [ 2.475733565421788, 48.896333671833624 ], [ 2.47573356543401, 48.896333671842683 ] ] ], [ [ [ 2.475791882189925, 48.896376902780354 ], [ 2.475792492221446, 48.896378289333377 ], [ 2.475733456890909, 48.896389452122513 ], [ 2.475701890616137, 48.896395856957945 ], [ 2.475696144631587, 48.896397022819883 ], [ 2.47567667642718, 48.896352781550718 ], [ 2.475742552193268, 48.896340333846062 ], [ 2.475791882189925, 48.896376902780354 ] ] ] ] } },
{ "type": "Feature", "properties": { "start_date": 1910, "construction_date.nb": 1, "historic.building": "yes" }, "geometry": { "type": "Polygon", "coordinates": [ [ [ 2.475712391766285, 48.896317975513234 ], [ 2.475733565421788, 48.896333671833624 ], [ 2.475665825044032, 48.89634679860476 ], [ 2.4756502333434, 48.896310398311435 ], [ 2.475680848199425, 48.896304343575402 ], [ 2.475712391766285, 48.896317975513234 ] ] ] } },
{ "type": "Feature", "properties": { "start_date": 1926, "construction_date.nb": 1, "historic.building": "yes" }, "geometry": { "type": "Polygon", "coordinates": [ [ [ 2.475686674655796, 48.89691750087114 ], [ 2.47565020432595, 48.896841439626037 ], [ 2.475669882683734, 48.896837748672191 ], [ 2.475764178884248, 48.896819635760622 ], [ 2.475800910375869, 48.896896867210771 ], [ 2.475686674665919, 48.896917500869264 ], [ 2.475686674655796, 48.89691750087114 ] ] ] } },
{ "type": "Feature", "properties": { "start_date": 2012, "construction_date.nb": 2, "historic.building": "yes" }, "geometry": { "type": "MultiPolygon", "coordinates": [ [ [ [ 2.475686674665919, 48.896917500869264 ], [ 2.475800910375869, 48.896896867210771 ], [ 2.475800910383294, 48.89689686722636 ], [ 2.47568667465652, 48.896917500872668 ], [ 2.475686674655796, 48.89691750087114 ], [ 2.475686674665919, 48.896917500869264 ] ] ], [ [ [ 2.474593775617905, 48.897424512135913 ], [ 2.475304908964316, 48.897363144537927 ], [ 2.475289343149972, 48.897283577552308 ], [ 2.476034997027988, 48.897219214253013 ], [ 2.476032008451436, 48.897204452538922 ], [ 2.476048257161036, 48.897202725006018 ], [ 2.47602713736701, 48.897105687254388 ], [ 2.476695635927674, 48.89704685336816 ], [ 2.476837633008756, 48.897152113206687 ], [ 2.476817076518837, 48.897153926289889 ], [ 2.476699411020497, 48.897162944839067 ], [ 2.476701231965484, 48.897171766005691 ], [ 2.476701742240433, 48.89717527556364 ], [ 2.476640035303245, 48.897180761479525 ], [ 2.476637296746841, 48.897168249142318 ], [ 2.476222289538411, 48.897203846002007 ], [ 2.476240979290085, 48.897284865418889 ], [ 2.475479902427519, 48.89735015166162 ], [ 2.47549669160847, 48.897430173655373 ], [ 2.474574246183647, 48.897508985662682 ], [ 2.474593775617905, 48.897424512135913 ] ] ] ] } },
{ "type": "Feature", "properties": { "start_date": 1958, "construction_date.nb": 2, "historic.building": "yes" }, "geometry": { "type": "MultiPolygon", "coordinates": [ [ [ [ 2.475686674665919, 48.896917500869264 ], [ 2.475800910375869, 48.896896867210771 ], [ 2.475800910383294, 48.89689686722636 ], [ 2.47568667465652, 48.896917500872668 ], [ 2.475686674655796, 48.89691750087114 ], [ 2.475686674665919, 48.896917500869264 ] ] ], [ [ [ 2.474593775617905, 48.897424512135913 ], [ 2.475304908964316, 48.897363144537927 ], [ 2.475289343149972, 48.897283577552308 ], [ 2.476034997027988, 48.897219214253013 ], [ 2.476032008451436, 48.897204452538922 ], [ 2.476048257161036, 48.897202725006018 ], [ 2.47602713736701, 48.897105687254388 ], [ 2.476695635927674, 48.89704685336816 ], [ 2.476837633008756, 48.897152113206687 ], [ 2.476817076518837, 48.897153926289889 ], [ 2.476699411020497, 48.897162944839067 ], [ 2.476701231965484, 48.897171766005691 ], [ 2.476701742240433, 48.89717527556364 ], [ 2.476640035303245, 48.897180761479525 ], [ 2.476637296746841, 48.897168249142318 ], [ 2.476222289538411, 48.897203846002007 ], [ 2.476240979290085, 48.897284865418889 ], [ 2.475479902427519, 48.89735015166162 ], [ 2.47549669160847, 48.897430173655373 ], [ 2.474574246183647, 48.897508985662682 ], [ 2.474593775617905, 48.897424512135913 ] ] ] ] } },
{ "type": "Feature", "properties": { "start_date": 1996, "construction_date.nb": 2, "historic.building": "yes" }, "geometry": { "type": "MultiPolygon", "coordinates": [ [ [ [ 2.475686674665919, 48.896917500869264 ], [ 2.475800910375869, 48.896896867210771 ], [ 2.475800910383294, 48.89689686722636 ], [ 2.47568667465652, 48.896917500872668 ], [ 2.475686674655796, 48.89691750087114 ], [ 2.475686674665919, 48.896917500869264 ] ] ], [ [ [ 2.474593775617905, 48.897424512135913 ], [ 2.475304908964316, 48.897363144537927 ], [ 2.475289343149972, 48.897283577552308 ], [ 2.476034997027988, 48.897219214253013 ], [ 2.476032008451436, 48.897204452538922 ], [ 2.476048257161036, 48.897202725006018 ], [ 2.47602713736701, 48.897105687254388 ], [ 2.476695635927674, 48.89704685336816 ], [ 2.476837633008756, 48.897152113206687 ], [ 2.476817076518837, 48.897153926289889 ], [ 2.476699411020497, 48.897162944839067 ], [ 2.476701231965484, 48.897171766005691 ], [ 2.476701742240433, 48.89717527556364 ], [ 2.476640035303245, 48.897180761479525 ], [ 2.476637296746841, 48.897168249142318 ], [ 2.476222289538411, 48.897203846002007 ], [ 2.476240979290085, 48.897284865418889 ], [ 2.475479902427519, 48.89735015166162 ], [ 2.47549669160847, 48.897430173655373 ], [ 2.474574246183647, 48.897508985662682 ], [ 2.474593775617905, 48.897424512135913 ] ] ] ] } }
]
}
