{
"type": "FeatureCollection",
"name": "14_bat",
"crs": { "type": "name", "properties": { "name": "urn:ogc:def:crs:OGC:1.3:CRS84" } },
"features": [
{ "type": "Feature", "properties": { "start_date": 1888, "construction_date.nb": 2, "historic.building": "yes" }, "geometry": { "type": "Polygon", "coordinates": [ [ [ 2.47950815049626, 48.896419350969616 ], [ 2.479498932575988, 48.89638480617662 ], [ 2.479496873661053, 48.896377090244236 ], [ 2.479601215606213, 48.896363514480647 ], [ 2.479621235788209, 48.896429453799009 ], [ 2.47950815049626, 48.896419350969616 ] ] ] } },
{ "type": "Feature", "properties": { "start_date": 1905, "construction_date.nb": 2, "historic.building": "yes" }, "geometry": { "type": "Polygon", "coordinates": [ [ [ 2.479465536140331, 48.896381177845214 ], [ 2.479496873657837, 48.896377090244663 ], [ 2.479496873661053, 48.896377090244236 ], [ 2.479498932575988, 48.89638480617662 ], [ 2.47950815049626, 48.896419350969616 ], [ 2.47947477207348, 48.896416368981569 ], [ 2.479465536140331, 48.896381177845214 ] ] ] } },
{ "type": "Feature", "properties": { "start_date": 1977, "construction_date.nb": 1, "historic.building": "yes" }, "geometry": { "type": "Polygon", "coordinates": [ [ [ 2.480141171526478, 48.896306808248482 ], [ 2.4801408, 48.896306 ], [ 2.480140838034752, 48.89630599445325 ], [ 2.480141171526478, 48.896306808248482 ] ] ] } },
{ "type": "Feature", "properties": { "start_date": 1911, "construction_date.nb": 1, "historic.building": "yes" }, "geometry": { "type": "Polygon", "coordinates": [ [ [ 2.480140838034752, 48.89630599445325 ], [ 2.4801552, 48.896303899999985 ], [ 2.4801429, 48.896275399999979 ], [ 2.4802489, 48.896257199999972 ], [ 2.480284, 48.896342299999986 ], [ 2.4802682, 48.8963448 ], [ 2.4802637, 48.896333699999978 ], [ 2.4801735, 48.896349499999985 ], [ 2.4801719, 48.896344399999954 ], [ 2.480161, 48.896346499999964 ], [ 2.4801905, 48.896408300000012 ], [ 2.480189058207944, 48.89640866044801 ], [ 2.48018808595699, 48.896408869449822 ], [ 2.480141171526478, 48.896306808248482 ], [ 2.480140838034752, 48.89630599445325 ] ] ] } },
{ "type": "Feature", "properties": { "start_date": 1910, "construction_date.nb": 1, "historic.building": "yes" }, "geometry": { "type": "Polygon", "coordinates": [ [ [ 2.480378861274432, 48.896377462096972 ], [ 2.480348591724361, 48.896316038834541 ], [ 2.480400534622836, 48.89630475308082 ], [ 2.48040483715611, 48.89631097696109 ], [ 2.480491359276337, 48.896292556790456 ], [ 2.480511466164383, 48.896334695000064 ], [ 2.480378861274432, 48.896377462096972 ] ] ] } },
{ "type": "Feature", "properties": { "start_date": 1920, "construction_date.nb": 3, "historic.building": "yes" }, "geometry": { "type": "MultiPolygon", "coordinates": [ [ [ [ 2.480609664459996, 48.896219146806203 ], [ 2.480629859707614, 48.896254907772814 ], [ 2.480645047765518, 48.896281802165369 ], [ 2.480650292497737, 48.89628928916634 ], [ 2.480650292929324, 48.896289289994307 ], [ 2.480645, 48.896281799999976 ], [ 2.4806116, 48.896287700000016 ], [ 2.480500150999645, 48.896310779207134 ], [ 2.4804695, 48.896245599999986 ], [ 2.4806075, 48.896216200000019 ], [ 2.480608219320729, 48.896217148195554 ], [ 2.480609664459996, 48.896219146806203 ] ] ], [ [ [ 2.480511466164383, 48.896334695000064 ], [ 2.480491359276337, 48.896292556790456 ], [ 2.480491359302837, 48.896292556784807 ], [ 2.480511466175351, 48.896334694996526 ], [ 2.480511466164383, 48.896334695000064 ] ] ] ] } },
{ "type": "Feature", "properties": { "start_date": 1935, "construction_date.nb": 3, "historic.building": "yes" }, "geometry": { "type": "Polygon", "coordinates": [ [ [ 2.480655059120501, 48.896288383830466 ], [ 2.4806503, 48.896289299999971 ], [ 2.480650292929324, 48.896289289994307 ], [ 2.480650292497737, 48.89628928916634 ], [ 2.480645047765518, 48.896281802165369 ], [ 2.480629859707614, 48.896254907772814 ], [ 2.480609664459996, 48.896219146806203 ], [ 2.480608219320729, 48.896217148195554 ], [ 2.4806097, 48.8962191 ], [ 2.4807284, 48.896195699999971 ], [ 2.4807398, 48.896218199999979 ], [ 2.480739803830312, 48.896218199216747 ], [ 2.480743792964265, 48.896225933415657 ], [ 2.480758754091719, 48.896254940275099 ], [ 2.480655059120501, 48.896288383830466 ] ] ] } },
{ "type": "Feature", "properties": { "start_date": 1928, "construction_date.nb": 2, "historic.building": "yes" }, "geometry": { "type": "Polygon", "coordinates": [ [ [ 2.480758754091704, 48.896254940275107 ], [ 2.480739803830312, 48.896218199216747 ], [ 2.480840527758572, 48.896197603010656 ], [ 2.480809770304399, 48.896238486547844 ], [ 2.480758754091704, 48.896254940275107 ] ] ] } },
{ "type": "Feature", "properties": { "start_date": 1912, "construction_date.nb": 2, "historic.building": "yes" }, "geometry": { "type": "MultiPolygon", "coordinates": [ [ [ [ 2.479956657220134, 48.896090949381389 ], [ 2.479956657223544, 48.896090949388388 ], [ 2.479956657221099, 48.896090949388977 ], [ 2.479874747345126, 48.896111907265421 ], [ 2.479874747342314, 48.896111907260341 ], [ 2.479956657220134, 48.896090949381389 ] ] ], [ [ [ 2.480069818115299, 48.896068328513913 ], [ 2.480104423615539, 48.89612684386541 ], [ 2.480006511281425, 48.896152228900768 ], [ 2.479992549555452, 48.896129865439512 ], [ 2.479981202344313, 48.896132514085224 ], [ 2.479959731282781, 48.896097257902163 ], [ 2.480069818115299, 48.896068328513913 ] ] ] ] } },
{ "type": "Feature", "properties": { "start_date": 1880, "construction_date.nb": 1, "historic.building": "yes" }, "geometry": { "type": "Polygon", "coordinates": [ [ [ 2.479967596008321, 48.895938024569418 ], [ 2.479985298392097, 48.895968228253302 ], [ 2.47993156201129, 48.89598157444572 ], [ 2.479942935845297, 48.896003566982102 ], [ 2.479830407605847, 48.896031136674743 ], [ 2.479793015550569, 48.895964875110351 ], [ 2.479905142603114, 48.895936494296201 ], [ 2.479913725931428, 48.895951100392026 ], [ 2.479967596008321, 48.895938024569418 ] ] ] } },
{ "type": "Feature", "properties": { "start_date": 1900, "construction_date.nb": 1, "historic.building": "yes" }, "geometry": { "type": "Polygon", "coordinates": [ [ [ 2.479726233977003, 48.895645780150424 ], [ 2.479765334923671, 48.895718434296541 ], [ 2.479670183318707, 48.895740593540452 ], [ 2.479654649918724, 48.895711748169134 ], [ 2.479668328259616, 48.895707850655697 ], [ 2.479646520341449, 48.895665398475828 ], [ 2.479726233977003, 48.895645780150424 ] ] ] } },
{ "type": "Feature", "properties": { "start_date": 1900, "construction_date.nb": 2, "historic.building": "yes" }, "geometry": { "type": "Polygon", "coordinates": [ [ [ 2.479677574025371, 48.895533335010825 ], [ 2.479677574030183, 48.89553333500961 ], [ 2.479677574040808, 48.89553333502802 ], [ 2.479724611738777, 48.8955214886523 ], [ 2.479757186879756, 48.895578376523218 ], [ 2.479618133755414, 48.895612485690947 ], [ 2.479585547958575, 48.895556676897876 ], [ 2.4795855479498, 48.895556676882798 ], [ 2.479677574025371, 48.895533335010825 ] ] ] } },
{ "type": "Feature", "properties": { "start_date": 1896, "construction_date.nb": 2, "historic.building": "yes" }, "geometry": { "type": "MultiPolygon", "coordinates": [ [ [ [ 2.479510977791551, 48.895430179796612 ], [ 2.479614705649217, 48.895403876356582 ], [ 2.479510977794446, 48.895430179819279 ], [ 2.479510977783322, 48.89543017979863 ], [ 2.479510977791551, 48.895430179796612 ] ] ], [ [ [ 2.479677574025371, 48.895533335010825 ], [ 2.4795855479498, 48.895556676882798 ], [ 2.479544382674218, 48.895485902283696 ], [ 2.479636816896519, 48.895462652133617 ], [ 2.479677574030183, 48.89553333500961 ], [ 2.479677574025371, 48.895533335010825 ] ] ] ] } },
{ "type": "Feature", "properties": { "start_date": 1900, "construction_date.nb": 1, "historic.building": "yes" }, "geometry": { "type": "Polygon", "coordinates": [ [ [ 2.479510977783322, 48.89543017979863 ], [ 2.479478304413058, 48.895369514295879 ], [ 2.479572112247123, 48.895345280953585 ], [ 2.479586866702301, 48.895370165980239 ], [ 2.479622410009792, 48.895362046807584 ], [ 2.479640333546549, 48.895397377578469 ], [ 2.479614705649217, 48.895403876356582 ], [ 2.479510977791551, 48.895430179796612 ], [ 2.479510977783322, 48.89543017979863 ] ] ] } },
{ "type": "Feature", "properties": { "start_date": 1920, "construction_date.nb": 2, "historic.building": "yes" }, "geometry": { "type": "Polygon", "coordinates": [ [ [ 2.479343869684154, 48.894952645925869 ], [ 2.479355965668083, 48.89498704597937 ], [ 2.479335888123273, 48.894989836475737 ], [ 2.479303071271439, 48.894994375538026 ], [ 2.479305283171012, 48.894958810249342 ], [ 2.479343869684154, 48.894952645925869 ] ] ] } },
{ "type": "Feature", "properties": { "start_date": 1870, "construction_date.nb": 1, "historic.building": "yes" }, "geometry": { "type": "Polygon", "coordinates": [ [ [ 2.479521400404735, 48.894924284618867 ], [ 2.479533943680239, 48.894961110126424 ], [ 2.479417709282938, 48.894977601842847 ], [ 2.479407200412378, 48.894942528600744 ], [ 2.479521400404735, 48.894924284618867 ] ] ] } },
{ "type": "Feature", "properties": { "start_date": 1890, "construction_date.nb": 1, "historic.building": "yes" }, "geometry": { "type": "Polygon", "coordinates": [ [ [ 2.479688572673012, 48.894897577841284 ], [ 2.479709263479961, 48.894955486853355 ], [ 2.479714327663, 48.894970721980485 ], [ 2.479716148849425, 48.894976200883946 ], [ 2.479683226793731, 48.894981363772708 ], [ 2.479675390318285, 48.894960285888963 ], [ 2.479690417971839, 48.894957833127108 ], [ 2.479686816428408, 48.894949723683006 ], [ 2.479585737986142, 48.894964572736207 ], [ 2.479570243309057, 48.894916481698417 ], [ 2.479688572673012, 48.894897577841284 ] ] ] } },
{ "type": "Feature", "properties": { "start_date": 1890, "construction_date.nb": 2, "historic.building": "yes" }, "geometry": { "type": "MultiPolygon", "coordinates": [ [ [ [ 2.479851526896961, 48.894871544661676 ], [ 2.479867799301221, 48.894909681243341 ], [ 2.479867799301672, 48.894909681244378 ], [ 2.479719866971066, 48.89493170122762 ], [ 2.479706000489454, 48.894894793626989 ], [ 2.479851526896961, 48.894871544661676 ] ] ], [ [ [ 2.479688572683276, 48.894897577839643 ], [ 2.479709263516251, 48.894955486866522 ], [ 2.479714327663, 48.894970721980485 ], [ 2.479709263479961, 48.894955486853355 ], [ 2.479688572673012, 48.894897577841284 ], [ 2.479688572683276, 48.894897577839643 ] ] ] ] } },
{ "type": "Feature", "properties": { "start_date": 1900, "construction_date.nb": 3, "historic.building": "yes" }, "geometry": { "type": "Polygon", "coordinates": [ [ [ 2.479987824246309, 48.894849769923859 ], [ 2.479997530379913, 48.89488011778591 ], [ 2.48004574908636, 48.894872862869803 ], [ 2.480042699335012, 48.894864126352438 ], [ 2.480042699341343, 48.894864126351344 ], [ 2.480045749093569, 48.894872862877385 ], [ 2.480060464925113, 48.89491528423212 ], [ 2.48006109007852, 48.894916220216849 ], [ 2.480060464925967, 48.894915284250658 ], [ 2.479982600117351, 48.894927446551968 ], [ 2.47997597393758, 48.89490808261796 ], [ 2.479982319582409, 48.894900915706629 ], [ 2.479978851665321, 48.89489307666738 ], [ 2.479945378743073, 48.894898776799785 ], [ 2.479948295709933, 48.89490715304521 ], [ 2.479919736267818, 48.894912514810095 ], [ 2.479915880778191, 48.894902515728845 ], [ 2.47986779933977, 48.894909681238722 ], [ 2.479867799301672, 48.894909681244378 ], [ 2.479867799301221, 48.894909681243341 ], [ 2.479851526896961, 48.894871544661676 ], [ 2.479987824246309, 48.894849769923859 ] ] ] } },
{ "type": "Feature", "properties": { "start_date": 1910, "construction_date.nb": 1, "historic.building": "yes" }, "geometry": { "type": "Polygon", "coordinates": [ [ [ 2.480169120784536, 48.894820805879149 ], [ 2.480182799821945, 48.89486149704674 ], [ 2.480137725194842, 48.894868046202809 ], [ 2.480110681311441, 48.89487188574892 ], [ 2.480114654341599, 48.894883773875357 ], [ 2.480123004212943, 48.894908091478321 ], [ 2.480062211913378, 48.894917899805947 ], [ 2.48006109007852, 48.894916220216849 ], [ 2.480060464925113, 48.89491528423212 ], [ 2.480045749093569, 48.894872862877385 ], [ 2.480042699341343, 48.894864126351344 ], [ 2.480070161392851, 48.894859389307385 ], [ 2.480061405544898, 48.894838014569359 ], [ 2.480169120784536, 48.894820805879149 ] ] ] } },
{ "type": "Feature", "properties": { "start_date": 1898, "construction_date.nb": 1, "historic.building": "yes" }, "geometry": { "type": "Polygon", "coordinates": [ [ [ 2.48039625427247, 48.89522552101743 ], [ 2.480415172590301, 48.895220700244145 ], [ 2.480415172594816, 48.895220700251812 ], [ 2.48039625427247, 48.89522552101743 ] ] ] } },
{ "type": "Feature", "properties": { "start_date": 1899, "construction_date.nb": 1, "historic.building": "yes" }, "geometry": { "type": "Polygon", "coordinates": [ [ [ 2.480374135149677, 48.895328349328231 ], [ 2.480358576353446, 48.895302022020729 ], [ 2.480338203573095, 48.895307059675531 ], [ 2.48033068975719, 48.895294616598953 ], [ 2.480352708189143, 48.895288686756857 ], [ 2.48034987728769, 48.895285347039795 ], [ 2.480334703422499, 48.895261449532022 ], [ 2.480339218572813, 48.895260030232002 ], [ 2.480329573741164, 48.895242451849796 ], [ 2.480341606306383, 48.895239446411992 ], [ 2.48039625427247, 48.89522552101743 ], [ 2.480415172594816, 48.895220700251812 ], [ 2.480464931237439, 48.895305181362509 ], [ 2.480464931216457, 48.895305181367782 ], [ 2.480435943604711, 48.895312429940056 ], [ 2.480374135161711, 48.895328349325119 ], [ 2.480374135149677, 48.895328349328231 ] ] ] } },
{ "type": "Feature", "properties": { "start_date": 1902, "construction_date.nb": 2, "historic.building": "yes" }, "geometry": { "type": "Polygon", "coordinates": [ [ [ 2.480464931216457, 48.895305181367782 ], [ 2.480464931237439, 48.895305181362509 ], [ 2.480464931250726, 48.895305181385055 ], [ 2.480435943601649, 48.895312429954451 ], [ 2.480483669118281, 48.895395643198242 ], [ 2.480472865806326, 48.895398474116789 ], [ 2.480421586906668, 48.895411651362458 ], [ 2.480428426015303, 48.895423372041122 ], [ 2.480435000370715, 48.895434282191459 ], [ 2.480383585062029, 48.895447458828755 ], [ 2.480322035315267, 48.895341792755914 ], [ 2.480374135152271, 48.895328349332637 ], [ 2.480374135149677, 48.895328349328231 ], [ 2.480374135161711, 48.895328349325119 ], [ 2.480435943604711, 48.895312429940056 ], [ 2.480464931216457, 48.895305181367782 ] ] ] } },
{ "type": "Feature", "properties": { "start_date": 1904, "construction_date.nb": 1, "historic.building": "yes" }, "geometry": { "type": "Polygon", "coordinates": [ [ [ 2.480514130111843, 48.895445776914237 ], [ 2.480558740451163, 48.895526818247845 ], [ 2.480447574782634, 48.895554664252494 ], [ 2.480403239116639, 48.895473444170477 ], [ 2.480514130111843, 48.895445776914237 ] ] ] } },
{ "type": "Feature", "properties": { "start_date": 1890, "construction_date.nb": 1, "historic.building": "yes" }, "geometry": { "type": "Polygon", "coordinates": [ [ [ 2.480575372599975, 48.895554948807138 ], [ 2.48062040309174, 48.895634912804937 ], [ 2.480495834381318, 48.895666387852629 ], [ 2.48048898535502, 48.895655656382402 ], [ 2.480500883436288, 48.895652470480165 ], [ 2.480462571088605, 48.895582697814277 ], [ 2.480575372599975, 48.895554948807138 ] ] ] } },
{ "type": "Feature", "properties": { "start_date": 1900, "construction_date.nb": 1, "historic.building": "yes" }, "geometry": { "type": "Polygon", "coordinates": [ [ [ 2.480455672517608, 48.896002539577722 ], [ 2.4804512, 48.895995 ], [ 2.48045123386597, 48.895994991564869 ], [ 2.480455672517608, 48.896002539577722 ] ] ] } },
{ "type": "Feature", "properties": { "start_date": 1900, "construction_date.nb": 3, "historic.building": "yes" }, "geometry": { "type": "MultiPolygon", "coordinates": [ [ [ [ 2.48067374532235, 48.895729391646285 ], [ 2.480673745332825, 48.895729391643634 ], [ 2.480673745341976, 48.895729391660787 ], [ 2.480573379043303, 48.895754766522742 ], [ 2.48057337903867, 48.895754766514564 ], [ 2.48067374532235, 48.895729391646285 ] ] ], [ [ [ 2.480657412279163, 48.89583534930005 ], [ 2.48061275840842, 48.895758624481083 ], [ 2.480707106598782, 48.895734932164203 ], [ 2.480750802235466, 48.89581201249166 ], [ 2.480657412279163, 48.89583534930005 ] ] ], [ [ [ 2.480759964531974, 48.895823293575042 ], [ 2.480759964518891, 48.895823293578317 ], [ 2.480721851095158, 48.895832861975251 ], [ 2.480759964530399, 48.895823293572164 ], [ 2.480759964531974, 48.895823293575042 ] ] ] ] } },
{ "type": "Feature", "properties": { "start_date": 1930, "construction_date.nb": 1, "historic.building": "yes" }, "geometry": { "type": "Polygon", "coordinates": [ [ [ 2.4807615, 48.896050799999976 ], [ 2.480657, 48.896078 ], [ 2.4806152, 48.8960095 ], [ 2.4807203, 48.895981800000037 ], [ 2.4807615, 48.896050799999976 ] ] ] } },
{ "type": "Feature", "properties": { "start_date": 1900, "construction_date.nb": 3, "historic.building": "yes" }, "geometry": { "type": "Polygon", "coordinates": [ [ [ 2.481109353877629, 48.895840269766097 ], [ 2.481085309374645, 48.895872230808649 ], [ 2.481050586062904, 48.895881479511061 ], [ 2.481050586049667, 48.895881479514422 ], [ 2.481024038325751, 48.895835499767877 ], [ 2.481024038313875, 48.895835499747655 ], [ 2.481024038329112, 48.895835499743875 ], [ 2.481109963263186, 48.895814393003647 ], [ 2.481109353877629, 48.895840269766097 ] ] ] } },
{ "type": "Feature", "properties": { "start_date": 1898, "construction_date.nb": 3, "historic.building": "yes" }, "geometry": { "type": "MultiPolygon", "coordinates": [ [ [ [ 2.480950999553166, 48.895705502925829 ], [ 2.481039819486339, 48.89568382930544 ], [ 2.480950999560977, 48.89570550293967 ], [ 2.480950999553166, 48.895705502925829 ] ] ], [ [ [ 2.480993636676716, 48.895779341075745 ], [ 2.480961598451468, 48.895723175313904 ], [ 2.481054980054633, 48.895700647644439 ], [ 2.481087154731958, 48.8957568139733 ], [ 2.480993636676716, 48.895779341075745 ] ] ], [ [ [ 2.480993636676716, 48.895779341075745 ], [ 2.480993636680975, 48.895779341083305 ], [ 2.480993293894085, 48.895779436193415 ], [ 2.480993636676716, 48.895779341075745 ] ] ] ] } },
{ "type": "Feature", "properties": { "start_date": 1885, "construction_date.nb": 2, "historic.building": "yes" }, "geometry": { "type": "MultiPolygon", "coordinates": [ [ [ [ 2.481027481617048, 48.895599536134419 ], [ 2.481027481631189, 48.895599536130888 ], [ 2.481027481639015, 48.895599536143465 ], [ 2.481011084891178, 48.895603689678673 ], [ 2.481027481617048, 48.895599536134419 ] ] ], [ [ [ 2.480907575550348, 48.895628513771783 ], [ 2.480907575549466, 48.895628513770212 ], [ 2.480923147742524, 48.895624801972311 ], [ 2.481000954270191, 48.8956062559201 ], [ 2.481043700052492, 48.895682882376676 ], [ 2.481039819486339, 48.89568382930544 ], [ 2.480950999553166, 48.895705502925829 ], [ 2.480907575550348, 48.895628513771783 ] ] ] ] } },
{ "type": "Feature", "properties": { "start_date": 1900, "construction_date.nb": 3, "historic.building": "yes" }, "geometry": { "type": "MultiPolygon", "coordinates": [ [ [ [ 2.48095565015774, 48.895529059527334 ], [ 2.480963142805237, 48.895527222685615 ], [ 2.48096314280636, 48.895527222685345 ], [ 2.480963142820606, 48.895527222709681 ], [ 2.48095565015774, 48.895529059527334 ] ] ], [ [ [ 2.480862925980542, 48.895551339418041 ], [ 2.480875231346865, 48.895548335111243 ], [ 2.480949700368098, 48.895530487859936 ], [ 2.480955212598582, 48.895529166796024 ], [ 2.480964846935786, 48.895547824235869 ], [ 2.480973180928406, 48.895546421463457 ], [ 2.480999041156819, 48.895592937859199 ], [ 2.48102063520121, 48.895588534898792 ], [ 2.481027481631189, 48.895599536130888 ], [ 2.481027481617048, 48.895599536134419 ], [ 2.481011084891178, 48.895603689678673 ], [ 2.481000954265828, 48.895606255912263 ], [ 2.481000954270191, 48.8956062559201 ], [ 2.480923147742524, 48.895624801972311 ], [ 2.480907575549466, 48.895628513770212 ], [ 2.48087420319344, 48.895569374494798 ], [ 2.480885008312177, 48.895566363682256 ], [ 2.480875231358127, 48.895548335129824 ], [ 2.480862925970978, 48.895551339437979 ], [ 2.480862925962584, 48.895551339422298 ], [ 2.480862925980542, 48.895551339418041 ] ] ] ] } },
{ "type": "Feature", "properties": { "start_date": 1914, "construction_date.nb": 2, "historic.building": "yes" }, "geometry": { "type": "Polygon", "coordinates": [ [ [ 2.480862925980542, 48.895551339418041 ], [ 2.480862925962584, 48.895551339422298 ], [ 2.48083494107955, 48.895499058195711 ], [ 2.480933236771236, 48.895476102274024 ], [ 2.48096314280636, 48.895527222685345 ], [ 2.480963142805237, 48.895527222685615 ], [ 2.48095565015774, 48.895529059527334 ], [ 2.480955212597857, 48.895529166794617 ], [ 2.480955212598582, 48.895529166796024 ], [ 2.480949700368098, 48.895530487859936 ], [ 2.480875231346865, 48.895548335111243 ], [ 2.480862925980542, 48.895551339418041 ] ] ] } },
{ "type": "Feature", "properties": { "start_date": 1990, "construction_date.nb": 2, "historic.building": "yes" }, "geometry": { "type": "MultiPolygon", "coordinates": [ [ [ [ 2.480783335941232, 48.895408184160871 ], [ 2.480866555398004, 48.895387884274278 ], [ 2.480783335947369, 48.895408184172055 ], [ 2.480783335941232, 48.895408184160871 ] ] ], [ [ [ 2.480788592261584, 48.895414502129036 ], [ 2.480919157620288, 48.895383412462863 ], [ 2.480931611207769, 48.895406578672834 ], [ 2.480898794931501, 48.895414800003849 ], [ 2.480913908079449, 48.895444812474011 ], [ 2.480816973704134, 48.895468044097939 ], [ 2.480788592261584, 48.895414502129036 ] ] ] ] } },
{ "type": "Feature", "properties": { "start_date": 1906, "construction_date.nb": 2, "historic.building": "yes" }, "geometry": { "type": "MultiPolygon", "coordinates": [ [ [ [ 2.480783335941232, 48.895408184160871 ], [ 2.480866555398004, 48.895387884274278 ], [ 2.480783335947369, 48.895408184172055 ], [ 2.480783335941232, 48.895408184160871 ] ] ], [ [ [ 2.480788592261584, 48.895414502129036 ], [ 2.480919157620288, 48.895383412462863 ], [ 2.480931611207769, 48.895406578672834 ], [ 2.480898794931501, 48.895414800003849 ], [ 2.480913908079449, 48.895444812474011 ], [ 2.480816973704134, 48.895468044097939 ], [ 2.480788592261584, 48.895414502129036 ] ] ] ] } },
{ "type": "Feature", "properties": { "start_date": 1905, "construction_date.nb": 1, "historic.building": "yes" }, "geometry": { "type": "Polygon", "coordinates": [ [ [ 2.480783335941232, 48.895408184160871 ], [ 2.480751989070901, 48.895351122001266 ], [ 2.480796967133935, 48.895340615250596 ], [ 2.480803550524084, 48.895350626125335 ], [ 2.480856457878016, 48.895338265154713 ], [ 2.480867455097963, 48.895357018465539 ], [ 2.480879754110319, 48.895354643642449 ], [ 2.480894904043749, 48.895380969111883 ], [ 2.480866555398004, 48.895387884274278 ], [ 2.480783335941232, 48.895408184160871 ] ] ] } },
{ "type": "Feature", "properties": { "start_date": 1928, "construction_date.nb": 1, "historic.building": "yes" }, "geometry": { "type": "Polygon", "coordinates": [ [ [ 2.480814841326125, 48.895244196913737 ], [ 2.480853316317387, 48.895311362223175 ], [ 2.480743393049751, 48.89533777496419 ], [ 2.480727589085932, 48.895308658768585 ], [ 2.480729096525667, 48.895307945875778 ], [ 2.48070874691332, 48.895269637012525 ], [ 2.480814841326125, 48.895244196913737 ] ] ] } },
{ "type": "Feature", "properties": { "start_date": 1934, "construction_date.nb": 1, "historic.building": "yes" }, "geometry": { "type": "Polygon", "coordinates": [ [ [ 2.480809972592948, 48.895226369494964 ], [ 2.480813843523322, 48.895234839767703 ], [ 2.480700648937255, 48.89526105845674 ], [ 2.480662737679915, 48.895192096914158 ], [ 2.480785650594837, 48.895162413096102 ], [ 2.480802006331119, 48.895190902166625 ], [ 2.480777680206185, 48.895195742925075 ], [ 2.480795620611894, 48.895229454839686 ], [ 2.480809972592948, 48.895226369494964 ] ] ] } },
{ "type": "Feature", "properties": { "start_date": 1932, "construction_date.nb": 2, "historic.building": "yes" }, "geometry": { "type": "MultiPolygon", "coordinates": [ [ [ [ 2.480691020416419, 48.89506406804027 ], [ 2.480691020416841, 48.895064068040242 ], [ 2.480601326775654, 48.895086161781812 ], [ 2.480601326771364, 48.895086161774302 ], [ 2.480691020416419, 48.89506406804027 ] ] ], [ [ [ 2.480650280499241, 48.895087273421566 ], [ 2.48072520586619, 48.895068982637952 ], [ 2.480768640747734, 48.895144802850439 ], [ 2.480649690263825, 48.895173784371948 ], [ 2.480636538788223, 48.895152233859058 ], [ 2.480637667582224, 48.895148461639202 ], [ 2.480614877494226, 48.895108703276819 ], [ 2.48065494994331, 48.895097725654324 ], [ 2.480650280499241, 48.895087273421566 ] ] ] ] } },
{ "type": "Feature", "properties": { "start_date": 1900, "construction_date.nb": 1, "historic.building": "yes" }, "geometry": { "type": "Polygon", "coordinates": [ [ [ 2.480601326771364, 48.895086161774302 ], [ 2.480552263533542, 48.89500033475408 ], [ 2.480641537143908, 48.894979318421406 ], [ 2.480691020419546, 48.895064068039595 ], [ 2.480691020416841, 48.895064068040242 ], [ 2.480691020416419, 48.89506406804027 ], [ 2.480601326771364, 48.895086161774302 ] ] ] } },
{ "type": "Feature", "properties": { "start_date": 1933, "construction_date.nb": 2, "historic.building": "yes" }, "geometry": { "type": "MultiPolygon", "coordinates": [ [ [ [ 2.480550621391469, 48.894864172237128 ], [ 2.48055062141152, 48.894864172232509 ], [ 2.480550621413313, 48.894864172237952 ], [ 2.480480891465178, 48.894881226426179 ], [ 2.480480891464758, 48.894881226425134 ], [ 2.480480891474576, 48.894881226422768 ], [ 2.480550621391469, 48.894864172237128 ] ] ], [ [ [ 2.480505375446628, 48.894915236598351 ], [ 2.480600401332693, 48.894891817075354 ], [ 2.480636462996713, 48.894954745281979 ], [ 2.480540204997516, 48.894978609101607 ], [ 2.480505375446628, 48.894915236598351 ] ] ] ] } },
{ "type": "Feature", "properties": { "start_date": 1927, "construction_date.nb": 2, "historic.building": "yes" }, "geometry": { "type": "Polygon", "coordinates": [ [ [ 2.48051800700709, 48.894765066710931 ], [ 2.480529439414176, 48.8947999596109 ], [ 2.480529439421704, 48.894799959633708 ], [ 2.480529439404559, 48.894799959636224 ], [ 2.480539066768372, 48.894829144711217 ], [ 2.480550621391469, 48.894864172237128 ], [ 2.480480891474576, 48.894881226422768 ], [ 2.480480891464758, 48.894881226425134 ], [ 2.480468653586463, 48.894850147162231 ], [ 2.480482178228, 48.89484795756232 ], [ 2.480470974863985, 48.894808878939045 ], [ 2.480457326432649, 48.894809808973221 ], [ 2.480446776310302, 48.894776446848311 ], [ 2.48051800700709, 48.894765066710931 ] ] ] } },
{ "type": "Feature", "properties": { "start_date": 1890, "construction_date.nb": 1, "historic.building": "yes" }, "geometry": { "type": "Polygon", "coordinates": [ [ [ 2.480963739848751, 48.89470968999786 ], [ 2.480977297811708, 48.89475037107028 ], [ 2.480869407159425, 48.894764562163594 ], [ 2.48085673172295, 48.894722665341497 ], [ 2.480963739848751, 48.89470968999786 ] ] ] } },
{ "type": "Feature", "properties": { "start_date": 1897, "construction_date.nb": 2, "historic.building": "yes" }, "geometry": { "type": "MultiPolygon", "coordinates": [ [ [ [ 2.481084943074037, 48.894702184205556 ], [ 2.481098891642808, 48.894743433736451 ], [ 2.481098891648699, 48.894743433752929 ], [ 2.480997141081708, 48.894757381751155 ], [ 2.480979854382033, 48.894707736009927 ], [ 2.481022693551781, 48.894702541481017 ], [ 2.481084943074037, 48.894702184205556 ] ] ], [ [ [ 2.480963739866652, 48.894709689995693 ], [ 2.480977297844148, 48.89475037106601 ], [ 2.480977297811708, 48.89475037107028 ], [ 2.480963739848751, 48.89470968999786 ], [ 2.480963739866652, 48.894709689995693 ] ] ] ] } },
{ "type": "Feature", "properties": { "start_date": 1910, "construction_date.nb": 3, "historic.building": "yes" }, "geometry": { "type": "Polygon", "coordinates": [ [ [ 2.481135302067862, 48.894738390010858 ], [ 2.481128119374294, 48.894739423576603 ], [ 2.481134484834498, 48.894757617206849 ], [ 2.481105526315739, 48.89476198827974 ], [ 2.481098891672854, 48.894743433749625 ], [ 2.481098891648699, 48.894743433752929 ], [ 2.481098891642808, 48.894743433736451 ], [ 2.481084943074037, 48.894702184205556 ], [ 2.481136161582736, 48.89470189021646 ], [ 2.481135302067862, 48.894738390010858 ] ] ] } },
{ "type": "Feature", "properties": { "start_date": 1910, "construction_date.nb": 1, "historic.building": "yes" }, "geometry": { "type": "Polygon", "coordinates": [ [ [ 2.479874747342314, 48.896111907260341 ], [ 2.47983870915994, 48.896046640845263 ], [ 2.479951934684954, 48.896017545331212 ], [ 2.479987966651919, 48.896083441238737 ], [ 2.479956657223544, 48.896090949388388 ], [ 2.479956657220134, 48.896090949381389 ], [ 2.479874747342314, 48.896111907260341 ] ] ] } },
{ "type": "Feature", "properties": { "start_date": 1913, "construction_date.nb": 1, "historic.building": "yes" }, "geometry": { "type": "Polygon", "coordinates": [ [ [ 2.48057337903867, 48.895754766514564 ], [ 2.480535579786274, 48.895688233594711 ], [ 2.480637728899548, 48.895661877250262 ], [ 2.480673745332825, 48.895729391643634 ], [ 2.48067374532235, 48.895729391646285 ], [ 2.48057337903867, 48.895754766514564 ] ] ] } },
{ "type": "Feature", "properties": { "start_date": 1926, "construction_date.nb": 2, "historic.building": "yes" }, "geometry": { "type": "MultiPolygon", "coordinates": [ [ [ [ 2.480587499931101, 48.894755310759251 ], [ 2.480598691009045, 48.894789827995126 ], [ 2.480529439421704, 48.894799959633708 ], [ 2.480529439414176, 48.8947999596109 ], [ 2.48051800700709, 48.894765066710931 ], [ 2.480552534982227, 48.894759550348248 ], [ 2.480587499931101, 48.894755310759251 ] ] ], [ [ [ 2.480550621391469, 48.894864172237128 ], [ 2.480539066768372, 48.894829144711217 ], [ 2.48055062141152, 48.894864172232509 ], [ 2.480550621391469, 48.894864172237128 ] ] ] ] } },
{ "type": "Feature", "properties": { "start_date": 1910, "construction_date.nb": 1, "historic.building": "yes" }, "geometry": { "type": "Polygon", "coordinates": [ [ [ 2.480759964531974, 48.895823293575042 ], [ 2.480798143726274, 48.895892795800627 ], [ 2.480707495778752, 48.895914705608511 ], [ 2.480668761254466, 48.895846190188578 ], [ 2.480721851095158, 48.895832861975251 ], [ 2.480759964518891, 48.895823293578317 ], [ 2.480759964531974, 48.895823293575042 ] ] ] } },
{ "type": "Feature", "properties": { "start_date": 1932, "construction_date.nb": 1, "historic.building": "yes" }, "geometry": { "type": "Polygon", "coordinates": [ [ [ 2.480290084547264, 48.895003693790166 ], [ 2.480327877608238, 48.895070766411671 ], [ 2.480234907809993, 48.895093115444951 ], [ 2.480198196936556, 48.895026946821922 ], [ 2.480290084547264, 48.895003693790166 ] ] ] } },
{ "type": "Feature", "properties": { "start_date": 1897, "construction_date.nb": 1, "historic.building": "yes" }, "geometry": { "type": "Polygon", "coordinates": [ [ [ 2.48045123386597, 48.895994991564869 ], [ 2.4805592, 48.8959681 ], [ 2.4806, 48.896037400000012 ], [ 2.480563, 48.896045799999989 ], [ 2.4805668, 48.89605449999997 ], [ 2.480497043951126, 48.89607228164629 ], [ 2.480455672517608, 48.896002539577722 ], [ 2.48045123386597, 48.895994991564869 ] ] ] } },
{ "type": "Feature", "properties": { "start_date": 1910, "construction_date.nb": 1, "historic.building": "yes" }, "geometry": { "type": "Polygon", "coordinates": [ [ [ 2.480816310556874, 48.894727566610179 ], [ 2.480831534215755, 48.894773840720134 ], [ 2.48078795820165, 48.894780576483612 ], [ 2.480792849305757, 48.894796155734767 ], [ 2.480750102310676, 48.894801815917283 ], [ 2.480744795800601, 48.894786864376975 ], [ 2.480713788737885, 48.894791496254435 ], [ 2.480711423515487, 48.894796162410209 ], [ 2.480686015478986, 48.89480009912976 ], [ 2.480666075442926, 48.894745783237383 ], [ 2.480816310556874, 48.894727566610179 ] ] ] } },
{ "type": "Feature", "properties": { "start_date": 1910, "construction_date.nb": 1, "historic.building": "yes" }, "geometry": { "type": "Polygon", "coordinates": [ [ [ 2.479410559094088, 48.89617170097813 ], [ 2.479566519136021, 48.896150407546315 ], [ 2.479533031379981, 48.896089288927989 ], [ 2.479629290943612, 48.896065515853721 ], [ 2.479668955666803, 48.896136373794882 ], [ 2.479663620271563, 48.896137969370741 ], [ 2.479676240212726, 48.896171748258737 ], [ 2.479660357759074, 48.896191464037834 ], [ 2.479669626338556, 48.896219382858348 ], [ 2.479431812001337, 48.896252680302148 ], [ 2.479410559094088, 48.89617170097813 ] ] ] } },
{ "type": "Feature", "properties": { "start_date": 2001, "construction_date.nb": 1, "historic.building": "yes" }, "geometry": { "type": "Polygon", "coordinates": [ [ [ 2.479410559094088, 48.89617170097813 ], [ 2.479566519136021, 48.896150407546315 ], [ 2.479533031379981, 48.896089288927989 ], [ 2.479629290943612, 48.896065515853721 ], [ 2.479668955666803, 48.896136373794882 ], [ 2.479663620271563, 48.896137969370741 ], [ 2.479676240212726, 48.896171748258737 ], [ 2.479660357759074, 48.896191464037834 ], [ 2.479669626338556, 48.896219382858348 ], [ 2.479431812001337, 48.896252680302148 ], [ 2.479410559094088, 48.89617170097813 ] ] ] } },
{ "type": "Feature", "properties": { "start_date": 1898, "construction_date.nb": 2, "historic.building": "yes" }, "geometry": { "type": "Polygon", "coordinates": [ [ [ 2.479375228324436, 48.896037080602042 ], [ 2.479379164269542, 48.896036100519204 ], [ 2.479379164259834, 48.896036100501533 ], [ 2.479529710381456, 48.895998534278689 ], [ 2.479529710389841, 48.895998534276607 ], [ 2.479529710397062, 48.895998534289077 ], [ 2.479560550309414, 48.896051637568753 ], [ 2.479469617091804, 48.896074714310522 ], [ 2.479456493697948, 48.896050375938664 ], [ 2.479383517913631, 48.896068666382945 ], [ 2.479375228324436, 48.896037080602042 ] ] ] } },
{ "type": "Feature", "properties": { "start_date": 1929, "construction_date.nb": 1, "historic.building": "yes" }, "geometry": { "type": "Polygon", "coordinates": [ [ [ 2.479367163754863, 48.896006352173423 ], [ 2.479422433644624, 48.895991952713615 ], [ 2.479409290563232, 48.895969592738318 ], [ 2.479498584278446, 48.895946778696619 ], [ 2.479505040120371, 48.895955889788986 ], [ 2.479529710389841, 48.895998534276607 ], [ 2.479529710381456, 48.895998534278689 ], [ 2.479379164259834, 48.896036100501533 ], [ 2.479371139819035, 48.896021502175124 ], [ 2.479367163754863, 48.896006352173423 ] ] ] } },
{ "type": "Feature", "properties": { "start_date": 1875, "construction_date.nb": 2, "historic.building": "yes" }, "geometry": { "type": "Polygon", "coordinates": [ [ [ 2.479338703244345, 48.895897908786701 ], [ 2.479364108138886, 48.895891336341286 ], [ 2.479452987193103, 48.895869060132092 ], [ 2.479452987195399, 48.895869060136057 ], [ 2.479483426794787, 48.895921262407853 ], [ 2.479394815948223, 48.895943989457159 ], [ 2.479364108137961, 48.895891336350168 ], [ 2.479338703245511, 48.895897908791142 ], [ 2.479338703244345, 48.895897908786701 ] ] ] } },
{ "type": "Feature", "properties": { "start_date": 1895, "construction_date.nb": 1, "historic.building": "yes" }, "geometry": { "type": "Polygon", "coordinates": [ [ [ 2.479333966976227, 48.89587986208744 ], [ 2.479354456375842, 48.895874477331759 ], [ 2.479334215140627, 48.89583904650673 ], [ 2.479423221547483, 48.89581767016238 ], [ 2.479452987193103, 48.895869060132092 ], [ 2.479364108138886, 48.895891336341286 ], [ 2.479338703244345, 48.895897908786701 ], [ 2.479333966976227, 48.89587986208744 ] ] ] } },
{ "type": "Feature", "properties": { "start_date": 1893, "construction_date.nb": 2, "historic.building": "yes" }, "geometry": { "type": "Polygon", "coordinates": [ [ [ 2.479303861662912, 48.895765150887328 ], [ 2.479382205216506, 48.895745637113087 ], [ 2.47938220522153, 48.89574563711183 ], [ 2.479382205232146, 48.895745637130311 ], [ 2.479412773859973, 48.895798559416441 ], [ 2.479323207578438, 48.89582137221128 ], [ 2.479314688025608, 48.895806402971196 ], [ 2.479303861662912, 48.895765150887328 ] ] ] } },
{ "type": "Feature", "properties": { "start_date": 1897, "construction_date.nb": 1, "historic.building": "yes" }, "geometry": { "type": "Polygon", "coordinates": [ [ [ 2.479290310119767, 48.89571351485182 ], [ 2.479354588602753, 48.895697583907669 ], [ 2.47938220522153, 48.89574563711183 ], [ 2.479382205216506, 48.895745637113087 ], [ 2.479303861662912, 48.895765150887328 ], [ 2.479290310119767, 48.89571351485182 ] ] ] } },
{ "type": "Feature", "properties": { "start_date": 1920, "construction_date.nb": 2, "historic.building": "yes" }, "geometry": { "type": "Polygon", "coordinates": [ [ [ 2.479271709896913, 48.895634861945076 ], [ 2.479312354003175, 48.895624646217875 ], [ 2.479312354028044, 48.895624646211665 ], [ 2.479312354031277, 48.895624646217314 ], [ 2.479342113164401, 48.895676665713609 ], [ 2.479284448445454, 48.895691179825157 ], [ 2.479276686199323, 48.895661602924797 ], [ 2.479271709896913, 48.895634861945076 ] ] ] } },
{ "type": "Feature", "properties": { "start_date": 1900, "construction_date.nb": 2, "historic.building": "yes" }, "geometry": { "type": "MultiPolygon", "coordinates": [ [ [ [ 2.479267737631556, 48.895562500750565 ], [ 2.479273709340412, 48.895560986997907 ], [ 2.479273709341415, 48.895560986997651 ], [ 2.479273709353727, 48.89556098701923 ], [ 2.479267737630023, 48.895562500775227 ], [ 2.479267737631556, 48.895562500750565 ] ] ], [ [ [ 2.479266864279937, 48.895576543099246 ], [ 2.479281500234372, 48.895572981682925 ], [ 2.479273709353727, 48.89556098701923 ], [ 2.479344813433431, 48.895543040189359 ], [ 2.479358483049046, 48.895567291018843 ], [ 2.479358483063066, 48.895567291042816 ], [ 2.47930105548566, 48.895581520233819 ], [ 2.479287689505931, 48.895581462118123 ], [ 2.479312354028044, 48.895624646211665 ], [ 2.479312354003175, 48.895624646217875 ], [ 2.479271709896913, 48.895634861945076 ], [ 2.479265359545126, 48.895600737243093 ], [ 2.479266864279937, 48.895576543099246 ] ] ] ] } },
{ "type": "Feature", "properties": { "start_date": 1890, "construction_date.nb": 2, "historic.building": "yes" }, "geometry": { "type": "Polygon", "coordinates": [ [ [ 2.479268409402888, 48.895551699543176 ], [ 2.479273709341415, 48.895560986997651 ], [ 2.479273709340412, 48.895560986997907 ], [ 2.479267737631556, 48.895562500750565 ], [ 2.479268409402888, 48.895551699543176 ] ] ] } },
{ "type": "Feature", "properties": { "start_date": 1888, "construction_date.nb": 2, "historic.building": "yes" }, "geometry": { "type": "Polygon", "coordinates": [ [ [ 2.47950815049626, 48.896419350969616 ], [ 2.479498932575988, 48.89638480617662 ], [ 2.479496873661053, 48.896377090244236 ], [ 2.479601215606213, 48.896363514480647 ], [ 2.479621235788209, 48.896429453799009 ], [ 2.47950815049626, 48.896419350969616 ] ] ] } },
{ "type": "Feature", "properties": { "start_date": 1905, "construction_date.nb": 2, "historic.building": "yes" }, "geometry": { "type": "Polygon", "coordinates": [ [ [ 2.479465536140331, 48.896381177845214 ], [ 2.479496873657837, 48.896377090244663 ], [ 2.479496873661053, 48.896377090244236 ], [ 2.479498932575988, 48.89638480617662 ], [ 2.47950815049626, 48.896419350969616 ], [ 2.47947477207348, 48.896416368981569 ], [ 2.479465536140331, 48.896381177845214 ] ] ] } },
{ "type": "Feature", "properties": { "start_date": 1977, "construction_date.nb": 1, "historic.building": "yes" }, "geometry": { "type": "Polygon", "coordinates": [ [ [ 2.480141171526478, 48.896306808248482 ], [ 2.4801408, 48.896306 ], [ 2.480140838034752, 48.89630599445325 ], [ 2.480141171526478, 48.896306808248482 ] ] ] } },
{ "type": "Feature", "properties": { "start_date": 1911, "construction_date.nb": 1, "historic.building": "yes" }, "geometry": { "type": "Polygon", "coordinates": [ [ [ 2.480140838034752, 48.89630599445325 ], [ 2.4801552, 48.896303899999985 ], [ 2.4801429, 48.896275399999979 ], [ 2.4802489, 48.896257199999972 ], [ 2.480284, 48.896342299999986 ], [ 2.4802682, 48.8963448 ], [ 2.4802637, 48.896333699999978 ], [ 2.4801735, 48.896349499999985 ], [ 2.4801719, 48.896344399999954 ], [ 2.480161, 48.896346499999964 ], [ 2.4801905, 48.896408300000012 ], [ 2.480189058207944, 48.89640866044801 ], [ 2.48018808595699, 48.896408869449822 ], [ 2.480141171526478, 48.896306808248482 ], [ 2.480140838034752, 48.89630599445325 ] ] ] } },
{ "type": "Feature", "properties": { "start_date": 1910, "construction_date.nb": 1, "historic.building": "yes" }, "geometry": { "type": "Polygon", "coordinates": [ [ [ 2.480378861274432, 48.896377462096972 ], [ 2.480348591724361, 48.896316038834541 ], [ 2.480400534622836, 48.89630475308082 ], [ 2.48040483715611, 48.89631097696109 ], [ 2.480491359276337, 48.896292556790456 ], [ 2.480511466164383, 48.896334695000064 ], [ 2.480378861274432, 48.896377462096972 ] ] ] } },
{ "type": "Feature", "properties": { "start_date": 1920, "construction_date.nb": 3, "historic.building": "yes" }, "geometry": { "type": "MultiPolygon", "coordinates": [ [ [ [ 2.480609664459996, 48.896219146806203 ], [ 2.480629859707614, 48.896254907772814 ], [ 2.480645047765518, 48.896281802165369 ], [ 2.480650292497737, 48.89628928916634 ], [ 2.480650292929324, 48.896289289994307 ], [ 2.480645, 48.896281799999976 ], [ 2.4806116, 48.896287700000016 ], [ 2.480500150999645, 48.896310779207134 ], [ 2.4804695, 48.896245599999986 ], [ 2.4806075, 48.896216200000019 ], [ 2.480608219320729, 48.896217148195554 ], [ 2.480609664459996, 48.896219146806203 ] ] ], [ [ [ 2.480511466164383, 48.896334695000064 ], [ 2.480491359276337, 48.896292556790456 ], [ 2.480491359302837, 48.896292556784807 ], [ 2.480511466175351, 48.896334694996526 ], [ 2.480511466164383, 48.896334695000064 ] ] ] ] } },
{ "type": "Feature", "properties": { "start_date": 1935, "construction_date.nb": 3, "historic.building": "yes" }, "geometry": { "type": "Polygon", "coordinates": [ [ [ 2.480655059120501, 48.896288383830466 ], [ 2.4806503, 48.896289299999971 ], [ 2.480650292929324, 48.896289289994307 ], [ 2.480650292497737, 48.89628928916634 ], [ 2.480645047765518, 48.896281802165369 ], [ 2.480629859707614, 48.896254907772814 ], [ 2.480609664459996, 48.896219146806203 ], [ 2.480608219320729, 48.896217148195554 ], [ 2.4806097, 48.8962191 ], [ 2.4807284, 48.896195699999971 ], [ 2.4807398, 48.896218199999979 ], [ 2.480739803830312, 48.896218199216747 ], [ 2.480743792964265, 48.896225933415657 ], [ 2.480758754091719, 48.896254940275099 ], [ 2.480655059120501, 48.896288383830466 ] ] ] } },
{ "type": "Feature", "properties": { "start_date": 1928, "construction_date.nb": 2, "historic.building": "yes" }, "geometry": { "type": "Polygon", "coordinates": [ [ [ 2.480758754091704, 48.896254940275107 ], [ 2.480739803830312, 48.896218199216747 ], [ 2.480840527758572, 48.896197603010656 ], [ 2.480809770304399, 48.896238486547844 ], [ 2.480758754091704, 48.896254940275107 ] ] ] } },
{ "type": "Feature", "properties": { "start_date": 1912, "construction_date.nb": 2, "historic.building": "yes" }, "geometry": { "type": "MultiPolygon", "coordinates": [ [ [ [ 2.479956657220134, 48.896090949381389 ], [ 2.479956657223544, 48.896090949388388 ], [ 2.479956657221099, 48.896090949388977 ], [ 2.479874747345126, 48.896111907265421 ], [ 2.479874747342314, 48.896111907260341 ], [ 2.479956657220134, 48.896090949381389 ] ] ], [ [ [ 2.480069818115299, 48.896068328513913 ], [ 2.480104423615539, 48.89612684386541 ], [ 2.480006511281425, 48.896152228900768 ], [ 2.479992549555452, 48.896129865439512 ], [ 2.479981202344313, 48.896132514085224 ], [ 2.479959731282781, 48.896097257902163 ], [ 2.480069818115299, 48.896068328513913 ] ] ] ] } },
{ "type": "Feature", "properties": { "start_date": 1880, "construction_date.nb": 1, "historic.building": "yes" }, "geometry": { "type": "Polygon", "coordinates": [ [ [ 2.479967596008321, 48.895938024569418 ], [ 2.479985298392097, 48.895968228253302 ], [ 2.47993156201129, 48.89598157444572 ], [ 2.479942935845297, 48.896003566982102 ], [ 2.479830407605847, 48.896031136674743 ], [ 2.479793015550569, 48.895964875110351 ], [ 2.479905142603114, 48.895936494296201 ], [ 2.479913725931428, 48.895951100392026 ], [ 2.479967596008321, 48.895938024569418 ] ] ] } },
{ "type": "Feature", "properties": { "start_date": 1900, "construction_date.nb": 1, "historic.building": "yes" }, "geometry": { "type": "Polygon", "coordinates": [ [ [ 2.479726233977003, 48.895645780150424 ], [ 2.479765334923671, 48.895718434296541 ], [ 2.479670183318707, 48.895740593540452 ], [ 2.479654649918724, 48.895711748169134 ], [ 2.479668328259616, 48.895707850655697 ], [ 2.479646520341449, 48.895665398475828 ], [ 2.479726233977003, 48.895645780150424 ] ] ] } },
{ "type": "Feature", "properties": { "start_date": 1900, "construction_date.nb": 2, "historic.building": "yes" }, "geometry": { "type": "Polygon", "coordinates": [ [ [ 2.479677574025371, 48.895533335010825 ], [ 2.479677574030183, 48.89553333500961 ], [ 2.479677574040808, 48.89553333502802 ], [ 2.479724611738777, 48.8955214886523 ], [ 2.479757186879756, 48.895578376523218 ], [ 2.479618133755414, 48.895612485690947 ], [ 2.479585547958575, 48.895556676897876 ], [ 2.4795855479498, 48.895556676882798 ], [ 2.479677574025371, 48.895533335010825 ] ] ] } },
{ "type": "Feature", "properties": { "start_date": 1896, "construction_date.nb": 2, "historic.building": "yes" }, "geometry": { "type": "MultiPolygon", "coordinates": [ [ [ [ 2.479510977791551, 48.895430179796612 ], [ 2.479614705649217, 48.895403876356582 ], [ 2.479510977794446, 48.895430179819279 ], [ 2.479510977783322, 48.89543017979863 ], [ 2.479510977791551, 48.895430179796612 ] ] ], [ [ [ 2.479677574025371, 48.895533335010825 ], [ 2.4795855479498, 48.895556676882798 ], [ 2.479544382674218, 48.895485902283696 ], [ 2.479636816896519, 48.895462652133617 ], [ 2.479677574030183, 48.89553333500961 ], [ 2.479677574025371, 48.895533335010825 ] ] ] ] } },
{ "type": "Feature", "properties": { "start_date": 1900, "construction_date.nb": 1, "historic.building": "yes" }, "geometry": { "type": "Polygon", "coordinates": [ [ [ 2.479510977783322, 48.89543017979863 ], [ 2.479478304413058, 48.895369514295879 ], [ 2.479572112247123, 48.895345280953585 ], [ 2.479586866702301, 48.895370165980239 ], [ 2.479622410009792, 48.895362046807584 ], [ 2.479640333546549, 48.895397377578469 ], [ 2.479614705649217, 48.895403876356582 ], [ 2.479510977791551, 48.895430179796612 ], [ 2.479510977783322, 48.89543017979863 ] ] ] } },
{ "type": "Feature", "properties": { "start_date": 1920, "construction_date.nb": 2, "historic.building": "yes" }, "geometry": { "type": "Polygon", "coordinates": [ [ [ 2.479343869684154, 48.894952645925869 ], [ 2.479355965668083, 48.89498704597937 ], [ 2.479335888123273, 48.894989836475737 ], [ 2.479303071271439, 48.894994375538026 ], [ 2.479305283171012, 48.894958810249342 ], [ 2.479343869684154, 48.894952645925869 ] ] ] } },
{ "type": "Feature", "properties": { "start_date": 1870, "construction_date.nb": 1, "historic.building": "yes" }, "geometry": { "type": "Polygon", "coordinates": [ [ [ 2.479521400404735, 48.894924284618867 ], [ 2.479533943680239, 48.894961110126424 ], [ 2.479417709282938, 48.894977601842847 ], [ 2.479407200412378, 48.894942528600744 ], [ 2.479521400404735, 48.894924284618867 ] ] ] } },
{ "type": "Feature", "properties": { "start_date": 1890, "construction_date.nb": 1, "historic.building": "yes" }, "geometry": { "type": "Polygon", "coordinates": [ [ [ 2.479688572673012, 48.894897577841284 ], [ 2.479709263479961, 48.894955486853355 ], [ 2.479714327663, 48.894970721980485 ], [ 2.479716148849425, 48.894976200883946 ], [ 2.479683226793731, 48.894981363772708 ], [ 2.479675390318285, 48.894960285888963 ], [ 2.479690417971839, 48.894957833127108 ], [ 2.479686816428408, 48.894949723683006 ], [ 2.479585737986142, 48.894964572736207 ], [ 2.479570243309057, 48.894916481698417 ], [ 2.479688572673012, 48.894897577841284 ] ] ] } },
{ "type": "Feature", "properties": { "start_date": 1890, "construction_date.nb": 2, "historic.building": "yes" }, "geometry": { "type": "MultiPolygon", "coordinates": [ [ [ [ 2.479851526896961, 48.894871544661676 ], [ 2.479867799301221, 48.894909681243341 ], [ 2.479867799301672, 48.894909681244378 ], [ 2.479719866971066, 48.89493170122762 ], [ 2.479706000489454, 48.894894793626989 ], [ 2.479851526896961, 48.894871544661676 ] ] ], [ [ [ 2.479688572683276, 48.894897577839643 ], [ 2.479709263516251, 48.894955486866522 ], [ 2.479714327663, 48.894970721980485 ], [ 2.479709263479961, 48.894955486853355 ], [ 2.479688572673012, 48.894897577841284 ], [ 2.479688572683276, 48.894897577839643 ] ] ] ] } },
{ "type": "Feature", "properties": { "start_date": 1900, "construction_date.nb": 3, "historic.building": "yes" }, "geometry": { "type": "Polygon", "coordinates": [ [ [ 2.479987824246309, 48.894849769923859 ], [ 2.479997530379913, 48.89488011778591 ], [ 2.48004574908636, 48.894872862869803 ], [ 2.480042699335012, 48.894864126352438 ], [ 2.480042699341343, 48.894864126351344 ], [ 2.480045749093569, 48.894872862877385 ], [ 2.480060464925113, 48.89491528423212 ], [ 2.48006109007852, 48.894916220216849 ], [ 2.480060464925967, 48.894915284250658 ], [ 2.479982600117351, 48.894927446551968 ], [ 2.47997597393758, 48.89490808261796 ], [ 2.479982319582409, 48.894900915706629 ], [ 2.479978851665321, 48.89489307666738 ], [ 2.479945378743073, 48.894898776799785 ], [ 2.479948295709933, 48.89490715304521 ], [ 2.479919736267818, 48.894912514810095 ], [ 2.479915880778191, 48.894902515728845 ], [ 2.47986779933977, 48.894909681238722 ], [ 2.479867799301672, 48.894909681244378 ], [ 2.479867799301221, 48.894909681243341 ], [ 2.479851526896961, 48.894871544661676 ], [ 2.479987824246309, 48.894849769923859 ] ] ] } },
{ "type": "Feature", "properties": { "start_date": 1910, "construction_date.nb": 1, "historic.building": "yes" }, "geometry": { "type": "Polygon", "coordinates": [ [ [ 2.480169120784536, 48.894820805879149 ], [ 2.480182799821945, 48.89486149704674 ], [ 2.480137725194842, 48.894868046202809 ], [ 2.480110681311441, 48.89487188574892 ], [ 2.480114654341599, 48.894883773875357 ], [ 2.480123004212943, 48.894908091478321 ], [ 2.480062211913378, 48.894917899805947 ], [ 2.48006109007852, 48.894916220216849 ], [ 2.480060464925113, 48.89491528423212 ], [ 2.480045749093569, 48.894872862877385 ], [ 2.480042699341343, 48.894864126351344 ], [ 2.480070161392851, 48.894859389307385 ], [ 2.480061405544898, 48.894838014569359 ], [ 2.480169120784536, 48.894820805879149 ] ] ] } },
{ "type": "Feature", "properties": { "start_date": 1898, "construction_date.nb": 1, "historic.building": "yes" }, "geometry": { "type": "Polygon", "coordinates": [ [ [ 2.48039625427247, 48.89522552101743 ], [ 2.480415172590301, 48.895220700244145 ], [ 2.480415172594816, 48.895220700251812 ], [ 2.48039625427247, 48.89522552101743 ] ] ] } },
{ "type": "Feature", "properties": { "start_date": 1899, "construction_date.nb": 1, "historic.building": "yes" }, "geometry": { "type": "Polygon", "coordinates": [ [ [ 2.480374135149677, 48.895328349328231 ], [ 2.480358576353446, 48.895302022020729 ], [ 2.480338203573095, 48.895307059675531 ], [ 2.48033068975719, 48.895294616598953 ], [ 2.480352708189143, 48.895288686756857 ], [ 2.48034987728769, 48.895285347039795 ], [ 2.480334703422499, 48.895261449532022 ], [ 2.480339218572813, 48.895260030232002 ], [ 2.480329573741164, 48.895242451849796 ], [ 2.480341606306383, 48.895239446411992 ], [ 2.48039625427247, 48.89522552101743 ], [ 2.480415172594816, 48.895220700251812 ], [ 2.480464931237439, 48.895305181362509 ], [ 2.480464931216457, 48.895305181367782 ], [ 2.480435943604711, 48.895312429940056 ], [ 2.480374135161711, 48.895328349325119 ], [ 2.480374135149677, 48.895328349328231 ] ] ] } },
{ "type": "Feature", "properties": { "start_date": 1902, "construction_date.nb": 2, "historic.building": "yes" }, "geometry": { "type": "Polygon", "coordinates": [ [ [ 2.480464931216457, 48.895305181367782 ], [ 2.480464931237439, 48.895305181362509 ], [ 2.480464931250726, 48.895305181385055 ], [ 2.480435943601649, 48.895312429954451 ], [ 2.480483669118281, 48.895395643198242 ], [ 2.480472865806326, 48.895398474116789 ], [ 2.480421586906668, 48.895411651362458 ], [ 2.480428426015303, 48.895423372041122 ], [ 2.480435000370715, 48.895434282191459 ], [ 2.480383585062029, 48.895447458828755 ], [ 2.480322035315267, 48.895341792755914 ], [ 2.480374135152271, 48.895328349332637 ], [ 2.480374135149677, 48.895328349328231 ], [ 2.480374135161711, 48.895328349325119 ], [ 2.480435943604711, 48.895312429940056 ], [ 2.480464931216457, 48.895305181367782 ] ] ] } },
{ "type": "Feature", "properties": { "start_date": 1904, "construction_date.nb": 1, "historic.building": "yes" }, "geometry": { "type": "Polygon", "coordinates": [ [ [ 2.480514130111843, 48.895445776914237 ], [ 2.480558740451163, 48.895526818247845 ], [ 2.480447574782634, 48.895554664252494 ], [ 2.480403239116639, 48.895473444170477 ], [ 2.480514130111843, 48.895445776914237 ] ] ] } },
{ "type": "Feature", "properties": { "start_date": 1890, "construction_date.nb": 1, "historic.building": "yes" }, "geometry": { "type": "Polygon", "coordinates": [ [ [ 2.480575372599975, 48.895554948807138 ], [ 2.48062040309174, 48.895634912804937 ], [ 2.480495834381318, 48.895666387852629 ], [ 2.48048898535502, 48.895655656382402 ], [ 2.480500883436288, 48.895652470480165 ], [ 2.480462571088605, 48.895582697814277 ], [ 2.480575372599975, 48.895554948807138 ] ] ] } },
{ "type": "Feature", "properties": { "start_date": 1900, "construction_date.nb": 1, "historic.building": "yes" }, "geometry": { "type": "Polygon", "coordinates": [ [ [ 2.480455672517608, 48.896002539577722 ], [ 2.4804512, 48.895995 ], [ 2.48045123386597, 48.895994991564869 ], [ 2.480455672517608, 48.896002539577722 ] ] ] } },
{ "type": "Feature", "properties": { "start_date": 1900, "construction_date.nb": 3, "historic.building": "yes" }, "geometry": { "type": "MultiPolygon", "coordinates": [ [ [ [ 2.48067374532235, 48.895729391646285 ], [ 2.480673745332825, 48.895729391643634 ], [ 2.480673745341976, 48.895729391660787 ], [ 2.480573379043303, 48.895754766522742 ], [ 2.48057337903867, 48.895754766514564 ], [ 2.48067374532235, 48.895729391646285 ] ] ], [ [ [ 2.480657412279163, 48.89583534930005 ], [ 2.48061275840842, 48.895758624481083 ], [ 2.480707106598782, 48.895734932164203 ], [ 2.480750802235466, 48.89581201249166 ], [ 2.480657412279163, 48.89583534930005 ] ] ], [ [ [ 2.480759964531974, 48.895823293575042 ], [ 2.480759964518891, 48.895823293578317 ], [ 2.480721851095158, 48.895832861975251 ], [ 2.480759964530399, 48.895823293572164 ], [ 2.480759964531974, 48.895823293575042 ] ] ] ] } },
{ "type": "Feature", "properties": { "start_date": 1930, "construction_date.nb": 1, "historic.building": "yes" }, "geometry": { "type": "Polygon", "coordinates": [ [ [ 2.4807615, 48.896050799999976 ], [ 2.480657, 48.896078 ], [ 2.4806152, 48.8960095 ], [ 2.4807203, 48.895981800000037 ], [ 2.4807615, 48.896050799999976 ] ] ] } },
{ "type": "Feature", "properties": { "start_date": 1900, "construction_date.nb": 3, "historic.building": "yes" }, "geometry": { "type": "Polygon", "coordinates": [ [ [ 2.481109353877629, 48.895840269766097 ], [ 2.481085309374645, 48.895872230808649 ], [ 2.481050586062904, 48.895881479511061 ], [ 2.481050586049667, 48.895881479514422 ], [ 2.481024038325751, 48.895835499767877 ], [ 2.481024038313875, 48.895835499747655 ], [ 2.481024038329112, 48.895835499743875 ], [ 2.481109963263186, 48.895814393003647 ], [ 2.481109353877629, 48.895840269766097 ] ] ] } },
{ "type": "Feature", "properties": { "start_date": 1898, "construction_date.nb": 3, "historic.building": "yes" }, "geometry": { "type": "MultiPolygon", "coordinates": [ [ [ [ 2.480950999553166, 48.895705502925829 ], [ 2.481039819486339, 48.89568382930544 ], [ 2.480950999560977, 48.89570550293967 ], [ 2.480950999553166, 48.895705502925829 ] ] ], [ [ [ 2.480993636676716, 48.895779341075745 ], [ 2.480961598451468, 48.895723175313904 ], [ 2.481054980054633, 48.895700647644439 ], [ 2.481087154731958, 48.8957568139733 ], [ 2.480993636676716, 48.895779341075745 ] ] ], [ [ [ 2.480993636676716, 48.895779341075745 ], [ 2.480993636680975, 48.895779341083305 ], [ 2.480993293894085, 48.895779436193415 ], [ 2.480993636676716, 48.895779341075745 ] ] ] ] } },
{ "type": "Feature", "properties": { "start_date": 1885, "construction_date.nb": 2, "historic.building": "yes" }, "geometry": { "type": "MultiPolygon", "coordinates": [ [ [ [ 2.481027481617048, 48.895599536134419 ], [ 2.481027481631189, 48.895599536130888 ], [ 2.481027481639015, 48.895599536143465 ], [ 2.481011084891178, 48.895603689678673 ], [ 2.481027481617048, 48.895599536134419 ] ] ], [ [ [ 2.480907575550348, 48.895628513771783 ], [ 2.480907575549466, 48.895628513770212 ], [ 2.480923147742524, 48.895624801972311 ], [ 2.481000954270191, 48.8956062559201 ], [ 2.481043700052492, 48.895682882376676 ], [ 2.481039819486339, 48.89568382930544 ], [ 2.480950999553166, 48.895705502925829 ], [ 2.480907575550348, 48.895628513771783 ] ] ] ] } },
{ "type": "Feature", "properties": { "start_date": 1900, "construction_date.nb": 3, "historic.building": "yes" }, "geometry": { "type": "MultiPolygon", "coordinates": [ [ [ [ 2.48095565015774, 48.895529059527334 ], [ 2.480963142805237, 48.895527222685615 ], [ 2.48096314280636, 48.895527222685345 ], [ 2.480963142820606, 48.895527222709681 ], [ 2.48095565015774, 48.895529059527334 ] ] ], [ [ [ 2.480862925980542, 48.895551339418041 ], [ 2.480875231346865, 48.895548335111243 ], [ 2.480949700368098, 48.895530487859936 ], [ 2.480955212598582, 48.895529166796024 ], [ 2.480964846935786, 48.895547824235869 ], [ 2.480973180928406, 48.895546421463457 ], [ 2.480999041156819, 48.895592937859199 ], [ 2.48102063520121, 48.895588534898792 ], [ 2.481027481631189, 48.895599536130888 ], [ 2.481027481617048, 48.895599536134419 ], [ 2.481011084891178, 48.895603689678673 ], [ 2.481000954265828, 48.895606255912263 ], [ 2.481000954270191, 48.8956062559201 ], [ 2.480923147742524, 48.895624801972311 ], [ 2.480907575549466, 48.895628513770212 ], [ 2.48087420319344, 48.895569374494798 ], [ 2.480885008312177, 48.895566363682256 ], [ 2.480875231358127, 48.895548335129824 ], [ 2.480862925970978, 48.895551339437979 ], [ 2.480862925962584, 48.895551339422298 ], [ 2.480862925980542, 48.895551339418041 ] ] ] ] } },
{ "type": "Feature", "properties": { "start_date": 1914, "construction_date.nb": 2, "historic.building": "yes" }, "geometry": { "type": "Polygon", "coordinates": [ [ [ 2.480862925980542, 48.895551339418041 ], [ 2.480862925962584, 48.895551339422298 ], [ 2.48083494107955, 48.895499058195711 ], [ 2.480933236771236, 48.895476102274024 ], [ 2.48096314280636, 48.895527222685345 ], [ 2.480963142805237, 48.895527222685615 ], [ 2.48095565015774, 48.895529059527334 ], [ 2.480955212597857, 48.895529166794617 ], [ 2.480955212598582, 48.895529166796024 ], [ 2.480949700368098, 48.895530487859936 ], [ 2.480875231346865, 48.895548335111243 ], [ 2.480862925980542, 48.895551339418041 ] ] ] } },
{ "type": "Feature", "properties": { "start_date": 1990, "construction_date.nb": 2, "historic.building": "yes" }, "geometry": { "type": "MultiPolygon", "coordinates": [ [ [ [ 2.480783335941232, 48.895408184160871 ], [ 2.480866555398004, 48.895387884274278 ], [ 2.480783335947369, 48.895408184172055 ], [ 2.480783335941232, 48.895408184160871 ] ] ], [ [ [ 2.480788592261584, 48.895414502129036 ], [ 2.480919157620288, 48.895383412462863 ], [ 2.480931611207769, 48.895406578672834 ], [ 2.480898794931501, 48.895414800003849 ], [ 2.480913908079449, 48.895444812474011 ], [ 2.480816973704134, 48.895468044097939 ], [ 2.480788592261584, 48.895414502129036 ] ] ] ] } },
{ "type": "Feature", "properties": { "start_date": 1906, "construction_date.nb": 2, "historic.building": "yes" }, "geometry": { "type": "MultiPolygon", "coordinates": [ [ [ [ 2.480783335941232, 48.895408184160871 ], [ 2.480866555398004, 48.895387884274278 ], [ 2.480783335947369, 48.895408184172055 ], [ 2.480783335941232, 48.895408184160871 ] ] ], [ [ [ 2.480788592261584, 48.895414502129036 ], [ 2.480919157620288, 48.895383412462863 ], [ 2.480931611207769, 48.895406578672834 ], [ 2.480898794931501, 48.895414800003849 ], [ 2.480913908079449, 48.895444812474011 ], [ 2.480816973704134, 48.895468044097939 ], [ 2.480788592261584, 48.895414502129036 ] ] ] ] } },
{ "type": "Feature", "properties": { "start_date": 1905, "construction_date.nb": 1, "historic.building": "yes" }, "geometry": { "type": "Polygon", "coordinates": [ [ [ 2.480783335941232, 48.895408184160871 ], [ 2.480751989070901, 48.895351122001266 ], [ 2.480796967133935, 48.895340615250596 ], [ 2.480803550524084, 48.895350626125335 ], [ 2.480856457878016, 48.895338265154713 ], [ 2.480867455097963, 48.895357018465539 ], [ 2.480879754110319, 48.895354643642449 ], [ 2.480894904043749, 48.895380969111883 ], [ 2.480866555398004, 48.895387884274278 ], [ 2.480783335941232, 48.895408184160871 ] ] ] } },
{ "type": "Feature", "properties": { "start_date": 1928, "construction_date.nb": 1, "historic.building": "yes" }, "geometry": { "type": "Polygon", "coordinates": [ [ [ 2.480814841326125, 48.895244196913737 ], [ 2.480853316317387, 48.895311362223175 ], [ 2.480743393049751, 48.89533777496419 ], [ 2.480727589085932, 48.895308658768585 ], [ 2.480729096525667, 48.895307945875778 ], [ 2.48070874691332, 48.895269637012525 ], [ 2.480814841326125, 48.895244196913737 ] ] ] } },
{ "type": "Feature", "properties": { "start_date": 1934, "construction_date.nb": 1, "historic.building": "yes" }, "geometry": { "type": "Polygon", "coordinates": [ [ [ 2.480809972592948, 48.895226369494964 ], [ 2.480813843523322, 48.895234839767703 ], [ 2.480700648937255, 48.89526105845674 ], [ 2.480662737679915, 48.895192096914158 ], [ 2.480785650594837, 48.895162413096102 ], [ 2.480802006331119, 48.895190902166625 ], [ 2.480777680206185, 48.895195742925075 ], [ 2.480795620611894, 48.895229454839686 ], [ 2.480809972592948, 48.895226369494964 ] ] ] } },
{ "type": "Feature", "properties": { "start_date": 1932, "construction_date.nb": 2, "historic.building": "yes" }, "geometry": { "type": "MultiPolygon", "coordinates": [ [ [ [ 2.480691020416419, 48.89506406804027 ], [ 2.480691020416841, 48.895064068040242 ], [ 2.480601326775654, 48.895086161781812 ], [ 2.480601326771364, 48.895086161774302 ], [ 2.480691020416419, 48.89506406804027 ] ] ], [ [ [ 2.480650280499241, 48.895087273421566 ], [ 2.48072520586619, 48.895068982637952 ], [ 2.480768640747734, 48.895144802850439 ], [ 2.480649690263825, 48.895173784371948 ], [ 2.480636538788223, 48.895152233859058 ], [ 2.480637667582224, 48.895148461639202 ], [ 2.480614877494226, 48.895108703276819 ], [ 2.48065494994331, 48.895097725654324 ], [ 2.480650280499241, 48.895087273421566 ] ] ] ] } },
{ "type": "Feature", "properties": { "start_date": 1900, "construction_date.nb": 1, "historic.building": "yes" }, "geometry": { "type": "Polygon", "coordinates": [ [ [ 2.480601326771364, 48.895086161774302 ], [ 2.480552263533542, 48.89500033475408 ], [ 2.480641537143908, 48.894979318421406 ], [ 2.480691020419546, 48.895064068039595 ], [ 2.480691020416841, 48.895064068040242 ], [ 2.480691020416419, 48.89506406804027 ], [ 2.480601326771364, 48.895086161774302 ] ] ] } },
{ "type": "Feature", "properties": { "start_date": 1933, "construction_date.nb": 2, "historic.building": "yes" }, "geometry": { "type": "MultiPolygon", "coordinates": [ [ [ [ 2.480550621391469, 48.894864172237128 ], [ 2.48055062141152, 48.894864172232509 ], [ 2.480550621413313, 48.894864172237952 ], [ 2.480480891465178, 48.894881226426179 ], [ 2.480480891464758, 48.894881226425134 ], [ 2.480480891474576, 48.894881226422768 ], [ 2.480550621391469, 48.894864172237128 ] ] ], [ [ [ 2.480505375446628, 48.894915236598351 ], [ 2.480600401332693, 48.894891817075354 ], [ 2.480636462996713, 48.894954745281979 ], [ 2.480540204997516, 48.894978609101607 ], [ 2.480505375446628, 48.894915236598351 ] ] ] ] } },
{ "type": "Feature", "properties": { "start_date": 1927, "construction_date.nb": 2, "historic.building": "yes" }, "geometry": { "type": "Polygon", "coordinates": [ [ [ 2.48051800700709, 48.894765066710931 ], [ 2.480529439414176, 48.8947999596109 ], [ 2.480529439421704, 48.894799959633708 ], [ 2.480529439404559, 48.894799959636224 ], [ 2.480539066768372, 48.894829144711217 ], [ 2.480550621391469, 48.894864172237128 ], [ 2.480480891474576, 48.894881226422768 ], [ 2.480480891464758, 48.894881226425134 ], [ 2.480468653586463, 48.894850147162231 ], [ 2.480482178228, 48.89484795756232 ], [ 2.480470974863985, 48.894808878939045 ], [ 2.480457326432649, 48.894809808973221 ], [ 2.480446776310302, 48.894776446848311 ], [ 2.48051800700709, 48.894765066710931 ] ] ] } },
{ "type": "Feature", "properties": { "start_date": 1890, "construction_date.nb": 1, "historic.building": "yes" }, "geometry": { "type": "Polygon", "coordinates": [ [ [ 2.480963739848751, 48.89470968999786 ], [ 2.480977297811708, 48.89475037107028 ], [ 2.480869407159425, 48.894764562163594 ], [ 2.48085673172295, 48.894722665341497 ], [ 2.480963739848751, 48.89470968999786 ] ] ] } },
{ "type": "Feature", "properties": { "start_date": 1897, "construction_date.nb": 2, "historic.building": "yes" }, "geometry": { "type": "MultiPolygon", "coordinates": [ [ [ [ 2.481084943074037, 48.894702184205556 ], [ 2.481098891642808, 48.894743433736451 ], [ 2.481098891648699, 48.894743433752929 ], [ 2.480997141081708, 48.894757381751155 ], [ 2.480979854382033, 48.894707736009927 ], [ 2.481022693551781, 48.894702541481017 ], [ 2.481084943074037, 48.894702184205556 ] ] ], [ [ [ 2.480963739866652, 48.894709689995693 ], [ 2.480977297844148, 48.89475037106601 ], [ 2.480977297811708, 48.89475037107028 ], [ 2.480963739848751, 48.89470968999786 ], [ 2.480963739866652, 48.894709689995693 ] ] ] ] } },
{ "type": "Feature", "properties": { "start_date": 1910, "construction_date.nb": 3, "historic.building": "yes" }, "geometry": { "type": "Polygon", "coordinates": [ [ [ 2.481135302067862, 48.894738390010858 ], [ 2.481128119374294, 48.894739423576603 ], [ 2.481134484834498, 48.894757617206849 ], [ 2.481105526315739, 48.89476198827974 ], [ 2.481098891672854, 48.894743433749625 ], [ 2.481098891648699, 48.894743433752929 ], [ 2.481098891642808, 48.894743433736451 ], [ 2.481084943074037, 48.894702184205556 ], [ 2.481136161582736, 48.89470189021646 ], [ 2.481135302067862, 48.894738390010858 ] ] ] } },
{ "type": "Feature", "properties": { "start_date": 1910, "construction_date.nb": 1, "historic.building": "yes" }, "geometry": { "type": "Polygon", "coordinates": [ [ [ 2.479874747342314, 48.896111907260341 ], [ 2.47983870915994, 48.896046640845263 ], [ 2.479951934684954, 48.896017545331212 ], [ 2.479987966651919, 48.896083441238737 ], [ 2.479956657223544, 48.896090949388388 ], [ 2.479956657220134, 48.896090949381389 ], [ 2.479874747342314, 48.896111907260341 ] ] ] } },
{ "type": "Feature", "properties": { "start_date": 1913, "construction_date.nb": 1, "historic.building": "yes" }, "geometry": { "type": "Polygon", "coordinates": [ [ [ 2.48057337903867, 48.895754766514564 ], [ 2.480535579786274, 48.895688233594711 ], [ 2.480637728899548, 48.895661877250262 ], [ 2.480673745332825, 48.895729391643634 ], [ 2.48067374532235, 48.895729391646285 ], [ 2.48057337903867, 48.895754766514564 ] ] ] } },
{ "type": "Feature", "properties": { "start_date": 1926, "construction_date.nb": 2, "historic.building": "yes" }, "geometry": { "type": "MultiPolygon", "coordinates": [ [ [ [ 2.480587499931101, 48.894755310759251 ], [ 2.480598691009045, 48.894789827995126 ], [ 2.480529439421704, 48.894799959633708 ], [ 2.480529439414176, 48.8947999596109 ], [ 2.48051800700709, 48.894765066710931 ], [ 2.480552534982227, 48.894759550348248 ], [ 2.480587499931101, 48.894755310759251 ] ] ], [ [ [ 2.480550621391469, 48.894864172237128 ], [ 2.480539066768372, 48.894829144711217 ], [ 2.48055062141152, 48.894864172232509 ], [ 2.480550621391469, 48.894864172237128 ] ] ] ] } },
{ "type": "Feature", "properties": { "start_date": 1910, "construction_date.nb": 1, "historic.building": "yes" }, "geometry": { "type": "Polygon", "coordinates": [ [ [ 2.480759964531974, 48.895823293575042 ], [ 2.480798143726274, 48.895892795800627 ], [ 2.480707495778752, 48.895914705608511 ], [ 2.480668761254466, 48.895846190188578 ], [ 2.480721851095158, 48.895832861975251 ], [ 2.480759964518891, 48.895823293578317 ], [ 2.480759964531974, 48.895823293575042 ] ] ] } },
{ "type": "Feature", "properties": { "start_date": 1932, "construction_date.nb": 1, "historic.building": "yes" }, "geometry": { "type": "Polygon", "coordinates": [ [ [ 2.480290084547264, 48.895003693790166 ], [ 2.480327877608238, 48.895070766411671 ], [ 2.480234907809993, 48.895093115444951 ], [ 2.480198196936556, 48.895026946821922 ], [ 2.480290084547264, 48.895003693790166 ] ] ] } },
{ "type": "Feature", "properties": { "start_date": 1897, "construction_date.nb": 1, "historic.building": "yes" }, "geometry": { "type": "Polygon", "coordinates": [ [ [ 2.48045123386597, 48.895994991564869 ], [ 2.4805592, 48.8959681 ], [ 2.4806, 48.896037400000012 ], [ 2.480563, 48.896045799999989 ], [ 2.4805668, 48.89605449999997 ], [ 2.480497043951126, 48.89607228164629 ], [ 2.480455672517608, 48.896002539577722 ], [ 2.48045123386597, 48.895994991564869 ] ] ] } },
{ "type": "Feature", "properties": { "start_date": 1910, "construction_date.nb": 1, "historic.building": "yes" }, "geometry": { "type": "Polygon", "coordinates": [ [ [ 2.480816310556874, 48.894727566610179 ], [ 2.480831534215755, 48.894773840720134 ], [ 2.48078795820165, 48.894780576483612 ], [ 2.480792849305757, 48.894796155734767 ], [ 2.480750102310676, 48.894801815917283 ], [ 2.480744795800601, 48.894786864376975 ], [ 2.480713788737885, 48.894791496254435 ], [ 2.480711423515487, 48.894796162410209 ], [ 2.480686015478986, 48.89480009912976 ], [ 2.480666075442926, 48.894745783237383 ], [ 2.480816310556874, 48.894727566610179 ] ] ] } },
{ "type": "Feature", "properties": { "start_date": 1910, "construction_date.nb": 1, "historic.building": "yes" }, "geometry": { "type": "Polygon", "coordinates": [ [ [ 2.479410559094088, 48.89617170097813 ], [ 2.479566519136021, 48.896150407546315 ], [ 2.479533031379981, 48.896089288927989 ], [ 2.479629290943612, 48.896065515853721 ], [ 2.479668955666803, 48.896136373794882 ], [ 2.479663620271563, 48.896137969370741 ], [ 2.479676240212726, 48.896171748258737 ], [ 2.479660357759074, 48.896191464037834 ], [ 2.479669626338556, 48.896219382858348 ], [ 2.479431812001337, 48.896252680302148 ], [ 2.479410559094088, 48.89617170097813 ] ] ] } },
{ "type": "Feature", "properties": { "start_date": 2001, "construction_date.nb": 1, "historic.building": "yes" }, "geometry": { "type": "Polygon", "coordinates": [ [ [ 2.479410559094088, 48.89617170097813 ], [ 2.479566519136021, 48.896150407546315 ], [ 2.479533031379981, 48.896089288927989 ], [ 2.479629290943612, 48.896065515853721 ], [ 2.479668955666803, 48.896136373794882 ], [ 2.479663620271563, 48.896137969370741 ], [ 2.479676240212726, 48.896171748258737 ], [ 2.479660357759074, 48.896191464037834 ], [ 2.479669626338556, 48.896219382858348 ], [ 2.479431812001337, 48.896252680302148 ], [ 2.479410559094088, 48.89617170097813 ] ] ] } },
{ "type": "Feature", "properties": { "start_date": 1898, "construction_date.nb": 2, "historic.building": "yes" }, "geometry": { "type": "Polygon", "coordinates": [ [ [ 2.479375228324436, 48.896037080602042 ], [ 2.479379164269542, 48.896036100519204 ], [ 2.479379164259834, 48.896036100501533 ], [ 2.479529710381456, 48.895998534278689 ], [ 2.479529710389841, 48.895998534276607 ], [ 2.479529710397062, 48.895998534289077 ], [ 2.479560550309414, 48.896051637568753 ], [ 2.479469617091804, 48.896074714310522 ], [ 2.479456493697948, 48.896050375938664 ], [ 2.479383517913631, 48.896068666382945 ], [ 2.479375228324436, 48.896037080602042 ] ] ] } },
{ "type": "Feature", "properties": { "start_date": 1929, "construction_date.nb": 1, "historic.building": "yes" }, "geometry": { "type": "Polygon", "coordinates": [ [ [ 2.479367163754863, 48.896006352173423 ], [ 2.479422433644624, 48.895991952713615 ], [ 2.479409290563232, 48.895969592738318 ], [ 2.479498584278446, 48.895946778696619 ], [ 2.479505040120371, 48.895955889788986 ], [ 2.479529710389841, 48.895998534276607 ], [ 2.479529710381456, 48.895998534278689 ], [ 2.479379164259834, 48.896036100501533 ], [ 2.479371139819035, 48.896021502175124 ], [ 2.479367163754863, 48.896006352173423 ] ] ] } },
{ "type": "Feature", "properties": { "start_date": 1875, "construction_date.nb": 2, "historic.building": "yes" }, "geometry": { "type": "Polygon", "coordinates": [ [ [ 2.479338703244345, 48.895897908786701 ], [ 2.479364108138886, 48.895891336341286 ], [ 2.479452987193103, 48.895869060132092 ], [ 2.479452987195399, 48.895869060136057 ], [ 2.479483426794787, 48.895921262407853 ], [ 2.479394815948223, 48.895943989457159 ], [ 2.479364108137961, 48.895891336350168 ], [ 2.479338703245511, 48.895897908791142 ], [ 2.479338703244345, 48.895897908786701 ] ] ] } },
{ "type": "Feature", "properties": { "start_date": 1895, "construction_date.nb": 1, "historic.building": "yes" }, "geometry": { "type": "Polygon", "coordinates": [ [ [ 2.479333966976227, 48.89587986208744 ], [ 2.479354456375842, 48.895874477331759 ], [ 2.479334215140627, 48.89583904650673 ], [ 2.479423221547483, 48.89581767016238 ], [ 2.479452987193103, 48.895869060132092 ], [ 2.479364108138886, 48.895891336341286 ], [ 2.479338703244345, 48.895897908786701 ], [ 2.479333966976227, 48.89587986208744 ] ] ] } },
{ "type": "Feature", "properties": { "start_date": 1893, "construction_date.nb": 2, "historic.building": "yes" }, "geometry": { "type": "Polygon", "coordinates": [ [ [ 2.479303861662912, 48.895765150887328 ], [ 2.479382205216506, 48.895745637113087 ], [ 2.47938220522153, 48.89574563711183 ], [ 2.479382205232146, 48.895745637130311 ], [ 2.479412773859973, 48.895798559416441 ], [ 2.479323207578438, 48.89582137221128 ], [ 2.479314688025608, 48.895806402971196 ], [ 2.479303861662912, 48.895765150887328 ] ] ] } },
{ "type": "Feature", "properties": { "start_date": 1897, "construction_date.nb": 1, "historic.building": "yes" }, "geometry": { "type": "Polygon", "coordinates": [ [ [ 2.479290310119767, 48.89571351485182 ], [ 2.479354588602753, 48.895697583907669 ], [ 2.47938220522153, 48.89574563711183 ], [ 2.479382205216506, 48.895745637113087 ], [ 2.479303861662912, 48.895765150887328 ], [ 2.479290310119767, 48.89571351485182 ] ] ] } },
{ "type": "Feature", "properties": { "start_date": 1920, "construction_date.nb": 2, "historic.building": "yes" }, "geometry": { "type": "Polygon", "coordinates": [ [ [ 2.479271709896913, 48.895634861945076 ], [ 2.479312354003175, 48.895624646217875 ], [ 2.479312354028044, 48.895624646211665 ], [ 2.479312354031277, 48.895624646217314 ], [ 2.479342113164401, 48.895676665713609 ], [ 2.479284448445454, 48.895691179825157 ], [ 2.479276686199323, 48.895661602924797 ], [ 2.479271709896913, 48.895634861945076 ] ] ] } },
{ "type": "Feature", "properties": { "start_date": 1900, "construction_date.nb": 2, "historic.building": "yes" }, "geometry": { "type": "MultiPolygon", "coordinates": [ [ [ [ 2.479267737631556, 48.895562500750565 ], [ 2.479273709340412, 48.895560986997907 ], [ 2.479273709341415, 48.895560986997651 ], [ 2.479273709353727, 48.89556098701923 ], [ 2.479267737630023, 48.895562500775227 ], [ 2.479267737631556, 48.895562500750565 ] ] ], [ [ [ 2.479266864279937, 48.895576543099246 ], [ 2.479281500234372, 48.895572981682925 ], [ 2.479273709353727, 48.89556098701923 ], [ 2.479344813433431, 48.895543040189359 ], [ 2.479358483049046, 48.895567291018843 ], [ 2.479358483063066, 48.895567291042816 ], [ 2.47930105548566, 48.895581520233819 ], [ 2.479287689505931, 48.895581462118123 ], [ 2.479312354028044, 48.895624646211665 ], [ 2.479312354003175, 48.895624646217875 ], [ 2.479271709896913, 48.895634861945076 ], [ 2.479265359545126, 48.895600737243093 ], [ 2.479266864279937, 48.895576543099246 ] ] ] ] } },
{ "type": "Feature", "properties": { "start_date": 1890, "construction_date.nb": 2, "historic.building": "yes" }, "geometry": { "type": "Polygon", "coordinates": [ [ [ 2.479268409402888, 48.895551699543176 ], [ 2.479273709341415, 48.895560986997651 ], [ 2.479273709340412, 48.895560986997907 ], [ 2.479267737631556, 48.895562500750565 ], [ 2.479268409402888, 48.895551699543176 ] ] ] } },
{ "type": "Feature", "properties": { "start_date": 1888, "construction_date.nb": 2, "historic.building": "yes" }, "geometry": { "type": "Polygon", "coordinates": [ [ [ 2.47950815049626, 48.896419350969616 ], [ 2.479498932575988, 48.89638480617662 ], [ 2.479496873661053, 48.896377090244236 ], [ 2.479601215606213, 48.896363514480647 ], [ 2.479621235788209, 48.896429453799009 ], [ 2.47950815049626, 48.896419350969616 ] ] ] } },
{ "type": "Feature", "properties": { "start_date": 1905, "construction_date.nb": 2, "historic.building": "yes" }, "geometry": { "type": "Polygon", "coordinates": [ [ [ 2.479465536140331, 48.896381177845214 ], [ 2.479496873657837, 48.896377090244663 ], [ 2.479496873661053, 48.896377090244236 ], [ 2.479498932575988, 48.89638480617662 ], [ 2.47950815049626, 48.896419350969616 ], [ 2.47947477207348, 48.896416368981569 ], [ 2.479465536140331, 48.896381177845214 ] ] ] } },
{ "type": "Feature", "properties": { "start_date": 1977, "construction_date.nb": 1, "historic.building": "yes" }, "geometry": { "type": "Polygon", "coordinates": [ [ [ 2.480141171526478, 48.896306808248482 ], [ 2.4801408, 48.896306 ], [ 2.480140838034752, 48.89630599445325 ], [ 2.480141171526478, 48.896306808248482 ] ] ] } },
{ "type": "Feature", "properties": { "start_date": 1911, "construction_date.nb": 1, "historic.building": "yes" }, "geometry": { "type": "Polygon", "coordinates": [ [ [ 2.480140838034752, 48.89630599445325 ], [ 2.4801552, 48.896303899999985 ], [ 2.4801429, 48.896275399999979 ], [ 2.4802489, 48.896257199999972 ], [ 2.480284, 48.896342299999986 ], [ 2.4802682, 48.8963448 ], [ 2.4802637, 48.896333699999978 ], [ 2.4801735, 48.896349499999985 ], [ 2.4801719, 48.896344399999954 ], [ 2.480161, 48.896346499999964 ], [ 2.4801905, 48.896408300000012 ], [ 2.480189058207944, 48.89640866044801 ], [ 2.48018808595699, 48.896408869449822 ], [ 2.480141171526478, 48.896306808248482 ], [ 2.480140838034752, 48.89630599445325 ] ] ] } },
{ "type": "Feature", "properties": { "start_date": 1910, "construction_date.nb": 1, "historic.building": "yes" }, "geometry": { "type": "Polygon", "coordinates": [ [ [ 2.480378861274432, 48.896377462096972 ], [ 2.480348591724361, 48.896316038834541 ], [ 2.480400534622836, 48.89630475308082 ], [ 2.48040483715611, 48.89631097696109 ], [ 2.480491359276337, 48.896292556790456 ], [ 2.480511466164383, 48.896334695000064 ], [ 2.480378861274432, 48.896377462096972 ] ] ] } },
{ "type": "Feature", "properties": { "start_date": 1920, "construction_date.nb": 3, "historic.building": "yes" }, "geometry": { "type": "MultiPolygon", "coordinates": [ [ [ [ 2.480609664459996, 48.896219146806203 ], [ 2.480629859707614, 48.896254907772814 ], [ 2.480645047765518, 48.896281802165369 ], [ 2.480650292497737, 48.89628928916634 ], [ 2.480650292929324, 48.896289289994307 ], [ 2.480645, 48.896281799999976 ], [ 2.4806116, 48.896287700000016 ], [ 2.480500150999645, 48.896310779207134 ], [ 2.4804695, 48.896245599999986 ], [ 2.4806075, 48.896216200000019 ], [ 2.480608219320729, 48.896217148195554 ], [ 2.480609664459996, 48.896219146806203 ] ] ], [ [ [ 2.480511466164383, 48.896334695000064 ], [ 2.480491359276337, 48.896292556790456 ], [ 2.480491359302837, 48.896292556784807 ], [ 2.480511466175351, 48.896334694996526 ], [ 2.480511466164383, 48.896334695000064 ] ] ] ] } },
{ "type": "Feature", "properties": { "start_date": 1935, "construction_date.nb": 3, "historic.building": "yes" }, "geometry": { "type": "Polygon", "coordinates": [ [ [ 2.480655059120501, 48.896288383830466 ], [ 2.4806503, 48.896289299999971 ], [ 2.480650292929324, 48.896289289994307 ], [ 2.480650292497737, 48.89628928916634 ], [ 2.480645047765518, 48.896281802165369 ], [ 2.480629859707614, 48.896254907772814 ], [ 2.480609664459996, 48.896219146806203 ], [ 2.480608219320729, 48.896217148195554 ], [ 2.4806097, 48.8962191 ], [ 2.4807284, 48.896195699999971 ], [ 2.4807398, 48.896218199999979 ], [ 2.480739803830312, 48.896218199216747 ], [ 2.480743792964265, 48.896225933415657 ], [ 2.480758754091719, 48.896254940275099 ], [ 2.480655059120501, 48.896288383830466 ] ] ] } },
{ "type": "Feature", "properties": { "start_date": 1928, "construction_date.nb": 2, "historic.building": "yes" }, "geometry": { "type": "Polygon", "coordinates": [ [ [ 2.480758754091704, 48.896254940275107 ], [ 2.480739803830312, 48.896218199216747 ], [ 2.480840527758572, 48.896197603010656 ], [ 2.480809770304399, 48.896238486547844 ], [ 2.480758754091704, 48.896254940275107 ] ] ] } },
{ "type": "Feature", "properties": { "start_date": 1912, "construction_date.nb": 2, "historic.building": "yes" }, "geometry": { "type": "MultiPolygon", "coordinates": [ [ [ [ 2.479956657220134, 48.896090949381389 ], [ 2.479956657223544, 48.896090949388388 ], [ 2.479956657221099, 48.896090949388977 ], [ 2.479874747345126, 48.896111907265421 ], [ 2.479874747342314, 48.896111907260341 ], [ 2.479956657220134, 48.896090949381389 ] ] ], [ [ [ 2.480069818115299, 48.896068328513913 ], [ 2.480104423615539, 48.89612684386541 ], [ 2.480006511281425, 48.896152228900768 ], [ 2.479992549555452, 48.896129865439512 ], [ 2.479981202344313, 48.896132514085224 ], [ 2.479959731282781, 48.896097257902163 ], [ 2.480069818115299, 48.896068328513913 ] ] ] ] } },
{ "type": "Feature", "properties": { "start_date": 1880, "construction_date.nb": 1, "historic.building": "yes" }, "geometry": { "type": "Polygon", "coordinates": [ [ [ 2.479967596008321, 48.895938024569418 ], [ 2.479985298392097, 48.895968228253302 ], [ 2.47993156201129, 48.89598157444572 ], [ 2.479942935845297, 48.896003566982102 ], [ 2.479830407605847, 48.896031136674743 ], [ 2.479793015550569, 48.895964875110351 ], [ 2.479905142603114, 48.895936494296201 ], [ 2.479913725931428, 48.895951100392026 ], [ 2.479967596008321, 48.895938024569418 ] ] ] } },
{ "type": "Feature", "properties": { "start_date": 1900, "construction_date.nb": 1, "historic.building": "yes" }, "geometry": { "type": "Polygon", "coordinates": [ [ [ 2.479726233977003, 48.895645780150424 ], [ 2.479765334923671, 48.895718434296541 ], [ 2.479670183318707, 48.895740593540452 ], [ 2.479654649918724, 48.895711748169134 ], [ 2.479668328259616, 48.895707850655697 ], [ 2.479646520341449, 48.895665398475828 ], [ 2.479726233977003, 48.895645780150424 ] ] ] } },
{ "type": "Feature", "properties": { "start_date": 1900, "construction_date.nb": 2, "historic.building": "yes" }, "geometry": { "type": "Polygon", "coordinates": [ [ [ 2.479677574025371, 48.895533335010825 ], [ 2.479677574030183, 48.89553333500961 ], [ 2.479677574040808, 48.89553333502802 ], [ 2.479724611738777, 48.8955214886523 ], [ 2.479757186879756, 48.895578376523218 ], [ 2.479618133755414, 48.895612485690947 ], [ 2.479585547958575, 48.895556676897876 ], [ 2.4795855479498, 48.895556676882798 ], [ 2.479677574025371, 48.895533335010825 ] ] ] } },
{ "type": "Feature", "properties": { "start_date": 1896, "construction_date.nb": 2, "historic.building": "yes" }, "geometry": { "type": "MultiPolygon", "coordinates": [ [ [ [ 2.479510977791551, 48.895430179796612 ], [ 2.479614705649217, 48.895403876356582 ], [ 2.479510977794446, 48.895430179819279 ], [ 2.479510977783322, 48.89543017979863 ], [ 2.479510977791551, 48.895430179796612 ] ] ], [ [ [ 2.479677574025371, 48.895533335010825 ], [ 2.4795855479498, 48.895556676882798 ], [ 2.479544382674218, 48.895485902283696 ], [ 2.479636816896519, 48.895462652133617 ], [ 2.479677574030183, 48.89553333500961 ], [ 2.479677574025371, 48.895533335010825 ] ] ] ] } },
{ "type": "Feature", "properties": { "start_date": 1900, "construction_date.nb": 1, "historic.building": "yes" }, "geometry": { "type": "Polygon", "coordinates": [ [ [ 2.479510977783322, 48.89543017979863 ], [ 2.479478304413058, 48.895369514295879 ], [ 2.479572112247123, 48.895345280953585 ], [ 2.479586866702301, 48.895370165980239 ], [ 2.479622410009792, 48.895362046807584 ], [ 2.479640333546549, 48.895397377578469 ], [ 2.479614705649217, 48.895403876356582 ], [ 2.479510977791551, 48.895430179796612 ], [ 2.479510977783322, 48.89543017979863 ] ] ] } },
{ "type": "Feature", "properties": { "start_date": 1920, "construction_date.nb": 2, "historic.building": "yes" }, "geometry": { "type": "Polygon", "coordinates": [ [ [ 2.479343869684154, 48.894952645925869 ], [ 2.479355965668083, 48.89498704597937 ], [ 2.479335888123273, 48.894989836475737 ], [ 2.479303071271439, 48.894994375538026 ], [ 2.479305283171012, 48.894958810249342 ], [ 2.479343869684154, 48.894952645925869 ] ] ] } },
{ "type": "Feature", "properties": { "start_date": 1870, "construction_date.nb": 1, "historic.building": "yes" }, "geometry": { "type": "Polygon", "coordinates": [ [ [ 2.479521400404735, 48.894924284618867 ], [ 2.479533943680239, 48.894961110126424 ], [ 2.479417709282938, 48.894977601842847 ], [ 2.479407200412378, 48.894942528600744 ], [ 2.479521400404735, 48.894924284618867 ] ] ] } },
{ "type": "Feature", "properties": { "start_date": 1890, "construction_date.nb": 1, "historic.building": "yes" }, "geometry": { "type": "Polygon", "coordinates": [ [ [ 2.479688572673012, 48.894897577841284 ], [ 2.479709263479961, 48.894955486853355 ], [ 2.479714327663, 48.894970721980485 ], [ 2.479716148849425, 48.894976200883946 ], [ 2.479683226793731, 48.894981363772708 ], [ 2.479675390318285, 48.894960285888963 ], [ 2.479690417971839, 48.894957833127108 ], [ 2.479686816428408, 48.894949723683006 ], [ 2.479585737986142, 48.894964572736207 ], [ 2.479570243309057, 48.894916481698417 ], [ 2.479688572673012, 48.894897577841284 ] ] ] } },
{ "type": "Feature", "properties": { "start_date": 1890, "construction_date.nb": 2, "historic.building": "yes" }, "geometry": { "type": "MultiPolygon", "coordinates": [ [ [ [ 2.479851526896961, 48.894871544661676 ], [ 2.479867799301221, 48.894909681243341 ], [ 2.479867799301672, 48.894909681244378 ], [ 2.479719866971066, 48.89493170122762 ], [ 2.479706000489454, 48.894894793626989 ], [ 2.479851526896961, 48.894871544661676 ] ] ], [ [ [ 2.479688572683276, 48.894897577839643 ], [ 2.479709263516251, 48.894955486866522 ], [ 2.479714327663, 48.894970721980485 ], [ 2.479709263479961, 48.894955486853355 ], [ 2.479688572673012, 48.894897577841284 ], [ 2.479688572683276, 48.894897577839643 ] ] ] ] } },
{ "type": "Feature", "properties": { "start_date": 1900, "construction_date.nb": 3, "historic.building": "yes" }, "geometry": { "type": "Polygon", "coordinates": [ [ [ 2.479987824246309, 48.894849769923859 ], [ 2.479997530379913, 48.89488011778591 ], [ 2.48004574908636, 48.894872862869803 ], [ 2.480042699335012, 48.894864126352438 ], [ 2.480042699341343, 48.894864126351344 ], [ 2.480045749093569, 48.894872862877385 ], [ 2.480060464925113, 48.89491528423212 ], [ 2.48006109007852, 48.894916220216849 ], [ 2.480060464925967, 48.894915284250658 ], [ 2.479982600117351, 48.894927446551968 ], [ 2.47997597393758, 48.89490808261796 ], [ 2.479982319582409, 48.894900915706629 ], [ 2.479978851665321, 48.89489307666738 ], [ 2.479945378743073, 48.894898776799785 ], [ 2.479948295709933, 48.89490715304521 ], [ 2.479919736267818, 48.894912514810095 ], [ 2.479915880778191, 48.894902515728845 ], [ 2.47986779933977, 48.894909681238722 ], [ 2.479867799301672, 48.894909681244378 ], [ 2.479867799301221, 48.894909681243341 ], [ 2.479851526896961, 48.894871544661676 ], [ 2.479987824246309, 48.894849769923859 ] ] ] } },
{ "type": "Feature", "properties": { "start_date": 1910, "construction_date.nb": 1, "historic.building": "yes" }, "geometry": { "type": "Polygon", "coordinates": [ [ [ 2.480169120784536, 48.894820805879149 ], [ 2.480182799821945, 48.89486149704674 ], [ 2.480137725194842, 48.894868046202809 ], [ 2.480110681311441, 48.89487188574892 ], [ 2.480114654341599, 48.894883773875357 ], [ 2.480123004212943, 48.894908091478321 ], [ 2.480062211913378, 48.894917899805947 ], [ 2.48006109007852, 48.894916220216849 ], [ 2.480060464925113, 48.89491528423212 ], [ 2.480045749093569, 48.894872862877385 ], [ 2.480042699341343, 48.894864126351344 ], [ 2.480070161392851, 48.894859389307385 ], [ 2.480061405544898, 48.894838014569359 ], [ 2.480169120784536, 48.894820805879149 ] ] ] } },
{ "type": "Feature", "properties": { "start_date": 1898, "construction_date.nb": 1, "historic.building": "yes" }, "geometry": { "type": "Polygon", "coordinates": [ [ [ 2.48039625427247, 48.89522552101743 ], [ 2.480415172590301, 48.895220700244145 ], [ 2.480415172594816, 48.895220700251812 ], [ 2.48039625427247, 48.89522552101743 ] ] ] } },
{ "type": "Feature", "properties": { "start_date": 1899, "construction_date.nb": 1, "historic.building": "yes" }, "geometry": { "type": "Polygon", "coordinates": [ [ [ 2.480374135149677, 48.895328349328231 ], [ 2.480358576353446, 48.895302022020729 ], [ 2.480338203573095, 48.895307059675531 ], [ 2.48033068975719, 48.895294616598953 ], [ 2.480352708189143, 48.895288686756857 ], [ 2.48034987728769, 48.895285347039795 ], [ 2.480334703422499, 48.895261449532022 ], [ 2.480339218572813, 48.895260030232002 ], [ 2.480329573741164, 48.895242451849796 ], [ 2.480341606306383, 48.895239446411992 ], [ 2.48039625427247, 48.89522552101743 ], [ 2.480415172594816, 48.895220700251812 ], [ 2.480464931237439, 48.895305181362509 ], [ 2.480464931216457, 48.895305181367782 ], [ 2.480435943604711, 48.895312429940056 ], [ 2.480374135161711, 48.895328349325119 ], [ 2.480374135149677, 48.895328349328231 ] ] ] } },
{ "type": "Feature", "properties": { "start_date": 1902, "construction_date.nb": 2, "historic.building": "yes" }, "geometry": { "type": "Polygon", "coordinates": [ [ [ 2.480464931216457, 48.895305181367782 ], [ 2.480464931237439, 48.895305181362509 ], [ 2.480464931250726, 48.895305181385055 ], [ 2.480435943601649, 48.895312429954451 ], [ 2.480483669118281, 48.895395643198242 ], [ 2.480472865806326, 48.895398474116789 ], [ 2.480421586906668, 48.895411651362458 ], [ 2.480428426015303, 48.895423372041122 ], [ 2.480435000370715, 48.895434282191459 ], [ 2.480383585062029, 48.895447458828755 ], [ 2.480322035315267, 48.895341792755914 ], [ 2.480374135152271, 48.895328349332637 ], [ 2.480374135149677, 48.895328349328231 ], [ 2.480374135161711, 48.895328349325119 ], [ 2.480435943604711, 48.895312429940056 ], [ 2.480464931216457, 48.895305181367782 ] ] ] } },
{ "type": "Feature", "properties": { "start_date": 1904, "construction_date.nb": 1, "historic.building": "yes" }, "geometry": { "type": "Polygon", "coordinates": [ [ [ 2.480514130111843, 48.895445776914237 ], [ 2.480558740451163, 48.895526818247845 ], [ 2.480447574782634, 48.895554664252494 ], [ 2.480403239116639, 48.895473444170477 ], [ 2.480514130111843, 48.895445776914237 ] ] ] } },
{ "type": "Feature", "properties": { "start_date": 1890, "construction_date.nb": 1, "historic.building": "yes" }, "geometry": { "type": "Polygon", "coordinates": [ [ [ 2.480575372599975, 48.895554948807138 ], [ 2.48062040309174, 48.895634912804937 ], [ 2.480495834381318, 48.895666387852629 ], [ 2.48048898535502, 48.895655656382402 ], [ 2.480500883436288, 48.895652470480165 ], [ 2.480462571088605, 48.895582697814277 ], [ 2.480575372599975, 48.895554948807138 ] ] ] } },
{ "type": "Feature", "properties": { "start_date": 1900, "construction_date.nb": 1, "historic.building": "yes" }, "geometry": { "type": "Polygon", "coordinates": [ [ [ 2.480455672517608, 48.896002539577722 ], [ 2.4804512, 48.895995 ], [ 2.48045123386597, 48.895994991564869 ], [ 2.480455672517608, 48.896002539577722 ] ] ] } },
{ "type": "Feature", "properties": { "start_date": 1900, "construction_date.nb": 3, "historic.building": "yes" }, "geometry": { "type": "MultiPolygon", "coordinates": [ [ [ [ 2.48067374532235, 48.895729391646285 ], [ 2.480673745332825, 48.895729391643634 ], [ 2.480673745341976, 48.895729391660787 ], [ 2.480573379043303, 48.895754766522742 ], [ 2.48057337903867, 48.895754766514564 ], [ 2.48067374532235, 48.895729391646285 ] ] ], [ [ [ 2.480657412279163, 48.89583534930005 ], [ 2.48061275840842, 48.895758624481083 ], [ 2.480707106598782, 48.895734932164203 ], [ 2.480750802235466, 48.89581201249166 ], [ 2.480657412279163, 48.89583534930005 ] ] ], [ [ [ 2.480759964531974, 48.895823293575042 ], [ 2.480759964518891, 48.895823293578317 ], [ 2.480721851095158, 48.895832861975251 ], [ 2.480759964530399, 48.895823293572164 ], [ 2.480759964531974, 48.895823293575042 ] ] ] ] } },
{ "type": "Feature", "properties": { "start_date": 1930, "construction_date.nb": 1, "historic.building": "yes" }, "geometry": { "type": "Polygon", "coordinates": [ [ [ 2.4807615, 48.896050799999976 ], [ 2.480657, 48.896078 ], [ 2.4806152, 48.8960095 ], [ 2.4807203, 48.895981800000037 ], [ 2.4807615, 48.896050799999976 ] ] ] } },
{ "type": "Feature", "properties": { "start_date": 1900, "construction_date.nb": 3, "historic.building": "yes" }, "geometry": { "type": "Polygon", "coordinates": [ [ [ 2.481109353877629, 48.895840269766097 ], [ 2.481085309374645, 48.895872230808649 ], [ 2.481050586062904, 48.895881479511061 ], [ 2.481050586049667, 48.895881479514422 ], [ 2.481024038325751, 48.895835499767877 ], [ 2.481024038313875, 48.895835499747655 ], [ 2.481024038329112, 48.895835499743875 ], [ 2.481109963263186, 48.895814393003647 ], [ 2.481109353877629, 48.895840269766097 ] ] ] } },
{ "type": "Feature", "properties": { "start_date": 1898, "construction_date.nb": 3, "historic.building": "yes" }, "geometry": { "type": "MultiPolygon", "coordinates": [ [ [ [ 2.480950999553166, 48.895705502925829 ], [ 2.481039819486339, 48.89568382930544 ], [ 2.480950999560977, 48.89570550293967 ], [ 2.480950999553166, 48.895705502925829 ] ] ], [ [ [ 2.480993636676716, 48.895779341075745 ], [ 2.480961598451468, 48.895723175313904 ], [ 2.481054980054633, 48.895700647644439 ], [ 2.481087154731958, 48.8957568139733 ], [ 2.480993636676716, 48.895779341075745 ] ] ], [ [ [ 2.480993636676716, 48.895779341075745 ], [ 2.480993636680975, 48.895779341083305 ], [ 2.480993293894085, 48.895779436193415 ], [ 2.480993636676716, 48.895779341075745 ] ] ] ] } },
{ "type": "Feature", "properties": { "start_date": 1885, "construction_date.nb": 2, "historic.building": "yes" }, "geometry": { "type": "MultiPolygon", "coordinates": [ [ [ [ 2.481027481617048, 48.895599536134419 ], [ 2.481027481631189, 48.895599536130888 ], [ 2.481027481639015, 48.895599536143465 ], [ 2.481011084891178, 48.895603689678673 ], [ 2.481027481617048, 48.895599536134419 ] ] ], [ [ [ 2.480907575550348, 48.895628513771783 ], [ 2.480907575549466, 48.895628513770212 ], [ 2.480923147742524, 48.895624801972311 ], [ 2.481000954270191, 48.8956062559201 ], [ 2.481043700052492, 48.895682882376676 ], [ 2.481039819486339, 48.89568382930544 ], [ 2.480950999553166, 48.895705502925829 ], [ 2.480907575550348, 48.895628513771783 ] ] ] ] } },
{ "type": "Feature", "properties": { "start_date": 1900, "construction_date.nb": 3, "historic.building": "yes" }, "geometry": { "type": "MultiPolygon", "coordinates": [ [ [ [ 2.48095565015774, 48.895529059527334 ], [ 2.480963142805237, 48.895527222685615 ], [ 2.48096314280636, 48.895527222685345 ], [ 2.480963142820606, 48.895527222709681 ], [ 2.48095565015774, 48.895529059527334 ] ] ], [ [ [ 2.480862925980542, 48.895551339418041 ], [ 2.480875231346865, 48.895548335111243 ], [ 2.480949700368098, 48.895530487859936 ], [ 2.480955212598582, 48.895529166796024 ], [ 2.480964846935786, 48.895547824235869 ], [ 2.480973180928406, 48.895546421463457 ], [ 2.480999041156819, 48.895592937859199 ], [ 2.48102063520121, 48.895588534898792 ], [ 2.481027481631189, 48.895599536130888 ], [ 2.481027481617048, 48.895599536134419 ], [ 2.481011084891178, 48.895603689678673 ], [ 2.481000954265828, 48.895606255912263 ], [ 2.481000954270191, 48.8956062559201 ], [ 2.480923147742524, 48.895624801972311 ], [ 2.480907575549466, 48.895628513770212 ], [ 2.48087420319344, 48.895569374494798 ], [ 2.480885008312177, 48.895566363682256 ], [ 2.480875231358127, 48.895548335129824 ], [ 2.480862925970978, 48.895551339437979 ], [ 2.480862925962584, 48.895551339422298 ], [ 2.480862925980542, 48.895551339418041 ] ] ] ] } },
{ "type": "Feature", "properties": { "start_date": 1914, "construction_date.nb": 2, "historic.building": "yes" }, "geometry": { "type": "Polygon", "coordinates": [ [ [ 2.480862925980542, 48.895551339418041 ], [ 2.480862925962584, 48.895551339422298 ], [ 2.48083494107955, 48.895499058195711 ], [ 2.480933236771236, 48.895476102274024 ], [ 2.48096314280636, 48.895527222685345 ], [ 2.480963142805237, 48.895527222685615 ], [ 2.48095565015774, 48.895529059527334 ], [ 2.480955212597857, 48.895529166794617 ], [ 2.480955212598582, 48.895529166796024 ], [ 2.480949700368098, 48.895530487859936 ], [ 2.480875231346865, 48.895548335111243 ], [ 2.480862925980542, 48.895551339418041 ] ] ] } },
{ "type": "Feature", "properties": { "start_date": 1990, "construction_date.nb": 2, "historic.building": "yes" }, "geometry": { "type": "MultiPolygon", "coordinates": [ [ [ [ 2.480783335941232, 48.895408184160871 ], [ 2.480866555398004, 48.895387884274278 ], [ 2.480783335947369, 48.895408184172055 ], [ 2.480783335941232, 48.895408184160871 ] ] ], [ [ [ 2.480788592261584, 48.895414502129036 ], [ 2.480919157620288, 48.895383412462863 ], [ 2.480931611207769, 48.895406578672834 ], [ 2.480898794931501, 48.895414800003849 ], [ 2.480913908079449, 48.895444812474011 ], [ 2.480816973704134, 48.895468044097939 ], [ 2.480788592261584, 48.895414502129036 ] ] ] ] } },
{ "type": "Feature", "properties": { "start_date": 1906, "construction_date.nb": 2, "historic.building": "yes" }, "geometry": { "type": "MultiPolygon", "coordinates": [ [ [ [ 2.480783335941232, 48.895408184160871 ], [ 2.480866555398004, 48.895387884274278 ], [ 2.480783335947369, 48.895408184172055 ], [ 2.480783335941232, 48.895408184160871 ] ] ], [ [ [ 2.480788592261584, 48.895414502129036 ], [ 2.480919157620288, 48.895383412462863 ], [ 2.480931611207769, 48.895406578672834 ], [ 2.480898794931501, 48.895414800003849 ], [ 2.480913908079449, 48.895444812474011 ], [ 2.480816973704134, 48.895468044097939 ], [ 2.480788592261584, 48.895414502129036 ] ] ] ] } },
{ "type": "Feature", "properties": { "start_date": 1905, "construction_date.nb": 1, "historic.building": "yes" }, "geometry": { "type": "Polygon", "coordinates": [ [ [ 2.480783335941232, 48.895408184160871 ], [ 2.480751989070901, 48.895351122001266 ], [ 2.480796967133935, 48.895340615250596 ], [ 2.480803550524084, 48.895350626125335 ], [ 2.480856457878016, 48.895338265154713 ], [ 2.480867455097963, 48.895357018465539 ], [ 2.480879754110319, 48.895354643642449 ], [ 2.480894904043749, 48.895380969111883 ], [ 2.480866555398004, 48.895387884274278 ], [ 2.480783335941232, 48.895408184160871 ] ] ] } },
{ "type": "Feature", "properties": { "start_date": 1928, "construction_date.nb": 1, "historic.building": "yes" }, "geometry": { "type": "Polygon", "coordinates": [ [ [ 2.480814841326125, 48.895244196913737 ], [ 2.480853316317387, 48.895311362223175 ], [ 2.480743393049751, 48.89533777496419 ], [ 2.480727589085932, 48.895308658768585 ], [ 2.480729096525667, 48.895307945875778 ], [ 2.48070874691332, 48.895269637012525 ], [ 2.480814841326125, 48.895244196913737 ] ] ] } },
{ "type": "Feature", "properties": { "start_date": 1934, "construction_date.nb": 1, "historic.building": "yes" }, "geometry": { "type": "Polygon", "coordinates": [ [ [ 2.480809972592948, 48.895226369494964 ], [ 2.480813843523322, 48.895234839767703 ], [ 2.480700648937255, 48.89526105845674 ], [ 2.480662737679915, 48.895192096914158 ], [ 2.480785650594837, 48.895162413096102 ], [ 2.480802006331119, 48.895190902166625 ], [ 2.480777680206185, 48.895195742925075 ], [ 2.480795620611894, 48.895229454839686 ], [ 2.480809972592948, 48.895226369494964 ] ] ] } },
{ "type": "Feature", "properties": { "start_date": 1932, "construction_date.nb": 2, "historic.building": "yes" }, "geometry": { "type": "MultiPolygon", "coordinates": [ [ [ [ 2.480691020416419, 48.89506406804027 ], [ 2.480691020416841, 48.895064068040242 ], [ 2.480601326775654, 48.895086161781812 ], [ 2.480601326771364, 48.895086161774302 ], [ 2.480691020416419, 48.89506406804027 ] ] ], [ [ [ 2.480650280499241, 48.895087273421566 ], [ 2.48072520586619, 48.895068982637952 ], [ 2.480768640747734, 48.895144802850439 ], [ 2.480649690263825, 48.895173784371948 ], [ 2.480636538788223, 48.895152233859058 ], [ 2.480637667582224, 48.895148461639202 ], [ 2.480614877494226, 48.895108703276819 ], [ 2.48065494994331, 48.895097725654324 ], [ 2.480650280499241, 48.895087273421566 ] ] ] ] } },
{ "type": "Feature", "properties": { "start_date": 1900, "construction_date.nb": 1, "historic.building": "yes" }, "geometry": { "type": "Polygon", "coordinates": [ [ [ 2.480601326771364, 48.895086161774302 ], [ 2.480552263533542, 48.89500033475408 ], [ 2.480641537143908, 48.894979318421406 ], [ 2.480691020419546, 48.895064068039595 ], [ 2.480691020416841, 48.895064068040242 ], [ 2.480691020416419, 48.89506406804027 ], [ 2.480601326771364, 48.895086161774302 ] ] ] } },
{ "type": "Feature", "properties": { "start_date": 1933, "construction_date.nb": 2, "historic.building": "yes" }, "geometry": { "type": "MultiPolygon", "coordinates": [ [ [ [ 2.480550621391469, 48.894864172237128 ], [ 2.48055062141152, 48.894864172232509 ], [ 2.480550621413313, 48.894864172237952 ], [ 2.480480891465178, 48.894881226426179 ], [ 2.480480891464758, 48.894881226425134 ], [ 2.480480891474576, 48.894881226422768 ], [ 2.480550621391469, 48.894864172237128 ] ] ], [ [ [ 2.480505375446628, 48.894915236598351 ], [ 2.480600401332693, 48.894891817075354 ], [ 2.480636462996713, 48.894954745281979 ], [ 2.480540204997516, 48.894978609101607 ], [ 2.480505375446628, 48.894915236598351 ] ] ] ] } },
{ "type": "Feature", "properties": { "start_date": 1927, "construction_date.nb": 2, "historic.building": "yes" }, "geometry": { "type": "Polygon", "coordinates": [ [ [ 2.48051800700709, 48.894765066710931 ], [ 2.480529439414176, 48.8947999596109 ], [ 2.480529439421704, 48.894799959633708 ], [ 2.480529439404559, 48.894799959636224 ], [ 2.480539066768372, 48.894829144711217 ], [ 2.480550621391469, 48.894864172237128 ], [ 2.480480891474576, 48.894881226422768 ], [ 2.480480891464758, 48.894881226425134 ], [ 2.480468653586463, 48.894850147162231 ], [ 2.480482178228, 48.89484795756232 ], [ 2.480470974863985, 48.894808878939045 ], [ 2.480457326432649, 48.894809808973221 ], [ 2.480446776310302, 48.894776446848311 ], [ 2.48051800700709, 48.894765066710931 ] ] ] } },
{ "type": "Feature", "properties": { "start_date": 1890, "construction_date.nb": 1, "historic.building": "yes" }, "geometry": { "type": "Polygon", "coordinates": [ [ [ 2.480963739848751, 48.89470968999786 ], [ 2.480977297811708, 48.89475037107028 ], [ 2.480869407159425, 48.894764562163594 ], [ 2.48085673172295, 48.894722665341497 ], [ 2.480963739848751, 48.89470968999786 ] ] ] } },
{ "type": "Feature", "properties": { "start_date": 1897, "construction_date.nb": 2, "historic.building": "yes" }, "geometry": { "type": "MultiPolygon", "coordinates": [ [ [ [ 2.481084943074037, 48.894702184205556 ], [ 2.481098891642808, 48.894743433736451 ], [ 2.481098891648699, 48.894743433752929 ], [ 2.480997141081708, 48.894757381751155 ], [ 2.480979854382033, 48.894707736009927 ], [ 2.481022693551781, 48.894702541481017 ], [ 2.481084943074037, 48.894702184205556 ] ] ], [ [ [ 2.480963739866652, 48.894709689995693 ], [ 2.480977297844148, 48.89475037106601 ], [ 2.480977297811708, 48.89475037107028 ], [ 2.480963739848751, 48.89470968999786 ], [ 2.480963739866652, 48.894709689995693 ] ] ] ] } },
{ "type": "Feature", "properties": { "start_date": 1910, "construction_date.nb": 3, "historic.building": "yes" }, "geometry": { "type": "Polygon", "coordinates": [ [ [ 2.481135302067862, 48.894738390010858 ], [ 2.481128119374294, 48.894739423576603 ], [ 2.481134484834498, 48.894757617206849 ], [ 2.481105526315739, 48.89476198827974 ], [ 2.481098891672854, 48.894743433749625 ], [ 2.481098891648699, 48.894743433752929 ], [ 2.481098891642808, 48.894743433736451 ], [ 2.481084943074037, 48.894702184205556 ], [ 2.481136161582736, 48.89470189021646 ], [ 2.481135302067862, 48.894738390010858 ] ] ] } },
{ "type": "Feature", "properties": { "start_date": 1910, "construction_date.nb": 1, "historic.building": "yes" }, "geometry": { "type": "Polygon", "coordinates": [ [ [ 2.479874747342314, 48.896111907260341 ], [ 2.47983870915994, 48.896046640845263 ], [ 2.479951934684954, 48.896017545331212 ], [ 2.479987966651919, 48.896083441238737 ], [ 2.479956657223544, 48.896090949388388 ], [ 2.479956657220134, 48.896090949381389 ], [ 2.479874747342314, 48.896111907260341 ] ] ] } },
{ "type": "Feature", "properties": { "start_date": 1913, "construction_date.nb": 1, "historic.building": "yes" }, "geometry": { "type": "Polygon", "coordinates": [ [ [ 2.48057337903867, 48.895754766514564 ], [ 2.480535579786274, 48.895688233594711 ], [ 2.480637728899548, 48.895661877250262 ], [ 2.480673745332825, 48.895729391643634 ], [ 2.48067374532235, 48.895729391646285 ], [ 2.48057337903867, 48.895754766514564 ] ] ] } },
{ "type": "Feature", "properties": { "start_date": 1926, "construction_date.nb": 2, "historic.building": "yes" }, "geometry": { "type": "MultiPolygon", "coordinates": [ [ [ [ 2.480587499931101, 48.894755310759251 ], [ 2.480598691009045, 48.894789827995126 ], [ 2.480529439421704, 48.894799959633708 ], [ 2.480529439414176, 48.8947999596109 ], [ 2.48051800700709, 48.894765066710931 ], [ 2.480552534982227, 48.894759550348248 ], [ 2.480587499931101, 48.894755310759251 ] ] ], [ [ [ 2.480550621391469, 48.894864172237128 ], [ 2.480539066768372, 48.894829144711217 ], [ 2.48055062141152, 48.894864172232509 ], [ 2.480550621391469, 48.894864172237128 ] ] ] ] } },
{ "type": "Feature", "properties": { "start_date": 1910, "construction_date.nb": 1, "historic.building": "yes" }, "geometry": { "type": "Polygon", "coordinates": [ [ [ 2.480759964531974, 48.895823293575042 ], [ 2.480798143726274, 48.895892795800627 ], [ 2.480707495778752, 48.895914705608511 ], [ 2.480668761254466, 48.895846190188578 ], [ 2.480721851095158, 48.895832861975251 ], [ 2.480759964518891, 48.895823293578317 ], [ 2.480759964531974, 48.895823293575042 ] ] ] } },
{ "type": "Feature", "properties": { "start_date": 1932, "construction_date.nb": 1, "historic.building": "yes" }, "geometry": { "type": "Polygon", "coordinates": [ [ [ 2.480290084547264, 48.895003693790166 ], [ 2.480327877608238, 48.895070766411671 ], [ 2.480234907809993, 48.895093115444951 ], [ 2.480198196936556, 48.895026946821922 ], [ 2.480290084547264, 48.895003693790166 ] ] ] } },
{ "type": "Feature", "properties": { "start_date": 1897, "construction_date.nb": 1, "historic.building": "yes" }, "geometry": { "type": "Polygon", "coordinates": [ [ [ 2.48045123386597, 48.895994991564869 ], [ 2.4805592, 48.8959681 ], [ 2.4806, 48.896037400000012 ], [ 2.480563, 48.896045799999989 ], [ 2.4805668, 48.89605449999997 ], [ 2.480497043951126, 48.89607228164629 ], [ 2.480455672517608, 48.896002539577722 ], [ 2.48045123386597, 48.895994991564869 ] ] ] } },
{ "type": "Feature", "properties": { "start_date": 1910, "construction_date.nb": 1, "historic.building": "yes" }, "geometry": { "type": "Polygon", "coordinates": [ [ [ 2.480816310556874, 48.894727566610179 ], [ 2.480831534215755, 48.894773840720134 ], [ 2.48078795820165, 48.894780576483612 ], [ 2.480792849305757, 48.894796155734767 ], [ 2.480750102310676, 48.894801815917283 ], [ 2.480744795800601, 48.894786864376975 ], [ 2.480713788737885, 48.894791496254435 ], [ 2.480711423515487, 48.894796162410209 ], [ 2.480686015478986, 48.89480009912976 ], [ 2.480666075442926, 48.894745783237383 ], [ 2.480816310556874, 48.894727566610179 ] ] ] } },
{ "type": "Feature", "properties": { "start_date": 1910, "construction_date.nb": 1, "historic.building": "yes" }, "geometry": { "type": "Polygon", "coordinates": [ [ [ 2.479410559094088, 48.89617170097813 ], [ 2.479566519136021, 48.896150407546315 ], [ 2.479533031379981, 48.896089288927989 ], [ 2.479629290943612, 48.896065515853721 ], [ 2.479668955666803, 48.896136373794882 ], [ 2.479663620271563, 48.896137969370741 ], [ 2.479676240212726, 48.896171748258737 ], [ 2.479660357759074, 48.896191464037834 ], [ 2.479669626338556, 48.896219382858348 ], [ 2.479431812001337, 48.896252680302148 ], [ 2.479410559094088, 48.89617170097813 ] ] ] } },
{ "type": "Feature", "properties": { "start_date": 2001, "construction_date.nb": 1, "historic.building": "yes" }, "geometry": { "type": "Polygon", "coordinates": [ [ [ 2.479410559094088, 48.89617170097813 ], [ 2.479566519136021, 48.896150407546315 ], [ 2.479533031379981, 48.896089288927989 ], [ 2.479629290943612, 48.896065515853721 ], [ 2.479668955666803, 48.896136373794882 ], [ 2.479663620271563, 48.896137969370741 ], [ 2.479676240212726, 48.896171748258737 ], [ 2.479660357759074, 48.896191464037834 ], [ 2.479669626338556, 48.896219382858348 ], [ 2.479431812001337, 48.896252680302148 ], [ 2.479410559094088, 48.89617170097813 ] ] ] } },
{ "type": "Feature", "properties": { "start_date": 1898, "construction_date.nb": 2, "historic.building": "yes" }, "geometry": { "type": "Polygon", "coordinates": [ [ [ 2.479375228324436, 48.896037080602042 ], [ 2.479379164269542, 48.896036100519204 ], [ 2.479379164259834, 48.896036100501533 ], [ 2.479529710381456, 48.895998534278689 ], [ 2.479529710389841, 48.895998534276607 ], [ 2.479529710397062, 48.895998534289077 ], [ 2.479560550309414, 48.896051637568753 ], [ 2.479469617091804, 48.896074714310522 ], [ 2.479456493697948, 48.896050375938664 ], [ 2.479383517913631, 48.896068666382945 ], [ 2.479375228324436, 48.896037080602042 ] ] ] } },
{ "type": "Feature", "properties": { "start_date": 1929, "construction_date.nb": 1, "historic.building": "yes" }, "geometry": { "type": "Polygon", "coordinates": [ [ [ 2.479367163754863, 48.896006352173423 ], [ 2.479422433644624, 48.895991952713615 ], [ 2.479409290563232, 48.895969592738318 ], [ 2.479498584278446, 48.895946778696619 ], [ 2.479505040120371, 48.895955889788986 ], [ 2.479529710389841, 48.895998534276607 ], [ 2.479529710381456, 48.895998534278689 ], [ 2.479379164259834, 48.896036100501533 ], [ 2.479371139819035, 48.896021502175124 ], [ 2.479367163754863, 48.896006352173423 ] ] ] } },
{ "type": "Feature", "properties": { "start_date": 1875, "construction_date.nb": 2, "historic.building": "yes" }, "geometry": { "type": "Polygon", "coordinates": [ [ [ 2.479338703244345, 48.895897908786701 ], [ 2.479364108138886, 48.895891336341286 ], [ 2.479452987193103, 48.895869060132092 ], [ 2.479452987195399, 48.895869060136057 ], [ 2.479483426794787, 48.895921262407853 ], [ 2.479394815948223, 48.895943989457159 ], [ 2.479364108137961, 48.895891336350168 ], [ 2.479338703245511, 48.895897908791142 ], [ 2.479338703244345, 48.895897908786701 ] ] ] } },
{ "type": "Feature", "properties": { "start_date": 1895, "construction_date.nb": 1, "historic.building": "yes" }, "geometry": { "type": "Polygon", "coordinates": [ [ [ 2.479333966976227, 48.89587986208744 ], [ 2.479354456375842, 48.895874477331759 ], [ 2.479334215140627, 48.89583904650673 ], [ 2.479423221547483, 48.89581767016238 ], [ 2.479452987193103, 48.895869060132092 ], [ 2.479364108138886, 48.895891336341286 ], [ 2.479338703244345, 48.895897908786701 ], [ 2.479333966976227, 48.89587986208744 ] ] ] } },
{ "type": "Feature", "properties": { "start_date": 1893, "construction_date.nb": 2, "historic.building": "yes" }, "geometry": { "type": "Polygon", "coordinates": [ [ [ 2.479303861662912, 48.895765150887328 ], [ 2.479382205216506, 48.895745637113087 ], [ 2.47938220522153, 48.89574563711183 ], [ 2.479382205232146, 48.895745637130311 ], [ 2.479412773859973, 48.895798559416441 ], [ 2.479323207578438, 48.89582137221128 ], [ 2.479314688025608, 48.895806402971196 ], [ 2.479303861662912, 48.895765150887328 ] ] ] } },
{ "type": "Feature", "properties": { "start_date": 1897, "construction_date.nb": 1, "historic.building": "yes" }, "geometry": { "type": "Polygon", "coordinates": [ [ [ 2.479290310119767, 48.89571351485182 ], [ 2.479354588602753, 48.895697583907669 ], [ 2.47938220522153, 48.89574563711183 ], [ 2.479382205216506, 48.895745637113087 ], [ 2.479303861662912, 48.895765150887328 ], [ 2.479290310119767, 48.89571351485182 ] ] ] } },
{ "type": "Feature", "properties": { "start_date": 1920, "construction_date.nb": 2, "historic.building": "yes" }, "geometry": { "type": "Polygon", "coordinates": [ [ [ 2.479271709896913, 48.895634861945076 ], [ 2.479312354003175, 48.895624646217875 ], [ 2.479312354028044, 48.895624646211665 ], [ 2.479312354031277, 48.895624646217314 ], [ 2.479342113164401, 48.895676665713609 ], [ 2.479284448445454, 48.895691179825157 ], [ 2.479276686199323, 48.895661602924797 ], [ 2.479271709896913, 48.895634861945076 ] ] ] } },
{ "type": "Feature", "properties": { "start_date": 1900, "construction_date.nb": 2, "historic.building": "yes" }, "geometry": { "type": "MultiPolygon", "coordinates": [ [ [ [ 2.479267737631556, 48.895562500750565 ], [ 2.479273709340412, 48.895560986997907 ], [ 2.479273709341415, 48.895560986997651 ], [ 2.479273709353727, 48.89556098701923 ], [ 2.479267737630023, 48.895562500775227 ], [ 2.479267737631556, 48.895562500750565 ] ] ], [ [ [ 2.479266864279937, 48.895576543099246 ], [ 2.479281500234372, 48.895572981682925 ], [ 2.479273709353727, 48.89556098701923 ], [ 2.479344813433431, 48.895543040189359 ], [ 2.479358483049046, 48.895567291018843 ], [ 2.479358483063066, 48.895567291042816 ], [ 2.47930105548566, 48.895581520233819 ], [ 2.479287689505931, 48.895581462118123 ], [ 2.479312354028044, 48.895624646211665 ], [ 2.479312354003175, 48.895624646217875 ], [ 2.479271709896913, 48.895634861945076 ], [ 2.479265359545126, 48.895600737243093 ], [ 2.479266864279937, 48.895576543099246 ] ] ] ] } },
{ "type": "Feature", "properties": { "start_date": 1890, "construction_date.nb": 2, "historic.building": "yes" }, "geometry": { "type": "Polygon", "coordinates": [ [ [ 2.479268409402888, 48.895551699543176 ], [ 2.479273709341415, 48.895560986997651 ], [ 2.479273709340412, 48.895560986997907 ], [ 2.479267737631556, 48.895562500750565 ], [ 2.479268409402888, 48.895551699543176 ] ] ] } }
]
}
