{
"type": "FeatureCollection",
"name": "4_bat",
"crs": { "type": "name", "properties": { "name": "urn:ogc:def:crs:OGC:1.3:CRS84" } },
"features": [
{ "type": "Feature", "properties": { "start_date": 1895, "construction_date.nb": 1, "historic.building": "yes" }, "geometry": { "type": "Polygon", "coordinates": [ [ [ 2.474168370639653, 48.901813137029436 ], [ 2.474158232394121, 48.901790163874054 ], [ 2.474169444753703, 48.901787515194975 ], [ 2.474163060883872, 48.901771299703405 ], [ 2.474166223598361, 48.90176879554857 ], [ 2.474201482049058, 48.901762385389723 ], [ 2.474210165746905, 48.901780499539854 ], [ 2.474260737788665, 48.901770559393171 ], [ 2.474246734138437, 48.90173893236863 ], [ 2.474248412798854, 48.901734802912905 ], [ 2.474274650411713, 48.901730151783269 ], [ 2.47428324875996, 48.90175085842229 ], [ 2.47428916605109, 48.90176510850123 ], [ 2.474290299507538, 48.901767780780119 ], [ 2.474291341924848, 48.901770238423644 ], [ 2.474237908379675, 48.901804058943156 ], [ 2.474168370639653, 48.901813137029436 ] ] ] } },
{ "type": "Feature", "properties": { "start_date": 1895, "construction_date.nb": 1, "historic.building": "yes" }, "geometry": { "type": "MultiPolygon", "coordinates": [ [ [ [ 2.47428324875996, 48.90175085842229 ], [ 2.474274650411713, 48.901730151783269 ], [ 2.474274650412828, 48.901730151783084 ], [ 2.47428324875996, 48.90175085842229 ] ] ], [ [ [ 2.474291341924848, 48.901770238423644 ], [ 2.474290299507538, 48.901767780780119 ], [ 2.474291341925539, 48.901770238423218 ], [ 2.474291341924848, 48.901770238423644 ] ] ] ] } },
{ "type": "Feature", "properties": { "start_date": 1900, "construction_date.nb": 1, "historic.building": "yes" }, "geometry": { "type": "Polygon", "coordinates": [ [ [ 2.474668730930344, 48.901531369762097 ], [ 2.474645760583927, 48.901479345512705 ], [ 2.474702229342644, 48.901466283492375 ], [ 2.474716687923333, 48.901500003365697 ], [ 2.474692938160362, 48.901516047657275 ], [ 2.474668730930344, 48.901531369762097 ] ] ] } },
{ "type": "Feature", "properties": { "start_date": 1900, "construction_date.nb": 2, "historic.building": "yes" }, "geometry": { "type": "Polygon", "coordinates": [ [ [ 2.474535142060991, 48.901316266036766 ], [ 2.474528105286165, 48.9013053418536 ], [ 2.474493373563724, 48.901251422802133 ], [ 2.474493373568195, 48.901251422800968 ], [ 2.474489636926683, 48.901243222737506 ], [ 2.47461889387396, 48.901208447137698 ], [ 2.474664391007208, 48.901282299755117 ], [ 2.474657964645752, 48.901283800368532 ], [ 2.474668951813974, 48.901303453397432 ], [ 2.474605084850137, 48.901319720450864 ], [ 2.474592723662191, 48.90130105062903 ], [ 2.474535410349224, 48.901316716884509 ], [ 2.474535410340529, 48.901316716886875 ], [ 2.474535410327556, 48.901316716865885 ], [ 2.474535142073826, 48.901316266058338 ], [ 2.474535142060991, 48.901316266036766 ] ] ] } },
{ "type": "Feature", "properties": { "start_date": 1895, "construction_date.nb": 2, "historic.building": "yes" }, "geometry": { "type": "Polygon", "coordinates": [ [ [ 2.474535410327556, 48.901316716865885 ], [ 2.474535410340529, 48.901316716886875 ], [ 2.474505454635644, 48.901324859040251 ], [ 2.474523678611345, 48.901357313972071 ], [ 2.474490030967121, 48.901366339216459 ], [ 2.474479564965214, 48.901349116584441 ], [ 2.474470033811993, 48.90133387653367 ], [ 2.47443803116152, 48.901342099640573 ], [ 2.474402714590705, 48.901287573572084 ], [ 2.474395856241618, 48.901276984784793 ], [ 2.474395856239429, 48.90127698478139 ], [ 2.474493373563724, 48.901251422802133 ], [ 2.474528105286165, 48.9013053418536 ], [ 2.474535142060991, 48.901316266036766 ], [ 2.474535142073826, 48.901316266058338 ], [ 2.474535410327556, 48.901316716865885 ] ] ] } },
{ "type": "Feature", "properties": { "start_date": 1900, "construction_date.nb": 1, "historic.building": "yes" }, "geometry": { "type": "Polygon", "coordinates": [ [ [ 2.474402714590705, 48.901287573572084 ], [ 2.474395856234354, 48.901276984782733 ], [ 2.474395856239429, 48.90127698478139 ], [ 2.474395856241618, 48.901276984784793 ], [ 2.474402714590705, 48.901287573572084 ] ] ] } },
{ "type": "Feature", "properties": { "start_date": 2002, "construction_date.nb": 1, "historic.building": "yes" }, "geometry": { "type": "Polygon", "coordinates": [ [ [ 2.474402714590705, 48.901287573572084 ], [ 2.474395856234354, 48.901276984782733 ], [ 2.474395856239429, 48.90127698478139 ], [ 2.474395856241618, 48.901276984784793 ], [ 2.474402714590705, 48.901287573572084 ] ] ] } },
{ "type": "Feature", "properties": { "start_date": 1900, "construction_date.nb": 1, "historic.building": "yes" }, "geometry": { "type": "Polygon", "coordinates": [ [ [ 2.473663467101543, 48.9014670290167 ], [ 2.473744165777695, 48.901445530527518 ], [ 2.473760262328363, 48.901472490464819 ], [ 2.473771468276853, 48.901470471270173 ], [ 2.473776700717219, 48.901479127606301 ], [ 2.473766574146891, 48.901482320580286 ], [ 2.473782552520794, 48.90150748137907 ], [ 2.473702807674189, 48.901529074033682 ], [ 2.473702807661069, 48.901529074012679 ], [ 2.473663467101543, 48.9014670290167 ] ] ] } },
{ "type": "Feature", "properties": { "start_date": 1889, "construction_date.nb": 2, "historic.building": "yes" }, "geometry": { "type": "Polygon", "coordinates": [ [ [ 2.473702807661069, 48.901529074012679 ], [ 2.473702807674189, 48.901529074033682 ], [ 2.473702807668125, 48.901529074035338 ], [ 2.473627859625071, 48.901548439424865 ], [ 2.473589201133338, 48.901486397381419 ], [ 2.473663467097021, 48.901467029017901 ], [ 2.473663467101543, 48.9014670290167 ], [ 2.473702807661069, 48.901529074012679 ] ] ] } },
{ "type": "Feature", "properties": { "start_date": 1988, "construction_date.nb": 1, "historic.building": "yes" }, "geometry": { "type": "Polygon", "coordinates": [ [ [ 2.473409923882256, 48.901247247575299 ], [ 2.473434529942552, 48.901242005996366 ], [ 2.473434529948792, 48.901242006007791 ], [ 2.473434529935121, 48.901242006010726 ], [ 2.473409923887659, 48.901247247584131 ], [ 2.473409923882256, 48.901247247575299 ] ] ] } },
{ "type": "Feature", "properties": { "start_date": 1932, "construction_date.nb": 1, "historic.building": "yes" }, "geometry": { "type": "Polygon", "coordinates": [ [ [ 2.473453157628318, 48.901238026499122 ], [ 2.473434529948792, 48.901242006007791 ], [ 2.473434529942552, 48.901242005996366 ], [ 2.473453157628318, 48.901238026499122 ] ] ] } },
{ "type": "Feature", "properties": { "start_date": 1925, "construction_date.nb": 1, "historic.building": "yes" }, "geometry": { "type": "Polygon", "coordinates": [ [ [ 2.473374959516916, 48.901188337467318 ], [ 2.473429326838684, 48.901176513779816 ], [ 2.473458453106514, 48.901236895203425 ], [ 2.473453157628318, 48.901238026499122 ], [ 2.473434529942552, 48.901242005996366 ], [ 2.473409923882256, 48.901247247575299 ], [ 2.473391972919957, 48.901217897046941 ], [ 2.473374959516916, 48.901188337467318 ] ] ] } },
{ "type": "Feature", "properties": { "start_date": 1905, "construction_date.nb": 2, "historic.building": "yes" }, "geometry": { "type": "Polygon", "coordinates": [ [ [ 2.473317272756894, 48.901088110539348 ], [ 2.473346255609171, 48.901081991317803 ], [ 2.473346255614933, 48.901081991328994 ], [ 2.473378246451575, 48.901074937565404 ], [ 2.473400698046702, 48.901120900801665 ], [ 2.473415327629518, 48.901117547756613 ], [ 2.473419182330832, 48.901127546990267 ], [ 2.473405099276138, 48.901130812489107 ], [ 2.473415670381802, 48.901151093319065 ], [ 2.47336029798586, 48.901162864068198 ], [ 2.473317272756894, 48.901088110539348 ] ] ] } },
{ "type": "Feature", "properties": { "start_date": 1920, "construction_date.nb": 2, "historic.building": "yes" }, "geometry": { "type": "MultiPolygon", "coordinates": [ [ [ [ 2.473276477074489, 48.901009736090835 ], [ 2.473342352212152, 48.90099591069702 ], [ 2.473342352215372, 48.900995910696338 ], [ 2.473342352223629, 48.900995910714251 ], [ 2.473276477076664, 48.901009736095446 ], [ 2.473276477074489, 48.901009736090835 ] ] ], [ [ [ 2.473281779091982, 48.901020986266147 ], [ 2.473340179717689, 48.901008401490465 ], [ 2.473353015955227, 48.901033998187593 ], [ 2.473309818356917, 48.901043161009326 ], [ 2.473325987251014, 48.901076416439331 ], [ 2.473341707104562, 48.901073158147149 ], [ 2.473346255609171, 48.901081991317803 ], [ 2.473317272756894, 48.901088110539348 ], [ 2.473295972191307, 48.901051102107374 ], [ 2.473281779091982, 48.901020986266147 ] ] ] ] } },
{ "type": "Feature", "properties": { "start_date": 1894, "construction_date.nb": 1, "historic.building": "yes" }, "geometry": { "type": "Polygon", "coordinates": [ [ [ 2.473244174338088, 48.90094119386972 ], [ 2.473310851058203, 48.900927604878781 ], [ 2.473342352215372, 48.900995910696338 ], [ 2.473342352212152, 48.90099591069702 ], [ 2.473276477074489, 48.901009736090835 ], [ 2.473244174338088, 48.90094119386972 ] ] ] } },
{ "type": "Feature", "properties": { "start_date": 1901, "construction_date.nb": 1, "historic.building": "yes" }, "geometry": { "type": "Polygon", "coordinates": [ [ [ 2.473164247322678, 48.900771598252462 ], [ 2.473199354594444, 48.900764148825331 ], [ 2.47316424732755, 48.9007715982628 ], [ 2.473164247322678, 48.900771598252462 ] ] ] } },
{ "type": "Feature", "properties": { "start_date": 1910, "construction_date.nb": 2, "historic.building": "yes" }, "geometry": { "type": "MultiPolygon", "coordinates": [ [ [ [ 2.47315971243464, 48.900682509916798 ], [ 2.473207444186616, 48.900672466969461 ], [ 2.47320744418794, 48.900672466971976 ], [ 2.47315971243464, 48.900682509916798 ] ] ], [ [ [ 2.473145778173794, 48.900699732565663 ], [ 2.47317476968243, 48.900693187123387 ], [ 2.473209265856783, 48.900762045744926 ], [ 2.473199354594444, 48.900764148825331 ], [ 2.473164247322678, 48.900771598252462 ], [ 2.473148078825511, 48.900737290478467 ], [ 2.473145778173794, 48.900699732565663 ] ] ] ] } },
{ "type": "Feature", "properties": { "start_date": 1930, "construction_date.nb": 1, "historic.building": "yes" }, "geometry": { "type": "Polygon", "coordinates": [ [ [ 2.473140355229757, 48.900611203314561 ], [ 2.473144917684305, 48.900610229831045 ], [ 2.473162431213882, 48.900645379778879 ], [ 2.473190045155834, 48.90063947588245 ], [ 2.473207444186616, 48.900672466969461 ], [ 2.47315971243464, 48.900682509916798 ], [ 2.473144913912975, 48.900685623578276 ], [ 2.473140355229757, 48.900611203314561 ] ] ] } },
{ "type": "Feature", "properties": { "start_date": 1925, "construction_date.nb": 1, "historic.building": "yes" }, "geometry": { "type": "Polygon", "coordinates": [ [ [ 2.47326676696008, 48.900202031574203 ], [ 2.473266766956398, 48.900202031575084 ], [ 2.473254939006683, 48.900180478595367 ], [ 2.47326676695954, 48.900202031573038 ], [ 2.47326676696008, 48.900202031574203 ] ] ] } },
{ "type": "Feature", "properties": { "start_date": 1930, "construction_date.nb": 1, "historic.building": "yes" }, "geometry": { "type": "Polygon", "coordinates": [ [ [ 2.473361418274271, 48.900179092710886 ], [ 2.473361525717515, 48.900179336138393 ], [ 2.47326676696008, 48.900202031574203 ], [ 2.47326676695954, 48.900202031573038 ], [ 2.473254939006683, 48.900180478595367 ], [ 2.473233818681511, 48.900141992930237 ], [ 2.473328309991827, 48.900118756749521 ], [ 2.473328309993879, 48.900118756753272 ], [ 2.473359258778195, 48.900174200125015 ], [ 2.473361418274271, 48.900179092710886 ] ] ] } },
{ "type": "Feature", "properties": { "start_date": 1907, "construction_date.nb": 1, "historic.building": "yes" }, "geometry": { "type": "Polygon", "coordinates": [ [ [ 2.473328309991827, 48.900118756749521 ], [ 2.473328310001226, 48.900118756747212 ], [ 2.473359258804134, 48.900174200132746 ], [ 2.473361418274271, 48.900179092710886 ], [ 2.473359258778195, 48.900174200125015 ], [ 2.473328309993879, 48.900118756753272 ], [ 2.473328309991827, 48.900118756749521 ] ] ] } },
{ "type": "Feature", "properties": { "start_date": 1900, "construction_date.nb": 2, "historic.building": "yes" }, "geometry": { "type": "Polygon", "coordinates": [ [ [ 2.473611872590773, 48.900107682886613 ], [ 2.473611872591317, 48.900107682887601 ], [ 2.473611872581373, 48.900107682890038 ], [ 2.473649760709033, 48.900175288656442 ], [ 2.473669621525636, 48.900210727283529 ], [ 2.473636115407606, 48.900219303294371 ], [ 2.473636115397644, 48.900219303296858 ], [ 2.473569185970812, 48.900106865760158 ], [ 2.473506977828189, 48.90012107113386 ], [ 2.473467587622727, 48.900050572289594 ], [ 2.473566593498773, 48.900026006830529 ], [ 2.473578779381524, 48.900048453069495 ], [ 2.473600775236424, 48.900087820995296 ], [ 2.473611872590773, 48.900107682886613 ] ] ] } },
{ "type": "Feature", "properties": { "start_date": 1904, "construction_date.nb": 2, "historic.building": "yes" }, "geometry": { "type": "MultiPolygon", "coordinates": [ [ [ [ 2.473578779381524, 48.900048453069495 ], [ 2.473566593498773, 48.900026006830529 ], [ 2.473566593511093, 48.900026006827481 ], [ 2.473578779407478, 48.900048453075826 ], [ 2.473684343252462, 48.900022837149784 ], [ 2.473717440218189, 48.900081707256362 ], [ 2.473611872591317, 48.900107682887601 ], [ 2.473611872590773, 48.900107682886613 ], [ 2.473600775236424, 48.900087820995296 ], [ 2.473578779381524, 48.900048453069495 ] ] ], [ [ [ 2.473669621530901, 48.900210727282328 ], [ 2.473669621525636, 48.900210727283529 ], [ 2.473649760709033, 48.900175288656442 ], [ 2.473669621530901, 48.900210727282328 ] ] ] ] } },
{ "type": "Feature", "properties": { "start_date": 1930, "construction_date.nb": 1, "historic.building": "yes" }, "geometry": { "type": "Polygon", "coordinates": [ [ [ 2.473821340727553, 48.900004733569709 ], [ 2.473850671336578, 48.900058371105082 ], [ 2.473795296020218, 48.900071347589325 ], [ 2.473807191950652, 48.900095501241175 ], [ 2.473764664471049, 48.900105926197206 ], [ 2.473716850818815, 48.900018573421946 ], [ 2.473759232769941, 48.900009047134631 ], [ 2.473764330451177, 48.900017523026172 ], [ 2.473821340727553, 48.900004733569709 ] ] ] } },
{ "type": "Feature", "properties": { "start_date": 2007, "construction_date.nb": 1, "historic.building": "yes" }, "geometry": { "type": "Polygon", "coordinates": [ [ [ 2.473960577334497, 48.900004441924956 ], [ 2.473924575366379, 48.89993962769389 ], [ 2.474055160715674, 48.899908096013874 ], [ 2.474095465465531, 48.899982645568215 ], [ 2.474061558549717, 48.899990410573722 ], [ 2.474067990320465, 48.900001860000778 ], [ 2.47405459232166, 48.900004858805445 ], [ 2.474049381787939, 48.899994044251756 ], [ 2.473965837473618, 48.900013911714026 ], [ 2.473965837464532, 48.900013911697783 ], [ 2.473960577334497, 48.900004441924956 ] ] ] } },
{ "type": "Feature", "properties": { "start_date": 1910, "construction_date.nb": 1, "historic.building": "yes" }, "geometry": { "type": "Polygon", "coordinates": [ [ [ 2.473960577334497, 48.900004441924956 ], [ 2.473924575366379, 48.89993962769389 ], [ 2.474055160715674, 48.899908096013874 ], [ 2.474095465465531, 48.899982645568215 ], [ 2.474061558549717, 48.899990410573722 ], [ 2.474067990320465, 48.900001860000778 ], [ 2.47405459232166, 48.900004858805445 ], [ 2.474049381787939, 48.899994044251756 ], [ 2.473965837473618, 48.900013911714026 ], [ 2.473965837464532, 48.900013911697783 ], [ 2.473960577334497, 48.900004441924956 ] ] ] } },
{ "type": "Feature", "properties": { "start_date": 1925, "construction_date.nb": 1, "historic.building": "yes" }, "geometry": { "type": "Polygon", "coordinates": [ [ [ 2.47427914120399, 48.900245419608027 ], [ 2.474317563331107, 48.900317352805232 ], [ 2.474261905967253, 48.900331227590556 ], [ 2.474219925727563, 48.900260447862529 ], [ 2.47427914120399, 48.900245419608027 ] ] ] } },
{ "type": "Feature", "properties": { "start_date": 1956, "construction_date.nb": 1, "historic.building": "yes" }, "geometry": { "type": "Polygon", "coordinates": [ [ [ 2.473746148313416, 48.90027788195313 ], [ 2.473746148315395, 48.900277881952633 ], [ 2.47379438330701, 48.90036406747334 ], [ 2.4737943832841, 48.900364067478833 ], [ 2.473794383268721, 48.900364067451875 ], [ 2.473746148313416, 48.90027788195313 ] ] ] } },
{ "type": "Feature", "properties": { "start_date": 1925, "construction_date.nb": 2, "historic.building": "yes" }, "geometry": { "type": "MultiPolygon", "coordinates": [ [ [ [ 2.473669621525636, 48.900210727283529 ], [ 2.473669621530901, 48.900210727282328 ], [ 2.473669621535041, 48.900210727289711 ], [ 2.473636115406393, 48.900219303311538 ], [ 2.473636115397644, 48.900219303296858 ], [ 2.473636115407606, 48.900219303294371 ], [ 2.473669621525636, 48.900210727283529 ] ] ], [ [ [ 2.473794383268721, 48.900364067451875 ], [ 2.4737943832841, 48.900364067478833 ], [ 2.47374802909509, 48.900375195035181 ], [ 2.473784608202069, 48.900440465461045 ], [ 2.473715821600534, 48.900457699641407 ], [ 2.473667689440837, 48.900374842001909 ], [ 2.47371350442055, 48.900363082590701 ], [ 2.473723828996069, 48.900380754331394 ], [ 2.47373585949382, 48.900378109285718 ], [ 2.473688030184284, 48.900292285255205 ], [ 2.473746148313416, 48.90027788195313 ], [ 2.473794383268721, 48.900364067451875 ] ] ] ] } },
{ "type": "Feature", "properties": { "start_date": 1936, "construction_date.nb": 1, "historic.building": "yes" }, "geometry": { "type": "Polygon", "coordinates": [ [ [ 2.474009255384571, 48.900495860211812 ], [ 2.474050545306067, 48.900567446343302 ], [ 2.473940883983721, 48.900593494231778 ], [ 2.47391957432178, 48.90055598954612 ], [ 2.473900678098812, 48.900522632251587 ], [ 2.474009255384571, 48.900495860211812 ] ] ] } },
{ "type": "Feature", "properties": { "start_date": 1924, "construction_date.nb": 1, "historic.building": "yes" }, "geometry": { "type": "Polygon", "coordinates": [ [ [ 2.474111843516047, 48.900454313144358 ], [ 2.474142927057482, 48.900510026677985 ], [ 2.474065677253873, 48.90052785344416 ], [ 2.474034451047031, 48.900472768775401 ], [ 2.474111843516047, 48.900454313144358 ] ] ] } },
{ "type": "Feature", "properties": { "start_date": 1931, "construction_date.nb": 1, "historic.building": "yes" }, "geometry": { "type": "Polygon", "coordinates": [ [ [ 2.474324605625435, 48.900606060610073 ], [ 2.474282805959125, 48.900530875112906 ], [ 2.474395610590526, 48.900504211194928 ], [ 2.474436867504719, 48.900579124488402 ], [ 2.474436867494726, 48.900579124490811 ], [ 2.474433035566167, 48.900580366702549 ], [ 2.474324605625435, 48.900606060610073 ] ] ] } },
{ "type": "Feature", "properties": { "start_date": 1971, "construction_date.nb": 1, "historic.building": "yes" }, "geometry": { "type": "Polygon", "coordinates": [ [ [ 2.474436867504719, 48.900579124488402 ], [ 2.474436867510259, 48.900579124498464 ], [ 2.474433035598408, 48.90058036670473 ], [ 2.474324605629123, 48.90060606061671 ], [ 2.474324605625435, 48.900606060610073 ], [ 2.474433035566167, 48.900580366702549 ], [ 2.474436867494726, 48.900579124490811 ], [ 2.474436867504719, 48.900579124488402 ] ] ] } },
{ "type": "Feature", "properties": { "start_date": 2021, "construction_date.nb": 1, "historic.building": "yes" }, "geometry": { "type": "Polygon", "coordinates": [ [ [ 2.4738058589332, 48.90121252204186 ], [ 2.473805858923458, 48.90121252204446 ], [ 2.473778887448577, 48.901169139602288 ], [ 2.473805858920565, 48.901212522021808 ], [ 2.4738058589332, 48.90121252204186 ] ] ] } },
{ "type": "Feature", "properties": { "start_date": 1880, "construction_date.nb": 1, "historic.building": "yes" }, "geometry": { "type": "Polygon", "coordinates": [ [ [ 2.4740581, 48.90104819999997 ], [ 2.4741599, 48.90102 ], [ 2.4741638, 48.9010242 ], [ 2.474219, 48.9010097 ], [ 2.4742648, 48.901082199999969 ], [ 2.474209, 48.901097200000017 ], [ 2.4742118, 48.901103299999974 ], [ 2.4741091, 48.90113089999997 ], [ 2.474106, 48.9011253 ], [ 2.4740499, 48.9011406 ], [ 2.4740244, 48.9010995 ], [ 2.474017, 48.901088799999975 ], [ 2.4740043, 48.9010684 ], [ 2.4740601, 48.9010522 ], [ 2.4740581, 48.90104819999997 ] ] ] } },
{ "type": "Feature", "properties": { "start_date": 1924, "construction_date.nb": 1, "historic.building": "yes" }, "geometry": { "type": "Polygon", "coordinates": [ [ [ 2.475095832191347, 48.901067728773015 ], [ 2.475119880823014, 48.901131325064206 ], [ 2.475013021214612, 48.901150011908541 ], [ 2.474988031495698, 48.901085062526505 ], [ 2.475064896994969, 48.901072702985566 ], [ 2.475095832191347, 48.901067728773015 ] ] ] } },
{ "type": "Feature", "properties": { "start_date": 1937, "construction_date.nb": 2, "historic.building": "yes" }, "geometry": { "type": "Polygon", "coordinates": [ [ [ 2.47509094837202, 48.901247167521738 ], [ 2.475074148151366, 48.901202529393188 ], [ 2.47506704706482, 48.901203307645837 ], [ 2.475052717315251, 48.901163405687306 ], [ 2.475167903821896, 48.901144125786161 ], [ 2.475175805816284, 48.901166185307204 ], [ 2.475139482714225, 48.901214379326397 ], [ 2.47509094837202, 48.901247167521738 ] ] ] } },
{ "type": "Feature", "properties": { "start_date": 1963, "construction_date.nb": 1, "historic.building": "yes" }, "geometry": { "type": "Polygon", "coordinates": [ [ [ 2.475446027906041, 48.900807647439329 ], [ 2.475428582194096, 48.900764861980257 ], [ 2.475485560963917, 48.900755193440645 ], [ 2.475446027906041, 48.900807647439329 ] ] ] } },
{ "type": "Feature", "properties": { "start_date": 1927, "construction_date.nb": 1, "historic.building": "yes" }, "geometry": { "type": "Polygon", "coordinates": [ [ [ 2.475328417527292, 48.900769009670334 ], [ 2.475359425001253, 48.900845946127582 ], [ 2.475229743541921, 48.900868849853659 ], [ 2.475197654983863, 48.900790919385948 ], [ 2.475203802114189, 48.900790047030156 ], [ 2.475199145894174, 48.900778335639245 ], [ 2.475317073123191, 48.900757718664515 ], [ 2.47532376900978, 48.900770068462478 ], [ 2.475328417527292, 48.900769009670334 ] ] ] } },
{ "type": "Feature", "properties": { "start_date": 1928, "construction_date.nb": 2, "historic.building": "yes" }, "geometry": { "type": "MultiPolygon", "coordinates": [ [ [ [ 2.475109943219555, 48.90096697857804 ], [ 2.475109943247408, 48.900966978573052 ], [ 2.475109943249727, 48.900966978578879 ], [ 2.475047348836432, 48.900978844874629 ], [ 2.474984766237269, 48.900989542049622 ], [ 2.474984766235593, 48.900989542046261 ], [ 2.475047348831443, 48.900978844853306 ], [ 2.475109943219555, 48.90096697857804 ] ] ], [ [ [ 2.475095832191347, 48.901067728773015 ], [ 2.475064896994969, 48.901072702985566 ], [ 2.475095832188122, 48.901067728764481 ], [ 2.475095832191347, 48.901067728773015 ] ] ] ] } },
{ "type": "Feature", "properties": { "start_date": 1923, "construction_date.nb": 3, "historic.building": "yes" }, "geometry": { "type": "MultiPolygon", "coordinates": [ [ [ [ 2.474678106489639, 48.900531440514648 ], [ 2.474736592983962, 48.900521085232164 ], [ 2.474736592992988, 48.900521085255455 ], [ 2.474678106525821, 48.900531440538799 ], [ 2.474628769633387, 48.900540877917756 ], [ 2.474678106489639, 48.900531440514648 ] ] ], [ [ [ 2.474769991164614, 48.900604327476039 ], [ 2.47479875513522, 48.90067370008547 ], [ 2.474798817055685, 48.900673783107379 ], [ 2.474798889721615, 48.900673880536601 ], [ 2.474798889728811, 48.900673880552709 ], [ 2.474743819431142, 48.900683621336015 ], [ 2.474715059159425, 48.900613888991501 ], [ 2.474769991160914, 48.900604327476699 ], [ 2.474769991164614, 48.900604327476039 ] ] ] ] } },
{ "type": "Feature", "properties": { "start_date": 1922, "construction_date.nb": 3, "historic.building": "yes" }, "geometry": { "type": "MultiPolygon", "coordinates": [ [ [ [ 2.474736592983962, 48.900521085232164 ], [ 2.474770221900898, 48.900513858412808 ], [ 2.474770221912952, 48.900513858435779 ], [ 2.474736593003723, 48.90052108525353 ], [ 2.474736592992988, 48.900521085255455 ], [ 2.474736592983962, 48.900521085232164 ] ] ], [ [ [ 2.474798817055685, 48.900673783107379 ], [ 2.47479875513522, 48.90067370008547 ], [ 2.474769991164614, 48.900604327476039 ], [ 2.474829298846602, 48.900593705967424 ], [ 2.474858059260294, 48.90066343828569 ], [ 2.474798889745419, 48.900673880549775 ], [ 2.474798889728811, 48.900673880552709 ], [ 2.474798889721615, 48.900673880536601 ], [ 2.474798817055685, 48.900673783107379 ] ] ] ] } },
{ "type": "Feature", "properties": { "start_date": 1910, "construction_date.nb": 1, "historic.building": "yes" }, "geometry": { "type": "Polygon", "coordinates": [ [ [ 2.47499381913558, 48.900565289762184 ], [ 2.475022175102354, 48.900634570623502 ], [ 2.474912985845689, 48.900654416242823 ], [ 2.474884770978226, 48.900584686363651 ], [ 2.47499381913558, 48.900565289762184 ] ] ] } },
{ "type": "Feature", "properties": { "start_date": 1910, "construction_date.nb": 2, "historic.building": "yes" }, "geometry": { "type": "GeometryCollection", "geometries": [ { "type": "MultiLineString", "coordinates": [ [ [ 2.475152582291997, 48.900539635967419 ], [ 2.475152683998113, 48.900539892227393 ], [ 2.475152582291997, 48.900539635967419 ] ], [ [ 2.475152582291997, 48.900539635967419 ], [ 2.475152582290916, 48.900539635964797 ], [ 2.475152582291997, 48.900539635967419 ] ] ] }, { "type": "Polygon", "coordinates": [ [ [ 2.475106132687409, 48.90054671678233 ], [ 2.475140840046486, 48.90054075360861 ], [ 2.475167019225534, 48.900609485301864 ], [ 2.475061932116364, 48.900628359826193 ], [ 2.475033427933155, 48.900560247430455 ], [ 2.475062952124357, 48.900554261560451 ], [ 2.475055626877777, 48.900536693001563 ], [ 2.475099493098238, 48.900528791535194 ], [ 2.475106132687409, 48.90054671678233 ] ] ] } ] } },
{ "type": "Feature", "properties": { "start_date": 1914, "construction_date.nb": 1, "historic.building": "yes" }, "geometry": { "type": "Polygon", "coordinates": [ [ [ 2.474620329702741, 48.900530603707047 ], [ 2.474592827010794, 48.900479895985086 ], [ 2.474728804920252, 48.900454772295639 ], [ 2.474751168521628, 48.900509548133705 ], [ 2.474766340685949, 48.900506467082842 ], [ 2.474770221900898, 48.900513858412808 ], [ 2.474736592983962, 48.900521085232164 ], [ 2.474678106489639, 48.900531440514648 ], [ 2.474628769633387, 48.900540877917756 ], [ 2.474626171735581, 48.900541374854477 ], [ 2.474620329702741, 48.900530603707047 ] ] ] } },
{ "type": "Feature", "properties": { "start_date": 1952, "construction_date.nb": 1, "historic.building": "yes" }, "geometry": { "type": "Polygon", "coordinates": [ [ [ 2.475152582290916, 48.900539635964797 ], [ 2.475152582288952, 48.900539635959852 ], [ 2.475250416407758, 48.90052306778955 ], [ 2.475277153121269, 48.900590632796089 ], [ 2.475179719910585, 48.900608012120173 ], [ 2.475152683998113, 48.900539892227393 ], [ 2.475152582291997, 48.900539635967419 ], [ 2.475152582290916, 48.900539635964797 ] ] ] } },
{ "type": "Feature", "properties": { "start_date": 1955, "construction_date.nb": 1, "historic.building": "yes" }, "geometry": { "type": "Polygon", "coordinates": [ [ [ 2.475487450337422, 48.90041879748761 ], [ 2.475524722809635, 48.900510240177802 ], [ 2.475391622225755, 48.90053411831618 ], [ 2.475352719524956, 48.900442038967959 ], [ 2.475487450337422, 48.90041879748761 ] ] ] } },
{ "type": "Feature", "properties": { "start_date": 1923, "construction_date.nb": 1, "historic.building": "yes" }, "geometry": { "type": "Polygon", "coordinates": [ [ [ 2.47566027230483, 48.900523378158489 ], [ 2.475647060076773, 48.900525704299419 ], [ 2.475621240627736, 48.900461830538283 ], [ 2.475684512821429, 48.900450704768616 ], [ 2.475689999657062, 48.900483934259213 ], [ 2.47566027230483, 48.900523378158489 ] ] ] } },
{ "type": "Feature", "properties": { "start_date": 1938, "construction_date.nb": 1, "historic.building": "yes" }, "geometry": { "type": "Polygon", "coordinates": [ [ [ 2.474656449643543, 48.900217398124255 ], [ 2.474656449653774, 48.900217398144747 ], [ 2.474551182298196, 48.900240678010746 ], [ 2.474546945717635, 48.900241468799869 ], [ 2.474546945707027, 48.900241468778425 ], [ 2.47455118226822, 48.900240677990695 ], [ 2.474656449643543, 48.900217398124255 ] ] ] } },
{ "type": "Feature", "properties": { "start_date": 1930, "construction_date.nb": 1, "historic.building": "yes" }, "geometry": { "type": "Polygon", "coordinates": [ [ [ 2.474546945707027, 48.900241468778425 ], [ 2.474523017594199, 48.900193071103438 ], [ 2.474632383247708, 48.900169179728188 ], [ 2.474656449643543, 48.900217398124255 ], [ 2.47455118226822, 48.900240677990695 ], [ 2.474546945707027, 48.900241468778425 ] ] ] } },
{ "type": "Feature", "properties": { "start_date": 1932, "construction_date.nb": 1, "historic.building": "yes" }, "geometry": { "type": "Polygon", "coordinates": [ [ [ 2.474653186518359, 48.899837876942037 ], [ 2.474612444409053, 48.899847140931328 ], [ 2.474601233393067, 48.899849699736855 ], [ 2.474601233376164, 48.899849699740408 ], [ 2.474586486397606, 48.899824184700137 ], [ 2.474544367567481, 48.899834701676461 ], [ 2.474521161825385, 48.899795839781625 ], [ 2.474616737702678, 48.899773146936042 ], [ 2.474653186518359, 48.899837876942037 ] ] ] } },
{ "type": "Feature", "properties": { "start_date": 1929, "construction_date.nb": 1, "historic.building": "yes" }, "geometry": { "type": "Polygon", "coordinates": [ [ [ 2.474616737702678, 48.899773146936042 ], [ 2.47461673771025, 48.89977314693423 ], [ 2.474653186539375, 48.899837876937042 ], [ 2.474653186518359, 48.899837876942037 ], [ 2.474616737702678, 48.899773146936042 ] ] ] } },
{ "type": "Feature", "properties": { "start_date": 1929, "construction_date.nb": 1, "historic.building": "yes" }, "geometry": { "type": "Polygon", "coordinates": [ [ [ 2.474832822670592, 48.899798196014089 ], [ 2.474794630390889, 48.899730490693756 ], [ 2.474794630395141, 48.899730490692782 ], [ 2.474802637053606, 48.899728520206864 ], [ 2.474890487909261, 48.899706899569047 ], [ 2.474926881655699, 48.899777115023575 ], [ 2.474832822670592, 48.899798196014089 ] ] ] } },
{ "type": "Feature", "properties": { "start_date": 1928, "construction_date.nb": 1, "historic.building": "yes" }, "geometry": { "type": "Polygon", "coordinates": [ [ [ 2.47503077902641, 48.899673161113689 ], [ 2.475060548035828, 48.89972401242634 ], [ 2.474950204240448, 48.899750328038458 ], [ 2.47492125554669, 48.899699300430349 ], [ 2.47503077902641, 48.899673161113689 ] ] ] } },
{ "type": "Feature", "properties": { "start_date": 1932, "construction_date.nb": 1, "historic.building": "yes" }, "geometry": { "type": "Polygon", "coordinates": [ [ [ 2.475480692003801, 48.89957025341937 ], [ 2.475478043210052, 48.899565405465871 ], [ 2.475478043225888, 48.899565405462056 ], [ 2.475480692003801, 48.89957025341937 ] ] ] } },
{ "type": "Feature", "properties": { "start_date": 1933, "construction_date.nb": 1, "historic.building": "yes" }, "geometry": { "type": "Polygon", "coordinates": [ [ [ 2.475542207109299, 48.899588854365042 ], [ 2.475547950806414, 48.899623640671209 ], [ 2.475544573062594, 48.899623072528527 ], [ 2.475535288018638, 48.899624021076434 ], [ 2.47551218510573, 48.899629045978656 ], [ 2.475509094160623, 48.899624445964598 ], [ 2.475485677507022, 48.899579378131577 ], [ 2.475480692003801, 48.89957025341937 ], [ 2.475478043225888, 48.899565405462056 ], [ 2.475486082469176, 48.899563463025991 ], [ 2.475542207109299, 48.899588854365042 ] ] ] } },
{ "type": "Feature", "properties": { "start_date": 2002, "construction_date.nb": 1, "historic.building": "yes" }, "geometry": { "type": "Polygon", "coordinates": [ [ [ 2.474545257911391, 48.899989745822232 ], [ 2.474545257913595, 48.899989745826169 ], [ 2.474509574278422, 48.899997862893599 ], [ 2.474377782215457, 48.90002732137205 ], [ 2.474377782204021, 48.900027321351359 ], [ 2.474377782222998, 48.900027321346727 ], [ 2.474509574242038, 48.899997862869412 ], [ 2.474545257911391, 48.899989745822232 ] ] ] } },
{ "type": "Feature", "properties": { "start_date": 1905, "construction_date.nb": 1, "historic.building": "yes" }, "geometry": { "type": "Polygon", "coordinates": [ [ [ 2.474513080046312, 48.900785669508394 ], [ 2.474536523631937, 48.900828039694169 ], [ 2.474531041234981, 48.900830623633027 ], [ 2.474545912204092, 48.900857398202483 ], [ 2.474412319382626, 48.900889366847046 ], [ 2.474399061668749, 48.900864937518307 ], [ 2.474395256065357, 48.900863571881153 ], [ 2.474370453126703, 48.90082074605742 ], [ 2.474513080046312, 48.900785669508394 ] ] ] } },
{ "type": "Feature", "properties": { "start_date": 1880, "construction_date.nb": 2, "historic.building": "yes" }, "geometry": { "type": "MultiPolygon", "coordinates": [ [ [ [ 2.473839534393951, 48.901856065679752 ], [ 2.473825113433552, 48.901824368741558 ], [ 2.473839534398519, 48.901856065679155 ], [ 2.473839534393951, 48.901856065679752 ] ] ], [ [ [ 2.473765666306719, 48.901828892725298 ], [ 2.473777826834066, 48.901826533701012 ], [ 2.473780644033972, 48.901831222463137 ], [ 2.473824379628117, 48.901822871218556 ], [ 2.473824379628893, 48.901822871220268 ], [ 2.473824514214667, 48.901823051672039 ], [ 2.47383953439368, 48.901856065679794 ], [ 2.473786518888501, 48.901862986610993 ], [ 2.473765666306719, 48.901828892725298 ] ] ] ] } },
{ "type": "Feature", "properties": { "start_date": 1880, "construction_date.nb": 2, "historic.building": "yes" }, "geometry": { "type": "MultiPolygon", "coordinates": [ [ [ [ 2.473824379628893, 48.901822871220268 ], [ 2.473824379628117, 48.901822871218556 ], [ 2.473824379651013, 48.9018228712142 ], [ 2.473824514213862, 48.901823051670263 ], [ 2.473824514214667, 48.901823051672039 ], [ 2.473824379628893, 48.901822871220268 ] ] ], [ [ [ 2.473839534398519, 48.901856065679155 ], [ 2.473825113433552, 48.901824368741558 ], [ 2.473824514214166, 48.901823051670313 ], [ 2.473824379651013, 48.9018228712142 ], [ 2.473870713270366, 48.901813901886079 ], [ 2.473869921042984, 48.90181119686018 ], [ 2.473868999082686, 48.901808048866577 ], [ 2.473883035473279, 48.901805402962552 ], [ 2.473918883754791, 48.901798645439307 ], [ 2.47392600442137, 48.901814444244188 ], [ 2.473938916139717, 48.901843091777714 ], [ 2.473839534398519, 48.901856065679155 ] ] ] ] } },
{ "type": "Feature", "properties": { "start_date": 1926, "construction_date.nb": 1, "historic.building": "yes" }, "geometry": { "type": "Polygon", "coordinates": [ [ [ 2.475109943219555, 48.90096697857804 ], [ 2.475047348831443, 48.900978844853306 ], [ 2.474984766235593, 48.900989542046261 ], [ 2.47497661078855, 48.900973138959351 ], [ 2.474950653632134, 48.900977072047858 ], [ 2.474934783751479, 48.900941120208195 ], [ 2.474954053562343, 48.900937517537322 ], [ 2.474941000038351, 48.900906344381362 ], [ 2.475022869566514, 48.900890335921169 ], [ 2.475029941086261, 48.900906014832522 ], [ 2.475047437643223, 48.900902404374165 ], [ 2.475057282911386, 48.900927088452853 ], [ 2.475087485678135, 48.900921465282089 ], [ 2.475091317595926, 48.900920223056417 ], [ 2.475109943219555, 48.90096697857804 ] ] ] } },
{ "type": "Feature", "properties": { "start_date": 2022, "construction_date.nb": 2, "historic.building": "yes" }, "geometry": { "type": "MultiPolygon", "coordinates": [ [ [ [ 2.474832822670592, 48.899798196014089 ], [ 2.474926881655699, 48.899777115023575 ], [ 2.474926881665628, 48.899777115042717 ], [ 2.474832822682818, 48.899798196035768 ], [ 2.474832822670592, 48.899798196014089 ] ] ], [ [ [ 2.474377782222998, 48.900027321346727 ], [ 2.474377782204021, 48.900027321351359 ], [ 2.474361376986722, 48.899997633994211 ], [ 2.474513453757955, 48.899964875382416 ], [ 2.474524843747668, 48.89996240225333 ], [ 2.474530921908954, 48.899964052738326 ], [ 2.474545257911391, 48.899989745822232 ], [ 2.474509574242038, 48.899997862869412 ], [ 2.474377782222998, 48.900027321346727 ] ] ] ] } },
{ "type": "Feature", "properties": { "start_date": 2021, "construction_date.nb": 1, "historic.building": "yes" }, "geometry": { "type": "Polygon", "coordinates": [ [ [ 2.474361376986722, 48.899997633994211 ], [ 2.474333844189992, 48.899947809763553 ], [ 2.474311147473863, 48.899953105997263 ], [ 2.474306288674638, 48.899944002330102 ], [ 2.474292673121626, 48.899918491573722 ], [ 2.474323981121821, 48.899911434558518 ], [ 2.474312201392289, 48.899889259913621 ], [ 2.474394505075834, 48.899870645819924 ], [ 2.474434538438516, 48.899945104120043 ], [ 2.474455608552405, 48.899952301099901 ], [ 2.474464303838693, 48.899969246206744 ], [ 2.474510298533768, 48.899958832378474 ], [ 2.474513453757955, 48.899964875382416 ], [ 2.474361376986722, 48.899997633994211 ] ] ] } },
{ "type": "Feature", "properties": { "start_date": 1912, "construction_date.nb": 1, "historic.building": "yes" }, "geometry": { "type": "Polygon", "coordinates": [ [ [ 2.473940777117866, 48.899768229362714 ], [ 2.473922280747043, 48.899734755815324 ], [ 2.473911030476131, 48.899714202239366 ], [ 2.474004671415985, 48.899694019423656 ], [ 2.474033192767147, 48.899746754049126 ], [ 2.474059581240133, 48.899740574794819 ], [ 2.474089185668789, 48.899794123546741 ], [ 2.474089185677641, 48.8997941235666 ], [ 2.474050490375622, 48.899803306428183 ], [ 2.474027574173948, 48.899762826953527 ], [ 2.473948133988175, 48.89978154332141 ], [ 2.473940777117866, 48.899768229362714 ] ] ] } },
{ "type": "Feature", "properties": { "start_date": 1936, "construction_date.nb": 1, "historic.building": "yes" }, "geometry": { "type": "Polygon", "coordinates": [ [ [ 2.473059476712044, 48.898644938968381 ], [ 2.473064462848236, 48.898653705883945 ], [ 2.473077322294819, 48.898649985390698 ], [ 2.473085362200852, 48.89866422979 ], [ 2.47309548003968, 48.898661846180381 ], [ 2.473106474255767, 48.898680690049581 ], [ 2.473106474260495, 48.898680690057816 ], [ 2.473081996651534, 48.898686787597612 ], [ 2.47308078456172, 48.898685253425846 ], [ 2.473037295130774, 48.898696483277675 ], [ 2.473039170072341, 48.89869990890201 ], [ 2.47302352951882, 48.898703954052827 ], [ 2.473021216520168, 48.898666191502585 ], [ 2.473059476712044, 48.898644938968381 ] ] ] } },
{ "type": "Feature", "properties": { "start_date": 1900, "construction_date.nb": 1, "historic.building": "yes" }, "geometry": { "type": "Polygon", "coordinates": [ [ [ 2.473291437022694, 48.89857054226443 ], [ 2.473203383126333, 48.898593523905461 ], [ 2.473203383116655, 48.898593523889566 ], [ 2.473190760432594, 48.898572014067547 ], [ 2.473237413396234, 48.898546099398374 ], [ 2.473291437022694, 48.89857054226443 ] ] ] } },
{ "type": "Feature", "properties": { "start_date": 1895, "construction_date.nb": 1, "historic.building": "yes" }, "geometry": { "type": "Polygon", "coordinates": [ [ [ 2.474168370639653, 48.901813137029436 ], [ 2.474158232394121, 48.901790163874054 ], [ 2.474169444753703, 48.901787515194975 ], [ 2.474163060883872, 48.901771299703405 ], [ 2.474166223598361, 48.90176879554857 ], [ 2.474201482049058, 48.901762385389723 ], [ 2.474210165746905, 48.901780499539854 ], [ 2.474260737788665, 48.901770559393171 ], [ 2.474246734138437, 48.90173893236863 ], [ 2.474248412798854, 48.901734802912905 ], [ 2.474274650411713, 48.901730151783269 ], [ 2.47428324875996, 48.90175085842229 ], [ 2.47428916605109, 48.90176510850123 ], [ 2.474290299507538, 48.901767780780119 ], [ 2.474291341924848, 48.901770238423644 ], [ 2.474237908379675, 48.901804058943156 ], [ 2.474168370639653, 48.901813137029436 ] ] ] } },
{ "type": "Feature", "properties": { "start_date": 1895, "construction_date.nb": 1, "historic.building": "yes" }, "geometry": { "type": "MultiPolygon", "coordinates": [ [ [ [ 2.47428324875996, 48.90175085842229 ], [ 2.474274650411713, 48.901730151783269 ], [ 2.474274650412828, 48.901730151783084 ], [ 2.47428324875996, 48.90175085842229 ] ] ], [ [ [ 2.474291341924848, 48.901770238423644 ], [ 2.474290299507538, 48.901767780780119 ], [ 2.474291341925539, 48.901770238423218 ], [ 2.474291341924848, 48.901770238423644 ] ] ] ] } },
{ "type": "Feature", "properties": { "start_date": 1900, "construction_date.nb": 1, "historic.building": "yes" }, "geometry": { "type": "Polygon", "coordinates": [ [ [ 2.474668730930344, 48.901531369762097 ], [ 2.474645760583927, 48.901479345512705 ], [ 2.474702229342644, 48.901466283492375 ], [ 2.474716687923333, 48.901500003365697 ], [ 2.474692938160362, 48.901516047657275 ], [ 2.474668730930344, 48.901531369762097 ] ] ] } },
{ "type": "Feature", "properties": { "start_date": 1900, "construction_date.nb": 2, "historic.building": "yes" }, "geometry": { "type": "Polygon", "coordinates": [ [ [ 2.474535142060991, 48.901316266036766 ], [ 2.474528105286165, 48.9013053418536 ], [ 2.474493373563724, 48.901251422802133 ], [ 2.474493373568195, 48.901251422800968 ], [ 2.474489636926683, 48.901243222737506 ], [ 2.47461889387396, 48.901208447137698 ], [ 2.474664391007208, 48.901282299755117 ], [ 2.474657964645752, 48.901283800368532 ], [ 2.474668951813974, 48.901303453397432 ], [ 2.474605084850137, 48.901319720450864 ], [ 2.474592723662191, 48.90130105062903 ], [ 2.474535410349224, 48.901316716884509 ], [ 2.474535410340529, 48.901316716886875 ], [ 2.474535410327556, 48.901316716865885 ], [ 2.474535142073826, 48.901316266058338 ], [ 2.474535142060991, 48.901316266036766 ] ] ] } },
{ "type": "Feature", "properties": { "start_date": 1895, "construction_date.nb": 2, "historic.building": "yes" }, "geometry": { "type": "Polygon", "coordinates": [ [ [ 2.474535410327556, 48.901316716865885 ], [ 2.474535410340529, 48.901316716886875 ], [ 2.474505454635644, 48.901324859040251 ], [ 2.474523678611345, 48.901357313972071 ], [ 2.474490030967121, 48.901366339216459 ], [ 2.474479564965214, 48.901349116584441 ], [ 2.474470033811993, 48.90133387653367 ], [ 2.47443803116152, 48.901342099640573 ], [ 2.474402714590705, 48.901287573572084 ], [ 2.474395856241618, 48.901276984784793 ], [ 2.474395856239429, 48.90127698478139 ], [ 2.474493373563724, 48.901251422802133 ], [ 2.474528105286165, 48.9013053418536 ], [ 2.474535142060991, 48.901316266036766 ], [ 2.474535142073826, 48.901316266058338 ], [ 2.474535410327556, 48.901316716865885 ] ] ] } },
{ "type": "Feature", "properties": { "start_date": 1900, "construction_date.nb": 1, "historic.building": "yes" }, "geometry": { "type": "Polygon", "coordinates": [ [ [ 2.474402714590705, 48.901287573572084 ], [ 2.474395856234354, 48.901276984782733 ], [ 2.474395856239429, 48.90127698478139 ], [ 2.474395856241618, 48.901276984784793 ], [ 2.474402714590705, 48.901287573572084 ] ] ] } },
{ "type": "Feature", "properties": { "start_date": 2002, "construction_date.nb": 1, "historic.building": "yes" }, "geometry": { "type": "Polygon", "coordinates": [ [ [ 2.474402714590705, 48.901287573572084 ], [ 2.474395856234354, 48.901276984782733 ], [ 2.474395856239429, 48.90127698478139 ], [ 2.474395856241618, 48.901276984784793 ], [ 2.474402714590705, 48.901287573572084 ] ] ] } },
{ "type": "Feature", "properties": { "start_date": 1900, "construction_date.nb": 1, "historic.building": "yes" }, "geometry": { "type": "Polygon", "coordinates": [ [ [ 2.473663467101543, 48.9014670290167 ], [ 2.473744165777695, 48.901445530527518 ], [ 2.473760262328363, 48.901472490464819 ], [ 2.473771468276853, 48.901470471270173 ], [ 2.473776700717219, 48.901479127606301 ], [ 2.473766574146891, 48.901482320580286 ], [ 2.473782552520794, 48.90150748137907 ], [ 2.473702807674189, 48.901529074033682 ], [ 2.473702807661069, 48.901529074012679 ], [ 2.473663467101543, 48.9014670290167 ] ] ] } },
{ "type": "Feature", "properties": { "start_date": 1889, "construction_date.nb": 2, "historic.building": "yes" }, "geometry": { "type": "Polygon", "coordinates": [ [ [ 2.473702807661069, 48.901529074012679 ], [ 2.473702807674189, 48.901529074033682 ], [ 2.473702807668125, 48.901529074035338 ], [ 2.473627859625071, 48.901548439424865 ], [ 2.473589201133338, 48.901486397381419 ], [ 2.473663467097021, 48.901467029017901 ], [ 2.473663467101543, 48.9014670290167 ], [ 2.473702807661069, 48.901529074012679 ] ] ] } },
{ "type": "Feature", "properties": { "start_date": 1988, "construction_date.nb": 1, "historic.building": "yes" }, "geometry": { "type": "Polygon", "coordinates": [ [ [ 2.473409923882256, 48.901247247575299 ], [ 2.473434529942552, 48.901242005996366 ], [ 2.473434529948792, 48.901242006007791 ], [ 2.473434529935121, 48.901242006010726 ], [ 2.473409923887659, 48.901247247584131 ], [ 2.473409923882256, 48.901247247575299 ] ] ] } },
{ "type": "Feature", "properties": { "start_date": 1932, "construction_date.nb": 1, "historic.building": "yes" }, "geometry": { "type": "Polygon", "coordinates": [ [ [ 2.473453157628318, 48.901238026499122 ], [ 2.473434529948792, 48.901242006007791 ], [ 2.473434529942552, 48.901242005996366 ], [ 2.473453157628318, 48.901238026499122 ] ] ] } },
{ "type": "Feature", "properties": { "start_date": 1925, "construction_date.nb": 1, "historic.building": "yes" }, "geometry": { "type": "Polygon", "coordinates": [ [ [ 2.473374959516916, 48.901188337467318 ], [ 2.473429326838684, 48.901176513779816 ], [ 2.473458453106514, 48.901236895203425 ], [ 2.473453157628318, 48.901238026499122 ], [ 2.473434529942552, 48.901242005996366 ], [ 2.473409923882256, 48.901247247575299 ], [ 2.473391972919957, 48.901217897046941 ], [ 2.473374959516916, 48.901188337467318 ] ] ] } },
{ "type": "Feature", "properties": { "start_date": 1905, "construction_date.nb": 2, "historic.building": "yes" }, "geometry": { "type": "Polygon", "coordinates": [ [ [ 2.473317272756894, 48.901088110539348 ], [ 2.473346255609171, 48.901081991317803 ], [ 2.473346255614933, 48.901081991328994 ], [ 2.473378246451575, 48.901074937565404 ], [ 2.473400698046702, 48.901120900801665 ], [ 2.473415327629518, 48.901117547756613 ], [ 2.473419182330832, 48.901127546990267 ], [ 2.473405099276138, 48.901130812489107 ], [ 2.473415670381802, 48.901151093319065 ], [ 2.47336029798586, 48.901162864068198 ], [ 2.473317272756894, 48.901088110539348 ] ] ] } },
{ "type": "Feature", "properties": { "start_date": 1920, "construction_date.nb": 2, "historic.building": "yes" }, "geometry": { "type": "MultiPolygon", "coordinates": [ [ [ [ 2.473276477074489, 48.901009736090835 ], [ 2.473342352212152, 48.90099591069702 ], [ 2.473342352215372, 48.900995910696338 ], [ 2.473342352223629, 48.900995910714251 ], [ 2.473276477076664, 48.901009736095446 ], [ 2.473276477074489, 48.901009736090835 ] ] ], [ [ [ 2.473281779091982, 48.901020986266147 ], [ 2.473340179717689, 48.901008401490465 ], [ 2.473353015955227, 48.901033998187593 ], [ 2.473309818356917, 48.901043161009326 ], [ 2.473325987251014, 48.901076416439331 ], [ 2.473341707104562, 48.901073158147149 ], [ 2.473346255609171, 48.901081991317803 ], [ 2.473317272756894, 48.901088110539348 ], [ 2.473295972191307, 48.901051102107374 ], [ 2.473281779091982, 48.901020986266147 ] ] ] ] } },
{ "type": "Feature", "properties": { "start_date": 1894, "construction_date.nb": 1, "historic.building": "yes" }, "geometry": { "type": "Polygon", "coordinates": [ [ [ 2.473244174338088, 48.90094119386972 ], [ 2.473310851058203, 48.900927604878781 ], [ 2.473342352215372, 48.900995910696338 ], [ 2.473342352212152, 48.90099591069702 ], [ 2.473276477074489, 48.901009736090835 ], [ 2.473244174338088, 48.90094119386972 ] ] ] } },
{ "type": "Feature", "properties": { "start_date": 1901, "construction_date.nb": 1, "historic.building": "yes" }, "geometry": { "type": "Polygon", "coordinates": [ [ [ 2.473164247322678, 48.900771598252462 ], [ 2.473199354594444, 48.900764148825331 ], [ 2.47316424732755, 48.9007715982628 ], [ 2.473164247322678, 48.900771598252462 ] ] ] } },
{ "type": "Feature", "properties": { "start_date": 1910, "construction_date.nb": 2, "historic.building": "yes" }, "geometry": { "type": "MultiPolygon", "coordinates": [ [ [ [ 2.47315971243464, 48.900682509916798 ], [ 2.473207444186616, 48.900672466969461 ], [ 2.47320744418794, 48.900672466971976 ], [ 2.47315971243464, 48.900682509916798 ] ] ], [ [ [ 2.473145778173794, 48.900699732565663 ], [ 2.47317476968243, 48.900693187123387 ], [ 2.473209265856783, 48.900762045744926 ], [ 2.473199354594444, 48.900764148825331 ], [ 2.473164247322678, 48.900771598252462 ], [ 2.473148078825511, 48.900737290478467 ], [ 2.473145778173794, 48.900699732565663 ] ] ] ] } },
{ "type": "Feature", "properties": { "start_date": 1930, "construction_date.nb": 1, "historic.building": "yes" }, "geometry": { "type": "Polygon", "coordinates": [ [ [ 2.473140355229757, 48.900611203314561 ], [ 2.473144917684305, 48.900610229831045 ], [ 2.473162431213882, 48.900645379778879 ], [ 2.473190045155834, 48.90063947588245 ], [ 2.473207444186616, 48.900672466969461 ], [ 2.47315971243464, 48.900682509916798 ], [ 2.473144913912975, 48.900685623578276 ], [ 2.473140355229757, 48.900611203314561 ] ] ] } },
{ "type": "Feature", "properties": { "start_date": 1925, "construction_date.nb": 1, "historic.building": "yes" }, "geometry": { "type": "Polygon", "coordinates": [ [ [ 2.47326676696008, 48.900202031574203 ], [ 2.473266766956398, 48.900202031575084 ], [ 2.473254939006683, 48.900180478595367 ], [ 2.47326676695954, 48.900202031573038 ], [ 2.47326676696008, 48.900202031574203 ] ] ] } },
{ "type": "Feature", "properties": { "start_date": 1930, "construction_date.nb": 1, "historic.building": "yes" }, "geometry": { "type": "Polygon", "coordinates": [ [ [ 2.473361418274271, 48.900179092710886 ], [ 2.473361525717515, 48.900179336138393 ], [ 2.47326676696008, 48.900202031574203 ], [ 2.47326676695954, 48.900202031573038 ], [ 2.473254939006683, 48.900180478595367 ], [ 2.473233818681511, 48.900141992930237 ], [ 2.473328309991827, 48.900118756749521 ], [ 2.473328309993879, 48.900118756753272 ], [ 2.473359258778195, 48.900174200125015 ], [ 2.473361418274271, 48.900179092710886 ] ] ] } },
{ "type": "Feature", "properties": { "start_date": 1907, "construction_date.nb": 1, "historic.building": "yes" }, "geometry": { "type": "Polygon", "coordinates": [ [ [ 2.473328309991827, 48.900118756749521 ], [ 2.473328310001226, 48.900118756747212 ], [ 2.473359258804134, 48.900174200132746 ], [ 2.473361418274271, 48.900179092710886 ], [ 2.473359258778195, 48.900174200125015 ], [ 2.473328309993879, 48.900118756753272 ], [ 2.473328309991827, 48.900118756749521 ] ] ] } },
{ "type": "Feature", "properties": { "start_date": 1900, "construction_date.nb": 2, "historic.building": "yes" }, "geometry": { "type": "Polygon", "coordinates": [ [ [ 2.473611872590773, 48.900107682886613 ], [ 2.473611872591317, 48.900107682887601 ], [ 2.473611872581373, 48.900107682890038 ], [ 2.473649760709033, 48.900175288656442 ], [ 2.473669621525636, 48.900210727283529 ], [ 2.473636115407606, 48.900219303294371 ], [ 2.473636115397644, 48.900219303296858 ], [ 2.473569185970812, 48.900106865760158 ], [ 2.473506977828189, 48.90012107113386 ], [ 2.473467587622727, 48.900050572289594 ], [ 2.473566593498773, 48.900026006830529 ], [ 2.473578779381524, 48.900048453069495 ], [ 2.473600775236424, 48.900087820995296 ], [ 2.473611872590773, 48.900107682886613 ] ] ] } },
{ "type": "Feature", "properties": { "start_date": 1904, "construction_date.nb": 2, "historic.building": "yes" }, "geometry": { "type": "MultiPolygon", "coordinates": [ [ [ [ 2.473578779381524, 48.900048453069495 ], [ 2.473566593498773, 48.900026006830529 ], [ 2.473566593511093, 48.900026006827481 ], [ 2.473578779407478, 48.900048453075826 ], [ 2.473684343252462, 48.900022837149784 ], [ 2.473717440218189, 48.900081707256362 ], [ 2.473611872591317, 48.900107682887601 ], [ 2.473611872590773, 48.900107682886613 ], [ 2.473600775236424, 48.900087820995296 ], [ 2.473578779381524, 48.900048453069495 ] ] ], [ [ [ 2.473669621530901, 48.900210727282328 ], [ 2.473669621525636, 48.900210727283529 ], [ 2.473649760709033, 48.900175288656442 ], [ 2.473669621530901, 48.900210727282328 ] ] ] ] } },
{ "type": "Feature", "properties": { "start_date": 1930, "construction_date.nb": 1, "historic.building": "yes" }, "geometry": { "type": "Polygon", "coordinates": [ [ [ 2.473821340727553, 48.900004733569709 ], [ 2.473850671336578, 48.900058371105082 ], [ 2.473795296020218, 48.900071347589325 ], [ 2.473807191950652, 48.900095501241175 ], [ 2.473764664471049, 48.900105926197206 ], [ 2.473716850818815, 48.900018573421946 ], [ 2.473759232769941, 48.900009047134631 ], [ 2.473764330451177, 48.900017523026172 ], [ 2.473821340727553, 48.900004733569709 ] ] ] } },
{ "type": "Feature", "properties": { "start_date": 2007, "construction_date.nb": 1, "historic.building": "yes" }, "geometry": { "type": "Polygon", "coordinates": [ [ [ 2.473960577334497, 48.900004441924956 ], [ 2.473924575366379, 48.89993962769389 ], [ 2.474055160715674, 48.899908096013874 ], [ 2.474095465465531, 48.899982645568215 ], [ 2.474061558549717, 48.899990410573722 ], [ 2.474067990320465, 48.900001860000778 ], [ 2.47405459232166, 48.900004858805445 ], [ 2.474049381787939, 48.899994044251756 ], [ 2.473965837473618, 48.900013911714026 ], [ 2.473965837464532, 48.900013911697783 ], [ 2.473960577334497, 48.900004441924956 ] ] ] } },
{ "type": "Feature", "properties": { "start_date": 1910, "construction_date.nb": 1, "historic.building": "yes" }, "geometry": { "type": "Polygon", "coordinates": [ [ [ 2.473960577334497, 48.900004441924956 ], [ 2.473924575366379, 48.89993962769389 ], [ 2.474055160715674, 48.899908096013874 ], [ 2.474095465465531, 48.899982645568215 ], [ 2.474061558549717, 48.899990410573722 ], [ 2.474067990320465, 48.900001860000778 ], [ 2.47405459232166, 48.900004858805445 ], [ 2.474049381787939, 48.899994044251756 ], [ 2.473965837473618, 48.900013911714026 ], [ 2.473965837464532, 48.900013911697783 ], [ 2.473960577334497, 48.900004441924956 ] ] ] } },
{ "type": "Feature", "properties": { "start_date": 1925, "construction_date.nb": 1, "historic.building": "yes" }, "geometry": { "type": "Polygon", "coordinates": [ [ [ 2.47427914120399, 48.900245419608027 ], [ 2.474317563331107, 48.900317352805232 ], [ 2.474261905967253, 48.900331227590556 ], [ 2.474219925727563, 48.900260447862529 ], [ 2.47427914120399, 48.900245419608027 ] ] ] } },
{ "type": "Feature", "properties": { "start_date": 1956, "construction_date.nb": 1, "historic.building": "yes" }, "geometry": { "type": "Polygon", "coordinates": [ [ [ 2.473746148313416, 48.90027788195313 ], [ 2.473746148315395, 48.900277881952633 ], [ 2.47379438330701, 48.90036406747334 ], [ 2.4737943832841, 48.900364067478833 ], [ 2.473794383268721, 48.900364067451875 ], [ 2.473746148313416, 48.90027788195313 ] ] ] } },
{ "type": "Feature", "properties": { "start_date": 1925, "construction_date.nb": 2, "historic.building": "yes" }, "geometry": { "type": "MultiPolygon", "coordinates": [ [ [ [ 2.473669621525636, 48.900210727283529 ], [ 2.473669621530901, 48.900210727282328 ], [ 2.473669621535041, 48.900210727289711 ], [ 2.473636115406393, 48.900219303311538 ], [ 2.473636115397644, 48.900219303296858 ], [ 2.473636115407606, 48.900219303294371 ], [ 2.473669621525636, 48.900210727283529 ] ] ], [ [ [ 2.473794383268721, 48.900364067451875 ], [ 2.4737943832841, 48.900364067478833 ], [ 2.47374802909509, 48.900375195035181 ], [ 2.473784608202069, 48.900440465461045 ], [ 2.473715821600534, 48.900457699641407 ], [ 2.473667689440837, 48.900374842001909 ], [ 2.47371350442055, 48.900363082590701 ], [ 2.473723828996069, 48.900380754331394 ], [ 2.47373585949382, 48.900378109285718 ], [ 2.473688030184284, 48.900292285255205 ], [ 2.473746148313416, 48.90027788195313 ], [ 2.473794383268721, 48.900364067451875 ] ] ] ] } },
{ "type": "Feature", "properties": { "start_date": 1936, "construction_date.nb": 1, "historic.building": "yes" }, "geometry": { "type": "Polygon", "coordinates": [ [ [ 2.474009255384571, 48.900495860211812 ], [ 2.474050545306067, 48.900567446343302 ], [ 2.473940883983721, 48.900593494231778 ], [ 2.47391957432178, 48.90055598954612 ], [ 2.473900678098812, 48.900522632251587 ], [ 2.474009255384571, 48.900495860211812 ] ] ] } },
{ "type": "Feature", "properties": { "start_date": 1924, "construction_date.nb": 1, "historic.building": "yes" }, "geometry": { "type": "Polygon", "coordinates": [ [ [ 2.474111843516047, 48.900454313144358 ], [ 2.474142927057482, 48.900510026677985 ], [ 2.474065677253873, 48.90052785344416 ], [ 2.474034451047031, 48.900472768775401 ], [ 2.474111843516047, 48.900454313144358 ] ] ] } },
{ "type": "Feature", "properties": { "start_date": 1931, "construction_date.nb": 1, "historic.building": "yes" }, "geometry": { "type": "Polygon", "coordinates": [ [ [ 2.474324605625435, 48.900606060610073 ], [ 2.474282805959125, 48.900530875112906 ], [ 2.474395610590526, 48.900504211194928 ], [ 2.474436867504719, 48.900579124488402 ], [ 2.474436867494726, 48.900579124490811 ], [ 2.474433035566167, 48.900580366702549 ], [ 2.474324605625435, 48.900606060610073 ] ] ] } },
{ "type": "Feature", "properties": { "start_date": 1971, "construction_date.nb": 1, "historic.building": "yes" }, "geometry": { "type": "Polygon", "coordinates": [ [ [ 2.474436867504719, 48.900579124488402 ], [ 2.474436867510259, 48.900579124498464 ], [ 2.474433035598408, 48.90058036670473 ], [ 2.474324605629123, 48.90060606061671 ], [ 2.474324605625435, 48.900606060610073 ], [ 2.474433035566167, 48.900580366702549 ], [ 2.474436867494726, 48.900579124490811 ], [ 2.474436867504719, 48.900579124488402 ] ] ] } },
{ "type": "Feature", "properties": { "start_date": 2021, "construction_date.nb": 1, "historic.building": "yes" }, "geometry": { "type": "Polygon", "coordinates": [ [ [ 2.4738058589332, 48.90121252204186 ], [ 2.473805858923458, 48.90121252204446 ], [ 2.473778887448577, 48.901169139602288 ], [ 2.473805858920565, 48.901212522021808 ], [ 2.4738058589332, 48.90121252204186 ] ] ] } },
{ "type": "Feature", "properties": { "start_date": 1880, "construction_date.nb": 1, "historic.building": "yes" }, "geometry": { "type": "Polygon", "coordinates": [ [ [ 2.4740581, 48.90104819999997 ], [ 2.4741599, 48.90102 ], [ 2.4741638, 48.9010242 ], [ 2.474219, 48.9010097 ], [ 2.4742648, 48.901082199999969 ], [ 2.474209, 48.901097200000017 ], [ 2.4742118, 48.901103299999974 ], [ 2.4741091, 48.90113089999997 ], [ 2.474106, 48.9011253 ], [ 2.4740499, 48.9011406 ], [ 2.4740244, 48.9010995 ], [ 2.474017, 48.901088799999975 ], [ 2.4740043, 48.9010684 ], [ 2.4740601, 48.9010522 ], [ 2.4740581, 48.90104819999997 ] ] ] } },
{ "type": "Feature", "properties": { "start_date": 1924, "construction_date.nb": 1, "historic.building": "yes" }, "geometry": { "type": "Polygon", "coordinates": [ [ [ 2.475095832191347, 48.901067728773015 ], [ 2.475119880823014, 48.901131325064206 ], [ 2.475013021214612, 48.901150011908541 ], [ 2.474988031495698, 48.901085062526505 ], [ 2.475064896994969, 48.901072702985566 ], [ 2.475095832191347, 48.901067728773015 ] ] ] } },
{ "type": "Feature", "properties": { "start_date": 1937, "construction_date.nb": 2, "historic.building": "yes" }, "geometry": { "type": "Polygon", "coordinates": [ [ [ 2.47509094837202, 48.901247167521738 ], [ 2.475074148151366, 48.901202529393188 ], [ 2.47506704706482, 48.901203307645837 ], [ 2.475052717315251, 48.901163405687306 ], [ 2.475167903821896, 48.901144125786161 ], [ 2.475175805816284, 48.901166185307204 ], [ 2.475139482714225, 48.901214379326397 ], [ 2.47509094837202, 48.901247167521738 ] ] ] } },
{ "type": "Feature", "properties": { "start_date": 1963, "construction_date.nb": 1, "historic.building": "yes" }, "geometry": { "type": "Polygon", "coordinates": [ [ [ 2.475446027906041, 48.900807647439329 ], [ 2.475428582194096, 48.900764861980257 ], [ 2.475485560963917, 48.900755193440645 ], [ 2.475446027906041, 48.900807647439329 ] ] ] } },
{ "type": "Feature", "properties": { "start_date": 1927, "construction_date.nb": 1, "historic.building": "yes" }, "geometry": { "type": "Polygon", "coordinates": [ [ [ 2.475328417527292, 48.900769009670334 ], [ 2.475359425001253, 48.900845946127582 ], [ 2.475229743541921, 48.900868849853659 ], [ 2.475197654983863, 48.900790919385948 ], [ 2.475203802114189, 48.900790047030156 ], [ 2.475199145894174, 48.900778335639245 ], [ 2.475317073123191, 48.900757718664515 ], [ 2.47532376900978, 48.900770068462478 ], [ 2.475328417527292, 48.900769009670334 ] ] ] } },
{ "type": "Feature", "properties": { "start_date": 1928, "construction_date.nb": 2, "historic.building": "yes" }, "geometry": { "type": "MultiPolygon", "coordinates": [ [ [ [ 2.475109943219555, 48.90096697857804 ], [ 2.475109943247408, 48.900966978573052 ], [ 2.475109943249727, 48.900966978578879 ], [ 2.475047348836432, 48.900978844874629 ], [ 2.474984766237269, 48.900989542049622 ], [ 2.474984766235593, 48.900989542046261 ], [ 2.475047348831443, 48.900978844853306 ], [ 2.475109943219555, 48.90096697857804 ] ] ], [ [ [ 2.475095832191347, 48.901067728773015 ], [ 2.475064896994969, 48.901072702985566 ], [ 2.475095832188122, 48.901067728764481 ], [ 2.475095832191347, 48.901067728773015 ] ] ] ] } },
{ "type": "Feature", "properties": { "start_date": 1923, "construction_date.nb": 3, "historic.building": "yes" }, "geometry": { "type": "MultiPolygon", "coordinates": [ [ [ [ 2.474678106489639, 48.900531440514648 ], [ 2.474736592983962, 48.900521085232164 ], [ 2.474736592992988, 48.900521085255455 ], [ 2.474678106525821, 48.900531440538799 ], [ 2.474628769633387, 48.900540877917756 ], [ 2.474678106489639, 48.900531440514648 ] ] ], [ [ [ 2.474769991164614, 48.900604327476039 ], [ 2.47479875513522, 48.90067370008547 ], [ 2.474798817055685, 48.900673783107379 ], [ 2.474798889721615, 48.900673880536601 ], [ 2.474798889728811, 48.900673880552709 ], [ 2.474743819431142, 48.900683621336015 ], [ 2.474715059159425, 48.900613888991501 ], [ 2.474769991160914, 48.900604327476699 ], [ 2.474769991164614, 48.900604327476039 ] ] ] ] } },
{ "type": "Feature", "properties": { "start_date": 1922, "construction_date.nb": 3, "historic.building": "yes" }, "geometry": { "type": "MultiPolygon", "coordinates": [ [ [ [ 2.474736592983962, 48.900521085232164 ], [ 2.474770221900898, 48.900513858412808 ], [ 2.474770221912952, 48.900513858435779 ], [ 2.474736593003723, 48.90052108525353 ], [ 2.474736592992988, 48.900521085255455 ], [ 2.474736592983962, 48.900521085232164 ] ] ], [ [ [ 2.474798817055685, 48.900673783107379 ], [ 2.47479875513522, 48.90067370008547 ], [ 2.474769991164614, 48.900604327476039 ], [ 2.474829298846602, 48.900593705967424 ], [ 2.474858059260294, 48.90066343828569 ], [ 2.474798889745419, 48.900673880549775 ], [ 2.474798889728811, 48.900673880552709 ], [ 2.474798889721615, 48.900673880536601 ], [ 2.474798817055685, 48.900673783107379 ] ] ] ] } },
{ "type": "Feature", "properties": { "start_date": 1910, "construction_date.nb": 1, "historic.building": "yes" }, "geometry": { "type": "Polygon", "coordinates": [ [ [ 2.47499381913558, 48.900565289762184 ], [ 2.475022175102354, 48.900634570623502 ], [ 2.474912985845689, 48.900654416242823 ], [ 2.474884770978226, 48.900584686363651 ], [ 2.47499381913558, 48.900565289762184 ] ] ] } },
{ "type": "Feature", "properties": { "start_date": 1910, "construction_date.nb": 2, "historic.building": "yes" }, "geometry": { "type": "GeometryCollection", "geometries": [ { "type": "MultiLineString", "coordinates": [ [ [ 2.475152582291997, 48.900539635967419 ], [ 2.475152683998113, 48.900539892227393 ], [ 2.475152582291997, 48.900539635967419 ] ], [ [ 2.475152582291997, 48.900539635967419 ], [ 2.475152582290916, 48.900539635964797 ], [ 2.475152582291997, 48.900539635967419 ] ] ] }, { "type": "Polygon", "coordinates": [ [ [ 2.475106132687409, 48.90054671678233 ], [ 2.475140840046486, 48.90054075360861 ], [ 2.475167019225534, 48.900609485301864 ], [ 2.475061932116364, 48.900628359826193 ], [ 2.475033427933155, 48.900560247430455 ], [ 2.475062952124357, 48.900554261560451 ], [ 2.475055626877777, 48.900536693001563 ], [ 2.475099493098238, 48.900528791535194 ], [ 2.475106132687409, 48.90054671678233 ] ] ] } ] } },
{ "type": "Feature", "properties": { "start_date": 1914, "construction_date.nb": 1, "historic.building": "yes" }, "geometry": { "type": "Polygon", "coordinates": [ [ [ 2.474620329702741, 48.900530603707047 ], [ 2.474592827010794, 48.900479895985086 ], [ 2.474728804920252, 48.900454772295639 ], [ 2.474751168521628, 48.900509548133705 ], [ 2.474766340685949, 48.900506467082842 ], [ 2.474770221900898, 48.900513858412808 ], [ 2.474736592983962, 48.900521085232164 ], [ 2.474678106489639, 48.900531440514648 ], [ 2.474628769633387, 48.900540877917756 ], [ 2.474626171735581, 48.900541374854477 ], [ 2.474620329702741, 48.900530603707047 ] ] ] } },
{ "type": "Feature", "properties": { "start_date": 1952, "construction_date.nb": 1, "historic.building": "yes" }, "geometry": { "type": "Polygon", "coordinates": [ [ [ 2.475152582290916, 48.900539635964797 ], [ 2.475152582288952, 48.900539635959852 ], [ 2.475250416407758, 48.90052306778955 ], [ 2.475277153121269, 48.900590632796089 ], [ 2.475179719910585, 48.900608012120173 ], [ 2.475152683998113, 48.900539892227393 ], [ 2.475152582291997, 48.900539635967419 ], [ 2.475152582290916, 48.900539635964797 ] ] ] } },
{ "type": "Feature", "properties": { "start_date": 1955, "construction_date.nb": 1, "historic.building": "yes" }, "geometry": { "type": "Polygon", "coordinates": [ [ [ 2.475487450337422, 48.90041879748761 ], [ 2.475524722809635, 48.900510240177802 ], [ 2.475391622225755, 48.90053411831618 ], [ 2.475352719524956, 48.900442038967959 ], [ 2.475487450337422, 48.90041879748761 ] ] ] } },
{ "type": "Feature", "properties": { "start_date": 1923, "construction_date.nb": 1, "historic.building": "yes" }, "geometry": { "type": "Polygon", "coordinates": [ [ [ 2.47566027230483, 48.900523378158489 ], [ 2.475647060076773, 48.900525704299419 ], [ 2.475621240627736, 48.900461830538283 ], [ 2.475684512821429, 48.900450704768616 ], [ 2.475689999657062, 48.900483934259213 ], [ 2.47566027230483, 48.900523378158489 ] ] ] } },
{ "type": "Feature", "properties": { "start_date": 1938, "construction_date.nb": 1, "historic.building": "yes" }, "geometry": { "type": "Polygon", "coordinates": [ [ [ 2.474656449643543, 48.900217398124255 ], [ 2.474656449653774, 48.900217398144747 ], [ 2.474551182298196, 48.900240678010746 ], [ 2.474546945717635, 48.900241468799869 ], [ 2.474546945707027, 48.900241468778425 ], [ 2.47455118226822, 48.900240677990695 ], [ 2.474656449643543, 48.900217398124255 ] ] ] } },
{ "type": "Feature", "properties": { "start_date": 1930, "construction_date.nb": 1, "historic.building": "yes" }, "geometry": { "type": "Polygon", "coordinates": [ [ [ 2.474546945707027, 48.900241468778425 ], [ 2.474523017594199, 48.900193071103438 ], [ 2.474632383247708, 48.900169179728188 ], [ 2.474656449643543, 48.900217398124255 ], [ 2.47455118226822, 48.900240677990695 ], [ 2.474546945707027, 48.900241468778425 ] ] ] } },
{ "type": "Feature", "properties": { "start_date": 1932, "construction_date.nb": 1, "historic.building": "yes" }, "geometry": { "type": "Polygon", "coordinates": [ [ [ 2.474653186518359, 48.899837876942037 ], [ 2.474612444409053, 48.899847140931328 ], [ 2.474601233393067, 48.899849699736855 ], [ 2.474601233376164, 48.899849699740408 ], [ 2.474586486397606, 48.899824184700137 ], [ 2.474544367567481, 48.899834701676461 ], [ 2.474521161825385, 48.899795839781625 ], [ 2.474616737702678, 48.899773146936042 ], [ 2.474653186518359, 48.899837876942037 ] ] ] } },
{ "type": "Feature", "properties": { "start_date": 1929, "construction_date.nb": 1, "historic.building": "yes" }, "geometry": { "type": "Polygon", "coordinates": [ [ [ 2.474616737702678, 48.899773146936042 ], [ 2.47461673771025, 48.89977314693423 ], [ 2.474653186539375, 48.899837876937042 ], [ 2.474653186518359, 48.899837876942037 ], [ 2.474616737702678, 48.899773146936042 ] ] ] } },
{ "type": "Feature", "properties": { "start_date": 1929, "construction_date.nb": 1, "historic.building": "yes" }, "geometry": { "type": "Polygon", "coordinates": [ [ [ 2.474832822670592, 48.899798196014089 ], [ 2.474794630390889, 48.899730490693756 ], [ 2.474794630395141, 48.899730490692782 ], [ 2.474802637053606, 48.899728520206864 ], [ 2.474890487909261, 48.899706899569047 ], [ 2.474926881655699, 48.899777115023575 ], [ 2.474832822670592, 48.899798196014089 ] ] ] } },
{ "type": "Feature", "properties": { "start_date": 1928, "construction_date.nb": 1, "historic.building": "yes" }, "geometry": { "type": "Polygon", "coordinates": [ [ [ 2.47503077902641, 48.899673161113689 ], [ 2.475060548035828, 48.89972401242634 ], [ 2.474950204240448, 48.899750328038458 ], [ 2.47492125554669, 48.899699300430349 ], [ 2.47503077902641, 48.899673161113689 ] ] ] } },
{ "type": "Feature", "properties": { "start_date": 1932, "construction_date.nb": 1, "historic.building": "yes" }, "geometry": { "type": "Polygon", "coordinates": [ [ [ 2.475480692003801, 48.89957025341937 ], [ 2.475478043210052, 48.899565405465871 ], [ 2.475478043225888, 48.899565405462056 ], [ 2.475480692003801, 48.89957025341937 ] ] ] } },
{ "type": "Feature", "properties": { "start_date": 1933, "construction_date.nb": 1, "historic.building": "yes" }, "geometry": { "type": "Polygon", "coordinates": [ [ [ 2.475542207109299, 48.899588854365042 ], [ 2.475547950806414, 48.899623640671209 ], [ 2.475544573062594, 48.899623072528527 ], [ 2.475535288018638, 48.899624021076434 ], [ 2.47551218510573, 48.899629045978656 ], [ 2.475509094160623, 48.899624445964598 ], [ 2.475485677507022, 48.899579378131577 ], [ 2.475480692003801, 48.89957025341937 ], [ 2.475478043225888, 48.899565405462056 ], [ 2.475486082469176, 48.899563463025991 ], [ 2.475542207109299, 48.899588854365042 ] ] ] } },
{ "type": "Feature", "properties": { "start_date": 2002, "construction_date.nb": 1, "historic.building": "yes" }, "geometry": { "type": "Polygon", "coordinates": [ [ [ 2.474545257911391, 48.899989745822232 ], [ 2.474545257913595, 48.899989745826169 ], [ 2.474509574278422, 48.899997862893599 ], [ 2.474377782215457, 48.90002732137205 ], [ 2.474377782204021, 48.900027321351359 ], [ 2.474377782222998, 48.900027321346727 ], [ 2.474509574242038, 48.899997862869412 ], [ 2.474545257911391, 48.899989745822232 ] ] ] } },
{ "type": "Feature", "properties": { "start_date": 1905, "construction_date.nb": 1, "historic.building": "yes" }, "geometry": { "type": "Polygon", "coordinates": [ [ [ 2.474513080046312, 48.900785669508394 ], [ 2.474536523631937, 48.900828039694169 ], [ 2.474531041234981, 48.900830623633027 ], [ 2.474545912204092, 48.900857398202483 ], [ 2.474412319382626, 48.900889366847046 ], [ 2.474399061668749, 48.900864937518307 ], [ 2.474395256065357, 48.900863571881153 ], [ 2.474370453126703, 48.90082074605742 ], [ 2.474513080046312, 48.900785669508394 ] ] ] } },
{ "type": "Feature", "properties": { "start_date": 1880, "construction_date.nb": 2, "historic.building": "yes" }, "geometry": { "type": "MultiPolygon", "coordinates": [ [ [ [ 2.473839534393951, 48.901856065679752 ], [ 2.473825113433552, 48.901824368741558 ], [ 2.473839534398519, 48.901856065679155 ], [ 2.473839534393951, 48.901856065679752 ] ] ], [ [ [ 2.473765666306719, 48.901828892725298 ], [ 2.473777826834066, 48.901826533701012 ], [ 2.473780644033972, 48.901831222463137 ], [ 2.473824379628117, 48.901822871218556 ], [ 2.473824379628893, 48.901822871220268 ], [ 2.473824514214667, 48.901823051672039 ], [ 2.47383953439368, 48.901856065679794 ], [ 2.473786518888501, 48.901862986610993 ], [ 2.473765666306719, 48.901828892725298 ] ] ] ] } },
{ "type": "Feature", "properties": { "start_date": 1880, "construction_date.nb": 2, "historic.building": "yes" }, "geometry": { "type": "MultiPolygon", "coordinates": [ [ [ [ 2.473824379628893, 48.901822871220268 ], [ 2.473824379628117, 48.901822871218556 ], [ 2.473824379651013, 48.9018228712142 ], [ 2.473824514213862, 48.901823051670263 ], [ 2.473824514214667, 48.901823051672039 ], [ 2.473824379628893, 48.901822871220268 ] ] ], [ [ [ 2.473839534398519, 48.901856065679155 ], [ 2.473825113433552, 48.901824368741558 ], [ 2.473824514214166, 48.901823051670313 ], [ 2.473824379651013, 48.9018228712142 ], [ 2.473870713270366, 48.901813901886079 ], [ 2.473869921042984, 48.90181119686018 ], [ 2.473868999082686, 48.901808048866577 ], [ 2.473883035473279, 48.901805402962552 ], [ 2.473918883754791, 48.901798645439307 ], [ 2.47392600442137, 48.901814444244188 ], [ 2.473938916139717, 48.901843091777714 ], [ 2.473839534398519, 48.901856065679155 ] ] ] ] } },
{ "type": "Feature", "properties": { "start_date": 1926, "construction_date.nb": 1, "historic.building": "yes" }, "geometry": { "type": "Polygon", "coordinates": [ [ [ 2.475109943219555, 48.90096697857804 ], [ 2.475047348831443, 48.900978844853306 ], [ 2.474984766235593, 48.900989542046261 ], [ 2.47497661078855, 48.900973138959351 ], [ 2.474950653632134, 48.900977072047858 ], [ 2.474934783751479, 48.900941120208195 ], [ 2.474954053562343, 48.900937517537322 ], [ 2.474941000038351, 48.900906344381362 ], [ 2.475022869566514, 48.900890335921169 ], [ 2.475029941086261, 48.900906014832522 ], [ 2.475047437643223, 48.900902404374165 ], [ 2.475057282911386, 48.900927088452853 ], [ 2.475087485678135, 48.900921465282089 ], [ 2.475091317595926, 48.900920223056417 ], [ 2.475109943219555, 48.90096697857804 ] ] ] } },
{ "type": "Feature", "properties": { "start_date": 2022, "construction_date.nb": 2, "historic.building": "yes" }, "geometry": { "type": "MultiPolygon", "coordinates": [ [ [ [ 2.474832822670592, 48.899798196014089 ], [ 2.474926881655699, 48.899777115023575 ], [ 2.474926881665628, 48.899777115042717 ], [ 2.474832822682818, 48.899798196035768 ], [ 2.474832822670592, 48.899798196014089 ] ] ], [ [ [ 2.474377782222998, 48.900027321346727 ], [ 2.474377782204021, 48.900027321351359 ], [ 2.474361376986722, 48.899997633994211 ], [ 2.474513453757955, 48.899964875382416 ], [ 2.474524843747668, 48.89996240225333 ], [ 2.474530921908954, 48.899964052738326 ], [ 2.474545257911391, 48.899989745822232 ], [ 2.474509574242038, 48.899997862869412 ], [ 2.474377782222998, 48.900027321346727 ] ] ] ] } },
{ "type": "Feature", "properties": { "start_date": 2021, "construction_date.nb": 1, "historic.building": "yes" }, "geometry": { "type": "Polygon", "coordinates": [ [ [ 2.474361376986722, 48.899997633994211 ], [ 2.474333844189992, 48.899947809763553 ], [ 2.474311147473863, 48.899953105997263 ], [ 2.474306288674638, 48.899944002330102 ], [ 2.474292673121626, 48.899918491573722 ], [ 2.474323981121821, 48.899911434558518 ], [ 2.474312201392289, 48.899889259913621 ], [ 2.474394505075834, 48.899870645819924 ], [ 2.474434538438516, 48.899945104120043 ], [ 2.474455608552405, 48.899952301099901 ], [ 2.474464303838693, 48.899969246206744 ], [ 2.474510298533768, 48.899958832378474 ], [ 2.474513453757955, 48.899964875382416 ], [ 2.474361376986722, 48.899997633994211 ] ] ] } },
{ "type": "Feature", "properties": { "start_date": 1912, "construction_date.nb": 1, "historic.building": "yes" }, "geometry": { "type": "Polygon", "coordinates": [ [ [ 2.473940777117866, 48.899768229362714 ], [ 2.473922280747043, 48.899734755815324 ], [ 2.473911030476131, 48.899714202239366 ], [ 2.474004671415985, 48.899694019423656 ], [ 2.474033192767147, 48.899746754049126 ], [ 2.474059581240133, 48.899740574794819 ], [ 2.474089185668789, 48.899794123546741 ], [ 2.474089185677641, 48.8997941235666 ], [ 2.474050490375622, 48.899803306428183 ], [ 2.474027574173948, 48.899762826953527 ], [ 2.473948133988175, 48.89978154332141 ], [ 2.473940777117866, 48.899768229362714 ] ] ] } },
{ "type": "Feature", "properties": { "start_date": 1936, "construction_date.nb": 1, "historic.building": "yes" }, "geometry": { "type": "Polygon", "coordinates": [ [ [ 2.473059476712044, 48.898644938968381 ], [ 2.473064462848236, 48.898653705883945 ], [ 2.473077322294819, 48.898649985390698 ], [ 2.473085362200852, 48.89866422979 ], [ 2.47309548003968, 48.898661846180381 ], [ 2.473106474255767, 48.898680690049581 ], [ 2.473106474260495, 48.898680690057816 ], [ 2.473081996651534, 48.898686787597612 ], [ 2.47308078456172, 48.898685253425846 ], [ 2.473037295130774, 48.898696483277675 ], [ 2.473039170072341, 48.89869990890201 ], [ 2.47302352951882, 48.898703954052827 ], [ 2.473021216520168, 48.898666191502585 ], [ 2.473059476712044, 48.898644938968381 ] ] ] } },
{ "type": "Feature", "properties": { "start_date": 1900, "construction_date.nb": 1, "historic.building": "yes" }, "geometry": { "type": "Polygon", "coordinates": [ [ [ 2.473291437022694, 48.89857054226443 ], [ 2.473203383126333, 48.898593523905461 ], [ 2.473203383116655, 48.898593523889566 ], [ 2.473190760432594, 48.898572014067547 ], [ 2.473237413396234, 48.898546099398374 ], [ 2.473291437022694, 48.89857054226443 ] ] ] } },
{ "type": "Feature", "properties": { "start_date": 1895, "construction_date.nb": 1, "historic.building": "yes" }, "geometry": { "type": "Polygon", "coordinates": [ [ [ 2.474168370639653, 48.901813137029436 ], [ 2.474158232394121, 48.901790163874054 ], [ 2.474169444753703, 48.901787515194975 ], [ 2.474163060883872, 48.901771299703405 ], [ 2.474166223598361, 48.90176879554857 ], [ 2.474201482049058, 48.901762385389723 ], [ 2.474210165746905, 48.901780499539854 ], [ 2.474260737788665, 48.901770559393171 ], [ 2.474246734138437, 48.90173893236863 ], [ 2.474248412798854, 48.901734802912905 ], [ 2.474274650411713, 48.901730151783269 ], [ 2.47428324875996, 48.90175085842229 ], [ 2.47428916605109, 48.90176510850123 ], [ 2.474290299507538, 48.901767780780119 ], [ 2.474291341924848, 48.901770238423644 ], [ 2.474237908379675, 48.901804058943156 ], [ 2.474168370639653, 48.901813137029436 ] ] ] } },
{ "type": "Feature", "properties": { "start_date": 1895, "construction_date.nb": 1, "historic.building": "yes" }, "geometry": { "type": "MultiPolygon", "coordinates": [ [ [ [ 2.47428324875996, 48.90175085842229 ], [ 2.474274650411713, 48.901730151783269 ], [ 2.474274650412828, 48.901730151783084 ], [ 2.47428324875996, 48.90175085842229 ] ] ], [ [ [ 2.474291341924848, 48.901770238423644 ], [ 2.474290299507538, 48.901767780780119 ], [ 2.474291341925539, 48.901770238423218 ], [ 2.474291341924848, 48.901770238423644 ] ] ] ] } },
{ "type": "Feature", "properties": { "start_date": 1900, "construction_date.nb": 1, "historic.building": "yes" }, "geometry": { "type": "Polygon", "coordinates": [ [ [ 2.474668730930344, 48.901531369762097 ], [ 2.474645760583927, 48.901479345512705 ], [ 2.474702229342644, 48.901466283492375 ], [ 2.474716687923333, 48.901500003365697 ], [ 2.474692938160362, 48.901516047657275 ], [ 2.474668730930344, 48.901531369762097 ] ] ] } },
{ "type": "Feature", "properties": { "start_date": 1900, "construction_date.nb": 2, "historic.building": "yes" }, "geometry": { "type": "Polygon", "coordinates": [ [ [ 2.474535142060991, 48.901316266036766 ], [ 2.474528105286165, 48.9013053418536 ], [ 2.474493373563724, 48.901251422802133 ], [ 2.474493373568195, 48.901251422800968 ], [ 2.474489636926683, 48.901243222737506 ], [ 2.47461889387396, 48.901208447137698 ], [ 2.474664391007208, 48.901282299755117 ], [ 2.474657964645752, 48.901283800368532 ], [ 2.474668951813974, 48.901303453397432 ], [ 2.474605084850137, 48.901319720450864 ], [ 2.474592723662191, 48.90130105062903 ], [ 2.474535410349224, 48.901316716884509 ], [ 2.474535410340529, 48.901316716886875 ], [ 2.474535410327556, 48.901316716865885 ], [ 2.474535142073826, 48.901316266058338 ], [ 2.474535142060991, 48.901316266036766 ] ] ] } },
{ "type": "Feature", "properties": { "start_date": 1895, "construction_date.nb": 2, "historic.building": "yes" }, "geometry": { "type": "Polygon", "coordinates": [ [ [ 2.474535410327556, 48.901316716865885 ], [ 2.474535410340529, 48.901316716886875 ], [ 2.474505454635644, 48.901324859040251 ], [ 2.474523678611345, 48.901357313972071 ], [ 2.474490030967121, 48.901366339216459 ], [ 2.474479564965214, 48.901349116584441 ], [ 2.474470033811993, 48.90133387653367 ], [ 2.47443803116152, 48.901342099640573 ], [ 2.474402714590705, 48.901287573572084 ], [ 2.474395856241618, 48.901276984784793 ], [ 2.474395856239429, 48.90127698478139 ], [ 2.474493373563724, 48.901251422802133 ], [ 2.474528105286165, 48.9013053418536 ], [ 2.474535142060991, 48.901316266036766 ], [ 2.474535142073826, 48.901316266058338 ], [ 2.474535410327556, 48.901316716865885 ] ] ] } },
{ "type": "Feature", "properties": { "start_date": 1900, "construction_date.nb": 1, "historic.building": "yes" }, "geometry": { "type": "Polygon", "coordinates": [ [ [ 2.474402714590705, 48.901287573572084 ], [ 2.474395856234354, 48.901276984782733 ], [ 2.474395856239429, 48.90127698478139 ], [ 2.474395856241618, 48.901276984784793 ], [ 2.474402714590705, 48.901287573572084 ] ] ] } },
{ "type": "Feature", "properties": { "start_date": 2002, "construction_date.nb": 1, "historic.building": "yes" }, "geometry": { "type": "Polygon", "coordinates": [ [ [ 2.474402714590705, 48.901287573572084 ], [ 2.474395856234354, 48.901276984782733 ], [ 2.474395856239429, 48.90127698478139 ], [ 2.474395856241618, 48.901276984784793 ], [ 2.474402714590705, 48.901287573572084 ] ] ] } },
{ "type": "Feature", "properties": { "start_date": 1900, "construction_date.nb": 1, "historic.building": "yes" }, "geometry": { "type": "Polygon", "coordinates": [ [ [ 2.473663467101543, 48.9014670290167 ], [ 2.473744165777695, 48.901445530527518 ], [ 2.473760262328363, 48.901472490464819 ], [ 2.473771468276853, 48.901470471270173 ], [ 2.473776700717219, 48.901479127606301 ], [ 2.473766574146891, 48.901482320580286 ], [ 2.473782552520794, 48.90150748137907 ], [ 2.473702807674189, 48.901529074033682 ], [ 2.473702807661069, 48.901529074012679 ], [ 2.473663467101543, 48.9014670290167 ] ] ] } },
{ "type": "Feature", "properties": { "start_date": 1889, "construction_date.nb": 2, "historic.building": "yes" }, "geometry": { "type": "Polygon", "coordinates": [ [ [ 2.473702807661069, 48.901529074012679 ], [ 2.473702807674189, 48.901529074033682 ], [ 2.473702807668125, 48.901529074035338 ], [ 2.473627859625071, 48.901548439424865 ], [ 2.473589201133338, 48.901486397381419 ], [ 2.473663467097021, 48.901467029017901 ], [ 2.473663467101543, 48.9014670290167 ], [ 2.473702807661069, 48.901529074012679 ] ] ] } },
{ "type": "Feature", "properties": { "start_date": 1988, "construction_date.nb": 1, "historic.building": "yes" }, "geometry": { "type": "Polygon", "coordinates": [ [ [ 2.473409923882256, 48.901247247575299 ], [ 2.473434529942552, 48.901242005996366 ], [ 2.473434529948792, 48.901242006007791 ], [ 2.473434529935121, 48.901242006010726 ], [ 2.473409923887659, 48.901247247584131 ], [ 2.473409923882256, 48.901247247575299 ] ] ] } },
{ "type": "Feature", "properties": { "start_date": 1932, "construction_date.nb": 1, "historic.building": "yes" }, "geometry": { "type": "Polygon", "coordinates": [ [ [ 2.473453157628318, 48.901238026499122 ], [ 2.473434529948792, 48.901242006007791 ], [ 2.473434529942552, 48.901242005996366 ], [ 2.473453157628318, 48.901238026499122 ] ] ] } },
{ "type": "Feature", "properties": { "start_date": 1925, "construction_date.nb": 1, "historic.building": "yes" }, "geometry": { "type": "Polygon", "coordinates": [ [ [ 2.473374959516916, 48.901188337467318 ], [ 2.473429326838684, 48.901176513779816 ], [ 2.473458453106514, 48.901236895203425 ], [ 2.473453157628318, 48.901238026499122 ], [ 2.473434529942552, 48.901242005996366 ], [ 2.473409923882256, 48.901247247575299 ], [ 2.473391972919957, 48.901217897046941 ], [ 2.473374959516916, 48.901188337467318 ] ] ] } },
{ "type": "Feature", "properties": { "start_date": 1905, "construction_date.nb": 2, "historic.building": "yes" }, "geometry": { "type": "Polygon", "coordinates": [ [ [ 2.473317272756894, 48.901088110539348 ], [ 2.473346255609171, 48.901081991317803 ], [ 2.473346255614933, 48.901081991328994 ], [ 2.473378246451575, 48.901074937565404 ], [ 2.473400698046702, 48.901120900801665 ], [ 2.473415327629518, 48.901117547756613 ], [ 2.473419182330832, 48.901127546990267 ], [ 2.473405099276138, 48.901130812489107 ], [ 2.473415670381802, 48.901151093319065 ], [ 2.47336029798586, 48.901162864068198 ], [ 2.473317272756894, 48.901088110539348 ] ] ] } },
{ "type": "Feature", "properties": { "start_date": 1920, "construction_date.nb": 2, "historic.building": "yes" }, "geometry": { "type": "MultiPolygon", "coordinates": [ [ [ [ 2.473276477074489, 48.901009736090835 ], [ 2.473342352212152, 48.90099591069702 ], [ 2.473342352215372, 48.900995910696338 ], [ 2.473342352223629, 48.900995910714251 ], [ 2.473276477076664, 48.901009736095446 ], [ 2.473276477074489, 48.901009736090835 ] ] ], [ [ [ 2.473281779091982, 48.901020986266147 ], [ 2.473340179717689, 48.901008401490465 ], [ 2.473353015955227, 48.901033998187593 ], [ 2.473309818356917, 48.901043161009326 ], [ 2.473325987251014, 48.901076416439331 ], [ 2.473341707104562, 48.901073158147149 ], [ 2.473346255609171, 48.901081991317803 ], [ 2.473317272756894, 48.901088110539348 ], [ 2.473295972191307, 48.901051102107374 ], [ 2.473281779091982, 48.901020986266147 ] ] ] ] } },
{ "type": "Feature", "properties": { "start_date": 1894, "construction_date.nb": 1, "historic.building": "yes" }, "geometry": { "type": "Polygon", "coordinates": [ [ [ 2.473244174338088, 48.90094119386972 ], [ 2.473310851058203, 48.900927604878781 ], [ 2.473342352215372, 48.900995910696338 ], [ 2.473342352212152, 48.90099591069702 ], [ 2.473276477074489, 48.901009736090835 ], [ 2.473244174338088, 48.90094119386972 ] ] ] } },
{ "type": "Feature", "properties": { "start_date": 1901, "construction_date.nb": 1, "historic.building": "yes" }, "geometry": { "type": "Polygon", "coordinates": [ [ [ 2.473164247322678, 48.900771598252462 ], [ 2.473199354594444, 48.900764148825331 ], [ 2.47316424732755, 48.9007715982628 ], [ 2.473164247322678, 48.900771598252462 ] ] ] } },
{ "type": "Feature", "properties": { "start_date": 1910, "construction_date.nb": 2, "historic.building": "yes" }, "geometry": { "type": "MultiPolygon", "coordinates": [ [ [ [ 2.47315971243464, 48.900682509916798 ], [ 2.473207444186616, 48.900672466969461 ], [ 2.47320744418794, 48.900672466971976 ], [ 2.47315971243464, 48.900682509916798 ] ] ], [ [ [ 2.473145778173794, 48.900699732565663 ], [ 2.47317476968243, 48.900693187123387 ], [ 2.473209265856783, 48.900762045744926 ], [ 2.473199354594444, 48.900764148825331 ], [ 2.473164247322678, 48.900771598252462 ], [ 2.473148078825511, 48.900737290478467 ], [ 2.473145778173794, 48.900699732565663 ] ] ] ] } },
{ "type": "Feature", "properties": { "start_date": 1930, "construction_date.nb": 1, "historic.building": "yes" }, "geometry": { "type": "Polygon", "coordinates": [ [ [ 2.473140355229757, 48.900611203314561 ], [ 2.473144917684305, 48.900610229831045 ], [ 2.473162431213882, 48.900645379778879 ], [ 2.473190045155834, 48.90063947588245 ], [ 2.473207444186616, 48.900672466969461 ], [ 2.47315971243464, 48.900682509916798 ], [ 2.473144913912975, 48.900685623578276 ], [ 2.473140355229757, 48.900611203314561 ] ] ] } },
{ "type": "Feature", "properties": { "start_date": 1925, "construction_date.nb": 1, "historic.building": "yes" }, "geometry": { "type": "Polygon", "coordinates": [ [ [ 2.47326676696008, 48.900202031574203 ], [ 2.473266766956398, 48.900202031575084 ], [ 2.473254939006683, 48.900180478595367 ], [ 2.47326676695954, 48.900202031573038 ], [ 2.47326676696008, 48.900202031574203 ] ] ] } },
{ "type": "Feature", "properties": { "start_date": 1930, "construction_date.nb": 1, "historic.building": "yes" }, "geometry": { "type": "Polygon", "coordinates": [ [ [ 2.473361418274271, 48.900179092710886 ], [ 2.473361525717515, 48.900179336138393 ], [ 2.47326676696008, 48.900202031574203 ], [ 2.47326676695954, 48.900202031573038 ], [ 2.473254939006683, 48.900180478595367 ], [ 2.473233818681511, 48.900141992930237 ], [ 2.473328309991827, 48.900118756749521 ], [ 2.473328309993879, 48.900118756753272 ], [ 2.473359258778195, 48.900174200125015 ], [ 2.473361418274271, 48.900179092710886 ] ] ] } },
{ "type": "Feature", "properties": { "start_date": 1907, "construction_date.nb": 1, "historic.building": "yes" }, "geometry": { "type": "Polygon", "coordinates": [ [ [ 2.473328309991827, 48.900118756749521 ], [ 2.473328310001226, 48.900118756747212 ], [ 2.473359258804134, 48.900174200132746 ], [ 2.473361418274271, 48.900179092710886 ], [ 2.473359258778195, 48.900174200125015 ], [ 2.473328309993879, 48.900118756753272 ], [ 2.473328309991827, 48.900118756749521 ] ] ] } },
{ "type": "Feature", "properties": { "start_date": 1900, "construction_date.nb": 2, "historic.building": "yes" }, "geometry": { "type": "Polygon", "coordinates": [ [ [ 2.473611872590773, 48.900107682886613 ], [ 2.473611872591317, 48.900107682887601 ], [ 2.473611872581373, 48.900107682890038 ], [ 2.473649760709033, 48.900175288656442 ], [ 2.473669621525636, 48.900210727283529 ], [ 2.473636115407606, 48.900219303294371 ], [ 2.473636115397644, 48.900219303296858 ], [ 2.473569185970812, 48.900106865760158 ], [ 2.473506977828189, 48.90012107113386 ], [ 2.473467587622727, 48.900050572289594 ], [ 2.473566593498773, 48.900026006830529 ], [ 2.473578779381524, 48.900048453069495 ], [ 2.473600775236424, 48.900087820995296 ], [ 2.473611872590773, 48.900107682886613 ] ] ] } },
{ "type": "Feature", "properties": { "start_date": 1904, "construction_date.nb": 2, "historic.building": "yes" }, "geometry": { "type": "MultiPolygon", "coordinates": [ [ [ [ 2.473578779381524, 48.900048453069495 ], [ 2.473566593498773, 48.900026006830529 ], [ 2.473566593511093, 48.900026006827481 ], [ 2.473578779407478, 48.900048453075826 ], [ 2.473684343252462, 48.900022837149784 ], [ 2.473717440218189, 48.900081707256362 ], [ 2.473611872591317, 48.900107682887601 ], [ 2.473611872590773, 48.900107682886613 ], [ 2.473600775236424, 48.900087820995296 ], [ 2.473578779381524, 48.900048453069495 ] ] ], [ [ [ 2.473669621530901, 48.900210727282328 ], [ 2.473669621525636, 48.900210727283529 ], [ 2.473649760709033, 48.900175288656442 ], [ 2.473669621530901, 48.900210727282328 ] ] ] ] } },
{ "type": "Feature", "properties": { "start_date": 1930, "construction_date.nb": 1, "historic.building": "yes" }, "geometry": { "type": "Polygon", "coordinates": [ [ [ 2.473821340727553, 48.900004733569709 ], [ 2.473850671336578, 48.900058371105082 ], [ 2.473795296020218, 48.900071347589325 ], [ 2.473807191950652, 48.900095501241175 ], [ 2.473764664471049, 48.900105926197206 ], [ 2.473716850818815, 48.900018573421946 ], [ 2.473759232769941, 48.900009047134631 ], [ 2.473764330451177, 48.900017523026172 ], [ 2.473821340727553, 48.900004733569709 ] ] ] } },
{ "type": "Feature", "properties": { "start_date": 2007, "construction_date.nb": 1, "historic.building": "yes" }, "geometry": { "type": "Polygon", "coordinates": [ [ [ 2.473960577334497, 48.900004441924956 ], [ 2.473924575366379, 48.89993962769389 ], [ 2.474055160715674, 48.899908096013874 ], [ 2.474095465465531, 48.899982645568215 ], [ 2.474061558549717, 48.899990410573722 ], [ 2.474067990320465, 48.900001860000778 ], [ 2.47405459232166, 48.900004858805445 ], [ 2.474049381787939, 48.899994044251756 ], [ 2.473965837473618, 48.900013911714026 ], [ 2.473965837464532, 48.900013911697783 ], [ 2.473960577334497, 48.900004441924956 ] ] ] } },
{ "type": "Feature", "properties": { "start_date": 1910, "construction_date.nb": 1, "historic.building": "yes" }, "geometry": { "type": "Polygon", "coordinates": [ [ [ 2.473960577334497, 48.900004441924956 ], [ 2.473924575366379, 48.89993962769389 ], [ 2.474055160715674, 48.899908096013874 ], [ 2.474095465465531, 48.899982645568215 ], [ 2.474061558549717, 48.899990410573722 ], [ 2.474067990320465, 48.900001860000778 ], [ 2.47405459232166, 48.900004858805445 ], [ 2.474049381787939, 48.899994044251756 ], [ 2.473965837473618, 48.900013911714026 ], [ 2.473965837464532, 48.900013911697783 ], [ 2.473960577334497, 48.900004441924956 ] ] ] } },
{ "type": "Feature", "properties": { "start_date": 1925, "construction_date.nb": 1, "historic.building": "yes" }, "geometry": { "type": "Polygon", "coordinates": [ [ [ 2.47427914120399, 48.900245419608027 ], [ 2.474317563331107, 48.900317352805232 ], [ 2.474261905967253, 48.900331227590556 ], [ 2.474219925727563, 48.900260447862529 ], [ 2.47427914120399, 48.900245419608027 ] ] ] } },
{ "type": "Feature", "properties": { "start_date": 1956, "construction_date.nb": 1, "historic.building": "yes" }, "geometry": { "type": "Polygon", "coordinates": [ [ [ 2.473746148313416, 48.90027788195313 ], [ 2.473746148315395, 48.900277881952633 ], [ 2.47379438330701, 48.90036406747334 ], [ 2.4737943832841, 48.900364067478833 ], [ 2.473794383268721, 48.900364067451875 ], [ 2.473746148313416, 48.90027788195313 ] ] ] } },
{ "type": "Feature", "properties": { "start_date": 1925, "construction_date.nb": 2, "historic.building": "yes" }, "geometry": { "type": "MultiPolygon", "coordinates": [ [ [ [ 2.473669621525636, 48.900210727283529 ], [ 2.473669621530901, 48.900210727282328 ], [ 2.473669621535041, 48.900210727289711 ], [ 2.473636115406393, 48.900219303311538 ], [ 2.473636115397644, 48.900219303296858 ], [ 2.473636115407606, 48.900219303294371 ], [ 2.473669621525636, 48.900210727283529 ] ] ], [ [ [ 2.473794383268721, 48.900364067451875 ], [ 2.4737943832841, 48.900364067478833 ], [ 2.47374802909509, 48.900375195035181 ], [ 2.473784608202069, 48.900440465461045 ], [ 2.473715821600534, 48.900457699641407 ], [ 2.473667689440837, 48.900374842001909 ], [ 2.47371350442055, 48.900363082590701 ], [ 2.473723828996069, 48.900380754331394 ], [ 2.47373585949382, 48.900378109285718 ], [ 2.473688030184284, 48.900292285255205 ], [ 2.473746148313416, 48.90027788195313 ], [ 2.473794383268721, 48.900364067451875 ] ] ] ] } },
{ "type": "Feature", "properties": { "start_date": 1936, "construction_date.nb": 1, "historic.building": "yes" }, "geometry": { "type": "Polygon", "coordinates": [ [ [ 2.474009255384571, 48.900495860211812 ], [ 2.474050545306067, 48.900567446343302 ], [ 2.473940883983721, 48.900593494231778 ], [ 2.47391957432178, 48.90055598954612 ], [ 2.473900678098812, 48.900522632251587 ], [ 2.474009255384571, 48.900495860211812 ] ] ] } },
{ "type": "Feature", "properties": { "start_date": 1924, "construction_date.nb": 1, "historic.building": "yes" }, "geometry": { "type": "Polygon", "coordinates": [ [ [ 2.474111843516047, 48.900454313144358 ], [ 2.474142927057482, 48.900510026677985 ], [ 2.474065677253873, 48.90052785344416 ], [ 2.474034451047031, 48.900472768775401 ], [ 2.474111843516047, 48.900454313144358 ] ] ] } },
{ "type": "Feature", "properties": { "start_date": 1931, "construction_date.nb": 1, "historic.building": "yes" }, "geometry": { "type": "Polygon", "coordinates": [ [ [ 2.474324605625435, 48.900606060610073 ], [ 2.474282805959125, 48.900530875112906 ], [ 2.474395610590526, 48.900504211194928 ], [ 2.474436867504719, 48.900579124488402 ], [ 2.474436867494726, 48.900579124490811 ], [ 2.474433035566167, 48.900580366702549 ], [ 2.474324605625435, 48.900606060610073 ] ] ] } },
{ "type": "Feature", "properties": { "start_date": 1971, "construction_date.nb": 1, "historic.building": "yes" }, "geometry": { "type": "Polygon", "coordinates": [ [ [ 2.474436867504719, 48.900579124488402 ], [ 2.474436867510259, 48.900579124498464 ], [ 2.474433035598408, 48.90058036670473 ], [ 2.474324605629123, 48.90060606061671 ], [ 2.474324605625435, 48.900606060610073 ], [ 2.474433035566167, 48.900580366702549 ], [ 2.474436867494726, 48.900579124490811 ], [ 2.474436867504719, 48.900579124488402 ] ] ] } },
{ "type": "Feature", "properties": { "start_date": 2021, "construction_date.nb": 1, "historic.building": "yes" }, "geometry": { "type": "Polygon", "coordinates": [ [ [ 2.4738058589332, 48.90121252204186 ], [ 2.473805858923458, 48.90121252204446 ], [ 2.473778887448577, 48.901169139602288 ], [ 2.473805858920565, 48.901212522021808 ], [ 2.4738058589332, 48.90121252204186 ] ] ] } },
{ "type": "Feature", "properties": { "start_date": 1880, "construction_date.nb": 1, "historic.building": "yes" }, "geometry": { "type": "Polygon", "coordinates": [ [ [ 2.4740581, 48.90104819999997 ], [ 2.4741599, 48.90102 ], [ 2.4741638, 48.9010242 ], [ 2.474219, 48.9010097 ], [ 2.4742648, 48.901082199999969 ], [ 2.474209, 48.901097200000017 ], [ 2.4742118, 48.901103299999974 ], [ 2.4741091, 48.90113089999997 ], [ 2.474106, 48.9011253 ], [ 2.4740499, 48.9011406 ], [ 2.4740244, 48.9010995 ], [ 2.474017, 48.901088799999975 ], [ 2.4740043, 48.9010684 ], [ 2.4740601, 48.9010522 ], [ 2.4740581, 48.90104819999997 ] ] ] } },
{ "type": "Feature", "properties": { "start_date": 1924, "construction_date.nb": 1, "historic.building": "yes" }, "geometry": { "type": "Polygon", "coordinates": [ [ [ 2.475095832191347, 48.901067728773015 ], [ 2.475119880823014, 48.901131325064206 ], [ 2.475013021214612, 48.901150011908541 ], [ 2.474988031495698, 48.901085062526505 ], [ 2.475064896994969, 48.901072702985566 ], [ 2.475095832191347, 48.901067728773015 ] ] ] } },
{ "type": "Feature", "properties": { "start_date": 1937, "construction_date.nb": 2, "historic.building": "yes" }, "geometry": { "type": "Polygon", "coordinates": [ [ [ 2.47509094837202, 48.901247167521738 ], [ 2.475074148151366, 48.901202529393188 ], [ 2.47506704706482, 48.901203307645837 ], [ 2.475052717315251, 48.901163405687306 ], [ 2.475167903821896, 48.901144125786161 ], [ 2.475175805816284, 48.901166185307204 ], [ 2.475139482714225, 48.901214379326397 ], [ 2.47509094837202, 48.901247167521738 ] ] ] } },
{ "type": "Feature", "properties": { "start_date": 1963, "construction_date.nb": 1, "historic.building": "yes" }, "geometry": { "type": "Polygon", "coordinates": [ [ [ 2.475446027906041, 48.900807647439329 ], [ 2.475428582194096, 48.900764861980257 ], [ 2.475485560963917, 48.900755193440645 ], [ 2.475446027906041, 48.900807647439329 ] ] ] } },
{ "type": "Feature", "properties": { "start_date": 1927, "construction_date.nb": 1, "historic.building": "yes" }, "geometry": { "type": "Polygon", "coordinates": [ [ [ 2.475328417527292, 48.900769009670334 ], [ 2.475359425001253, 48.900845946127582 ], [ 2.475229743541921, 48.900868849853659 ], [ 2.475197654983863, 48.900790919385948 ], [ 2.475203802114189, 48.900790047030156 ], [ 2.475199145894174, 48.900778335639245 ], [ 2.475317073123191, 48.900757718664515 ], [ 2.47532376900978, 48.900770068462478 ], [ 2.475328417527292, 48.900769009670334 ] ] ] } },
{ "type": "Feature", "properties": { "start_date": 1928, "construction_date.nb": 2, "historic.building": "yes" }, "geometry": { "type": "MultiPolygon", "coordinates": [ [ [ [ 2.475109943219555, 48.90096697857804 ], [ 2.475109943247408, 48.900966978573052 ], [ 2.475109943249727, 48.900966978578879 ], [ 2.475047348836432, 48.900978844874629 ], [ 2.474984766237269, 48.900989542049622 ], [ 2.474984766235593, 48.900989542046261 ], [ 2.475047348831443, 48.900978844853306 ], [ 2.475109943219555, 48.90096697857804 ] ] ], [ [ [ 2.475095832191347, 48.901067728773015 ], [ 2.475064896994969, 48.901072702985566 ], [ 2.475095832188122, 48.901067728764481 ], [ 2.475095832191347, 48.901067728773015 ] ] ] ] } },
{ "type": "Feature", "properties": { "start_date": 1923, "construction_date.nb": 3, "historic.building": "yes" }, "geometry": { "type": "MultiPolygon", "coordinates": [ [ [ [ 2.474678106489639, 48.900531440514648 ], [ 2.474736592983962, 48.900521085232164 ], [ 2.474736592992988, 48.900521085255455 ], [ 2.474678106525821, 48.900531440538799 ], [ 2.474628769633387, 48.900540877917756 ], [ 2.474678106489639, 48.900531440514648 ] ] ], [ [ [ 2.474769991164614, 48.900604327476039 ], [ 2.47479875513522, 48.90067370008547 ], [ 2.474798817055685, 48.900673783107379 ], [ 2.474798889721615, 48.900673880536601 ], [ 2.474798889728811, 48.900673880552709 ], [ 2.474743819431142, 48.900683621336015 ], [ 2.474715059159425, 48.900613888991501 ], [ 2.474769991160914, 48.900604327476699 ], [ 2.474769991164614, 48.900604327476039 ] ] ] ] } },
{ "type": "Feature", "properties": { "start_date": 1922, "construction_date.nb": 3, "historic.building": "yes" }, "geometry": { "type": "MultiPolygon", "coordinates": [ [ [ [ 2.474736592983962, 48.900521085232164 ], [ 2.474770221900898, 48.900513858412808 ], [ 2.474770221912952, 48.900513858435779 ], [ 2.474736593003723, 48.90052108525353 ], [ 2.474736592992988, 48.900521085255455 ], [ 2.474736592983962, 48.900521085232164 ] ] ], [ [ [ 2.474798817055685, 48.900673783107379 ], [ 2.47479875513522, 48.90067370008547 ], [ 2.474769991164614, 48.900604327476039 ], [ 2.474829298846602, 48.900593705967424 ], [ 2.474858059260294, 48.90066343828569 ], [ 2.474798889745419, 48.900673880549775 ], [ 2.474798889728811, 48.900673880552709 ], [ 2.474798889721615, 48.900673880536601 ], [ 2.474798817055685, 48.900673783107379 ] ] ] ] } },
{ "type": "Feature", "properties": { "start_date": 1910, "construction_date.nb": 1, "historic.building": "yes" }, "geometry": { "type": "Polygon", "coordinates": [ [ [ 2.47499381913558, 48.900565289762184 ], [ 2.475022175102354, 48.900634570623502 ], [ 2.474912985845689, 48.900654416242823 ], [ 2.474884770978226, 48.900584686363651 ], [ 2.47499381913558, 48.900565289762184 ] ] ] } },
{ "type": "Feature", "properties": { "start_date": 1910, "construction_date.nb": 2, "historic.building": "yes" }, "geometry": { "type": "GeometryCollection", "geometries": [ { "type": "MultiLineString", "coordinates": [ [ [ 2.475152582291997, 48.900539635967419 ], [ 2.475152683998113, 48.900539892227393 ], [ 2.475152582291997, 48.900539635967419 ] ], [ [ 2.475152582291997, 48.900539635967419 ], [ 2.475152582290916, 48.900539635964797 ], [ 2.475152582291997, 48.900539635967419 ] ] ] }, { "type": "Polygon", "coordinates": [ [ [ 2.475106132687409, 48.90054671678233 ], [ 2.475140840046486, 48.90054075360861 ], [ 2.475167019225534, 48.900609485301864 ], [ 2.475061932116364, 48.900628359826193 ], [ 2.475033427933155, 48.900560247430455 ], [ 2.475062952124357, 48.900554261560451 ], [ 2.475055626877777, 48.900536693001563 ], [ 2.475099493098238, 48.900528791535194 ], [ 2.475106132687409, 48.90054671678233 ] ] ] } ] } },
{ "type": "Feature", "properties": { "start_date": 1914, "construction_date.nb": 1, "historic.building": "yes" }, "geometry": { "type": "Polygon", "coordinates": [ [ [ 2.474620329702741, 48.900530603707047 ], [ 2.474592827010794, 48.900479895985086 ], [ 2.474728804920252, 48.900454772295639 ], [ 2.474751168521628, 48.900509548133705 ], [ 2.474766340685949, 48.900506467082842 ], [ 2.474770221900898, 48.900513858412808 ], [ 2.474736592983962, 48.900521085232164 ], [ 2.474678106489639, 48.900531440514648 ], [ 2.474628769633387, 48.900540877917756 ], [ 2.474626171735581, 48.900541374854477 ], [ 2.474620329702741, 48.900530603707047 ] ] ] } },
{ "type": "Feature", "properties": { "start_date": 1952, "construction_date.nb": 1, "historic.building": "yes" }, "geometry": { "type": "Polygon", "coordinates": [ [ [ 2.475152582290916, 48.900539635964797 ], [ 2.475152582288952, 48.900539635959852 ], [ 2.475250416407758, 48.90052306778955 ], [ 2.475277153121269, 48.900590632796089 ], [ 2.475179719910585, 48.900608012120173 ], [ 2.475152683998113, 48.900539892227393 ], [ 2.475152582291997, 48.900539635967419 ], [ 2.475152582290916, 48.900539635964797 ] ] ] } },
{ "type": "Feature", "properties": { "start_date": 1955, "construction_date.nb": 1, "historic.building": "yes" }, "geometry": { "type": "Polygon", "coordinates": [ [ [ 2.475487450337422, 48.90041879748761 ], [ 2.475524722809635, 48.900510240177802 ], [ 2.475391622225755, 48.90053411831618 ], [ 2.475352719524956, 48.900442038967959 ], [ 2.475487450337422, 48.90041879748761 ] ] ] } },
{ "type": "Feature", "properties": { "start_date": 1923, "construction_date.nb": 1, "historic.building": "yes" }, "geometry": { "type": "Polygon", "coordinates": [ [ [ 2.47566027230483, 48.900523378158489 ], [ 2.475647060076773, 48.900525704299419 ], [ 2.475621240627736, 48.900461830538283 ], [ 2.475684512821429, 48.900450704768616 ], [ 2.475689999657062, 48.900483934259213 ], [ 2.47566027230483, 48.900523378158489 ] ] ] } },
{ "type": "Feature", "properties": { "start_date": 1938, "construction_date.nb": 1, "historic.building": "yes" }, "geometry": { "type": "Polygon", "coordinates": [ [ [ 2.474656449643543, 48.900217398124255 ], [ 2.474656449653774, 48.900217398144747 ], [ 2.474551182298196, 48.900240678010746 ], [ 2.474546945717635, 48.900241468799869 ], [ 2.474546945707027, 48.900241468778425 ], [ 2.47455118226822, 48.900240677990695 ], [ 2.474656449643543, 48.900217398124255 ] ] ] } },
{ "type": "Feature", "properties": { "start_date": 1930, "construction_date.nb": 1, "historic.building": "yes" }, "geometry": { "type": "Polygon", "coordinates": [ [ [ 2.474546945707027, 48.900241468778425 ], [ 2.474523017594199, 48.900193071103438 ], [ 2.474632383247708, 48.900169179728188 ], [ 2.474656449643543, 48.900217398124255 ], [ 2.47455118226822, 48.900240677990695 ], [ 2.474546945707027, 48.900241468778425 ] ] ] } },
{ "type": "Feature", "properties": { "start_date": 1932, "construction_date.nb": 1, "historic.building": "yes" }, "geometry": { "type": "Polygon", "coordinates": [ [ [ 2.474653186518359, 48.899837876942037 ], [ 2.474612444409053, 48.899847140931328 ], [ 2.474601233393067, 48.899849699736855 ], [ 2.474601233376164, 48.899849699740408 ], [ 2.474586486397606, 48.899824184700137 ], [ 2.474544367567481, 48.899834701676461 ], [ 2.474521161825385, 48.899795839781625 ], [ 2.474616737702678, 48.899773146936042 ], [ 2.474653186518359, 48.899837876942037 ] ] ] } },
{ "type": "Feature", "properties": { "start_date": 1929, "construction_date.nb": 1, "historic.building": "yes" }, "geometry": { "type": "Polygon", "coordinates": [ [ [ 2.474616737702678, 48.899773146936042 ], [ 2.47461673771025, 48.89977314693423 ], [ 2.474653186539375, 48.899837876937042 ], [ 2.474653186518359, 48.899837876942037 ], [ 2.474616737702678, 48.899773146936042 ] ] ] } },
{ "type": "Feature", "properties": { "start_date": 1929, "construction_date.nb": 1, "historic.building": "yes" }, "geometry": { "type": "Polygon", "coordinates": [ [ [ 2.474832822670592, 48.899798196014089 ], [ 2.474794630390889, 48.899730490693756 ], [ 2.474794630395141, 48.899730490692782 ], [ 2.474802637053606, 48.899728520206864 ], [ 2.474890487909261, 48.899706899569047 ], [ 2.474926881655699, 48.899777115023575 ], [ 2.474832822670592, 48.899798196014089 ] ] ] } },
{ "type": "Feature", "properties": { "start_date": 1928, "construction_date.nb": 1, "historic.building": "yes" }, "geometry": { "type": "Polygon", "coordinates": [ [ [ 2.47503077902641, 48.899673161113689 ], [ 2.475060548035828, 48.89972401242634 ], [ 2.474950204240448, 48.899750328038458 ], [ 2.47492125554669, 48.899699300430349 ], [ 2.47503077902641, 48.899673161113689 ] ] ] } },
{ "type": "Feature", "properties": { "start_date": 1932, "construction_date.nb": 1, "historic.building": "yes" }, "geometry": { "type": "Polygon", "coordinates": [ [ [ 2.475480692003801, 48.89957025341937 ], [ 2.475478043210052, 48.899565405465871 ], [ 2.475478043225888, 48.899565405462056 ], [ 2.475480692003801, 48.89957025341937 ] ] ] } },
{ "type": "Feature", "properties": { "start_date": 1933, "construction_date.nb": 1, "historic.building": "yes" }, "geometry": { "type": "Polygon", "coordinates": [ [ [ 2.475542207109299, 48.899588854365042 ], [ 2.475547950806414, 48.899623640671209 ], [ 2.475544573062594, 48.899623072528527 ], [ 2.475535288018638, 48.899624021076434 ], [ 2.47551218510573, 48.899629045978656 ], [ 2.475509094160623, 48.899624445964598 ], [ 2.475485677507022, 48.899579378131577 ], [ 2.475480692003801, 48.89957025341937 ], [ 2.475478043225888, 48.899565405462056 ], [ 2.475486082469176, 48.899563463025991 ], [ 2.475542207109299, 48.899588854365042 ] ] ] } },
{ "type": "Feature", "properties": { "start_date": 2002, "construction_date.nb": 1, "historic.building": "yes" }, "geometry": { "type": "Polygon", "coordinates": [ [ [ 2.474545257911391, 48.899989745822232 ], [ 2.474545257913595, 48.899989745826169 ], [ 2.474509574278422, 48.899997862893599 ], [ 2.474377782215457, 48.90002732137205 ], [ 2.474377782204021, 48.900027321351359 ], [ 2.474377782222998, 48.900027321346727 ], [ 2.474509574242038, 48.899997862869412 ], [ 2.474545257911391, 48.899989745822232 ] ] ] } },
{ "type": "Feature", "properties": { "start_date": 1905, "construction_date.nb": 1, "historic.building": "yes" }, "geometry": { "type": "Polygon", "coordinates": [ [ [ 2.474513080046312, 48.900785669508394 ], [ 2.474536523631937, 48.900828039694169 ], [ 2.474531041234981, 48.900830623633027 ], [ 2.474545912204092, 48.900857398202483 ], [ 2.474412319382626, 48.900889366847046 ], [ 2.474399061668749, 48.900864937518307 ], [ 2.474395256065357, 48.900863571881153 ], [ 2.474370453126703, 48.90082074605742 ], [ 2.474513080046312, 48.900785669508394 ] ] ] } },
{ "type": "Feature", "properties": { "start_date": 1880, "construction_date.nb": 2, "historic.building": "yes" }, "geometry": { "type": "MultiPolygon", "coordinates": [ [ [ [ 2.473839534393951, 48.901856065679752 ], [ 2.473825113433552, 48.901824368741558 ], [ 2.473839534398519, 48.901856065679155 ], [ 2.473839534393951, 48.901856065679752 ] ] ], [ [ [ 2.473765666306719, 48.901828892725298 ], [ 2.473777826834066, 48.901826533701012 ], [ 2.473780644033972, 48.901831222463137 ], [ 2.473824379628117, 48.901822871218556 ], [ 2.473824379628893, 48.901822871220268 ], [ 2.473824514214667, 48.901823051672039 ], [ 2.47383953439368, 48.901856065679794 ], [ 2.473786518888501, 48.901862986610993 ], [ 2.473765666306719, 48.901828892725298 ] ] ] ] } },
{ "type": "Feature", "properties": { "start_date": 1880, "construction_date.nb": 2, "historic.building": "yes" }, "geometry": { "type": "MultiPolygon", "coordinates": [ [ [ [ 2.473824379628893, 48.901822871220268 ], [ 2.473824379628117, 48.901822871218556 ], [ 2.473824379651013, 48.9018228712142 ], [ 2.473824514213862, 48.901823051670263 ], [ 2.473824514214667, 48.901823051672039 ], [ 2.473824379628893, 48.901822871220268 ] ] ], [ [ [ 2.473839534398519, 48.901856065679155 ], [ 2.473825113433552, 48.901824368741558 ], [ 2.473824514214166, 48.901823051670313 ], [ 2.473824379651013, 48.9018228712142 ], [ 2.473870713270366, 48.901813901886079 ], [ 2.473869921042984, 48.90181119686018 ], [ 2.473868999082686, 48.901808048866577 ], [ 2.473883035473279, 48.901805402962552 ], [ 2.473918883754791, 48.901798645439307 ], [ 2.47392600442137, 48.901814444244188 ], [ 2.473938916139717, 48.901843091777714 ], [ 2.473839534398519, 48.901856065679155 ] ] ] ] } },
{ "type": "Feature", "properties": { "start_date": 1926, "construction_date.nb": 1, "historic.building": "yes" }, "geometry": { "type": "Polygon", "coordinates": [ [ [ 2.475109943219555, 48.90096697857804 ], [ 2.475047348831443, 48.900978844853306 ], [ 2.474984766235593, 48.900989542046261 ], [ 2.47497661078855, 48.900973138959351 ], [ 2.474950653632134, 48.900977072047858 ], [ 2.474934783751479, 48.900941120208195 ], [ 2.474954053562343, 48.900937517537322 ], [ 2.474941000038351, 48.900906344381362 ], [ 2.475022869566514, 48.900890335921169 ], [ 2.475029941086261, 48.900906014832522 ], [ 2.475047437643223, 48.900902404374165 ], [ 2.475057282911386, 48.900927088452853 ], [ 2.475087485678135, 48.900921465282089 ], [ 2.475091317595926, 48.900920223056417 ], [ 2.475109943219555, 48.90096697857804 ] ] ] } },
{ "type": "Feature", "properties": { "start_date": 2022, "construction_date.nb": 2, "historic.building": "yes" }, "geometry": { "type": "MultiPolygon", "coordinates": [ [ [ [ 2.474832822670592, 48.899798196014089 ], [ 2.474926881655699, 48.899777115023575 ], [ 2.474926881665628, 48.899777115042717 ], [ 2.474832822682818, 48.899798196035768 ], [ 2.474832822670592, 48.899798196014089 ] ] ], [ [ [ 2.474377782222998, 48.900027321346727 ], [ 2.474377782204021, 48.900027321351359 ], [ 2.474361376986722, 48.899997633994211 ], [ 2.474513453757955, 48.899964875382416 ], [ 2.474524843747668, 48.89996240225333 ], [ 2.474530921908954, 48.899964052738326 ], [ 2.474545257911391, 48.899989745822232 ], [ 2.474509574242038, 48.899997862869412 ], [ 2.474377782222998, 48.900027321346727 ] ] ] ] } },
{ "type": "Feature", "properties": { "start_date": 2021, "construction_date.nb": 1, "historic.building": "yes" }, "geometry": { "type": "Polygon", "coordinates": [ [ [ 2.474361376986722, 48.899997633994211 ], [ 2.474333844189992, 48.899947809763553 ], [ 2.474311147473863, 48.899953105997263 ], [ 2.474306288674638, 48.899944002330102 ], [ 2.474292673121626, 48.899918491573722 ], [ 2.474323981121821, 48.899911434558518 ], [ 2.474312201392289, 48.899889259913621 ], [ 2.474394505075834, 48.899870645819924 ], [ 2.474434538438516, 48.899945104120043 ], [ 2.474455608552405, 48.899952301099901 ], [ 2.474464303838693, 48.899969246206744 ], [ 2.474510298533768, 48.899958832378474 ], [ 2.474513453757955, 48.899964875382416 ], [ 2.474361376986722, 48.899997633994211 ] ] ] } },
{ "type": "Feature", "properties": { "start_date": 1912, "construction_date.nb": 1, "historic.building": "yes" }, "geometry": { "type": "Polygon", "coordinates": [ [ [ 2.473940777117866, 48.899768229362714 ], [ 2.473922280747043, 48.899734755815324 ], [ 2.473911030476131, 48.899714202239366 ], [ 2.474004671415985, 48.899694019423656 ], [ 2.474033192767147, 48.899746754049126 ], [ 2.474059581240133, 48.899740574794819 ], [ 2.474089185668789, 48.899794123546741 ], [ 2.474089185677641, 48.8997941235666 ], [ 2.474050490375622, 48.899803306428183 ], [ 2.474027574173948, 48.899762826953527 ], [ 2.473948133988175, 48.89978154332141 ], [ 2.473940777117866, 48.899768229362714 ] ] ] } },
{ "type": "Feature", "properties": { "start_date": 1936, "construction_date.nb": 1, "historic.building": "yes" }, "geometry": { "type": "Polygon", "coordinates": [ [ [ 2.473059476712044, 48.898644938968381 ], [ 2.473064462848236, 48.898653705883945 ], [ 2.473077322294819, 48.898649985390698 ], [ 2.473085362200852, 48.89866422979 ], [ 2.47309548003968, 48.898661846180381 ], [ 2.473106474255767, 48.898680690049581 ], [ 2.473106474260495, 48.898680690057816 ], [ 2.473081996651534, 48.898686787597612 ], [ 2.47308078456172, 48.898685253425846 ], [ 2.473037295130774, 48.898696483277675 ], [ 2.473039170072341, 48.89869990890201 ], [ 2.47302352951882, 48.898703954052827 ], [ 2.473021216520168, 48.898666191502585 ], [ 2.473059476712044, 48.898644938968381 ] ] ] } },
{ "type": "Feature", "properties": { "start_date": 1900, "construction_date.nb": 1, "historic.building": "yes" }, "geometry": { "type": "Polygon", "coordinates": [ [ [ 2.473291437022694, 48.89857054226443 ], [ 2.473203383126333, 48.898593523905461 ], [ 2.473203383116655, 48.898593523889566 ], [ 2.473190760432594, 48.898572014067547 ], [ 2.473237413396234, 48.898546099398374 ], [ 2.473291437022694, 48.89857054226443 ] ] ] } }
]
}
