{
"type": "FeatureCollection",
"name": "5_bat",
"crs": { "type": "name", "properties": { "name": "urn:ogc:def:crs:OGC:1.3:CRS84" } },
"features": [
{ "type": "Feature", "properties": { "start_date": 1927, "construction_date.nb": 1, "historic.building": "yes" }, "geometry": { "type": "Polygon", "coordinates": [ [ [ 2.482169854184179, 48.900978288198537 ], [ 2.4821529, 48.90094220000001 ], [ 2.48222370212645, 48.900928050397809 ], [ 2.482228616926511, 48.900951359452783 ], [ 2.482169854184179, 48.900978288198537 ] ] ] } },
{ "type": "Feature", "properties": { "start_date": 1965, "construction_date.nb": 2, "historic.building": "yes" }, "geometry": { "type": "MultiPolygon", "coordinates": [ [ [ [ 2.478934598496035, 48.900525213657659 ], [ 2.478897967612136, 48.900528182927367 ], [ 2.478934598495792, 48.900525213653097 ], [ 2.478934598496035, 48.900525213657659 ] ] ], [ [ [ 2.478685727760098, 48.900545354256003 ], [ 2.478685727759028, 48.900545354245523 ], [ 2.478772137296365, 48.90053836880562 ], [ 2.478685727760098, 48.900545354256003 ] ] ], [ [ [ 2.478992356437287, 48.900696602577106 ], [ 2.478992356430334, 48.900696602578158 ], [ 2.478965843070355, 48.900700472844989 ], [ 2.478992356435701, 48.900696602572033 ], [ 2.478992356437287, 48.900696602577106 ] ] ], [ [ [ 2.478867767874069, 48.900715125792161 ], [ 2.478867767863203, 48.900715125794903 ], [ 2.478856850353707, 48.900688368958527 ], [ 2.478856850373177, 48.900688368954917 ], [ 2.478867767874069, 48.900715125792161 ] ] ] ] } },
{ "type": "Feature", "properties": { "start_date": 1970, "construction_date.nb": 2, "historic.building": "yes" }, "geometry": { "type": "MultiPolygon", "coordinates": [ [ [ [ 2.478934598496035, 48.900525213657659 ], [ 2.478897967612136, 48.900528182927367 ], [ 2.478934598495792, 48.900525213653097 ], [ 2.478934598496035, 48.900525213657659 ] ] ], [ [ [ 2.478685727760098, 48.900545354256003 ], [ 2.478685727759028, 48.900545354245523 ], [ 2.478772137296365, 48.90053836880562 ], [ 2.478685727760098, 48.900545354256003 ] ] ], [ [ [ 2.478992356437287, 48.900696602577106 ], [ 2.478992356430334, 48.900696602578158 ], [ 2.478965843070355, 48.900700472844989 ], [ 2.478992356435701, 48.900696602572033 ], [ 2.478992356437287, 48.900696602577106 ] ] ], [ [ [ 2.478867767874069, 48.900715125792161 ], [ 2.478867767863203, 48.900715125794903 ], [ 2.478856850353707, 48.900688368958527 ], [ 2.478856850373177, 48.900688368954917 ], [ 2.478867767874069, 48.900715125792161 ] ] ] ] } },
{ "type": "Feature", "properties": { "start_date": 1928, "construction_date.nb": 1, "historic.building": "yes" }, "geometry": { "type": "Polygon", "coordinates": [ [ [ 2.481173134909486, 48.90138584428535 ], [ 2.481160472425539, 48.901360797772838 ], [ 2.48115441360526, 48.901348832265867 ], [ 2.48114294783576, 48.901326188586694 ], [ 2.481191745800438, 48.901316147918514 ], [ 2.481202308274562, 48.901337597111493 ], [ 2.481269556434697, 48.90132403909805 ], [ 2.481262289075727, 48.901300445872245 ], [ 2.481299610315439, 48.901292243980294 ], [ 2.481600187193949, 48.901227807393632 ], [ 2.481604695995872, 48.901237275848295 ], [ 2.481402872823042, 48.901329761393974 ], [ 2.481173134909486, 48.90138584428535 ] ] ] } },
{ "type": "Feature", "properties": { "start_date": 1878, "construction_date.nb": 1, "historic.building": "yes" }, "geometry": { "type": "Polygon", "coordinates": [ [ [ 2.478685727759028, 48.900545354245523 ], [ 2.478683119113563, 48.900519802648049 ], [ 2.478768281697314, 48.900515317052061 ], [ 2.478766462098508, 48.900479067165918 ], [ 2.478784324750234, 48.900466104978221 ], [ 2.478931496246906, 48.900467195003692 ], [ 2.478934598495792, 48.900525213653097 ], [ 2.478897967612136, 48.900528182927367 ], [ 2.478835623464902, 48.900533236466813 ], [ 2.478772137296365, 48.90053836880562 ], [ 2.478685727759028, 48.900545354245523 ] ] ] } },
{ "type": "Feature", "properties": { "start_date": 2006, "construction_date.nb": 2, "historic.building": "yes" }, "geometry": { "type": "MultiPolygon", "coordinates": [ [ [ [ 2.478992356430334, 48.900696602578158 ], [ 2.478992356437287, 48.900696602577106 ], [ 2.478999361572864, 48.900719025741523 ], [ 2.478986101904185, 48.900721845832123 ], [ 2.478984641984957, 48.90071779260429 ], [ 2.478970153751586, 48.900720697298389 ], [ 2.478975469409364, 48.900734749550537 ], [ 2.478942408108369, 48.90073982170356 ], [ 2.478887206674085, 48.900749114175454 ], [ 2.478883246527439, 48.900749546590255 ], [ 2.478874736514787, 48.900727566511982 ], [ 2.478697451472594, 48.90076402623199 ], [ 2.478694856367689, 48.900709876802978 ], [ 2.478769819797137, 48.900702289175413 ], [ 2.478814212251423, 48.900696277172962 ], [ 2.478856850353707, 48.900688368958527 ], [ 2.478867767863203, 48.900715125794903 ], [ 2.478867767874069, 48.900715125792161 ], [ 2.478867767882791, 48.900715125813548 ], [ 2.478870913202844, 48.900714330123812 ], [ 2.478965843070355, 48.900700472844989 ], [ 2.478992356430334, 48.900696602578158 ] ] ], [ [ [ 2.479223246023994, 48.901450349252826 ], [ 2.4792184252058, 48.901442299572018 ], [ 2.479212854085438, 48.901443702378664 ], [ 2.47915864744255, 48.901409030773678 ], [ 2.479193884538091, 48.901400105438739 ], [ 2.47918248015143, 48.901381080529902 ], [ 2.47934236043832, 48.901339238585173 ], [ 2.47935336017937, 48.901357812075197 ], [ 2.479386593287058, 48.901349233277038 ], [ 2.47941168870385, 48.901390530493316 ], [ 2.479378043684267, 48.901399377287774 ], [ 2.479400456913961, 48.901436076376612 ], [ 2.479433547389021, 48.901428126455869 ], [ 2.479455654586836, 48.901468151651876 ], [ 2.479425013106269, 48.901476741698573 ], [ 2.47943318802075, 48.901491345941999 ], [ 2.479454931867111, 48.901485864772539 ], [ 2.479452806970412, 48.901480099998452 ], [ 2.47947920200389, 48.901473290070093 ], [ 2.479482556331196, 48.901478880321889 ], [ 2.479515926773997, 48.901470212170153 ], [ 2.479518350563708, 48.901473370287071 ], [ 2.479540369903375, 48.901467620484809 ], [ 2.479552161155781, 48.901488895297902 ], [ 2.479530695525189, 48.90149383813359 ], [ 2.479554300624359, 48.901534139563587 ], [ 2.479576177259999, 48.901529018679078 ], [ 2.479596834560891, 48.90156400139707 ], [ 2.479682568857878, 48.901543420121477 ], [ 2.479695420688543, 48.901566303124135 ], [ 2.479414401391923, 48.901572615243843 ], [ 2.479223246023994, 48.901450349252826 ] ] ] ] } },
{ "type": "Feature", "properties": { "start_date": 1830, "construction_date.nb": 2, "historic.building": "yes" }, "geometry": { "type": "MultiPolygon", "coordinates": [ [ [ [ 2.478202656944942, 48.90068820173763 ], [ 2.478206608851546, 48.900687336449217 ], [ 2.478279660569402, 48.90066634118061 ], [ 2.478311583894514, 48.900706769075867 ], [ 2.478251144097863, 48.900721524166698 ], [ 2.478254229942909, 48.900726663642544 ], [ 2.47822581051785, 48.900733018319244 ], [ 2.478202656944942, 48.90068820173763 ] ] ], [ [ [ 2.47827811789589, 48.900834265355279 ], [ 2.478566409443952, 48.900786747778291 ], [ 2.47857868168242, 48.900807573478289 ], [ 2.47860476990028, 48.900851844535147 ], [ 2.478350829341844, 48.900892326163962 ], [ 2.4782870313673, 48.900851518376406 ], [ 2.47827811789589, 48.900834265355279 ] ] ] ] } },
{ "type": "Feature", "properties": { "start_date": 1906, "construction_date.nb": 1, "historic.building": "yes" }, "geometry": { "type": "Polygon", "coordinates": [ [ [ 2.477742510876181, 48.89959013995707 ], [ 2.477712675778908, 48.899586412621233 ], [ 2.477708744775553, 48.899597546847424 ], [ 2.477657938664192, 48.899590310703303 ], [ 2.477660353951818, 48.899580698671045 ], [ 2.477630110611889, 48.899576879614948 ], [ 2.477642775306697, 48.899538174771862 ], [ 2.477672614913647, 48.899541452502845 ], [ 2.477676278532075, 48.899529777515482 ], [ 2.477757879853417, 48.899540205576052 ], [ 2.477745330864042, 48.899580979316262 ], [ 2.477742510883346, 48.899590139935434 ], [ 2.477742510876181, 48.89959013995707 ] ] ] } },
{ "type": "Feature", "properties": { "start_date": 1914, "construction_date.nb": 1, "historic.building": "yes" }, "geometry": { "type": "Polygon", "coordinates": [ [ [ 2.477757879853417, 48.899540205576052 ], [ 2.477757879882313, 48.899540205579754 ], [ 2.477745330898171, 48.899580979337685 ], [ 2.477742510907127, 48.899590139960935 ], [ 2.477742510876181, 48.89959013995707 ], [ 2.477742510883346, 48.899590139935434 ], [ 2.477745330864042, 48.899580979316262 ], [ 2.477757879853417, 48.899540205576052 ] ] ] } },
{ "type": "Feature", "properties": { "start_date": 1908, "construction_date.nb": 1, "historic.building": "yes" }, "geometry": { "type": "Polygon", "coordinates": [ [ [ 2.477924121930868, 48.899543628275204 ], [ 2.478018658579599, 48.899556360810969 ], [ 2.477984306914825, 48.899649379141373 ], [ 2.477892648885955, 48.899635220241969 ], [ 2.477893211575064, 48.899633514026938 ], [ 2.477904459871703, 48.899600018938223 ], [ 2.477924121930868, 48.899543628275204 ] ] ] } },
{ "type": "Feature", "properties": { "start_date": 1913, "construction_date.nb": 1, "historic.building": "yes" }, "geometry": { "type": "Polygon", "coordinates": [ [ [ 2.478218589792677, 48.899709754216673 ], [ 2.478182652845537, 48.899620746283993 ], [ 2.478258068068768, 48.899608754366724 ], [ 2.478263896580994, 48.899626046405288 ], [ 2.478288218701359, 48.899621835694973 ], [ 2.478308568187913, 48.899619316343291 ], [ 2.47833458492132, 48.899691014368074 ], [ 2.478329510250251, 48.899691895759752 ], [ 2.478289629633425, 48.899698822372372 ], [ 2.478218589806326, 48.899709754214427 ], [ 2.478218589792677, 48.899709754216673 ] ] ] } },
{ "type": "Feature", "properties": { "start_date": 1977, "construction_date.nb": 1, "historic.building": "yes" }, "geometry": { "type": "Polygon", "coordinates": [ [ [ 2.478329510250251, 48.899691895759752 ], [ 2.478289629638605, 48.899698822395088 ], [ 2.478218589800897, 48.899709754237037 ], [ 2.478218589792677, 48.899709754216673 ], [ 2.478218589806326, 48.899709754214427 ], [ 2.478289629633425, 48.899698822372372 ], [ 2.478329510250251, 48.899691895759752 ] ] ] } },
{ "type": "Feature", "properties": { "start_date": 1904, "construction_date.nb": 1, "historic.building": "yes" }, "geometry": { "type": "Polygon", "coordinates": [ [ [ 2.477474269171091, 48.89924488259814 ], [ 2.477552321905169, 48.899254498942675 ], [ 2.477529669770622, 48.899323376895374 ], [ 2.477495590269837, 48.899319546485302 ], [ 2.477468989514129, 48.899268054370907 ], [ 2.477474269171091, 48.89924488259814 ] ] ] } },
{ "type": "Feature", "properties": { "start_date": 1914, "construction_date.nb": 1, "historic.building": "yes" }, "geometry": { "type": "Polygon", "coordinates": [ [ [ 2.477683749647258, 48.899369733671314 ], [ 2.477540038905026, 48.899350311351313 ], [ 2.477563413675563, 48.899277389702199 ], [ 2.477706732171315, 48.899295101614761 ], [ 2.477683749647258, 48.899369733671314 ] ] ] } },
{ "type": "Feature", "properties": { "start_date": 1936, "construction_date.nb": 2, "historic.building": "yes" }, "geometry": { "type": "MultiPolygon", "coordinates": [ [ [ [ 2.477683749647258, 48.899369733671314 ], [ 2.477706732171315, 48.899295101614761 ], [ 2.477706732197316, 48.89929510161798 ], [ 2.47768374965289, 48.899369733672081 ], [ 2.477683749647258, 48.899369733671314 ] ] ], [ [ [ 2.477739439006479, 48.899325281059248 ], [ 2.477750158874284, 48.899290075002632 ], [ 2.477755333815292, 48.899290906944856 ], [ 2.477899603609335, 48.899308982507826 ], [ 2.477873908943256, 48.899395653470215 ], [ 2.47775444973395, 48.899379035041555 ], [ 2.477769133049883, 48.899329457424543 ], [ 2.477739439006479, 48.899325281059248 ] ] ] ] } },
{ "type": "Feature", "properties": { "start_date": 2009, "construction_date.nb": 1, "historic.building": "yes" }, "geometry": { "type": "Polygon", "coordinates": [ [ [ 2.478170854750162, 48.899273652845309 ], [ 2.478170854754079, 48.899273652856202 ], [ 2.478098036935071, 48.899285116477436 ], [ 2.478056513539257, 48.899290780990384 ], [ 2.478056513537419, 48.899290780985304 ], [ 2.478098036909295, 48.899285116453314 ], [ 2.478170854750162, 48.899273652845309 ] ] ] } },
{ "type": "Feature", "properties": { "start_date": 1903, "construction_date.nb": 1, "historic.building": "yes" }, "geometry": { "type": "Polygon", "coordinates": [ [ [ 2.478123274054188, 48.899148130198625 ], [ 2.478125602657728, 48.899147822652409 ], [ 2.478170854750162, 48.899273652845309 ], [ 2.478098036909295, 48.899285116453314 ], [ 2.478056513537419, 48.899290780985304 ], [ 2.478010722417175, 48.899164318887777 ], [ 2.478024563089753, 48.899162383167393 ], [ 2.478068092104885, 48.89915629531508 ], [ 2.478099918613546, 48.899151432763063 ], [ 2.478110441861531, 48.899149824991333 ], [ 2.478123274054188, 48.899148130198625 ] ] ] } },
{ "type": "Feature", "properties": { "start_date": 1987, "construction_date.nb": 1, "historic.building": "yes" }, "geometry": { "type": "Polygon", "coordinates": [ [ [ 2.477648962330608, 48.898478163299423 ], [ 2.477654793679465, 48.898476326709229 ], [ 2.477653320392657, 48.898473622371085 ], [ 2.477680968762594, 48.898464120379856 ], [ 2.477688769583002, 48.898475125915944 ], [ 2.477739945576658, 48.898458981723273 ], [ 2.477767039907046, 48.898496961348741 ], [ 2.477799667924926, 48.898542697794639 ], [ 2.477749173872934, 48.898558844989807 ], [ 2.47777690328875, 48.898595657573665 ], [ 2.477776903261224, 48.898595657580685 ], [ 2.477759807817628, 48.898600169497975 ], [ 2.477748120499457, 48.898603719502738 ], [ 2.477746673250653, 48.898604159097836 ], [ 2.477705922739449, 48.898614413342145 ], [ 2.477688030272184, 48.89858960438778 ], [ 2.477698422469227, 48.898587041747334 ], [ 2.47764210062483, 48.898508279422217 ], [ 2.477648962330608, 48.898478163299423 ] ] ] } },
{ "type": "Feature", "properties": { "start_date": 1997, "construction_date.nb": 1, "historic.building": "yes" }, "geometry": { "type": "MultiPolygon", "coordinates": [ [ [ [ 2.478110441861531, 48.899149824991333 ], [ 2.478099918613546, 48.899151432763063 ], [ 2.478110441854281, 48.899149824987873 ], [ 2.478123274054188, 48.899148130198625 ], [ 2.478110441861531, 48.899149824991333 ] ] ], [ [ [ 2.478024563089753, 48.899162383167393 ], [ 2.478010722417175, 48.899164318887777 ], [ 2.47801072241568, 48.899164318883649 ], [ 2.478024563089753, 48.899162383167393 ] ] ] ] } },
{ "type": "Feature", "properties": { "start_date": 1932, "construction_date.nb": 1, "historic.building": "yes" }, "geometry": { "type": "Polygon", "coordinates": [ [ [ 2.477936526004569, 48.897473119749996 ], [ 2.4779619, 48.897532799999986 ], [ 2.477961898254966, 48.897532800328328 ], [ 2.477961882642342, 48.897532764030622 ], [ 2.47793651526565, 48.897473125578919 ], [ 2.477936526004569, 48.897473119749996 ] ] ] } },
{ "type": "Feature", "properties": { "start_date": 1930, "construction_date.nb": 1, "historic.building": "yes" }, "geometry": { "type": "Polygon", "coordinates": [ [ [ 2.47793651526565, 48.897473125578919 ], [ 2.477961882642342, 48.897532764030622 ], [ 2.477961898254966, 48.897532800328328 ], [ 2.477859982259917, 48.897551975955459 ], [ 2.477869682096395, 48.897509401579271 ], [ 2.47793651526565, 48.897473125578919 ] ] ] } },
{ "type": "Feature", "properties": { "start_date": 1923, "construction_date.nb": 1, "historic.building": "yes" }, "geometry": { "type": "Polygon", "coordinates": [ [ [ 2.477756203816396, 48.898007474147185 ], [ 2.477778205984934, 48.898003469916809 ], [ 2.477788741123585, 48.898027437413738 ], [ 2.477840809178183, 48.898017502263329 ], [ 2.477859700302236, 48.898062764427749 ], [ 2.477808343650751, 48.898072128484529 ], [ 2.477738550645344, 48.898084955563576 ], [ 2.477756203816396, 48.898007474147185 ] ] ] } },
{ "type": "Feature", "properties": { "start_date": 1926, "construction_date.nb": 1, "historic.building": "yes" }, "geometry": { "type": "Polygon", "coordinates": [ [ [ 2.477738550645344, 48.898084955563576 ], [ 2.477808343650751, 48.898072128484529 ], [ 2.477859700302236, 48.898062764427749 ], [ 2.47785972343225, 48.898062819846025 ], [ 2.477808343662108, 48.89807212849356 ], [ 2.477738550642291, 48.898084955576977 ], [ 2.477738550645344, 48.898084955563576 ] ] ] } },
{ "type": "Feature", "properties": { "start_date": 1910, "construction_date.nb": 1, "historic.building": "yes" }, "geometry": { "type": "Polygon", "coordinates": [ [ [ 2.477738550645344, 48.898084955563576 ], [ 2.477808343650751, 48.898072128484529 ], [ 2.477859700302236, 48.898062764427749 ], [ 2.47785972343225, 48.898062819846025 ], [ 2.477808343662108, 48.89807212849356 ], [ 2.477738550642291, 48.898084955576977 ], [ 2.477738550645344, 48.898084955563576 ] ] ] } },
{ "type": "Feature", "properties": { "start_date": 1920, "construction_date.nb": 1, "historic.building": "yes" }, "geometry": { "type": "Polygon", "coordinates": [ [ [ 2.4806373, 48.899995099999984 ], [ 2.4804246, 48.900043599999982 ], [ 2.4803822, 48.8999595 ], [ 2.4805935, 48.899912799999989 ], [ 2.4806373, 48.899995099999984 ] ] ] } },
{ "type": "Feature", "properties": { "start_date": 1928, "construction_date.nb": 1, "historic.building": "yes" }, "geometry": { "type": "Polygon", "coordinates": [ [ [ 2.480606070764861, 48.898848884650391 ], [ 2.480606070772749, 48.898848884648864 ], [ 2.48060607078034, 48.898848884663465 ], [ 2.480640194200433, 48.898914951746235 ], [ 2.480640194193376, 48.89891495174755 ], [ 2.480606070764861, 48.898848884650391 ] ] ] } },
{ "type": "Feature", "properties": { "start_date": 1922, "construction_date.nb": 1, "historic.building": "yes" }, "geometry": { "type": "Polygon", "coordinates": [ [ [ 2.480566322870565, 48.898772361192734 ], [ 2.480606070772749, 48.898848884648864 ], [ 2.480606070764861, 48.898848884650391 ], [ 2.480566322870517, 48.898772361192741 ], [ 2.480566322870565, 48.898772361192734 ] ] ] } },
{ "type": "Feature", "properties": { "start_date": 1924, "construction_date.nb": 2, "historic.building": "yes" }, "geometry": { "type": "MultiPolygon", "coordinates": [ [ [ [ 2.480675217752835, 48.898685690685468 ], [ 2.480687003003211, 48.898683471883608 ], [ 2.4806752, 48.898685699999987 ], [ 2.480675197359652, 48.898685694855985 ], [ 2.480675217752835, 48.898685690685468 ] ] ], [ [ [ 2.480566287323537, 48.898772288623768 ], [ 2.480556831669484, 48.89875298494961 ], [ 2.480555224532058, 48.898750010276167 ], [ 2.480555224554491, 48.898750010271549 ], [ 2.480556831680746, 48.898752984968205 ], [ 2.480566287323537, 48.898772288623768 ] ] ], [ [ [ 2.480566322870565, 48.898772361192734 ], [ 2.480566322870517, 48.898772361192741 ], [ 2.480566322869639, 48.898772361190936 ], [ 2.480566322870565, 48.898772361192734 ] ] ] ] } },
{ "type": "Feature", "properties": { "start_date": 1926, "construction_date.nb": 1, "historic.building": "yes" }, "geometry": { "type": "Polygon", "coordinates": [ [ [ 2.4798987, 48.8994218 ], [ 2.4797985, 48.8994402 ], [ 2.4797712, 48.899374899999977 ], [ 2.4798707, 48.8993558 ], [ 2.4798987, 48.8994218 ] ] ] } },
{ "type": "Feature", "properties": { "start_date": 1930, "construction_date.nb": 1, "historic.building": "yes" }, "geometry": { "type": "Polygon", "coordinates": [ [ [ 2.4797716, 48.8994348 ], [ 2.479668, 48.899454699999964 ], [ 2.4796404, 48.8993908 ], [ 2.4797427, 48.8993708 ], [ 2.4797716, 48.8994348 ] ] ] } },
{ "type": "Feature", "properties": { "start_date": 1927, "construction_date.nb": 1, "historic.building": "yes" }, "geometry": { "type": "Polygon", "coordinates": [ [ [ 2.4796529, 48.899451099999979 ], [ 2.4795552, 48.899469600000032 ], [ 2.479531, 48.8994135 ], [ 2.4796285, 48.8993941 ], [ 2.4796529, 48.899451099999979 ] ] ] } },
{ "type": "Feature", "properties": { "start_date": 1924, "construction_date.nb": 1, "historic.building": "yes" }, "geometry": { "type": "Polygon", "coordinates": [ [ [ 2.479230775215389, 48.899185098258407 ], [ 2.479230775217078, 48.899185098262492 ], [ 2.479117211557182, 48.899206367621652 ], [ 2.47911721154619, 48.899206367595156 ], [ 2.479230775215389, 48.899185098258407 ] ] ] } },
{ "type": "Feature", "properties": { "start_date": 1916, "construction_date.nb": 1, "historic.building": "yes" }, "geometry": { "type": "Polygon", "coordinates": [ [ [ 2.4797144, 48.899248699999966 ], [ 2.4796101, 48.899268 ], [ 2.4795804, 48.89920020000001 ], [ 2.4795787, 48.899191699999967 ], [ 2.4796812, 48.899172900000039 ], [ 2.4797144, 48.899248699999966 ] ] ] } },
{ "type": "Feature", "properties": { "start_date": 1953, "construction_date.nb": 1, "historic.building": "yes" }, "geometry": { "type": "Polygon", "coordinates": [ [ [ 2.479813607750046, 48.899072618443341 ], [ 2.479799858544109, 48.899074888431201 ], [ 2.479799858535233, 48.8990748884097 ], [ 2.479813607750046, 48.899072618443341 ] ] ] } },
{ "type": "Feature", "properties": { "start_date": 1930, "construction_date.nb": 1, "historic.building": "yes" }, "geometry": { "type": "Polygon", "coordinates": [ [ [ 2.480003211241304, 48.899036292002535 ], [ 2.480003211228892, 48.899036292004837 ], [ 2.47987119689617, 48.899061259033907 ], [ 2.479871196886052, 48.899061259012043 ], [ 2.48000321123224, 48.899036291982242 ], [ 2.480003211241304, 48.899036292002535 ] ] ] } },
{ "type": "Feature", "properties": { "start_date": 1930, "construction_date.nb": 1, "historic.building": "yes" }, "geometry": { "type": "Polygon", "coordinates": [ [ [ 2.480107615867571, 48.899016960527248 ], [ 2.480107615850375, 48.899016960530616 ], [ 2.480003211241304, 48.899036292002535 ], [ 2.48000321123224, 48.899036291982242 ], [ 2.480107615861777, 48.899016960514885 ], [ 2.480107615867571, 48.899016960527248 ] ] ] } },
{ "type": "Feature", "properties": { "start_date": 1928, "construction_date.nb": 1, "historic.building": "yes" }, "geometry": { "type": "Polygon", "coordinates": [ [ [ 2.480192407870576, 48.899000382717972 ], [ 2.480107615867571, 48.899016960527248 ], [ 2.480107615861777, 48.899016960514885 ], [ 2.480192407870576, 48.899000382717972 ] ] ] } },
{ "type": "Feature", "properties": { "start_date": 1964, "construction_date.nb": 1, "historic.building": "yes" }, "geometry": { "type": "Polygon", "coordinates": [ [ [ 2.480326554146655, 48.898974744055195 ], [ 2.480326554132507, 48.898974744058002 ], [ 2.48026227444676, 48.898986874871838 ], [ 2.480326554137936, 48.898974744035385 ], [ 2.480326554146655, 48.898974744055195 ] ] ] } },
{ "type": "Feature", "properties": { "start_date": 1939, "construction_date.nb": 1, "historic.building": "yes" }, "geometry": { "type": "Polygon", "coordinates": [ [ [ 2.480395848244662, 48.898960959052701 ], [ 2.480326554146655, 48.898974744055195 ], [ 2.480326554137936, 48.898974744035385 ], [ 2.480395848244662, 48.898960959052701 ] ] ] } },
{ "type": "Feature", "properties": { "start_date": 1979, "construction_date.nb": 1, "historic.building": "yes" }, "geometry": { "type": "Polygon", "coordinates": [ [ [ 2.480527998335697, 48.898935958595047 ], [ 2.480419210507741, 48.898957159953 ], [ 2.480404989309937, 48.898959240471818 ], [ 2.480419210477788, 48.898957159930212 ], [ 2.480527998323424, 48.898935958569993 ], [ 2.480527998335697, 48.898935958595047 ] ] ] } },
{ "type": "Feature", "properties": { "start_date": 1925, "construction_date.nb": 1, "historic.building": "yes" }, "geometry": { "type": "Polygon", "coordinates": [ [ [ 2.480527998335697, 48.898935958595047 ], [ 2.480419210507741, 48.898957159953 ], [ 2.480404989309937, 48.898959240471818 ], [ 2.480419210477788, 48.898957159930212 ], [ 2.480527998323424, 48.898935958569993 ], [ 2.480527998335697, 48.898935958595047 ] ] ] } },
{ "type": "Feature", "properties": { "start_date": 1936, "construction_date.nb": 1, "historic.building": "yes" }, "geometry": { "type": "Polygon", "coordinates": [ [ [ 2.480626384659667, 48.898917537364476 ], [ 2.480527998340876, 48.898935958594045 ], [ 2.480527998335697, 48.898935958595047 ], [ 2.480527998323424, 48.898935958569993 ], [ 2.480626384659667, 48.898917537364476 ] ] ] } },
{ "type": "Feature", "properties": { "start_date": 1933, "construction_date.nb": 4, "historic.building": "yes" }, "geometry": { "type": "MultiPolygon", "coordinates": [ [ [ [ 2.478921236141753, 48.898465726248773 ], [ 2.478934094978262, 48.898463193925984 ], [ 2.478934394818641, 48.898463138852115 ], [ 2.47893696467158, 48.898462666846008 ], [ 2.478979936709906, 48.898571130249692 ], [ 2.479296395260924, 48.898515850265959 ], [ 2.479554783558461, 48.898470479280391 ], [ 2.479505125471526, 48.898348497390401 ], [ 2.47961979631472, 48.898325433881034 ], [ 2.479729634930198, 48.898594803642133 ], [ 2.479749585612123, 48.898645791034873 ], [ 2.479741172006561, 48.898655107277975 ], [ 2.479638016212169, 48.898672375462723 ], [ 2.479586107360964, 48.898543549139028 ], [ 2.479412023097317, 48.89857444814043 ], [ 2.479152545720416, 48.898619544299173 ], [ 2.479011391690722, 48.898644650506412 ], [ 2.479059682213059, 48.898766896404197 ], [ 2.479069791733782, 48.8987653216236 ], [ 2.479072175778266, 48.89877243648516 ], [ 2.478966681869647, 48.898791582456397 ], [ 2.478946002772283, 48.898786186583308 ], [ 2.478822845171019, 48.898485102589113 ], [ 2.478921236141753, 48.898465726248773 ] ] ], [ [ [ 2.479290806925771, 48.898692719513605 ], [ 2.479306385696474, 48.898730737939772 ], [ 2.47919883610354, 48.898750864420158 ], [ 2.479181763392551, 48.898712209937955 ], [ 2.479290806925771, 48.898692719513605 ] ] ], [ [ [ 2.479268103412989, 48.898876079212698 ], [ 2.479271152369887, 48.898884905663735 ], [ 2.479254066855469, 48.898888428613255 ], [ 2.479233543981744, 48.898840136570684 ], [ 2.479342179491346, 48.898820554376769 ], [ 2.479358297587433, 48.898859204681727 ], [ 2.479268103412989, 48.898876079212698 ] ] ], [ [ [ 2.480566322869639, 48.898772361190936 ], [ 2.480566322870517, 48.898772361192741 ], [ 2.480606070764861, 48.898848884650391 ], [ 2.480640194193376, 48.89891495174755 ], [ 2.480626384659667, 48.898917537364476 ], [ 2.480527998323424, 48.898935958569993 ], [ 2.480419210477788, 48.898957159930212 ], [ 2.480404989309937, 48.898959240471818 ], [ 2.480403091486977, 48.898959518117508 ], [ 2.480395848244662, 48.898960959052701 ], [ 2.480326554137936, 48.898974744035385 ], [ 2.48026227444676, 48.898986874871838 ], [ 2.4802399117466, 48.898991095134306 ], [ 2.480192407870576, 48.899000382717972 ], [ 2.480107615861777, 48.899016960514885 ], [ 2.48000321123224, 48.899036291982242 ], [ 2.479871196886052, 48.899061259012043 ], [ 2.479813657948946, 48.899072610155521 ], [ 2.479813607750046, 48.899072618443341 ], [ 2.479799858535233, 48.8990748884097 ], [ 2.479754843806082, 48.898965876877512 ], [ 2.479610682146791, 48.898991600232392 ], [ 2.479363631992726, 48.899035042167625 ], [ 2.479181757001331, 48.899067345848323 ], [ 2.479195614757382, 48.899100140835877 ], [ 2.479230775215389, 48.899185098258407 ], [ 2.47911721154619, 48.899206367595156 ], [ 2.47906873012735, 48.899089516789203 ], [ 2.479001364575626, 48.89892480126462 ], [ 2.478988443901814, 48.898893208783534 ], [ 2.479001380377273, 48.898881753958158 ], [ 2.479107573521952, 48.898860902329403 ], [ 2.479111998089303, 48.898868565660287 ], [ 2.479102568772738, 48.898870323268127 ], [ 2.479153579510685, 48.898993390308824 ], [ 2.479213029888374, 48.898981867919041 ], [ 2.479553313478228, 48.898917697807306 ], [ 2.479723042217493, 48.89888597030788 ], [ 2.479674080640808, 48.89876246275972 ], [ 2.479776415512023, 48.898745460759592 ], [ 2.479792039957414, 48.898751643910671 ], [ 2.47984275789765, 48.898876867742096 ], [ 2.479882446236674, 48.898972906113706 ], [ 2.480035107386813, 48.898942902669482 ], [ 2.480005440906738, 48.898881351259206 ], [ 2.480103023609187, 48.898862170067503 ], [ 2.48012502369314, 48.898871888138196 ], [ 2.480131169492344, 48.898884774892842 ], [ 2.480178483124549, 48.898982195200702 ], [ 2.480327450701052, 48.898953254510616 ], [ 2.480272216058731, 48.898829450220447 ], [ 2.480382241177272, 48.89880726511965 ], [ 2.480441826326177, 48.898932527156049 ], [ 2.480601315824289, 48.898901653286735 ], [ 2.480575215656233, 48.898851718538744 ], [ 2.480526931378229, 48.898755822972355 ], [ 2.480555224532058, 48.898750010276167 ], [ 2.480556831669484, 48.89875298494961 ], [ 2.480566287323537, 48.898772288623768 ], [ 2.480566322869498, 48.898772361190666 ], [ 2.480566322869639, 48.898772361190936 ] ] ] ] } },
{ "type": "Feature", "properties": { "start_date": 1932, "construction_date.nb": 1, "historic.building": "yes" }, "geometry": { "type": "Polygon", "coordinates": [ [ [ 2.478921236141753, 48.898465726248773 ], [ 2.478934094985581, 48.898463193922602 ], [ 2.478934394818641, 48.898463138852115 ], [ 2.478934094978262, 48.898463193925984 ], [ 2.478921236141753, 48.898465726248773 ] ] ] } },
{ "type": "Feature", "properties": { "start_date": 1913, "construction_date.nb": 1, "historic.building": "yes" }, "geometry": { "type": "Polygon", "coordinates": [ [ [ 2.480712101909666, 48.898586203652371 ], [ 2.4807304, 48.898621199999965 ], [ 2.4807416, 48.898619 ], [ 2.4807601, 48.8986557 ], [ 2.4807498, 48.898658 ], [ 2.4807548, 48.898669800000015 ], [ 2.4807144, 48.898678299999986 ], [ 2.480687003003211, 48.898683471883608 ], [ 2.480675217752835, 48.898685690685468 ], [ 2.480675197359652, 48.898685694855985 ], [ 2.48063271992451, 48.898602938817696 ], [ 2.480712083718852, 48.898586207428536 ], [ 2.480712101909666, 48.898586203652371 ] ] ] } },
{ "type": "Feature", "properties": { "start_date": 2001, "construction_date.nb": 1, "historic.building": "yes" }, "geometry": { "type": "Polygon", "coordinates": [ [ [ 2.480585154336075, 48.898062506335904 ], [ 2.480663972204289, 48.898225434410847 ], [ 2.480667059624482, 48.898231865400319 ], [ 2.48065987759838, 48.898233282893578 ], [ 2.4805428, 48.898255699999986 ], [ 2.4804616, 48.898083699999965 ], [ 2.480583683806235, 48.898059503209566 ], [ 2.480585154336075, 48.898062506335904 ] ] ] } },
{ "type": "Feature", "properties": { "start_date": 1913, "construction_date.nb": 1, "historic.building": "yes" }, "geometry": { "type": "Polygon", "coordinates": [ [ [ 2.480585154336075, 48.898062506335904 ], [ 2.480663972204289, 48.898225434410847 ], [ 2.480667059624482, 48.898231865400319 ], [ 2.48065987759838, 48.898233282893578 ], [ 2.4805428, 48.898255699999986 ], [ 2.4804616, 48.898083699999965 ], [ 2.480583683806235, 48.898059503209566 ], [ 2.480585154336075, 48.898062506335904 ] ] ] } },
{ "type": "Feature", "properties": { "start_date": 1923, "construction_date.nb": 1, "historic.building": "yes" }, "geometry": { "type": "MultiPolygon", "coordinates": [ [ [ [ 2.480430663993627, 48.898000887403036 ], [ 2.480452911527978, 48.897996996741441 ], [ 2.480429434274246, 48.898001108677136 ], [ 2.480430663993627, 48.898000887403036 ] ] ], [ [ [ 2.480298806826133, 48.898024056984262 ], [ 2.480390194736052, 48.898007813533461 ], [ 2.4802887, 48.898026100000017 ], [ 2.480288691512437, 48.898026081766439 ], [ 2.480288693020829, 48.898026081500809 ], [ 2.480298806826133, 48.898024056984262 ] ] ] ] } },
{ "type": "Feature", "properties": { "start_date": 1968, "construction_date.nb": 1, "historic.building": "yes" }, "geometry": { "type": "MultiPolygon", "coordinates": [ [ [ [ 2.480430663993627, 48.898000887403036 ], [ 2.480452911527978, 48.897996996741441 ], [ 2.480429434274246, 48.898001108677136 ], [ 2.480430663993627, 48.898000887403036 ] ] ], [ [ [ 2.480298806826133, 48.898024056984262 ], [ 2.480390194736052, 48.898007813533461 ], [ 2.4802887, 48.898026100000017 ], [ 2.480288691512437, 48.898026081766439 ], [ 2.480288693020829, 48.898026081500809 ], [ 2.480298806826133, 48.898024056984262 ] ] ] ] } },
{ "type": "Feature", "properties": { "start_date": 1910, "construction_date.nb": 1, "historic.building": "yes" }, "geometry": { "type": "Polygon", "coordinates": [ [ [ 2.47977285797939, 48.898028717864683 ], [ 2.4797637, 48.898007300000017 ], [ 2.479763720568994, 48.898007295876852 ], [ 2.479763740487463, 48.89800734499871 ], [ 2.47977285797939, 48.898028717864683 ] ] ] } },
{ "type": "Feature", "properties": { "start_date": 1925, "construction_date.nb": 1, "historic.building": "yes" }, "geometry": { "type": "Polygon", "coordinates": [ [ [ 2.479763720568994, 48.898007295876852 ], [ 2.4798076, 48.897998499999972 ], [ 2.4798006, 48.89798 ], [ 2.479858205457888, 48.897969339687819 ], [ 2.479887603876207, 48.897963909250038 ], [ 2.479887761592874, 48.897964285619835 ], [ 2.479893731459458, 48.897979851228911 ], [ 2.479913939791104, 48.898026756319837 ], [ 2.479914, 48.898026899999977 ], [ 2.4797823, 48.898050799999979 ], [ 2.47977285797939, 48.898028717864683 ], [ 2.479763740487463, 48.89800734499871 ], [ 2.479763720568994, 48.898007295876852 ] ] ] } },
{ "type": "Feature", "properties": { "start_date": 1925, "construction_date.nb": 1, "historic.building": "yes" }, "geometry": { "type": "Polygon", "coordinates": [ [ [ 2.480091868196067, 48.897926730999615 ], [ 2.480153263084903, 48.897915606688734 ], [ 2.480177574731755, 48.897978704462552 ], [ 2.4800921, 48.8979938 ], [ 2.480066101435181, 48.897931403444439 ], [ 2.480091868196067, 48.897926730999615 ] ] ] } },
{ "type": "Feature", "properties": { "start_date": 1918, "construction_date.nb": 2, "historic.building": "yes" }, "geometry": { "type": "MultiPolygon", "coordinates": [ [ [ [ 2.480430663993627, 48.898000887403036 ], [ 2.480429434274246, 48.898001108677136 ], [ 2.4804272, 48.8980015 ], [ 2.4804002, 48.897936100000031 ], [ 2.480334, 48.897945799999988 ], [ 2.4803474, 48.897978799999976 ], [ 2.4803792, 48.897973699999973 ], [ 2.4803936, 48.898007199999981 ], [ 2.480390194736052, 48.898007813533461 ], [ 2.480298806826133, 48.898024056984262 ], [ 2.480288693020829, 48.898026081500809 ], [ 2.480288691512437, 48.898026081766439 ], [ 2.480230722687598, 48.897901548739334 ], [ 2.480230738806789, 48.897901545815721 ], [ 2.480241375518001, 48.897899546902529 ], [ 2.480443522344493, 48.897862563715954 ], [ 2.480471241325535, 48.897857534092573 ], [ 2.480480066688129, 48.897861055040842 ], [ 2.4804924, 48.897866 ], [ 2.480522141101779, 48.897928255206949 ], [ 2.480547068834613, 48.897980505458463 ], [ 2.480452911527978, 48.897996996741441 ], [ 2.480430663993627, 48.898000887403036 ] ] ], [ [ [ 2.480177574731755, 48.897978704462552 ], [ 2.480153263084903, 48.897915606688734 ], [ 2.4801533, 48.897915599999962 ], [ 2.4801776, 48.897978699999982 ], [ 2.480177574731755, 48.897978704462552 ] ] ] ] } },
{ "type": "Feature", "properties": { "start_date": 1930, "construction_date.nb": 1, "historic.building": "yes" }, "geometry": { "type": "Polygon", "coordinates": [ [ [ 2.478521089510426, 48.897230973839228 ], [ 2.4785211, 48.897231 ], [ 2.4784277, 48.897248 ], [ 2.478427699819012, 48.897247999386089 ], [ 2.47847809670606, 48.89723869135149 ], [ 2.478521089510426, 48.897230973839228 ] ] ] } },
{ "type": "Feature", "properties": { "start_date": 1932, "construction_date.nb": 1, "historic.building": "yes" }, "geometry": { "type": "Polygon", "coordinates": [ [ [ 2.47969385215979, 48.896974808117122 ], [ 2.4795996, 48.8969908 ], [ 2.4795724, 48.896924699999978 ], [ 2.479659079614375, 48.896908703762044 ], [ 2.47969385215979, 48.896974808117122 ] ] ] } },
{ "type": "Feature", "properties": { "start_date": 1912, "construction_date.nb": 1, "historic.building": "yes" }, "geometry": { "type": "Polygon", "coordinates": [ [ [ 2.480018679273173, 48.897004664956327 ], [ 2.4800318, 48.897002199999982 ], [ 2.480071, 48.897087899999981 ], [ 2.4799686, 48.8971075 ], [ 2.479929617164026, 48.897021437892953 ], [ 2.479929630930486, 48.897021435750041 ], [ 2.480018679273173, 48.897004664956327 ] ] ] } },
{ "type": "Feature", "properties": { "start_date": 1965, "construction_date.nb": 2, "historic.building": "yes" }, "geometry": { "type": "MultiPolygon", "coordinates": [ [ [ [ 2.47969385215979, 48.896974808117122 ], [ 2.479659079614375, 48.896908703762044 ], [ 2.4796591, 48.896908699999976 ], [ 2.4796939, 48.896974799999981 ], [ 2.47969385215979, 48.896974808117122 ] ] ], [ [ [ 2.479929630930486, 48.897021435750041 ], [ 2.479929617164026, 48.897021437892953 ], [ 2.4799296, 48.8970214 ], [ 2.480018679273173, 48.897004664956327 ], [ 2.479929630930486, 48.897021435750041 ] ] ] ] } },
{ "type": "Feature", "properties": { "start_date": 1978, "construction_date.nb": 1, "historic.building": "yes" }, "geometry": { "type": "Polygon", "coordinates": [ [ [ 2.479569486886831, 48.896655819297898 ], [ 2.479516652452799, 48.89666324273751 ], [ 2.479569486880308, 48.896655819294416 ], [ 2.479569486886831, 48.896655819297898 ] ] ] } },
{ "type": "Feature", "properties": { "start_date": 1898, "construction_date.nb": 1, "historic.building": "yes" }, "geometry": { "type": "Polygon", "coordinates": [ [ [ 2.479569486880308, 48.896655819294416 ], [ 2.479516652452799, 48.89666324273751 ], [ 2.479464477859466, 48.89667057344208 ], [ 2.479457386088122, 48.896647595981023 ], [ 2.479505289008124, 48.896621593479402 ], [ 2.479569486880308, 48.896655819294416 ] ] ] } },
{ "type": "Feature", "properties": { "start_date": 1933, "construction_date.nb": 1, "historic.building": "yes" }, "geometry": { "type": "Polygon", "coordinates": [ [ [ 2.4808435, 48.897632899999962 ], [ 2.4808753, 48.897701499999968 ], [ 2.4807051, 48.897738200000035 ], [ 2.4806705, 48.897668799999977 ], [ 2.4808435, 48.897632899999962 ] ] ] } },
{ "type": "Feature", "properties": { "start_date": 1930, "construction_date.nb": 2, "historic.building": "yes" }, "geometry": { "type": "Polygon", "coordinates": [ [ [ 2.480932896133601, 48.897615800882704 ], [ 2.480932896133602, 48.897615800882704 ], [ 2.48093290836393, 48.897615823781614 ], [ 2.480962563346457, 48.897676708194886 ], [ 2.4808888, 48.897693200000013 ], [ 2.480858, 48.897632899999984 ], [ 2.480932583412502, 48.897615872278443 ], [ 2.4809286, 48.8976078 ], [ 2.480928620670696, 48.897607795537844 ], [ 2.480928623587686, 48.897607801379344 ], [ 2.480932896133601, 48.897615800882704 ] ] ] } },
{ "type": "Feature", "properties": { "start_date": 1930, "construction_date.nb": 2, "historic.building": "yes" }, "geometry": { "type": "Polygon", "coordinates": [ [ [ 2.480928623587686, 48.897607801379344 ], [ 2.480928620670696, 48.897607795537844 ], [ 2.4810143, 48.897589299999986 ], [ 2.4810484, 48.8976575 ], [ 2.4809626, 48.897676699999977 ], [ 2.480962563346457, 48.897676708194886 ], [ 2.480959465443055, 48.897670347920744 ], [ 2.480959465442968, 48.897670347920553 ], [ 2.48093290836393, 48.897615823781614 ], [ 2.480928623587686, 48.897607801379344 ] ] ] } },
{ "type": "Feature", "properties": { "start_date": 1931, "construction_date.nb": 1, "historic.building": "yes" }, "geometry": { "type": "Polygon", "coordinates": [ [ [ 2.481237711375565, 48.897577429450187 ], [ 2.4812543, 48.897610499999971 ], [ 2.4811685, 48.8976289 ], [ 2.4811517, 48.89759709999997 ], [ 2.4811385, 48.897599499999977 ], [ 2.4811242, 48.897570200000011 ], [ 2.481223175046831, 48.897548505469558 ], [ 2.481237711375565, 48.897577429450187 ] ] ] } },
{ "type": "Feature", "properties": { "start_date": 1991, "construction_date.nb": 1, "historic.building": "yes" }, "geometry": { "type": "Polygon", "coordinates": [ [ [ 2.481223175046831, 48.897548505469558 ], [ 2.4812232, 48.897548500000013 ], [ 2.481237711375565, 48.897577429450187 ], [ 2.481223175046831, 48.897548505469558 ] ] ] } },
{ "type": "Feature", "properties": { "start_date": 1927, "construction_date.nb": 1, "historic.building": "yes" }, "geometry": { "type": "Polygon", "coordinates": [ [ [ 2.481544993979699, 48.897708981170226 ], [ 2.481552495232619, 48.897744561419728 ], [ 2.481521919490503, 48.897750796025726 ], [ 2.481521898819255, 48.897750753076743 ], [ 2.481488111538697, 48.897680597464671 ], [ 2.481490688244301, 48.897680031303466 ], [ 2.481544993979699, 48.897708981170226 ] ] ] } },
{ "type": "Feature", "properties": { "start_date": 1929, "construction_date.nb": 2, "historic.building": "yes" }, "geometry": { "type": "Polygon", "coordinates": [ [ [ 2.481521898819255, 48.897750753076743 ], [ 2.481521919490503, 48.897750796025726 ], [ 2.4815219, 48.897750799999976 ], [ 2.481429, 48.897769599999961 ], [ 2.4813958, 48.897700699999966 ], [ 2.4814881, 48.8976806 ], [ 2.481488111538697, 48.897680597464671 ], [ 2.481521898819255, 48.897750753076743 ] ] ] } },
{ "type": "Feature", "properties": { "start_date": 1949, "construction_date.nb": 1, "historic.building": "yes" }, "geometry": { "type": "Polygon", "coordinates": [ [ [ 2.481204736565135, 48.897805557617929 ], [ 2.4812064, 48.897809 ], [ 2.481206370463969, 48.897809006379497 ], [ 2.481204736565135, 48.897805557617929 ] ] ] } },
{ "type": "Feature", "properties": { "start_date": 1932, "construction_date.nb": 1, "historic.building": "yes" }, "geometry": { "type": "Polygon", "coordinates": [ [ [ 2.481094547830062, 48.897767189754816 ], [ 2.4811776, 48.897749399999988 ], [ 2.481204736565135, 48.897805557617929 ], [ 2.481206370463969, 48.897809006379497 ], [ 2.4811226, 48.8978271 ], [ 2.481117140573434, 48.897815462301551 ], [ 2.481094547830062, 48.897767189754816 ] ] ] } },
{ "type": "Feature", "properties": { "start_date": 1936, "construction_date.nb": 2, "historic.building": "yes" }, "geometry": { "type": "MultiPolygon", "coordinates": [ [ [ [ 2.481094547830062, 48.897767189754816 ], [ 2.481117140573434, 48.897815462301551 ], [ 2.4810945, 48.8977672 ], [ 2.481094547830062, 48.897767189754816 ] ] ], [ [ [ 2.4810357, 48.897781299999977 ], [ 2.4810658, 48.8978446 ], [ 2.4809659, 48.897866199999974 ], [ 2.4809361, 48.897802600000013 ], [ 2.4810357, 48.897781299999977 ] ] ] ] } },
{ "type": "Feature", "properties": { "start_date": 1935, "construction_date.nb": 1, "historic.building": "yes" }, "geometry": { "type": "Polygon", "coordinates": [ [ [ 2.4809292, 48.897865499999973 ], [ 2.4808331, 48.8978853 ], [ 2.4808045, 48.8978242 ], [ 2.4809013, 48.897803199999977 ], [ 2.4809292, 48.897865499999973 ] ] ] } },
{ "type": "Feature", "properties": { "start_date": 1950, "construction_date.nb": 1, "historic.building": "yes" }, "geometry": { "type": "Polygon", "coordinates": [ [ [ 2.481550370920915, 48.899288330031467 ], [ 2.481589934993052, 48.899369798510634 ], [ 2.481467754645795, 48.899393460889073 ], [ 2.481451301106522, 48.899360924721428 ], [ 2.481467565536043, 48.899357667719897 ], [ 2.481444720797439, 48.899309455983662 ], [ 2.481550370920915, 48.899288330031467 ] ] ] } },
{ "type": "Feature", "properties": { "start_date": 1958, "construction_date.nb": 4, "historic.building": "yes" }, "geometry": { "type": "Polygon", "coordinates": [ [ [ 2.478559494617019, 48.897134977727141 ], [ 2.4786089, 48.897126 ], [ 2.4786346, 48.897187699999982 ], [ 2.4785128, 48.897210299999983 ], [ 2.4785211, 48.897231 ], [ 2.4784277, 48.897248 ], [ 2.478417156866209, 48.897212238137151 ], [ 2.478559494617019, 48.897134977727141 ] ] ] } },
{ "type": "Feature", "properties": { "start_date": 1927, "construction_date.nb": 1, "historic.building": "yes" }, "geometry": { "type": "Polygon", "coordinates": [ [ [ 2.482169854184179, 48.900978288198537 ], [ 2.4821529, 48.90094220000001 ], [ 2.48222370212645, 48.900928050397809 ], [ 2.482228616926511, 48.900951359452783 ], [ 2.482169854184179, 48.900978288198537 ] ] ] } },
{ "type": "Feature", "properties": { "start_date": 1965, "construction_date.nb": 2, "historic.building": "yes" }, "geometry": { "type": "MultiPolygon", "coordinates": [ [ [ [ 2.478934598496035, 48.900525213657659 ], [ 2.478897967612136, 48.900528182927367 ], [ 2.478934598495792, 48.900525213653097 ], [ 2.478934598496035, 48.900525213657659 ] ] ], [ [ [ 2.478685727760098, 48.900545354256003 ], [ 2.478685727759028, 48.900545354245523 ], [ 2.478772137296365, 48.90053836880562 ], [ 2.478685727760098, 48.900545354256003 ] ] ], [ [ [ 2.478992356437287, 48.900696602577106 ], [ 2.478992356430334, 48.900696602578158 ], [ 2.478965843070355, 48.900700472844989 ], [ 2.478992356435701, 48.900696602572033 ], [ 2.478992356437287, 48.900696602577106 ] ] ], [ [ [ 2.478867767874069, 48.900715125792161 ], [ 2.478867767863203, 48.900715125794903 ], [ 2.478856850353707, 48.900688368958527 ], [ 2.478856850373177, 48.900688368954917 ], [ 2.478867767874069, 48.900715125792161 ] ] ] ] } },
{ "type": "Feature", "properties": { "start_date": 1970, "construction_date.nb": 2, "historic.building": "yes" }, "geometry": { "type": "MultiPolygon", "coordinates": [ [ [ [ 2.478934598496035, 48.900525213657659 ], [ 2.478897967612136, 48.900528182927367 ], [ 2.478934598495792, 48.900525213653097 ], [ 2.478934598496035, 48.900525213657659 ] ] ], [ [ [ 2.478685727760098, 48.900545354256003 ], [ 2.478685727759028, 48.900545354245523 ], [ 2.478772137296365, 48.90053836880562 ], [ 2.478685727760098, 48.900545354256003 ] ] ], [ [ [ 2.478992356437287, 48.900696602577106 ], [ 2.478992356430334, 48.900696602578158 ], [ 2.478965843070355, 48.900700472844989 ], [ 2.478992356435701, 48.900696602572033 ], [ 2.478992356437287, 48.900696602577106 ] ] ], [ [ [ 2.478867767874069, 48.900715125792161 ], [ 2.478867767863203, 48.900715125794903 ], [ 2.478856850353707, 48.900688368958527 ], [ 2.478856850373177, 48.900688368954917 ], [ 2.478867767874069, 48.900715125792161 ] ] ] ] } },
{ "type": "Feature", "properties": { "start_date": 1928, "construction_date.nb": 1, "historic.building": "yes" }, "geometry": { "type": "Polygon", "coordinates": [ [ [ 2.481173134909486, 48.90138584428535 ], [ 2.481160472425539, 48.901360797772838 ], [ 2.48115441360526, 48.901348832265867 ], [ 2.48114294783576, 48.901326188586694 ], [ 2.481191745800438, 48.901316147918514 ], [ 2.481202308274562, 48.901337597111493 ], [ 2.481269556434697, 48.90132403909805 ], [ 2.481262289075727, 48.901300445872245 ], [ 2.481299610315439, 48.901292243980294 ], [ 2.481600187193949, 48.901227807393632 ], [ 2.481604695995872, 48.901237275848295 ], [ 2.481402872823042, 48.901329761393974 ], [ 2.481173134909486, 48.90138584428535 ] ] ] } },
{ "type": "Feature", "properties": { "start_date": 1878, "construction_date.nb": 1, "historic.building": "yes" }, "geometry": { "type": "Polygon", "coordinates": [ [ [ 2.478685727759028, 48.900545354245523 ], [ 2.478683119113563, 48.900519802648049 ], [ 2.478768281697314, 48.900515317052061 ], [ 2.478766462098508, 48.900479067165918 ], [ 2.478784324750234, 48.900466104978221 ], [ 2.478931496246906, 48.900467195003692 ], [ 2.478934598495792, 48.900525213653097 ], [ 2.478897967612136, 48.900528182927367 ], [ 2.478835623464902, 48.900533236466813 ], [ 2.478772137296365, 48.90053836880562 ], [ 2.478685727759028, 48.900545354245523 ] ] ] } },
{ "type": "Feature", "properties": { "start_date": 2006, "construction_date.nb": 2, "historic.building": "yes" }, "geometry": { "type": "MultiPolygon", "coordinates": [ [ [ [ 2.478992356430334, 48.900696602578158 ], [ 2.478992356437287, 48.900696602577106 ], [ 2.478999361572864, 48.900719025741523 ], [ 2.478986101904185, 48.900721845832123 ], [ 2.478984641984957, 48.90071779260429 ], [ 2.478970153751586, 48.900720697298389 ], [ 2.478975469409364, 48.900734749550537 ], [ 2.478942408108369, 48.90073982170356 ], [ 2.478887206674085, 48.900749114175454 ], [ 2.478883246527439, 48.900749546590255 ], [ 2.478874736514787, 48.900727566511982 ], [ 2.478697451472594, 48.90076402623199 ], [ 2.478694856367689, 48.900709876802978 ], [ 2.478769819797137, 48.900702289175413 ], [ 2.478814212251423, 48.900696277172962 ], [ 2.478856850353707, 48.900688368958527 ], [ 2.478867767863203, 48.900715125794903 ], [ 2.478867767874069, 48.900715125792161 ], [ 2.478867767882791, 48.900715125813548 ], [ 2.478870913202844, 48.900714330123812 ], [ 2.478965843070355, 48.900700472844989 ], [ 2.478992356430334, 48.900696602578158 ] ] ], [ [ [ 2.479223246023994, 48.901450349252826 ], [ 2.4792184252058, 48.901442299572018 ], [ 2.479212854085438, 48.901443702378664 ], [ 2.47915864744255, 48.901409030773678 ], [ 2.479193884538091, 48.901400105438739 ], [ 2.47918248015143, 48.901381080529902 ], [ 2.47934236043832, 48.901339238585173 ], [ 2.47935336017937, 48.901357812075197 ], [ 2.479386593287058, 48.901349233277038 ], [ 2.47941168870385, 48.901390530493316 ], [ 2.479378043684267, 48.901399377287774 ], [ 2.479400456913961, 48.901436076376612 ], [ 2.479433547389021, 48.901428126455869 ], [ 2.479455654586836, 48.901468151651876 ], [ 2.479425013106269, 48.901476741698573 ], [ 2.47943318802075, 48.901491345941999 ], [ 2.479454931867111, 48.901485864772539 ], [ 2.479452806970412, 48.901480099998452 ], [ 2.47947920200389, 48.901473290070093 ], [ 2.479482556331196, 48.901478880321889 ], [ 2.479515926773997, 48.901470212170153 ], [ 2.479518350563708, 48.901473370287071 ], [ 2.479540369903375, 48.901467620484809 ], [ 2.479552161155781, 48.901488895297902 ], [ 2.479530695525189, 48.90149383813359 ], [ 2.479554300624359, 48.901534139563587 ], [ 2.479576177259999, 48.901529018679078 ], [ 2.479596834560891, 48.90156400139707 ], [ 2.479682568857878, 48.901543420121477 ], [ 2.479695420688543, 48.901566303124135 ], [ 2.479414401391923, 48.901572615243843 ], [ 2.479223246023994, 48.901450349252826 ] ] ] ] } },
{ "type": "Feature", "properties": { "start_date": 1830, "construction_date.nb": 2, "historic.building": "yes" }, "geometry": { "type": "MultiPolygon", "coordinates": [ [ [ [ 2.478202656944942, 48.90068820173763 ], [ 2.478206608851546, 48.900687336449217 ], [ 2.478279660569402, 48.90066634118061 ], [ 2.478311583894514, 48.900706769075867 ], [ 2.478251144097863, 48.900721524166698 ], [ 2.478254229942909, 48.900726663642544 ], [ 2.47822581051785, 48.900733018319244 ], [ 2.478202656944942, 48.90068820173763 ] ] ], [ [ [ 2.47827811789589, 48.900834265355279 ], [ 2.478566409443952, 48.900786747778291 ], [ 2.47857868168242, 48.900807573478289 ], [ 2.47860476990028, 48.900851844535147 ], [ 2.478350829341844, 48.900892326163962 ], [ 2.4782870313673, 48.900851518376406 ], [ 2.47827811789589, 48.900834265355279 ] ] ] ] } },
{ "type": "Feature", "properties": { "start_date": 1906, "construction_date.nb": 1, "historic.building": "yes" }, "geometry": { "type": "Polygon", "coordinates": [ [ [ 2.477742510876181, 48.89959013995707 ], [ 2.477712675778908, 48.899586412621233 ], [ 2.477708744775553, 48.899597546847424 ], [ 2.477657938664192, 48.899590310703303 ], [ 2.477660353951818, 48.899580698671045 ], [ 2.477630110611889, 48.899576879614948 ], [ 2.477642775306697, 48.899538174771862 ], [ 2.477672614913647, 48.899541452502845 ], [ 2.477676278532075, 48.899529777515482 ], [ 2.477757879853417, 48.899540205576052 ], [ 2.477745330864042, 48.899580979316262 ], [ 2.477742510883346, 48.899590139935434 ], [ 2.477742510876181, 48.89959013995707 ] ] ] } },
{ "type": "Feature", "properties": { "start_date": 1914, "construction_date.nb": 1, "historic.building": "yes" }, "geometry": { "type": "Polygon", "coordinates": [ [ [ 2.477757879853417, 48.899540205576052 ], [ 2.477757879882313, 48.899540205579754 ], [ 2.477745330898171, 48.899580979337685 ], [ 2.477742510907127, 48.899590139960935 ], [ 2.477742510876181, 48.89959013995707 ], [ 2.477742510883346, 48.899590139935434 ], [ 2.477745330864042, 48.899580979316262 ], [ 2.477757879853417, 48.899540205576052 ] ] ] } },
{ "type": "Feature", "properties": { "start_date": 1908, "construction_date.nb": 1, "historic.building": "yes" }, "geometry": { "type": "Polygon", "coordinates": [ [ [ 2.477924121930868, 48.899543628275204 ], [ 2.478018658579599, 48.899556360810969 ], [ 2.477984306914825, 48.899649379141373 ], [ 2.477892648885955, 48.899635220241969 ], [ 2.477893211575064, 48.899633514026938 ], [ 2.477904459871703, 48.899600018938223 ], [ 2.477924121930868, 48.899543628275204 ] ] ] } },
{ "type": "Feature", "properties": { "start_date": 1913, "construction_date.nb": 1, "historic.building": "yes" }, "geometry": { "type": "Polygon", "coordinates": [ [ [ 2.478218589792677, 48.899709754216673 ], [ 2.478182652845537, 48.899620746283993 ], [ 2.478258068068768, 48.899608754366724 ], [ 2.478263896580994, 48.899626046405288 ], [ 2.478288218701359, 48.899621835694973 ], [ 2.478308568187913, 48.899619316343291 ], [ 2.47833458492132, 48.899691014368074 ], [ 2.478329510250251, 48.899691895759752 ], [ 2.478289629633425, 48.899698822372372 ], [ 2.478218589806326, 48.899709754214427 ], [ 2.478218589792677, 48.899709754216673 ] ] ] } },
{ "type": "Feature", "properties": { "start_date": 1977, "construction_date.nb": 1, "historic.building": "yes" }, "geometry": { "type": "Polygon", "coordinates": [ [ [ 2.478329510250251, 48.899691895759752 ], [ 2.478289629638605, 48.899698822395088 ], [ 2.478218589800897, 48.899709754237037 ], [ 2.478218589792677, 48.899709754216673 ], [ 2.478218589806326, 48.899709754214427 ], [ 2.478289629633425, 48.899698822372372 ], [ 2.478329510250251, 48.899691895759752 ] ] ] } },
{ "type": "Feature", "properties": { "start_date": 1904, "construction_date.nb": 1, "historic.building": "yes" }, "geometry": { "type": "Polygon", "coordinates": [ [ [ 2.477474269171091, 48.89924488259814 ], [ 2.477552321905169, 48.899254498942675 ], [ 2.477529669770622, 48.899323376895374 ], [ 2.477495590269837, 48.899319546485302 ], [ 2.477468989514129, 48.899268054370907 ], [ 2.477474269171091, 48.89924488259814 ] ] ] } },
{ "type": "Feature", "properties": { "start_date": 1914, "construction_date.nb": 1, "historic.building": "yes" }, "geometry": { "type": "Polygon", "coordinates": [ [ [ 2.477683749647258, 48.899369733671314 ], [ 2.477540038905026, 48.899350311351313 ], [ 2.477563413675563, 48.899277389702199 ], [ 2.477706732171315, 48.899295101614761 ], [ 2.477683749647258, 48.899369733671314 ] ] ] } },
{ "type": "Feature", "properties": { "start_date": 1936, "construction_date.nb": 2, "historic.building": "yes" }, "geometry": { "type": "MultiPolygon", "coordinates": [ [ [ [ 2.477683749647258, 48.899369733671314 ], [ 2.477706732171315, 48.899295101614761 ], [ 2.477706732197316, 48.89929510161798 ], [ 2.47768374965289, 48.899369733672081 ], [ 2.477683749647258, 48.899369733671314 ] ] ], [ [ [ 2.477739439006479, 48.899325281059248 ], [ 2.477750158874284, 48.899290075002632 ], [ 2.477755333815292, 48.899290906944856 ], [ 2.477899603609335, 48.899308982507826 ], [ 2.477873908943256, 48.899395653470215 ], [ 2.47775444973395, 48.899379035041555 ], [ 2.477769133049883, 48.899329457424543 ], [ 2.477739439006479, 48.899325281059248 ] ] ] ] } },
{ "type": "Feature", "properties": { "start_date": 2009, "construction_date.nb": 1, "historic.building": "yes" }, "geometry": { "type": "Polygon", "coordinates": [ [ [ 2.478170854750162, 48.899273652845309 ], [ 2.478170854754079, 48.899273652856202 ], [ 2.478098036935071, 48.899285116477436 ], [ 2.478056513539257, 48.899290780990384 ], [ 2.478056513537419, 48.899290780985304 ], [ 2.478098036909295, 48.899285116453314 ], [ 2.478170854750162, 48.899273652845309 ] ] ] } },
{ "type": "Feature", "properties": { "start_date": 1903, "construction_date.nb": 1, "historic.building": "yes" }, "geometry": { "type": "Polygon", "coordinates": [ [ [ 2.478123274054188, 48.899148130198625 ], [ 2.478125602657728, 48.899147822652409 ], [ 2.478170854750162, 48.899273652845309 ], [ 2.478098036909295, 48.899285116453314 ], [ 2.478056513537419, 48.899290780985304 ], [ 2.478010722417175, 48.899164318887777 ], [ 2.478024563089753, 48.899162383167393 ], [ 2.478068092104885, 48.89915629531508 ], [ 2.478099918613546, 48.899151432763063 ], [ 2.478110441861531, 48.899149824991333 ], [ 2.478123274054188, 48.899148130198625 ] ] ] } },
{ "type": "Feature", "properties": { "start_date": 1987, "construction_date.nb": 1, "historic.building": "yes" }, "geometry": { "type": "Polygon", "coordinates": [ [ [ 2.477648962330608, 48.898478163299423 ], [ 2.477654793679465, 48.898476326709229 ], [ 2.477653320392657, 48.898473622371085 ], [ 2.477680968762594, 48.898464120379856 ], [ 2.477688769583002, 48.898475125915944 ], [ 2.477739945576658, 48.898458981723273 ], [ 2.477767039907046, 48.898496961348741 ], [ 2.477799667924926, 48.898542697794639 ], [ 2.477749173872934, 48.898558844989807 ], [ 2.47777690328875, 48.898595657573665 ], [ 2.477776903261224, 48.898595657580685 ], [ 2.477759807817628, 48.898600169497975 ], [ 2.477748120499457, 48.898603719502738 ], [ 2.477746673250653, 48.898604159097836 ], [ 2.477705922739449, 48.898614413342145 ], [ 2.477688030272184, 48.89858960438778 ], [ 2.477698422469227, 48.898587041747334 ], [ 2.47764210062483, 48.898508279422217 ], [ 2.477648962330608, 48.898478163299423 ] ] ] } },
{ "type": "Feature", "properties": { "start_date": 1997, "construction_date.nb": 1, "historic.building": "yes" }, "geometry": { "type": "MultiPolygon", "coordinates": [ [ [ [ 2.478110441861531, 48.899149824991333 ], [ 2.478099918613546, 48.899151432763063 ], [ 2.478110441854281, 48.899149824987873 ], [ 2.478123274054188, 48.899148130198625 ], [ 2.478110441861531, 48.899149824991333 ] ] ], [ [ [ 2.478024563089753, 48.899162383167393 ], [ 2.478010722417175, 48.899164318887777 ], [ 2.47801072241568, 48.899164318883649 ], [ 2.478024563089753, 48.899162383167393 ] ] ] ] } },
{ "type": "Feature", "properties": { "start_date": 1932, "construction_date.nb": 1, "historic.building": "yes" }, "geometry": { "type": "Polygon", "coordinates": [ [ [ 2.477936526004569, 48.897473119749996 ], [ 2.4779619, 48.897532799999986 ], [ 2.477961898254966, 48.897532800328328 ], [ 2.477961882642342, 48.897532764030622 ], [ 2.47793651526565, 48.897473125578919 ], [ 2.477936526004569, 48.897473119749996 ] ] ] } },
{ "type": "Feature", "properties": { "start_date": 1930, "construction_date.nb": 1, "historic.building": "yes" }, "geometry": { "type": "Polygon", "coordinates": [ [ [ 2.47793651526565, 48.897473125578919 ], [ 2.477961882642342, 48.897532764030622 ], [ 2.477961898254966, 48.897532800328328 ], [ 2.477859982259917, 48.897551975955459 ], [ 2.477869682096395, 48.897509401579271 ], [ 2.47793651526565, 48.897473125578919 ] ] ] } },
{ "type": "Feature", "properties": { "start_date": 1923, "construction_date.nb": 1, "historic.building": "yes" }, "geometry": { "type": "Polygon", "coordinates": [ [ [ 2.477756203816396, 48.898007474147185 ], [ 2.477778205984934, 48.898003469916809 ], [ 2.477788741123585, 48.898027437413738 ], [ 2.477840809178183, 48.898017502263329 ], [ 2.477859700302236, 48.898062764427749 ], [ 2.477808343650751, 48.898072128484529 ], [ 2.477738550645344, 48.898084955563576 ], [ 2.477756203816396, 48.898007474147185 ] ] ] } },
{ "type": "Feature", "properties": { "start_date": 1926, "construction_date.nb": 1, "historic.building": "yes" }, "geometry": { "type": "Polygon", "coordinates": [ [ [ 2.477738550645344, 48.898084955563576 ], [ 2.477808343650751, 48.898072128484529 ], [ 2.477859700302236, 48.898062764427749 ], [ 2.47785972343225, 48.898062819846025 ], [ 2.477808343662108, 48.89807212849356 ], [ 2.477738550642291, 48.898084955576977 ], [ 2.477738550645344, 48.898084955563576 ] ] ] } },
{ "type": "Feature", "properties": { "start_date": 1910, "construction_date.nb": 1, "historic.building": "yes" }, "geometry": { "type": "Polygon", "coordinates": [ [ [ 2.477738550645344, 48.898084955563576 ], [ 2.477808343650751, 48.898072128484529 ], [ 2.477859700302236, 48.898062764427749 ], [ 2.47785972343225, 48.898062819846025 ], [ 2.477808343662108, 48.89807212849356 ], [ 2.477738550642291, 48.898084955576977 ], [ 2.477738550645344, 48.898084955563576 ] ] ] } },
{ "type": "Feature", "properties": { "start_date": 1920, "construction_date.nb": 1, "historic.building": "yes" }, "geometry": { "type": "Polygon", "coordinates": [ [ [ 2.4806373, 48.899995099999984 ], [ 2.4804246, 48.900043599999982 ], [ 2.4803822, 48.8999595 ], [ 2.4805935, 48.899912799999989 ], [ 2.4806373, 48.899995099999984 ] ] ] } },
{ "type": "Feature", "properties": { "start_date": 1928, "construction_date.nb": 1, "historic.building": "yes" }, "geometry": { "type": "Polygon", "coordinates": [ [ [ 2.480606070764861, 48.898848884650391 ], [ 2.480606070772749, 48.898848884648864 ], [ 2.48060607078034, 48.898848884663465 ], [ 2.480640194200433, 48.898914951746235 ], [ 2.480640194193376, 48.89891495174755 ], [ 2.480606070764861, 48.898848884650391 ] ] ] } },
{ "type": "Feature", "properties": { "start_date": 1922, "construction_date.nb": 1, "historic.building": "yes" }, "geometry": { "type": "Polygon", "coordinates": [ [ [ 2.480566322870565, 48.898772361192734 ], [ 2.480606070772749, 48.898848884648864 ], [ 2.480606070764861, 48.898848884650391 ], [ 2.480566322870517, 48.898772361192741 ], [ 2.480566322870565, 48.898772361192734 ] ] ] } },
{ "type": "Feature", "properties": { "start_date": 1924, "construction_date.nb": 2, "historic.building": "yes" }, "geometry": { "type": "MultiPolygon", "coordinates": [ [ [ [ 2.480675217752835, 48.898685690685468 ], [ 2.480687003003211, 48.898683471883608 ], [ 2.4806752, 48.898685699999987 ], [ 2.480675197359652, 48.898685694855985 ], [ 2.480675217752835, 48.898685690685468 ] ] ], [ [ [ 2.480566287323537, 48.898772288623768 ], [ 2.480556831669484, 48.89875298494961 ], [ 2.480555224532058, 48.898750010276167 ], [ 2.480555224554491, 48.898750010271549 ], [ 2.480556831680746, 48.898752984968205 ], [ 2.480566287323537, 48.898772288623768 ] ] ], [ [ [ 2.480566322870565, 48.898772361192734 ], [ 2.480566322870517, 48.898772361192741 ], [ 2.480566322869639, 48.898772361190936 ], [ 2.480566322870565, 48.898772361192734 ] ] ] ] } },
{ "type": "Feature", "properties": { "start_date": 1926, "construction_date.nb": 1, "historic.building": "yes" }, "geometry": { "type": "Polygon", "coordinates": [ [ [ 2.4798987, 48.8994218 ], [ 2.4797985, 48.8994402 ], [ 2.4797712, 48.899374899999977 ], [ 2.4798707, 48.8993558 ], [ 2.4798987, 48.8994218 ] ] ] } },
{ "type": "Feature", "properties": { "start_date": 1930, "construction_date.nb": 1, "historic.building": "yes" }, "geometry": { "type": "Polygon", "coordinates": [ [ [ 2.4797716, 48.8994348 ], [ 2.479668, 48.899454699999964 ], [ 2.4796404, 48.8993908 ], [ 2.4797427, 48.8993708 ], [ 2.4797716, 48.8994348 ] ] ] } },
{ "type": "Feature", "properties": { "start_date": 1927, "construction_date.nb": 1, "historic.building": "yes" }, "geometry": { "type": "Polygon", "coordinates": [ [ [ 2.4796529, 48.899451099999979 ], [ 2.4795552, 48.899469600000032 ], [ 2.479531, 48.8994135 ], [ 2.4796285, 48.8993941 ], [ 2.4796529, 48.899451099999979 ] ] ] } },
{ "type": "Feature", "properties": { "start_date": 1924, "construction_date.nb": 1, "historic.building": "yes" }, "geometry": { "type": "Polygon", "coordinates": [ [ [ 2.479230775215389, 48.899185098258407 ], [ 2.479230775217078, 48.899185098262492 ], [ 2.479117211557182, 48.899206367621652 ], [ 2.47911721154619, 48.899206367595156 ], [ 2.479230775215389, 48.899185098258407 ] ] ] } },
{ "type": "Feature", "properties": { "start_date": 1916, "construction_date.nb": 1, "historic.building": "yes" }, "geometry": { "type": "Polygon", "coordinates": [ [ [ 2.4797144, 48.899248699999966 ], [ 2.4796101, 48.899268 ], [ 2.4795804, 48.89920020000001 ], [ 2.4795787, 48.899191699999967 ], [ 2.4796812, 48.899172900000039 ], [ 2.4797144, 48.899248699999966 ] ] ] } },
{ "type": "Feature", "properties": { "start_date": 1953, "construction_date.nb": 1, "historic.building": "yes" }, "geometry": { "type": "Polygon", "coordinates": [ [ [ 2.479813607750046, 48.899072618443341 ], [ 2.479799858544109, 48.899074888431201 ], [ 2.479799858535233, 48.8990748884097 ], [ 2.479813607750046, 48.899072618443341 ] ] ] } },
{ "type": "Feature", "properties": { "start_date": 1930, "construction_date.nb": 1, "historic.building": "yes" }, "geometry": { "type": "Polygon", "coordinates": [ [ [ 2.480003211241304, 48.899036292002535 ], [ 2.480003211228892, 48.899036292004837 ], [ 2.47987119689617, 48.899061259033907 ], [ 2.479871196886052, 48.899061259012043 ], [ 2.48000321123224, 48.899036291982242 ], [ 2.480003211241304, 48.899036292002535 ] ] ] } },
{ "type": "Feature", "properties": { "start_date": 1930, "construction_date.nb": 1, "historic.building": "yes" }, "geometry": { "type": "Polygon", "coordinates": [ [ [ 2.480107615867571, 48.899016960527248 ], [ 2.480107615850375, 48.899016960530616 ], [ 2.480003211241304, 48.899036292002535 ], [ 2.48000321123224, 48.899036291982242 ], [ 2.480107615861777, 48.899016960514885 ], [ 2.480107615867571, 48.899016960527248 ] ] ] } },
{ "type": "Feature", "properties": { "start_date": 1928, "construction_date.nb": 1, "historic.building": "yes" }, "geometry": { "type": "Polygon", "coordinates": [ [ [ 2.480192407870576, 48.899000382717972 ], [ 2.480107615867571, 48.899016960527248 ], [ 2.480107615861777, 48.899016960514885 ], [ 2.480192407870576, 48.899000382717972 ] ] ] } },
{ "type": "Feature", "properties": { "start_date": 1964, "construction_date.nb": 1, "historic.building": "yes" }, "geometry": { "type": "Polygon", "coordinates": [ [ [ 2.480326554146655, 48.898974744055195 ], [ 2.480326554132507, 48.898974744058002 ], [ 2.48026227444676, 48.898986874871838 ], [ 2.480326554137936, 48.898974744035385 ], [ 2.480326554146655, 48.898974744055195 ] ] ] } },
{ "type": "Feature", "properties": { "start_date": 1939, "construction_date.nb": 1, "historic.building": "yes" }, "geometry": { "type": "Polygon", "coordinates": [ [ [ 2.480395848244662, 48.898960959052701 ], [ 2.480326554146655, 48.898974744055195 ], [ 2.480326554137936, 48.898974744035385 ], [ 2.480395848244662, 48.898960959052701 ] ] ] } },
{ "type": "Feature", "properties": { "start_date": 1979, "construction_date.nb": 1, "historic.building": "yes" }, "geometry": { "type": "Polygon", "coordinates": [ [ [ 2.480527998335697, 48.898935958595047 ], [ 2.480419210507741, 48.898957159953 ], [ 2.480404989309937, 48.898959240471818 ], [ 2.480419210477788, 48.898957159930212 ], [ 2.480527998323424, 48.898935958569993 ], [ 2.480527998335697, 48.898935958595047 ] ] ] } },
{ "type": "Feature", "properties": { "start_date": 1925, "construction_date.nb": 1, "historic.building": "yes" }, "geometry": { "type": "Polygon", "coordinates": [ [ [ 2.480527998335697, 48.898935958595047 ], [ 2.480419210507741, 48.898957159953 ], [ 2.480404989309937, 48.898959240471818 ], [ 2.480419210477788, 48.898957159930212 ], [ 2.480527998323424, 48.898935958569993 ], [ 2.480527998335697, 48.898935958595047 ] ] ] } },
{ "type": "Feature", "properties": { "start_date": 1936, "construction_date.nb": 1, "historic.building": "yes" }, "geometry": { "type": "Polygon", "coordinates": [ [ [ 2.480626384659667, 48.898917537364476 ], [ 2.480527998340876, 48.898935958594045 ], [ 2.480527998335697, 48.898935958595047 ], [ 2.480527998323424, 48.898935958569993 ], [ 2.480626384659667, 48.898917537364476 ] ] ] } },
{ "type": "Feature", "properties": { "start_date": 1933, "construction_date.nb": 4, "historic.building": "yes" }, "geometry": { "type": "MultiPolygon", "coordinates": [ [ [ [ 2.478921236141753, 48.898465726248773 ], [ 2.478934094978262, 48.898463193925984 ], [ 2.478934394818641, 48.898463138852115 ], [ 2.47893696467158, 48.898462666846008 ], [ 2.478979936709906, 48.898571130249692 ], [ 2.479296395260924, 48.898515850265959 ], [ 2.479554783558461, 48.898470479280391 ], [ 2.479505125471526, 48.898348497390401 ], [ 2.47961979631472, 48.898325433881034 ], [ 2.479729634930198, 48.898594803642133 ], [ 2.479749585612123, 48.898645791034873 ], [ 2.479741172006561, 48.898655107277975 ], [ 2.479638016212169, 48.898672375462723 ], [ 2.479586107360964, 48.898543549139028 ], [ 2.479412023097317, 48.89857444814043 ], [ 2.479152545720416, 48.898619544299173 ], [ 2.479011391690722, 48.898644650506412 ], [ 2.479059682213059, 48.898766896404197 ], [ 2.479069791733782, 48.8987653216236 ], [ 2.479072175778266, 48.89877243648516 ], [ 2.478966681869647, 48.898791582456397 ], [ 2.478946002772283, 48.898786186583308 ], [ 2.478822845171019, 48.898485102589113 ], [ 2.478921236141753, 48.898465726248773 ] ] ], [ [ [ 2.479290806925771, 48.898692719513605 ], [ 2.479306385696474, 48.898730737939772 ], [ 2.47919883610354, 48.898750864420158 ], [ 2.479181763392551, 48.898712209937955 ], [ 2.479290806925771, 48.898692719513605 ] ] ], [ [ [ 2.479268103412989, 48.898876079212698 ], [ 2.479271152369887, 48.898884905663735 ], [ 2.479254066855469, 48.898888428613255 ], [ 2.479233543981744, 48.898840136570684 ], [ 2.479342179491346, 48.898820554376769 ], [ 2.479358297587433, 48.898859204681727 ], [ 2.479268103412989, 48.898876079212698 ] ] ], [ [ [ 2.480566322869639, 48.898772361190936 ], [ 2.480566322870517, 48.898772361192741 ], [ 2.480606070764861, 48.898848884650391 ], [ 2.480640194193376, 48.89891495174755 ], [ 2.480626384659667, 48.898917537364476 ], [ 2.480527998323424, 48.898935958569993 ], [ 2.480419210477788, 48.898957159930212 ], [ 2.480404989309937, 48.898959240471818 ], [ 2.480403091486977, 48.898959518117508 ], [ 2.480395848244662, 48.898960959052701 ], [ 2.480326554137936, 48.898974744035385 ], [ 2.48026227444676, 48.898986874871838 ], [ 2.4802399117466, 48.898991095134306 ], [ 2.480192407870576, 48.899000382717972 ], [ 2.480107615861777, 48.899016960514885 ], [ 2.48000321123224, 48.899036291982242 ], [ 2.479871196886052, 48.899061259012043 ], [ 2.479813657948946, 48.899072610155521 ], [ 2.479813607750046, 48.899072618443341 ], [ 2.479799858535233, 48.8990748884097 ], [ 2.479754843806082, 48.898965876877512 ], [ 2.479610682146791, 48.898991600232392 ], [ 2.479363631992726, 48.899035042167625 ], [ 2.479181757001331, 48.899067345848323 ], [ 2.479195614757382, 48.899100140835877 ], [ 2.479230775215389, 48.899185098258407 ], [ 2.47911721154619, 48.899206367595156 ], [ 2.47906873012735, 48.899089516789203 ], [ 2.479001364575626, 48.89892480126462 ], [ 2.478988443901814, 48.898893208783534 ], [ 2.479001380377273, 48.898881753958158 ], [ 2.479107573521952, 48.898860902329403 ], [ 2.479111998089303, 48.898868565660287 ], [ 2.479102568772738, 48.898870323268127 ], [ 2.479153579510685, 48.898993390308824 ], [ 2.479213029888374, 48.898981867919041 ], [ 2.479553313478228, 48.898917697807306 ], [ 2.479723042217493, 48.89888597030788 ], [ 2.479674080640808, 48.89876246275972 ], [ 2.479776415512023, 48.898745460759592 ], [ 2.479792039957414, 48.898751643910671 ], [ 2.47984275789765, 48.898876867742096 ], [ 2.479882446236674, 48.898972906113706 ], [ 2.480035107386813, 48.898942902669482 ], [ 2.480005440906738, 48.898881351259206 ], [ 2.480103023609187, 48.898862170067503 ], [ 2.48012502369314, 48.898871888138196 ], [ 2.480131169492344, 48.898884774892842 ], [ 2.480178483124549, 48.898982195200702 ], [ 2.480327450701052, 48.898953254510616 ], [ 2.480272216058731, 48.898829450220447 ], [ 2.480382241177272, 48.89880726511965 ], [ 2.480441826326177, 48.898932527156049 ], [ 2.480601315824289, 48.898901653286735 ], [ 2.480575215656233, 48.898851718538744 ], [ 2.480526931378229, 48.898755822972355 ], [ 2.480555224532058, 48.898750010276167 ], [ 2.480556831669484, 48.89875298494961 ], [ 2.480566287323537, 48.898772288623768 ], [ 2.480566322869498, 48.898772361190666 ], [ 2.480566322869639, 48.898772361190936 ] ] ] ] } },
{ "type": "Feature", "properties": { "start_date": 1932, "construction_date.nb": 1, "historic.building": "yes" }, "geometry": { "type": "Polygon", "coordinates": [ [ [ 2.478921236141753, 48.898465726248773 ], [ 2.478934094985581, 48.898463193922602 ], [ 2.478934394818641, 48.898463138852115 ], [ 2.478934094978262, 48.898463193925984 ], [ 2.478921236141753, 48.898465726248773 ] ] ] } },
{ "type": "Feature", "properties": { "start_date": 1913, "construction_date.nb": 1, "historic.building": "yes" }, "geometry": { "type": "Polygon", "coordinates": [ [ [ 2.480712101909666, 48.898586203652371 ], [ 2.4807304, 48.898621199999965 ], [ 2.4807416, 48.898619 ], [ 2.4807601, 48.8986557 ], [ 2.4807498, 48.898658 ], [ 2.4807548, 48.898669800000015 ], [ 2.4807144, 48.898678299999986 ], [ 2.480687003003211, 48.898683471883608 ], [ 2.480675217752835, 48.898685690685468 ], [ 2.480675197359652, 48.898685694855985 ], [ 2.48063271992451, 48.898602938817696 ], [ 2.480712083718852, 48.898586207428536 ], [ 2.480712101909666, 48.898586203652371 ] ] ] } },
{ "type": "Feature", "properties": { "start_date": 2001, "construction_date.nb": 1, "historic.building": "yes" }, "geometry": { "type": "Polygon", "coordinates": [ [ [ 2.480585154336075, 48.898062506335904 ], [ 2.480663972204289, 48.898225434410847 ], [ 2.480667059624482, 48.898231865400319 ], [ 2.48065987759838, 48.898233282893578 ], [ 2.4805428, 48.898255699999986 ], [ 2.4804616, 48.898083699999965 ], [ 2.480583683806235, 48.898059503209566 ], [ 2.480585154336075, 48.898062506335904 ] ] ] } },
{ "type": "Feature", "properties": { "start_date": 1913, "construction_date.nb": 1, "historic.building": "yes" }, "geometry": { "type": "Polygon", "coordinates": [ [ [ 2.480585154336075, 48.898062506335904 ], [ 2.480663972204289, 48.898225434410847 ], [ 2.480667059624482, 48.898231865400319 ], [ 2.48065987759838, 48.898233282893578 ], [ 2.4805428, 48.898255699999986 ], [ 2.4804616, 48.898083699999965 ], [ 2.480583683806235, 48.898059503209566 ], [ 2.480585154336075, 48.898062506335904 ] ] ] } },
{ "type": "Feature", "properties": { "start_date": 1923, "construction_date.nb": 1, "historic.building": "yes" }, "geometry": { "type": "MultiPolygon", "coordinates": [ [ [ [ 2.480430663993627, 48.898000887403036 ], [ 2.480452911527978, 48.897996996741441 ], [ 2.480429434274246, 48.898001108677136 ], [ 2.480430663993627, 48.898000887403036 ] ] ], [ [ [ 2.480298806826133, 48.898024056984262 ], [ 2.480390194736052, 48.898007813533461 ], [ 2.4802887, 48.898026100000017 ], [ 2.480288691512437, 48.898026081766439 ], [ 2.480288693020829, 48.898026081500809 ], [ 2.480298806826133, 48.898024056984262 ] ] ] ] } },
{ "type": "Feature", "properties": { "start_date": 1968, "construction_date.nb": 1, "historic.building": "yes" }, "geometry": { "type": "MultiPolygon", "coordinates": [ [ [ [ 2.480430663993627, 48.898000887403036 ], [ 2.480452911527978, 48.897996996741441 ], [ 2.480429434274246, 48.898001108677136 ], [ 2.480430663993627, 48.898000887403036 ] ] ], [ [ [ 2.480298806826133, 48.898024056984262 ], [ 2.480390194736052, 48.898007813533461 ], [ 2.4802887, 48.898026100000017 ], [ 2.480288691512437, 48.898026081766439 ], [ 2.480288693020829, 48.898026081500809 ], [ 2.480298806826133, 48.898024056984262 ] ] ] ] } },
{ "type": "Feature", "properties": { "start_date": 1910, "construction_date.nb": 1, "historic.building": "yes" }, "geometry": { "type": "Polygon", "coordinates": [ [ [ 2.47977285797939, 48.898028717864683 ], [ 2.4797637, 48.898007300000017 ], [ 2.479763720568994, 48.898007295876852 ], [ 2.479763740487463, 48.89800734499871 ], [ 2.47977285797939, 48.898028717864683 ] ] ] } },
{ "type": "Feature", "properties": { "start_date": 1925, "construction_date.nb": 1, "historic.building": "yes" }, "geometry": { "type": "Polygon", "coordinates": [ [ [ 2.479763720568994, 48.898007295876852 ], [ 2.4798076, 48.897998499999972 ], [ 2.4798006, 48.89798 ], [ 2.479858205457888, 48.897969339687819 ], [ 2.479887603876207, 48.897963909250038 ], [ 2.479887761592874, 48.897964285619835 ], [ 2.479893731459458, 48.897979851228911 ], [ 2.479913939791104, 48.898026756319837 ], [ 2.479914, 48.898026899999977 ], [ 2.4797823, 48.898050799999979 ], [ 2.47977285797939, 48.898028717864683 ], [ 2.479763740487463, 48.89800734499871 ], [ 2.479763720568994, 48.898007295876852 ] ] ] } },
{ "type": "Feature", "properties": { "start_date": 1925, "construction_date.nb": 1, "historic.building": "yes" }, "geometry": { "type": "Polygon", "coordinates": [ [ [ 2.480091868196067, 48.897926730999615 ], [ 2.480153263084903, 48.897915606688734 ], [ 2.480177574731755, 48.897978704462552 ], [ 2.4800921, 48.8979938 ], [ 2.480066101435181, 48.897931403444439 ], [ 2.480091868196067, 48.897926730999615 ] ] ] } },
{ "type": "Feature", "properties": { "start_date": 1918, "construction_date.nb": 2, "historic.building": "yes" }, "geometry": { "type": "MultiPolygon", "coordinates": [ [ [ [ 2.480430663993627, 48.898000887403036 ], [ 2.480429434274246, 48.898001108677136 ], [ 2.4804272, 48.8980015 ], [ 2.4804002, 48.897936100000031 ], [ 2.480334, 48.897945799999988 ], [ 2.4803474, 48.897978799999976 ], [ 2.4803792, 48.897973699999973 ], [ 2.4803936, 48.898007199999981 ], [ 2.480390194736052, 48.898007813533461 ], [ 2.480298806826133, 48.898024056984262 ], [ 2.480288693020829, 48.898026081500809 ], [ 2.480288691512437, 48.898026081766439 ], [ 2.480230722687598, 48.897901548739334 ], [ 2.480230738806789, 48.897901545815721 ], [ 2.480241375518001, 48.897899546902529 ], [ 2.480443522344493, 48.897862563715954 ], [ 2.480471241325535, 48.897857534092573 ], [ 2.480480066688129, 48.897861055040842 ], [ 2.4804924, 48.897866 ], [ 2.480522141101779, 48.897928255206949 ], [ 2.480547068834613, 48.897980505458463 ], [ 2.480452911527978, 48.897996996741441 ], [ 2.480430663993627, 48.898000887403036 ] ] ], [ [ [ 2.480177574731755, 48.897978704462552 ], [ 2.480153263084903, 48.897915606688734 ], [ 2.4801533, 48.897915599999962 ], [ 2.4801776, 48.897978699999982 ], [ 2.480177574731755, 48.897978704462552 ] ] ] ] } },
{ "type": "Feature", "properties": { "start_date": 1930, "construction_date.nb": 1, "historic.building": "yes" }, "geometry": { "type": "Polygon", "coordinates": [ [ [ 2.478521089510426, 48.897230973839228 ], [ 2.4785211, 48.897231 ], [ 2.4784277, 48.897248 ], [ 2.478427699819012, 48.897247999386089 ], [ 2.47847809670606, 48.89723869135149 ], [ 2.478521089510426, 48.897230973839228 ] ] ] } },
{ "type": "Feature", "properties": { "start_date": 1932, "construction_date.nb": 1, "historic.building": "yes" }, "geometry": { "type": "Polygon", "coordinates": [ [ [ 2.47969385215979, 48.896974808117122 ], [ 2.4795996, 48.8969908 ], [ 2.4795724, 48.896924699999978 ], [ 2.479659079614375, 48.896908703762044 ], [ 2.47969385215979, 48.896974808117122 ] ] ] } },
{ "type": "Feature", "properties": { "start_date": 1912, "construction_date.nb": 1, "historic.building": "yes" }, "geometry": { "type": "Polygon", "coordinates": [ [ [ 2.480018679273173, 48.897004664956327 ], [ 2.4800318, 48.897002199999982 ], [ 2.480071, 48.897087899999981 ], [ 2.4799686, 48.8971075 ], [ 2.479929617164026, 48.897021437892953 ], [ 2.479929630930486, 48.897021435750041 ], [ 2.480018679273173, 48.897004664956327 ] ] ] } },
{ "type": "Feature", "properties": { "start_date": 1965, "construction_date.nb": 2, "historic.building": "yes" }, "geometry": { "type": "MultiPolygon", "coordinates": [ [ [ [ 2.47969385215979, 48.896974808117122 ], [ 2.479659079614375, 48.896908703762044 ], [ 2.4796591, 48.896908699999976 ], [ 2.4796939, 48.896974799999981 ], [ 2.47969385215979, 48.896974808117122 ] ] ], [ [ [ 2.479929630930486, 48.897021435750041 ], [ 2.479929617164026, 48.897021437892953 ], [ 2.4799296, 48.8970214 ], [ 2.480018679273173, 48.897004664956327 ], [ 2.479929630930486, 48.897021435750041 ] ] ] ] } },
{ "type": "Feature", "properties": { "start_date": 1978, "construction_date.nb": 1, "historic.building": "yes" }, "geometry": { "type": "Polygon", "coordinates": [ [ [ 2.479569486886831, 48.896655819297898 ], [ 2.479516652452799, 48.89666324273751 ], [ 2.479569486880308, 48.896655819294416 ], [ 2.479569486886831, 48.896655819297898 ] ] ] } },
{ "type": "Feature", "properties": { "start_date": 1898, "construction_date.nb": 1, "historic.building": "yes" }, "geometry": { "type": "Polygon", "coordinates": [ [ [ 2.479569486880308, 48.896655819294416 ], [ 2.479516652452799, 48.89666324273751 ], [ 2.479464477859466, 48.89667057344208 ], [ 2.479457386088122, 48.896647595981023 ], [ 2.479505289008124, 48.896621593479402 ], [ 2.479569486880308, 48.896655819294416 ] ] ] } },
{ "type": "Feature", "properties": { "start_date": 1933, "construction_date.nb": 1, "historic.building": "yes" }, "geometry": { "type": "Polygon", "coordinates": [ [ [ 2.4808435, 48.897632899999962 ], [ 2.4808753, 48.897701499999968 ], [ 2.4807051, 48.897738200000035 ], [ 2.4806705, 48.897668799999977 ], [ 2.4808435, 48.897632899999962 ] ] ] } },
{ "type": "Feature", "properties": { "start_date": 1930, "construction_date.nb": 2, "historic.building": "yes" }, "geometry": { "type": "Polygon", "coordinates": [ [ [ 2.480932896133601, 48.897615800882704 ], [ 2.480932896133602, 48.897615800882704 ], [ 2.48093290836393, 48.897615823781614 ], [ 2.480962563346457, 48.897676708194886 ], [ 2.4808888, 48.897693200000013 ], [ 2.480858, 48.897632899999984 ], [ 2.480932583412502, 48.897615872278443 ], [ 2.4809286, 48.8976078 ], [ 2.480928620670696, 48.897607795537844 ], [ 2.480928623587686, 48.897607801379344 ], [ 2.480932896133601, 48.897615800882704 ] ] ] } },
{ "type": "Feature", "properties": { "start_date": 1930, "construction_date.nb": 2, "historic.building": "yes" }, "geometry": { "type": "Polygon", "coordinates": [ [ [ 2.480928623587686, 48.897607801379344 ], [ 2.480928620670696, 48.897607795537844 ], [ 2.4810143, 48.897589299999986 ], [ 2.4810484, 48.8976575 ], [ 2.4809626, 48.897676699999977 ], [ 2.480962563346457, 48.897676708194886 ], [ 2.480959465443055, 48.897670347920744 ], [ 2.480959465442968, 48.897670347920553 ], [ 2.48093290836393, 48.897615823781614 ], [ 2.480928623587686, 48.897607801379344 ] ] ] } },
{ "type": "Feature", "properties": { "start_date": 1931, "construction_date.nb": 1, "historic.building": "yes" }, "geometry": { "type": "Polygon", "coordinates": [ [ [ 2.481237711375565, 48.897577429450187 ], [ 2.4812543, 48.897610499999971 ], [ 2.4811685, 48.8976289 ], [ 2.4811517, 48.89759709999997 ], [ 2.4811385, 48.897599499999977 ], [ 2.4811242, 48.897570200000011 ], [ 2.481223175046831, 48.897548505469558 ], [ 2.481237711375565, 48.897577429450187 ] ] ] } },
{ "type": "Feature", "properties": { "start_date": 1991, "construction_date.nb": 1, "historic.building": "yes" }, "geometry": { "type": "Polygon", "coordinates": [ [ [ 2.481223175046831, 48.897548505469558 ], [ 2.4812232, 48.897548500000013 ], [ 2.481237711375565, 48.897577429450187 ], [ 2.481223175046831, 48.897548505469558 ] ] ] } },
{ "type": "Feature", "properties": { "start_date": 1927, "construction_date.nb": 1, "historic.building": "yes" }, "geometry": { "type": "Polygon", "coordinates": [ [ [ 2.481544993979699, 48.897708981170226 ], [ 2.481552495232619, 48.897744561419728 ], [ 2.481521919490503, 48.897750796025726 ], [ 2.481521898819255, 48.897750753076743 ], [ 2.481488111538697, 48.897680597464671 ], [ 2.481490688244301, 48.897680031303466 ], [ 2.481544993979699, 48.897708981170226 ] ] ] } },
{ "type": "Feature", "properties": { "start_date": 1929, "construction_date.nb": 2, "historic.building": "yes" }, "geometry": { "type": "Polygon", "coordinates": [ [ [ 2.481521898819255, 48.897750753076743 ], [ 2.481521919490503, 48.897750796025726 ], [ 2.4815219, 48.897750799999976 ], [ 2.481429, 48.897769599999961 ], [ 2.4813958, 48.897700699999966 ], [ 2.4814881, 48.8976806 ], [ 2.481488111538697, 48.897680597464671 ], [ 2.481521898819255, 48.897750753076743 ] ] ] } },
{ "type": "Feature", "properties": { "start_date": 1949, "construction_date.nb": 1, "historic.building": "yes" }, "geometry": { "type": "Polygon", "coordinates": [ [ [ 2.481204736565135, 48.897805557617929 ], [ 2.4812064, 48.897809 ], [ 2.481206370463969, 48.897809006379497 ], [ 2.481204736565135, 48.897805557617929 ] ] ] } },
{ "type": "Feature", "properties": { "start_date": 1932, "construction_date.nb": 1, "historic.building": "yes" }, "geometry": { "type": "Polygon", "coordinates": [ [ [ 2.481094547830062, 48.897767189754816 ], [ 2.4811776, 48.897749399999988 ], [ 2.481204736565135, 48.897805557617929 ], [ 2.481206370463969, 48.897809006379497 ], [ 2.4811226, 48.8978271 ], [ 2.481117140573434, 48.897815462301551 ], [ 2.481094547830062, 48.897767189754816 ] ] ] } },
{ "type": "Feature", "properties": { "start_date": 1936, "construction_date.nb": 2, "historic.building": "yes" }, "geometry": { "type": "MultiPolygon", "coordinates": [ [ [ [ 2.481094547830062, 48.897767189754816 ], [ 2.481117140573434, 48.897815462301551 ], [ 2.4810945, 48.8977672 ], [ 2.481094547830062, 48.897767189754816 ] ] ], [ [ [ 2.4810357, 48.897781299999977 ], [ 2.4810658, 48.8978446 ], [ 2.4809659, 48.897866199999974 ], [ 2.4809361, 48.897802600000013 ], [ 2.4810357, 48.897781299999977 ] ] ] ] } },
{ "type": "Feature", "properties": { "start_date": 1935, "construction_date.nb": 1, "historic.building": "yes" }, "geometry": { "type": "Polygon", "coordinates": [ [ [ 2.4809292, 48.897865499999973 ], [ 2.4808331, 48.8978853 ], [ 2.4808045, 48.8978242 ], [ 2.4809013, 48.897803199999977 ], [ 2.4809292, 48.897865499999973 ] ] ] } },
{ "type": "Feature", "properties": { "start_date": 1950, "construction_date.nb": 1, "historic.building": "yes" }, "geometry": { "type": "Polygon", "coordinates": [ [ [ 2.481550370920915, 48.899288330031467 ], [ 2.481589934993052, 48.899369798510634 ], [ 2.481467754645795, 48.899393460889073 ], [ 2.481451301106522, 48.899360924721428 ], [ 2.481467565536043, 48.899357667719897 ], [ 2.481444720797439, 48.899309455983662 ], [ 2.481550370920915, 48.899288330031467 ] ] ] } },
{ "type": "Feature", "properties": { "start_date": 1958, "construction_date.nb": 4, "historic.building": "yes" }, "geometry": { "type": "Polygon", "coordinates": [ [ [ 2.478559494617019, 48.897134977727141 ], [ 2.4786089, 48.897126 ], [ 2.4786346, 48.897187699999982 ], [ 2.4785128, 48.897210299999983 ], [ 2.4785211, 48.897231 ], [ 2.4784277, 48.897248 ], [ 2.478417156866209, 48.897212238137151 ], [ 2.478559494617019, 48.897134977727141 ] ] ] } },
{ "type": "Feature", "properties": { "start_date": 1927, "construction_date.nb": 1, "historic.building": "yes" }, "geometry": { "type": "Polygon", "coordinates": [ [ [ 2.482169854184179, 48.900978288198537 ], [ 2.4821529, 48.90094220000001 ], [ 2.48222370212645, 48.900928050397809 ], [ 2.482228616926511, 48.900951359452783 ], [ 2.482169854184179, 48.900978288198537 ] ] ] } },
{ "type": "Feature", "properties": { "start_date": 1965, "construction_date.nb": 2, "historic.building": "yes" }, "geometry": { "type": "MultiPolygon", "coordinates": [ [ [ [ 2.478934598496035, 48.900525213657659 ], [ 2.478897967612136, 48.900528182927367 ], [ 2.478934598495792, 48.900525213653097 ], [ 2.478934598496035, 48.900525213657659 ] ] ], [ [ [ 2.478685727760098, 48.900545354256003 ], [ 2.478685727759028, 48.900545354245523 ], [ 2.478772137296365, 48.90053836880562 ], [ 2.478685727760098, 48.900545354256003 ] ] ], [ [ [ 2.478992356437287, 48.900696602577106 ], [ 2.478992356430334, 48.900696602578158 ], [ 2.478965843070355, 48.900700472844989 ], [ 2.478992356435701, 48.900696602572033 ], [ 2.478992356437287, 48.900696602577106 ] ] ], [ [ [ 2.478867767874069, 48.900715125792161 ], [ 2.478867767863203, 48.900715125794903 ], [ 2.478856850353707, 48.900688368958527 ], [ 2.478856850373177, 48.900688368954917 ], [ 2.478867767874069, 48.900715125792161 ] ] ] ] } },
{ "type": "Feature", "properties": { "start_date": 1970, "construction_date.nb": 2, "historic.building": "yes" }, "geometry": { "type": "MultiPolygon", "coordinates": [ [ [ [ 2.478934598496035, 48.900525213657659 ], [ 2.478897967612136, 48.900528182927367 ], [ 2.478934598495792, 48.900525213653097 ], [ 2.478934598496035, 48.900525213657659 ] ] ], [ [ [ 2.478685727760098, 48.900545354256003 ], [ 2.478685727759028, 48.900545354245523 ], [ 2.478772137296365, 48.90053836880562 ], [ 2.478685727760098, 48.900545354256003 ] ] ], [ [ [ 2.478992356437287, 48.900696602577106 ], [ 2.478992356430334, 48.900696602578158 ], [ 2.478965843070355, 48.900700472844989 ], [ 2.478992356435701, 48.900696602572033 ], [ 2.478992356437287, 48.900696602577106 ] ] ], [ [ [ 2.478867767874069, 48.900715125792161 ], [ 2.478867767863203, 48.900715125794903 ], [ 2.478856850353707, 48.900688368958527 ], [ 2.478856850373177, 48.900688368954917 ], [ 2.478867767874069, 48.900715125792161 ] ] ] ] } },
{ "type": "Feature", "properties": { "start_date": 1928, "construction_date.nb": 1, "historic.building": "yes" }, "geometry": { "type": "Polygon", "coordinates": [ [ [ 2.481173134909486, 48.90138584428535 ], [ 2.481160472425539, 48.901360797772838 ], [ 2.48115441360526, 48.901348832265867 ], [ 2.48114294783576, 48.901326188586694 ], [ 2.481191745800438, 48.901316147918514 ], [ 2.481202308274562, 48.901337597111493 ], [ 2.481269556434697, 48.90132403909805 ], [ 2.481262289075727, 48.901300445872245 ], [ 2.481299610315439, 48.901292243980294 ], [ 2.481600187193949, 48.901227807393632 ], [ 2.481604695995872, 48.901237275848295 ], [ 2.481402872823042, 48.901329761393974 ], [ 2.481173134909486, 48.90138584428535 ] ] ] } },
{ "type": "Feature", "properties": { "start_date": 1878, "construction_date.nb": 1, "historic.building": "yes" }, "geometry": { "type": "Polygon", "coordinates": [ [ [ 2.478685727759028, 48.900545354245523 ], [ 2.478683119113563, 48.900519802648049 ], [ 2.478768281697314, 48.900515317052061 ], [ 2.478766462098508, 48.900479067165918 ], [ 2.478784324750234, 48.900466104978221 ], [ 2.478931496246906, 48.900467195003692 ], [ 2.478934598495792, 48.900525213653097 ], [ 2.478897967612136, 48.900528182927367 ], [ 2.478835623464902, 48.900533236466813 ], [ 2.478772137296365, 48.90053836880562 ], [ 2.478685727759028, 48.900545354245523 ] ] ] } },
{ "type": "Feature", "properties": { "start_date": 2006, "construction_date.nb": 2, "historic.building": "yes" }, "geometry": { "type": "MultiPolygon", "coordinates": [ [ [ [ 2.478992356430334, 48.900696602578158 ], [ 2.478992356437287, 48.900696602577106 ], [ 2.478999361572864, 48.900719025741523 ], [ 2.478986101904185, 48.900721845832123 ], [ 2.478984641984957, 48.90071779260429 ], [ 2.478970153751586, 48.900720697298389 ], [ 2.478975469409364, 48.900734749550537 ], [ 2.478942408108369, 48.90073982170356 ], [ 2.478887206674085, 48.900749114175454 ], [ 2.478883246527439, 48.900749546590255 ], [ 2.478874736514787, 48.900727566511982 ], [ 2.478697451472594, 48.90076402623199 ], [ 2.478694856367689, 48.900709876802978 ], [ 2.478769819797137, 48.900702289175413 ], [ 2.478814212251423, 48.900696277172962 ], [ 2.478856850353707, 48.900688368958527 ], [ 2.478867767863203, 48.900715125794903 ], [ 2.478867767874069, 48.900715125792161 ], [ 2.478867767882791, 48.900715125813548 ], [ 2.478870913202844, 48.900714330123812 ], [ 2.478965843070355, 48.900700472844989 ], [ 2.478992356430334, 48.900696602578158 ] ] ], [ [ [ 2.479223246023994, 48.901450349252826 ], [ 2.4792184252058, 48.901442299572018 ], [ 2.479212854085438, 48.901443702378664 ], [ 2.47915864744255, 48.901409030773678 ], [ 2.479193884538091, 48.901400105438739 ], [ 2.47918248015143, 48.901381080529902 ], [ 2.47934236043832, 48.901339238585173 ], [ 2.47935336017937, 48.901357812075197 ], [ 2.479386593287058, 48.901349233277038 ], [ 2.47941168870385, 48.901390530493316 ], [ 2.479378043684267, 48.901399377287774 ], [ 2.479400456913961, 48.901436076376612 ], [ 2.479433547389021, 48.901428126455869 ], [ 2.479455654586836, 48.901468151651876 ], [ 2.479425013106269, 48.901476741698573 ], [ 2.47943318802075, 48.901491345941999 ], [ 2.479454931867111, 48.901485864772539 ], [ 2.479452806970412, 48.901480099998452 ], [ 2.47947920200389, 48.901473290070093 ], [ 2.479482556331196, 48.901478880321889 ], [ 2.479515926773997, 48.901470212170153 ], [ 2.479518350563708, 48.901473370287071 ], [ 2.479540369903375, 48.901467620484809 ], [ 2.479552161155781, 48.901488895297902 ], [ 2.479530695525189, 48.90149383813359 ], [ 2.479554300624359, 48.901534139563587 ], [ 2.479576177259999, 48.901529018679078 ], [ 2.479596834560891, 48.90156400139707 ], [ 2.479682568857878, 48.901543420121477 ], [ 2.479695420688543, 48.901566303124135 ], [ 2.479414401391923, 48.901572615243843 ], [ 2.479223246023994, 48.901450349252826 ] ] ] ] } },
{ "type": "Feature", "properties": { "start_date": 1830, "construction_date.nb": 2, "historic.building": "yes" }, "geometry": { "type": "MultiPolygon", "coordinates": [ [ [ [ 2.478202656944942, 48.90068820173763 ], [ 2.478206608851546, 48.900687336449217 ], [ 2.478279660569402, 48.90066634118061 ], [ 2.478311583894514, 48.900706769075867 ], [ 2.478251144097863, 48.900721524166698 ], [ 2.478254229942909, 48.900726663642544 ], [ 2.47822581051785, 48.900733018319244 ], [ 2.478202656944942, 48.90068820173763 ] ] ], [ [ [ 2.47827811789589, 48.900834265355279 ], [ 2.478566409443952, 48.900786747778291 ], [ 2.47857868168242, 48.900807573478289 ], [ 2.47860476990028, 48.900851844535147 ], [ 2.478350829341844, 48.900892326163962 ], [ 2.4782870313673, 48.900851518376406 ], [ 2.47827811789589, 48.900834265355279 ] ] ] ] } },
{ "type": "Feature", "properties": { "start_date": 1906, "construction_date.nb": 1, "historic.building": "yes" }, "geometry": { "type": "Polygon", "coordinates": [ [ [ 2.477742510876181, 48.89959013995707 ], [ 2.477712675778908, 48.899586412621233 ], [ 2.477708744775553, 48.899597546847424 ], [ 2.477657938664192, 48.899590310703303 ], [ 2.477660353951818, 48.899580698671045 ], [ 2.477630110611889, 48.899576879614948 ], [ 2.477642775306697, 48.899538174771862 ], [ 2.477672614913647, 48.899541452502845 ], [ 2.477676278532075, 48.899529777515482 ], [ 2.477757879853417, 48.899540205576052 ], [ 2.477745330864042, 48.899580979316262 ], [ 2.477742510883346, 48.899590139935434 ], [ 2.477742510876181, 48.89959013995707 ] ] ] } },
{ "type": "Feature", "properties": { "start_date": 1914, "construction_date.nb": 1, "historic.building": "yes" }, "geometry": { "type": "Polygon", "coordinates": [ [ [ 2.477757879853417, 48.899540205576052 ], [ 2.477757879882313, 48.899540205579754 ], [ 2.477745330898171, 48.899580979337685 ], [ 2.477742510907127, 48.899590139960935 ], [ 2.477742510876181, 48.89959013995707 ], [ 2.477742510883346, 48.899590139935434 ], [ 2.477745330864042, 48.899580979316262 ], [ 2.477757879853417, 48.899540205576052 ] ] ] } },
{ "type": "Feature", "properties": { "start_date": 1908, "construction_date.nb": 1, "historic.building": "yes" }, "geometry": { "type": "Polygon", "coordinates": [ [ [ 2.477924121930868, 48.899543628275204 ], [ 2.478018658579599, 48.899556360810969 ], [ 2.477984306914825, 48.899649379141373 ], [ 2.477892648885955, 48.899635220241969 ], [ 2.477893211575064, 48.899633514026938 ], [ 2.477904459871703, 48.899600018938223 ], [ 2.477924121930868, 48.899543628275204 ] ] ] } },
{ "type": "Feature", "properties": { "start_date": 1913, "construction_date.nb": 1, "historic.building": "yes" }, "geometry": { "type": "Polygon", "coordinates": [ [ [ 2.478218589792677, 48.899709754216673 ], [ 2.478182652845537, 48.899620746283993 ], [ 2.478258068068768, 48.899608754366724 ], [ 2.478263896580994, 48.899626046405288 ], [ 2.478288218701359, 48.899621835694973 ], [ 2.478308568187913, 48.899619316343291 ], [ 2.47833458492132, 48.899691014368074 ], [ 2.478329510250251, 48.899691895759752 ], [ 2.478289629633425, 48.899698822372372 ], [ 2.478218589806326, 48.899709754214427 ], [ 2.478218589792677, 48.899709754216673 ] ] ] } },
{ "type": "Feature", "properties": { "start_date": 1977, "construction_date.nb": 1, "historic.building": "yes" }, "geometry": { "type": "Polygon", "coordinates": [ [ [ 2.478329510250251, 48.899691895759752 ], [ 2.478289629638605, 48.899698822395088 ], [ 2.478218589800897, 48.899709754237037 ], [ 2.478218589792677, 48.899709754216673 ], [ 2.478218589806326, 48.899709754214427 ], [ 2.478289629633425, 48.899698822372372 ], [ 2.478329510250251, 48.899691895759752 ] ] ] } },
{ "type": "Feature", "properties": { "start_date": 1904, "construction_date.nb": 1, "historic.building": "yes" }, "geometry": { "type": "Polygon", "coordinates": [ [ [ 2.477474269171091, 48.89924488259814 ], [ 2.477552321905169, 48.899254498942675 ], [ 2.477529669770622, 48.899323376895374 ], [ 2.477495590269837, 48.899319546485302 ], [ 2.477468989514129, 48.899268054370907 ], [ 2.477474269171091, 48.89924488259814 ] ] ] } },
{ "type": "Feature", "properties": { "start_date": 1914, "construction_date.nb": 1, "historic.building": "yes" }, "geometry": { "type": "Polygon", "coordinates": [ [ [ 2.477683749647258, 48.899369733671314 ], [ 2.477540038905026, 48.899350311351313 ], [ 2.477563413675563, 48.899277389702199 ], [ 2.477706732171315, 48.899295101614761 ], [ 2.477683749647258, 48.899369733671314 ] ] ] } },
{ "type": "Feature", "properties": { "start_date": 1936, "construction_date.nb": 2, "historic.building": "yes" }, "geometry": { "type": "MultiPolygon", "coordinates": [ [ [ [ 2.477683749647258, 48.899369733671314 ], [ 2.477706732171315, 48.899295101614761 ], [ 2.477706732197316, 48.89929510161798 ], [ 2.47768374965289, 48.899369733672081 ], [ 2.477683749647258, 48.899369733671314 ] ] ], [ [ [ 2.477739439006479, 48.899325281059248 ], [ 2.477750158874284, 48.899290075002632 ], [ 2.477755333815292, 48.899290906944856 ], [ 2.477899603609335, 48.899308982507826 ], [ 2.477873908943256, 48.899395653470215 ], [ 2.47775444973395, 48.899379035041555 ], [ 2.477769133049883, 48.899329457424543 ], [ 2.477739439006479, 48.899325281059248 ] ] ] ] } },
{ "type": "Feature", "properties": { "start_date": 2009, "construction_date.nb": 1, "historic.building": "yes" }, "geometry": { "type": "Polygon", "coordinates": [ [ [ 2.478170854750162, 48.899273652845309 ], [ 2.478170854754079, 48.899273652856202 ], [ 2.478098036935071, 48.899285116477436 ], [ 2.478056513539257, 48.899290780990384 ], [ 2.478056513537419, 48.899290780985304 ], [ 2.478098036909295, 48.899285116453314 ], [ 2.478170854750162, 48.899273652845309 ] ] ] } },
{ "type": "Feature", "properties": { "start_date": 1903, "construction_date.nb": 1, "historic.building": "yes" }, "geometry": { "type": "Polygon", "coordinates": [ [ [ 2.478123274054188, 48.899148130198625 ], [ 2.478125602657728, 48.899147822652409 ], [ 2.478170854750162, 48.899273652845309 ], [ 2.478098036909295, 48.899285116453314 ], [ 2.478056513537419, 48.899290780985304 ], [ 2.478010722417175, 48.899164318887777 ], [ 2.478024563089753, 48.899162383167393 ], [ 2.478068092104885, 48.89915629531508 ], [ 2.478099918613546, 48.899151432763063 ], [ 2.478110441861531, 48.899149824991333 ], [ 2.478123274054188, 48.899148130198625 ] ] ] } },
{ "type": "Feature", "properties": { "start_date": 1987, "construction_date.nb": 1, "historic.building": "yes" }, "geometry": { "type": "Polygon", "coordinates": [ [ [ 2.477648962330608, 48.898478163299423 ], [ 2.477654793679465, 48.898476326709229 ], [ 2.477653320392657, 48.898473622371085 ], [ 2.477680968762594, 48.898464120379856 ], [ 2.477688769583002, 48.898475125915944 ], [ 2.477739945576658, 48.898458981723273 ], [ 2.477767039907046, 48.898496961348741 ], [ 2.477799667924926, 48.898542697794639 ], [ 2.477749173872934, 48.898558844989807 ], [ 2.47777690328875, 48.898595657573665 ], [ 2.477776903261224, 48.898595657580685 ], [ 2.477759807817628, 48.898600169497975 ], [ 2.477748120499457, 48.898603719502738 ], [ 2.477746673250653, 48.898604159097836 ], [ 2.477705922739449, 48.898614413342145 ], [ 2.477688030272184, 48.89858960438778 ], [ 2.477698422469227, 48.898587041747334 ], [ 2.47764210062483, 48.898508279422217 ], [ 2.477648962330608, 48.898478163299423 ] ] ] } },
{ "type": "Feature", "properties": { "start_date": 1997, "construction_date.nb": 1, "historic.building": "yes" }, "geometry": { "type": "MultiPolygon", "coordinates": [ [ [ [ 2.478110441861531, 48.899149824991333 ], [ 2.478099918613546, 48.899151432763063 ], [ 2.478110441854281, 48.899149824987873 ], [ 2.478123274054188, 48.899148130198625 ], [ 2.478110441861531, 48.899149824991333 ] ] ], [ [ [ 2.478024563089753, 48.899162383167393 ], [ 2.478010722417175, 48.899164318887777 ], [ 2.47801072241568, 48.899164318883649 ], [ 2.478024563089753, 48.899162383167393 ] ] ] ] } },
{ "type": "Feature", "properties": { "start_date": 1932, "construction_date.nb": 1, "historic.building": "yes" }, "geometry": { "type": "Polygon", "coordinates": [ [ [ 2.477936526004569, 48.897473119749996 ], [ 2.4779619, 48.897532799999986 ], [ 2.477961898254966, 48.897532800328328 ], [ 2.477961882642342, 48.897532764030622 ], [ 2.47793651526565, 48.897473125578919 ], [ 2.477936526004569, 48.897473119749996 ] ] ] } },
{ "type": "Feature", "properties": { "start_date": 1930, "construction_date.nb": 1, "historic.building": "yes" }, "geometry": { "type": "Polygon", "coordinates": [ [ [ 2.47793651526565, 48.897473125578919 ], [ 2.477961882642342, 48.897532764030622 ], [ 2.477961898254966, 48.897532800328328 ], [ 2.477859982259917, 48.897551975955459 ], [ 2.477869682096395, 48.897509401579271 ], [ 2.47793651526565, 48.897473125578919 ] ] ] } },
{ "type": "Feature", "properties": { "start_date": 1923, "construction_date.nb": 1, "historic.building": "yes" }, "geometry": { "type": "Polygon", "coordinates": [ [ [ 2.477756203816396, 48.898007474147185 ], [ 2.477778205984934, 48.898003469916809 ], [ 2.477788741123585, 48.898027437413738 ], [ 2.477840809178183, 48.898017502263329 ], [ 2.477859700302236, 48.898062764427749 ], [ 2.477808343650751, 48.898072128484529 ], [ 2.477738550645344, 48.898084955563576 ], [ 2.477756203816396, 48.898007474147185 ] ] ] } },
{ "type": "Feature", "properties": { "start_date": 1926, "construction_date.nb": 1, "historic.building": "yes" }, "geometry": { "type": "Polygon", "coordinates": [ [ [ 2.477738550645344, 48.898084955563576 ], [ 2.477808343650751, 48.898072128484529 ], [ 2.477859700302236, 48.898062764427749 ], [ 2.47785972343225, 48.898062819846025 ], [ 2.477808343662108, 48.89807212849356 ], [ 2.477738550642291, 48.898084955576977 ], [ 2.477738550645344, 48.898084955563576 ] ] ] } },
{ "type": "Feature", "properties": { "start_date": 1910, "construction_date.nb": 1, "historic.building": "yes" }, "geometry": { "type": "Polygon", "coordinates": [ [ [ 2.477738550645344, 48.898084955563576 ], [ 2.477808343650751, 48.898072128484529 ], [ 2.477859700302236, 48.898062764427749 ], [ 2.47785972343225, 48.898062819846025 ], [ 2.477808343662108, 48.89807212849356 ], [ 2.477738550642291, 48.898084955576977 ], [ 2.477738550645344, 48.898084955563576 ] ] ] } },
{ "type": "Feature", "properties": { "start_date": 1920, "construction_date.nb": 1, "historic.building": "yes" }, "geometry": { "type": "Polygon", "coordinates": [ [ [ 2.4806373, 48.899995099999984 ], [ 2.4804246, 48.900043599999982 ], [ 2.4803822, 48.8999595 ], [ 2.4805935, 48.899912799999989 ], [ 2.4806373, 48.899995099999984 ] ] ] } },
{ "type": "Feature", "properties": { "start_date": 1928, "construction_date.nb": 1, "historic.building": "yes" }, "geometry": { "type": "Polygon", "coordinates": [ [ [ 2.480606070764861, 48.898848884650391 ], [ 2.480606070772749, 48.898848884648864 ], [ 2.48060607078034, 48.898848884663465 ], [ 2.480640194200433, 48.898914951746235 ], [ 2.480640194193376, 48.89891495174755 ], [ 2.480606070764861, 48.898848884650391 ] ] ] } },
{ "type": "Feature", "properties": { "start_date": 1922, "construction_date.nb": 1, "historic.building": "yes" }, "geometry": { "type": "Polygon", "coordinates": [ [ [ 2.480566322870565, 48.898772361192734 ], [ 2.480606070772749, 48.898848884648864 ], [ 2.480606070764861, 48.898848884650391 ], [ 2.480566322870517, 48.898772361192741 ], [ 2.480566322870565, 48.898772361192734 ] ] ] } },
{ "type": "Feature", "properties": { "start_date": 1924, "construction_date.nb": 2, "historic.building": "yes" }, "geometry": { "type": "MultiPolygon", "coordinates": [ [ [ [ 2.480675217752835, 48.898685690685468 ], [ 2.480687003003211, 48.898683471883608 ], [ 2.4806752, 48.898685699999987 ], [ 2.480675197359652, 48.898685694855985 ], [ 2.480675217752835, 48.898685690685468 ] ] ], [ [ [ 2.480566287323537, 48.898772288623768 ], [ 2.480556831669484, 48.89875298494961 ], [ 2.480555224532058, 48.898750010276167 ], [ 2.480555224554491, 48.898750010271549 ], [ 2.480556831680746, 48.898752984968205 ], [ 2.480566287323537, 48.898772288623768 ] ] ], [ [ [ 2.480566322870565, 48.898772361192734 ], [ 2.480566322870517, 48.898772361192741 ], [ 2.480566322869639, 48.898772361190936 ], [ 2.480566322870565, 48.898772361192734 ] ] ] ] } },
{ "type": "Feature", "properties": { "start_date": 1926, "construction_date.nb": 1, "historic.building": "yes" }, "geometry": { "type": "Polygon", "coordinates": [ [ [ 2.4798987, 48.8994218 ], [ 2.4797985, 48.8994402 ], [ 2.4797712, 48.899374899999977 ], [ 2.4798707, 48.8993558 ], [ 2.4798987, 48.8994218 ] ] ] } },
{ "type": "Feature", "properties": { "start_date": 1930, "construction_date.nb": 1, "historic.building": "yes" }, "geometry": { "type": "Polygon", "coordinates": [ [ [ 2.4797716, 48.8994348 ], [ 2.479668, 48.899454699999964 ], [ 2.4796404, 48.8993908 ], [ 2.4797427, 48.8993708 ], [ 2.4797716, 48.8994348 ] ] ] } },
{ "type": "Feature", "properties": { "start_date": 1927, "construction_date.nb": 1, "historic.building": "yes" }, "geometry": { "type": "Polygon", "coordinates": [ [ [ 2.4796529, 48.899451099999979 ], [ 2.4795552, 48.899469600000032 ], [ 2.479531, 48.8994135 ], [ 2.4796285, 48.8993941 ], [ 2.4796529, 48.899451099999979 ] ] ] } },
{ "type": "Feature", "properties": { "start_date": 1924, "construction_date.nb": 1, "historic.building": "yes" }, "geometry": { "type": "Polygon", "coordinates": [ [ [ 2.479230775215389, 48.899185098258407 ], [ 2.479230775217078, 48.899185098262492 ], [ 2.479117211557182, 48.899206367621652 ], [ 2.47911721154619, 48.899206367595156 ], [ 2.479230775215389, 48.899185098258407 ] ] ] } },
{ "type": "Feature", "properties": { "start_date": 1916, "construction_date.nb": 1, "historic.building": "yes" }, "geometry": { "type": "Polygon", "coordinates": [ [ [ 2.4797144, 48.899248699999966 ], [ 2.4796101, 48.899268 ], [ 2.4795804, 48.89920020000001 ], [ 2.4795787, 48.899191699999967 ], [ 2.4796812, 48.899172900000039 ], [ 2.4797144, 48.899248699999966 ] ] ] } },
{ "type": "Feature", "properties": { "start_date": 1953, "construction_date.nb": 1, "historic.building": "yes" }, "geometry": { "type": "Polygon", "coordinates": [ [ [ 2.479813607750046, 48.899072618443341 ], [ 2.479799858544109, 48.899074888431201 ], [ 2.479799858535233, 48.8990748884097 ], [ 2.479813607750046, 48.899072618443341 ] ] ] } },
{ "type": "Feature", "properties": { "start_date": 1930, "construction_date.nb": 1, "historic.building": "yes" }, "geometry": { "type": "Polygon", "coordinates": [ [ [ 2.480003211241304, 48.899036292002535 ], [ 2.480003211228892, 48.899036292004837 ], [ 2.47987119689617, 48.899061259033907 ], [ 2.479871196886052, 48.899061259012043 ], [ 2.48000321123224, 48.899036291982242 ], [ 2.480003211241304, 48.899036292002535 ] ] ] } },
{ "type": "Feature", "properties": { "start_date": 1930, "construction_date.nb": 1, "historic.building": "yes" }, "geometry": { "type": "Polygon", "coordinates": [ [ [ 2.480107615867571, 48.899016960527248 ], [ 2.480107615850375, 48.899016960530616 ], [ 2.480003211241304, 48.899036292002535 ], [ 2.48000321123224, 48.899036291982242 ], [ 2.480107615861777, 48.899016960514885 ], [ 2.480107615867571, 48.899016960527248 ] ] ] } },
{ "type": "Feature", "properties": { "start_date": 1928, "construction_date.nb": 1, "historic.building": "yes" }, "geometry": { "type": "Polygon", "coordinates": [ [ [ 2.480192407870576, 48.899000382717972 ], [ 2.480107615867571, 48.899016960527248 ], [ 2.480107615861777, 48.899016960514885 ], [ 2.480192407870576, 48.899000382717972 ] ] ] } },
{ "type": "Feature", "properties": { "start_date": 1964, "construction_date.nb": 1, "historic.building": "yes" }, "geometry": { "type": "Polygon", "coordinates": [ [ [ 2.480326554146655, 48.898974744055195 ], [ 2.480326554132507, 48.898974744058002 ], [ 2.48026227444676, 48.898986874871838 ], [ 2.480326554137936, 48.898974744035385 ], [ 2.480326554146655, 48.898974744055195 ] ] ] } },
{ "type": "Feature", "properties": { "start_date": 1939, "construction_date.nb": 1, "historic.building": "yes" }, "geometry": { "type": "Polygon", "coordinates": [ [ [ 2.480395848244662, 48.898960959052701 ], [ 2.480326554146655, 48.898974744055195 ], [ 2.480326554137936, 48.898974744035385 ], [ 2.480395848244662, 48.898960959052701 ] ] ] } },
{ "type": "Feature", "properties": { "start_date": 1979, "construction_date.nb": 1, "historic.building": "yes" }, "geometry": { "type": "Polygon", "coordinates": [ [ [ 2.480527998335697, 48.898935958595047 ], [ 2.480419210507741, 48.898957159953 ], [ 2.480404989309937, 48.898959240471818 ], [ 2.480419210477788, 48.898957159930212 ], [ 2.480527998323424, 48.898935958569993 ], [ 2.480527998335697, 48.898935958595047 ] ] ] } },
{ "type": "Feature", "properties": { "start_date": 1925, "construction_date.nb": 1, "historic.building": "yes" }, "geometry": { "type": "Polygon", "coordinates": [ [ [ 2.480527998335697, 48.898935958595047 ], [ 2.480419210507741, 48.898957159953 ], [ 2.480404989309937, 48.898959240471818 ], [ 2.480419210477788, 48.898957159930212 ], [ 2.480527998323424, 48.898935958569993 ], [ 2.480527998335697, 48.898935958595047 ] ] ] } },
{ "type": "Feature", "properties": { "start_date": 1936, "construction_date.nb": 1, "historic.building": "yes" }, "geometry": { "type": "Polygon", "coordinates": [ [ [ 2.480626384659667, 48.898917537364476 ], [ 2.480527998340876, 48.898935958594045 ], [ 2.480527998335697, 48.898935958595047 ], [ 2.480527998323424, 48.898935958569993 ], [ 2.480626384659667, 48.898917537364476 ] ] ] } },
{ "type": "Feature", "properties": { "start_date": 1933, "construction_date.nb": 4, "historic.building": "yes" }, "geometry": { "type": "MultiPolygon", "coordinates": [ [ [ [ 2.478921236141753, 48.898465726248773 ], [ 2.478934094978262, 48.898463193925984 ], [ 2.478934394818641, 48.898463138852115 ], [ 2.47893696467158, 48.898462666846008 ], [ 2.478979936709906, 48.898571130249692 ], [ 2.479296395260924, 48.898515850265959 ], [ 2.479554783558461, 48.898470479280391 ], [ 2.479505125471526, 48.898348497390401 ], [ 2.47961979631472, 48.898325433881034 ], [ 2.479729634930198, 48.898594803642133 ], [ 2.479749585612123, 48.898645791034873 ], [ 2.479741172006561, 48.898655107277975 ], [ 2.479638016212169, 48.898672375462723 ], [ 2.479586107360964, 48.898543549139028 ], [ 2.479412023097317, 48.89857444814043 ], [ 2.479152545720416, 48.898619544299173 ], [ 2.479011391690722, 48.898644650506412 ], [ 2.479059682213059, 48.898766896404197 ], [ 2.479069791733782, 48.8987653216236 ], [ 2.479072175778266, 48.89877243648516 ], [ 2.478966681869647, 48.898791582456397 ], [ 2.478946002772283, 48.898786186583308 ], [ 2.478822845171019, 48.898485102589113 ], [ 2.478921236141753, 48.898465726248773 ] ] ], [ [ [ 2.479290806925771, 48.898692719513605 ], [ 2.479306385696474, 48.898730737939772 ], [ 2.47919883610354, 48.898750864420158 ], [ 2.479181763392551, 48.898712209937955 ], [ 2.479290806925771, 48.898692719513605 ] ] ], [ [ [ 2.479268103412989, 48.898876079212698 ], [ 2.479271152369887, 48.898884905663735 ], [ 2.479254066855469, 48.898888428613255 ], [ 2.479233543981744, 48.898840136570684 ], [ 2.479342179491346, 48.898820554376769 ], [ 2.479358297587433, 48.898859204681727 ], [ 2.479268103412989, 48.898876079212698 ] ] ], [ [ [ 2.480566322869639, 48.898772361190936 ], [ 2.480566322870517, 48.898772361192741 ], [ 2.480606070764861, 48.898848884650391 ], [ 2.480640194193376, 48.89891495174755 ], [ 2.480626384659667, 48.898917537364476 ], [ 2.480527998323424, 48.898935958569993 ], [ 2.480419210477788, 48.898957159930212 ], [ 2.480404989309937, 48.898959240471818 ], [ 2.480403091486977, 48.898959518117508 ], [ 2.480395848244662, 48.898960959052701 ], [ 2.480326554137936, 48.898974744035385 ], [ 2.48026227444676, 48.898986874871838 ], [ 2.4802399117466, 48.898991095134306 ], [ 2.480192407870576, 48.899000382717972 ], [ 2.480107615861777, 48.899016960514885 ], [ 2.48000321123224, 48.899036291982242 ], [ 2.479871196886052, 48.899061259012043 ], [ 2.479813657948946, 48.899072610155521 ], [ 2.479813607750046, 48.899072618443341 ], [ 2.479799858535233, 48.8990748884097 ], [ 2.479754843806082, 48.898965876877512 ], [ 2.479610682146791, 48.898991600232392 ], [ 2.479363631992726, 48.899035042167625 ], [ 2.479181757001331, 48.899067345848323 ], [ 2.479195614757382, 48.899100140835877 ], [ 2.479230775215389, 48.899185098258407 ], [ 2.47911721154619, 48.899206367595156 ], [ 2.47906873012735, 48.899089516789203 ], [ 2.479001364575626, 48.89892480126462 ], [ 2.478988443901814, 48.898893208783534 ], [ 2.479001380377273, 48.898881753958158 ], [ 2.479107573521952, 48.898860902329403 ], [ 2.479111998089303, 48.898868565660287 ], [ 2.479102568772738, 48.898870323268127 ], [ 2.479153579510685, 48.898993390308824 ], [ 2.479213029888374, 48.898981867919041 ], [ 2.479553313478228, 48.898917697807306 ], [ 2.479723042217493, 48.89888597030788 ], [ 2.479674080640808, 48.89876246275972 ], [ 2.479776415512023, 48.898745460759592 ], [ 2.479792039957414, 48.898751643910671 ], [ 2.47984275789765, 48.898876867742096 ], [ 2.479882446236674, 48.898972906113706 ], [ 2.480035107386813, 48.898942902669482 ], [ 2.480005440906738, 48.898881351259206 ], [ 2.480103023609187, 48.898862170067503 ], [ 2.48012502369314, 48.898871888138196 ], [ 2.480131169492344, 48.898884774892842 ], [ 2.480178483124549, 48.898982195200702 ], [ 2.480327450701052, 48.898953254510616 ], [ 2.480272216058731, 48.898829450220447 ], [ 2.480382241177272, 48.89880726511965 ], [ 2.480441826326177, 48.898932527156049 ], [ 2.480601315824289, 48.898901653286735 ], [ 2.480575215656233, 48.898851718538744 ], [ 2.480526931378229, 48.898755822972355 ], [ 2.480555224532058, 48.898750010276167 ], [ 2.480556831669484, 48.89875298494961 ], [ 2.480566287323537, 48.898772288623768 ], [ 2.480566322869498, 48.898772361190666 ], [ 2.480566322869639, 48.898772361190936 ] ] ] ] } },
{ "type": "Feature", "properties": { "start_date": 1932, "construction_date.nb": 1, "historic.building": "yes" }, "geometry": { "type": "Polygon", "coordinates": [ [ [ 2.478921236141753, 48.898465726248773 ], [ 2.478934094985581, 48.898463193922602 ], [ 2.478934394818641, 48.898463138852115 ], [ 2.478934094978262, 48.898463193925984 ], [ 2.478921236141753, 48.898465726248773 ] ] ] } },
{ "type": "Feature", "properties": { "start_date": 1913, "construction_date.nb": 1, "historic.building": "yes" }, "geometry": { "type": "Polygon", "coordinates": [ [ [ 2.480712101909666, 48.898586203652371 ], [ 2.4807304, 48.898621199999965 ], [ 2.4807416, 48.898619 ], [ 2.4807601, 48.8986557 ], [ 2.4807498, 48.898658 ], [ 2.4807548, 48.898669800000015 ], [ 2.4807144, 48.898678299999986 ], [ 2.480687003003211, 48.898683471883608 ], [ 2.480675217752835, 48.898685690685468 ], [ 2.480675197359652, 48.898685694855985 ], [ 2.48063271992451, 48.898602938817696 ], [ 2.480712083718852, 48.898586207428536 ], [ 2.480712101909666, 48.898586203652371 ] ] ] } },
{ "type": "Feature", "properties": { "start_date": 2001, "construction_date.nb": 1, "historic.building": "yes" }, "geometry": { "type": "Polygon", "coordinates": [ [ [ 2.480585154336075, 48.898062506335904 ], [ 2.480663972204289, 48.898225434410847 ], [ 2.480667059624482, 48.898231865400319 ], [ 2.48065987759838, 48.898233282893578 ], [ 2.4805428, 48.898255699999986 ], [ 2.4804616, 48.898083699999965 ], [ 2.480583683806235, 48.898059503209566 ], [ 2.480585154336075, 48.898062506335904 ] ] ] } },
{ "type": "Feature", "properties": { "start_date": 1913, "construction_date.nb": 1, "historic.building": "yes" }, "geometry": { "type": "Polygon", "coordinates": [ [ [ 2.480585154336075, 48.898062506335904 ], [ 2.480663972204289, 48.898225434410847 ], [ 2.480667059624482, 48.898231865400319 ], [ 2.48065987759838, 48.898233282893578 ], [ 2.4805428, 48.898255699999986 ], [ 2.4804616, 48.898083699999965 ], [ 2.480583683806235, 48.898059503209566 ], [ 2.480585154336075, 48.898062506335904 ] ] ] } },
{ "type": "Feature", "properties": { "start_date": 1923, "construction_date.nb": 1, "historic.building": "yes" }, "geometry": { "type": "MultiPolygon", "coordinates": [ [ [ [ 2.480430663993627, 48.898000887403036 ], [ 2.480452911527978, 48.897996996741441 ], [ 2.480429434274246, 48.898001108677136 ], [ 2.480430663993627, 48.898000887403036 ] ] ], [ [ [ 2.480298806826133, 48.898024056984262 ], [ 2.480390194736052, 48.898007813533461 ], [ 2.4802887, 48.898026100000017 ], [ 2.480288691512437, 48.898026081766439 ], [ 2.480288693020829, 48.898026081500809 ], [ 2.480298806826133, 48.898024056984262 ] ] ] ] } },
{ "type": "Feature", "properties": { "start_date": 1968, "construction_date.nb": 1, "historic.building": "yes" }, "geometry": { "type": "MultiPolygon", "coordinates": [ [ [ [ 2.480430663993627, 48.898000887403036 ], [ 2.480452911527978, 48.897996996741441 ], [ 2.480429434274246, 48.898001108677136 ], [ 2.480430663993627, 48.898000887403036 ] ] ], [ [ [ 2.480298806826133, 48.898024056984262 ], [ 2.480390194736052, 48.898007813533461 ], [ 2.4802887, 48.898026100000017 ], [ 2.480288691512437, 48.898026081766439 ], [ 2.480288693020829, 48.898026081500809 ], [ 2.480298806826133, 48.898024056984262 ] ] ] ] } },
{ "type": "Feature", "properties": { "start_date": 1910, "construction_date.nb": 1, "historic.building": "yes" }, "geometry": { "type": "Polygon", "coordinates": [ [ [ 2.47977285797939, 48.898028717864683 ], [ 2.4797637, 48.898007300000017 ], [ 2.479763720568994, 48.898007295876852 ], [ 2.479763740487463, 48.89800734499871 ], [ 2.47977285797939, 48.898028717864683 ] ] ] } },
{ "type": "Feature", "properties": { "start_date": 1925, "construction_date.nb": 1, "historic.building": "yes" }, "geometry": { "type": "Polygon", "coordinates": [ [ [ 2.479763720568994, 48.898007295876852 ], [ 2.4798076, 48.897998499999972 ], [ 2.4798006, 48.89798 ], [ 2.479858205457888, 48.897969339687819 ], [ 2.479887603876207, 48.897963909250038 ], [ 2.479887761592874, 48.897964285619835 ], [ 2.479893731459458, 48.897979851228911 ], [ 2.479913939791104, 48.898026756319837 ], [ 2.479914, 48.898026899999977 ], [ 2.4797823, 48.898050799999979 ], [ 2.47977285797939, 48.898028717864683 ], [ 2.479763740487463, 48.89800734499871 ], [ 2.479763720568994, 48.898007295876852 ] ] ] } },
{ "type": "Feature", "properties": { "start_date": 1925, "construction_date.nb": 1, "historic.building": "yes" }, "geometry": { "type": "Polygon", "coordinates": [ [ [ 2.480091868196067, 48.897926730999615 ], [ 2.480153263084903, 48.897915606688734 ], [ 2.480177574731755, 48.897978704462552 ], [ 2.4800921, 48.8979938 ], [ 2.480066101435181, 48.897931403444439 ], [ 2.480091868196067, 48.897926730999615 ] ] ] } },
{ "type": "Feature", "properties": { "start_date": 1918, "construction_date.nb": 2, "historic.building": "yes" }, "geometry": { "type": "MultiPolygon", "coordinates": [ [ [ [ 2.480430663993627, 48.898000887403036 ], [ 2.480429434274246, 48.898001108677136 ], [ 2.4804272, 48.8980015 ], [ 2.4804002, 48.897936100000031 ], [ 2.480334, 48.897945799999988 ], [ 2.4803474, 48.897978799999976 ], [ 2.4803792, 48.897973699999973 ], [ 2.4803936, 48.898007199999981 ], [ 2.480390194736052, 48.898007813533461 ], [ 2.480298806826133, 48.898024056984262 ], [ 2.480288693020829, 48.898026081500809 ], [ 2.480288691512437, 48.898026081766439 ], [ 2.480230722687598, 48.897901548739334 ], [ 2.480230738806789, 48.897901545815721 ], [ 2.480241375518001, 48.897899546902529 ], [ 2.480443522344493, 48.897862563715954 ], [ 2.480471241325535, 48.897857534092573 ], [ 2.480480066688129, 48.897861055040842 ], [ 2.4804924, 48.897866 ], [ 2.480522141101779, 48.897928255206949 ], [ 2.480547068834613, 48.897980505458463 ], [ 2.480452911527978, 48.897996996741441 ], [ 2.480430663993627, 48.898000887403036 ] ] ], [ [ [ 2.480177574731755, 48.897978704462552 ], [ 2.480153263084903, 48.897915606688734 ], [ 2.4801533, 48.897915599999962 ], [ 2.4801776, 48.897978699999982 ], [ 2.480177574731755, 48.897978704462552 ] ] ] ] } },
{ "type": "Feature", "properties": { "start_date": 1930, "construction_date.nb": 1, "historic.building": "yes" }, "geometry": { "type": "Polygon", "coordinates": [ [ [ 2.478521089510426, 48.897230973839228 ], [ 2.4785211, 48.897231 ], [ 2.4784277, 48.897248 ], [ 2.478427699819012, 48.897247999386089 ], [ 2.47847809670606, 48.89723869135149 ], [ 2.478521089510426, 48.897230973839228 ] ] ] } },
{ "type": "Feature", "properties": { "start_date": 1932, "construction_date.nb": 1, "historic.building": "yes" }, "geometry": { "type": "Polygon", "coordinates": [ [ [ 2.47969385215979, 48.896974808117122 ], [ 2.4795996, 48.8969908 ], [ 2.4795724, 48.896924699999978 ], [ 2.479659079614375, 48.896908703762044 ], [ 2.47969385215979, 48.896974808117122 ] ] ] } },
{ "type": "Feature", "properties": { "start_date": 1912, "construction_date.nb": 1, "historic.building": "yes" }, "geometry": { "type": "Polygon", "coordinates": [ [ [ 2.480018679273173, 48.897004664956327 ], [ 2.4800318, 48.897002199999982 ], [ 2.480071, 48.897087899999981 ], [ 2.4799686, 48.8971075 ], [ 2.479929617164026, 48.897021437892953 ], [ 2.479929630930486, 48.897021435750041 ], [ 2.480018679273173, 48.897004664956327 ] ] ] } },
{ "type": "Feature", "properties": { "start_date": 1965, "construction_date.nb": 2, "historic.building": "yes" }, "geometry": { "type": "MultiPolygon", "coordinates": [ [ [ [ 2.47969385215979, 48.896974808117122 ], [ 2.479659079614375, 48.896908703762044 ], [ 2.4796591, 48.896908699999976 ], [ 2.4796939, 48.896974799999981 ], [ 2.47969385215979, 48.896974808117122 ] ] ], [ [ [ 2.479929630930486, 48.897021435750041 ], [ 2.479929617164026, 48.897021437892953 ], [ 2.4799296, 48.8970214 ], [ 2.480018679273173, 48.897004664956327 ], [ 2.479929630930486, 48.897021435750041 ] ] ] ] } },
{ "type": "Feature", "properties": { "start_date": 1978, "construction_date.nb": 1, "historic.building": "yes" }, "geometry": { "type": "Polygon", "coordinates": [ [ [ 2.479569486886831, 48.896655819297898 ], [ 2.479516652452799, 48.89666324273751 ], [ 2.479569486880308, 48.896655819294416 ], [ 2.479569486886831, 48.896655819297898 ] ] ] } },
{ "type": "Feature", "properties": { "start_date": 1898, "construction_date.nb": 1, "historic.building": "yes" }, "geometry": { "type": "Polygon", "coordinates": [ [ [ 2.479569486880308, 48.896655819294416 ], [ 2.479516652452799, 48.89666324273751 ], [ 2.479464477859466, 48.89667057344208 ], [ 2.479457386088122, 48.896647595981023 ], [ 2.479505289008124, 48.896621593479402 ], [ 2.479569486880308, 48.896655819294416 ] ] ] } },
{ "type": "Feature", "properties": { "start_date": 1933, "construction_date.nb": 1, "historic.building": "yes" }, "geometry": { "type": "Polygon", "coordinates": [ [ [ 2.4808435, 48.897632899999962 ], [ 2.4808753, 48.897701499999968 ], [ 2.4807051, 48.897738200000035 ], [ 2.4806705, 48.897668799999977 ], [ 2.4808435, 48.897632899999962 ] ] ] } },
{ "type": "Feature", "properties": { "start_date": 1930, "construction_date.nb": 2, "historic.building": "yes" }, "geometry": { "type": "Polygon", "coordinates": [ [ [ 2.480932896133601, 48.897615800882704 ], [ 2.480932896133602, 48.897615800882704 ], [ 2.48093290836393, 48.897615823781614 ], [ 2.480962563346457, 48.897676708194886 ], [ 2.4808888, 48.897693200000013 ], [ 2.480858, 48.897632899999984 ], [ 2.480932583412502, 48.897615872278443 ], [ 2.4809286, 48.8976078 ], [ 2.480928620670696, 48.897607795537844 ], [ 2.480928623587686, 48.897607801379344 ], [ 2.480932896133601, 48.897615800882704 ] ] ] } },
{ "type": "Feature", "properties": { "start_date": 1930, "construction_date.nb": 2, "historic.building": "yes" }, "geometry": { "type": "Polygon", "coordinates": [ [ [ 2.480928623587686, 48.897607801379344 ], [ 2.480928620670696, 48.897607795537844 ], [ 2.4810143, 48.897589299999986 ], [ 2.4810484, 48.8976575 ], [ 2.4809626, 48.897676699999977 ], [ 2.480962563346457, 48.897676708194886 ], [ 2.480959465443055, 48.897670347920744 ], [ 2.480959465442968, 48.897670347920553 ], [ 2.48093290836393, 48.897615823781614 ], [ 2.480928623587686, 48.897607801379344 ] ] ] } },
{ "type": "Feature", "properties": { "start_date": 1931, "construction_date.nb": 1, "historic.building": "yes" }, "geometry": { "type": "Polygon", "coordinates": [ [ [ 2.481237711375565, 48.897577429450187 ], [ 2.4812543, 48.897610499999971 ], [ 2.4811685, 48.8976289 ], [ 2.4811517, 48.89759709999997 ], [ 2.4811385, 48.897599499999977 ], [ 2.4811242, 48.897570200000011 ], [ 2.481223175046831, 48.897548505469558 ], [ 2.481237711375565, 48.897577429450187 ] ] ] } },
{ "type": "Feature", "properties": { "start_date": 1991, "construction_date.nb": 1, "historic.building": "yes" }, "geometry": { "type": "Polygon", "coordinates": [ [ [ 2.481223175046831, 48.897548505469558 ], [ 2.4812232, 48.897548500000013 ], [ 2.481237711375565, 48.897577429450187 ], [ 2.481223175046831, 48.897548505469558 ] ] ] } },
{ "type": "Feature", "properties": { "start_date": 1927, "construction_date.nb": 1, "historic.building": "yes" }, "geometry": { "type": "Polygon", "coordinates": [ [ [ 2.481544993979699, 48.897708981170226 ], [ 2.481552495232619, 48.897744561419728 ], [ 2.481521919490503, 48.897750796025726 ], [ 2.481521898819255, 48.897750753076743 ], [ 2.481488111538697, 48.897680597464671 ], [ 2.481490688244301, 48.897680031303466 ], [ 2.481544993979699, 48.897708981170226 ] ] ] } },
{ "type": "Feature", "properties": { "start_date": 1929, "construction_date.nb": 2, "historic.building": "yes" }, "geometry": { "type": "Polygon", "coordinates": [ [ [ 2.481521898819255, 48.897750753076743 ], [ 2.481521919490503, 48.897750796025726 ], [ 2.4815219, 48.897750799999976 ], [ 2.481429, 48.897769599999961 ], [ 2.4813958, 48.897700699999966 ], [ 2.4814881, 48.8976806 ], [ 2.481488111538697, 48.897680597464671 ], [ 2.481521898819255, 48.897750753076743 ] ] ] } },
{ "type": "Feature", "properties": { "start_date": 1949, "construction_date.nb": 1, "historic.building": "yes" }, "geometry": { "type": "Polygon", "coordinates": [ [ [ 2.481204736565135, 48.897805557617929 ], [ 2.4812064, 48.897809 ], [ 2.481206370463969, 48.897809006379497 ], [ 2.481204736565135, 48.897805557617929 ] ] ] } },
{ "type": "Feature", "properties": { "start_date": 1932, "construction_date.nb": 1, "historic.building": "yes" }, "geometry": { "type": "Polygon", "coordinates": [ [ [ 2.481094547830062, 48.897767189754816 ], [ 2.4811776, 48.897749399999988 ], [ 2.481204736565135, 48.897805557617929 ], [ 2.481206370463969, 48.897809006379497 ], [ 2.4811226, 48.8978271 ], [ 2.481117140573434, 48.897815462301551 ], [ 2.481094547830062, 48.897767189754816 ] ] ] } },
{ "type": "Feature", "properties": { "start_date": 1936, "construction_date.nb": 2, "historic.building": "yes" }, "geometry": { "type": "MultiPolygon", "coordinates": [ [ [ [ 2.481094547830062, 48.897767189754816 ], [ 2.481117140573434, 48.897815462301551 ], [ 2.4810945, 48.8977672 ], [ 2.481094547830062, 48.897767189754816 ] ] ], [ [ [ 2.4810357, 48.897781299999977 ], [ 2.4810658, 48.8978446 ], [ 2.4809659, 48.897866199999974 ], [ 2.4809361, 48.897802600000013 ], [ 2.4810357, 48.897781299999977 ] ] ] ] } },
{ "type": "Feature", "properties": { "start_date": 1935, "construction_date.nb": 1, "historic.building": "yes" }, "geometry": { "type": "Polygon", "coordinates": [ [ [ 2.4809292, 48.897865499999973 ], [ 2.4808331, 48.8978853 ], [ 2.4808045, 48.8978242 ], [ 2.4809013, 48.897803199999977 ], [ 2.4809292, 48.897865499999973 ] ] ] } },
{ "type": "Feature", "properties": { "start_date": 1950, "construction_date.nb": 1, "historic.building": "yes" }, "geometry": { "type": "Polygon", "coordinates": [ [ [ 2.481550370920915, 48.899288330031467 ], [ 2.481589934993052, 48.899369798510634 ], [ 2.481467754645795, 48.899393460889073 ], [ 2.481451301106522, 48.899360924721428 ], [ 2.481467565536043, 48.899357667719897 ], [ 2.481444720797439, 48.899309455983662 ], [ 2.481550370920915, 48.899288330031467 ] ] ] } },
{ "type": "Feature", "properties": { "start_date": 1958, "construction_date.nb": 4, "historic.building": "yes" }, "geometry": { "type": "Polygon", "coordinates": [ [ [ 2.478559494617019, 48.897134977727141 ], [ 2.4786089, 48.897126 ], [ 2.4786346, 48.897187699999982 ], [ 2.4785128, 48.897210299999983 ], [ 2.4785211, 48.897231 ], [ 2.4784277, 48.897248 ], [ 2.478417156866209, 48.897212238137151 ], [ 2.478559494617019, 48.897134977727141 ] ] ] } }
]
}
