{
"type": "FeatureCollection",
"name": "8_bat",
"crs": { "type": "name", "properties": { "name": "urn:ogc:def:crs:OGC:1.3:CRS84" } },
"features": [
{ "type": "Feature", "properties": { "start_date": 1870, "construction_date.nb": 1, "historic.building": "yes" }, "geometry": { "type": "Polygon", "coordinates": [ [ [ 2.477507359445125, 48.896652205310318 ], [ 2.4775074, 48.896652199999977 ], [ 2.4775315, 48.896726299999962 ], [ 2.47753146376188, 48.896726304846709 ], [ 2.477531454576181, 48.896726276578697 ], [ 2.477507373348814, 48.896652248409417 ], [ 2.477507359445125, 48.896652205310318 ] ] ] } },
{ "type": "Feature", "properties": { "start_date": 1908, "construction_date.nb": 3, "historic.building": "yes" }, "geometry": { "type": "Polygon", "coordinates": [ [ [ 2.478043974948083, 48.896908912564719 ], [ 2.478055050820929, 48.896907519107685 ], [ 2.478043974986412, 48.896908912582049 ], [ 2.478066452200081, 48.896993365575128 ], [ 2.478066452200961, 48.896993365578368 ], [ 2.47806645217399, 48.896993365582603 ], [ 2.478051932173232, 48.896995645350053 ], [ 2.477982299004674, 48.897006578340729 ], [ 2.477959571680791, 48.896919875954104 ], [ 2.477944412421351, 48.896921788360778 ], [ 2.477944412417129, 48.896921788344926 ], [ 2.477959571646473, 48.896919875951859 ], [ 2.478043974948083, 48.896908912564719 ] ] ] } },
{ "type": "Feature", "properties": { "start_date": 1924, "construction_date.nb": 2, "historic.building": "yes" }, "geometry": { "type": "Polygon", "coordinates": [ [ [ 2.477982299004674, 48.897006578340729 ], [ 2.478051932173232, 48.896995645350053 ], [ 2.47806645217399, 48.896993365582603 ], [ 2.478066452200961, 48.896993365578368 ], [ 2.47806855692612, 48.897001108798747 ], [ 2.478075247283784, 48.897000418527902 ], [ 2.478080002078956, 48.897002327787341 ], [ 2.478086479680183, 48.897022860218712 ], [ 2.478083166649381, 48.897026802755832 ], [ 2.478077559278917, 48.897028307125048 ], [ 2.478079261109054, 48.897035419079828 ], [ 2.4780739337387, 48.897036205240845 ], [ 2.478084352574221, 48.897071773301775 ], [ 2.478089539071783, 48.897071436173235 ], [ 2.478090562563875, 48.89707818544008 ], [ 2.478099024284595, 48.897077682718674 ], [ 2.478102422353149, 48.897078866636377 ], [ 2.478108621774379, 48.89709993744971 ], [ 2.478104492175447, 48.89710369652876 ], [ 2.478098753837347, 48.897104660765656 ], [ 2.478098981500194, 48.897109158295301 ], [ 2.477990838553818, 48.897120737694365 ], [ 2.477960713084381, 48.897010081508334 ], [ 2.477982299008762, 48.89700657835634 ], [ 2.477982299004674, 48.897006578340729 ] ] ] } },
{ "type": "Feature", "properties": { "start_date": 1890, "construction_date.nb": 1, "historic.building": "yes" }, "geometry": { "type": "MultiPolygon", "coordinates": [ [ [ [ 2.47742837640651, 48.897331876685627 ], [ 2.477426974372881, 48.897324220030207 ], [ 2.477426974404234, 48.897324220027862 ], [ 2.47742837640651, 48.897331876685627 ] ] ], [ [ [ 2.477432067908231, 48.897333145383136 ], [ 2.47743113563878, 48.897333215020183 ], [ 2.477432067907083, 48.897333145376884 ], [ 2.477432067908231, 48.897333145383136 ] ] ] ] } },
{ "type": "Feature", "properties": { "start_date": 1970, "construction_date.nb": 1, "historic.building": "yes" }, "geometry": { "type": "MultiPolygon", "coordinates": [ [ [ [ 2.47742837640651, 48.897331876685627 ], [ 2.477426974372881, 48.897324220030207 ], [ 2.477426974404234, 48.897324220027862 ], [ 2.47742837640651, 48.897331876685627 ] ] ], [ [ [ 2.477432067908231, 48.897333145383136 ], [ 2.47743113563878, 48.897333215020183 ], [ 2.477432067907083, 48.897333145376884 ], [ 2.477432067908231, 48.897333145383136 ] ] ] ] } },
{ "type": "Feature", "properties": { "start_date": 1930, "construction_date.nb": 1, "historic.building": "yes" }, "geometry": { "type": "Polygon", "coordinates": [ [ [ 2.477729034134728, 48.897357725169748 ], [ 2.477716907123948, 48.897329171949373 ], [ 2.477817212005392, 48.897310364170352 ], [ 2.477830900898076, 48.89734137048675 ], [ 2.477780667514414, 48.897350880151087 ], [ 2.477729034134728, 48.897357725169748 ] ] ] } },
{ "type": "Feature", "properties": { "start_date": 1934, "construction_date.nb": 2, "historic.building": "yes" }, "geometry": { "type": "MultiPolygon", "coordinates": [ [ [ [ 2.477962911684579, 48.897280512827152 ], [ 2.477963336465213, 48.897281581169032 ], [ 2.4779629, 48.897280499999987 ], [ 2.47796290622391, 48.897280498885358 ], [ 2.477962911684579, 48.897280512827152 ] ] ], [ [ [ 2.477976272965213, 48.897313626183575 ], [ 2.477967875815712, 48.897292825602477 ], [ 2.477976287969519, 48.897313623263685 ], [ 2.477976272965213, 48.897313626183575 ] ] ], [ [ [ 2.477891660080113, 48.8973298681532 ], [ 2.4778787, 48.89729830000001 ], [ 2.4779638, 48.897282899999972 ], [ 2.477976240507771, 48.897313632499888 ], [ 2.47793397343132, 48.897321857781783 ], [ 2.477891660080113, 48.8973298681532 ] ] ] ] } },
{ "type": "Feature", "properties": { "start_date": 1932, "construction_date.nb": 1, "historic.building": "yes" }, "geometry": { "type": "Polygon", "coordinates": [ [ [ 2.477976287969519, 48.897313623263685 ], [ 2.477967875815712, 48.897292825602477 ], [ 2.477963336465213, 48.897281581169032 ], [ 2.477962911684579, 48.897280512827152 ], [ 2.47796290622391, 48.897280498885358 ], [ 2.4780595, 48.897263199999983 ], [ 2.47806476496921, 48.897275711600813 ], [ 2.47802450929104, 48.897304239248172 ], [ 2.477976287969519, 48.897313623263685 ] ] ] } },
{ "type": "Feature", "properties": { "start_date": 1934, "construction_date.nb": 1, "historic.building": "yes" }, "geometry": { "type": "Polygon", "coordinates": [ [ [ 2.479181693677582, 48.896484168707325 ], [ 2.4791747, 48.896461899999984 ], [ 2.479125251827921, 48.896467494136651 ], [ 2.479125246069112, 48.896467473665005 ], [ 2.479116291855088, 48.896435419355853 ], [ 2.479103115873763, 48.89638969776248 ], [ 2.479191271394712, 48.896377271784857 ], [ 2.479217533877679, 48.896373576320116 ], [ 2.479217052187944, 48.896459110320578 ], [ 2.479181693677582, 48.896484168707325 ] ] ] } },
{ "type": "Feature", "properties": { "start_date": 1920, "construction_date.nb": 1, "historic.building": "yes" }, "geometry": { "type": "Polygon", "coordinates": [ [ [ 2.47753146376188, 48.896726304846709 ], [ 2.4774186, 48.8967414 ], [ 2.4773959, 48.89666679999997 ], [ 2.477507359445125, 48.896652205310318 ], [ 2.477507373348814, 48.896652248409417 ], [ 2.477531454576181, 48.896726276578697 ], [ 2.47753146376188, 48.896726304846709 ] ] ] } },
{ "type": "Feature", "properties": { "start_date": 2002, "construction_date.nb": 2, "historic.building": "yes" }, "geometry": { "type": "Polygon", "coordinates": [ [ [ 2.477967186898843, 48.896704524939096 ], [ 2.477998872782841, 48.896700346376655 ], [ 2.478014936302832, 48.896757882156081 ], [ 2.478014936303928, 48.896757882160131 ], [ 2.478014936286959, 48.896757882162149 ], [ 2.477904589229738, 48.896771700145145 ], [ 2.477904589222066, 48.896771700146552 ], [ 2.477904589220421, 48.896771700140327 ], [ 2.47788851414582, 48.89671533340502 ], [ 2.477948482449989, 48.896707094653905 ], [ 2.477967186898843, 48.896704524939096 ] ] ] } },
{ "type": "Feature", "properties": { "start_date": 1970, "construction_date.nb": 1, "historic.building": "yes" }, "geometry": { "type": "Polygon", "coordinates": [ [ [ 2.477928113108215, 48.896860564371892 ], [ 2.477904589222066, 48.896771700146552 ], [ 2.477904589229738, 48.896771700145145 ], [ 2.478014936286959, 48.896757882162149 ], [ 2.478014936303928, 48.896757882160131 ], [ 2.478039005897356, 48.896846748747805 ], [ 2.477956111127521, 48.896856909328498 ], [ 2.477928113110482, 48.896860564371615 ], [ 2.477928113108215, 48.896860564371892 ] ] ] } },
{ "type": "Feature", "properties": { "start_date": 1928, "construction_date.nb": 2, "historic.building": "yes" }, "geometry": { "type": "Polygon", "coordinates": [ [ [ 2.477956111127521, 48.896856909328498 ], [ 2.478039005897356, 48.896846748747805 ], [ 2.478039005901824, 48.896846748764318 ], [ 2.478055719901918, 48.89690743492914 ], [ 2.478055050820929, 48.896907519107685 ], [ 2.478043974948083, 48.896908912564719 ], [ 2.477959571646473, 48.896919875951859 ], [ 2.477944412417129, 48.896921788344926 ], [ 2.477928113113404, 48.896860564391488 ], [ 2.477928113108215, 48.896860564371892 ], [ 2.477928113110482, 48.896860564371615 ], [ 2.477956111127521, 48.896856909328498 ] ] ] } },
{ "type": "Feature", "properties": { "start_date": 1869, "construction_date.nb": 2, "historic.building": "yes" }, "geometry": { "type": "MultiPolygon", "coordinates": [ [ [ [ 2.47786751101821, 48.896606335645508 ], [ 2.477990691047441, 48.896591314606539 ], [ 2.478003580313743, 48.896638944184978 ], [ 2.47794799188861, 48.896646435931174 ], [ 2.477885302121776, 48.896654795986201 ], [ 2.47788147779608, 48.896655318875958 ], [ 2.47786751101821, 48.896606335645508 ] ] ], [ [ [ 2.477967186898843, 48.896704524939096 ], [ 2.477948482449989, 48.896707094653905 ], [ 2.477967186902013, 48.8967045249343 ], [ 2.477998872782633, 48.896700346375901 ], [ 2.477998872782841, 48.896700346376655 ], [ 2.477967186898843, 48.896704524939096 ] ] ] ] } },
{ "type": "Feature", "properties": { "start_date": 1962, "construction_date.nb": 1, "historic.building": "yes" }, "geometry": { "type": "Polygon", "coordinates": [ [ [ 2.477462272243713, 48.897393089301133 ], [ 2.477461670794212, 48.897388855645346 ], [ 2.477463291312673, 48.897388678944957 ], [ 2.477463754233742, 48.897392892838276 ], [ 2.477462272243713, 48.897393089301133 ] ] ] } },
{ "type": "Feature", "properties": { "start_date": 1850, "construction_date.nb": 1, "historic.building": "yes" }, "geometry": { "type": "Polygon", "coordinates": [ [ [ 2.477336279186745, 48.897347335878443 ], [ 2.477333608137363, 48.897331186907934 ], [ 2.477426974372881, 48.897324220030207 ], [ 2.47742837640651, 48.897331876685627 ], [ 2.477428655394303, 48.897333400302024 ], [ 2.47743113563878, 48.897333215020183 ], [ 2.477432067908231, 48.897333145383136 ], [ 2.477442672573776, 48.897390927198501 ], [ 2.477461670794212, 48.897388855645346 ], [ 2.477462272243713, 48.897393089301133 ], [ 2.47739953472139, 48.897401406202 ], [ 2.477336279186745, 48.897347335878443 ] ] ] } },
{ "type": "Feature", "properties": { "start_date": 1920, "construction_date.nb": 2, "historic.building": "yes" }, "geometry": { "type": "Polygon", "coordinates": [ [ [ 2.47922524029499, 48.895005102329684 ], [ 2.479194936210905, 48.895009368076593 ], [ 2.479171462468287, 48.894942627180519 ], [ 2.479198283910678, 48.894938762269923 ], [ 2.479225441191811, 48.894969426893681 ], [ 2.47922524029499, 48.895005102329684 ] ] ] } },
{ "type": "Feature", "properties": { "start_date": 1890, "construction_date.nb": 2, "historic.building": "yes" }, "geometry": { "type": "MultiPolygon", "coordinates": [ [ [ [ 2.476991726361893, 48.89669981926302 ], [ 2.476991726358404, 48.89669981926334 ], [ 2.476989388767305, 48.89668811806019 ], [ 2.47691212037632, 48.896694885130984 ], [ 2.47689639239366, 48.896617655792873 ], [ 2.476898984694218, 48.896617577200239 ], [ 2.476897701228391, 48.896609567758418 ], [ 2.476927593268224, 48.896607450051761 ], [ 2.476928611231787, 48.896614738870753 ], [ 2.476974069826368, 48.896610890518723 ], [ 2.476987324867657, 48.896676328100426 ], [ 2.477062562728967, 48.896668023310319 ], [ 2.477067220772106, 48.896693134333844 ], [ 2.476991726361893, 48.89669981926302 ] ] ], [ [ [ 2.476961427859421, 48.896702503031406 ], [ 2.476914320680367, 48.896706675656084 ], [ 2.476914320679888, 48.896706675653391 ], [ 2.476961427859421, 48.896702503031406 ] ] ] ] } },
{ "type": "Feature", "properties": { "start_date": 2015, "construction_date.nb": 1, "historic.building": "yes" }, "geometry": { "type": "Polygon", "coordinates": [ [ [ 2.476064295075715, 48.896151234310992 ], [ 2.47606429510267, 48.896151234309883 ], [ 2.476072504926442, 48.89622995971316 ], [ 2.476072504901464, 48.896229959713949 ], [ 2.476072504900313, 48.896229959704172 ], [ 2.476064295075715, 48.896151234310992 ] ] ] } },
{ "type": "Feature", "properties": { "start_date": 1930, "construction_date.nb": 1, "historic.building": "yes" }, "geometry": { "type": "Polygon", "coordinates": [ [ [ 2.475993894787245, 48.896154124874883 ], [ 2.476064295075715, 48.896151234310992 ], [ 2.476072504900313, 48.896229959704172 ], [ 2.476072504901464, 48.896229959713949 ], [ 2.476030710489116, 48.896231312380813 ], [ 2.475986575385023, 48.896193583775329 ], [ 2.475993894787245, 48.896154124874883 ] ] ] } },
{ "type": "Feature", "properties": { "start_date": 1904, "construction_date.nb": 2, "historic.building": "yes" }, "geometry": { "type": "Polygon", "coordinates": [ [ [ 2.476918221281438, 48.895395321096714 ], [ 2.476918204708555, 48.895395298470447 ], [ 2.4770007, 48.8953685 ], [ 2.4770468, 48.895428399999986 ], [ 2.4769624, 48.8954557 ], [ 2.476962374240212, 48.895455708310486 ], [ 2.476962351858456, 48.89545567761634 ], [ 2.476925078454042, 48.895404699526885 ], [ 2.476918221281438, 48.895395321096714 ] ] ] } },
{ "type": "Feature", "properties": { "start_date": 1900, "construction_date.nb": 2, "historic.building": "yes" }, "geometry": { "type": "Polygon", "coordinates": [ [ [ 2.476918221281438, 48.895395321096714 ], [ 2.476925078454042, 48.895404699526885 ], [ 2.476962351858456, 48.89545567761634 ], [ 2.476962374240212, 48.895455708310486 ], [ 2.476866, 48.895486799999979 ], [ 2.476822, 48.895427 ], [ 2.4769182, 48.895395300000018 ], [ 2.476918204708555, 48.895395298470447 ], [ 2.476918221281438, 48.895395321096714 ] ] ] } },
{ "type": "Feature", "properties": { "start_date": 1902, "construction_date.nb": 2, "historic.building": "yes" }, "geometry": { "type": "Polygon", "coordinates": [ [ [ 2.476675431738171, 48.895477716246027 ], [ 2.476675415548418, 48.895477695014655 ], [ 2.476783, 48.8954432 ], [ 2.476826, 48.895501500000023 ], [ 2.47672, 48.895537 ], [ 2.476719988400687, 48.895537003883554 ], [ 2.47671998211212, 48.895536995515158 ], [ 2.47670098241286, 48.895511714303289 ], [ 2.476675431738171, 48.895477716246027 ] ] ] } },
{ "type": "Feature", "properties": { "start_date": 1910, "construction_date.nb": 2, "historic.building": "yes" }, "geometry": { "type": "Polygon", "coordinates": [ [ [ 2.476675431738171, 48.895477716246027 ], [ 2.47670098241286, 48.895511714303289 ], [ 2.47671998211212, 48.895536995515158 ], [ 2.476719988400687, 48.895537003883554 ], [ 2.4766071, 48.8955748 ], [ 2.4765596, 48.895511 ], [ 2.4766723, 48.895473700000011 ], [ 2.4766754, 48.895477699999965 ], [ 2.476675415548418, 48.895477695014655 ], [ 2.476675431738171, 48.895477716246027 ] ] ] } },
{ "type": "Feature", "properties": { "start_date": 1910, "construction_date.nb": 1, "historic.building": "yes" }, "geometry": { "type": "Polygon", "coordinates": [ [ [ 2.4763877, 48.8955791 ], [ 2.4764645, 48.895553599999971 ], [ 2.4765054, 48.895609400000019 ], [ 2.4764296, 48.895634399999956 ], [ 2.4764282, 48.8956328 ], [ 2.476417, 48.895636599999968 ], [ 2.4764108, 48.8956282 ], [ 2.4764219, 48.8956246 ], [ 2.4763877, 48.8955791 ] ] ] } },
{ "type": "Feature", "properties": { "start_date": 1910, "construction_date.nb": 1, "historic.building": "yes" }, "geometry": { "type": "Polygon", "coordinates": [ [ [ 2.476304, 48.8956452 ], [ 2.4761882, 48.895679699999988 ], [ 2.4761489, 48.895621700000014 ], [ 2.4761612, 48.895617799999982 ], [ 2.4761562, 48.895610600000012 ], [ 2.4761797, 48.8956036 ], [ 2.4761849, 48.895610600000026 ], [ 2.4762637, 48.8955865 ], [ 2.476304, 48.8956452 ] ] ] } },
{ "type": "Feature", "properties": { "start_date": 1961, "construction_date.nb": 1, "historic.building": "yes" }, "geometry": { "type": "Polygon", "coordinates": [ [ [ 2.476591120990305, 48.896049488006653 ], [ 2.476708005104742, 48.896077247834818 ], [ 2.476669413767514, 48.89614425755115 ], [ 2.476554016196386, 48.896117853127159 ], [ 2.476591120990305, 48.896049488006653 ] ] ] } },
{ "type": "Feature", "properties": { "start_date": 1900, "construction_date.nb": 1, "historic.building": "yes" }, "geometry": { "type": "Polygon", "coordinates": [ [ [ 2.4765446, 48.895808499999987 ], [ 2.4764373, 48.895843699999979 ], [ 2.4763934, 48.895784 ], [ 2.4765011, 48.895748799999986 ], [ 2.4765446, 48.895808499999987 ] ] ] } },
{ "type": "Feature", "properties": { "start_date": 2018, "construction_date.nb": 1, "historic.building": "yes" }, "geometry": { "type": "Polygon", "coordinates": [ [ [ 2.4765446, 48.895808499999987 ], [ 2.4764373, 48.895843699999979 ], [ 2.4763934, 48.895784 ], [ 2.4765011, 48.895748799999986 ], [ 2.4765446, 48.895808499999987 ] ] ] } },
{ "type": "Feature", "properties": { "start_date": 1910, "construction_date.nb": 1, "historic.building": "yes" }, "geometry": { "type": "Polygon", "coordinates": [ [ [ 2.476593460301722, 48.895767104146991 ], [ 2.4765618, 48.8957273 ], [ 2.4766697, 48.8956924 ], [ 2.4767003, 48.895732599999981 ], [ 2.476593460301722, 48.895767104146991 ] ] ] } },
{ "type": "Feature", "properties": { "start_date": 1905, "construction_date.nb": 1, "historic.building": "yes" }, "geometry": { "type": "Polygon", "coordinates": [ [ [ 2.4767598, 48.895744699999959 ], [ 2.4767127, 48.895681699999983 ], [ 2.476764, 48.8956655 ], [ 2.4767684, 48.895670499999945 ], [ 2.4767957, 48.895661499999974 ], [ 2.4768087, 48.895678599999975 ], [ 2.4768628, 48.895661299999951 ], [ 2.4768932, 48.8957015 ], [ 2.4767598, 48.895744699999959 ] ] ] } },
{ "type": "Feature", "properties": { "start_date": 1913, "construction_date.nb": 1, "historic.building": "yes" }, "geometry": { "type": "Polygon", "coordinates": [ [ [ 2.476884919035032, 48.896143501715159 ], [ 2.4768849, 48.896143499999987 ], [ 2.476888989187848, 48.896135723243141 ], [ 2.476884925611828, 48.896143490425558 ], [ 2.476884919035032, 48.896143501715159 ] ] ] } },
{ "type": "Feature", "properties": { "start_date": 1913, "construction_date.nb": 1, "historic.building": "yes" }, "geometry": { "type": "Polygon", "coordinates": [ [ [ 2.477071729644747, 48.89613659908683 ], [ 2.477075391565795, 48.896136899308488 ], [ 2.477050680709701, 48.896262203598717 ], [ 2.477014258408214, 48.896276253618332 ], [ 2.476834811638905, 48.896233478889883 ], [ 2.4768697, 48.896170199999965 ], [ 2.4769456, 48.8961875 ], [ 2.4769602, 48.8961815 ], [ 2.4769623, 48.896169099999973 ], [ 2.4769485, 48.896167899999966 ], [ 2.4769415, 48.896148599999982 ], [ 2.476884919035032, 48.896143501715159 ], [ 2.476884925611828, 48.896143490425558 ], [ 2.476888989187848, 48.896135723243141 ], [ 2.476896085117396, 48.896122228303518 ], [ 2.476928621648196, 48.896124975671839 ], [ 2.477031920509202, 48.89613379037791 ], [ 2.477071729644747, 48.89613659908683 ] ] ] } },
{ "type": "Feature", "properties": { "start_date": 1999, "construction_date.nb": 1, "historic.building": "yes" }, "geometry": { "type": "Polygon", "coordinates": [ [ [ 2.477462751329218, 48.896436849337555 ], [ 2.477462751320509, 48.896436849338727 ], [ 2.477478342603673, 48.896487008823875 ], [ 2.477296275689641, 48.896512024437826 ], [ 2.477299042358764, 48.896521749022426 ], [ 2.47722761826365, 48.896530610208814 ], [ 2.477213728051847, 48.896487652575608 ], [ 2.477238729827177, 48.896483534989379 ], [ 2.47722786280318, 48.896451921819605 ], [ 2.477242223458987, 48.896448027562712 ], [ 2.477227213270978, 48.896407942822357 ], [ 2.477214365510943, 48.89641058465584 ], [ 2.477195157900493, 48.896353844398959 ], [ 2.477247478217738, 48.896345799172771 ], [ 2.477244561604901, 48.896337422872591 ], [ 2.477276250028724, 48.896332974699902 ], [ 2.477271600113237, 48.896320633891015 ], [ 2.477331699045267, 48.896312172898682 ], [ 2.477339010923727, 48.896331090302937 ], [ 2.477344475502558, 48.89633021482318 ], [ 2.477365416626668, 48.896390919599561 ], [ 2.477427968837832, 48.896382649131233 ], [ 2.477432645926971, 48.896392292134252 ], [ 2.477451086498087, 48.896389584765167 ], [ 2.477454806108165, 48.896399493370829 ], [ 2.477461636425923, 48.896398444013379 ], [ 2.477463741038304, 48.896406187217444 ], [ 2.477545418569693, 48.896394942520097 ], [ 2.477544405939158, 48.896387114097003 ], [ 2.477555747064994, 48.896385095168235 ], [ 2.47755325669861, 48.896375012062528 ], [ 2.477571147226135, 48.896372751922677 ], [ 2.477568659616704, 48.896362399013199 ], [ 2.477632577441383, 48.89635395452963 ], [ 2.477634250735888, 48.896359479553446 ], [ 2.477638386409613, 48.896373135132933 ], [ 2.477648593376206, 48.896402587028994 ], [ 2.477651097262867, 48.896411321238901 ], [ 2.477462751321702, 48.896436849313353 ], [ 2.477462751329218, 48.896436849337555 ] ] ] } },
{ "type": "Feature", "properties": { "start_date": 1908, "construction_date.nb": 1, "historic.building": "yes" }, "geometry": { "type": "Polygon", "coordinates": [ [ [ 2.477319647247118, 48.895950238617061 ], [ 2.477326871128489, 48.895909981142999 ], [ 2.477342003935371, 48.895910676701355 ], [ 2.477344813768442, 48.895888925679515 ], [ 2.477336361313854, 48.895888529058603 ], [ 2.477341074210579, 48.895853836345033 ], [ 2.477414822369767, 48.895857935262484 ], [ 2.477411902443764, 48.895890657347167 ], [ 2.477476109778899, 48.89589408511366 ], [ 2.477473064302483, 48.895925727490145 ], [ 2.477478547020896, 48.895936633037152 ], [ 2.477477877805963, 48.895948950634235 ], [ 2.477464255349108, 48.895960851996136 ], [ 2.47746425529881, 48.895960851992989 ], [ 2.477319647247118, 48.895950238617061 ] ] ] } },
{ "type": "Feature", "properties": { "start_date": 1870, "construction_date.nb": 1, "historic.building": "yes" }, "geometry": { "type": "Polygon", "coordinates": [ [ [ 2.477827546938487, 48.89611308826511 ], [ 2.477829905347118, 48.896112811233465 ], [ 2.477829905347181, 48.896112811233706 ], [ 2.477829905343787, 48.896112811234111 ], [ 2.477827546938487, 48.89611308826511 ] ] ] } },
{ "type": "Feature", "properties": { "start_date": 1870, "construction_date.nb": 1, "historic.building": "yes" }, "geometry": { "type": "Polygon", "coordinates": [ [ [ 2.477829905347181, 48.896112811233706 ], [ 2.477851597839726, 48.89619384356309 ], [ 2.477751235379744, 48.896205007022942 ], [ 2.477728034683978, 48.896124777476828 ], [ 2.477827546938487, 48.89611308826511 ], [ 2.477829905343787, 48.896112811234111 ], [ 2.477829905347181, 48.896112811233706 ] ] ] } },
{ "type": "Feature", "properties": { "start_date": 2018, "construction_date.nb": 1, "historic.building": "yes" }, "geometry": { "type": "Polygon", "coordinates": [ [ [ 2.477861738158313, 48.896229950055037 ], [ 2.477883845312565, 48.896310444580386 ], [ 2.477784033617596, 48.89632107087148 ], [ 2.477762059371468, 48.896240936638947 ], [ 2.477861738158313, 48.896229950055037 ] ] ] } },
{ "type": "Feature", "properties": { "start_date": 1920, "construction_date.nb": 2, "historic.building": "yes" }, "geometry": { "type": "MultiPolygon", "coordinates": [ [ [ [ 2.477638386409613, 48.896373135132933 ], [ 2.477634250735888, 48.896359479553446 ], [ 2.47763838643347, 48.896373135140564 ], [ 2.477648593406367, 48.896402587040782 ], [ 2.477651097274085, 48.896411321261645 ], [ 2.477651097270212, 48.896411321262171 ], [ 2.477651097262867, 48.896411321238901 ], [ 2.477648593376206, 48.896402587028994 ], [ 2.477638386409613, 48.896373135132933 ] ] ], [ [ [ 2.477783741523865, 48.896363786735236 ], [ 2.477879894223189, 48.896350806306017 ], [ 2.477904473611957, 48.896429602923639 ], [ 2.477808182602475, 48.896442762634926 ], [ 2.477805279423489, 48.896433037466522 ], [ 2.477817981720821, 48.896431294229856 ], [ 2.477799892549204, 48.896371771083153 ], [ 2.477785965462972, 48.896373239161385 ], [ 2.477783741523865, 48.896363786735236 ] ] ] ] } },
{ "type": "Feature", "properties": { "start_date": 1920, "construction_date.nb": 2, "historic.building": "yes" }, "geometry": { "type": "Polygon", "coordinates": [ [ [ 2.479221571289683, 48.895656638593557 ], [ 2.47918290749648, 48.8956664407918 ], [ 2.479178351324588, 48.895658327185863 ], [ 2.479178351314155, 48.895658327166963 ], [ 2.479221623028315, 48.895647451045939 ], [ 2.479221571289683, 48.895656638593557 ] ] ] } },
{ "type": "Feature", "properties": { "start_date": 1900, "construction_date.nb": 2, "historic.building": "yes" }, "geometry": { "type": "MultiPolygon", "coordinates": [ [ [ [ 2.479222036177376, 48.895574085498872 ], [ 2.479136285399063, 48.89559582214229 ], [ 2.479136285391946, 48.895595822129025 ], [ 2.479222036177494, 48.895574085477762 ], [ 2.479222036177376, 48.895574085498872 ] ] ], [ [ [ 2.479221623028315, 48.895647451045939 ], [ 2.479178351314155, 48.895658327166963 ], [ 2.479173126615057, 48.89564886172991 ], [ 2.47921797878397, 48.895637365780139 ], [ 2.479193995359614, 48.895594274505122 ], [ 2.479221960806553, 48.895587469598674 ], [ 2.479221623028315, 48.895647451045939 ] ] ] ] } },
{ "type": "Feature", "properties": { "start_date": 1890, "construction_date.nb": 2, "historic.building": "yes" }, "geometry": { "type": "Polygon", "coordinates": [ [ [ 2.479222036177494, 48.895574085477762 ], [ 2.479136285391946, 48.895595822129025 ], [ 2.479129456455453, 48.895583112189705 ], [ 2.479167058409327, 48.895573743045752 ], [ 2.479139573090778, 48.895526229937573 ], [ 2.479209291494183, 48.895508506449666 ], [ 2.479222424277322, 48.895505167888793 ], [ 2.479222036177494, 48.895574085477762 ] ] ] } },
{ "type": "Feature", "properties": { "start_date": 1910, "construction_date.nb": 3, "historic.building": "yes" }, "geometry": { "type": "Polygon", "coordinates": [ [ [ 2.479222424277322, 48.895505167888793 ], [ 2.479209291494183, 48.895508506449666 ], [ 2.479139573090778, 48.895526229937573 ], [ 2.479139573088368, 48.895526229933395 ], [ 2.47911905940527, 48.89549079790887 ], [ 2.479074896517798, 48.895501577357479 ], [ 2.479067388374369, 48.895488594664052 ], [ 2.479067388365819, 48.895488594649429 ], [ 2.479211647636002, 48.89545217056358 ], [ 2.479211647647882, 48.895452170584299 ], [ 2.479222614365331, 48.8954714125679 ], [ 2.479222424277322, 48.895505167888793 ] ] ] } },
{ "type": "Feature", "properties": { "start_date": 1900, "construction_date.nb": 2, "historic.building": "yes" }, "geometry": { "type": "MultiPolygon", "coordinates": [ [ [ [ 2.47909816827208, 48.895411298046213 ], [ 2.479177471625632, 48.895391768242987 ], [ 2.479177471635473, 48.895391768260019 ], [ 2.479098168279055, 48.89541129805837 ], [ 2.47909816827208, 48.895411298046213 ] ] ], [ [ [ 2.479211647636002, 48.89545217056358 ], [ 2.479067388365819, 48.895488594649429 ], [ 2.479059476488386, 48.895475070616058 ], [ 2.479104194815652, 48.895463304309466 ], [ 2.479084365806567, 48.895427605438833 ], [ 2.479183898565753, 48.895403757000267 ], [ 2.479211647636002, 48.89545217056358 ] ] ] ] } },
{ "type": "Feature", "properties": { "start_date": 1910, "construction_date.nb": 2, "historic.building": "yes" }, "geometry": { "type": "MultiPolygon", "coordinates": [ [ [ [ 2.478985104804042, 48.895328879170791 ], [ 2.478985104815769, 48.895328879167856 ], [ 2.47898749413568, 48.895328272454762 ], [ 2.478985104804289, 48.895328879171238 ], [ 2.478985104804042, 48.895328879170791 ] ] ], [ [ [ 2.479121161608977, 48.895294308051085 ], [ 2.479177471625632, 48.895391768242987 ], [ 2.47909816827208, 48.895411298046213 ], [ 2.479083824090402, 48.895386324805969 ], [ 2.479104339737708, 48.895380658472206 ], [ 2.479091870773833, 48.895359110759919 ], [ 2.479062473758983, 48.895366357216709 ], [ 2.479050964920047, 48.895344274078646 ], [ 2.479060813593266, 48.895341439135152 ], [ 2.47905584377297, 48.895333773404481 ], [ 2.479039029490117, 48.895337567291421 ], [ 2.479027495471425, 48.895318002094839 ], [ 2.47902164116149, 48.895319565393748 ], [ 2.479027495451729, 48.895318002087173 ], [ 2.479102290738568, 48.895299172164883 ], [ 2.47910229077144, 48.89529917215642 ], [ 2.479102290775212, 48.895299172163 ], [ 2.479121161608977, 48.895294308051085 ] ] ] ] } },
{ "type": "Feature", "properties": { "start_date": 1910, "construction_date.nb": 1, "historic.building": "yes" }, "geometry": { "type": "Polygon", "coordinates": [ [ [ 2.47902164116149, 48.895319565393748 ], [ 2.479018879684488, 48.895320302801458 ], [ 2.47898749413568, 48.895328272454762 ], [ 2.478985104815769, 48.895328879167856 ], [ 2.478985104804042, 48.895328879170791 ], [ 2.478957775094017, 48.895279478141696 ], [ 2.478986770977958, 48.89527142058548 ], [ 2.478963047193518, 48.895229679355126 ], [ 2.479049192151225, 48.895207931133427 ], [ 2.479063426004381, 48.895230295910153 ], [ 2.47907928464826, 48.895226587812836 ], [ 2.479090134044126, 48.895246419775496 ], [ 2.479074541824149, 48.895250758580957 ], [ 2.47910229077144, 48.89529917215642 ], [ 2.479102290738568, 48.895299172164883 ], [ 2.479027495451729, 48.895318002087173 ], [ 2.47902164116149, 48.895319565393748 ] ] ] } },
{ "type": "Feature", "properties": { "start_date": 1900, "construction_date.nb": 2, "historic.building": "yes" }, "geometry": { "type": "MultiPolygon", "coordinates": [ [ [ [ 2.478906277760672, 48.89515092267083 ], [ 2.478906277761221, 48.895150922671775 ], [ 2.478906277751475, 48.895150922674276 ], [ 2.478883082542081, 48.895110892432108 ], [ 2.478883082552843, 48.895110892429244 ], [ 2.478906277760672, 48.89515092267083 ] ] ], [ [ [ 2.478663141788633, 48.895104899012701 ], [ 2.478781688528027, 48.895075468053449 ], [ 2.478821355792444, 48.895145876710998 ], [ 2.478730695707697, 48.895169044044152 ], [ 2.478745699981666, 48.895196178540324 ], [ 2.47871889979206, 48.895202896619047 ], [ 2.478663141788633, 48.895104899012701 ] ] ] ] } },
{ "type": "Feature", "properties": { "start_date": 1890, "construction_date.nb": 1, "historic.building": "yes" }, "geometry": { "type": "Polygon", "coordinates": [ [ [ 2.47700131601759, 48.896790691238657 ], [ 2.477001316021017, 48.896790691261259 ], [ 2.476930842623382, 48.896799916119186 ], [ 2.476930842623141, 48.896799916117821 ], [ 2.47700131601759, 48.896790691238657 ] ] ] } },
{ "type": "Feature", "properties": { "start_date": 2012, "construction_date.nb": 2, "historic.building": "yes" }, "geometry": { "type": "Polygon", "coordinates": [ [ [ 2.476756615164875, 48.896851836664169 ], [ 2.476750967449268, 48.896823861315887 ], [ 2.476878665449142, 48.89680724240278 ], [ 2.477002378263696, 48.896793573682551 ], [ 2.477008429956749, 48.89682930260809 ], [ 2.476884058659929, 48.896840630272969 ], [ 2.47691183352682, 48.896984519212694 ], [ 2.476756615164875, 48.896851836664169 ] ] ] } },
{ "type": "Feature", "properties": { "start_date": 1958, "construction_date.nb": 2, "historic.building": "yes" }, "geometry": { "type": "Polygon", "coordinates": [ [ [ 2.476756615164875, 48.896851836664169 ], [ 2.476750967449268, 48.896823861315887 ], [ 2.476878665449142, 48.89680724240278 ], [ 2.477002378263696, 48.896793573682551 ], [ 2.477008429956749, 48.89682930260809 ], [ 2.476884058659929, 48.896840630272969 ], [ 2.47691183352682, 48.896984519212694 ], [ 2.476756615164875, 48.896851836664169 ] ] ] } },
{ "type": "Feature", "properties": { "start_date": 1996, "construction_date.nb": 2, "historic.building": "yes" }, "geometry": { "type": "Polygon", "coordinates": [ [ [ 2.476756615164875, 48.896851836664169 ], [ 2.476750967449268, 48.896823861315887 ], [ 2.476878665449142, 48.89680724240278 ], [ 2.477002378263696, 48.896793573682551 ], [ 2.477008429956749, 48.89682930260809 ], [ 2.476884058659929, 48.896840630272969 ], [ 2.47691183352682, 48.896984519212694 ], [ 2.476756615164875, 48.896851836664169 ] ] ] } },
{ "type": "Feature", "properties": { "start_date": 1870, "construction_date.nb": 1, "historic.building": "yes" }, "geometry": { "type": "Polygon", "coordinates": [ [ [ 2.477464255349108, 48.895960851996136 ], [ 2.477464255326677, 48.895960852015754 ], [ 2.477319647244321, 48.895950238632629 ], [ 2.477319647247118, 48.895950238617061 ], [ 2.47746425529881, 48.895960851992989 ], [ 2.477464255349108, 48.895960851996136 ] ] ] } },
{ "type": "Feature", "properties": { "start_date": 1880, "construction_date.nb": 1, "historic.building": "yes" }, "geometry": { "type": "Polygon", "coordinates": [ [ [ 2.47757778506192, 48.895711455030899 ], [ 2.477661221011191, 48.895701361428202 ], [ 2.477670576137001, 48.895734137062135 ], [ 2.477719866338298, 48.895728956196827 ], [ 2.477741070668487, 48.895804230843503 ], [ 2.477646163582463, 48.895815507956861 ], [ 2.477626195902448, 48.89573933932428 ], [ 2.47758400598614, 48.895743741779988 ], [ 2.477578320370115, 48.895719221635368 ], [ 2.47757778506192, 48.895711455030899 ] ] ] } },
{ "type": "Feature", "properties": { "start_date": 1936, "construction_date.nb": 1, "historic.building": "yes" }, "geometry": { "type": "Polygon", "coordinates": [ [ [ 2.476703394761423, 48.892576441040617 ], [ 2.4767226, 48.892614799999983 ], [ 2.476647471602391, 48.89263043898147 ], [ 2.476655381545126, 48.892587790349879 ], [ 2.476703394761423, 48.892576441040617 ] ] ] } },
{ "type": "Feature", "properties": { "start_date": 1912, "construction_date.nb": 1, "historic.building": "yes" }, "geometry": { "type": "Polygon", "coordinates": [ [ [ 2.476935286166159, 48.8925593456417 ], [ 2.4768549, 48.8925768 ], [ 2.476839286954578, 48.892544318863166 ], [ 2.476899244666266, 48.892530146003843 ], [ 2.476935286166159, 48.8925593456417 ] ] ] } },
{ "type": "Feature", "properties": { "start_date": 1952, "construction_date.nb": 1, "historic.building": "yes" }, "geometry": { "type": "Polygon", "coordinates": [ [ [ 2.477529131526616, 48.893723619852167 ], [ 2.477502363537904, 48.893726594104173 ], [ 2.477455403698582, 48.893486183394685 ], [ 2.477453906119332, 48.893472327469475 ], [ 2.477456610177043, 48.893461097887069 ], [ 2.477467787103417, 48.893448196598257 ], [ 2.477481640179501, 48.893440433052639 ], [ 2.477492593144151, 48.893436254073286 ], [ 2.477511032717459, 48.893433546653526 ], [ 2.477535298764376, 48.893434641773666 ], [ 2.477561790389999, 48.893445009486221 ], [ 2.477572876257117, 48.893454770420242 ], [ 2.477580787449954, 48.893468294591422 ], [ 2.477620921650908, 48.893464692549138 ], [ 2.477661875058959, 48.893461004185106 ], [ 2.477672802484548, 48.893513751415348 ], [ 2.477662700308533, 48.893514696598771 ], [ 2.477633076477193, 48.893517445171547 ], [ 2.477669626354831, 48.89370798863051 ], [ 2.477608037515185, 48.893714852215091 ], [ 2.47760750005396, 48.893714912099561 ], [ 2.477529131526616, 48.893723619852167 ] ] ] } },
{ "type": "Feature", "properties": { "start_date": 2013, "construction_date.nb": 1, "historic.building": "yes" }, "geometry": { "type": "Polygon", "coordinates": [ [ [ 2.477529131526616, 48.893723619852167 ], [ 2.477502363537904, 48.893726594104173 ], [ 2.477455403698582, 48.893486183394685 ], [ 2.477453906119332, 48.893472327469475 ], [ 2.477456610177043, 48.893461097887069 ], [ 2.477467787103417, 48.893448196598257 ], [ 2.477481640179501, 48.893440433052639 ], [ 2.477492593144151, 48.893436254073286 ], [ 2.477511032717459, 48.893433546653526 ], [ 2.477535298764376, 48.893434641773666 ], [ 2.477561790389999, 48.893445009486221 ], [ 2.477572876257117, 48.893454770420242 ], [ 2.477580787449954, 48.893468294591422 ], [ 2.477620921650908, 48.893464692549138 ], [ 2.477661875058959, 48.893461004185106 ], [ 2.477672802484548, 48.893513751415348 ], [ 2.477662700308533, 48.893514696598771 ], [ 2.477633076477193, 48.893517445171547 ], [ 2.477669626354831, 48.89370798863051 ], [ 2.477608037515185, 48.893714852215091 ], [ 2.47760750005396, 48.893714912099561 ], [ 2.477529131526616, 48.893723619852167 ] ] ] } },
{ "type": "Feature", "properties": { "start_date": 1930, "construction_date.nb": 1, "historic.building": "yes" }, "geometry": { "type": "Polygon", "coordinates": [ [ [ 2.477607500056355, 48.89371491211044 ], [ 2.477529131526616, 48.893723619852167 ], [ 2.47760750005396, 48.893714912099561 ], [ 2.477607500056355, 48.89371491211044 ] ] ] } },
{ "type": "Feature", "properties": { "start_date": 1930, "construction_date.nb": 2, "historic.building": "yes" }, "geometry": { "type": "MultiPolygon", "coordinates": [ [ [ [ 2.47760750005396, 48.893714912099561 ], [ 2.477608037515185, 48.893714852215091 ], [ 2.477607500061345, 48.893714912109886 ], [ 2.477607500056355, 48.89371491211044 ], [ 2.47760750005396, 48.893714912099561 ] ] ], [ [ [ 2.477495129343783, 48.893890237010567 ], [ 2.477483346617306, 48.893827593619875 ], [ 2.47757193048989, 48.893820875546986 ], [ 2.477581982196727, 48.893824966300777 ], [ 2.477584627755419, 48.89383316156372 ], [ 2.477707267488457, 48.893816969336591 ], [ 2.477734041071387, 48.89389442677939 ], [ 2.477559889038198, 48.893919926995636 ], [ 2.477495129343783, 48.893890237010567 ] ] ] ] } },
{ "type": "Feature", "properties": { "start_date": 1930, "construction_date.nb": 1, "historic.building": "yes" }, "geometry": { "type": "Polygon", "coordinates": [ [ [ 2.4772248, 48.89302619999998 ], [ 2.4772, 48.8930892 ], [ 2.4771132, 48.893075599999968 ], [ 2.4771362, 48.893013099999962 ], [ 2.4772248, 48.89302619999998 ] ] ] } },
{ "type": "Feature", "properties": { "start_date": 1870, "construction_date.nb": 1, "historic.building": "yes" }, "geometry": { "type": "Polygon", "coordinates": [ [ [ 2.477507359445125, 48.896652205310318 ], [ 2.4775074, 48.896652199999977 ], [ 2.4775315, 48.896726299999962 ], [ 2.47753146376188, 48.896726304846709 ], [ 2.477531454576181, 48.896726276578697 ], [ 2.477507373348814, 48.896652248409417 ], [ 2.477507359445125, 48.896652205310318 ] ] ] } },
{ "type": "Feature", "properties": { "start_date": 1908, "construction_date.nb": 3, "historic.building": "yes" }, "geometry": { "type": "Polygon", "coordinates": [ [ [ 2.478043974948083, 48.896908912564719 ], [ 2.478055050820929, 48.896907519107685 ], [ 2.478043974986412, 48.896908912582049 ], [ 2.478066452200081, 48.896993365575128 ], [ 2.478066452200961, 48.896993365578368 ], [ 2.47806645217399, 48.896993365582603 ], [ 2.478051932173232, 48.896995645350053 ], [ 2.477982299004674, 48.897006578340729 ], [ 2.477959571680791, 48.896919875954104 ], [ 2.477944412421351, 48.896921788360778 ], [ 2.477944412417129, 48.896921788344926 ], [ 2.477959571646473, 48.896919875951859 ], [ 2.478043974948083, 48.896908912564719 ] ] ] } },
{ "type": "Feature", "properties": { "start_date": 1924, "construction_date.nb": 2, "historic.building": "yes" }, "geometry": { "type": "Polygon", "coordinates": [ [ [ 2.477982299004674, 48.897006578340729 ], [ 2.478051932173232, 48.896995645350053 ], [ 2.47806645217399, 48.896993365582603 ], [ 2.478066452200961, 48.896993365578368 ], [ 2.47806855692612, 48.897001108798747 ], [ 2.478075247283784, 48.897000418527902 ], [ 2.478080002078956, 48.897002327787341 ], [ 2.478086479680183, 48.897022860218712 ], [ 2.478083166649381, 48.897026802755832 ], [ 2.478077559278917, 48.897028307125048 ], [ 2.478079261109054, 48.897035419079828 ], [ 2.4780739337387, 48.897036205240845 ], [ 2.478084352574221, 48.897071773301775 ], [ 2.478089539071783, 48.897071436173235 ], [ 2.478090562563875, 48.89707818544008 ], [ 2.478099024284595, 48.897077682718674 ], [ 2.478102422353149, 48.897078866636377 ], [ 2.478108621774379, 48.89709993744971 ], [ 2.478104492175447, 48.89710369652876 ], [ 2.478098753837347, 48.897104660765656 ], [ 2.478098981500194, 48.897109158295301 ], [ 2.477990838553818, 48.897120737694365 ], [ 2.477960713084381, 48.897010081508334 ], [ 2.477982299008762, 48.89700657835634 ], [ 2.477982299004674, 48.897006578340729 ] ] ] } },
{ "type": "Feature", "properties": { "start_date": 1890, "construction_date.nb": 1, "historic.building": "yes" }, "geometry": { "type": "MultiPolygon", "coordinates": [ [ [ [ 2.47742837640651, 48.897331876685627 ], [ 2.477426974372881, 48.897324220030207 ], [ 2.477426974404234, 48.897324220027862 ], [ 2.47742837640651, 48.897331876685627 ] ] ], [ [ [ 2.477432067908231, 48.897333145383136 ], [ 2.47743113563878, 48.897333215020183 ], [ 2.477432067907083, 48.897333145376884 ], [ 2.477432067908231, 48.897333145383136 ] ] ] ] } },
{ "type": "Feature", "properties": { "start_date": 1970, "construction_date.nb": 1, "historic.building": "yes" }, "geometry": { "type": "MultiPolygon", "coordinates": [ [ [ [ 2.47742837640651, 48.897331876685627 ], [ 2.477426974372881, 48.897324220030207 ], [ 2.477426974404234, 48.897324220027862 ], [ 2.47742837640651, 48.897331876685627 ] ] ], [ [ [ 2.477432067908231, 48.897333145383136 ], [ 2.47743113563878, 48.897333215020183 ], [ 2.477432067907083, 48.897333145376884 ], [ 2.477432067908231, 48.897333145383136 ] ] ] ] } },
{ "type": "Feature", "properties": { "start_date": 1930, "construction_date.nb": 1, "historic.building": "yes" }, "geometry": { "type": "Polygon", "coordinates": [ [ [ 2.477729034134728, 48.897357725169748 ], [ 2.477716907123948, 48.897329171949373 ], [ 2.477817212005392, 48.897310364170352 ], [ 2.477830900898076, 48.89734137048675 ], [ 2.477780667514414, 48.897350880151087 ], [ 2.477729034134728, 48.897357725169748 ] ] ] } },
{ "type": "Feature", "properties": { "start_date": 1934, "construction_date.nb": 2, "historic.building": "yes" }, "geometry": { "type": "MultiPolygon", "coordinates": [ [ [ [ 2.477962911684579, 48.897280512827152 ], [ 2.477963336465213, 48.897281581169032 ], [ 2.4779629, 48.897280499999987 ], [ 2.47796290622391, 48.897280498885358 ], [ 2.477962911684579, 48.897280512827152 ] ] ], [ [ [ 2.477976272965213, 48.897313626183575 ], [ 2.477967875815712, 48.897292825602477 ], [ 2.477976287969519, 48.897313623263685 ], [ 2.477976272965213, 48.897313626183575 ] ] ], [ [ [ 2.477891660080113, 48.8973298681532 ], [ 2.4778787, 48.89729830000001 ], [ 2.4779638, 48.897282899999972 ], [ 2.477976240507771, 48.897313632499888 ], [ 2.47793397343132, 48.897321857781783 ], [ 2.477891660080113, 48.8973298681532 ] ] ] ] } },
{ "type": "Feature", "properties": { "start_date": 1932, "construction_date.nb": 1, "historic.building": "yes" }, "geometry": { "type": "Polygon", "coordinates": [ [ [ 2.477976287969519, 48.897313623263685 ], [ 2.477967875815712, 48.897292825602477 ], [ 2.477963336465213, 48.897281581169032 ], [ 2.477962911684579, 48.897280512827152 ], [ 2.47796290622391, 48.897280498885358 ], [ 2.4780595, 48.897263199999983 ], [ 2.47806476496921, 48.897275711600813 ], [ 2.47802450929104, 48.897304239248172 ], [ 2.477976287969519, 48.897313623263685 ] ] ] } },
{ "type": "Feature", "properties": { "start_date": 1934, "construction_date.nb": 1, "historic.building": "yes" }, "geometry": { "type": "Polygon", "coordinates": [ [ [ 2.479181693677582, 48.896484168707325 ], [ 2.4791747, 48.896461899999984 ], [ 2.479125251827921, 48.896467494136651 ], [ 2.479125246069112, 48.896467473665005 ], [ 2.479116291855088, 48.896435419355853 ], [ 2.479103115873763, 48.89638969776248 ], [ 2.479191271394712, 48.896377271784857 ], [ 2.479217533877679, 48.896373576320116 ], [ 2.479217052187944, 48.896459110320578 ], [ 2.479181693677582, 48.896484168707325 ] ] ] } },
{ "type": "Feature", "properties": { "start_date": 1920, "construction_date.nb": 1, "historic.building": "yes" }, "geometry": { "type": "Polygon", "coordinates": [ [ [ 2.47753146376188, 48.896726304846709 ], [ 2.4774186, 48.8967414 ], [ 2.4773959, 48.89666679999997 ], [ 2.477507359445125, 48.896652205310318 ], [ 2.477507373348814, 48.896652248409417 ], [ 2.477531454576181, 48.896726276578697 ], [ 2.47753146376188, 48.896726304846709 ] ] ] } },
{ "type": "Feature", "properties": { "start_date": 2002, "construction_date.nb": 2, "historic.building": "yes" }, "geometry": { "type": "Polygon", "coordinates": [ [ [ 2.477967186898843, 48.896704524939096 ], [ 2.477998872782841, 48.896700346376655 ], [ 2.478014936302832, 48.896757882156081 ], [ 2.478014936303928, 48.896757882160131 ], [ 2.478014936286959, 48.896757882162149 ], [ 2.477904589229738, 48.896771700145145 ], [ 2.477904589222066, 48.896771700146552 ], [ 2.477904589220421, 48.896771700140327 ], [ 2.47788851414582, 48.89671533340502 ], [ 2.477948482449989, 48.896707094653905 ], [ 2.477967186898843, 48.896704524939096 ] ] ] } },
{ "type": "Feature", "properties": { "start_date": 1970, "construction_date.nb": 1, "historic.building": "yes" }, "geometry": { "type": "Polygon", "coordinates": [ [ [ 2.477928113108215, 48.896860564371892 ], [ 2.477904589222066, 48.896771700146552 ], [ 2.477904589229738, 48.896771700145145 ], [ 2.478014936286959, 48.896757882162149 ], [ 2.478014936303928, 48.896757882160131 ], [ 2.478039005897356, 48.896846748747805 ], [ 2.477956111127521, 48.896856909328498 ], [ 2.477928113110482, 48.896860564371615 ], [ 2.477928113108215, 48.896860564371892 ] ] ] } },
{ "type": "Feature", "properties": { "start_date": 1928, "construction_date.nb": 2, "historic.building": "yes" }, "geometry": { "type": "Polygon", "coordinates": [ [ [ 2.477956111127521, 48.896856909328498 ], [ 2.478039005897356, 48.896846748747805 ], [ 2.478039005901824, 48.896846748764318 ], [ 2.478055719901918, 48.89690743492914 ], [ 2.478055050820929, 48.896907519107685 ], [ 2.478043974948083, 48.896908912564719 ], [ 2.477959571646473, 48.896919875951859 ], [ 2.477944412417129, 48.896921788344926 ], [ 2.477928113113404, 48.896860564391488 ], [ 2.477928113108215, 48.896860564371892 ], [ 2.477928113110482, 48.896860564371615 ], [ 2.477956111127521, 48.896856909328498 ] ] ] } },
{ "type": "Feature", "properties": { "start_date": 1869, "construction_date.nb": 2, "historic.building": "yes" }, "geometry": { "type": "MultiPolygon", "coordinates": [ [ [ [ 2.47786751101821, 48.896606335645508 ], [ 2.477990691047441, 48.896591314606539 ], [ 2.478003580313743, 48.896638944184978 ], [ 2.47794799188861, 48.896646435931174 ], [ 2.477885302121776, 48.896654795986201 ], [ 2.47788147779608, 48.896655318875958 ], [ 2.47786751101821, 48.896606335645508 ] ] ], [ [ [ 2.477967186898843, 48.896704524939096 ], [ 2.477948482449989, 48.896707094653905 ], [ 2.477967186902013, 48.8967045249343 ], [ 2.477998872782633, 48.896700346375901 ], [ 2.477998872782841, 48.896700346376655 ], [ 2.477967186898843, 48.896704524939096 ] ] ] ] } },
{ "type": "Feature", "properties": { "start_date": 1962, "construction_date.nb": 1, "historic.building": "yes" }, "geometry": { "type": "Polygon", "coordinates": [ [ [ 2.477462272243713, 48.897393089301133 ], [ 2.477461670794212, 48.897388855645346 ], [ 2.477463291312673, 48.897388678944957 ], [ 2.477463754233742, 48.897392892838276 ], [ 2.477462272243713, 48.897393089301133 ] ] ] } },
{ "type": "Feature", "properties": { "start_date": 1850, "construction_date.nb": 1, "historic.building": "yes" }, "geometry": { "type": "Polygon", "coordinates": [ [ [ 2.477336279186745, 48.897347335878443 ], [ 2.477333608137363, 48.897331186907934 ], [ 2.477426974372881, 48.897324220030207 ], [ 2.47742837640651, 48.897331876685627 ], [ 2.477428655394303, 48.897333400302024 ], [ 2.47743113563878, 48.897333215020183 ], [ 2.477432067908231, 48.897333145383136 ], [ 2.477442672573776, 48.897390927198501 ], [ 2.477461670794212, 48.897388855645346 ], [ 2.477462272243713, 48.897393089301133 ], [ 2.47739953472139, 48.897401406202 ], [ 2.477336279186745, 48.897347335878443 ] ] ] } },
{ "type": "Feature", "properties": { "start_date": 1920, "construction_date.nb": 2, "historic.building": "yes" }, "geometry": { "type": "Polygon", "coordinates": [ [ [ 2.47922524029499, 48.895005102329684 ], [ 2.479194936210905, 48.895009368076593 ], [ 2.479171462468287, 48.894942627180519 ], [ 2.479198283910678, 48.894938762269923 ], [ 2.479225441191811, 48.894969426893681 ], [ 2.47922524029499, 48.895005102329684 ] ] ] } },
{ "type": "Feature", "properties": { "start_date": 1890, "construction_date.nb": 2, "historic.building": "yes" }, "geometry": { "type": "MultiPolygon", "coordinates": [ [ [ [ 2.476991726361893, 48.89669981926302 ], [ 2.476991726358404, 48.89669981926334 ], [ 2.476989388767305, 48.89668811806019 ], [ 2.47691212037632, 48.896694885130984 ], [ 2.47689639239366, 48.896617655792873 ], [ 2.476898984694218, 48.896617577200239 ], [ 2.476897701228391, 48.896609567758418 ], [ 2.476927593268224, 48.896607450051761 ], [ 2.476928611231787, 48.896614738870753 ], [ 2.476974069826368, 48.896610890518723 ], [ 2.476987324867657, 48.896676328100426 ], [ 2.477062562728967, 48.896668023310319 ], [ 2.477067220772106, 48.896693134333844 ], [ 2.476991726361893, 48.89669981926302 ] ] ], [ [ [ 2.476961427859421, 48.896702503031406 ], [ 2.476914320680367, 48.896706675656084 ], [ 2.476914320679888, 48.896706675653391 ], [ 2.476961427859421, 48.896702503031406 ] ] ] ] } },
{ "type": "Feature", "properties": { "start_date": 2015, "construction_date.nb": 1, "historic.building": "yes" }, "geometry": { "type": "Polygon", "coordinates": [ [ [ 2.476064295075715, 48.896151234310992 ], [ 2.47606429510267, 48.896151234309883 ], [ 2.476072504926442, 48.89622995971316 ], [ 2.476072504901464, 48.896229959713949 ], [ 2.476072504900313, 48.896229959704172 ], [ 2.476064295075715, 48.896151234310992 ] ] ] } },
{ "type": "Feature", "properties": { "start_date": 1930, "construction_date.nb": 1, "historic.building": "yes" }, "geometry": { "type": "Polygon", "coordinates": [ [ [ 2.475993894787245, 48.896154124874883 ], [ 2.476064295075715, 48.896151234310992 ], [ 2.476072504900313, 48.896229959704172 ], [ 2.476072504901464, 48.896229959713949 ], [ 2.476030710489116, 48.896231312380813 ], [ 2.475986575385023, 48.896193583775329 ], [ 2.475993894787245, 48.896154124874883 ] ] ] } },
{ "type": "Feature", "properties": { "start_date": 1904, "construction_date.nb": 2, "historic.building": "yes" }, "geometry": { "type": "Polygon", "coordinates": [ [ [ 2.476918221281438, 48.895395321096714 ], [ 2.476918204708555, 48.895395298470447 ], [ 2.4770007, 48.8953685 ], [ 2.4770468, 48.895428399999986 ], [ 2.4769624, 48.8954557 ], [ 2.476962374240212, 48.895455708310486 ], [ 2.476962351858456, 48.89545567761634 ], [ 2.476925078454042, 48.895404699526885 ], [ 2.476918221281438, 48.895395321096714 ] ] ] } },
{ "type": "Feature", "properties": { "start_date": 1900, "construction_date.nb": 2, "historic.building": "yes" }, "geometry": { "type": "Polygon", "coordinates": [ [ [ 2.476918221281438, 48.895395321096714 ], [ 2.476925078454042, 48.895404699526885 ], [ 2.476962351858456, 48.89545567761634 ], [ 2.476962374240212, 48.895455708310486 ], [ 2.476866, 48.895486799999979 ], [ 2.476822, 48.895427 ], [ 2.4769182, 48.895395300000018 ], [ 2.476918204708555, 48.895395298470447 ], [ 2.476918221281438, 48.895395321096714 ] ] ] } },
{ "type": "Feature", "properties": { "start_date": 1902, "construction_date.nb": 2, "historic.building": "yes" }, "geometry": { "type": "Polygon", "coordinates": [ [ [ 2.476675431738171, 48.895477716246027 ], [ 2.476675415548418, 48.895477695014655 ], [ 2.476783, 48.8954432 ], [ 2.476826, 48.895501500000023 ], [ 2.47672, 48.895537 ], [ 2.476719988400687, 48.895537003883554 ], [ 2.47671998211212, 48.895536995515158 ], [ 2.47670098241286, 48.895511714303289 ], [ 2.476675431738171, 48.895477716246027 ] ] ] } },
{ "type": "Feature", "properties": { "start_date": 1910, "construction_date.nb": 2, "historic.building": "yes" }, "geometry": { "type": "Polygon", "coordinates": [ [ [ 2.476675431738171, 48.895477716246027 ], [ 2.47670098241286, 48.895511714303289 ], [ 2.47671998211212, 48.895536995515158 ], [ 2.476719988400687, 48.895537003883554 ], [ 2.4766071, 48.8955748 ], [ 2.4765596, 48.895511 ], [ 2.4766723, 48.895473700000011 ], [ 2.4766754, 48.895477699999965 ], [ 2.476675415548418, 48.895477695014655 ], [ 2.476675431738171, 48.895477716246027 ] ] ] } },
{ "type": "Feature", "properties": { "start_date": 1910, "construction_date.nb": 1, "historic.building": "yes" }, "geometry": { "type": "Polygon", "coordinates": [ [ [ 2.4763877, 48.8955791 ], [ 2.4764645, 48.895553599999971 ], [ 2.4765054, 48.895609400000019 ], [ 2.4764296, 48.895634399999956 ], [ 2.4764282, 48.8956328 ], [ 2.476417, 48.895636599999968 ], [ 2.4764108, 48.8956282 ], [ 2.4764219, 48.8956246 ], [ 2.4763877, 48.8955791 ] ] ] } },
{ "type": "Feature", "properties": { "start_date": 1910, "construction_date.nb": 1, "historic.building": "yes" }, "geometry": { "type": "Polygon", "coordinates": [ [ [ 2.476304, 48.8956452 ], [ 2.4761882, 48.895679699999988 ], [ 2.4761489, 48.895621700000014 ], [ 2.4761612, 48.895617799999982 ], [ 2.4761562, 48.895610600000012 ], [ 2.4761797, 48.8956036 ], [ 2.4761849, 48.895610600000026 ], [ 2.4762637, 48.8955865 ], [ 2.476304, 48.8956452 ] ] ] } },
{ "type": "Feature", "properties": { "start_date": 1961, "construction_date.nb": 1, "historic.building": "yes" }, "geometry": { "type": "Polygon", "coordinates": [ [ [ 2.476591120990305, 48.896049488006653 ], [ 2.476708005104742, 48.896077247834818 ], [ 2.476669413767514, 48.89614425755115 ], [ 2.476554016196386, 48.896117853127159 ], [ 2.476591120990305, 48.896049488006653 ] ] ] } },
{ "type": "Feature", "properties": { "start_date": 1900, "construction_date.nb": 1, "historic.building": "yes" }, "geometry": { "type": "Polygon", "coordinates": [ [ [ 2.4765446, 48.895808499999987 ], [ 2.4764373, 48.895843699999979 ], [ 2.4763934, 48.895784 ], [ 2.4765011, 48.895748799999986 ], [ 2.4765446, 48.895808499999987 ] ] ] } },
{ "type": "Feature", "properties": { "start_date": 2018, "construction_date.nb": 1, "historic.building": "yes" }, "geometry": { "type": "Polygon", "coordinates": [ [ [ 2.4765446, 48.895808499999987 ], [ 2.4764373, 48.895843699999979 ], [ 2.4763934, 48.895784 ], [ 2.4765011, 48.895748799999986 ], [ 2.4765446, 48.895808499999987 ] ] ] } },
{ "type": "Feature", "properties": { "start_date": 1910, "construction_date.nb": 1, "historic.building": "yes" }, "geometry": { "type": "Polygon", "coordinates": [ [ [ 2.476593460301722, 48.895767104146991 ], [ 2.4765618, 48.8957273 ], [ 2.4766697, 48.8956924 ], [ 2.4767003, 48.895732599999981 ], [ 2.476593460301722, 48.895767104146991 ] ] ] } },
{ "type": "Feature", "properties": { "start_date": 1905, "construction_date.nb": 1, "historic.building": "yes" }, "geometry": { "type": "Polygon", "coordinates": [ [ [ 2.4767598, 48.895744699999959 ], [ 2.4767127, 48.895681699999983 ], [ 2.476764, 48.8956655 ], [ 2.4767684, 48.895670499999945 ], [ 2.4767957, 48.895661499999974 ], [ 2.4768087, 48.895678599999975 ], [ 2.4768628, 48.895661299999951 ], [ 2.4768932, 48.8957015 ], [ 2.4767598, 48.895744699999959 ] ] ] } },
{ "type": "Feature", "properties": { "start_date": 1913, "construction_date.nb": 1, "historic.building": "yes" }, "geometry": { "type": "Polygon", "coordinates": [ [ [ 2.476884919035032, 48.896143501715159 ], [ 2.4768849, 48.896143499999987 ], [ 2.476888989187848, 48.896135723243141 ], [ 2.476884925611828, 48.896143490425558 ], [ 2.476884919035032, 48.896143501715159 ] ] ] } },
{ "type": "Feature", "properties": { "start_date": 1913, "construction_date.nb": 1, "historic.building": "yes" }, "geometry": { "type": "Polygon", "coordinates": [ [ [ 2.477071729644747, 48.89613659908683 ], [ 2.477075391565795, 48.896136899308488 ], [ 2.477050680709701, 48.896262203598717 ], [ 2.477014258408214, 48.896276253618332 ], [ 2.476834811638905, 48.896233478889883 ], [ 2.4768697, 48.896170199999965 ], [ 2.4769456, 48.8961875 ], [ 2.4769602, 48.8961815 ], [ 2.4769623, 48.896169099999973 ], [ 2.4769485, 48.896167899999966 ], [ 2.4769415, 48.896148599999982 ], [ 2.476884919035032, 48.896143501715159 ], [ 2.476884925611828, 48.896143490425558 ], [ 2.476888989187848, 48.896135723243141 ], [ 2.476896085117396, 48.896122228303518 ], [ 2.476928621648196, 48.896124975671839 ], [ 2.477031920509202, 48.89613379037791 ], [ 2.477071729644747, 48.89613659908683 ] ] ] } },
{ "type": "Feature", "properties": { "start_date": 1999, "construction_date.nb": 1, "historic.building": "yes" }, "geometry": { "type": "Polygon", "coordinates": [ [ [ 2.477462751329218, 48.896436849337555 ], [ 2.477462751320509, 48.896436849338727 ], [ 2.477478342603673, 48.896487008823875 ], [ 2.477296275689641, 48.896512024437826 ], [ 2.477299042358764, 48.896521749022426 ], [ 2.47722761826365, 48.896530610208814 ], [ 2.477213728051847, 48.896487652575608 ], [ 2.477238729827177, 48.896483534989379 ], [ 2.47722786280318, 48.896451921819605 ], [ 2.477242223458987, 48.896448027562712 ], [ 2.477227213270978, 48.896407942822357 ], [ 2.477214365510943, 48.89641058465584 ], [ 2.477195157900493, 48.896353844398959 ], [ 2.477247478217738, 48.896345799172771 ], [ 2.477244561604901, 48.896337422872591 ], [ 2.477276250028724, 48.896332974699902 ], [ 2.477271600113237, 48.896320633891015 ], [ 2.477331699045267, 48.896312172898682 ], [ 2.477339010923727, 48.896331090302937 ], [ 2.477344475502558, 48.89633021482318 ], [ 2.477365416626668, 48.896390919599561 ], [ 2.477427968837832, 48.896382649131233 ], [ 2.477432645926971, 48.896392292134252 ], [ 2.477451086498087, 48.896389584765167 ], [ 2.477454806108165, 48.896399493370829 ], [ 2.477461636425923, 48.896398444013379 ], [ 2.477463741038304, 48.896406187217444 ], [ 2.477545418569693, 48.896394942520097 ], [ 2.477544405939158, 48.896387114097003 ], [ 2.477555747064994, 48.896385095168235 ], [ 2.47755325669861, 48.896375012062528 ], [ 2.477571147226135, 48.896372751922677 ], [ 2.477568659616704, 48.896362399013199 ], [ 2.477632577441383, 48.89635395452963 ], [ 2.477634250735888, 48.896359479553446 ], [ 2.477638386409613, 48.896373135132933 ], [ 2.477648593376206, 48.896402587028994 ], [ 2.477651097262867, 48.896411321238901 ], [ 2.477462751321702, 48.896436849313353 ], [ 2.477462751329218, 48.896436849337555 ] ] ] } },
{ "type": "Feature", "properties": { "start_date": 1908, "construction_date.nb": 1, "historic.building": "yes" }, "geometry": { "type": "Polygon", "coordinates": [ [ [ 2.477319647247118, 48.895950238617061 ], [ 2.477326871128489, 48.895909981142999 ], [ 2.477342003935371, 48.895910676701355 ], [ 2.477344813768442, 48.895888925679515 ], [ 2.477336361313854, 48.895888529058603 ], [ 2.477341074210579, 48.895853836345033 ], [ 2.477414822369767, 48.895857935262484 ], [ 2.477411902443764, 48.895890657347167 ], [ 2.477476109778899, 48.89589408511366 ], [ 2.477473064302483, 48.895925727490145 ], [ 2.477478547020896, 48.895936633037152 ], [ 2.477477877805963, 48.895948950634235 ], [ 2.477464255349108, 48.895960851996136 ], [ 2.47746425529881, 48.895960851992989 ], [ 2.477319647247118, 48.895950238617061 ] ] ] } },
{ "type": "Feature", "properties": { "start_date": 1870, "construction_date.nb": 1, "historic.building": "yes" }, "geometry": { "type": "Polygon", "coordinates": [ [ [ 2.477827546938487, 48.89611308826511 ], [ 2.477829905347118, 48.896112811233465 ], [ 2.477829905347181, 48.896112811233706 ], [ 2.477829905343787, 48.896112811234111 ], [ 2.477827546938487, 48.89611308826511 ] ] ] } },
{ "type": "Feature", "properties": { "start_date": 1870, "construction_date.nb": 1, "historic.building": "yes" }, "geometry": { "type": "Polygon", "coordinates": [ [ [ 2.477829905347181, 48.896112811233706 ], [ 2.477851597839726, 48.89619384356309 ], [ 2.477751235379744, 48.896205007022942 ], [ 2.477728034683978, 48.896124777476828 ], [ 2.477827546938487, 48.89611308826511 ], [ 2.477829905343787, 48.896112811234111 ], [ 2.477829905347181, 48.896112811233706 ] ] ] } },
{ "type": "Feature", "properties": { "start_date": 2018, "construction_date.nb": 1, "historic.building": "yes" }, "geometry": { "type": "Polygon", "coordinates": [ [ [ 2.477861738158313, 48.896229950055037 ], [ 2.477883845312565, 48.896310444580386 ], [ 2.477784033617596, 48.89632107087148 ], [ 2.477762059371468, 48.896240936638947 ], [ 2.477861738158313, 48.896229950055037 ] ] ] } },
{ "type": "Feature", "properties": { "start_date": 1920, "construction_date.nb": 2, "historic.building": "yes" }, "geometry": { "type": "MultiPolygon", "coordinates": [ [ [ [ 2.477638386409613, 48.896373135132933 ], [ 2.477634250735888, 48.896359479553446 ], [ 2.47763838643347, 48.896373135140564 ], [ 2.477648593406367, 48.896402587040782 ], [ 2.477651097274085, 48.896411321261645 ], [ 2.477651097270212, 48.896411321262171 ], [ 2.477651097262867, 48.896411321238901 ], [ 2.477648593376206, 48.896402587028994 ], [ 2.477638386409613, 48.896373135132933 ] ] ], [ [ [ 2.477783741523865, 48.896363786735236 ], [ 2.477879894223189, 48.896350806306017 ], [ 2.477904473611957, 48.896429602923639 ], [ 2.477808182602475, 48.896442762634926 ], [ 2.477805279423489, 48.896433037466522 ], [ 2.477817981720821, 48.896431294229856 ], [ 2.477799892549204, 48.896371771083153 ], [ 2.477785965462972, 48.896373239161385 ], [ 2.477783741523865, 48.896363786735236 ] ] ] ] } },
{ "type": "Feature", "properties": { "start_date": 1920, "construction_date.nb": 2, "historic.building": "yes" }, "geometry": { "type": "Polygon", "coordinates": [ [ [ 2.479221571289683, 48.895656638593557 ], [ 2.47918290749648, 48.8956664407918 ], [ 2.479178351324588, 48.895658327185863 ], [ 2.479178351314155, 48.895658327166963 ], [ 2.479221623028315, 48.895647451045939 ], [ 2.479221571289683, 48.895656638593557 ] ] ] } },
{ "type": "Feature", "properties": { "start_date": 1900, "construction_date.nb": 2, "historic.building": "yes" }, "geometry": { "type": "MultiPolygon", "coordinates": [ [ [ [ 2.479222036177376, 48.895574085498872 ], [ 2.479136285399063, 48.89559582214229 ], [ 2.479136285391946, 48.895595822129025 ], [ 2.479222036177494, 48.895574085477762 ], [ 2.479222036177376, 48.895574085498872 ] ] ], [ [ [ 2.479221623028315, 48.895647451045939 ], [ 2.479178351314155, 48.895658327166963 ], [ 2.479173126615057, 48.89564886172991 ], [ 2.47921797878397, 48.895637365780139 ], [ 2.479193995359614, 48.895594274505122 ], [ 2.479221960806553, 48.895587469598674 ], [ 2.479221623028315, 48.895647451045939 ] ] ] ] } },
{ "type": "Feature", "properties": { "start_date": 1890, "construction_date.nb": 2, "historic.building": "yes" }, "geometry": { "type": "Polygon", "coordinates": [ [ [ 2.479222036177494, 48.895574085477762 ], [ 2.479136285391946, 48.895595822129025 ], [ 2.479129456455453, 48.895583112189705 ], [ 2.479167058409327, 48.895573743045752 ], [ 2.479139573090778, 48.895526229937573 ], [ 2.479209291494183, 48.895508506449666 ], [ 2.479222424277322, 48.895505167888793 ], [ 2.479222036177494, 48.895574085477762 ] ] ] } },
{ "type": "Feature", "properties": { "start_date": 1910, "construction_date.nb": 3, "historic.building": "yes" }, "geometry": { "type": "Polygon", "coordinates": [ [ [ 2.479222424277322, 48.895505167888793 ], [ 2.479209291494183, 48.895508506449666 ], [ 2.479139573090778, 48.895526229937573 ], [ 2.479139573088368, 48.895526229933395 ], [ 2.47911905940527, 48.89549079790887 ], [ 2.479074896517798, 48.895501577357479 ], [ 2.479067388374369, 48.895488594664052 ], [ 2.479067388365819, 48.895488594649429 ], [ 2.479211647636002, 48.89545217056358 ], [ 2.479211647647882, 48.895452170584299 ], [ 2.479222614365331, 48.8954714125679 ], [ 2.479222424277322, 48.895505167888793 ] ] ] } },
{ "type": "Feature", "properties": { "start_date": 1900, "construction_date.nb": 2, "historic.building": "yes" }, "geometry": { "type": "MultiPolygon", "coordinates": [ [ [ [ 2.47909816827208, 48.895411298046213 ], [ 2.479177471625632, 48.895391768242987 ], [ 2.479177471635473, 48.895391768260019 ], [ 2.479098168279055, 48.89541129805837 ], [ 2.47909816827208, 48.895411298046213 ] ] ], [ [ [ 2.479211647636002, 48.89545217056358 ], [ 2.479067388365819, 48.895488594649429 ], [ 2.479059476488386, 48.895475070616058 ], [ 2.479104194815652, 48.895463304309466 ], [ 2.479084365806567, 48.895427605438833 ], [ 2.479183898565753, 48.895403757000267 ], [ 2.479211647636002, 48.89545217056358 ] ] ] ] } },
{ "type": "Feature", "properties": { "start_date": 1910, "construction_date.nb": 2, "historic.building": "yes" }, "geometry": { "type": "MultiPolygon", "coordinates": [ [ [ [ 2.478985104804042, 48.895328879170791 ], [ 2.478985104815769, 48.895328879167856 ], [ 2.47898749413568, 48.895328272454762 ], [ 2.478985104804289, 48.895328879171238 ], [ 2.478985104804042, 48.895328879170791 ] ] ], [ [ [ 2.479121161608977, 48.895294308051085 ], [ 2.479177471625632, 48.895391768242987 ], [ 2.47909816827208, 48.895411298046213 ], [ 2.479083824090402, 48.895386324805969 ], [ 2.479104339737708, 48.895380658472206 ], [ 2.479091870773833, 48.895359110759919 ], [ 2.479062473758983, 48.895366357216709 ], [ 2.479050964920047, 48.895344274078646 ], [ 2.479060813593266, 48.895341439135152 ], [ 2.47905584377297, 48.895333773404481 ], [ 2.479039029490117, 48.895337567291421 ], [ 2.479027495471425, 48.895318002094839 ], [ 2.47902164116149, 48.895319565393748 ], [ 2.479027495451729, 48.895318002087173 ], [ 2.479102290738568, 48.895299172164883 ], [ 2.47910229077144, 48.89529917215642 ], [ 2.479102290775212, 48.895299172163 ], [ 2.479121161608977, 48.895294308051085 ] ] ] ] } },
{ "type": "Feature", "properties": { "start_date": 1910, "construction_date.nb": 1, "historic.building": "yes" }, "geometry": { "type": "Polygon", "coordinates": [ [ [ 2.47902164116149, 48.895319565393748 ], [ 2.479018879684488, 48.895320302801458 ], [ 2.47898749413568, 48.895328272454762 ], [ 2.478985104815769, 48.895328879167856 ], [ 2.478985104804042, 48.895328879170791 ], [ 2.478957775094017, 48.895279478141696 ], [ 2.478986770977958, 48.89527142058548 ], [ 2.478963047193518, 48.895229679355126 ], [ 2.479049192151225, 48.895207931133427 ], [ 2.479063426004381, 48.895230295910153 ], [ 2.47907928464826, 48.895226587812836 ], [ 2.479090134044126, 48.895246419775496 ], [ 2.479074541824149, 48.895250758580957 ], [ 2.47910229077144, 48.89529917215642 ], [ 2.479102290738568, 48.895299172164883 ], [ 2.479027495451729, 48.895318002087173 ], [ 2.47902164116149, 48.895319565393748 ] ] ] } },
{ "type": "Feature", "properties": { "start_date": 1900, "construction_date.nb": 2, "historic.building": "yes" }, "geometry": { "type": "MultiPolygon", "coordinates": [ [ [ [ 2.478906277760672, 48.89515092267083 ], [ 2.478906277761221, 48.895150922671775 ], [ 2.478906277751475, 48.895150922674276 ], [ 2.478883082542081, 48.895110892432108 ], [ 2.478883082552843, 48.895110892429244 ], [ 2.478906277760672, 48.89515092267083 ] ] ], [ [ [ 2.478663141788633, 48.895104899012701 ], [ 2.478781688528027, 48.895075468053449 ], [ 2.478821355792444, 48.895145876710998 ], [ 2.478730695707697, 48.895169044044152 ], [ 2.478745699981666, 48.895196178540324 ], [ 2.47871889979206, 48.895202896619047 ], [ 2.478663141788633, 48.895104899012701 ] ] ] ] } },
{ "type": "Feature", "properties": { "start_date": 1890, "construction_date.nb": 1, "historic.building": "yes" }, "geometry": { "type": "Polygon", "coordinates": [ [ [ 2.47700131601759, 48.896790691238657 ], [ 2.477001316021017, 48.896790691261259 ], [ 2.476930842623382, 48.896799916119186 ], [ 2.476930842623141, 48.896799916117821 ], [ 2.47700131601759, 48.896790691238657 ] ] ] } },
{ "type": "Feature", "properties": { "start_date": 2012, "construction_date.nb": 2, "historic.building": "yes" }, "geometry": { "type": "Polygon", "coordinates": [ [ [ 2.476756615164875, 48.896851836664169 ], [ 2.476750967449268, 48.896823861315887 ], [ 2.476878665449142, 48.89680724240278 ], [ 2.477002378263696, 48.896793573682551 ], [ 2.477008429956749, 48.89682930260809 ], [ 2.476884058659929, 48.896840630272969 ], [ 2.47691183352682, 48.896984519212694 ], [ 2.476756615164875, 48.896851836664169 ] ] ] } },
{ "type": "Feature", "properties": { "start_date": 1958, "construction_date.nb": 2, "historic.building": "yes" }, "geometry": { "type": "Polygon", "coordinates": [ [ [ 2.476756615164875, 48.896851836664169 ], [ 2.476750967449268, 48.896823861315887 ], [ 2.476878665449142, 48.89680724240278 ], [ 2.477002378263696, 48.896793573682551 ], [ 2.477008429956749, 48.89682930260809 ], [ 2.476884058659929, 48.896840630272969 ], [ 2.47691183352682, 48.896984519212694 ], [ 2.476756615164875, 48.896851836664169 ] ] ] } },
{ "type": "Feature", "properties": { "start_date": 1996, "construction_date.nb": 2, "historic.building": "yes" }, "geometry": { "type": "Polygon", "coordinates": [ [ [ 2.476756615164875, 48.896851836664169 ], [ 2.476750967449268, 48.896823861315887 ], [ 2.476878665449142, 48.89680724240278 ], [ 2.477002378263696, 48.896793573682551 ], [ 2.477008429956749, 48.89682930260809 ], [ 2.476884058659929, 48.896840630272969 ], [ 2.47691183352682, 48.896984519212694 ], [ 2.476756615164875, 48.896851836664169 ] ] ] } },
{ "type": "Feature", "properties": { "start_date": 1870, "construction_date.nb": 1, "historic.building": "yes" }, "geometry": { "type": "Polygon", "coordinates": [ [ [ 2.477464255349108, 48.895960851996136 ], [ 2.477464255326677, 48.895960852015754 ], [ 2.477319647244321, 48.895950238632629 ], [ 2.477319647247118, 48.895950238617061 ], [ 2.47746425529881, 48.895960851992989 ], [ 2.477464255349108, 48.895960851996136 ] ] ] } },
{ "type": "Feature", "properties": { "start_date": 1880, "construction_date.nb": 1, "historic.building": "yes" }, "geometry": { "type": "Polygon", "coordinates": [ [ [ 2.47757778506192, 48.895711455030899 ], [ 2.477661221011191, 48.895701361428202 ], [ 2.477670576137001, 48.895734137062135 ], [ 2.477719866338298, 48.895728956196827 ], [ 2.477741070668487, 48.895804230843503 ], [ 2.477646163582463, 48.895815507956861 ], [ 2.477626195902448, 48.89573933932428 ], [ 2.47758400598614, 48.895743741779988 ], [ 2.477578320370115, 48.895719221635368 ], [ 2.47757778506192, 48.895711455030899 ] ] ] } },
{ "type": "Feature", "properties": { "start_date": 1936, "construction_date.nb": 1, "historic.building": "yes" }, "geometry": { "type": "Polygon", "coordinates": [ [ [ 2.476703394761423, 48.892576441040617 ], [ 2.4767226, 48.892614799999983 ], [ 2.476647471602391, 48.89263043898147 ], [ 2.476655381545126, 48.892587790349879 ], [ 2.476703394761423, 48.892576441040617 ] ] ] } },
{ "type": "Feature", "properties": { "start_date": 1912, "construction_date.nb": 1, "historic.building": "yes" }, "geometry": { "type": "Polygon", "coordinates": [ [ [ 2.476935286166159, 48.8925593456417 ], [ 2.4768549, 48.8925768 ], [ 2.476839286954578, 48.892544318863166 ], [ 2.476899244666266, 48.892530146003843 ], [ 2.476935286166159, 48.8925593456417 ] ] ] } },
{ "type": "Feature", "properties": { "start_date": 1952, "construction_date.nb": 1, "historic.building": "yes" }, "geometry": { "type": "Polygon", "coordinates": [ [ [ 2.477529131526616, 48.893723619852167 ], [ 2.477502363537904, 48.893726594104173 ], [ 2.477455403698582, 48.893486183394685 ], [ 2.477453906119332, 48.893472327469475 ], [ 2.477456610177043, 48.893461097887069 ], [ 2.477467787103417, 48.893448196598257 ], [ 2.477481640179501, 48.893440433052639 ], [ 2.477492593144151, 48.893436254073286 ], [ 2.477511032717459, 48.893433546653526 ], [ 2.477535298764376, 48.893434641773666 ], [ 2.477561790389999, 48.893445009486221 ], [ 2.477572876257117, 48.893454770420242 ], [ 2.477580787449954, 48.893468294591422 ], [ 2.477620921650908, 48.893464692549138 ], [ 2.477661875058959, 48.893461004185106 ], [ 2.477672802484548, 48.893513751415348 ], [ 2.477662700308533, 48.893514696598771 ], [ 2.477633076477193, 48.893517445171547 ], [ 2.477669626354831, 48.89370798863051 ], [ 2.477608037515185, 48.893714852215091 ], [ 2.47760750005396, 48.893714912099561 ], [ 2.477529131526616, 48.893723619852167 ] ] ] } },
{ "type": "Feature", "properties": { "start_date": 2013, "construction_date.nb": 1, "historic.building": "yes" }, "geometry": { "type": "Polygon", "coordinates": [ [ [ 2.477529131526616, 48.893723619852167 ], [ 2.477502363537904, 48.893726594104173 ], [ 2.477455403698582, 48.893486183394685 ], [ 2.477453906119332, 48.893472327469475 ], [ 2.477456610177043, 48.893461097887069 ], [ 2.477467787103417, 48.893448196598257 ], [ 2.477481640179501, 48.893440433052639 ], [ 2.477492593144151, 48.893436254073286 ], [ 2.477511032717459, 48.893433546653526 ], [ 2.477535298764376, 48.893434641773666 ], [ 2.477561790389999, 48.893445009486221 ], [ 2.477572876257117, 48.893454770420242 ], [ 2.477580787449954, 48.893468294591422 ], [ 2.477620921650908, 48.893464692549138 ], [ 2.477661875058959, 48.893461004185106 ], [ 2.477672802484548, 48.893513751415348 ], [ 2.477662700308533, 48.893514696598771 ], [ 2.477633076477193, 48.893517445171547 ], [ 2.477669626354831, 48.89370798863051 ], [ 2.477608037515185, 48.893714852215091 ], [ 2.47760750005396, 48.893714912099561 ], [ 2.477529131526616, 48.893723619852167 ] ] ] } },
{ "type": "Feature", "properties": { "start_date": 1930, "construction_date.nb": 1, "historic.building": "yes" }, "geometry": { "type": "Polygon", "coordinates": [ [ [ 2.477607500056355, 48.89371491211044 ], [ 2.477529131526616, 48.893723619852167 ], [ 2.47760750005396, 48.893714912099561 ], [ 2.477607500056355, 48.89371491211044 ] ] ] } },
{ "type": "Feature", "properties": { "start_date": 1930, "construction_date.nb": 2, "historic.building": "yes" }, "geometry": { "type": "MultiPolygon", "coordinates": [ [ [ [ 2.47760750005396, 48.893714912099561 ], [ 2.477608037515185, 48.893714852215091 ], [ 2.477607500061345, 48.893714912109886 ], [ 2.477607500056355, 48.89371491211044 ], [ 2.47760750005396, 48.893714912099561 ] ] ], [ [ [ 2.477495129343783, 48.893890237010567 ], [ 2.477483346617306, 48.893827593619875 ], [ 2.47757193048989, 48.893820875546986 ], [ 2.477581982196727, 48.893824966300777 ], [ 2.477584627755419, 48.89383316156372 ], [ 2.477707267488457, 48.893816969336591 ], [ 2.477734041071387, 48.89389442677939 ], [ 2.477559889038198, 48.893919926995636 ], [ 2.477495129343783, 48.893890237010567 ] ] ] ] } },
{ "type": "Feature", "properties": { "start_date": 1930, "construction_date.nb": 1, "historic.building": "yes" }, "geometry": { "type": "Polygon", "coordinates": [ [ [ 2.4772248, 48.89302619999998 ], [ 2.4772, 48.8930892 ], [ 2.4771132, 48.893075599999968 ], [ 2.4771362, 48.893013099999962 ], [ 2.4772248, 48.89302619999998 ] ] ] } },
{ "type": "Feature", "properties": { "start_date": 1870, "construction_date.nb": 1, "historic.building": "yes" }, "geometry": { "type": "Polygon", "coordinates": [ [ [ 2.477507359445125, 48.896652205310318 ], [ 2.4775074, 48.896652199999977 ], [ 2.4775315, 48.896726299999962 ], [ 2.47753146376188, 48.896726304846709 ], [ 2.477531454576181, 48.896726276578697 ], [ 2.477507373348814, 48.896652248409417 ], [ 2.477507359445125, 48.896652205310318 ] ] ] } },
{ "type": "Feature", "properties": { "start_date": 1908, "construction_date.nb": 3, "historic.building": "yes" }, "geometry": { "type": "Polygon", "coordinates": [ [ [ 2.478043974948083, 48.896908912564719 ], [ 2.478055050820929, 48.896907519107685 ], [ 2.478043974986412, 48.896908912582049 ], [ 2.478066452200081, 48.896993365575128 ], [ 2.478066452200961, 48.896993365578368 ], [ 2.47806645217399, 48.896993365582603 ], [ 2.478051932173232, 48.896995645350053 ], [ 2.477982299004674, 48.897006578340729 ], [ 2.477959571680791, 48.896919875954104 ], [ 2.477944412421351, 48.896921788360778 ], [ 2.477944412417129, 48.896921788344926 ], [ 2.477959571646473, 48.896919875951859 ], [ 2.478043974948083, 48.896908912564719 ] ] ] } },
{ "type": "Feature", "properties": { "start_date": 1924, "construction_date.nb": 2, "historic.building": "yes" }, "geometry": { "type": "Polygon", "coordinates": [ [ [ 2.477982299004674, 48.897006578340729 ], [ 2.478051932173232, 48.896995645350053 ], [ 2.47806645217399, 48.896993365582603 ], [ 2.478066452200961, 48.896993365578368 ], [ 2.47806855692612, 48.897001108798747 ], [ 2.478075247283784, 48.897000418527902 ], [ 2.478080002078956, 48.897002327787341 ], [ 2.478086479680183, 48.897022860218712 ], [ 2.478083166649381, 48.897026802755832 ], [ 2.478077559278917, 48.897028307125048 ], [ 2.478079261109054, 48.897035419079828 ], [ 2.4780739337387, 48.897036205240845 ], [ 2.478084352574221, 48.897071773301775 ], [ 2.478089539071783, 48.897071436173235 ], [ 2.478090562563875, 48.89707818544008 ], [ 2.478099024284595, 48.897077682718674 ], [ 2.478102422353149, 48.897078866636377 ], [ 2.478108621774379, 48.89709993744971 ], [ 2.478104492175447, 48.89710369652876 ], [ 2.478098753837347, 48.897104660765656 ], [ 2.478098981500194, 48.897109158295301 ], [ 2.477990838553818, 48.897120737694365 ], [ 2.477960713084381, 48.897010081508334 ], [ 2.477982299008762, 48.89700657835634 ], [ 2.477982299004674, 48.897006578340729 ] ] ] } },
{ "type": "Feature", "properties": { "start_date": 1890, "construction_date.nb": 1, "historic.building": "yes" }, "geometry": { "type": "MultiPolygon", "coordinates": [ [ [ [ 2.47742837640651, 48.897331876685627 ], [ 2.477426974372881, 48.897324220030207 ], [ 2.477426974404234, 48.897324220027862 ], [ 2.47742837640651, 48.897331876685627 ] ] ], [ [ [ 2.477432067908231, 48.897333145383136 ], [ 2.47743113563878, 48.897333215020183 ], [ 2.477432067907083, 48.897333145376884 ], [ 2.477432067908231, 48.897333145383136 ] ] ] ] } },
{ "type": "Feature", "properties": { "start_date": 1970, "construction_date.nb": 1, "historic.building": "yes" }, "geometry": { "type": "MultiPolygon", "coordinates": [ [ [ [ 2.47742837640651, 48.897331876685627 ], [ 2.477426974372881, 48.897324220030207 ], [ 2.477426974404234, 48.897324220027862 ], [ 2.47742837640651, 48.897331876685627 ] ] ], [ [ [ 2.477432067908231, 48.897333145383136 ], [ 2.47743113563878, 48.897333215020183 ], [ 2.477432067907083, 48.897333145376884 ], [ 2.477432067908231, 48.897333145383136 ] ] ] ] } },
{ "type": "Feature", "properties": { "start_date": 1930, "construction_date.nb": 1, "historic.building": "yes" }, "geometry": { "type": "Polygon", "coordinates": [ [ [ 2.477729034134728, 48.897357725169748 ], [ 2.477716907123948, 48.897329171949373 ], [ 2.477817212005392, 48.897310364170352 ], [ 2.477830900898076, 48.89734137048675 ], [ 2.477780667514414, 48.897350880151087 ], [ 2.477729034134728, 48.897357725169748 ] ] ] } },
{ "type": "Feature", "properties": { "start_date": 1934, "construction_date.nb": 2, "historic.building": "yes" }, "geometry": { "type": "MultiPolygon", "coordinates": [ [ [ [ 2.477962911684579, 48.897280512827152 ], [ 2.477963336465213, 48.897281581169032 ], [ 2.4779629, 48.897280499999987 ], [ 2.47796290622391, 48.897280498885358 ], [ 2.477962911684579, 48.897280512827152 ] ] ], [ [ [ 2.477976272965213, 48.897313626183575 ], [ 2.477967875815712, 48.897292825602477 ], [ 2.477976287969519, 48.897313623263685 ], [ 2.477976272965213, 48.897313626183575 ] ] ], [ [ [ 2.477891660080113, 48.8973298681532 ], [ 2.4778787, 48.89729830000001 ], [ 2.4779638, 48.897282899999972 ], [ 2.477976240507771, 48.897313632499888 ], [ 2.47793397343132, 48.897321857781783 ], [ 2.477891660080113, 48.8973298681532 ] ] ] ] } },
{ "type": "Feature", "properties": { "start_date": 1932, "construction_date.nb": 1, "historic.building": "yes" }, "geometry": { "type": "Polygon", "coordinates": [ [ [ 2.477976287969519, 48.897313623263685 ], [ 2.477967875815712, 48.897292825602477 ], [ 2.477963336465213, 48.897281581169032 ], [ 2.477962911684579, 48.897280512827152 ], [ 2.47796290622391, 48.897280498885358 ], [ 2.4780595, 48.897263199999983 ], [ 2.47806476496921, 48.897275711600813 ], [ 2.47802450929104, 48.897304239248172 ], [ 2.477976287969519, 48.897313623263685 ] ] ] } },
{ "type": "Feature", "properties": { "start_date": 1934, "construction_date.nb": 1, "historic.building": "yes" }, "geometry": { "type": "Polygon", "coordinates": [ [ [ 2.479181693677582, 48.896484168707325 ], [ 2.4791747, 48.896461899999984 ], [ 2.479125251827921, 48.896467494136651 ], [ 2.479125246069112, 48.896467473665005 ], [ 2.479116291855088, 48.896435419355853 ], [ 2.479103115873763, 48.89638969776248 ], [ 2.479191271394712, 48.896377271784857 ], [ 2.479217533877679, 48.896373576320116 ], [ 2.479217052187944, 48.896459110320578 ], [ 2.479181693677582, 48.896484168707325 ] ] ] } },
{ "type": "Feature", "properties": { "start_date": 1920, "construction_date.nb": 1, "historic.building": "yes" }, "geometry": { "type": "Polygon", "coordinates": [ [ [ 2.47753146376188, 48.896726304846709 ], [ 2.4774186, 48.8967414 ], [ 2.4773959, 48.89666679999997 ], [ 2.477507359445125, 48.896652205310318 ], [ 2.477507373348814, 48.896652248409417 ], [ 2.477531454576181, 48.896726276578697 ], [ 2.47753146376188, 48.896726304846709 ] ] ] } },
{ "type": "Feature", "properties": { "start_date": 2002, "construction_date.nb": 2, "historic.building": "yes" }, "geometry": { "type": "Polygon", "coordinates": [ [ [ 2.477967186898843, 48.896704524939096 ], [ 2.477998872782841, 48.896700346376655 ], [ 2.478014936302832, 48.896757882156081 ], [ 2.478014936303928, 48.896757882160131 ], [ 2.478014936286959, 48.896757882162149 ], [ 2.477904589229738, 48.896771700145145 ], [ 2.477904589222066, 48.896771700146552 ], [ 2.477904589220421, 48.896771700140327 ], [ 2.47788851414582, 48.89671533340502 ], [ 2.477948482449989, 48.896707094653905 ], [ 2.477967186898843, 48.896704524939096 ] ] ] } },
{ "type": "Feature", "properties": { "start_date": 1970, "construction_date.nb": 1, "historic.building": "yes" }, "geometry": { "type": "Polygon", "coordinates": [ [ [ 2.477928113108215, 48.896860564371892 ], [ 2.477904589222066, 48.896771700146552 ], [ 2.477904589229738, 48.896771700145145 ], [ 2.478014936286959, 48.896757882162149 ], [ 2.478014936303928, 48.896757882160131 ], [ 2.478039005897356, 48.896846748747805 ], [ 2.477956111127521, 48.896856909328498 ], [ 2.477928113110482, 48.896860564371615 ], [ 2.477928113108215, 48.896860564371892 ] ] ] } },
{ "type": "Feature", "properties": { "start_date": 1928, "construction_date.nb": 2, "historic.building": "yes" }, "geometry": { "type": "Polygon", "coordinates": [ [ [ 2.477956111127521, 48.896856909328498 ], [ 2.478039005897356, 48.896846748747805 ], [ 2.478039005901824, 48.896846748764318 ], [ 2.478055719901918, 48.89690743492914 ], [ 2.478055050820929, 48.896907519107685 ], [ 2.478043974948083, 48.896908912564719 ], [ 2.477959571646473, 48.896919875951859 ], [ 2.477944412417129, 48.896921788344926 ], [ 2.477928113113404, 48.896860564391488 ], [ 2.477928113108215, 48.896860564371892 ], [ 2.477928113110482, 48.896860564371615 ], [ 2.477956111127521, 48.896856909328498 ] ] ] } },
{ "type": "Feature", "properties": { "start_date": 1869, "construction_date.nb": 2, "historic.building": "yes" }, "geometry": { "type": "MultiPolygon", "coordinates": [ [ [ [ 2.47786751101821, 48.896606335645508 ], [ 2.477990691047441, 48.896591314606539 ], [ 2.478003580313743, 48.896638944184978 ], [ 2.47794799188861, 48.896646435931174 ], [ 2.477885302121776, 48.896654795986201 ], [ 2.47788147779608, 48.896655318875958 ], [ 2.47786751101821, 48.896606335645508 ] ] ], [ [ [ 2.477967186898843, 48.896704524939096 ], [ 2.477948482449989, 48.896707094653905 ], [ 2.477967186902013, 48.8967045249343 ], [ 2.477998872782633, 48.896700346375901 ], [ 2.477998872782841, 48.896700346376655 ], [ 2.477967186898843, 48.896704524939096 ] ] ] ] } },
{ "type": "Feature", "properties": { "start_date": 1962, "construction_date.nb": 1, "historic.building": "yes" }, "geometry": { "type": "Polygon", "coordinates": [ [ [ 2.477462272243713, 48.897393089301133 ], [ 2.477461670794212, 48.897388855645346 ], [ 2.477463291312673, 48.897388678944957 ], [ 2.477463754233742, 48.897392892838276 ], [ 2.477462272243713, 48.897393089301133 ] ] ] } },
{ "type": "Feature", "properties": { "start_date": 1850, "construction_date.nb": 1, "historic.building": "yes" }, "geometry": { "type": "Polygon", "coordinates": [ [ [ 2.477336279186745, 48.897347335878443 ], [ 2.477333608137363, 48.897331186907934 ], [ 2.477426974372881, 48.897324220030207 ], [ 2.47742837640651, 48.897331876685627 ], [ 2.477428655394303, 48.897333400302024 ], [ 2.47743113563878, 48.897333215020183 ], [ 2.477432067908231, 48.897333145383136 ], [ 2.477442672573776, 48.897390927198501 ], [ 2.477461670794212, 48.897388855645346 ], [ 2.477462272243713, 48.897393089301133 ], [ 2.47739953472139, 48.897401406202 ], [ 2.477336279186745, 48.897347335878443 ] ] ] } },
{ "type": "Feature", "properties": { "start_date": 1920, "construction_date.nb": 2, "historic.building": "yes" }, "geometry": { "type": "Polygon", "coordinates": [ [ [ 2.47922524029499, 48.895005102329684 ], [ 2.479194936210905, 48.895009368076593 ], [ 2.479171462468287, 48.894942627180519 ], [ 2.479198283910678, 48.894938762269923 ], [ 2.479225441191811, 48.894969426893681 ], [ 2.47922524029499, 48.895005102329684 ] ] ] } },
{ "type": "Feature", "properties": { "start_date": 1890, "construction_date.nb": 2, "historic.building": "yes" }, "geometry": { "type": "MultiPolygon", "coordinates": [ [ [ [ 2.476991726361893, 48.89669981926302 ], [ 2.476991726358404, 48.89669981926334 ], [ 2.476989388767305, 48.89668811806019 ], [ 2.47691212037632, 48.896694885130984 ], [ 2.47689639239366, 48.896617655792873 ], [ 2.476898984694218, 48.896617577200239 ], [ 2.476897701228391, 48.896609567758418 ], [ 2.476927593268224, 48.896607450051761 ], [ 2.476928611231787, 48.896614738870753 ], [ 2.476974069826368, 48.896610890518723 ], [ 2.476987324867657, 48.896676328100426 ], [ 2.477062562728967, 48.896668023310319 ], [ 2.477067220772106, 48.896693134333844 ], [ 2.476991726361893, 48.89669981926302 ] ] ], [ [ [ 2.476961427859421, 48.896702503031406 ], [ 2.476914320680367, 48.896706675656084 ], [ 2.476914320679888, 48.896706675653391 ], [ 2.476961427859421, 48.896702503031406 ] ] ] ] } },
{ "type": "Feature", "properties": { "start_date": 2015, "construction_date.nb": 1, "historic.building": "yes" }, "geometry": { "type": "Polygon", "coordinates": [ [ [ 2.476064295075715, 48.896151234310992 ], [ 2.47606429510267, 48.896151234309883 ], [ 2.476072504926442, 48.89622995971316 ], [ 2.476072504901464, 48.896229959713949 ], [ 2.476072504900313, 48.896229959704172 ], [ 2.476064295075715, 48.896151234310992 ] ] ] } },
{ "type": "Feature", "properties": { "start_date": 1930, "construction_date.nb": 1, "historic.building": "yes" }, "geometry": { "type": "Polygon", "coordinates": [ [ [ 2.475993894787245, 48.896154124874883 ], [ 2.476064295075715, 48.896151234310992 ], [ 2.476072504900313, 48.896229959704172 ], [ 2.476072504901464, 48.896229959713949 ], [ 2.476030710489116, 48.896231312380813 ], [ 2.475986575385023, 48.896193583775329 ], [ 2.475993894787245, 48.896154124874883 ] ] ] } },
{ "type": "Feature", "properties": { "start_date": 1904, "construction_date.nb": 2, "historic.building": "yes" }, "geometry": { "type": "Polygon", "coordinates": [ [ [ 2.476918221281438, 48.895395321096714 ], [ 2.476918204708555, 48.895395298470447 ], [ 2.4770007, 48.8953685 ], [ 2.4770468, 48.895428399999986 ], [ 2.4769624, 48.8954557 ], [ 2.476962374240212, 48.895455708310486 ], [ 2.476962351858456, 48.89545567761634 ], [ 2.476925078454042, 48.895404699526885 ], [ 2.476918221281438, 48.895395321096714 ] ] ] } },
{ "type": "Feature", "properties": { "start_date": 1900, "construction_date.nb": 2, "historic.building": "yes" }, "geometry": { "type": "Polygon", "coordinates": [ [ [ 2.476918221281438, 48.895395321096714 ], [ 2.476925078454042, 48.895404699526885 ], [ 2.476962351858456, 48.89545567761634 ], [ 2.476962374240212, 48.895455708310486 ], [ 2.476866, 48.895486799999979 ], [ 2.476822, 48.895427 ], [ 2.4769182, 48.895395300000018 ], [ 2.476918204708555, 48.895395298470447 ], [ 2.476918221281438, 48.895395321096714 ] ] ] } },
{ "type": "Feature", "properties": { "start_date": 1902, "construction_date.nb": 2, "historic.building": "yes" }, "geometry": { "type": "Polygon", "coordinates": [ [ [ 2.476675431738171, 48.895477716246027 ], [ 2.476675415548418, 48.895477695014655 ], [ 2.476783, 48.8954432 ], [ 2.476826, 48.895501500000023 ], [ 2.47672, 48.895537 ], [ 2.476719988400687, 48.895537003883554 ], [ 2.47671998211212, 48.895536995515158 ], [ 2.47670098241286, 48.895511714303289 ], [ 2.476675431738171, 48.895477716246027 ] ] ] } },
{ "type": "Feature", "properties": { "start_date": 1910, "construction_date.nb": 2, "historic.building": "yes" }, "geometry": { "type": "Polygon", "coordinates": [ [ [ 2.476675431738171, 48.895477716246027 ], [ 2.47670098241286, 48.895511714303289 ], [ 2.47671998211212, 48.895536995515158 ], [ 2.476719988400687, 48.895537003883554 ], [ 2.4766071, 48.8955748 ], [ 2.4765596, 48.895511 ], [ 2.4766723, 48.895473700000011 ], [ 2.4766754, 48.895477699999965 ], [ 2.476675415548418, 48.895477695014655 ], [ 2.476675431738171, 48.895477716246027 ] ] ] } },
{ "type": "Feature", "properties": { "start_date": 1910, "construction_date.nb": 1, "historic.building": "yes" }, "geometry": { "type": "Polygon", "coordinates": [ [ [ 2.4763877, 48.8955791 ], [ 2.4764645, 48.895553599999971 ], [ 2.4765054, 48.895609400000019 ], [ 2.4764296, 48.895634399999956 ], [ 2.4764282, 48.8956328 ], [ 2.476417, 48.895636599999968 ], [ 2.4764108, 48.8956282 ], [ 2.4764219, 48.8956246 ], [ 2.4763877, 48.8955791 ] ] ] } },
{ "type": "Feature", "properties": { "start_date": 1910, "construction_date.nb": 1, "historic.building": "yes" }, "geometry": { "type": "Polygon", "coordinates": [ [ [ 2.476304, 48.8956452 ], [ 2.4761882, 48.895679699999988 ], [ 2.4761489, 48.895621700000014 ], [ 2.4761612, 48.895617799999982 ], [ 2.4761562, 48.895610600000012 ], [ 2.4761797, 48.8956036 ], [ 2.4761849, 48.895610600000026 ], [ 2.4762637, 48.8955865 ], [ 2.476304, 48.8956452 ] ] ] } },
{ "type": "Feature", "properties": { "start_date": 1961, "construction_date.nb": 1, "historic.building": "yes" }, "geometry": { "type": "Polygon", "coordinates": [ [ [ 2.476591120990305, 48.896049488006653 ], [ 2.476708005104742, 48.896077247834818 ], [ 2.476669413767514, 48.89614425755115 ], [ 2.476554016196386, 48.896117853127159 ], [ 2.476591120990305, 48.896049488006653 ] ] ] } },
{ "type": "Feature", "properties": { "start_date": 1900, "construction_date.nb": 1, "historic.building": "yes" }, "geometry": { "type": "Polygon", "coordinates": [ [ [ 2.4765446, 48.895808499999987 ], [ 2.4764373, 48.895843699999979 ], [ 2.4763934, 48.895784 ], [ 2.4765011, 48.895748799999986 ], [ 2.4765446, 48.895808499999987 ] ] ] } },
{ "type": "Feature", "properties": { "start_date": 2018, "construction_date.nb": 1, "historic.building": "yes" }, "geometry": { "type": "Polygon", "coordinates": [ [ [ 2.4765446, 48.895808499999987 ], [ 2.4764373, 48.895843699999979 ], [ 2.4763934, 48.895784 ], [ 2.4765011, 48.895748799999986 ], [ 2.4765446, 48.895808499999987 ] ] ] } },
{ "type": "Feature", "properties": { "start_date": 1910, "construction_date.nb": 1, "historic.building": "yes" }, "geometry": { "type": "Polygon", "coordinates": [ [ [ 2.476593460301722, 48.895767104146991 ], [ 2.4765618, 48.8957273 ], [ 2.4766697, 48.8956924 ], [ 2.4767003, 48.895732599999981 ], [ 2.476593460301722, 48.895767104146991 ] ] ] } },
{ "type": "Feature", "properties": { "start_date": 1905, "construction_date.nb": 1, "historic.building": "yes" }, "geometry": { "type": "Polygon", "coordinates": [ [ [ 2.4767598, 48.895744699999959 ], [ 2.4767127, 48.895681699999983 ], [ 2.476764, 48.8956655 ], [ 2.4767684, 48.895670499999945 ], [ 2.4767957, 48.895661499999974 ], [ 2.4768087, 48.895678599999975 ], [ 2.4768628, 48.895661299999951 ], [ 2.4768932, 48.8957015 ], [ 2.4767598, 48.895744699999959 ] ] ] } },
{ "type": "Feature", "properties": { "start_date": 1913, "construction_date.nb": 1, "historic.building": "yes" }, "geometry": { "type": "Polygon", "coordinates": [ [ [ 2.476884919035032, 48.896143501715159 ], [ 2.4768849, 48.896143499999987 ], [ 2.476888989187848, 48.896135723243141 ], [ 2.476884925611828, 48.896143490425558 ], [ 2.476884919035032, 48.896143501715159 ] ] ] } },
{ "type": "Feature", "properties": { "start_date": 1913, "construction_date.nb": 1, "historic.building": "yes" }, "geometry": { "type": "Polygon", "coordinates": [ [ [ 2.477071729644747, 48.89613659908683 ], [ 2.477075391565795, 48.896136899308488 ], [ 2.477050680709701, 48.896262203598717 ], [ 2.477014258408214, 48.896276253618332 ], [ 2.476834811638905, 48.896233478889883 ], [ 2.4768697, 48.896170199999965 ], [ 2.4769456, 48.8961875 ], [ 2.4769602, 48.8961815 ], [ 2.4769623, 48.896169099999973 ], [ 2.4769485, 48.896167899999966 ], [ 2.4769415, 48.896148599999982 ], [ 2.476884919035032, 48.896143501715159 ], [ 2.476884925611828, 48.896143490425558 ], [ 2.476888989187848, 48.896135723243141 ], [ 2.476896085117396, 48.896122228303518 ], [ 2.476928621648196, 48.896124975671839 ], [ 2.477031920509202, 48.89613379037791 ], [ 2.477071729644747, 48.89613659908683 ] ] ] } },
{ "type": "Feature", "properties": { "start_date": 1999, "construction_date.nb": 1, "historic.building": "yes" }, "geometry": { "type": "Polygon", "coordinates": [ [ [ 2.477462751329218, 48.896436849337555 ], [ 2.477462751320509, 48.896436849338727 ], [ 2.477478342603673, 48.896487008823875 ], [ 2.477296275689641, 48.896512024437826 ], [ 2.477299042358764, 48.896521749022426 ], [ 2.47722761826365, 48.896530610208814 ], [ 2.477213728051847, 48.896487652575608 ], [ 2.477238729827177, 48.896483534989379 ], [ 2.47722786280318, 48.896451921819605 ], [ 2.477242223458987, 48.896448027562712 ], [ 2.477227213270978, 48.896407942822357 ], [ 2.477214365510943, 48.89641058465584 ], [ 2.477195157900493, 48.896353844398959 ], [ 2.477247478217738, 48.896345799172771 ], [ 2.477244561604901, 48.896337422872591 ], [ 2.477276250028724, 48.896332974699902 ], [ 2.477271600113237, 48.896320633891015 ], [ 2.477331699045267, 48.896312172898682 ], [ 2.477339010923727, 48.896331090302937 ], [ 2.477344475502558, 48.89633021482318 ], [ 2.477365416626668, 48.896390919599561 ], [ 2.477427968837832, 48.896382649131233 ], [ 2.477432645926971, 48.896392292134252 ], [ 2.477451086498087, 48.896389584765167 ], [ 2.477454806108165, 48.896399493370829 ], [ 2.477461636425923, 48.896398444013379 ], [ 2.477463741038304, 48.896406187217444 ], [ 2.477545418569693, 48.896394942520097 ], [ 2.477544405939158, 48.896387114097003 ], [ 2.477555747064994, 48.896385095168235 ], [ 2.47755325669861, 48.896375012062528 ], [ 2.477571147226135, 48.896372751922677 ], [ 2.477568659616704, 48.896362399013199 ], [ 2.477632577441383, 48.89635395452963 ], [ 2.477634250735888, 48.896359479553446 ], [ 2.477638386409613, 48.896373135132933 ], [ 2.477648593376206, 48.896402587028994 ], [ 2.477651097262867, 48.896411321238901 ], [ 2.477462751321702, 48.896436849313353 ], [ 2.477462751329218, 48.896436849337555 ] ] ] } },
{ "type": "Feature", "properties": { "start_date": 1908, "construction_date.nb": 1, "historic.building": "yes" }, "geometry": { "type": "Polygon", "coordinates": [ [ [ 2.477319647247118, 48.895950238617061 ], [ 2.477326871128489, 48.895909981142999 ], [ 2.477342003935371, 48.895910676701355 ], [ 2.477344813768442, 48.895888925679515 ], [ 2.477336361313854, 48.895888529058603 ], [ 2.477341074210579, 48.895853836345033 ], [ 2.477414822369767, 48.895857935262484 ], [ 2.477411902443764, 48.895890657347167 ], [ 2.477476109778899, 48.89589408511366 ], [ 2.477473064302483, 48.895925727490145 ], [ 2.477478547020896, 48.895936633037152 ], [ 2.477477877805963, 48.895948950634235 ], [ 2.477464255349108, 48.895960851996136 ], [ 2.47746425529881, 48.895960851992989 ], [ 2.477319647247118, 48.895950238617061 ] ] ] } },
{ "type": "Feature", "properties": { "start_date": 1870, "construction_date.nb": 1, "historic.building": "yes" }, "geometry": { "type": "Polygon", "coordinates": [ [ [ 2.477827546938487, 48.89611308826511 ], [ 2.477829905347118, 48.896112811233465 ], [ 2.477829905347181, 48.896112811233706 ], [ 2.477829905343787, 48.896112811234111 ], [ 2.477827546938487, 48.89611308826511 ] ] ] } },
{ "type": "Feature", "properties": { "start_date": 1870, "construction_date.nb": 1, "historic.building": "yes" }, "geometry": { "type": "Polygon", "coordinates": [ [ [ 2.477829905347181, 48.896112811233706 ], [ 2.477851597839726, 48.89619384356309 ], [ 2.477751235379744, 48.896205007022942 ], [ 2.477728034683978, 48.896124777476828 ], [ 2.477827546938487, 48.89611308826511 ], [ 2.477829905343787, 48.896112811234111 ], [ 2.477829905347181, 48.896112811233706 ] ] ] } },
{ "type": "Feature", "properties": { "start_date": 2018, "construction_date.nb": 1, "historic.building": "yes" }, "geometry": { "type": "Polygon", "coordinates": [ [ [ 2.477861738158313, 48.896229950055037 ], [ 2.477883845312565, 48.896310444580386 ], [ 2.477784033617596, 48.89632107087148 ], [ 2.477762059371468, 48.896240936638947 ], [ 2.477861738158313, 48.896229950055037 ] ] ] } },
{ "type": "Feature", "properties": { "start_date": 1920, "construction_date.nb": 2, "historic.building": "yes" }, "geometry": { "type": "MultiPolygon", "coordinates": [ [ [ [ 2.477638386409613, 48.896373135132933 ], [ 2.477634250735888, 48.896359479553446 ], [ 2.47763838643347, 48.896373135140564 ], [ 2.477648593406367, 48.896402587040782 ], [ 2.477651097274085, 48.896411321261645 ], [ 2.477651097270212, 48.896411321262171 ], [ 2.477651097262867, 48.896411321238901 ], [ 2.477648593376206, 48.896402587028994 ], [ 2.477638386409613, 48.896373135132933 ] ] ], [ [ [ 2.477783741523865, 48.896363786735236 ], [ 2.477879894223189, 48.896350806306017 ], [ 2.477904473611957, 48.896429602923639 ], [ 2.477808182602475, 48.896442762634926 ], [ 2.477805279423489, 48.896433037466522 ], [ 2.477817981720821, 48.896431294229856 ], [ 2.477799892549204, 48.896371771083153 ], [ 2.477785965462972, 48.896373239161385 ], [ 2.477783741523865, 48.896363786735236 ] ] ] ] } },
{ "type": "Feature", "properties": { "start_date": 1920, "construction_date.nb": 2, "historic.building": "yes" }, "geometry": { "type": "Polygon", "coordinates": [ [ [ 2.479221571289683, 48.895656638593557 ], [ 2.47918290749648, 48.8956664407918 ], [ 2.479178351324588, 48.895658327185863 ], [ 2.479178351314155, 48.895658327166963 ], [ 2.479221623028315, 48.895647451045939 ], [ 2.479221571289683, 48.895656638593557 ] ] ] } },
{ "type": "Feature", "properties": { "start_date": 1900, "construction_date.nb": 2, "historic.building": "yes" }, "geometry": { "type": "MultiPolygon", "coordinates": [ [ [ [ 2.479222036177376, 48.895574085498872 ], [ 2.479136285399063, 48.89559582214229 ], [ 2.479136285391946, 48.895595822129025 ], [ 2.479222036177494, 48.895574085477762 ], [ 2.479222036177376, 48.895574085498872 ] ] ], [ [ [ 2.479221623028315, 48.895647451045939 ], [ 2.479178351314155, 48.895658327166963 ], [ 2.479173126615057, 48.89564886172991 ], [ 2.47921797878397, 48.895637365780139 ], [ 2.479193995359614, 48.895594274505122 ], [ 2.479221960806553, 48.895587469598674 ], [ 2.479221623028315, 48.895647451045939 ] ] ] ] } },
{ "type": "Feature", "properties": { "start_date": 1890, "construction_date.nb": 2, "historic.building": "yes" }, "geometry": { "type": "Polygon", "coordinates": [ [ [ 2.479222036177494, 48.895574085477762 ], [ 2.479136285391946, 48.895595822129025 ], [ 2.479129456455453, 48.895583112189705 ], [ 2.479167058409327, 48.895573743045752 ], [ 2.479139573090778, 48.895526229937573 ], [ 2.479209291494183, 48.895508506449666 ], [ 2.479222424277322, 48.895505167888793 ], [ 2.479222036177494, 48.895574085477762 ] ] ] } },
{ "type": "Feature", "properties": { "start_date": 1910, "construction_date.nb": 3, "historic.building": "yes" }, "geometry": { "type": "Polygon", "coordinates": [ [ [ 2.479222424277322, 48.895505167888793 ], [ 2.479209291494183, 48.895508506449666 ], [ 2.479139573090778, 48.895526229937573 ], [ 2.479139573088368, 48.895526229933395 ], [ 2.47911905940527, 48.89549079790887 ], [ 2.479074896517798, 48.895501577357479 ], [ 2.479067388374369, 48.895488594664052 ], [ 2.479067388365819, 48.895488594649429 ], [ 2.479211647636002, 48.89545217056358 ], [ 2.479211647647882, 48.895452170584299 ], [ 2.479222614365331, 48.8954714125679 ], [ 2.479222424277322, 48.895505167888793 ] ] ] } },
{ "type": "Feature", "properties": { "start_date": 1900, "construction_date.nb": 2, "historic.building": "yes" }, "geometry": { "type": "MultiPolygon", "coordinates": [ [ [ [ 2.47909816827208, 48.895411298046213 ], [ 2.479177471625632, 48.895391768242987 ], [ 2.479177471635473, 48.895391768260019 ], [ 2.479098168279055, 48.89541129805837 ], [ 2.47909816827208, 48.895411298046213 ] ] ], [ [ [ 2.479211647636002, 48.89545217056358 ], [ 2.479067388365819, 48.895488594649429 ], [ 2.479059476488386, 48.895475070616058 ], [ 2.479104194815652, 48.895463304309466 ], [ 2.479084365806567, 48.895427605438833 ], [ 2.479183898565753, 48.895403757000267 ], [ 2.479211647636002, 48.89545217056358 ] ] ] ] } },
{ "type": "Feature", "properties": { "start_date": 1910, "construction_date.nb": 2, "historic.building": "yes" }, "geometry": { "type": "MultiPolygon", "coordinates": [ [ [ [ 2.478985104804042, 48.895328879170791 ], [ 2.478985104815769, 48.895328879167856 ], [ 2.47898749413568, 48.895328272454762 ], [ 2.478985104804289, 48.895328879171238 ], [ 2.478985104804042, 48.895328879170791 ] ] ], [ [ [ 2.479121161608977, 48.895294308051085 ], [ 2.479177471625632, 48.895391768242987 ], [ 2.47909816827208, 48.895411298046213 ], [ 2.479083824090402, 48.895386324805969 ], [ 2.479104339737708, 48.895380658472206 ], [ 2.479091870773833, 48.895359110759919 ], [ 2.479062473758983, 48.895366357216709 ], [ 2.479050964920047, 48.895344274078646 ], [ 2.479060813593266, 48.895341439135152 ], [ 2.47905584377297, 48.895333773404481 ], [ 2.479039029490117, 48.895337567291421 ], [ 2.479027495471425, 48.895318002094839 ], [ 2.47902164116149, 48.895319565393748 ], [ 2.479027495451729, 48.895318002087173 ], [ 2.479102290738568, 48.895299172164883 ], [ 2.47910229077144, 48.89529917215642 ], [ 2.479102290775212, 48.895299172163 ], [ 2.479121161608977, 48.895294308051085 ] ] ] ] } },
{ "type": "Feature", "properties": { "start_date": 1910, "construction_date.nb": 1, "historic.building": "yes" }, "geometry": { "type": "Polygon", "coordinates": [ [ [ 2.47902164116149, 48.895319565393748 ], [ 2.479018879684488, 48.895320302801458 ], [ 2.47898749413568, 48.895328272454762 ], [ 2.478985104815769, 48.895328879167856 ], [ 2.478985104804042, 48.895328879170791 ], [ 2.478957775094017, 48.895279478141696 ], [ 2.478986770977958, 48.89527142058548 ], [ 2.478963047193518, 48.895229679355126 ], [ 2.479049192151225, 48.895207931133427 ], [ 2.479063426004381, 48.895230295910153 ], [ 2.47907928464826, 48.895226587812836 ], [ 2.479090134044126, 48.895246419775496 ], [ 2.479074541824149, 48.895250758580957 ], [ 2.47910229077144, 48.89529917215642 ], [ 2.479102290738568, 48.895299172164883 ], [ 2.479027495451729, 48.895318002087173 ], [ 2.47902164116149, 48.895319565393748 ] ] ] } },
{ "type": "Feature", "properties": { "start_date": 1900, "construction_date.nb": 2, "historic.building": "yes" }, "geometry": { "type": "MultiPolygon", "coordinates": [ [ [ [ 2.478906277760672, 48.89515092267083 ], [ 2.478906277761221, 48.895150922671775 ], [ 2.478906277751475, 48.895150922674276 ], [ 2.478883082542081, 48.895110892432108 ], [ 2.478883082552843, 48.895110892429244 ], [ 2.478906277760672, 48.89515092267083 ] ] ], [ [ [ 2.478663141788633, 48.895104899012701 ], [ 2.478781688528027, 48.895075468053449 ], [ 2.478821355792444, 48.895145876710998 ], [ 2.478730695707697, 48.895169044044152 ], [ 2.478745699981666, 48.895196178540324 ], [ 2.47871889979206, 48.895202896619047 ], [ 2.478663141788633, 48.895104899012701 ] ] ] ] } },
{ "type": "Feature", "properties": { "start_date": 1890, "construction_date.nb": 1, "historic.building": "yes" }, "geometry": { "type": "Polygon", "coordinates": [ [ [ 2.47700131601759, 48.896790691238657 ], [ 2.477001316021017, 48.896790691261259 ], [ 2.476930842623382, 48.896799916119186 ], [ 2.476930842623141, 48.896799916117821 ], [ 2.47700131601759, 48.896790691238657 ] ] ] } },
{ "type": "Feature", "properties": { "start_date": 2012, "construction_date.nb": 2, "historic.building": "yes" }, "geometry": { "type": "Polygon", "coordinates": [ [ [ 2.476756615164875, 48.896851836664169 ], [ 2.476750967449268, 48.896823861315887 ], [ 2.476878665449142, 48.89680724240278 ], [ 2.477002378263696, 48.896793573682551 ], [ 2.477008429956749, 48.89682930260809 ], [ 2.476884058659929, 48.896840630272969 ], [ 2.47691183352682, 48.896984519212694 ], [ 2.476756615164875, 48.896851836664169 ] ] ] } },
{ "type": "Feature", "properties": { "start_date": 1958, "construction_date.nb": 2, "historic.building": "yes" }, "geometry": { "type": "Polygon", "coordinates": [ [ [ 2.476756615164875, 48.896851836664169 ], [ 2.476750967449268, 48.896823861315887 ], [ 2.476878665449142, 48.89680724240278 ], [ 2.477002378263696, 48.896793573682551 ], [ 2.477008429956749, 48.89682930260809 ], [ 2.476884058659929, 48.896840630272969 ], [ 2.47691183352682, 48.896984519212694 ], [ 2.476756615164875, 48.896851836664169 ] ] ] } },
{ "type": "Feature", "properties": { "start_date": 1996, "construction_date.nb": 2, "historic.building": "yes" }, "geometry": { "type": "Polygon", "coordinates": [ [ [ 2.476756615164875, 48.896851836664169 ], [ 2.476750967449268, 48.896823861315887 ], [ 2.476878665449142, 48.89680724240278 ], [ 2.477002378263696, 48.896793573682551 ], [ 2.477008429956749, 48.89682930260809 ], [ 2.476884058659929, 48.896840630272969 ], [ 2.47691183352682, 48.896984519212694 ], [ 2.476756615164875, 48.896851836664169 ] ] ] } },
{ "type": "Feature", "properties": { "start_date": 1870, "construction_date.nb": 1, "historic.building": "yes" }, "geometry": { "type": "Polygon", "coordinates": [ [ [ 2.477464255349108, 48.895960851996136 ], [ 2.477464255326677, 48.895960852015754 ], [ 2.477319647244321, 48.895950238632629 ], [ 2.477319647247118, 48.895950238617061 ], [ 2.47746425529881, 48.895960851992989 ], [ 2.477464255349108, 48.895960851996136 ] ] ] } },
{ "type": "Feature", "properties": { "start_date": 1880, "construction_date.nb": 1, "historic.building": "yes" }, "geometry": { "type": "Polygon", "coordinates": [ [ [ 2.47757778506192, 48.895711455030899 ], [ 2.477661221011191, 48.895701361428202 ], [ 2.477670576137001, 48.895734137062135 ], [ 2.477719866338298, 48.895728956196827 ], [ 2.477741070668487, 48.895804230843503 ], [ 2.477646163582463, 48.895815507956861 ], [ 2.477626195902448, 48.89573933932428 ], [ 2.47758400598614, 48.895743741779988 ], [ 2.477578320370115, 48.895719221635368 ], [ 2.47757778506192, 48.895711455030899 ] ] ] } },
{ "type": "Feature", "properties": { "start_date": 1936, "construction_date.nb": 1, "historic.building": "yes" }, "geometry": { "type": "Polygon", "coordinates": [ [ [ 2.476703394761423, 48.892576441040617 ], [ 2.4767226, 48.892614799999983 ], [ 2.476647471602391, 48.89263043898147 ], [ 2.476655381545126, 48.892587790349879 ], [ 2.476703394761423, 48.892576441040617 ] ] ] } },
{ "type": "Feature", "properties": { "start_date": 1912, "construction_date.nb": 1, "historic.building": "yes" }, "geometry": { "type": "Polygon", "coordinates": [ [ [ 2.476935286166159, 48.8925593456417 ], [ 2.4768549, 48.8925768 ], [ 2.476839286954578, 48.892544318863166 ], [ 2.476899244666266, 48.892530146003843 ], [ 2.476935286166159, 48.8925593456417 ] ] ] } },
{ "type": "Feature", "properties": { "start_date": 1952, "construction_date.nb": 1, "historic.building": "yes" }, "geometry": { "type": "Polygon", "coordinates": [ [ [ 2.477529131526616, 48.893723619852167 ], [ 2.477502363537904, 48.893726594104173 ], [ 2.477455403698582, 48.893486183394685 ], [ 2.477453906119332, 48.893472327469475 ], [ 2.477456610177043, 48.893461097887069 ], [ 2.477467787103417, 48.893448196598257 ], [ 2.477481640179501, 48.893440433052639 ], [ 2.477492593144151, 48.893436254073286 ], [ 2.477511032717459, 48.893433546653526 ], [ 2.477535298764376, 48.893434641773666 ], [ 2.477561790389999, 48.893445009486221 ], [ 2.477572876257117, 48.893454770420242 ], [ 2.477580787449954, 48.893468294591422 ], [ 2.477620921650908, 48.893464692549138 ], [ 2.477661875058959, 48.893461004185106 ], [ 2.477672802484548, 48.893513751415348 ], [ 2.477662700308533, 48.893514696598771 ], [ 2.477633076477193, 48.893517445171547 ], [ 2.477669626354831, 48.89370798863051 ], [ 2.477608037515185, 48.893714852215091 ], [ 2.47760750005396, 48.893714912099561 ], [ 2.477529131526616, 48.893723619852167 ] ] ] } },
{ "type": "Feature", "properties": { "start_date": 2013, "construction_date.nb": 1, "historic.building": "yes" }, "geometry": { "type": "Polygon", "coordinates": [ [ [ 2.477529131526616, 48.893723619852167 ], [ 2.477502363537904, 48.893726594104173 ], [ 2.477455403698582, 48.893486183394685 ], [ 2.477453906119332, 48.893472327469475 ], [ 2.477456610177043, 48.893461097887069 ], [ 2.477467787103417, 48.893448196598257 ], [ 2.477481640179501, 48.893440433052639 ], [ 2.477492593144151, 48.893436254073286 ], [ 2.477511032717459, 48.893433546653526 ], [ 2.477535298764376, 48.893434641773666 ], [ 2.477561790389999, 48.893445009486221 ], [ 2.477572876257117, 48.893454770420242 ], [ 2.477580787449954, 48.893468294591422 ], [ 2.477620921650908, 48.893464692549138 ], [ 2.477661875058959, 48.893461004185106 ], [ 2.477672802484548, 48.893513751415348 ], [ 2.477662700308533, 48.893514696598771 ], [ 2.477633076477193, 48.893517445171547 ], [ 2.477669626354831, 48.89370798863051 ], [ 2.477608037515185, 48.893714852215091 ], [ 2.47760750005396, 48.893714912099561 ], [ 2.477529131526616, 48.893723619852167 ] ] ] } },
{ "type": "Feature", "properties": { "start_date": 1930, "construction_date.nb": 1, "historic.building": "yes" }, "geometry": { "type": "Polygon", "coordinates": [ [ [ 2.477607500056355, 48.89371491211044 ], [ 2.477529131526616, 48.893723619852167 ], [ 2.47760750005396, 48.893714912099561 ], [ 2.477607500056355, 48.89371491211044 ] ] ] } },
{ "type": "Feature", "properties": { "start_date": 1930, "construction_date.nb": 2, "historic.building": "yes" }, "geometry": { "type": "MultiPolygon", "coordinates": [ [ [ [ 2.47760750005396, 48.893714912099561 ], [ 2.477608037515185, 48.893714852215091 ], [ 2.477607500061345, 48.893714912109886 ], [ 2.477607500056355, 48.89371491211044 ], [ 2.47760750005396, 48.893714912099561 ] ] ], [ [ [ 2.477495129343783, 48.893890237010567 ], [ 2.477483346617306, 48.893827593619875 ], [ 2.47757193048989, 48.893820875546986 ], [ 2.477581982196727, 48.893824966300777 ], [ 2.477584627755419, 48.89383316156372 ], [ 2.477707267488457, 48.893816969336591 ], [ 2.477734041071387, 48.89389442677939 ], [ 2.477559889038198, 48.893919926995636 ], [ 2.477495129343783, 48.893890237010567 ] ] ] ] } },
{ "type": "Feature", "properties": { "start_date": 1930, "construction_date.nb": 1, "historic.building": "yes" }, "geometry": { "type": "Polygon", "coordinates": [ [ [ 2.4772248, 48.89302619999998 ], [ 2.4772, 48.8930892 ], [ 2.4771132, 48.893075599999968 ], [ 2.4771362, 48.893013099999962 ], [ 2.4772248, 48.89302619999998 ] ] ] } }
]
}
