{
"type": "FeatureCollection",
"name": "9_bat",
"crs": { "type": "name", "properties": { "name": "urn:ogc:def:crs:OGC:1.3:CRS84" } },
"features": [
{ "type": "Feature", "properties": { "start_date": 1910, "construction_date.nb": 1, "historic.building": "yes" }, "geometry": { "type": "Polygon", "coordinates": [ [ [ 2.479317401047548, 48.893578114424685 ], [ 2.47934704437175, 48.893574191583532 ], [ 2.479353661812245, 48.89356711582905 ], [ 2.479346470092772, 48.893536148263962 ], [ 2.479335685142432, 48.893537180570043 ], [ 2.479328983222419, 48.893511790847271 ], [ 2.479302086287746, 48.893514641639094 ], [ 2.47930441970757, 48.893526792461188 ], [ 2.479289778975838, 48.893528643151924 ], [ 2.479277324976376, 48.893506337940536 ], [ 2.479308069387101, 48.893502796760203 ], [ 2.479397004768516, 48.893491810052822 ], [ 2.479425508217244, 48.893488288843599 ], [ 2.479433745017749, 48.893487398382433 ], [ 2.479453498024486, 48.893485262937673 ], [ 2.479476169350192, 48.893567626795878 ], [ 2.479322529193407, 48.893587298948837 ], [ 2.479317401047548, 48.893578114424685 ] ] ] } },
{ "type": "Feature", "properties": { "start_date": 1910, "construction_date.nb": 2, "historic.building": "yes" }, "geometry": { "type": "MultiPolygon", "coordinates": [ [ [ [ 2.479405888049535, 48.893445396375945 ], [ 2.479405888052366, 48.893445396375526 ], [ 2.479405888054851, 48.89344539638487 ], [ 2.479319863972711, 48.893455364465986 ], [ 2.479319863966413, 48.893455364442225 ], [ 2.479405888049535, 48.893445396375945 ] ] ], [ [ [ 2.479433745017749, 48.893487398382433 ], [ 2.479425508217244, 48.893488288843599 ], [ 2.479397004768516, 48.893491810052822 ], [ 2.479425508239158, 48.893488288837567 ], [ 2.479433745017749, 48.893487398382433 ] ] ] ] } },
{ "type": "Feature", "properties": { "start_date": 1925, "construction_date.nb": 1, "historic.building": "yes" }, "geometry": { "type": "Polygon", "coordinates": [ [ [ 2.479319863966413, 48.893455364442225 ], [ 2.479298967061344, 48.893376493990047 ], [ 2.479384725440469, 48.893365805338163 ], [ 2.479405888052366, 48.893445396375526 ], [ 2.479405888049535, 48.893445396375945 ], [ 2.479319863966413, 48.893455364442225 ] ] ] } },
{ "type": "Feature", "properties": { "start_date": 1940, "construction_date.nb": 1, "historic.building": "yes" }, "geometry": { "type": "Polygon", "coordinates": [ [ [ 2.479237930405335, 48.89322448197737 ], [ 2.479345759633478, 48.893211673973141 ], [ 2.479351558063045, 48.893231933671977 ], [ 2.479344047201205, 48.893232890263462 ], [ 2.479360811593542, 48.893302210036772 ], [ 2.479245693457696, 48.893316548122449 ], [ 2.479220134021383, 48.893226595833376 ], [ 2.479237930405335, 48.89322448197737 ] ] ] } },
{ "type": "Feature", "properties": { "start_date": 1934, "construction_date.nb": 1, "historic.building": "yes" }, "geometry": { "type": "Polygon", "coordinates": [ [ [ 2.479220134021383, 48.893226595833376 ], [ 2.479220134020426, 48.893226595830008 ], [ 2.479237930405335, 48.89322448197737 ], [ 2.479220134021383, 48.893226595833376 ] ] ] } },
{ "type": "Feature", "properties": { "start_date": 1924, "construction_date.nb": 1, "historic.building": "yes" }, "geometry": { "type": "Polygon", "coordinates": [ [ [ 2.479287897951944, 48.893024095954218 ], [ 2.47930748572245, 48.893097474965018 ], [ 2.47920179724677, 48.89310996543184 ], [ 2.479182074109732, 48.893036495899281 ], [ 2.479287897951944, 48.893024095954218 ] ] ] } },
{ "type": "Feature", "properties": { "start_date": 1924, "construction_date.nb": 3, "historic.building": "yes" }, "geometry": { "type": "MultiPolygon", "coordinates": [ [ [ [ 2.479109043380062, 48.892756582494449 ], [ 2.479203402636834, 48.892744942136822 ], [ 2.479203402636917, 48.892744942137121 ], [ 2.479217604177943, 48.892743205270499 ], [ 2.479223926451377, 48.892765625624229 ], [ 2.479209588547099, 48.892767361898564 ], [ 2.479218927030391, 48.892801846103417 ], [ 2.479125385073972, 48.892813579980164 ], [ 2.479109043379205, 48.89275658249651 ], [ 2.479091430577926, 48.892758484377758 ], [ 2.479091430573759, 48.89275848436084 ], [ 2.479109043380062, 48.892756582494449 ] ] ], [ [ [ 2.479133484181177, 48.892890146552695 ], [ 2.479118884876701, 48.892836214346076 ], [ 2.47921924589481, 48.892824510130033 ], [ 2.479233575282945, 48.89287817136848 ], [ 2.479133484181177, 48.892890146552695 ] ] ] ] } },
{ "type": "Feature", "properties": { "start_date": 1927, "construction_date.nb": 1, "historic.building": "yes" }, "geometry": { "type": "Polygon", "coordinates": [ [ [ 2.479091430573759, 48.89275848436084 ], [ 2.479072819436899, 48.892682951228167 ], [ 2.4790554829728, 48.892684494573594 ], [ 2.479049920951184, 48.892654253519439 ], [ 2.479157387841101, 48.892641141371115 ], [ 2.479164724625404, 48.892671210273114 ], [ 2.479182346441496, 48.89266840912294 ], [ 2.479203402636834, 48.892744942136822 ], [ 2.479109043380062, 48.892756582494449 ], [ 2.479091430573759, 48.89275848436084 ] ] ] } },
{ "type": "Feature", "properties": { "start_date": 1934, "construction_date.nb": 1, "historic.building": "yes" }, "geometry": { "type": "Polygon", "coordinates": [ [ [ 2.480090295807073, 48.890786478895699 ], [ 2.4801221, 48.8907823 ], [ 2.480122103415496, 48.890782313965595 ], [ 2.480122056601784, 48.890782318969862 ], [ 2.480090295807073, 48.890786478895699 ] ] ] } },
{ "type": "Feature", "properties": { "start_date": 1930, "construction_date.nb": 1, "historic.building": "yes" }, "geometry": { "type": "Polygon", "coordinates": [ [ [ 2.480122103415496, 48.890782313965595 ], [ 2.4801311, 48.8908191 ], [ 2.4801446, 48.8908182 ], [ 2.4801508, 48.8908413 ], [ 2.4801304, 48.8908442 ], [ 2.4801369, 48.890867799999967 ], [ 2.4800659, 48.890877399999987 ], [ 2.4800585, 48.8908527 ], [ 2.480039, 48.890855099999968 ], [ 2.4800224, 48.8907954 ], [ 2.480090295807073, 48.890786478895699 ], [ 2.480122056601784, 48.890782318969862 ], [ 2.480122103415496, 48.890782313965595 ] ] ] } },
{ "type": "Feature", "properties": { "start_date": 1920, "construction_date.nb": 1, "historic.building": "yes" }, "geometry": { "type": "Polygon", "coordinates": [ [ [ 2.480385012697168, 48.891354597636038 ], [ 2.4805268, 48.891328199999982 ], [ 2.4805536, 48.8913832 ], [ 2.4803966, 48.891412100000018 ], [ 2.48038888577237, 48.891373861386242 ], [ 2.480385015858626, 48.891354613563635 ], [ 2.480385012697168, 48.891354597636038 ] ] ] } },
{ "type": "Feature", "properties": { "start_date": 1936, "construction_date.nb": 1, "historic.building": "yes" }, "geometry": { "type": "Polygon", "coordinates": [ [ [ 2.4815723, 48.891342699999988 ], [ 2.4816418, 48.8913297 ], [ 2.481677, 48.891407400000013 ], [ 2.481643, 48.891414299999973 ], [ 2.4816375, 48.891401099999968 ], [ 2.4816009, 48.891407699999988 ], [ 2.4815723, 48.891342699999988 ] ] ] } },
{ "type": "Feature", "properties": { "start_date": 1970, "construction_date.nb": 1, "historic.building": "yes" }, "geometry": { "type": "Polygon", "coordinates": [ [ [ 2.482273986272213, 48.891430078055571 ], [ 2.482267946687683, 48.891419695791576 ], [ 2.482239245857389, 48.891370918926775 ], [ 2.48223924585867, 48.891370918926491 ], [ 2.482267946696837, 48.89141969579228 ], [ 2.482273986272213, 48.891430078055571 ] ] ] } },
{ "type": "Feature", "properties": { "start_date": 1932, "construction_date.nb": 1, "historic.building": "yes" }, "geometry": { "type": "Polygon", "coordinates": [ [ [ 2.482464924931347, 48.891635033152149 ], [ 2.482480679591312, 48.89166909521068 ], [ 2.482381059304647, 48.891688899145606 ], [ 2.482355566415886, 48.891632941701843 ], [ 2.482449722555575, 48.891614013469436 ], [ 2.482459459092036, 48.891636088693573 ], [ 2.482464924931347, 48.891635033152149 ] ] ] } },
{ "type": "Feature", "properties": { "start_date": 1915, "construction_date.nb": 1, "historic.building": "yes" }, "geometry": { "type": "Polygon", "coordinates": [ [ [ 2.482840315229737, 48.892647486120225 ], [ 2.482825665416241, 48.892650385216982 ], [ 2.482825665412661, 48.892650385217699 ], [ 2.48279257570397, 48.892576498824447 ], [ 2.482770441993833, 48.8925804501309 ], [ 2.482752395189201, 48.892543680281797 ], [ 2.482752395195373, 48.892543680280625 ], [ 2.482835889329734, 48.892527313715007 ], [ 2.482835889333443, 48.892527313714254 ], [ 2.482852193607273, 48.892561018363935 ], [ 2.482890865856597, 48.89255345128808 ], [ 2.482909408151622, 48.892595049284317 ], [ 2.482840315229737, 48.892647486120225 ] ] ] } },
{ "type": "Feature", "properties": { "start_date": 1910, "construction_date.nb": 1, "historic.building": "yes" }, "geometry": { "type": "Polygon", "coordinates": [ [ [ 2.482840315203786, 48.892647486139921 ], [ 2.482825665419409, 48.892650385232763 ], [ 2.482825665412661, 48.892650385217699 ], [ 2.482825665416241, 48.892650385216982 ], [ 2.482840315229737, 48.892647486120225 ], [ 2.482840315203786, 48.892647486139921 ] ] ] } },
{ "type": "Feature", "properties": { "start_date": 1913, "construction_date.nb": 1, "historic.building": "yes" }, "geometry": { "type": "Polygon", "coordinates": [ [ [ 2.480613243328759, 48.892454834391174 ], [ 2.480559566171833, 48.89246386232459 ], [ 2.480527734157547, 48.892469299960766 ], [ 2.480500743622243, 48.892399576208078 ], [ 2.480587630625753, 48.89238493459829 ], [ 2.480594674855943, 48.892403401059298 ], [ 2.480606149558418, 48.892401562250193 ], [ 2.480602966140768, 48.892392555330673 ], [ 2.480679325039777, 48.892380565950511 ], [ 2.480683573465285, 48.892392185497293 ], [ 2.48069845866623, 48.89243128015508 ], [ 2.480699476350532, 48.892434102952045 ], [ 2.480701511093455, 48.89243974690249 ], [ 2.480683344828168, 48.892442455986618 ], [ 2.480613255707181, 48.892454832297105 ], [ 2.480613243328759, 48.892454834391174 ] ] ] } },
{ "type": "Feature", "properties": { "start_date": 1992, "construction_date.nb": 1, "historic.building": "yes" }, "geometry": { "type": "Polygon", "coordinates": [ [ [ 2.480701511124563, 48.892439746895811 ], [ 2.480701511127771, 48.892439746904699 ], [ 2.480683344837591, 48.892442456001056 ], [ 2.480675829629174, 48.892443862306074 ], [ 2.480613255701849, 48.892454832310158 ], [ 2.480613243328759, 48.892454834391174 ], [ 2.480613255707181, 48.892454832297105 ], [ 2.480683344828168, 48.892442455986618 ], [ 2.480701511093455, 48.89243974690249 ], [ 2.480701511124563, 48.892439746895811 ] ] ] } },
{ "type": "Feature", "properties": { "start_date": 1985, "construction_date.nb": 1, "historic.building": "yes" }, "geometry": { "type": "Polygon", "coordinates": [ [ [ 2.480791169179239, 48.893008859890045 ], [ 2.480753079912881, 48.892916875139903 ], [ 2.480810728514561, 48.892907502438753 ], [ 2.480828023083392, 48.892951194010848 ], [ 2.480939627271057, 48.892933511733339 ], [ 2.48095771246385, 48.892979994538706 ], [ 2.480957712431144, 48.892979994544255 ], [ 2.480913718911359, 48.892987717785964 ], [ 2.480804287752322, 48.893006308767021 ], [ 2.48079116918119, 48.893008859889726 ], [ 2.480791169179239, 48.893008859890045 ] ] ] } },
{ "type": "Feature", "properties": { "start_date": 2012, "construction_date.nb": 1, "historic.building": "yes" }, "geometry": { "type": "Polygon", "coordinates": [ [ [ 2.480913718911359, 48.892987717785964 ], [ 2.480913718919348, 48.892987717806967 ], [ 2.480804287744949, 48.893006308775888 ], [ 2.480791169186222, 48.893008859906907 ], [ 2.480791169179239, 48.893008859890045 ], [ 2.48079116918119, 48.893008859889726 ], [ 2.480804287752322, 48.893006308767021 ], [ 2.480913718911359, 48.892987717785964 ] ] ] } },
{ "type": "Feature", "properties": { "start_date": 1928, "construction_date.nb": 2, "historic.building": "yes" }, "geometry": { "type": "MultiPolygon", "coordinates": [ [ [ [ 2.480438360001031, 48.892965511721044 ], [ 2.480541360636086, 48.89294896160019 ], [ 2.480541360639203, 48.892948961608127 ], [ 2.480438360004427, 48.892965511729955 ], [ 2.480438360001031, 48.892965511721044 ] ] ], [ [ [ 2.480403944589879, 48.893110318346814 ], [ 2.480384374342138, 48.893113483884285 ], [ 2.480384251446003, 48.893112134405882 ], [ 2.480377637015187, 48.893091601399242 ], [ 2.480434738545956, 48.89308240640603 ], [ 2.480400132008658, 48.892996821738905 ], [ 2.480498237408294, 48.89297881151785 ], [ 2.480516173309051, 48.893026552785976 ], [ 2.480524642370605, 48.893025240579554 ], [ 2.480547893560917, 48.893087034122118 ], [ 2.480403944589879, 48.893110318346814 ] ] ] ] } },
{ "type": "Feature", "properties": { "start_date": 1914, "construction_date.nb": 1, "historic.building": "yes" }, "geometry": { "type": "Polygon", "coordinates": [ [ [ 2.480438360001031, 48.892965511721044 ], [ 2.480416696193477, 48.892908671248435 ], [ 2.480518750152181, 48.892891307629299 ], [ 2.480538226984767, 48.892940971166006 ], [ 2.480541360636086, 48.89294896160019 ], [ 2.480438360001031, 48.892965511721044 ] ] ] } },
{ "type": "Feature", "properties": { "start_date": 1914, "construction_date.nb": 2, "historic.building": "yes" }, "geometry": { "type": "Polygon", "coordinates": [ [ [ 2.480100938854091, 48.89215970344339 ], [ 2.480193837933145, 48.892143919134071 ], [ 2.480193837939616, 48.892143919155792 ], [ 2.480195409880257, 48.892150400998112 ], [ 2.480199914836964, 48.892149970904363 ], [ 2.480211371387606, 48.892177269758648 ], [ 2.480206866376265, 48.892177699886915 ], [ 2.480224860984373, 48.89221950603725 ], [ 2.480206282933022, 48.892222483056685 ], [ 2.480216640367066, 48.892250586519182 ], [ 2.480119104218364, 48.892266350708987 ], [ 2.480106230131294, 48.892230772011388 ], [ 2.480127812133727, 48.892227448350305 ], [ 2.48011782615953, 48.892203123583329 ], [ 2.48010093886048, 48.892159703460088 ], [ 2.480100938854091, 48.89215970344339 ] ] ] } },
{ "type": "Feature", "properties": { "start_date": 1913, "construction_date.nb": 1, "historic.building": "yes" }, "geometry": { "type": "Polygon", "coordinates": [ [ [ 2.480100938854091, 48.89215970344339 ], [ 2.480074089902807, 48.89208953051984 ], [ 2.480166858794135, 48.892073116155437 ], [ 2.48018200460796, 48.892113381102369 ], [ 2.480185418560336, 48.892112946273123 ], [ 2.480195804690373, 48.892138172071149 ], [ 2.480192254380374, 48.892138606343053 ], [ 2.480193837933145, 48.892143919134071 ], [ 2.480100938854091, 48.89215970344339 ] ] ] } },
{ "type": "Feature", "properties": { "start_date": 1928, "construction_date.nb": 2, "historic.building": "yes" }, "geometry": { "type": "MultiPolygon", "coordinates": [ [ [ [ 2.480416121374451, 48.8931986064906 ], [ 2.480417542167268, 48.893202517187362 ], [ 2.480416121369321, 48.893198606491474 ], [ 2.480416121374451, 48.8931986064906 ] ] ], [ [ [ 2.480209303611894, 48.893176755038368 ], [ 2.480311226332813, 48.893158941373052 ], [ 2.480337450758947, 48.89322344581182 ], [ 2.480235789969177, 48.893242339798775 ], [ 2.480209303611894, 48.893176755038368 ] ] ] ] } },
{ "type": "Feature", "properties": { "start_date": 1927, "construction_date.nb": 1, "historic.building": "yes" }, "geometry": { "type": "Polygon", "coordinates": [ [ [ 2.479888366640899, 48.892905478380996 ], [ 2.479888366642415, 48.892905478385437 ], [ 2.479769519623205, 48.892924567116047 ], [ 2.479735915183197, 48.8929299069245 ], [ 2.479735915178985, 48.892929906911995 ], [ 2.479769519634727, 48.892924567108508 ], [ 2.479888366640899, 48.892905478380996 ] ] ] } },
{ "type": "Feature", "properties": { "start_date": 1909, "construction_date.nb": 1, "historic.building": "yes" }, "geometry": { "type": "Polygon", "coordinates": [ [ [ 2.479735193682559, 48.892927990155961 ], [ 2.479729405088126, 48.892912611855728 ], [ 2.479722521767711, 48.892891717941403 ], [ 2.479745060473546, 48.892888218640209 ], [ 2.479768694790922, 48.892884274411635 ], [ 2.479755532747514, 48.892850223291362 ], [ 2.479754732417228, 48.892848421185825 ], [ 2.479775083678366, 48.892845451940303 ], [ 2.479774688031542, 48.892844101241501 ], [ 2.479812933844424, 48.892838331934719 ], [ 2.479804158254288, 48.892815721125515 ], [ 2.479854840707106, 48.892807397819837 ], [ 2.479860433900574, 48.892820911777747 ], [ 2.479862482322397, 48.892820650892865 ], [ 2.479888001723351, 48.89288740066791 ], [ 2.479882535700127, 48.892888456090553 ], [ 2.479888366640899, 48.892905478380996 ], [ 2.479769519634727, 48.892924567108508 ], [ 2.479735915178985, 48.892929906911995 ], [ 2.479735193682559, 48.892927990155961 ] ] ] } },
{ "type": "Feature", "properties": { "start_date": 1930, "construction_date.nb": 1, "historic.building": "yes" }, "geometry": { "type": "Polygon", "coordinates": [ [ [ 2.479367326288349, 48.892459763931676 ], [ 2.479367326286876, 48.892459763926375 ], [ 2.479388850575457, 48.892457072698342 ], [ 2.479367326288349, 48.892459763931676 ] ] ] } },
{ "type": "Feature", "properties": { "start_date": 1935, "construction_date.nb": 1, "historic.building": "yes" }, "geometry": { "type": "Polygon", "coordinates": [ [ [ 2.479388850575457, 48.892457072698342 ], [ 2.479452127591182, 48.89244916101309 ], [ 2.47947806667049, 48.892446575840452 ], [ 2.479497936247232, 48.892519056751674 ], [ 2.47938746758081, 48.892532335987404 ], [ 2.479367326288349, 48.892459763931676 ], [ 2.479388850575457, 48.892457072698342 ] ] ] } },
{ "type": "Feature", "properties": { "start_date": 1925, "construction_date.nb": 1, "historic.building": "yes" }, "geometry": { "type": "Polygon", "coordinates": [ [ [ 2.47952671363863, 48.892938118320984 ], [ 2.4795834, 48.892931100000013 ], [ 2.479583409213085, 48.892931134515422 ], [ 2.47952671363863, 48.892938118320984 ] ] ] } },
{ "type": "Feature", "properties": { "start_date": 1930, "construction_date.nb": 2, "historic.building": "yes" }, "geometry": { "type": "MultiPolygon", "coordinates": [ [ [ [ 2.479735193682559, 48.892927990155961 ], [ 2.479735915178985, 48.892929906911995 ], [ 2.479735915183197, 48.8929299069245 ], [ 2.479735915179895, 48.892929906925048 ], [ 2.479735193682559, 48.892927990155961 ] ] ], [ [ [ 2.47952671363863, 48.892938118320984 ], [ 2.479583409213085, 48.892931134515422 ], [ 2.4796039, 48.893007899999972 ], [ 2.4795109, 48.8930212 ], [ 2.4794889, 48.892942799999986 ], [ 2.47952671363863, 48.892938118320984 ] ] ] ] } },
{ "type": "Feature", "properties": { "start_date": 1924, "construction_date.nb": 1, "historic.building": "yes" }, "geometry": { "type": "Polygon", "coordinates": [ [ [ 2.479634227308087, 48.893033425429152 ], [ 2.479652965160429, 48.893096368650625 ], [ 2.479545221143577, 48.893109839735544 ], [ 2.479527833721699, 48.893048251312365 ], [ 2.479634227308087, 48.893033425429152 ] ] ] } },
{ "type": "Feature", "properties": { "start_date": 1922, "construction_date.nb": 1, "historic.building": "yes" }, "geometry": { "type": "Polygon", "coordinates": [ [ [ 2.479725494830025, 48.893331224003994 ], [ 2.479731020650871, 48.893351482497202 ], [ 2.479605370542602, 48.893368832793264 ], [ 2.479583799208967, 48.893302819609204 ], [ 2.479595135936761, 48.8933011601641 ], [ 2.479583668044965, 48.893261360818137 ], [ 2.479683363158275, 48.893248124509164 ], [ 2.479695227722333, 48.893289184632827 ], [ 2.479686078444655, 48.893290313958879 ], [ 2.479695327708965, 48.893320121336295 ], [ 2.479707616408253, 48.893318735833184 ], [ 2.479711569509893, 48.893332602398281 ], [ 2.479725494830025, 48.893331224003994 ] ] ] } },
{ "type": "Feature", "properties": { "start_date": 1930, "construction_date.nb": 1, "historic.building": "yes" }, "geometry": { "type": "Polygon", "coordinates": [ [ [ 2.479603194293317, 48.893460504090974 ], [ 2.4796154, 48.893458599999988 ], [ 2.4796569, 48.893453299999962 ], [ 2.479656906196218, 48.89345332122204 ], [ 2.47965689904539, 48.893453322089051 ], [ 2.479615384077649, 48.893458627484719 ], [ 2.479603194293317, 48.893460504090974 ] ] ] } },
{ "type": "Feature", "properties": { "start_date": 1920, "construction_date.nb": 1, "historic.building": "yes" }, "geometry": { "type": "Polygon", "coordinates": [ [ [ 2.479771227529736, 48.893528227913919 ], [ 2.479765301312561, 48.893510539552061 ], [ 2.479765292414074, 48.893510500969697 ], [ 2.4797653, 48.8935105 ], [ 2.479771238208816, 48.893528226348678 ], [ 2.479771227529736, 48.893528227913919 ] ] ] } },
{ "type": "Feature", "properties": { "start_date": 1948, "construction_date.nb": 1, "historic.building": "yes" }, "geometry": { "type": "Polygon", "coordinates": [ [ [ 2.479614604554325, 48.893549901303636 ], [ 2.4795904, 48.8934625 ], [ 2.479603194293317, 48.893460504090974 ], [ 2.479615384077649, 48.893458627484719 ], [ 2.47965689904539, 48.893453322089051 ], [ 2.479656906196218, 48.89345332122204 ], [ 2.4796769, 48.893521799999959 ], [ 2.479765292414074, 48.893510500969697 ], [ 2.479765301312561, 48.893510539552061 ], [ 2.479771227529736, 48.893528227913919 ], [ 2.479683850234633, 48.893541034895456 ], [ 2.479614604554325, 48.893549901303636 ] ] ] } },
{ "type": "Feature", "properties": { "start_date": 1930, "construction_date.nb": 2, "historic.building": "yes" }, "geometry": { "type": "MultiPolygon", "coordinates": [ [ [ [ 2.482336181378806, 48.891333027330049 ], [ 2.482336181387729, 48.891333027349212 ], [ 2.482257452340651, 48.891350403395762 ], [ 2.482245318392317, 48.891322562226449 ], [ 2.482324171252845, 48.891306445716431 ], [ 2.482324858342287, 48.891307966427391 ], [ 2.482336181378806, 48.891333027330049 ] ] ], [ [ [ 2.482267946696837, 48.89141969579228 ], [ 2.48223924585867, 48.891370918926491 ], [ 2.482327258402582, 48.891352593774016 ], [ 2.482362807724023, 48.891425861482098 ], [ 2.48228095349428, 48.891442054956364 ], [ 2.482273986272213, 48.891430078055571 ], [ 2.482267946696837, 48.89141969579228 ] ] ] ] } },
{ "type": "Feature", "properties": { "start_date": 1910, "construction_date.nb": 1, "historic.building": "yes" }, "geometry": { "type": "Polygon", "coordinates": [ [ [ 2.4826541, 48.8923346 ], [ 2.4827455, 48.8923176 ], [ 2.4827548, 48.892339 ], [ 2.4827655, 48.89233669999998 ], [ 2.4827799, 48.892371300000015 ], [ 2.4826793, 48.892391399999958 ], [ 2.4826541, 48.8923346 ] ] ] } },
{ "type": "Feature", "properties": { "start_date": 1979, "construction_date.nb": 1, "historic.building": "yes" }, "geometry": { "type": "Polygon", "coordinates": [ [ [ 2.48095771246385, 48.892979994538706 ], [ 2.480957712469554, 48.892979994553343 ], [ 2.480913718933229, 48.892987717804601 ], [ 2.480913718919348, 48.892987717806967 ], [ 2.480913718911359, 48.892987717785964 ], [ 2.480957712431144, 48.892979994544255 ], [ 2.48095771246385, 48.892979994538706 ] ] ] } },
{ "type": "Feature", "properties": { "start_date": 1930, "construction_date.nb": 1, "historic.building": "yes" }, "geometry": { "type": "Polygon", "coordinates": [ [ [ 2.48038888577237, 48.891373861386242 ], [ 2.480385, 48.891354599999964 ], [ 2.480385012697168, 48.891354597636038 ], [ 2.480385015858626, 48.891354613563635 ], [ 2.48038888577237, 48.891373861386242 ] ] ] } },
{ "type": "Feature", "properties": { "start_date": 1924, "construction_date.nb": 1, "historic.building": "yes" }, "geometry": { "type": "Polygon", "coordinates": [ [ [ 2.482057942038658, 48.893193035974058 ], [ 2.4820479, 48.893166800000017 ], [ 2.4821483, 48.8931495 ], [ 2.4821467, 48.893143699999968 ], [ 2.482197022849955, 48.893135694092635 ], [ 2.482136672437428, 48.893181494603652 ], [ 2.482057942038658, 48.893193035974058 ] ] ] } },
{ "type": "Feature", "properties": { "start_date": 1910, "construction_date.nb": 2, "historic.building": "yes" }, "geometry": { "type": "MultiPolygon", "coordinates": [ [ [ [ 2.482692051533394, 48.892453758337354 ], [ 2.482809167230147, 48.892430252590927 ], [ 2.482847343741561, 48.892513783597046 ], [ 2.482731183421536, 48.892537203556266 ], [ 2.482692051533394, 48.892453758337354 ] ] ], [ [ [ 2.482752395195373, 48.892543680280625 ], [ 2.482752395189201, 48.892543680281797 ], [ 2.482752395188299, 48.892543680279971 ], [ 2.482835889330835, 48.892527313708861 ], [ 2.482835889333443, 48.892527313714254 ], [ 2.482835889329734, 48.892527313715007 ], [ 2.482752395195373, 48.892543680280625 ] ] ] ] } },
{ "type": "Feature", "properties": { "start_date": 1920, "construction_date.nb": 1, "historic.building": "yes" }, "geometry": { "type": "Polygon", "coordinates": [ [ [ 2.480425546026937, 48.893224547515338 ], [ 2.480417542167268, 48.893202517187362 ], [ 2.480416121374451, 48.8931986064906 ], [ 2.480516262117823, 48.893181684251466 ], [ 2.480521959628662, 48.893198436135989 ], [ 2.480521959607124, 48.893198436139834 ], [ 2.480523614586349, 48.893203504024555 ], [ 2.480524871154956, 48.893207351947204 ], [ 2.480425546026937, 48.893224547515338 ] ] ] } },
{ "type": "Feature", "properties": { "start_date": 1920, "construction_date.nb": 1, "historic.building": "yes" }, "geometry": { "type": "Polygon", "coordinates": [ [ [ 2.482334319467423, 48.890476593397345 ], [ 2.482331, 48.890467199999975 ], [ 2.482331000920183, 48.890467199864844 ], [ 2.482331014675993, 48.890467237061216 ], [ 2.482334319467423, 48.890476593397345 ] ] ] } },
{ "type": "Feature", "properties": { "start_date": 1925, "construction_date.nb": 1, "historic.building": "yes" }, "geometry": { "type": "Polygon", "coordinates": [ [ [ 2.482774906473812, 48.891548267112221 ], [ 2.482646097867736, 48.89157448294997 ], [ 2.482646092539569, 48.891574484033264 ], [ 2.482614, 48.891505799999983 ], [ 2.482750284957217, 48.891478899051577 ], [ 2.482774906473812, 48.891548267112221 ] ] ] } },
{ "type": "Feature", "properties": { "start_date": 1924, "construction_date.nb": 1, "historic.building": "yes" }, "geometry": { "type": "Polygon", "coordinates": [ [ [ 2.482774908098771, 48.891548271690333 ], [ 2.4826461, 48.891574499999955 ], [ 2.482646092539569, 48.891574484033264 ], [ 2.482646097867736, 48.89157448294997 ], [ 2.482774906473812, 48.891548267112221 ], [ 2.482774908098771, 48.891548271690333 ] ] ] } },
{ "type": "Feature", "properties": { "start_date": 1912, "construction_date.nb": 1, "historic.building": "yes" }, "geometry": { "type": "Polygon", "coordinates": [ [ [ 2.482995291036022, 48.892169164399704 ], [ 2.482925497281264, 48.892183714193308 ], [ 2.482892785632417, 48.892112977022983 ], [ 2.482902494398633, 48.892110410937022 ], [ 2.482895931504299, 48.892098331824748 ], [ 2.482964664782931, 48.892085049028339 ], [ 2.482969022647997, 48.892095158364782 ], [ 2.482995291036022, 48.892169164399704 ] ] ] } },
{ "type": "Feature", "properties": { "start_date": 1910, "construction_date.nb": 1, "historic.building": "yes" }, "geometry": { "type": "Polygon", "coordinates": [ [ [ 2.483044513842268, 48.892307839403138 ], [ 2.482988292727654, 48.892318784911879 ], [ 2.4829428, 48.8922244 ], [ 2.483009989817894, 48.8922105752386 ], [ 2.483044513842268, 48.892307839403138 ] ] ] } },
{ "type": "Feature", "properties": { "start_date": 1914, "construction_date.nb": 2, "historic.building": "yes" }, "geometry": { "type": "MultiPolygon", "coordinates": [ [ [ [ 2.483044519565335, 48.892307855526631 ], [ 2.4829883, 48.89231879999997 ], [ 2.482988292727654, 48.892318784911879 ], [ 2.483044513842268, 48.892307839403138 ], [ 2.483044519565335, 48.892307855526631 ] ] ], [ [ [ 2.483075160040525, 48.892394178283922 ], [ 2.483025871871747, 48.892403939220856 ], [ 2.482995436400187, 48.892337438659197 ], [ 2.483051124551031, 48.892326463637872 ], [ 2.483075160040525, 48.892394178283922 ] ] ] ] } },
{ "type": "Feature", "properties": { "start_date": 1890, "construction_date.nb": 1, "historic.building": "yes" }, "geometry": { "type": "Polygon", "coordinates": [ [ [ 2.483060894390876, 48.892480080986076 ], [ 2.483042967741915, 48.892440345196896 ], [ 2.483088432261383, 48.892431569733645 ], [ 2.483096153208123, 48.892453321710512 ], [ 2.483060894390876, 48.892480080986076 ] ] ] } },
{ "type": "Feature", "properties": { "start_date": 1928, "construction_date.nb": 1, "historic.building": "yes" }, "geometry": { "type": "Polygon", "coordinates": [ [ [ 2.482399574274607, 48.890490793856181 ], [ 2.482411584763614, 48.890524633313731 ], [ 2.4823545, 48.890533700000013 ], [ 2.482334319467423, 48.890476593397345 ], [ 2.482331014675993, 48.890467237061216 ], [ 2.482331000920183, 48.890467199864844 ], [ 2.482338195039824, 48.890466143387449 ], [ 2.482399574274607, 48.890490793856181 ] ] ] } },
{ "type": "Feature", "properties": { "start_date": 1939, "construction_date.nb": 1, "historic.building": "yes" }, "geometry": { "type": "Polygon", "coordinates": [ [ [ 2.479199357884089, 48.889254538986826 ], [ 2.47928562424498, 48.889242193257068 ], [ 2.479199243815374, 48.889254732358182 ], [ 2.479199357884089, 48.889254538986826 ] ] ] } },
{ "type": "Feature", "properties": { "start_date": 1937, "construction_date.nb": 1, "historic.building": "yes" }, "geometry": { "type": "Polygon", "coordinates": [ [ [ 2.479289395722867, 48.889241645782654 ], [ 2.47928562424498, 48.889242193257068 ], [ 2.479199357884089, 48.889254538986826 ], [ 2.479222753387039, 48.889214878471705 ], [ 2.479289395722867, 48.889241645782654 ] ] ] } },
{ "type": "Feature", "properties": { "start_date": 1936, "construction_date.nb": 1, "historic.building": "yes" }, "geometry": { "type": "Polygon", "coordinates": [ [ [ 2.479623047449445, 48.889445979815648 ], [ 2.4796161, 48.889446799999973 ], [ 2.479616098590432, 48.889446795585819 ], [ 2.479623047449445, 48.889445979815648 ] ] ] } },
{ "type": "Feature", "properties": { "start_date": 1954, "construction_date.nb": 1, "historic.building": "yes" }, "geometry": { "type": "Polygon", "coordinates": [ [ [ 2.478951211618417, 48.890702698021329 ], [ 2.4789512, 48.890702699999984 ], [ 2.478933133432365, 48.89064886902333 ], [ 2.478951204682135, 48.890702676924178 ], [ 2.478951211618417, 48.890702698021329 ] ] ] } },
{ "type": "Feature", "properties": { "start_date": 1956, "construction_date.nb": 1, "historic.building": "yes" }, "geometry": { "type": "Polygon", "coordinates": [ [ [ 2.47804265177524, 48.891215325500006 ], [ 2.4780673, 48.8912129 ], [ 2.4780847, 48.891284399999989 ], [ 2.478039179921173, 48.891288704320814 ], [ 2.478019819948429, 48.89125402713114 ], [ 2.47804265177524, 48.891215325500006 ] ] ] } },
{ "type": "Feature", "properties": { "start_date": 1928, "construction_date.nb": 1, "historic.building": "yes" }, "geometry": { "type": "Polygon", "coordinates": [ [ [ 2.479456630495464, 48.891535697308449 ], [ 2.4794566, 48.89153569999997 ], [ 2.479456319923221, 48.891534337108297 ], [ 2.479456623395167, 48.89153565981632 ], [ 2.479456630495464, 48.891535697308449 ] ] ] } },
{ "type": "Feature", "properties": { "start_date": 1935, "construction_date.nb": 1, "historic.building": "yes" }, "geometry": { "type": "Polygon", "coordinates": [ [ [ 2.479561250181086, 48.891448518781843 ], [ 2.4795733, 48.8915254 ], [ 2.479456630495464, 48.891535697308449 ], [ 2.479456623395167, 48.89153565981632 ], [ 2.479456319923221, 48.891534337108297 ], [ 2.4794439, 48.8914739 ], [ 2.4795124, 48.891469 ], [ 2.4795079, 48.89143940000001 ], [ 2.479559094397366, 48.891434800503362 ], [ 2.479559100026653, 48.891434842709444 ], [ 2.479561250181086, 48.891448518781843 ] ] ] } },
{ "type": "Feature", "properties": { "start_date": 1997, "construction_date.nb": 1, "historic.building": "yes" }, "geometry": { "type": "Polygon", "coordinates": [ [ [ 2.479559094397366, 48.891434800503362 ], [ 2.4795591, 48.8914348 ], [ 2.479561250181086, 48.891448518781843 ], [ 2.479559100026653, 48.891434842709444 ], [ 2.479559094397366, 48.891434800503362 ] ] ] } },
{ "type": "Feature", "properties": { "start_date": 1922, "construction_date.nb": 1, "historic.building": "yes" }, "geometry": { "type": "Polygon", "coordinates": [ [ [ 2.479559094397366, 48.891434800503362 ], [ 2.4795591, 48.8914348 ], [ 2.479561250181086, 48.891448518781843 ], [ 2.479559100026653, 48.891434842709444 ], [ 2.479559094397366, 48.891434800503362 ] ] ] } },
{ "type": "Feature", "properties": { "start_date": 1924, "construction_date.nb": 1, "historic.building": "yes" }, "geometry": { "type": "Polygon", "coordinates": [ [ [ 2.479955298757907, 48.891737291408845 ], [ 2.4799469, 48.891679199999977 ], [ 2.4800505, 48.891669700000016 ], [ 2.480061190952832, 48.891728670681928 ], [ 2.480061190938636, 48.891728670683044 ], [ 2.479985984051187, 48.891734639296089 ], [ 2.479955298757907, 48.891737291408845 ] ] ] } },
{ "type": "Feature", "properties": { "start_date": 1913, "construction_date.nb": 1, "historic.building": "yes" }, "geometry": { "type": "Polygon", "coordinates": [ [ [ 2.480061190952832, 48.891728670681928 ], [ 2.480061190956153, 48.89172867070026 ], [ 2.4799553, 48.891737299999988 ], [ 2.479955298757907, 48.891737291408845 ], [ 2.479985984051187, 48.891734639296089 ], [ 2.480061190938636, 48.891728670683044 ], [ 2.480061190952832, 48.891728670681928 ] ] ] } },
{ "type": "Feature", "properties": { "start_date": 1935, "construction_date.nb": 1, "historic.building": "yes" }, "geometry": { "type": "Polygon", "coordinates": [ [ [ 2.479578, 48.89006 ], [ 2.4794685, 48.890077199999986 ], [ 2.4794432, 48.8900022 ], [ 2.4795011, 48.8899948 ], [ 2.4795534, 48.889986699999966 ], [ 2.4795582, 48.890000499999964 ], [ 2.479578, 48.89006 ] ] ] } },
{ "type": "Feature", "properties": { "start_date": 1937, "construction_date.nb": 1, "historic.building": "yes" }, "geometry": { "type": "Polygon", "coordinates": [ [ [ 2.479671030178982, 48.889394930357021 ], [ 2.4796852, 48.889436899999978 ], [ 2.4796449, 48.889443399999976 ], [ 2.479623047449445, 48.889445979815648 ], [ 2.479616098590432, 48.889446795585819 ], [ 2.4796085, 48.889423 ], [ 2.479582, 48.889428 ], [ 2.4795684, 48.889388399999987 ], [ 2.479632093520774, 48.889379291437258 ], [ 2.479671030178982, 48.889394930357021 ] ] ] } },
{ "type": "Feature", "properties": { "start_date": 1939, "construction_date.nb": 1, "historic.building": "yes" }, "geometry": { "type": "Polygon", "coordinates": [ [ [ 2.4788009, 48.891757699999985 ], [ 2.4789147, 48.891747699999968 ], [ 2.4789241, 48.891791699999978 ], [ 2.4789981, 48.89178559999997 ], [ 2.4790046, 48.8918163 ], [ 2.4789294, 48.891823099999989 ], [ 2.4789369, 48.891864299999966 ], [ 2.4788234, 48.891874799999968 ], [ 2.4788009, 48.891757699999985 ] ] ] } },
{ "type": "Feature", "properties": { "start_date": 1910, "construction_date.nb": 1, "historic.building": "yes" }, "geometry": { "type": "Polygon", "coordinates": [ [ [ 2.479317401047548, 48.893578114424685 ], [ 2.47934704437175, 48.893574191583532 ], [ 2.479353661812245, 48.89356711582905 ], [ 2.479346470092772, 48.893536148263962 ], [ 2.479335685142432, 48.893537180570043 ], [ 2.479328983222419, 48.893511790847271 ], [ 2.479302086287746, 48.893514641639094 ], [ 2.47930441970757, 48.893526792461188 ], [ 2.479289778975838, 48.893528643151924 ], [ 2.479277324976376, 48.893506337940536 ], [ 2.479308069387101, 48.893502796760203 ], [ 2.479397004768516, 48.893491810052822 ], [ 2.479425508217244, 48.893488288843599 ], [ 2.479433745017749, 48.893487398382433 ], [ 2.479453498024486, 48.893485262937673 ], [ 2.479476169350192, 48.893567626795878 ], [ 2.479322529193407, 48.893587298948837 ], [ 2.479317401047548, 48.893578114424685 ] ] ] } },
{ "type": "Feature", "properties": { "start_date": 1910, "construction_date.nb": 2, "historic.building": "yes" }, "geometry": { "type": "MultiPolygon", "coordinates": [ [ [ [ 2.479405888049535, 48.893445396375945 ], [ 2.479405888052366, 48.893445396375526 ], [ 2.479405888054851, 48.89344539638487 ], [ 2.479319863972711, 48.893455364465986 ], [ 2.479319863966413, 48.893455364442225 ], [ 2.479405888049535, 48.893445396375945 ] ] ], [ [ [ 2.479433745017749, 48.893487398382433 ], [ 2.479425508217244, 48.893488288843599 ], [ 2.479397004768516, 48.893491810052822 ], [ 2.479425508239158, 48.893488288837567 ], [ 2.479433745017749, 48.893487398382433 ] ] ] ] } },
{ "type": "Feature", "properties": { "start_date": 1925, "construction_date.nb": 1, "historic.building": "yes" }, "geometry": { "type": "Polygon", "coordinates": [ [ [ 2.479319863966413, 48.893455364442225 ], [ 2.479298967061344, 48.893376493990047 ], [ 2.479384725440469, 48.893365805338163 ], [ 2.479405888052366, 48.893445396375526 ], [ 2.479405888049535, 48.893445396375945 ], [ 2.479319863966413, 48.893455364442225 ] ] ] } },
{ "type": "Feature", "properties": { "start_date": 1940, "construction_date.nb": 1, "historic.building": "yes" }, "geometry": { "type": "Polygon", "coordinates": [ [ [ 2.479237930405335, 48.89322448197737 ], [ 2.479345759633478, 48.893211673973141 ], [ 2.479351558063045, 48.893231933671977 ], [ 2.479344047201205, 48.893232890263462 ], [ 2.479360811593542, 48.893302210036772 ], [ 2.479245693457696, 48.893316548122449 ], [ 2.479220134021383, 48.893226595833376 ], [ 2.479237930405335, 48.89322448197737 ] ] ] } },
{ "type": "Feature", "properties": { "start_date": 1934, "construction_date.nb": 1, "historic.building": "yes" }, "geometry": { "type": "Polygon", "coordinates": [ [ [ 2.479220134021383, 48.893226595833376 ], [ 2.479220134020426, 48.893226595830008 ], [ 2.479237930405335, 48.89322448197737 ], [ 2.479220134021383, 48.893226595833376 ] ] ] } },
{ "type": "Feature", "properties": { "start_date": 1924, "construction_date.nb": 1, "historic.building": "yes" }, "geometry": { "type": "Polygon", "coordinates": [ [ [ 2.479287897951944, 48.893024095954218 ], [ 2.47930748572245, 48.893097474965018 ], [ 2.47920179724677, 48.89310996543184 ], [ 2.479182074109732, 48.893036495899281 ], [ 2.479287897951944, 48.893024095954218 ] ] ] } },
{ "type": "Feature", "properties": { "start_date": 1924, "construction_date.nb": 3, "historic.building": "yes" }, "geometry": { "type": "MultiPolygon", "coordinates": [ [ [ [ 2.479109043380062, 48.892756582494449 ], [ 2.479203402636834, 48.892744942136822 ], [ 2.479203402636917, 48.892744942137121 ], [ 2.479217604177943, 48.892743205270499 ], [ 2.479223926451377, 48.892765625624229 ], [ 2.479209588547099, 48.892767361898564 ], [ 2.479218927030391, 48.892801846103417 ], [ 2.479125385073972, 48.892813579980164 ], [ 2.479109043379205, 48.89275658249651 ], [ 2.479091430577926, 48.892758484377758 ], [ 2.479091430573759, 48.89275848436084 ], [ 2.479109043380062, 48.892756582494449 ] ] ], [ [ [ 2.479133484181177, 48.892890146552695 ], [ 2.479118884876701, 48.892836214346076 ], [ 2.47921924589481, 48.892824510130033 ], [ 2.479233575282945, 48.89287817136848 ], [ 2.479133484181177, 48.892890146552695 ] ] ] ] } },
{ "type": "Feature", "properties": { "start_date": 1927, "construction_date.nb": 1, "historic.building": "yes" }, "geometry": { "type": "Polygon", "coordinates": [ [ [ 2.479091430573759, 48.89275848436084 ], [ 2.479072819436899, 48.892682951228167 ], [ 2.4790554829728, 48.892684494573594 ], [ 2.479049920951184, 48.892654253519439 ], [ 2.479157387841101, 48.892641141371115 ], [ 2.479164724625404, 48.892671210273114 ], [ 2.479182346441496, 48.89266840912294 ], [ 2.479203402636834, 48.892744942136822 ], [ 2.479109043380062, 48.892756582494449 ], [ 2.479091430573759, 48.89275848436084 ] ] ] } },
{ "type": "Feature", "properties": { "start_date": 1934, "construction_date.nb": 1, "historic.building": "yes" }, "geometry": { "type": "Polygon", "coordinates": [ [ [ 2.480090295807073, 48.890786478895699 ], [ 2.4801221, 48.8907823 ], [ 2.480122103415496, 48.890782313965595 ], [ 2.480122056601784, 48.890782318969862 ], [ 2.480090295807073, 48.890786478895699 ] ] ] } },
{ "type": "Feature", "properties": { "start_date": 1930, "construction_date.nb": 1, "historic.building": "yes" }, "geometry": { "type": "Polygon", "coordinates": [ [ [ 2.480122103415496, 48.890782313965595 ], [ 2.4801311, 48.8908191 ], [ 2.4801446, 48.8908182 ], [ 2.4801508, 48.8908413 ], [ 2.4801304, 48.8908442 ], [ 2.4801369, 48.890867799999967 ], [ 2.4800659, 48.890877399999987 ], [ 2.4800585, 48.8908527 ], [ 2.480039, 48.890855099999968 ], [ 2.4800224, 48.8907954 ], [ 2.480090295807073, 48.890786478895699 ], [ 2.480122056601784, 48.890782318969862 ], [ 2.480122103415496, 48.890782313965595 ] ] ] } },
{ "type": "Feature", "properties": { "start_date": 1920, "construction_date.nb": 1, "historic.building": "yes" }, "geometry": { "type": "Polygon", "coordinates": [ [ [ 2.480385012697168, 48.891354597636038 ], [ 2.4805268, 48.891328199999982 ], [ 2.4805536, 48.8913832 ], [ 2.4803966, 48.891412100000018 ], [ 2.48038888577237, 48.891373861386242 ], [ 2.480385015858626, 48.891354613563635 ], [ 2.480385012697168, 48.891354597636038 ] ] ] } },
{ "type": "Feature", "properties": { "start_date": 1936, "construction_date.nb": 1, "historic.building": "yes" }, "geometry": { "type": "Polygon", "coordinates": [ [ [ 2.4815723, 48.891342699999988 ], [ 2.4816418, 48.8913297 ], [ 2.481677, 48.891407400000013 ], [ 2.481643, 48.891414299999973 ], [ 2.4816375, 48.891401099999968 ], [ 2.4816009, 48.891407699999988 ], [ 2.4815723, 48.891342699999988 ] ] ] } },
{ "type": "Feature", "properties": { "start_date": 1970, "construction_date.nb": 1, "historic.building": "yes" }, "geometry": { "type": "Polygon", "coordinates": [ [ [ 2.482273986272213, 48.891430078055571 ], [ 2.482267946687683, 48.891419695791576 ], [ 2.482239245857389, 48.891370918926775 ], [ 2.48223924585867, 48.891370918926491 ], [ 2.482267946696837, 48.89141969579228 ], [ 2.482273986272213, 48.891430078055571 ] ] ] } },
{ "type": "Feature", "properties": { "start_date": 1932, "construction_date.nb": 1, "historic.building": "yes" }, "geometry": { "type": "Polygon", "coordinates": [ [ [ 2.482464924931347, 48.891635033152149 ], [ 2.482480679591312, 48.89166909521068 ], [ 2.482381059304647, 48.891688899145606 ], [ 2.482355566415886, 48.891632941701843 ], [ 2.482449722555575, 48.891614013469436 ], [ 2.482459459092036, 48.891636088693573 ], [ 2.482464924931347, 48.891635033152149 ] ] ] } },
{ "type": "Feature", "properties": { "start_date": 1915, "construction_date.nb": 1, "historic.building": "yes" }, "geometry": { "type": "Polygon", "coordinates": [ [ [ 2.482840315229737, 48.892647486120225 ], [ 2.482825665416241, 48.892650385216982 ], [ 2.482825665412661, 48.892650385217699 ], [ 2.48279257570397, 48.892576498824447 ], [ 2.482770441993833, 48.8925804501309 ], [ 2.482752395189201, 48.892543680281797 ], [ 2.482752395195373, 48.892543680280625 ], [ 2.482835889329734, 48.892527313715007 ], [ 2.482835889333443, 48.892527313714254 ], [ 2.482852193607273, 48.892561018363935 ], [ 2.482890865856597, 48.89255345128808 ], [ 2.482909408151622, 48.892595049284317 ], [ 2.482840315229737, 48.892647486120225 ] ] ] } },
{ "type": "Feature", "properties": { "start_date": 1910, "construction_date.nb": 1, "historic.building": "yes" }, "geometry": { "type": "Polygon", "coordinates": [ [ [ 2.482840315203786, 48.892647486139921 ], [ 2.482825665419409, 48.892650385232763 ], [ 2.482825665412661, 48.892650385217699 ], [ 2.482825665416241, 48.892650385216982 ], [ 2.482840315229737, 48.892647486120225 ], [ 2.482840315203786, 48.892647486139921 ] ] ] } },
{ "type": "Feature", "properties": { "start_date": 1913, "construction_date.nb": 1, "historic.building": "yes" }, "geometry": { "type": "Polygon", "coordinates": [ [ [ 2.480613243328759, 48.892454834391174 ], [ 2.480559566171833, 48.89246386232459 ], [ 2.480527734157547, 48.892469299960766 ], [ 2.480500743622243, 48.892399576208078 ], [ 2.480587630625753, 48.89238493459829 ], [ 2.480594674855943, 48.892403401059298 ], [ 2.480606149558418, 48.892401562250193 ], [ 2.480602966140768, 48.892392555330673 ], [ 2.480679325039777, 48.892380565950511 ], [ 2.480683573465285, 48.892392185497293 ], [ 2.48069845866623, 48.89243128015508 ], [ 2.480699476350532, 48.892434102952045 ], [ 2.480701511093455, 48.89243974690249 ], [ 2.480683344828168, 48.892442455986618 ], [ 2.480613255707181, 48.892454832297105 ], [ 2.480613243328759, 48.892454834391174 ] ] ] } },
{ "type": "Feature", "properties": { "start_date": 1992, "construction_date.nb": 1, "historic.building": "yes" }, "geometry": { "type": "Polygon", "coordinates": [ [ [ 2.480701511124563, 48.892439746895811 ], [ 2.480701511127771, 48.892439746904699 ], [ 2.480683344837591, 48.892442456001056 ], [ 2.480675829629174, 48.892443862306074 ], [ 2.480613255701849, 48.892454832310158 ], [ 2.480613243328759, 48.892454834391174 ], [ 2.480613255707181, 48.892454832297105 ], [ 2.480683344828168, 48.892442455986618 ], [ 2.480701511093455, 48.89243974690249 ], [ 2.480701511124563, 48.892439746895811 ] ] ] } },
{ "type": "Feature", "properties": { "start_date": 1985, "construction_date.nb": 1, "historic.building": "yes" }, "geometry": { "type": "Polygon", "coordinates": [ [ [ 2.480791169179239, 48.893008859890045 ], [ 2.480753079912881, 48.892916875139903 ], [ 2.480810728514561, 48.892907502438753 ], [ 2.480828023083392, 48.892951194010848 ], [ 2.480939627271057, 48.892933511733339 ], [ 2.48095771246385, 48.892979994538706 ], [ 2.480957712431144, 48.892979994544255 ], [ 2.480913718911359, 48.892987717785964 ], [ 2.480804287752322, 48.893006308767021 ], [ 2.48079116918119, 48.893008859889726 ], [ 2.480791169179239, 48.893008859890045 ] ] ] } },
{ "type": "Feature", "properties": { "start_date": 2012, "construction_date.nb": 1, "historic.building": "yes" }, "geometry": { "type": "Polygon", "coordinates": [ [ [ 2.480913718911359, 48.892987717785964 ], [ 2.480913718919348, 48.892987717806967 ], [ 2.480804287744949, 48.893006308775888 ], [ 2.480791169186222, 48.893008859906907 ], [ 2.480791169179239, 48.893008859890045 ], [ 2.48079116918119, 48.893008859889726 ], [ 2.480804287752322, 48.893006308767021 ], [ 2.480913718911359, 48.892987717785964 ] ] ] } },
{ "type": "Feature", "properties": { "start_date": 1928, "construction_date.nb": 2, "historic.building": "yes" }, "geometry": { "type": "MultiPolygon", "coordinates": [ [ [ [ 2.480438360001031, 48.892965511721044 ], [ 2.480541360636086, 48.89294896160019 ], [ 2.480541360639203, 48.892948961608127 ], [ 2.480438360004427, 48.892965511729955 ], [ 2.480438360001031, 48.892965511721044 ] ] ], [ [ [ 2.480403944589879, 48.893110318346814 ], [ 2.480384374342138, 48.893113483884285 ], [ 2.480384251446003, 48.893112134405882 ], [ 2.480377637015187, 48.893091601399242 ], [ 2.480434738545956, 48.89308240640603 ], [ 2.480400132008658, 48.892996821738905 ], [ 2.480498237408294, 48.89297881151785 ], [ 2.480516173309051, 48.893026552785976 ], [ 2.480524642370605, 48.893025240579554 ], [ 2.480547893560917, 48.893087034122118 ], [ 2.480403944589879, 48.893110318346814 ] ] ] ] } },
{ "type": "Feature", "properties": { "start_date": 1914, "construction_date.nb": 1, "historic.building": "yes" }, "geometry": { "type": "Polygon", "coordinates": [ [ [ 2.480438360001031, 48.892965511721044 ], [ 2.480416696193477, 48.892908671248435 ], [ 2.480518750152181, 48.892891307629299 ], [ 2.480538226984767, 48.892940971166006 ], [ 2.480541360636086, 48.89294896160019 ], [ 2.480438360001031, 48.892965511721044 ] ] ] } },
{ "type": "Feature", "properties": { "start_date": 1914, "construction_date.nb": 2, "historic.building": "yes" }, "geometry": { "type": "Polygon", "coordinates": [ [ [ 2.480100938854091, 48.89215970344339 ], [ 2.480193837933145, 48.892143919134071 ], [ 2.480193837939616, 48.892143919155792 ], [ 2.480195409880257, 48.892150400998112 ], [ 2.480199914836964, 48.892149970904363 ], [ 2.480211371387606, 48.892177269758648 ], [ 2.480206866376265, 48.892177699886915 ], [ 2.480224860984373, 48.89221950603725 ], [ 2.480206282933022, 48.892222483056685 ], [ 2.480216640367066, 48.892250586519182 ], [ 2.480119104218364, 48.892266350708987 ], [ 2.480106230131294, 48.892230772011388 ], [ 2.480127812133727, 48.892227448350305 ], [ 2.48011782615953, 48.892203123583329 ], [ 2.48010093886048, 48.892159703460088 ], [ 2.480100938854091, 48.89215970344339 ] ] ] } },
{ "type": "Feature", "properties": { "start_date": 1913, "construction_date.nb": 1, "historic.building": "yes" }, "geometry": { "type": "Polygon", "coordinates": [ [ [ 2.480100938854091, 48.89215970344339 ], [ 2.480074089902807, 48.89208953051984 ], [ 2.480166858794135, 48.892073116155437 ], [ 2.48018200460796, 48.892113381102369 ], [ 2.480185418560336, 48.892112946273123 ], [ 2.480195804690373, 48.892138172071149 ], [ 2.480192254380374, 48.892138606343053 ], [ 2.480193837933145, 48.892143919134071 ], [ 2.480100938854091, 48.89215970344339 ] ] ] } },
{ "type": "Feature", "properties": { "start_date": 1928, "construction_date.nb": 2, "historic.building": "yes" }, "geometry": { "type": "MultiPolygon", "coordinates": [ [ [ [ 2.480416121374451, 48.8931986064906 ], [ 2.480417542167268, 48.893202517187362 ], [ 2.480416121369321, 48.893198606491474 ], [ 2.480416121374451, 48.8931986064906 ] ] ], [ [ [ 2.480209303611894, 48.893176755038368 ], [ 2.480311226332813, 48.893158941373052 ], [ 2.480337450758947, 48.89322344581182 ], [ 2.480235789969177, 48.893242339798775 ], [ 2.480209303611894, 48.893176755038368 ] ] ] ] } },
{ "type": "Feature", "properties": { "start_date": 1927, "construction_date.nb": 1, "historic.building": "yes" }, "geometry": { "type": "Polygon", "coordinates": [ [ [ 2.479888366640899, 48.892905478380996 ], [ 2.479888366642415, 48.892905478385437 ], [ 2.479769519623205, 48.892924567116047 ], [ 2.479735915183197, 48.8929299069245 ], [ 2.479735915178985, 48.892929906911995 ], [ 2.479769519634727, 48.892924567108508 ], [ 2.479888366640899, 48.892905478380996 ] ] ] } },
{ "type": "Feature", "properties": { "start_date": 1909, "construction_date.nb": 1, "historic.building": "yes" }, "geometry": { "type": "Polygon", "coordinates": [ [ [ 2.479735193682559, 48.892927990155961 ], [ 2.479729405088126, 48.892912611855728 ], [ 2.479722521767711, 48.892891717941403 ], [ 2.479745060473546, 48.892888218640209 ], [ 2.479768694790922, 48.892884274411635 ], [ 2.479755532747514, 48.892850223291362 ], [ 2.479754732417228, 48.892848421185825 ], [ 2.479775083678366, 48.892845451940303 ], [ 2.479774688031542, 48.892844101241501 ], [ 2.479812933844424, 48.892838331934719 ], [ 2.479804158254288, 48.892815721125515 ], [ 2.479854840707106, 48.892807397819837 ], [ 2.479860433900574, 48.892820911777747 ], [ 2.479862482322397, 48.892820650892865 ], [ 2.479888001723351, 48.89288740066791 ], [ 2.479882535700127, 48.892888456090553 ], [ 2.479888366640899, 48.892905478380996 ], [ 2.479769519634727, 48.892924567108508 ], [ 2.479735915178985, 48.892929906911995 ], [ 2.479735193682559, 48.892927990155961 ] ] ] } },
{ "type": "Feature", "properties": { "start_date": 1930, "construction_date.nb": 1, "historic.building": "yes" }, "geometry": { "type": "Polygon", "coordinates": [ [ [ 2.479367326288349, 48.892459763931676 ], [ 2.479367326286876, 48.892459763926375 ], [ 2.479388850575457, 48.892457072698342 ], [ 2.479367326288349, 48.892459763931676 ] ] ] } },
{ "type": "Feature", "properties": { "start_date": 1935, "construction_date.nb": 1, "historic.building": "yes" }, "geometry": { "type": "Polygon", "coordinates": [ [ [ 2.479388850575457, 48.892457072698342 ], [ 2.479452127591182, 48.89244916101309 ], [ 2.47947806667049, 48.892446575840452 ], [ 2.479497936247232, 48.892519056751674 ], [ 2.47938746758081, 48.892532335987404 ], [ 2.479367326288349, 48.892459763931676 ], [ 2.479388850575457, 48.892457072698342 ] ] ] } },
{ "type": "Feature", "properties": { "start_date": 1925, "construction_date.nb": 1, "historic.building": "yes" }, "geometry": { "type": "Polygon", "coordinates": [ [ [ 2.47952671363863, 48.892938118320984 ], [ 2.4795834, 48.892931100000013 ], [ 2.479583409213085, 48.892931134515422 ], [ 2.47952671363863, 48.892938118320984 ] ] ] } },
{ "type": "Feature", "properties": { "start_date": 1930, "construction_date.nb": 2, "historic.building": "yes" }, "geometry": { "type": "MultiPolygon", "coordinates": [ [ [ [ 2.479735193682559, 48.892927990155961 ], [ 2.479735915178985, 48.892929906911995 ], [ 2.479735915183197, 48.8929299069245 ], [ 2.479735915179895, 48.892929906925048 ], [ 2.479735193682559, 48.892927990155961 ] ] ], [ [ [ 2.47952671363863, 48.892938118320984 ], [ 2.479583409213085, 48.892931134515422 ], [ 2.4796039, 48.893007899999972 ], [ 2.4795109, 48.8930212 ], [ 2.4794889, 48.892942799999986 ], [ 2.47952671363863, 48.892938118320984 ] ] ] ] } },
{ "type": "Feature", "properties": { "start_date": 1924, "construction_date.nb": 1, "historic.building": "yes" }, "geometry": { "type": "Polygon", "coordinates": [ [ [ 2.479634227308087, 48.893033425429152 ], [ 2.479652965160429, 48.893096368650625 ], [ 2.479545221143577, 48.893109839735544 ], [ 2.479527833721699, 48.893048251312365 ], [ 2.479634227308087, 48.893033425429152 ] ] ] } },
{ "type": "Feature", "properties": { "start_date": 1922, "construction_date.nb": 1, "historic.building": "yes" }, "geometry": { "type": "Polygon", "coordinates": [ [ [ 2.479725494830025, 48.893331224003994 ], [ 2.479731020650871, 48.893351482497202 ], [ 2.479605370542602, 48.893368832793264 ], [ 2.479583799208967, 48.893302819609204 ], [ 2.479595135936761, 48.8933011601641 ], [ 2.479583668044965, 48.893261360818137 ], [ 2.479683363158275, 48.893248124509164 ], [ 2.479695227722333, 48.893289184632827 ], [ 2.479686078444655, 48.893290313958879 ], [ 2.479695327708965, 48.893320121336295 ], [ 2.479707616408253, 48.893318735833184 ], [ 2.479711569509893, 48.893332602398281 ], [ 2.479725494830025, 48.893331224003994 ] ] ] } },
{ "type": "Feature", "properties": { "start_date": 1930, "construction_date.nb": 1, "historic.building": "yes" }, "geometry": { "type": "Polygon", "coordinates": [ [ [ 2.479603194293317, 48.893460504090974 ], [ 2.4796154, 48.893458599999988 ], [ 2.4796569, 48.893453299999962 ], [ 2.479656906196218, 48.89345332122204 ], [ 2.47965689904539, 48.893453322089051 ], [ 2.479615384077649, 48.893458627484719 ], [ 2.479603194293317, 48.893460504090974 ] ] ] } },
{ "type": "Feature", "properties": { "start_date": 1920, "construction_date.nb": 1, "historic.building": "yes" }, "geometry": { "type": "Polygon", "coordinates": [ [ [ 2.479771227529736, 48.893528227913919 ], [ 2.479765301312561, 48.893510539552061 ], [ 2.479765292414074, 48.893510500969697 ], [ 2.4797653, 48.8935105 ], [ 2.479771238208816, 48.893528226348678 ], [ 2.479771227529736, 48.893528227913919 ] ] ] } },
{ "type": "Feature", "properties": { "start_date": 1948, "construction_date.nb": 1, "historic.building": "yes" }, "geometry": { "type": "Polygon", "coordinates": [ [ [ 2.479614604554325, 48.893549901303636 ], [ 2.4795904, 48.8934625 ], [ 2.479603194293317, 48.893460504090974 ], [ 2.479615384077649, 48.893458627484719 ], [ 2.47965689904539, 48.893453322089051 ], [ 2.479656906196218, 48.89345332122204 ], [ 2.4796769, 48.893521799999959 ], [ 2.479765292414074, 48.893510500969697 ], [ 2.479765301312561, 48.893510539552061 ], [ 2.479771227529736, 48.893528227913919 ], [ 2.479683850234633, 48.893541034895456 ], [ 2.479614604554325, 48.893549901303636 ] ] ] } },
{ "type": "Feature", "properties": { "start_date": 1930, "construction_date.nb": 2, "historic.building": "yes" }, "geometry": { "type": "MultiPolygon", "coordinates": [ [ [ [ 2.482336181378806, 48.891333027330049 ], [ 2.482336181387729, 48.891333027349212 ], [ 2.482257452340651, 48.891350403395762 ], [ 2.482245318392317, 48.891322562226449 ], [ 2.482324171252845, 48.891306445716431 ], [ 2.482324858342287, 48.891307966427391 ], [ 2.482336181378806, 48.891333027330049 ] ] ], [ [ [ 2.482267946696837, 48.89141969579228 ], [ 2.48223924585867, 48.891370918926491 ], [ 2.482327258402582, 48.891352593774016 ], [ 2.482362807724023, 48.891425861482098 ], [ 2.48228095349428, 48.891442054956364 ], [ 2.482273986272213, 48.891430078055571 ], [ 2.482267946696837, 48.89141969579228 ] ] ] ] } },
{ "type": "Feature", "properties": { "start_date": 1910, "construction_date.nb": 1, "historic.building": "yes" }, "geometry": { "type": "Polygon", "coordinates": [ [ [ 2.4826541, 48.8923346 ], [ 2.4827455, 48.8923176 ], [ 2.4827548, 48.892339 ], [ 2.4827655, 48.89233669999998 ], [ 2.4827799, 48.892371300000015 ], [ 2.4826793, 48.892391399999958 ], [ 2.4826541, 48.8923346 ] ] ] } },
{ "type": "Feature", "properties": { "start_date": 1979, "construction_date.nb": 1, "historic.building": "yes" }, "geometry": { "type": "Polygon", "coordinates": [ [ [ 2.48095771246385, 48.892979994538706 ], [ 2.480957712469554, 48.892979994553343 ], [ 2.480913718933229, 48.892987717804601 ], [ 2.480913718919348, 48.892987717806967 ], [ 2.480913718911359, 48.892987717785964 ], [ 2.480957712431144, 48.892979994544255 ], [ 2.48095771246385, 48.892979994538706 ] ] ] } },
{ "type": "Feature", "properties": { "start_date": 1930, "construction_date.nb": 1, "historic.building": "yes" }, "geometry": { "type": "Polygon", "coordinates": [ [ [ 2.48038888577237, 48.891373861386242 ], [ 2.480385, 48.891354599999964 ], [ 2.480385012697168, 48.891354597636038 ], [ 2.480385015858626, 48.891354613563635 ], [ 2.48038888577237, 48.891373861386242 ] ] ] } },
{ "type": "Feature", "properties": { "start_date": 1924, "construction_date.nb": 1, "historic.building": "yes" }, "geometry": { "type": "Polygon", "coordinates": [ [ [ 2.482057942038658, 48.893193035974058 ], [ 2.4820479, 48.893166800000017 ], [ 2.4821483, 48.8931495 ], [ 2.4821467, 48.893143699999968 ], [ 2.482197022849955, 48.893135694092635 ], [ 2.482136672437428, 48.893181494603652 ], [ 2.482057942038658, 48.893193035974058 ] ] ] } },
{ "type": "Feature", "properties": { "start_date": 1910, "construction_date.nb": 2, "historic.building": "yes" }, "geometry": { "type": "MultiPolygon", "coordinates": [ [ [ [ 2.482692051533394, 48.892453758337354 ], [ 2.482809167230147, 48.892430252590927 ], [ 2.482847343741561, 48.892513783597046 ], [ 2.482731183421536, 48.892537203556266 ], [ 2.482692051533394, 48.892453758337354 ] ] ], [ [ [ 2.482752395195373, 48.892543680280625 ], [ 2.482752395189201, 48.892543680281797 ], [ 2.482752395188299, 48.892543680279971 ], [ 2.482835889330835, 48.892527313708861 ], [ 2.482835889333443, 48.892527313714254 ], [ 2.482835889329734, 48.892527313715007 ], [ 2.482752395195373, 48.892543680280625 ] ] ] ] } },
{ "type": "Feature", "properties": { "start_date": 1920, "construction_date.nb": 1, "historic.building": "yes" }, "geometry": { "type": "Polygon", "coordinates": [ [ [ 2.480425546026937, 48.893224547515338 ], [ 2.480417542167268, 48.893202517187362 ], [ 2.480416121374451, 48.8931986064906 ], [ 2.480516262117823, 48.893181684251466 ], [ 2.480521959628662, 48.893198436135989 ], [ 2.480521959607124, 48.893198436139834 ], [ 2.480523614586349, 48.893203504024555 ], [ 2.480524871154956, 48.893207351947204 ], [ 2.480425546026937, 48.893224547515338 ] ] ] } },
{ "type": "Feature", "properties": { "start_date": 1920, "construction_date.nb": 1, "historic.building": "yes" }, "geometry": { "type": "Polygon", "coordinates": [ [ [ 2.482334319467423, 48.890476593397345 ], [ 2.482331, 48.890467199999975 ], [ 2.482331000920183, 48.890467199864844 ], [ 2.482331014675993, 48.890467237061216 ], [ 2.482334319467423, 48.890476593397345 ] ] ] } },
{ "type": "Feature", "properties": { "start_date": 1925, "construction_date.nb": 1, "historic.building": "yes" }, "geometry": { "type": "Polygon", "coordinates": [ [ [ 2.482774906473812, 48.891548267112221 ], [ 2.482646097867736, 48.89157448294997 ], [ 2.482646092539569, 48.891574484033264 ], [ 2.482614, 48.891505799999983 ], [ 2.482750284957217, 48.891478899051577 ], [ 2.482774906473812, 48.891548267112221 ] ] ] } },
{ "type": "Feature", "properties": { "start_date": 1924, "construction_date.nb": 1, "historic.building": "yes" }, "geometry": { "type": "Polygon", "coordinates": [ [ [ 2.482774908098771, 48.891548271690333 ], [ 2.4826461, 48.891574499999955 ], [ 2.482646092539569, 48.891574484033264 ], [ 2.482646097867736, 48.89157448294997 ], [ 2.482774906473812, 48.891548267112221 ], [ 2.482774908098771, 48.891548271690333 ] ] ] } },
{ "type": "Feature", "properties": { "start_date": 1912, "construction_date.nb": 1, "historic.building": "yes" }, "geometry": { "type": "Polygon", "coordinates": [ [ [ 2.482995291036022, 48.892169164399704 ], [ 2.482925497281264, 48.892183714193308 ], [ 2.482892785632417, 48.892112977022983 ], [ 2.482902494398633, 48.892110410937022 ], [ 2.482895931504299, 48.892098331824748 ], [ 2.482964664782931, 48.892085049028339 ], [ 2.482969022647997, 48.892095158364782 ], [ 2.482995291036022, 48.892169164399704 ] ] ] } },
{ "type": "Feature", "properties": { "start_date": 1910, "construction_date.nb": 1, "historic.building": "yes" }, "geometry": { "type": "Polygon", "coordinates": [ [ [ 2.483044513842268, 48.892307839403138 ], [ 2.482988292727654, 48.892318784911879 ], [ 2.4829428, 48.8922244 ], [ 2.483009989817894, 48.8922105752386 ], [ 2.483044513842268, 48.892307839403138 ] ] ] } },
{ "type": "Feature", "properties": { "start_date": 1914, "construction_date.nb": 2, "historic.building": "yes" }, "geometry": { "type": "MultiPolygon", "coordinates": [ [ [ [ 2.483044519565335, 48.892307855526631 ], [ 2.4829883, 48.89231879999997 ], [ 2.482988292727654, 48.892318784911879 ], [ 2.483044513842268, 48.892307839403138 ], [ 2.483044519565335, 48.892307855526631 ] ] ], [ [ [ 2.483075160040525, 48.892394178283922 ], [ 2.483025871871747, 48.892403939220856 ], [ 2.482995436400187, 48.892337438659197 ], [ 2.483051124551031, 48.892326463637872 ], [ 2.483075160040525, 48.892394178283922 ] ] ] ] } },
{ "type": "Feature", "properties": { "start_date": 1890, "construction_date.nb": 1, "historic.building": "yes" }, "geometry": { "type": "Polygon", "coordinates": [ [ [ 2.483060894390876, 48.892480080986076 ], [ 2.483042967741915, 48.892440345196896 ], [ 2.483088432261383, 48.892431569733645 ], [ 2.483096153208123, 48.892453321710512 ], [ 2.483060894390876, 48.892480080986076 ] ] ] } },
{ "type": "Feature", "properties": { "start_date": 1928, "construction_date.nb": 1, "historic.building": "yes" }, "geometry": { "type": "Polygon", "coordinates": [ [ [ 2.482399574274607, 48.890490793856181 ], [ 2.482411584763614, 48.890524633313731 ], [ 2.4823545, 48.890533700000013 ], [ 2.482334319467423, 48.890476593397345 ], [ 2.482331014675993, 48.890467237061216 ], [ 2.482331000920183, 48.890467199864844 ], [ 2.482338195039824, 48.890466143387449 ], [ 2.482399574274607, 48.890490793856181 ] ] ] } },
{ "type": "Feature", "properties": { "start_date": 1939, "construction_date.nb": 1, "historic.building": "yes" }, "geometry": { "type": "Polygon", "coordinates": [ [ [ 2.479199357884089, 48.889254538986826 ], [ 2.47928562424498, 48.889242193257068 ], [ 2.479199243815374, 48.889254732358182 ], [ 2.479199357884089, 48.889254538986826 ] ] ] } },
{ "type": "Feature", "properties": { "start_date": 1937, "construction_date.nb": 1, "historic.building": "yes" }, "geometry": { "type": "Polygon", "coordinates": [ [ [ 2.479289395722867, 48.889241645782654 ], [ 2.47928562424498, 48.889242193257068 ], [ 2.479199357884089, 48.889254538986826 ], [ 2.479222753387039, 48.889214878471705 ], [ 2.479289395722867, 48.889241645782654 ] ] ] } },
{ "type": "Feature", "properties": { "start_date": 1936, "construction_date.nb": 1, "historic.building": "yes" }, "geometry": { "type": "Polygon", "coordinates": [ [ [ 2.479623047449445, 48.889445979815648 ], [ 2.4796161, 48.889446799999973 ], [ 2.479616098590432, 48.889446795585819 ], [ 2.479623047449445, 48.889445979815648 ] ] ] } },
{ "type": "Feature", "properties": { "start_date": 1954, "construction_date.nb": 1, "historic.building": "yes" }, "geometry": { "type": "Polygon", "coordinates": [ [ [ 2.478951211618417, 48.890702698021329 ], [ 2.4789512, 48.890702699999984 ], [ 2.478933133432365, 48.89064886902333 ], [ 2.478951204682135, 48.890702676924178 ], [ 2.478951211618417, 48.890702698021329 ] ] ] } },
{ "type": "Feature", "properties": { "start_date": 1956, "construction_date.nb": 1, "historic.building": "yes" }, "geometry": { "type": "Polygon", "coordinates": [ [ [ 2.47804265177524, 48.891215325500006 ], [ 2.4780673, 48.8912129 ], [ 2.4780847, 48.891284399999989 ], [ 2.478039179921173, 48.891288704320814 ], [ 2.478019819948429, 48.89125402713114 ], [ 2.47804265177524, 48.891215325500006 ] ] ] } },
{ "type": "Feature", "properties": { "start_date": 1928, "construction_date.nb": 1, "historic.building": "yes" }, "geometry": { "type": "Polygon", "coordinates": [ [ [ 2.479456630495464, 48.891535697308449 ], [ 2.4794566, 48.89153569999997 ], [ 2.479456319923221, 48.891534337108297 ], [ 2.479456623395167, 48.89153565981632 ], [ 2.479456630495464, 48.891535697308449 ] ] ] } },
{ "type": "Feature", "properties": { "start_date": 1935, "construction_date.nb": 1, "historic.building": "yes" }, "geometry": { "type": "Polygon", "coordinates": [ [ [ 2.479561250181086, 48.891448518781843 ], [ 2.4795733, 48.8915254 ], [ 2.479456630495464, 48.891535697308449 ], [ 2.479456623395167, 48.89153565981632 ], [ 2.479456319923221, 48.891534337108297 ], [ 2.4794439, 48.8914739 ], [ 2.4795124, 48.891469 ], [ 2.4795079, 48.89143940000001 ], [ 2.479559094397366, 48.891434800503362 ], [ 2.479559100026653, 48.891434842709444 ], [ 2.479561250181086, 48.891448518781843 ] ] ] } },
{ "type": "Feature", "properties": { "start_date": 1997, "construction_date.nb": 1, "historic.building": "yes" }, "geometry": { "type": "Polygon", "coordinates": [ [ [ 2.479559094397366, 48.891434800503362 ], [ 2.4795591, 48.8914348 ], [ 2.479561250181086, 48.891448518781843 ], [ 2.479559100026653, 48.891434842709444 ], [ 2.479559094397366, 48.891434800503362 ] ] ] } },
{ "type": "Feature", "properties": { "start_date": 1922, "construction_date.nb": 1, "historic.building": "yes" }, "geometry": { "type": "Polygon", "coordinates": [ [ [ 2.479559094397366, 48.891434800503362 ], [ 2.4795591, 48.8914348 ], [ 2.479561250181086, 48.891448518781843 ], [ 2.479559100026653, 48.891434842709444 ], [ 2.479559094397366, 48.891434800503362 ] ] ] } },
{ "type": "Feature", "properties": { "start_date": 1924, "construction_date.nb": 1, "historic.building": "yes" }, "geometry": { "type": "Polygon", "coordinates": [ [ [ 2.479955298757907, 48.891737291408845 ], [ 2.4799469, 48.891679199999977 ], [ 2.4800505, 48.891669700000016 ], [ 2.480061190952832, 48.891728670681928 ], [ 2.480061190938636, 48.891728670683044 ], [ 2.479985984051187, 48.891734639296089 ], [ 2.479955298757907, 48.891737291408845 ] ] ] } },
{ "type": "Feature", "properties": { "start_date": 1913, "construction_date.nb": 1, "historic.building": "yes" }, "geometry": { "type": "Polygon", "coordinates": [ [ [ 2.480061190952832, 48.891728670681928 ], [ 2.480061190956153, 48.89172867070026 ], [ 2.4799553, 48.891737299999988 ], [ 2.479955298757907, 48.891737291408845 ], [ 2.479985984051187, 48.891734639296089 ], [ 2.480061190938636, 48.891728670683044 ], [ 2.480061190952832, 48.891728670681928 ] ] ] } },
{ "type": "Feature", "properties": { "start_date": 1935, "construction_date.nb": 1, "historic.building": "yes" }, "geometry": { "type": "Polygon", "coordinates": [ [ [ 2.479578, 48.89006 ], [ 2.4794685, 48.890077199999986 ], [ 2.4794432, 48.8900022 ], [ 2.4795011, 48.8899948 ], [ 2.4795534, 48.889986699999966 ], [ 2.4795582, 48.890000499999964 ], [ 2.479578, 48.89006 ] ] ] } },
{ "type": "Feature", "properties": { "start_date": 1937, "construction_date.nb": 1, "historic.building": "yes" }, "geometry": { "type": "Polygon", "coordinates": [ [ [ 2.479671030178982, 48.889394930357021 ], [ 2.4796852, 48.889436899999978 ], [ 2.4796449, 48.889443399999976 ], [ 2.479623047449445, 48.889445979815648 ], [ 2.479616098590432, 48.889446795585819 ], [ 2.4796085, 48.889423 ], [ 2.479582, 48.889428 ], [ 2.4795684, 48.889388399999987 ], [ 2.479632093520774, 48.889379291437258 ], [ 2.479671030178982, 48.889394930357021 ] ] ] } },
{ "type": "Feature", "properties": { "start_date": 1939, "construction_date.nb": 1, "historic.building": "yes" }, "geometry": { "type": "Polygon", "coordinates": [ [ [ 2.4788009, 48.891757699999985 ], [ 2.4789147, 48.891747699999968 ], [ 2.4789241, 48.891791699999978 ], [ 2.4789981, 48.89178559999997 ], [ 2.4790046, 48.8918163 ], [ 2.4789294, 48.891823099999989 ], [ 2.4789369, 48.891864299999966 ], [ 2.4788234, 48.891874799999968 ], [ 2.4788009, 48.891757699999985 ] ] ] } },
{ "type": "Feature", "properties": { "start_date": 1910, "construction_date.nb": 1, "historic.building": "yes" }, "geometry": { "type": "Polygon", "coordinates": [ [ [ 2.479317401047548, 48.893578114424685 ], [ 2.47934704437175, 48.893574191583532 ], [ 2.479353661812245, 48.89356711582905 ], [ 2.479346470092772, 48.893536148263962 ], [ 2.479335685142432, 48.893537180570043 ], [ 2.479328983222419, 48.893511790847271 ], [ 2.479302086287746, 48.893514641639094 ], [ 2.47930441970757, 48.893526792461188 ], [ 2.479289778975838, 48.893528643151924 ], [ 2.479277324976376, 48.893506337940536 ], [ 2.479308069387101, 48.893502796760203 ], [ 2.479397004768516, 48.893491810052822 ], [ 2.479425508217244, 48.893488288843599 ], [ 2.479433745017749, 48.893487398382433 ], [ 2.479453498024486, 48.893485262937673 ], [ 2.479476169350192, 48.893567626795878 ], [ 2.479322529193407, 48.893587298948837 ], [ 2.479317401047548, 48.893578114424685 ] ] ] } },
{ "type": "Feature", "properties": { "start_date": 1910, "construction_date.nb": 2, "historic.building": "yes" }, "geometry": { "type": "MultiPolygon", "coordinates": [ [ [ [ 2.479405888049535, 48.893445396375945 ], [ 2.479405888052366, 48.893445396375526 ], [ 2.479405888054851, 48.89344539638487 ], [ 2.479319863972711, 48.893455364465986 ], [ 2.479319863966413, 48.893455364442225 ], [ 2.479405888049535, 48.893445396375945 ] ] ], [ [ [ 2.479433745017749, 48.893487398382433 ], [ 2.479425508217244, 48.893488288843599 ], [ 2.479397004768516, 48.893491810052822 ], [ 2.479425508239158, 48.893488288837567 ], [ 2.479433745017749, 48.893487398382433 ] ] ] ] } },
{ "type": "Feature", "properties": { "start_date": 1925, "construction_date.nb": 1, "historic.building": "yes" }, "geometry": { "type": "Polygon", "coordinates": [ [ [ 2.479319863966413, 48.893455364442225 ], [ 2.479298967061344, 48.893376493990047 ], [ 2.479384725440469, 48.893365805338163 ], [ 2.479405888052366, 48.893445396375526 ], [ 2.479405888049535, 48.893445396375945 ], [ 2.479319863966413, 48.893455364442225 ] ] ] } },
{ "type": "Feature", "properties": { "start_date": 1940, "construction_date.nb": 1, "historic.building": "yes" }, "geometry": { "type": "Polygon", "coordinates": [ [ [ 2.479237930405335, 48.89322448197737 ], [ 2.479345759633478, 48.893211673973141 ], [ 2.479351558063045, 48.893231933671977 ], [ 2.479344047201205, 48.893232890263462 ], [ 2.479360811593542, 48.893302210036772 ], [ 2.479245693457696, 48.893316548122449 ], [ 2.479220134021383, 48.893226595833376 ], [ 2.479237930405335, 48.89322448197737 ] ] ] } },
{ "type": "Feature", "properties": { "start_date": 1934, "construction_date.nb": 1, "historic.building": "yes" }, "geometry": { "type": "Polygon", "coordinates": [ [ [ 2.479220134021383, 48.893226595833376 ], [ 2.479220134020426, 48.893226595830008 ], [ 2.479237930405335, 48.89322448197737 ], [ 2.479220134021383, 48.893226595833376 ] ] ] } },
{ "type": "Feature", "properties": { "start_date": 1924, "construction_date.nb": 1, "historic.building": "yes" }, "geometry": { "type": "Polygon", "coordinates": [ [ [ 2.479287897951944, 48.893024095954218 ], [ 2.47930748572245, 48.893097474965018 ], [ 2.47920179724677, 48.89310996543184 ], [ 2.479182074109732, 48.893036495899281 ], [ 2.479287897951944, 48.893024095954218 ] ] ] } },
{ "type": "Feature", "properties": { "start_date": 1924, "construction_date.nb": 3, "historic.building": "yes" }, "geometry": { "type": "MultiPolygon", "coordinates": [ [ [ [ 2.479109043380062, 48.892756582494449 ], [ 2.479203402636834, 48.892744942136822 ], [ 2.479203402636917, 48.892744942137121 ], [ 2.479217604177943, 48.892743205270499 ], [ 2.479223926451377, 48.892765625624229 ], [ 2.479209588547099, 48.892767361898564 ], [ 2.479218927030391, 48.892801846103417 ], [ 2.479125385073972, 48.892813579980164 ], [ 2.479109043379205, 48.89275658249651 ], [ 2.479091430577926, 48.892758484377758 ], [ 2.479091430573759, 48.89275848436084 ], [ 2.479109043380062, 48.892756582494449 ] ] ], [ [ [ 2.479133484181177, 48.892890146552695 ], [ 2.479118884876701, 48.892836214346076 ], [ 2.47921924589481, 48.892824510130033 ], [ 2.479233575282945, 48.89287817136848 ], [ 2.479133484181177, 48.892890146552695 ] ] ] ] } },
{ "type": "Feature", "properties": { "start_date": 1927, "construction_date.nb": 1, "historic.building": "yes" }, "geometry": { "type": "Polygon", "coordinates": [ [ [ 2.479091430573759, 48.89275848436084 ], [ 2.479072819436899, 48.892682951228167 ], [ 2.4790554829728, 48.892684494573594 ], [ 2.479049920951184, 48.892654253519439 ], [ 2.479157387841101, 48.892641141371115 ], [ 2.479164724625404, 48.892671210273114 ], [ 2.479182346441496, 48.89266840912294 ], [ 2.479203402636834, 48.892744942136822 ], [ 2.479109043380062, 48.892756582494449 ], [ 2.479091430573759, 48.89275848436084 ] ] ] } },
{ "type": "Feature", "properties": { "start_date": 1934, "construction_date.nb": 1, "historic.building": "yes" }, "geometry": { "type": "Polygon", "coordinates": [ [ [ 2.480090295807073, 48.890786478895699 ], [ 2.4801221, 48.8907823 ], [ 2.480122103415496, 48.890782313965595 ], [ 2.480122056601784, 48.890782318969862 ], [ 2.480090295807073, 48.890786478895699 ] ] ] } },
{ "type": "Feature", "properties": { "start_date": 1930, "construction_date.nb": 1, "historic.building": "yes" }, "geometry": { "type": "Polygon", "coordinates": [ [ [ 2.480122103415496, 48.890782313965595 ], [ 2.4801311, 48.8908191 ], [ 2.4801446, 48.8908182 ], [ 2.4801508, 48.8908413 ], [ 2.4801304, 48.8908442 ], [ 2.4801369, 48.890867799999967 ], [ 2.4800659, 48.890877399999987 ], [ 2.4800585, 48.8908527 ], [ 2.480039, 48.890855099999968 ], [ 2.4800224, 48.8907954 ], [ 2.480090295807073, 48.890786478895699 ], [ 2.480122056601784, 48.890782318969862 ], [ 2.480122103415496, 48.890782313965595 ] ] ] } },
{ "type": "Feature", "properties": { "start_date": 1920, "construction_date.nb": 1, "historic.building": "yes" }, "geometry": { "type": "Polygon", "coordinates": [ [ [ 2.480385012697168, 48.891354597636038 ], [ 2.4805268, 48.891328199999982 ], [ 2.4805536, 48.8913832 ], [ 2.4803966, 48.891412100000018 ], [ 2.48038888577237, 48.891373861386242 ], [ 2.480385015858626, 48.891354613563635 ], [ 2.480385012697168, 48.891354597636038 ] ] ] } },
{ "type": "Feature", "properties": { "start_date": 1936, "construction_date.nb": 1, "historic.building": "yes" }, "geometry": { "type": "Polygon", "coordinates": [ [ [ 2.4815723, 48.891342699999988 ], [ 2.4816418, 48.8913297 ], [ 2.481677, 48.891407400000013 ], [ 2.481643, 48.891414299999973 ], [ 2.4816375, 48.891401099999968 ], [ 2.4816009, 48.891407699999988 ], [ 2.4815723, 48.891342699999988 ] ] ] } },
{ "type": "Feature", "properties": { "start_date": 1970, "construction_date.nb": 1, "historic.building": "yes" }, "geometry": { "type": "Polygon", "coordinates": [ [ [ 2.482273986272213, 48.891430078055571 ], [ 2.482267946687683, 48.891419695791576 ], [ 2.482239245857389, 48.891370918926775 ], [ 2.48223924585867, 48.891370918926491 ], [ 2.482267946696837, 48.89141969579228 ], [ 2.482273986272213, 48.891430078055571 ] ] ] } },
{ "type": "Feature", "properties": { "start_date": 1932, "construction_date.nb": 1, "historic.building": "yes" }, "geometry": { "type": "Polygon", "coordinates": [ [ [ 2.482464924931347, 48.891635033152149 ], [ 2.482480679591312, 48.89166909521068 ], [ 2.482381059304647, 48.891688899145606 ], [ 2.482355566415886, 48.891632941701843 ], [ 2.482449722555575, 48.891614013469436 ], [ 2.482459459092036, 48.891636088693573 ], [ 2.482464924931347, 48.891635033152149 ] ] ] } },
{ "type": "Feature", "properties": { "start_date": 1915, "construction_date.nb": 1, "historic.building": "yes" }, "geometry": { "type": "Polygon", "coordinates": [ [ [ 2.482840315229737, 48.892647486120225 ], [ 2.482825665416241, 48.892650385216982 ], [ 2.482825665412661, 48.892650385217699 ], [ 2.48279257570397, 48.892576498824447 ], [ 2.482770441993833, 48.8925804501309 ], [ 2.482752395189201, 48.892543680281797 ], [ 2.482752395195373, 48.892543680280625 ], [ 2.482835889329734, 48.892527313715007 ], [ 2.482835889333443, 48.892527313714254 ], [ 2.482852193607273, 48.892561018363935 ], [ 2.482890865856597, 48.89255345128808 ], [ 2.482909408151622, 48.892595049284317 ], [ 2.482840315229737, 48.892647486120225 ] ] ] } },
{ "type": "Feature", "properties": { "start_date": 1910, "construction_date.nb": 1, "historic.building": "yes" }, "geometry": { "type": "Polygon", "coordinates": [ [ [ 2.482840315203786, 48.892647486139921 ], [ 2.482825665419409, 48.892650385232763 ], [ 2.482825665412661, 48.892650385217699 ], [ 2.482825665416241, 48.892650385216982 ], [ 2.482840315229737, 48.892647486120225 ], [ 2.482840315203786, 48.892647486139921 ] ] ] } },
{ "type": "Feature", "properties": { "start_date": 1913, "construction_date.nb": 1, "historic.building": "yes" }, "geometry": { "type": "Polygon", "coordinates": [ [ [ 2.480613243328759, 48.892454834391174 ], [ 2.480559566171833, 48.89246386232459 ], [ 2.480527734157547, 48.892469299960766 ], [ 2.480500743622243, 48.892399576208078 ], [ 2.480587630625753, 48.89238493459829 ], [ 2.480594674855943, 48.892403401059298 ], [ 2.480606149558418, 48.892401562250193 ], [ 2.480602966140768, 48.892392555330673 ], [ 2.480679325039777, 48.892380565950511 ], [ 2.480683573465285, 48.892392185497293 ], [ 2.48069845866623, 48.89243128015508 ], [ 2.480699476350532, 48.892434102952045 ], [ 2.480701511093455, 48.89243974690249 ], [ 2.480683344828168, 48.892442455986618 ], [ 2.480613255707181, 48.892454832297105 ], [ 2.480613243328759, 48.892454834391174 ] ] ] } },
{ "type": "Feature", "properties": { "start_date": 1992, "construction_date.nb": 1, "historic.building": "yes" }, "geometry": { "type": "Polygon", "coordinates": [ [ [ 2.480701511124563, 48.892439746895811 ], [ 2.480701511127771, 48.892439746904699 ], [ 2.480683344837591, 48.892442456001056 ], [ 2.480675829629174, 48.892443862306074 ], [ 2.480613255701849, 48.892454832310158 ], [ 2.480613243328759, 48.892454834391174 ], [ 2.480613255707181, 48.892454832297105 ], [ 2.480683344828168, 48.892442455986618 ], [ 2.480701511093455, 48.89243974690249 ], [ 2.480701511124563, 48.892439746895811 ] ] ] } },
{ "type": "Feature", "properties": { "start_date": 1985, "construction_date.nb": 1, "historic.building": "yes" }, "geometry": { "type": "Polygon", "coordinates": [ [ [ 2.480791169179239, 48.893008859890045 ], [ 2.480753079912881, 48.892916875139903 ], [ 2.480810728514561, 48.892907502438753 ], [ 2.480828023083392, 48.892951194010848 ], [ 2.480939627271057, 48.892933511733339 ], [ 2.48095771246385, 48.892979994538706 ], [ 2.480957712431144, 48.892979994544255 ], [ 2.480913718911359, 48.892987717785964 ], [ 2.480804287752322, 48.893006308767021 ], [ 2.48079116918119, 48.893008859889726 ], [ 2.480791169179239, 48.893008859890045 ] ] ] } },
{ "type": "Feature", "properties": { "start_date": 2012, "construction_date.nb": 1, "historic.building": "yes" }, "geometry": { "type": "Polygon", "coordinates": [ [ [ 2.480913718911359, 48.892987717785964 ], [ 2.480913718919348, 48.892987717806967 ], [ 2.480804287744949, 48.893006308775888 ], [ 2.480791169186222, 48.893008859906907 ], [ 2.480791169179239, 48.893008859890045 ], [ 2.48079116918119, 48.893008859889726 ], [ 2.480804287752322, 48.893006308767021 ], [ 2.480913718911359, 48.892987717785964 ] ] ] } },
{ "type": "Feature", "properties": { "start_date": 1928, "construction_date.nb": 2, "historic.building": "yes" }, "geometry": { "type": "MultiPolygon", "coordinates": [ [ [ [ 2.480438360001031, 48.892965511721044 ], [ 2.480541360636086, 48.89294896160019 ], [ 2.480541360639203, 48.892948961608127 ], [ 2.480438360004427, 48.892965511729955 ], [ 2.480438360001031, 48.892965511721044 ] ] ], [ [ [ 2.480403944589879, 48.893110318346814 ], [ 2.480384374342138, 48.893113483884285 ], [ 2.480384251446003, 48.893112134405882 ], [ 2.480377637015187, 48.893091601399242 ], [ 2.480434738545956, 48.89308240640603 ], [ 2.480400132008658, 48.892996821738905 ], [ 2.480498237408294, 48.89297881151785 ], [ 2.480516173309051, 48.893026552785976 ], [ 2.480524642370605, 48.893025240579554 ], [ 2.480547893560917, 48.893087034122118 ], [ 2.480403944589879, 48.893110318346814 ] ] ] ] } },
{ "type": "Feature", "properties": { "start_date": 1914, "construction_date.nb": 1, "historic.building": "yes" }, "geometry": { "type": "Polygon", "coordinates": [ [ [ 2.480438360001031, 48.892965511721044 ], [ 2.480416696193477, 48.892908671248435 ], [ 2.480518750152181, 48.892891307629299 ], [ 2.480538226984767, 48.892940971166006 ], [ 2.480541360636086, 48.89294896160019 ], [ 2.480438360001031, 48.892965511721044 ] ] ] } },
{ "type": "Feature", "properties": { "start_date": 1914, "construction_date.nb": 2, "historic.building": "yes" }, "geometry": { "type": "Polygon", "coordinates": [ [ [ 2.480100938854091, 48.89215970344339 ], [ 2.480193837933145, 48.892143919134071 ], [ 2.480193837939616, 48.892143919155792 ], [ 2.480195409880257, 48.892150400998112 ], [ 2.480199914836964, 48.892149970904363 ], [ 2.480211371387606, 48.892177269758648 ], [ 2.480206866376265, 48.892177699886915 ], [ 2.480224860984373, 48.89221950603725 ], [ 2.480206282933022, 48.892222483056685 ], [ 2.480216640367066, 48.892250586519182 ], [ 2.480119104218364, 48.892266350708987 ], [ 2.480106230131294, 48.892230772011388 ], [ 2.480127812133727, 48.892227448350305 ], [ 2.48011782615953, 48.892203123583329 ], [ 2.48010093886048, 48.892159703460088 ], [ 2.480100938854091, 48.89215970344339 ] ] ] } },
{ "type": "Feature", "properties": { "start_date": 1913, "construction_date.nb": 1, "historic.building": "yes" }, "geometry": { "type": "Polygon", "coordinates": [ [ [ 2.480100938854091, 48.89215970344339 ], [ 2.480074089902807, 48.89208953051984 ], [ 2.480166858794135, 48.892073116155437 ], [ 2.48018200460796, 48.892113381102369 ], [ 2.480185418560336, 48.892112946273123 ], [ 2.480195804690373, 48.892138172071149 ], [ 2.480192254380374, 48.892138606343053 ], [ 2.480193837933145, 48.892143919134071 ], [ 2.480100938854091, 48.89215970344339 ] ] ] } },
{ "type": "Feature", "properties": { "start_date": 1928, "construction_date.nb": 2, "historic.building": "yes" }, "geometry": { "type": "MultiPolygon", "coordinates": [ [ [ [ 2.480416121374451, 48.8931986064906 ], [ 2.480417542167268, 48.893202517187362 ], [ 2.480416121369321, 48.893198606491474 ], [ 2.480416121374451, 48.8931986064906 ] ] ], [ [ [ 2.480209303611894, 48.893176755038368 ], [ 2.480311226332813, 48.893158941373052 ], [ 2.480337450758947, 48.89322344581182 ], [ 2.480235789969177, 48.893242339798775 ], [ 2.480209303611894, 48.893176755038368 ] ] ] ] } },
{ "type": "Feature", "properties": { "start_date": 1927, "construction_date.nb": 1, "historic.building": "yes" }, "geometry": { "type": "Polygon", "coordinates": [ [ [ 2.479888366640899, 48.892905478380996 ], [ 2.479888366642415, 48.892905478385437 ], [ 2.479769519623205, 48.892924567116047 ], [ 2.479735915183197, 48.8929299069245 ], [ 2.479735915178985, 48.892929906911995 ], [ 2.479769519634727, 48.892924567108508 ], [ 2.479888366640899, 48.892905478380996 ] ] ] } },
{ "type": "Feature", "properties": { "start_date": 1909, "construction_date.nb": 1, "historic.building": "yes" }, "geometry": { "type": "Polygon", "coordinates": [ [ [ 2.479735193682559, 48.892927990155961 ], [ 2.479729405088126, 48.892912611855728 ], [ 2.479722521767711, 48.892891717941403 ], [ 2.479745060473546, 48.892888218640209 ], [ 2.479768694790922, 48.892884274411635 ], [ 2.479755532747514, 48.892850223291362 ], [ 2.479754732417228, 48.892848421185825 ], [ 2.479775083678366, 48.892845451940303 ], [ 2.479774688031542, 48.892844101241501 ], [ 2.479812933844424, 48.892838331934719 ], [ 2.479804158254288, 48.892815721125515 ], [ 2.479854840707106, 48.892807397819837 ], [ 2.479860433900574, 48.892820911777747 ], [ 2.479862482322397, 48.892820650892865 ], [ 2.479888001723351, 48.89288740066791 ], [ 2.479882535700127, 48.892888456090553 ], [ 2.479888366640899, 48.892905478380996 ], [ 2.479769519634727, 48.892924567108508 ], [ 2.479735915178985, 48.892929906911995 ], [ 2.479735193682559, 48.892927990155961 ] ] ] } },
{ "type": "Feature", "properties": { "start_date": 1930, "construction_date.nb": 1, "historic.building": "yes" }, "geometry": { "type": "Polygon", "coordinates": [ [ [ 2.479367326288349, 48.892459763931676 ], [ 2.479367326286876, 48.892459763926375 ], [ 2.479388850575457, 48.892457072698342 ], [ 2.479367326288349, 48.892459763931676 ] ] ] } },
{ "type": "Feature", "properties": { "start_date": 1935, "construction_date.nb": 1, "historic.building": "yes" }, "geometry": { "type": "Polygon", "coordinates": [ [ [ 2.479388850575457, 48.892457072698342 ], [ 2.479452127591182, 48.89244916101309 ], [ 2.47947806667049, 48.892446575840452 ], [ 2.479497936247232, 48.892519056751674 ], [ 2.47938746758081, 48.892532335987404 ], [ 2.479367326288349, 48.892459763931676 ], [ 2.479388850575457, 48.892457072698342 ] ] ] } },
{ "type": "Feature", "properties": { "start_date": 1925, "construction_date.nb": 1, "historic.building": "yes" }, "geometry": { "type": "Polygon", "coordinates": [ [ [ 2.47952671363863, 48.892938118320984 ], [ 2.4795834, 48.892931100000013 ], [ 2.479583409213085, 48.892931134515422 ], [ 2.47952671363863, 48.892938118320984 ] ] ] } },
{ "type": "Feature", "properties": { "start_date": 1930, "construction_date.nb": 2, "historic.building": "yes" }, "geometry": { "type": "MultiPolygon", "coordinates": [ [ [ [ 2.479735193682559, 48.892927990155961 ], [ 2.479735915178985, 48.892929906911995 ], [ 2.479735915183197, 48.8929299069245 ], [ 2.479735915179895, 48.892929906925048 ], [ 2.479735193682559, 48.892927990155961 ] ] ], [ [ [ 2.47952671363863, 48.892938118320984 ], [ 2.479583409213085, 48.892931134515422 ], [ 2.4796039, 48.893007899999972 ], [ 2.4795109, 48.8930212 ], [ 2.4794889, 48.892942799999986 ], [ 2.47952671363863, 48.892938118320984 ] ] ] ] } },
{ "type": "Feature", "properties": { "start_date": 1924, "construction_date.nb": 1, "historic.building": "yes" }, "geometry": { "type": "Polygon", "coordinates": [ [ [ 2.479634227308087, 48.893033425429152 ], [ 2.479652965160429, 48.893096368650625 ], [ 2.479545221143577, 48.893109839735544 ], [ 2.479527833721699, 48.893048251312365 ], [ 2.479634227308087, 48.893033425429152 ] ] ] } },
{ "type": "Feature", "properties": { "start_date": 1922, "construction_date.nb": 1, "historic.building": "yes" }, "geometry": { "type": "Polygon", "coordinates": [ [ [ 2.479725494830025, 48.893331224003994 ], [ 2.479731020650871, 48.893351482497202 ], [ 2.479605370542602, 48.893368832793264 ], [ 2.479583799208967, 48.893302819609204 ], [ 2.479595135936761, 48.8933011601641 ], [ 2.479583668044965, 48.893261360818137 ], [ 2.479683363158275, 48.893248124509164 ], [ 2.479695227722333, 48.893289184632827 ], [ 2.479686078444655, 48.893290313958879 ], [ 2.479695327708965, 48.893320121336295 ], [ 2.479707616408253, 48.893318735833184 ], [ 2.479711569509893, 48.893332602398281 ], [ 2.479725494830025, 48.893331224003994 ] ] ] } },
{ "type": "Feature", "properties": { "start_date": 1930, "construction_date.nb": 1, "historic.building": "yes" }, "geometry": { "type": "Polygon", "coordinates": [ [ [ 2.479603194293317, 48.893460504090974 ], [ 2.4796154, 48.893458599999988 ], [ 2.4796569, 48.893453299999962 ], [ 2.479656906196218, 48.89345332122204 ], [ 2.47965689904539, 48.893453322089051 ], [ 2.479615384077649, 48.893458627484719 ], [ 2.479603194293317, 48.893460504090974 ] ] ] } },
{ "type": "Feature", "properties": { "start_date": 1920, "construction_date.nb": 1, "historic.building": "yes" }, "geometry": { "type": "Polygon", "coordinates": [ [ [ 2.479771227529736, 48.893528227913919 ], [ 2.479765301312561, 48.893510539552061 ], [ 2.479765292414074, 48.893510500969697 ], [ 2.4797653, 48.8935105 ], [ 2.479771238208816, 48.893528226348678 ], [ 2.479771227529736, 48.893528227913919 ] ] ] } },
{ "type": "Feature", "properties": { "start_date": 1948, "construction_date.nb": 1, "historic.building": "yes" }, "geometry": { "type": "Polygon", "coordinates": [ [ [ 2.479614604554325, 48.893549901303636 ], [ 2.4795904, 48.8934625 ], [ 2.479603194293317, 48.893460504090974 ], [ 2.479615384077649, 48.893458627484719 ], [ 2.47965689904539, 48.893453322089051 ], [ 2.479656906196218, 48.89345332122204 ], [ 2.4796769, 48.893521799999959 ], [ 2.479765292414074, 48.893510500969697 ], [ 2.479765301312561, 48.893510539552061 ], [ 2.479771227529736, 48.893528227913919 ], [ 2.479683850234633, 48.893541034895456 ], [ 2.479614604554325, 48.893549901303636 ] ] ] } },
{ "type": "Feature", "properties": { "start_date": 1930, "construction_date.nb": 2, "historic.building": "yes" }, "geometry": { "type": "MultiPolygon", "coordinates": [ [ [ [ 2.482336181378806, 48.891333027330049 ], [ 2.482336181387729, 48.891333027349212 ], [ 2.482257452340651, 48.891350403395762 ], [ 2.482245318392317, 48.891322562226449 ], [ 2.482324171252845, 48.891306445716431 ], [ 2.482324858342287, 48.891307966427391 ], [ 2.482336181378806, 48.891333027330049 ] ] ], [ [ [ 2.482267946696837, 48.89141969579228 ], [ 2.48223924585867, 48.891370918926491 ], [ 2.482327258402582, 48.891352593774016 ], [ 2.482362807724023, 48.891425861482098 ], [ 2.48228095349428, 48.891442054956364 ], [ 2.482273986272213, 48.891430078055571 ], [ 2.482267946696837, 48.89141969579228 ] ] ] ] } },
{ "type": "Feature", "properties": { "start_date": 1910, "construction_date.nb": 1, "historic.building": "yes" }, "geometry": { "type": "Polygon", "coordinates": [ [ [ 2.4826541, 48.8923346 ], [ 2.4827455, 48.8923176 ], [ 2.4827548, 48.892339 ], [ 2.4827655, 48.89233669999998 ], [ 2.4827799, 48.892371300000015 ], [ 2.4826793, 48.892391399999958 ], [ 2.4826541, 48.8923346 ] ] ] } },
{ "type": "Feature", "properties": { "start_date": 1979, "construction_date.nb": 1, "historic.building": "yes" }, "geometry": { "type": "Polygon", "coordinates": [ [ [ 2.48095771246385, 48.892979994538706 ], [ 2.480957712469554, 48.892979994553343 ], [ 2.480913718933229, 48.892987717804601 ], [ 2.480913718919348, 48.892987717806967 ], [ 2.480913718911359, 48.892987717785964 ], [ 2.480957712431144, 48.892979994544255 ], [ 2.48095771246385, 48.892979994538706 ] ] ] } },
{ "type": "Feature", "properties": { "start_date": 1930, "construction_date.nb": 1, "historic.building": "yes" }, "geometry": { "type": "Polygon", "coordinates": [ [ [ 2.48038888577237, 48.891373861386242 ], [ 2.480385, 48.891354599999964 ], [ 2.480385012697168, 48.891354597636038 ], [ 2.480385015858626, 48.891354613563635 ], [ 2.48038888577237, 48.891373861386242 ] ] ] } },
{ "type": "Feature", "properties": { "start_date": 1924, "construction_date.nb": 1, "historic.building": "yes" }, "geometry": { "type": "Polygon", "coordinates": [ [ [ 2.482057942038658, 48.893193035974058 ], [ 2.4820479, 48.893166800000017 ], [ 2.4821483, 48.8931495 ], [ 2.4821467, 48.893143699999968 ], [ 2.482197022849955, 48.893135694092635 ], [ 2.482136672437428, 48.893181494603652 ], [ 2.482057942038658, 48.893193035974058 ] ] ] } },
{ "type": "Feature", "properties": { "start_date": 1910, "construction_date.nb": 2, "historic.building": "yes" }, "geometry": { "type": "MultiPolygon", "coordinates": [ [ [ [ 2.482692051533394, 48.892453758337354 ], [ 2.482809167230147, 48.892430252590927 ], [ 2.482847343741561, 48.892513783597046 ], [ 2.482731183421536, 48.892537203556266 ], [ 2.482692051533394, 48.892453758337354 ] ] ], [ [ [ 2.482752395195373, 48.892543680280625 ], [ 2.482752395189201, 48.892543680281797 ], [ 2.482752395188299, 48.892543680279971 ], [ 2.482835889330835, 48.892527313708861 ], [ 2.482835889333443, 48.892527313714254 ], [ 2.482835889329734, 48.892527313715007 ], [ 2.482752395195373, 48.892543680280625 ] ] ] ] } },
{ "type": "Feature", "properties": { "start_date": 1920, "construction_date.nb": 1, "historic.building": "yes" }, "geometry": { "type": "Polygon", "coordinates": [ [ [ 2.480425546026937, 48.893224547515338 ], [ 2.480417542167268, 48.893202517187362 ], [ 2.480416121374451, 48.8931986064906 ], [ 2.480516262117823, 48.893181684251466 ], [ 2.480521959628662, 48.893198436135989 ], [ 2.480521959607124, 48.893198436139834 ], [ 2.480523614586349, 48.893203504024555 ], [ 2.480524871154956, 48.893207351947204 ], [ 2.480425546026937, 48.893224547515338 ] ] ] } },
{ "type": "Feature", "properties": { "start_date": 1920, "construction_date.nb": 1, "historic.building": "yes" }, "geometry": { "type": "Polygon", "coordinates": [ [ [ 2.482334319467423, 48.890476593397345 ], [ 2.482331, 48.890467199999975 ], [ 2.482331000920183, 48.890467199864844 ], [ 2.482331014675993, 48.890467237061216 ], [ 2.482334319467423, 48.890476593397345 ] ] ] } },
{ "type": "Feature", "properties": { "start_date": 1925, "construction_date.nb": 1, "historic.building": "yes" }, "geometry": { "type": "Polygon", "coordinates": [ [ [ 2.482774906473812, 48.891548267112221 ], [ 2.482646097867736, 48.89157448294997 ], [ 2.482646092539569, 48.891574484033264 ], [ 2.482614, 48.891505799999983 ], [ 2.482750284957217, 48.891478899051577 ], [ 2.482774906473812, 48.891548267112221 ] ] ] } },
{ "type": "Feature", "properties": { "start_date": 1924, "construction_date.nb": 1, "historic.building": "yes" }, "geometry": { "type": "Polygon", "coordinates": [ [ [ 2.482774908098771, 48.891548271690333 ], [ 2.4826461, 48.891574499999955 ], [ 2.482646092539569, 48.891574484033264 ], [ 2.482646097867736, 48.89157448294997 ], [ 2.482774906473812, 48.891548267112221 ], [ 2.482774908098771, 48.891548271690333 ] ] ] } },
{ "type": "Feature", "properties": { "start_date": 1912, "construction_date.nb": 1, "historic.building": "yes" }, "geometry": { "type": "Polygon", "coordinates": [ [ [ 2.482995291036022, 48.892169164399704 ], [ 2.482925497281264, 48.892183714193308 ], [ 2.482892785632417, 48.892112977022983 ], [ 2.482902494398633, 48.892110410937022 ], [ 2.482895931504299, 48.892098331824748 ], [ 2.482964664782931, 48.892085049028339 ], [ 2.482969022647997, 48.892095158364782 ], [ 2.482995291036022, 48.892169164399704 ] ] ] } },
{ "type": "Feature", "properties": { "start_date": 1910, "construction_date.nb": 1, "historic.building": "yes" }, "geometry": { "type": "Polygon", "coordinates": [ [ [ 2.483044513842268, 48.892307839403138 ], [ 2.482988292727654, 48.892318784911879 ], [ 2.4829428, 48.8922244 ], [ 2.483009989817894, 48.8922105752386 ], [ 2.483044513842268, 48.892307839403138 ] ] ] } },
{ "type": "Feature", "properties": { "start_date": 1914, "construction_date.nb": 2, "historic.building": "yes" }, "geometry": { "type": "MultiPolygon", "coordinates": [ [ [ [ 2.483044519565335, 48.892307855526631 ], [ 2.4829883, 48.89231879999997 ], [ 2.482988292727654, 48.892318784911879 ], [ 2.483044513842268, 48.892307839403138 ], [ 2.483044519565335, 48.892307855526631 ] ] ], [ [ [ 2.483075160040525, 48.892394178283922 ], [ 2.483025871871747, 48.892403939220856 ], [ 2.482995436400187, 48.892337438659197 ], [ 2.483051124551031, 48.892326463637872 ], [ 2.483075160040525, 48.892394178283922 ] ] ] ] } },
{ "type": "Feature", "properties": { "start_date": 1890, "construction_date.nb": 1, "historic.building": "yes" }, "geometry": { "type": "Polygon", "coordinates": [ [ [ 2.483060894390876, 48.892480080986076 ], [ 2.483042967741915, 48.892440345196896 ], [ 2.483088432261383, 48.892431569733645 ], [ 2.483096153208123, 48.892453321710512 ], [ 2.483060894390876, 48.892480080986076 ] ] ] } },
{ "type": "Feature", "properties": { "start_date": 1928, "construction_date.nb": 1, "historic.building": "yes" }, "geometry": { "type": "Polygon", "coordinates": [ [ [ 2.482399574274607, 48.890490793856181 ], [ 2.482411584763614, 48.890524633313731 ], [ 2.4823545, 48.890533700000013 ], [ 2.482334319467423, 48.890476593397345 ], [ 2.482331014675993, 48.890467237061216 ], [ 2.482331000920183, 48.890467199864844 ], [ 2.482338195039824, 48.890466143387449 ], [ 2.482399574274607, 48.890490793856181 ] ] ] } },
{ "type": "Feature", "properties": { "start_date": 1939, "construction_date.nb": 1, "historic.building": "yes" }, "geometry": { "type": "Polygon", "coordinates": [ [ [ 2.479199357884089, 48.889254538986826 ], [ 2.47928562424498, 48.889242193257068 ], [ 2.479199243815374, 48.889254732358182 ], [ 2.479199357884089, 48.889254538986826 ] ] ] } },
{ "type": "Feature", "properties": { "start_date": 1937, "construction_date.nb": 1, "historic.building": "yes" }, "geometry": { "type": "Polygon", "coordinates": [ [ [ 2.479289395722867, 48.889241645782654 ], [ 2.47928562424498, 48.889242193257068 ], [ 2.479199357884089, 48.889254538986826 ], [ 2.479222753387039, 48.889214878471705 ], [ 2.479289395722867, 48.889241645782654 ] ] ] } },
{ "type": "Feature", "properties": { "start_date": 1936, "construction_date.nb": 1, "historic.building": "yes" }, "geometry": { "type": "Polygon", "coordinates": [ [ [ 2.479623047449445, 48.889445979815648 ], [ 2.4796161, 48.889446799999973 ], [ 2.479616098590432, 48.889446795585819 ], [ 2.479623047449445, 48.889445979815648 ] ] ] } },
{ "type": "Feature", "properties": { "start_date": 1954, "construction_date.nb": 1, "historic.building": "yes" }, "geometry": { "type": "Polygon", "coordinates": [ [ [ 2.478951211618417, 48.890702698021329 ], [ 2.4789512, 48.890702699999984 ], [ 2.478933133432365, 48.89064886902333 ], [ 2.478951204682135, 48.890702676924178 ], [ 2.478951211618417, 48.890702698021329 ] ] ] } },
{ "type": "Feature", "properties": { "start_date": 1956, "construction_date.nb": 1, "historic.building": "yes" }, "geometry": { "type": "Polygon", "coordinates": [ [ [ 2.47804265177524, 48.891215325500006 ], [ 2.4780673, 48.8912129 ], [ 2.4780847, 48.891284399999989 ], [ 2.478039179921173, 48.891288704320814 ], [ 2.478019819948429, 48.89125402713114 ], [ 2.47804265177524, 48.891215325500006 ] ] ] } },
{ "type": "Feature", "properties": { "start_date": 1928, "construction_date.nb": 1, "historic.building": "yes" }, "geometry": { "type": "Polygon", "coordinates": [ [ [ 2.479456630495464, 48.891535697308449 ], [ 2.4794566, 48.89153569999997 ], [ 2.479456319923221, 48.891534337108297 ], [ 2.479456623395167, 48.89153565981632 ], [ 2.479456630495464, 48.891535697308449 ] ] ] } },
{ "type": "Feature", "properties": { "start_date": 1935, "construction_date.nb": 1, "historic.building": "yes" }, "geometry": { "type": "Polygon", "coordinates": [ [ [ 2.479561250181086, 48.891448518781843 ], [ 2.4795733, 48.8915254 ], [ 2.479456630495464, 48.891535697308449 ], [ 2.479456623395167, 48.89153565981632 ], [ 2.479456319923221, 48.891534337108297 ], [ 2.4794439, 48.8914739 ], [ 2.4795124, 48.891469 ], [ 2.4795079, 48.89143940000001 ], [ 2.479559094397366, 48.891434800503362 ], [ 2.479559100026653, 48.891434842709444 ], [ 2.479561250181086, 48.891448518781843 ] ] ] } },
{ "type": "Feature", "properties": { "start_date": 1997, "construction_date.nb": 1, "historic.building": "yes" }, "geometry": { "type": "Polygon", "coordinates": [ [ [ 2.479559094397366, 48.891434800503362 ], [ 2.4795591, 48.8914348 ], [ 2.479561250181086, 48.891448518781843 ], [ 2.479559100026653, 48.891434842709444 ], [ 2.479559094397366, 48.891434800503362 ] ] ] } },
{ "type": "Feature", "properties": { "start_date": 1922, "construction_date.nb": 1, "historic.building": "yes" }, "geometry": { "type": "Polygon", "coordinates": [ [ [ 2.479559094397366, 48.891434800503362 ], [ 2.4795591, 48.8914348 ], [ 2.479561250181086, 48.891448518781843 ], [ 2.479559100026653, 48.891434842709444 ], [ 2.479559094397366, 48.891434800503362 ] ] ] } },
{ "type": "Feature", "properties": { "start_date": 1924, "construction_date.nb": 1, "historic.building": "yes" }, "geometry": { "type": "Polygon", "coordinates": [ [ [ 2.479955298757907, 48.891737291408845 ], [ 2.4799469, 48.891679199999977 ], [ 2.4800505, 48.891669700000016 ], [ 2.480061190952832, 48.891728670681928 ], [ 2.480061190938636, 48.891728670683044 ], [ 2.479985984051187, 48.891734639296089 ], [ 2.479955298757907, 48.891737291408845 ] ] ] } },
{ "type": "Feature", "properties": { "start_date": 1913, "construction_date.nb": 1, "historic.building": "yes" }, "geometry": { "type": "Polygon", "coordinates": [ [ [ 2.480061190952832, 48.891728670681928 ], [ 2.480061190956153, 48.89172867070026 ], [ 2.4799553, 48.891737299999988 ], [ 2.479955298757907, 48.891737291408845 ], [ 2.479985984051187, 48.891734639296089 ], [ 2.480061190938636, 48.891728670683044 ], [ 2.480061190952832, 48.891728670681928 ] ] ] } },
{ "type": "Feature", "properties": { "start_date": 1935, "construction_date.nb": 1, "historic.building": "yes" }, "geometry": { "type": "Polygon", "coordinates": [ [ [ 2.479578, 48.89006 ], [ 2.4794685, 48.890077199999986 ], [ 2.4794432, 48.8900022 ], [ 2.4795011, 48.8899948 ], [ 2.4795534, 48.889986699999966 ], [ 2.4795582, 48.890000499999964 ], [ 2.479578, 48.89006 ] ] ] } },
{ "type": "Feature", "properties": { "start_date": 1937, "construction_date.nb": 1, "historic.building": "yes" }, "geometry": { "type": "Polygon", "coordinates": [ [ [ 2.479671030178982, 48.889394930357021 ], [ 2.4796852, 48.889436899999978 ], [ 2.4796449, 48.889443399999976 ], [ 2.479623047449445, 48.889445979815648 ], [ 2.479616098590432, 48.889446795585819 ], [ 2.4796085, 48.889423 ], [ 2.479582, 48.889428 ], [ 2.4795684, 48.889388399999987 ], [ 2.479632093520774, 48.889379291437258 ], [ 2.479671030178982, 48.889394930357021 ] ] ] } },
{ "type": "Feature", "properties": { "start_date": 1939, "construction_date.nb": 1, "historic.building": "yes" }, "geometry": { "type": "Polygon", "coordinates": [ [ [ 2.4788009, 48.891757699999985 ], [ 2.4789147, 48.891747699999968 ], [ 2.4789241, 48.891791699999978 ], [ 2.4789981, 48.89178559999997 ], [ 2.4790046, 48.8918163 ], [ 2.4789294, 48.891823099999989 ], [ 2.4789369, 48.891864299999966 ], [ 2.4788234, 48.891874799999968 ], [ 2.4788009, 48.891757699999985 ] ] ] } }
]
}
