{
"type": "FeatureCollection",
"name": "raw_buffers",
"crs": { "type": "name", "properties": { "name": "urn:ogc:def:crs:OGC:1.3:CRS84" } },
"xy_coordinate_resolution": 1e-15,
"features": [
{ "type": "Feature", "properties": { "osm_id": "25415571", "name": "Avenue Jean-Baptiste Devillers", "highway": "residential", "waterway": null, "aerialway": null, "barrier": null, "man_made": null, "railway": null, "z_order": 3, "other_tags": "\"oneway\"=>\"yes\",\"surface\"=>\"asphalt\",\"was:name\"=>\"Chemin Latéral\"", "access": null, "bicycle": null, "boundary": null, "bridge": null, "cycleway": null, "cycleway:right": null, "destination": null, "destination:colour": null, "destination:ref": null, "destination:ref:to": null, "destination:symbol:to": null, "destination:to": null, "foot": null, "footway": null, "horse": null, "int_ref": null, "junction:ref": null, "lane_markings": null, "lanes": null, "layer": null, "lit": null, "maxspeed": null, "maxweight:signed": null, "maxweightrating:signed": null, "motor_vehicle": null, "name:etymology:wikidata": null, "nat_ref": null, "oneway": "yes", "operator": null, "operator:wikidata": null, "political_division": null, "ref": null, "segregated": null, "sidewalk": null, "smoothness": null, "source:maxspeed": null, "surface": "asphalt", "toll": null, "tunnel": null, "turn:lanes": null, "was:name": "Chemin Latéral", "width": "6", "id_on_layer": 1 }, "geometry": { "type": "MultiPolygon", "coordinates": [ [ [ [ 2.480083721642474, 48.908390298058023 ], [ 2.480083415511232, 48.908390286320163 ], [ 2.478926919389692, 48.908348086461523 ], [ 2.478855822440584, 48.908345486573069 ], [ 2.478849777555076, 48.908417313426618 ], [ 2.478920877605874, 48.908419913428475 ], [ 2.480077231393508, 48.908462108094085 ], [ 2.480156678409576, 48.908465301943934 ], [ 2.480163321585659, 48.908393498055752 ], [ 2.480083721642474, 48.908390298058023 ] ] ] ] } },
{ "type": "Feature", "properties": { "osm_id": "25415571", "name": "Avenue Jean-Baptiste Devillers", "highway": "residential", "waterway": null, "aerialway": null, "barrier": null, "man_made": null, "railway": null, "z_order": 3, "other_tags": "\"oneway\"=>\"yes\",\"surface\"=>\"asphalt\",\"was:name\"=>\"Chemin Latéral\"", "access": null, "bicycle": null, "boundary": null, "bridge": null, "cycleway": null, "cycleway:right": null, "destination": null, "destination:colour": null, "destination:ref": null, "destination:ref:to": null, "destination:symbol:to": null, "destination:to": null, "foot": null, "footway": null, "horse": null, "int_ref": null, "junction:ref": null, "lane_markings": null, "lanes": null, "layer": null, "lit": null, "maxspeed": null, "maxweight:signed": null, "maxweightrating:signed": null, "motor_vehicle": null, "name:etymology:wikidata": null, "nat_ref": null, "oneway": "yes", "operator": null, "operator:wikidata": null, "political_division": null, "ref": null, "segregated": null, "sidewalk": null, "smoothness": null, "source:maxspeed": null, "surface": "asphalt", "toll": null, "tunnel": null, "turn:lanes": null, "was:name": "Chemin Latéral", "width": "6", "id_on_layer": 2 }, "geometry": { "type": "MultiPolygon", "coordinates": [ [ [ [ 2.478121797662357, 48.908304559260898 ], [ 2.478118186133349, 48.908304437226526 ], [ 2.47763150321986, 48.90829863743015 ], [ 2.477574719997879, 48.90829793763691 ], [ 2.47757268000065, 48.908369862362868 ], [ 2.477629480041397, 48.908370562363359 ], [ 2.478114405029086, 48.908376341221164 ], [ 2.478848202853399, 48.908417240767754 ], [ 2.478857397140018, 48.908345559231826 ], [ 2.478121797662357, 48.908304559260898 ] ] ] ] } },
{ "type": "Feature", "properties": { "osm_id": "25415571", "name": "Avenue Jean-Baptiste Devillers", "highway": "residential", "waterway": null, "aerialway": null, "barrier": null, "man_made": null, "railway": null, "z_order": 3, "other_tags": "\"oneway\"=>\"yes\",\"surface\"=>\"asphalt\",\"was:name\"=>\"Chemin Latéral\"", "access": null, "bicycle": null, "boundary": null, "bridge": null, "cycleway": null, "cycleway:right": null, "destination": null, "destination:colour": null, "destination:ref": null, "destination:ref:to": null, "destination:symbol:to": null, "destination:to": null, "foot": null, "footway": null, "horse": null, "int_ref": null, "junction:ref": null, "lane_markings": null, "lanes": null, "layer": null, "lit": null, "maxspeed": null, "maxweight:signed": null, "maxweightrating:signed": null, "motor_vehicle": null, "name:etymology:wikidata": null, "nat_ref": null, "oneway": "yes", "operator": null, "operator:wikidata": null, "political_division": null, "ref": null, "segregated": null, "sidewalk": null, "smoothness": null, "source:maxspeed": null, "surface": "asphalt", "toll": null, "tunnel": null, "turn:lanes": null, "was:name": "Chemin Latéral", "width": "6", "id_on_layer": 3 }, "geometry": { "type": "MultiPolygon", "coordinates": [ [ [ [ 2.477503781300807, 48.908293206692171 ], [ 2.476294702841777, 48.908213908104919 ], [ 2.476283897150497, 48.908285491894596 ], [ 2.477492998005514, 48.908364791950738 ], [ 2.477568339437278, 48.908369694657353 ], [ 2.477579060555057, 48.908298105342183 ], [ 2.477503781300807, 48.908293206692171 ] ] ] ] } },
{ "type": "Feature", "properties": { "osm_id": "25415571", "name": "Avenue Jean-Baptiste Devillers", "highway": "residential", "waterway": null, "aerialway": null, "barrier": null, "man_made": null, "railway": null, "z_order": 3, "other_tags": "\"oneway\"=>\"yes\",\"surface\"=>\"asphalt\",\"was:name\"=>\"Chemin Latéral\"", "access": null, "bicycle": null, "boundary": null, "bridge": null, "cycleway": null, "cycleway:right": null, "destination": null, "destination:colour": null, "destination:ref": null, "destination:ref:to": null, "destination:symbol:to": null, "destination:to": null, "foot": null, "footway": null, "horse": null, "int_ref": null, "junction:ref": null, "lane_markings": null, "lanes": null, "layer": null, "lit": null, "maxspeed": null, "maxweight:signed": null, "maxweightrating:signed": null, "motor_vehicle": null, "name:etymology:wikidata": null, "nat_ref": null, "oneway": "yes", "operator": null, "operator:wikidata": null, "political_division": null, "ref": null, "segregated": null, "sidewalk": null, "smoothness": null, "source:maxspeed": null, "surface": "asphalt", "toll": null, "tunnel": null, "turn:lanes": null, "was:name": "Chemin Latéral", "width": "6", "id_on_layer": 4 }, "geometry": { "type": "MultiPolygon", "coordinates": [ [ [ [ 2.476183263191831, 48.908207468654751 ], [ 2.476182608684939, 48.908207433463701 ], [ 2.474969309548353, 48.908147033506559 ], [ 2.474892604208826, 48.908143233239592 ], [ 2.473572119732113, 48.908077334014067 ], [ 2.473563880261982, 48.908149065985548 ], [ 2.474884381201639, 48.908214966032311 ], [ 2.474961100418182, 48.908218766989556 ], [ 2.476174063895296, 48.908279150238485 ], [ 2.476284536879964, 48.908285531349357 ], [ 2.476294063113217, 48.908213868650222 ], [ 2.476183263191831, 48.908207468654751 ] ] ] ] } },
{ "type": "Feature", "properties": { "osm_id": "25415621", "name": "Rue François Martin", "highway": "residential", "waterway": null, "aerialway": null, "barrier": null, "man_made": null, "railway": null, "z_order": 3, "other_tags": "\"lit\"=>\"yes\",\"surface\"=>\"asphalt\"", "access": null, "bicycle": null, "boundary": null, "bridge": null, "cycleway": null, "cycleway:right": null, "destination": null, "destination:colour": null, "destination:ref": null, "destination:ref:to": null, "destination:symbol:to": null, "destination:to": null, "foot": null, "footway": null, "horse": null, "int_ref": null, "junction:ref": null, "lane_markings": null, "lanes": null, "layer": null, "lit": "yes", "maxspeed": null, "maxweight:signed": null, "maxweightrating:signed": null, "motor_vehicle": null, "name:etymology:wikidata": null, "nat_ref": null, "oneway": null, "operator": null, "operator:wikidata": null, "political_division": null, "ref": null, "segregated": null, "sidewalk": null, "smoothness": null, "source:maxspeed": null, "surface": "asphalt", "toll": null, "tunnel": null, "turn:lanes": null, "was:name": null, "width": "6", "id_on_layer": 5 }, "geometry": { "type": "MultiPolygon", "coordinates": [ [ [ [ 2.479894952341245, 48.909088999300359 ], [ 2.479888247653946, 48.909160800699318 ], [ 2.479972047713753, 48.909164200701731 ], [ 2.479978752281436, 48.909092399297947 ], [ 2.479894952341245, 48.909088999300359 ] ] ] ] } },
{ "type": "Feature", "properties": { "osm_id": "25415621", "name": "Rue François Martin", "highway": "residential", "waterway": null, "aerialway": null, "barrier": null, "man_made": null, "railway": null, "z_order": 3, "other_tags": "\"lit\"=>\"yes\",\"surface\"=>\"asphalt\"", "access": null, "bicycle": null, "boundary": null, "bridge": null, "cycleway": null, "cycleway:right": null, "destination": null, "destination:colour": null, "destination:ref": null, "destination:ref:to": null, "destination:symbol:to": null, "destination:to": null, "foot": null, "footway": null, "horse": null, "int_ref": null, "junction:ref": null, "lane_markings": null, "lanes": null, "layer": null, "lit": "yes", "maxspeed": null, "maxweight:signed": null, "maxweightrating:signed": null, "motor_vehicle": null, "name:etymology:wikidata": null, "nat_ref": null, "oneway": null, "operator": null, "operator:wikidata": null, "political_division": null, "ref": null, "segregated": null, "sidewalk": null, "smoothness": null, "source:maxspeed": null, "surface": "asphalt", "toll": null, "tunnel": null, "turn:lanes": null, "was:name": null, "width": "6.557221707054975", "id_on_layer": 6 }, "geometry": { "type": "MultiPolygon", "coordinates": [ [ [ [ 2.478780322981718, 48.909040800233768 ], [ 2.478773077012723, 48.909117599765857 ], [ 2.479887977863752, 48.909163299800561 ], [ 2.479895222130691, 48.909086500199074 ], [ 2.478780322981718, 48.909040800233768 ] ] ] ] } },
{ "type": "Feature", "properties": { "osm_id": "25415621", "name": "Rue François Martin", "highway": "residential", "waterway": null, "aerialway": null, "barrier": null, "man_made": null, "railway": null, "z_order": 3, "other_tags": "\"lit\"=>\"yes\",\"surface\"=>\"asphalt\"", "access": null, "bicycle": null, "boundary": null, "bridge": null, "cycleway": null, "cycleway:right": null, "destination": null, "destination:colour": null, "destination:ref": null, "destination:ref:to": null, "destination:symbol:to": null, "destination:to": null, "foot": null, "footway": null, "horse": null, "int_ref": null, "junction:ref": null, "lane_markings": null, "lanes": null, "layer": null, "lit": "yes", "maxspeed": null, "maxweight:signed": null, "maxweightrating:signed": null, "motor_vehicle": null, "name:etymology:wikidata": null, "nat_ref": null, "oneway": null, "operator": null, "operator:wikidata": null, "political_division": null, "ref": null, "segregated": null, "sidewalk": null, "smoothness": null, "source:maxspeed": null, "surface": "asphalt", "toll": null, "tunnel": null, "turn:lanes": null, "was:name": null, "width": "7.670611944645536", "id_on_layer": 7 }, "geometry": { "type": "MultiPolygon", "coordinates": [ [ [ [ 2.477502695243311, 48.908983404030238 ], [ 2.477494504749589, 48.909070195969271 ], [ 2.478772605852123, 48.909122596014235 ], [ 2.478780794140779, 48.909035803985276 ], [ 2.477502695243311, 48.908983404030238 ] ] ] ] } },
{ "type": "Feature", "properties": { "osm_id": "25415621", "name": "Rue François Martin", "highway": "residential", "waterway": null, "aerialway": null, "barrier": null, "man_made": null, "railway": null, "z_order": 3, "other_tags": "\"lit\"=>\"yes\",\"surface\"=>\"asphalt\"", "access": null, "bicycle": null, "boundary": null, "bridge": null, "cycleway": null, "cycleway:right": null, "destination": null, "destination:colour": null, "destination:ref": null, "destination:ref:to": null, "destination:symbol:to": null, "destination:to": null, "foot": null, "footway": null, "horse": null, "int_ref": null, "junction:ref": null, "lane_markings": null, "lanes": null, "layer": null, "lit": "yes", "maxspeed": null, "maxweight:signed": null, "maxweightrating:signed": null, "motor_vehicle": null, "name:etymology:wikidata": null, "nat_ref": null, "oneway": null, "operator": null, "operator:wikidata": null, "political_division": null, "ref": null, "segregated": null, "sidewalk": null, "smoothness": null, "source:maxspeed": null, "surface": "asphalt", "toll": null, "tunnel": null, "turn:lanes": null, "was:name": null, "width": "7.11818509605189", "id_on_layer": 8 }, "geometry": { "type": "MultiPolygon", "coordinates": [ [ [ [ 2.476391052623836, 48.90893211389011 ], [ 2.476381947368727, 48.90901388610942 ], [ 2.477494048271199, 48.90906768615293 ], [ 2.477503151721366, 48.908985913846593 ], [ 2.476391052623836, 48.90893211389011 ] ] ] ] } },
{ "type": "Feature", "properties": { "osm_id": "25415621", "name": "Rue François Martin", "highway": "residential", "waterway": null, "aerialway": null, "barrier": null, "man_made": null, "railway": null, "z_order": 3, "other_tags": "\"lit\"=>\"yes\",\"surface\"=>\"asphalt\"", "access": null, "bicycle": null, "boundary": null, "bridge": null, "cycleway": null, "cycleway:right": null, "destination": null, "destination:colour": null, "destination:ref": null, "destination:ref:to": null, "destination:symbol:to": null, "destination:to": null, "foot": null, "footway": null, "horse": null, "int_ref": null, "junction:ref": null, "lane_markings": null, "lanes": null, "layer": null, "lit": "yes", "maxspeed": null, "maxweight:signed": null, "maxweightrating:signed": null, "motor_vehicle": null, "name:etymology:wikidata": null, "nat_ref": null, "oneway": null, "operator": null, "operator:wikidata": null, "political_division": null, "ref": null, "segregated": null, "sidewalk": null, "smoothness": null, "source:maxspeed": null, "surface": "asphalt", "toll": null, "tunnel": null, "turn:lanes": null, "was:name": null, "width": "7.237037357046622", "id_on_layer": 9 }, "geometry": { "type": "MultiPolygon", "coordinates": [ [ [ [ 2.476198453782249, 48.908922378157179 ], [ 2.476189346210215, 48.909005221842328 ], [ 2.476381946368579, 48.909014421849875 ], [ 2.476391053623885, 48.908931578149648 ], [ 2.476198453782249, 48.908922378157179 ] ] ] ] } },
{ "type": "Feature", "properties": { "osm_id": "25415621", "name": "Rue François Martin", "highway": "residential", "waterway": null, "aerialway": null, "barrier": null, "man_made": null, "railway": null, "z_order": 3, "other_tags": "\"lit\"=>\"yes\",\"surface\"=>\"asphalt\"", "access": null, "bicycle": null, "boundary": null, "bridge": null, "cycleway": null, "cycleway:right": null, "destination": null, "destination:colour": null, "destination:ref": null, "destination:ref:to": null, "destination:symbol:to": null, "destination:to": null, "foot": null, "footway": null, "horse": null, "int_ref": null, "junction:ref": null, "lane_markings": null, "lanes": null, "layer": null, "lit": "yes", "maxspeed": null, "maxweight:signed": null, "maxweightrating:signed": null, "motor_vehicle": null, "name:etymology:wikidata": null, "nat_ref": null, "oneway": null, "operator": null, "operator:wikidata": null, "political_division": null, "ref": null, "segregated": null, "sidewalk": null, "smoothness": null, "source:maxspeed": null, "surface": "asphalt", "toll": null, "tunnel": null, "turn:lanes": null, "was:name": null, "width": "7.281591531648418", "id_on_layer": 10 }, "geometry": { "type": "MultiPolygon", "coordinates": [ [ [ [ 2.475903545126846, 48.908910346260164 ], [ 2.475895854866754, 48.908993653739401 ], [ 2.476190055110391, 48.909005453749124 ], [ 2.476197744883209, 48.90892214625044 ], [ 2.475903545126846, 48.908910346260164 ] ] ] ] } },
{ "type": "Feature", "properties": { "osm_id": "25415621", "name": "Rue François Martin", "highway": "residential", "waterway": null, "aerialway": null, "barrier": null, "man_made": null, "railway": null, "z_order": 3, "other_tags": "\"lit\"=>\"yes\",\"surface\"=>\"asphalt\"", "access": null, "bicycle": null, "boundary": null, "bridge": null, "cycleway": null, "cycleway:right": null, "destination": null, "destination:colour": null, "destination:ref": null, "destination:ref:to": null, "destination:symbol:to": null, "destination:to": null, "foot": null, "footway": null, "horse": null, "int_ref": null, "junction:ref": null, "lane_markings": null, "lanes": null, "layer": null, "lit": "yes", "maxspeed": null, "maxweight:signed": null, "maxweightrating:signed": null, "motor_vehicle": null, "name:etymology:wikidata": null, "nat_ref": null, "oneway": null, "operator": null, "operator:wikidata": null, "political_division": null, "ref": null, "segregated": null, "sidewalk": null, "smoothness": null, "source:maxspeed": null, "surface": "asphalt", "toll": null, "tunnel": null, "turn:lanes": null, "was:name": null, "width": "6.388169120799372", "id_on_layer": 11 }, "geometry": { "type": "MultiPolygon", "coordinates": [ [ [ [ 2.475076443569738, 48.908874785150473 ], [ 2.475068156424032, 48.908950014849118 ], [ 2.475895557041817, 48.908989614878578 ], [ 2.475903842951955, 48.908914385121015 ], [ 2.475076443569738, 48.908874785150473 ] ] ] ] } },
{ "type": "Feature", "properties": { "osm_id": "25415621", "name": "Rue François Martin", "highway": "residential", "waterway": null, "aerialway": null, "barrier": null, "man_made": null, "railway": null, "z_order": 3, "other_tags": "\"lit\"=>\"yes\",\"surface\"=>\"asphalt\"", "access": null, "bicycle": null, "boundary": null, "bridge": null, "cycleway": null, "cycleway:right": null, "destination": null, "destination:colour": null, "destination:ref": null, "destination:ref:to": null, "destination:symbol:to": null, "destination:to": null, "foot": null, "footway": null, "horse": null, "int_ref": null, "junction:ref": null, "lane_markings": null, "lanes": null, "layer": null, "lit": "yes", "maxspeed": null, "maxweight:signed": null, "maxweightrating:signed": null, "motor_vehicle": null, "name:etymology:wikidata": null, "nat_ref": null, "oneway": null, "operator": null, "operator:wikidata": null, "political_division": null, "ref": null, "segregated": null, "sidewalk": null, "smoothness": null, "source:maxspeed": null, "surface": "asphalt", "toll": null, "tunnel": null, "turn:lanes": null, "was:name": null, "width": "6.5358910676874995", "id_on_layer": 12 }, "geometry": { "type": "MultiPolygon", "coordinates": [ [ [ [ 2.474894114100323, 48.908865813268825 ], [ 2.474886085893535, 48.908942386730772 ], [ 2.475068286032074, 48.908950686737064 ], [ 2.475076313961783, 48.908874113262542 ], [ 2.474894114100323, 48.908865813268825 ] ] ] ] } },
{ "type": "Feature", "properties": { "osm_id": "25415621", "name": "Rue François Martin", "highway": "residential", "waterway": null, "aerialway": null, "barrier": null, "man_made": null, "railway": null, "z_order": 3, "other_tags": "\"lit\"=>\"yes\",\"surface\"=>\"asphalt\"", "access": null, "bicycle": null, "boundary": null, "bridge": null, "cycleway": null, "cycleway:right": null, "destination": null, "destination:colour": null, "destination:ref": null, "destination:ref:to": null, "destination:symbol:to": null, "destination:to": null, "foot": null, "footway": null, "horse": null, "int_ref": null, "junction:ref": null, "lane_markings": null, "lanes": null, "layer": null, "lit": "yes", "maxspeed": null, "maxweight:signed": null, "maxweightrating:signed": null, "motor_vehicle": null, "name:etymology:wikidata": null, "nat_ref": null, "oneway": null, "operator": null, "operator:wikidata": null, "political_division": null, "ref": null, "segregated": null, "sidewalk": null, "smoothness": null, "source:maxspeed": null, "surface": "asphalt", "toll": null, "tunnel": null, "turn:lanes": null, "was:name": null, "width": "6", "id_on_layer": 13 }, "geometry": { "type": "MultiPolygon", "coordinates": [ [ [ [ 2.474804603589905, 48.908864214300685 ], [ 2.474797196404782, 48.908935985698967 ], [ 2.474886396468364, 48.908939985701799 ], [ 2.474893803526323, 48.90886821429784 ], [ 2.474804603589905, 48.908864214300685 ] ] ] ] } },
{ "type": "Feature", "properties": { "osm_id": "25415621", "name": "Rue François Martin", "highway": "residential", "waterway": null, "aerialway": null, "barrier": null, "man_made": null, "railway": null, "z_order": 3, "other_tags": "\"lit\"=>\"yes\",\"surface\"=>\"asphalt\"", "access": null, "bicycle": null, "boundary": null, "bridge": null, "cycleway": null, "cycleway:right": null, "destination": null, "destination:colour": null, "destination:ref": null, "destination:ref:to": null, "destination:symbol:to": null, "destination:to": null, "foot": null, "footway": null, "horse": null, "int_ref": null, "junction:ref": null, "lane_markings": null, "lanes": null, "layer": null, "lit": "yes", "maxspeed": null, "maxweight:signed": null, "maxweightrating:signed": null, "motor_vehicle": null, "name:etymology:wikidata": null, "nat_ref": null, "oneway": null, "operator": null, "operator:wikidata": null, "political_division": null, "ref": null, "segregated": null, "sidewalk": null, "smoothness": null, "source:maxspeed": null, "surface": "asphalt", "toll": null, "tunnel": null, "turn:lanes": null, "was:name": null, "width": "6.3132705034861285", "id_on_layer": 14 }, "geometry": { "type": "MultiPolygon", "coordinates": [ [ [ [ 2.474611506914851, 48.908854011693393 ], [ 2.474603693079327, 48.908928588306225 ], [ 2.474796993222474, 48.908937388312722 ], [ 2.474804806771703, 48.908862811686902 ], [ 2.474611506914851, 48.908854011693393 ] ] ] ] } },
{ "type": "Feature", "properties": { "osm_id": "25415880", "name": "Rue Paul Renaud", "highway": "residential", "waterway": null, "aerialway": null, "barrier": null, "man_made": null, "railway": null, "z_order": 3, "other_tags": "\"lanes\"=>\"1\",\"lit\"=>\"yes\",\"maxspeed\"=>\"50\",\"oneway\"=>\"yes\",\"sidewalk\"=>\"both\",\"smoothness\"=>\"good\",\"source:maxspeed\"=>\"FR:urban\",\"surface\"=>\"asphalt\"", "access": null, "bicycle": null, "boundary": null, "bridge": null, "cycleway": null, "cycleway:right": null, "destination": null, "destination:colour": null, "destination:ref": null, "destination:ref:to": null, "destination:symbol:to": null, "destination:to": null, "foot": null, "footway": null, "horse": null, "int_ref": null, "junction:ref": null, "lane_markings": null, "lanes": "1", "layer": null, "lit": "yes", "maxspeed": "50", "maxweight:signed": null, "maxweightrating:signed": null, "motor_vehicle": null, "name:etymology:wikidata": null, "nat_ref": null, "oneway": "yes", "operator": null, "operator:wikidata": null, "political_division": null, "ref": null, "segregated": null, "sidewalk": "both", "smoothness": "good", "source:maxspeed": "FR:urban", "surface": "asphalt", "toll": null, "tunnel": null, "turn:lanes": null, "was:name": null, "width": "6", "id_on_layer": 15 }, "geometry": { "type": "MultiPolygon", "coordinates": [ [ [ [ 2.480112324511041, 48.910298929906368 ], [ 2.479676744556185, 48.910279711678911 ], [ 2.479669455438587, 48.910351488320728 ], [ 2.48010915575209, 48.910370888334512 ], [ 2.480117389813342, 48.910370841173879 ], [ 2.480248589906514, 48.910363541168707 ], [ 2.480239410100045, 48.910291858830902 ], [ 2.480112324511041, 48.910298929906368 ] ] ] ] } },
{ "type": "Feature", "properties": { "osm_id": "25415880", "name": "Rue Paul Renaud", "highway": "residential", "waterway": null, "aerialway": null, "barrier": null, "man_made": null, "railway": null, "z_order": 3, "other_tags": "\"lanes\"=>\"1\",\"lit\"=>\"yes\",\"maxspeed\"=>\"50\",\"oneway\"=>\"yes\",\"sidewalk\"=>\"both\",\"smoothness\"=>\"good\",\"source:maxspeed\"=>\"FR:urban\",\"surface\"=>\"asphalt\"", "access": null, "bicycle": null, "boundary": null, "bridge": null, "cycleway": null, "cycleway:right": null, "destination": null, "destination:colour": null, "destination:ref": null, "destination:ref:to": null, "destination:symbol:to": null, "destination:to": null, "foot": null, "footway": null, "horse": null, "int_ref": null, "junction:ref": null, "lane_markings": null, "lanes": "1", "layer": null, "lit": "yes", "maxspeed": "50", "maxweight:signed": null, "maxweightrating:signed": null, "motor_vehicle": null, "name:etymology:wikidata": null, "nat_ref": null, "oneway": "yes", "operator": null, "operator:wikidata": null, "political_division": null, "ref": null, "segregated": null, "sidewalk": "both", "smoothness": "good", "source:maxspeed": "FR:urban", "surface": "asphalt", "toll": null, "tunnel": null, "turn:lanes": null, "was:name": null, "width": "6", "id_on_layer": 16 }, "geometry": { "type": "MultiPolygon", "coordinates": [ [ [ [ 2.479547774339369, 48.91027381750775 ], [ 2.479547637708261, 48.910273811377039 ], [ 2.479023138082232, 48.910250711393431 ], [ 2.47901586191255, 48.910322488606219 ], [ 2.479540293965366, 48.910345585613776 ], [ 2.479669325747221, 48.910351482496068 ], [ 2.479676874247366, 48.910279717503556 ], [ 2.479547774339369, 48.91027381750775 ] ] ] ] } },
{ "type": "Feature", "properties": { "osm_id": "25415880", "name": "Rue Paul Renaud", "highway": "residential", "waterway": null, "aerialway": null, "barrier": null, "man_made": null, "railway": null, "z_order": 3, "other_tags": "\"lanes\"=>\"1\",\"lit\"=>\"yes\",\"maxspeed\"=>\"50\",\"oneway\"=>\"yes\",\"sidewalk\"=>\"both\",\"smoothness\"=>\"good\",\"source:maxspeed\"=>\"FR:urban\",\"surface\"=>\"asphalt\"", "access": null, "bicycle": null, "boundary": null, "bridge": null, "cycleway": null, "cycleway:right": null, "destination": null, "destination:colour": null, "destination:ref": null, "destination:ref:to": null, "destination:symbol:to": null, "destination:to": null, "foot": null, "footway": null, "horse": null, "int_ref": null, "junction:ref": null, "lane_markings": null, "lanes": "1", "layer": null, "lit": "yes", "maxspeed": "50", "maxweight:signed": null, "maxweightrating:signed": null, "motor_vehicle": null, "name:etymology:wikidata": null, "nat_ref": null, "oneway": "yes", "operator": null, "operator:wikidata": null, "political_division": null, "ref": null, "segregated": null, "sidewalk": "both", "smoothness": "good", "source:maxspeed": "FR:urban", "surface": "asphalt", "toll": null, "tunnel": null, "turn:lanes": null, "was:name": null, "width": "6", "id_on_layer": 17 }, "geometry": { "type": "MultiPolygon", "coordinates": [ [ [ [ 2.478559156240164, 48.910230212194854 ], [ 2.478189363212395, 48.910213812503997 ], [ 2.478033455803431, 48.910206912175731 ], [ 2.47716565834907, 48.910168512288251 ], [ 2.476583661765398, 48.910142712439608 ], [ 2.476578220622133, 48.910142650491835 ], [ 2.476541020648793, 48.910143450491269 ], [ 2.476535644058136, 48.910143741987007 ], [ 2.476498944083795, 48.910146941984749 ], [ 2.476493871619907, 48.910147546144351 ], [ 2.476436471657937, 48.910156246138307 ], [ 2.476433326225564, 48.910156788393692 ], [ 2.476377526260681, 48.910167588386315 ], [ 2.476369279244411, 48.91016967583824 ], [ 2.476268179294745, 48.910201675817731 ], [ 2.476264508118033, 48.910202953274101 ], [ 2.476244808126193, 48.910210453269485 ], [ 2.47623212838158, 48.910217114200599 ], [ 2.476129628373675, 48.910289814165381 ], [ 2.476209571665381, 48.910338785820656 ], [ 2.476306490862993, 48.910270044076043 ], [ 2.476317293212055, 48.910265931505364 ], [ 2.476412525869014, 48.910235788623737 ], [ 2.476462513336675, 48.910226113628809 ], [ 2.476515813831355, 48.910218034982385 ], [ 2.476547278596197, 48.910215291460666 ], [ 2.476579056458889, 48.910214608065779 ], [ 2.47715833864428, 48.910240287578354 ], [ 2.478026144750808, 48.910278687848702 ], [ 2.478182040495517, 48.910285587660347 ], [ 2.478551837045996, 48.910301987507317 ], [ 2.479015850830505, 48.910322488117373 ], [ 2.479023149164261, 48.910250711882284 ], [ 2.478559156240164, 48.910230212194854 ] ] ] ] } },
{ "type": "Feature", "properties": { "osm_id": "30091649", "name": null, "highway": "residential", "waterway": null, "aerialway": null, "barrier": null, "man_made": null, "railway": null, "z_order": -17, "other_tags": "\"layer\"=>\"-1\",\"oneway\"=>\"yes\",\"tunnel\"=>\"yes\"", "access": null, "bicycle": null, "boundary": null, "bridge": null, "cycleway": null, "cycleway:right": null, "destination": null, "destination:colour": null, "destination:ref": null, "destination:ref:to": null, "destination:symbol:to": null, "destination:to": null, "foot": null, "footway": null, "horse": null, "int_ref": null, "junction:ref": null, "lane_markings": null, "lanes": null, "layer": "-1", "lit": null, "maxspeed": null, "maxweight:signed": null, "maxweightrating:signed": null, "motor_vehicle": null, "name:etymology:wikidata": null, "nat_ref": null, "oneway": "yes", "operator": null, "operator:wikidata": null, "political_division": null, "ref": null, "segregated": null, "sidewalk": null, "smoothness": null, "source:maxspeed": null, "surface": null, "toll": null, "tunnel": "yes", "turn:lanes": null, "was:name": null, "width": "6", "id_on_layer": 19 }, "geometry": { "type": "MultiPolygon", "coordinates": [ [ [ [ 2.473318087794821, 48.908073091217872 ], [ 2.473315353308212, 48.908145005929754 ], [ 2.473566632935895, 48.908149157358778 ], [ 2.473569367062135, 48.908077242640964 ], [ 2.473318087794821, 48.908073091217872 ] ] ] ] } },
{ "type": "Feature", "properties": { "osm_id": "30091649", "name": null, "highway": "residential", "waterway": null, "aerialway": null, "barrier": null, "man_made": null, "railway": null, "z_order": -17, "other_tags": "\"layer\"=>\"-1\",\"oneway\"=>\"yes\",\"tunnel\"=>\"yes\"", "access": null, "bicycle": null, "boundary": null, "bridge": null, "cycleway": null, "cycleway:right": null, "destination": null, "destination:colour": null, "destination:ref": null, "destination:ref:to": null, "destination:symbol:to": null, "destination:to": null, "foot": null, "footway": null, "horse": null, "int_ref": null, "junction:ref": null, "lane_markings": null, "lanes": null, "layer": "-1", "lit": null, "maxspeed": null, "maxweight:signed": null, "maxweightrating:signed": null, "motor_vehicle": null, "name:etymology:wikidata": null, "nat_ref": null, "oneway": "yes", "operator": null, "operator:wikidata": null, "political_division": null, "ref": null, "segregated": null, "sidewalk": null, "smoothness": null, "source:maxspeed": null, "surface": null, "toll": null, "tunnel": "yes", "turn:lanes": null, "was:name": null, "width": "6", "id_on_layer": 20 }, "geometry": { "type": "MultiPolygon", "coordinates": [ [ [ [ 2.473089438757385, 48.908069313195881 ], [ 2.473086703942858, 48.908141227902391 ], [ 2.47331535330821, 48.908145005929754 ], [ 2.473318087794823, 48.908073091217872 ], [ 2.473089438757385, 48.908069313195881 ] ] ] ] } },
{ "type": "Feature", "properties": { "osm_id": "30091649", "name": null, "highway": "residential", "waterway": null, "aerialway": null, "barrier": null, "man_made": null, "railway": null, "z_order": -17, "other_tags": "\"layer\"=>\"-1\",\"oneway\"=>\"yes\",\"tunnel\"=>\"yes\"", "access": null, "bicycle": null, "boundary": null, "bridge": null, "cycleway": null, "cycleway:right": null, "destination": null, "destination:colour": null, "destination:ref": null, "destination:ref:to": null, "destination:symbol:to": null, "destination:to": null, "foot": null, "footway": null, "horse": null, "int_ref": null, "junction:ref": null, "lane_markings": null, "lanes": null, "layer": "-1", "lit": null, "maxspeed": null, "maxweight:signed": null, "maxweightrating:signed": null, "motor_vehicle": null, "name:etymology:wikidata": null, "nat_ref": null, "oneway": "yes", "operator": null, "operator:wikidata": null, "political_division": null, "ref": null, "segregated": null, "sidewalk": null, "smoothness": null, "source:maxspeed": null, "surface": null, "toll": null, "tunnel": "yes", "turn:lanes": null, "was:name": null, "width": "6", "id_on_layer": 21 }, "geometry": { "type": "MultiPolygon", "coordinates": [ [ [ [ 2.472849167578565, 48.908065342649444 ], [ 2.472846432419463, 48.908137257350305 ], [ 2.47308670394286, 48.908141227902391 ], [ 2.473089438757382, 48.908069313195881 ], [ 2.472849167578565, 48.908065342649444 ] ] ] ] } },
{ "type": "Feature", "properties": { "osm_id": "30091651", "name": null, "highway": "unclassified", "waterway": null, "aerialway": null, "barrier": null, "man_made": null, "railway": null, "z_order": 3, "other_tags": "\"oneway\"=>\"yes\"", "access": null, "bicycle": null, "boundary": null, "bridge": null, "cycleway": null, "cycleway:right": null, "destination": null, "destination:colour": null, "destination:ref": null, "destination:ref:to": null, "destination:symbol:to": null, "destination:to": null, "foot": null, "footway": null, "horse": null, "int_ref": null, "junction:ref": null, "lane_markings": null, "lanes": null, "layer": null, "lit": null, "maxspeed": null, "maxweight:signed": null, "maxweightrating:signed": null, "motor_vehicle": null, "name:etymology:wikidata": null, "nat_ref": null, "oneway": "yes", "operator": null, "operator:wikidata": null, "political_division": null, "ref": null, "segregated": null, "sidewalk": null, "smoothness": null, "source:maxspeed": null, "surface": null, "toll": null, "tunnel": null, "turn:lanes": null, "was:name": null, "width": "4", "id_on_layer": 22 }, "geometry": { "type": "MultiPolygon", "coordinates": [ [ [ [ 2.472435847815652, 48.908249338951819 ], [ 2.472506952203299, 48.908276061037185 ], [ 2.472656752120369, 48.908102860991406 ], [ 2.47258564789858, 48.9080761389976 ], [ 2.472435847815652, 48.908249338951819 ] ] ] ] } },
{ "type": "Feature", "properties": { "osm_id": "30115126", "name": "Chemin de Groslay", "highway": "tertiary", "waterway": null, "aerialway": null, "barrier": null, "man_made": null, "railway": null, "z_order": 4, "other_tags": null, "access": null, "bicycle": null, "boundary": null, "bridge": null, "cycleway": null, "cycleway:right": null, "destination": null, "destination:colour": null, "destination:ref": null, "destination:ref:to": null, "destination:symbol:to": null, "destination:to": null, "foot": null, "footway": null, "horse": null, "int_ref": null, "junction:ref": null, "lane_markings": null, "lanes": null, "layer": null, "lit": null, "maxspeed": null, "maxweight:signed": null, "maxweightrating:signed": null, "motor_vehicle": null, "name:etymology:wikidata": null, "nat_ref": null, "oneway": null, "operator": null, "operator:wikidata": null, "political_division": null, "ref": null, "segregated": null, "sidewalk": null, "smoothness": null, "source:maxspeed": null, "surface": null, "toll": null, "tunnel": null, "turn:lanes": null, "was:name": null, "width": "6.73976796050875", "id_on_layer": 24 }, "geometry": { "type": "MultiPolygon", "coordinates": [ [ [ [ 2.472621227103604, 48.90858606120706 ], [ 2.473007356516772, 48.909176554244979 ], [ 2.473009624102303, 48.909179643359565 ], [ 2.473080924037511, 48.909266843391713 ], [ 2.473082799773471, 48.909268974603663 ], [ 2.473161699721862, 48.909352474637977 ], [ 2.473262900236176, 48.90931092533976 ], [ 2.473184988761609, 48.90922847158771 ], [ 2.473115812070834, 48.909143868506781 ], [ 2.472730642923909, 48.908554845910693 ], [ 2.472730501836513, 48.908554631899371 ], [ 2.472526001565585, 48.908246931995329 ], [ 2.472416798400048, 48.908278467978768 ], [ 2.472621227103604, 48.90858606120706 ] ] ] ] } },
{ "type": "Feature", "properties": { "osm_id": "30115136", "name": null, "highway": "unclassified", "waterway": null, "aerialway": null, "barrier": null, "man_made": null, "railway": null, "z_order": 3, "other_tags": "\"oneway\"=>\"yes\"", "access": null, "bicycle": null, "boundary": null, "bridge": null, "cycleway": null, "cycleway:right": null, "destination": null, "destination:colour": null, "destination:ref": null, "destination:ref:to": null, "destination:symbol:to": null, "destination:to": null, "foot": null, "footway": null, "horse": null, "int_ref": null, "junction:ref": null, "lane_markings": null, "lanes": null, "layer": null, "lit": null, "maxspeed": null, "maxweight:signed": null, "maxweightrating:signed": null, "motor_vehicle": null, "name:etymology:wikidata": null, "nat_ref": null, "oneway": "yes", "operator": null, "operator:wikidata": null, "political_division": null, "ref": null, "segregated": null, "sidewalk": null, "smoothness": null, "source:maxspeed": null, "surface": null, "toll": null, "tunnel": null, "turn:lanes": null, "was:name": null, "width": "4", "id_on_layer": 25 }, "geometry": { "type": "MultiPolygon", "coordinates": [ [ [ [ 2.47267563727722, 48.908065308042488 ], [ 2.472624463504394, 48.908062609425542 ], [ 2.472617936492094, 48.908116390574222 ], [ 2.472669136519392, 48.90811909057566 ], [ 2.472669188916524, 48.908119093316472 ], [ 2.472844589010069, 48.908128193321303 ], [ 2.472851010986477, 48.90807440667848 ], [ 2.47267563727722, 48.908065308042488 ] ] ] ] } },
{ "type": "Feature", "properties": { "osm_id": "32468355", "name": "Rue Jean-Jacques Rousseau", "highway": "residential", "waterway": null, "aerialway": null, "barrier": null, "man_made": null, "railway": null, "z_order": 3, "other_tags": "\"oneway\"=>\"yes\"", "access": null, "bicycle": null, "boundary": null, "bridge": null, "cycleway": null, "cycleway:right": null, "destination": null, "destination:colour": null, "destination:ref": null, "destination:ref:to": null, "destination:symbol:to": null, "destination:to": null, "foot": null, "footway": null, "horse": null, "int_ref": null, "junction:ref": null, "lane_markings": null, "lanes": null, "layer": null, "lit": null, "maxspeed": null, "maxweight:signed": null, "maxweightrating:signed": null, "motor_vehicle": null, "name:etymology:wikidata": null, "nat_ref": null, "oneway": "yes", "operator": null, "operator:wikidata": null, "political_division": null, "ref": null, "segregated": null, "sidewalk": null, "smoothness": null, "source:maxspeed": null, "surface": null, "toll": null, "tunnel": null, "turn:lanes": null, "was:name": null, "width": "6", "id_on_layer": 27 }, "geometry": { "type": "MultiPolygon", "coordinates": [ [ [ [ 2.474681582037554, 48.910945546174801 ], [ 2.47469182797133, 48.910943463203004 ], [ 2.474890528079647, 48.910888463166927 ], [ 2.474901071573838, 48.910884590402517 ], [ 2.475086471627161, 48.910797490352053 ], [ 2.475023128409857, 48.9107389096391 ], [ 2.474842673304113, 48.910823686535387 ], [ 2.474654539030388, 48.910875761944396 ], [ 2.474477918100396, 48.910899453806948 ], [ 2.474499681914903, 48.910969946191813 ], [ 2.474681582037554, 48.910945546174801 ] ] ] ] } },
{ "type": "Feature", "properties": { "osm_id": "35305689", "name": null, "highway": "motorway", "waterway": null, "aerialway": null, "barrier": null, "man_made": null, "railway": null, "z_order": 19, "other_tags": "\"int_ref\"=>\"E 15\",\"lanes\"=>\"3\",\"layer\"=>\"1\",\"lit\"=>\"no\",\"maxspeed\"=>\"90\",\"oneway\"=>\"yes\",\"operator\"=>\"DIRIF\",\"operator:wikidata\"=>\"Q3029613\",\"ref\"=>\"A 3\",\"surface\"=>\"asphalt\",\"toll\"=>\"no\"", "access": null, "bicycle": null, "boundary": null, "bridge": null, "cycleway": null, "cycleway:right": null, "destination": null, "destination:colour": null, "destination:ref": null, "destination:ref:to": null, "destination:symbol:to": null, "destination:to": null, "foot": null, "footway": null, "horse": null, "int_ref": "E 15", "junction:ref": null, "lane_markings": null, "lanes": "3", "layer": "1", "lit": "no", "maxspeed": "90", "maxweight:signed": null, "maxweightrating:signed": null, "motor_vehicle": null, "name:etymology:wikidata": null, "nat_ref": null, "oneway": "yes", "operator": "DIRIF", "operator:wikidata": "Q3029613", "political_division": null, "ref": "A 3", "segregated": null, "sidewalk": null, "smoothness": null, "source:maxspeed": null, "surface": "asphalt", "toll": "no", "tunnel": null, "turn:lanes": null, "was:name": null, "width": "22", "id_on_layer": 31 }, "geometry": { "type": "MultiPolygon", "coordinates": [ [ [ [ 2.473352869938557, 48.908383666529232 ], [ 2.47364192976919, 48.908282333289179 ], [ 2.473461249858457, 48.908058382087553 ], [ 2.473172190954301, 48.908159714878728 ], [ 2.473352869938557, 48.908383666529232 ] ] ] ] } },
{ "type": "Feature", "properties": { "osm_id": "45260805", "name": "Rue Jean-Jacques Rousseau", "highway": "residential", "waterway": null, "aerialway": null, "barrier": null, "man_made": null, "railway": null, "z_order": 3, "other_tags": "\"oneway\"=>\"yes\"", "access": null, "bicycle": null, "boundary": null, "bridge": null, "cycleway": null, "cycleway:right": null, "destination": null, "destination:colour": null, "destination:ref": null, "destination:ref:to": null, "destination:symbol:to": null, "destination:to": null, "foot": null, "footway": null, "horse": null, "int_ref": null, "junction:ref": null, "lane_markings": null, "lanes": null, "layer": null, "lit": null, "maxspeed": null, "maxweight:signed": null, "maxweightrating:signed": null, "motor_vehicle": null, "name:etymology:wikidata": null, "nat_ref": null, "oneway": "yes", "operator": null, "operator:wikidata": null, "political_division": null, "ref": null, "segregated": null, "sidewalk": null, "smoothness": null, "source:maxspeed": null, "surface": null, "toll": null, "tunnel": null, "turn:lanes": null, "was:name": null, "width": "6", "id_on_layer": 33 }, "geometry": { "type": "MultiPolygon", "coordinates": [ [ [ [ 2.475553924834293, 48.910548094687968 ], [ 2.475895424928837, 48.910407954882182 ], [ 2.47600360213705, 48.910401523200555 ], [ 2.475993797869951, 48.910329876799018 ], [ 2.475872697955821, 48.910337076793923 ], [ 2.475848760027243, 48.910342365347155 ], [ 2.475495660159016, 48.910487265259647 ], [ 2.47549449962604, 48.910487755008511 ], [ 2.475421199650952, 48.910519554989619 ], [ 2.475481200385016, 48.91057964500245 ], [ 2.475553924834293, 48.910548094687968 ] ] ] ] } },
{ "type": "Feature", "properties": { "osm_id": "51353155", "name": null, "highway": "motorway", "waterway": null, "aerialway": null, "barrier": null, "man_made": null, "railway": null, "z_order": 19, "other_tags": "\"int_ref\"=>\"E 15\",\"lanes\"=>\"3\",\"layer\"=>\"1\",\"lit\"=>\"no\",\"maxspeed\"=>\"110\",\"oneway\"=>\"yes\",\"operator\"=>\"DIRIF\",\"operator:wikidata\"=>\"Q3029613\",\"ref\"=>\"A 3\",\"surface\"=>\"asphalt\",\"toll\"=>\"no\"", "access": null, "bicycle": null, "boundary": null, "bridge": null, "cycleway": null, "cycleway:right": null, "destination": null, "destination:colour": null, "destination:ref": null, "destination:ref:to": null, "destination:symbol:to": null, "destination:to": null, "foot": null, "footway": null, "horse": null, "int_ref": "E 15", "junction:ref": null, "lane_markings": null, "lanes": "3", "layer": "1", "lit": "no", "maxspeed": "110", "maxweight:signed": null, "maxweightrating:signed": null, "motor_vehicle": null, "name:etymology:wikidata": null, "nat_ref": null, "oneway": "yes", "operator": "DIRIF", "operator:wikidata": "Q3029613", "political_division": null, "ref": "A 3", "segregated": null, "sidewalk": null, "smoothness": null, "source:maxspeed": null, "surface": "asphalt", "toll": "no", "tunnel": null, "turn:lanes": null, "was:name": null, "width": "22", "id_on_layer": 36 }, "geometry": { "type": "MultiPolygon", "coordinates": [ [ [ [ 2.474482841863613, 48.90958091986618 ], [ 2.474482095278084, 48.909580007737866 ], [ 2.473301492406784, 48.908154009195911 ], [ 2.473014107296784, 48.908257390624584 ], [ 2.474194327811611, 48.90968293719903 ], [ 2.475002855781634, 48.910682180956648 ], [ 2.4752917439256, 48.910580618861978 ], [ 2.474482841863613, 48.90958091986618 ] ] ] ] } },
{ "type": "Feature", "properties": { "osm_id": "51353156", "name": null, "highway": "motorway", "waterway": null, "aerialway": null, "barrier": null, "man_made": null, "railway": null, "z_order": 29, "other_tags": "\"bridge\"=>\"yes\",\"int_ref\"=>\"E 15\",\"lanes\"=>\"3\",\"layer\"=>\"1\",\"lit\"=>\"no\",\"maxspeed\"=>\"110\",\"oneway\"=>\"yes\",\"operator\"=>\"DIRIF\",\"operator:wikidata\"=>\"Q3029613\",\"ref\"=>\"A 3\",\"surface\"=>\"asphalt\",\"toll\"=>\"no\"", "access": null, "bicycle": null, "boundary": null, "bridge": "yes", "cycleway": null, "cycleway:right": null, "destination": null, "destination:colour": null, "destination:ref": null, "destination:ref:to": null, "destination:symbol:to": null, "destination:to": null, "foot": null, "footway": null, "horse": null, "int_ref": "E 15", "junction:ref": null, "lane_markings": null, "lanes": "3", "layer": "1", "lit": "no", "maxspeed": "110", "maxweight:signed": null, "maxweightrating:signed": null, "motor_vehicle": null, "name:etymology:wikidata": null, "nat_ref": null, "oneway": "yes", "operator": "DIRIF", "operator:wikidata": "Q3029613", "political_division": null, "ref": "A 3", "segregated": null, "sidewalk": null, "smoothness": null, "source:maxspeed": null, "surface": "asphalt", "toll": "no", "tunnel": null, "turn:lanes": null, "was:name": null, "width": "22", "id_on_layer": 37 }, "geometry": { "type": "MultiPolygon", "coordinates": [ [ [ [ 2.475196353796226, 48.910654990588093 ], [ 2.475491992685737, 48.910562252348626 ], [ 2.475447719168038, 48.9105009308416 ], [ 2.475152080558385, 48.910593668968566 ], [ 2.475196353796226, 48.910654990588093 ] ] ] ] } },
{ "type": "Feature", "properties": { "osm_id": "51353156", "name": null, "highway": "motorway", "waterway": null, "aerialway": null, "barrier": null, "man_made": null, "railway": null, "z_order": 29, "other_tags": "\"bridge\"=>\"yes\",\"int_ref\"=>\"E 15\",\"lanes\"=>\"3\",\"layer\"=>\"1\",\"lit\"=>\"no\",\"maxspeed\"=>\"110\",\"oneway\"=>\"yes\",\"operator\"=>\"DIRIF\",\"operator:wikidata\"=>\"Q3029613\",\"ref\"=>\"A 3\",\"surface\"=>\"asphalt\",\"toll\"=>\"no\"", "access": null, "bicycle": null, "boundary": null, "bridge": "yes", "cycleway": null, "cycleway:right": null, "destination": null, "destination:colour": null, "destination:ref": null, "destination:ref:to": null, "destination:symbol:to": null, "destination:to": null, "foot": null, "footway": null, "horse": null, "int_ref": "E 15", "junction:ref": null, "lane_markings": null, "lanes": "3", "layer": "1", "lit": "no", "maxspeed": "110", "maxweight:signed": null, "maxweightrating:signed": null, "motor_vehicle": null, "name:etymology:wikidata": null, "nat_ref": null, "oneway": "yes", "operator": "DIRIF", "operator:wikidata": "Q3029613", "political_division": null, "ref": "A 3", "segregated": null, "sidewalk": null, "smoothness": null, "source:maxspeed": null, "surface": "asphalt", "toll": "no", "tunnel": null, "turn:lanes": null, "was:name": null, "width": "22", "id_on_layer": 38 }, "geometry": { "type": "MultiPolygon", "coordinates": [ [ [ [ 2.475261389782789, 48.910745069804129 ], [ 2.475557029083401, 48.910652331399419 ], [ 2.475491992685736, 48.910562252348626 ], [ 2.475196353796226, 48.910654990588093 ], [ 2.475261389782789, 48.910745069804129 ] ] ] ] } },
{ "type": "Feature", "properties": { "osm_id": "51353156", "name": null, "highway": "motorway", "waterway": null, "aerialway": null, "barrier": null, "man_made": null, "railway": null, "z_order": 29, "other_tags": "\"bridge\"=>\"yes\",\"int_ref\"=>\"E 15\",\"lanes\"=>\"3\",\"layer\"=>\"1\",\"lit\"=>\"no\",\"maxspeed\"=>\"110\",\"oneway\"=>\"yes\",\"operator\"=>\"DIRIF\",\"operator:wikidata\"=>\"Q3029613\",\"ref\"=>\"A 3\",\"surface\"=>\"asphalt\",\"toll\"=>\"no\"", "access": null, "bicycle": null, "boundary": null, "bridge": "yes", "cycleway": null, "cycleway:right": null, "destination": null, "destination:colour": null, "destination:ref": null, "destination:ref:to": null, "destination:symbol:to": null, "destination:to": null, "foot": null, "footway": null, "horse": null, "int_ref": "E 15", "junction:ref": null, "lane_markings": null, "lanes": "3", "layer": "1", "lit": "no", "maxspeed": "110", "maxweight:signed": null, "maxweightrating:signed": null, "motor_vehicle": null, "name:etymology:wikidata": null, "nat_ref": null, "oneway": "yes", "operator": "DIRIF", "operator:wikidata": "Q3029613", "political_division": null, "ref": "A 3", "segregated": null, "sidewalk": null, "smoothness": null, "source:maxspeed": null, "surface": "asphalt", "toll": "no", "tunnel": null, "turn:lanes": null, "was:name": null, "width": "22", "id_on_layer": 39 }, "geometry": { "type": "MultiPolygon", "coordinates": [ [ [ [ 2.475324780012553, 48.910832869187992 ], [ 2.475620419713864, 48.910740130622202 ], [ 2.475557029083401, 48.910652331399419 ], [ 2.475261389782788, 48.910745069804129 ], [ 2.475324780012553, 48.910832869187992 ] ] ] ] } },
{ "type": "Feature", "properties": { "osm_id": "51353157", "name": null, "highway": "motorway", "waterway": null, "aerialway": null, "barrier": null, "man_made": null, "railway": null, "z_order": 29, "other_tags": "\"bridge\"=>\"yes\",\"int_ref\"=>\"E 15\",\"lanes\"=>\"3\",\"layer\"=>\"1\",\"lit\"=>\"no\",\"maxspeed\"=>\"110\",\"oneway\"=>\"yes\",\"operator\"=>\"DIRIF\",\"operator:wikidata\"=>\"Q3029613\",\"ref\"=>\"A 3\",\"surface\"=>\"asphalt\",\"toll\"=>\"no\"", "access": null, "bicycle": null, "boundary": null, "bridge": "yes", "cycleway": null, "cycleway:right": null, "destination": null, "destination:colour": null, "destination:ref": null, "destination:ref:to": null, "destination:symbol:to": null, "destination:to": null, "foot": null, "footway": null, "horse": null, "int_ref": "E 15", "junction:ref": null, "lane_markings": null, "lanes": "3", "layer": "1", "lit": "no", "maxspeed": "110", "maxweight:signed": null, "maxweightrating:signed": null, "motor_vehicle": null, "name:etymology:wikidata": null, "nat_ref": null, "oneway": "yes", "operator": "DIRIF", "operator:wikidata": "Q3029613", "political_division": null, "ref": "A 3", "segregated": null, "sidewalk": null, "smoothness": null, "source:maxspeed": null, "surface": "asphalt", "toll": "no", "tunnel": null, "turn:lanes": null, "was:name": null, "width": "22", "id_on_layer": 40 }, "geometry": { "type": "MultiPolygon", "coordinates": [ [ [ [ 2.475407243419397, 48.910735722398385 ], [ 2.475113277114967, 48.910830744019997 ], [ 2.475191816473225, 48.910936310816169 ], [ 2.475485783248043, 48.910841288996124 ], [ 2.475407243419397, 48.910735722398385 ] ] ] ] } },
{ "type": "Feature", "properties": { "osm_id": "51353157", "name": null, "highway": "motorway", "waterway": null, "aerialway": null, "barrier": null, "man_made": null, "railway": null, "z_order": 29, "other_tags": "\"bridge\"=>\"yes\",\"int_ref\"=>\"E 15\",\"lanes\"=>\"3\",\"layer\"=>\"1\",\"lit\"=>\"no\",\"maxspeed\"=>\"110\",\"oneway\"=>\"yes\",\"operator\"=>\"DIRIF\",\"operator:wikidata\"=>\"Q3029613\",\"ref\"=>\"A 3\",\"surface\"=>\"asphalt\",\"toll\"=>\"no\"", "access": null, "bicycle": null, "boundary": null, "bridge": "yes", "cycleway": null, "cycleway:right": null, "destination": null, "destination:colour": null, "destination:ref": null, "destination:ref:to": null, "destination:symbol:to": null, "destination:to": null, "foot": null, "footway": null, "horse": null, "int_ref": "E 15", "junction:ref": null, "lane_markings": null, "lanes": "3", "layer": "1", "lit": "no", "maxspeed": "110", "maxweight:signed": null, "maxweightrating:signed": null, "motor_vehicle": null, "name:etymology:wikidata": null, "nat_ref": null, "oneway": "yes", "operator": "DIRIF", "operator:wikidata": "Q3029613", "political_division": null, "ref": "A 3", "segregated": null, "sidewalk": null, "smoothness": null, "source:maxspeed": null, "surface": "asphalt", "toll": "no", "tunnel": null, "turn:lanes": null, "was:name": null, "width": "22", "id_on_layer": 41 }, "geometry": { "type": "MultiPolygon", "coordinates": [ [ [ [ 2.475339540396571, 48.910644721317404 ], [ 2.475045574497627, 48.910739742767952 ], [ 2.475113277114967, 48.910830744019997 ], [ 2.475407243419397, 48.910735722398385 ], [ 2.475339540396571, 48.910644721317404 ] ] ] ] } },
{ "type": "Feature", "properties": { "osm_id": "51353157", "name": null, "highway": "motorway", "waterway": null, "aerialway": null, "barrier": null, "man_made": null, "railway": null, "z_order": 29, "other_tags": "\"bridge\"=>\"yes\",\"int_ref\"=>\"E 15\",\"lanes\"=>\"3\",\"layer\"=>\"1\",\"lit\"=>\"no\",\"maxspeed\"=>\"110\",\"oneway\"=>\"yes\",\"operator\"=>\"DIRIF\",\"operator:wikidata\"=>\"Q3029613\",\"ref\"=>\"A 3\",\"surface\"=>\"asphalt\",\"toll\"=>\"no\"", "access": null, "bicycle": null, "boundary": null, "bridge": "yes", "cycleway": null, "cycleway:right": null, "destination": null, "destination:colour": null, "destination:ref": null, "destination:ref:to": null, "destination:symbol:to": null, "destination:to": null, "foot": null, "footway": null, "horse": null, "int_ref": "E 15", "junction:ref": null, "lane_markings": null, "lanes": "3", "layer": "1", "lit": "no", "maxspeed": "110", "maxweight:signed": null, "maxweightrating:signed": null, "motor_vehicle": null, "name:etymology:wikidata": null, "nat_ref": null, "oneway": "yes", "operator": "DIRIF", "operator:wikidata": "Q3029613", "political_division": null, "ref": "A 3", "segregated": null, "sidewalk": null, "smoothness": null, "source:maxspeed": null, "surface": "asphalt", "toll": "no", "tunnel": null, "turn:lanes": null, "was:name": null, "width": "22", "id_on_layer": 42 }, "geometry": { "type": "MultiPolygon", "coordinates": [ [ [ [ 2.47529428267458, 48.910583889238033 ], [ 2.475000317046694, 48.910678910574248 ], [ 2.475045574497627, 48.910739742767952 ], [ 2.475339540396571, 48.910644721317404 ], [ 2.47529428267458, 48.910583889238033 ] ] ] ] } },
{ "type": "Feature", "properties": { "osm_id": "108634383", "name": "Rue Jean-Jacques Rousseau", "highway": "residential", "waterway": null, "aerialway": null, "barrier": null, "man_made": null, "railway": null, "z_order": 3, "other_tags": "\"oneway\"=>\"yes\"", "access": null, "bicycle": null, "boundary": null, "bridge": null, "cycleway": null, "cycleway:right": null, "destination": null, "destination:colour": null, "destination:ref": null, "destination:ref:to": null, "destination:symbol:to": null, "destination:to": null, "foot": null, "footway": null, "horse": null, "int_ref": null, "junction:ref": null, "lane_markings": null, "lanes": null, "layer": null, "lit": null, "maxspeed": null, "maxweight:signed": null, "maxweightrating:signed": null, "motor_vehicle": null, "name:etymology:wikidata": null, "nat_ref": null, "oneway": "yes", "operator": null, "operator:wikidata": null, "political_division": null, "ref": null, "segregated": null, "sidewalk": null, "smoothness": null, "source:maxspeed": null, "surface": null, "toll": null, "tunnel": null, "turn:lanes": null, "was:name": null, "width": "6", "id_on_layer": 43 }, "geometry": { "type": "MultiPolygon", "coordinates": [ [ [ [ 2.474387187691474, 48.910800047520468 ], [ 2.474401528841393, 48.910811400881002 ], [ 2.474495428861116, 48.910860400908348 ], [ 2.474507162347089, 48.910865075792138 ], [ 2.474520293326146, 48.910867675314535 ], [ 2.474644493411613, 48.910881375324145 ], [ 2.474659251664787, 48.910881668273611 ], [ 2.474778051748636, 48.910873368267744 ], [ 2.47479135705323, 48.910871303921304 ], [ 2.475073857216853, 48.910801903875033 ], [ 2.475035742808775, 48.910734496121613 ], [ 2.474759697935023, 48.910802310335264 ], [ 2.474655157801937, 48.910809614065336 ], [ 2.474552159141383, 48.910798252702627 ], [ 2.474478248864826, 48.910759683986647 ], [ 2.474333612147086, 48.910579852521479 ], [ 2.474237187820488, 48.910613547458333 ], [ 2.474387187691474, 48.910800047520468 ] ] ] ] } },
{ "type": "Feature", "properties": { "osm_id": "108634383", "name": "Rue Jean-Jacques Rousseau", "highway": "residential", "waterway": null, "aerialway": null, "barrier": null, "man_made": null, "railway": null, "z_order": 3, "other_tags": "\"oneway\"=>\"yes\"", "access": null, "bicycle": null, "boundary": null, "bridge": null, "cycleway": null, "cycleway:right": null, "destination": null, "destination:colour": null, "destination:ref": null, "destination:ref:to": null, "destination:symbol:to": null, "destination:to": null, "foot": null, "footway": null, "horse": null, "int_ref": null, "junction:ref": null, "lane_markings": null, "lanes": null, "layer": null, "lit": null, "maxspeed": null, "maxweight:signed": null, "maxweightrating:signed": null, "motor_vehicle": null, "name:etymology:wikidata": null, "nat_ref": null, "oneway": "yes", "operator": null, "operator:wikidata": null, "political_division": null, "ref": null, "segregated": null, "sidewalk": null, "smoothness": null, "source:maxspeed": null, "surface": null, "toll": null, "tunnel": null, "turn:lanes": null, "was:name": null, "width": "6", "id_on_layer": 44 }, "geometry": { "type": "MultiPolygon", "coordinates": [ [ [ [ 2.475227572752575, 48.910719819242168 ], [ 2.475157542458895, 48.910664645020134 ], [ 2.475019784895192, 48.910740612842133 ], [ 2.475089815143355, 48.910795787147102 ], [ 2.475227572752575, 48.910719819242168 ] ] ] ] } },
{ "type": "Feature", "properties": { "osm_id": "108634383", "name": "Rue Jean-Jacques Rousseau", "highway": "residential", "waterway": null, "aerialway": null, "barrier": null, "man_made": null, "railway": null, "z_order": 3, "other_tags": "\"oneway\"=>\"yes\"", "access": null, "bicycle": null, "boundary": null, "bridge": null, "cycleway": null, "cycleway:right": null, "destination": null, "destination:colour": null, "destination:ref": null, "destination:ref:to": null, "destination:symbol:to": null, "destination:to": null, "foot": null, "footway": null, "horse": null, "int_ref": null, "junction:ref": null, "lane_markings": null, "lanes": null, "layer": null, "lit": null, "maxspeed": null, "maxweight:signed": null, "maxweightrating:signed": null, "motor_vehicle": null, "name:etymology:wikidata": null, "nat_ref": null, "oneway": "yes", "operator": null, "operator:wikidata": null, "political_division": null, "ref": null, "segregated": null, "sidewalk": null, "smoothness": null, "source:maxspeed": null, "surface": null, "toll": null, "tunnel": null, "turn:lanes": null, "was:name": null, "width": "6", "id_on_layer": 45 }, "geometry": { "type": "MultiPolygon", "coordinates": [ [ [ [ 2.475379188568927, 48.910636208623295 ], [ 2.475309158225152, 48.910581034492495 ], [ 2.475157542458895, 48.910664645020134 ], [ 2.475227572752575, 48.910719819242168 ], [ 2.475379188568927, 48.910636208623295 ] ] ] ] } },
{ "type": "Feature", "properties": { "osm_id": "108634383", "name": "Rue Jean-Jacques Rousseau", "highway": "residential", "waterway": null, "aerialway": null, "barrier": null, "man_made": null, "railway": null, "z_order": 3, "other_tags": "\"oneway\"=>\"yes\"", "access": null, "bicycle": null, "boundary": null, "bridge": null, "cycleway": null, "cycleway:right": null, "destination": null, "destination:colour": null, "destination:ref": null, "destination:ref:to": null, "destination:symbol:to": null, "destination:to": null, "foot": null, "footway": null, "horse": null, "int_ref": null, "junction:ref": null, "lane_markings": null, "lanes": null, "layer": null, "lit": null, "maxspeed": null, "maxweight:signed": null, "maxweightrating:signed": null, "motor_vehicle": null, "name:etymology:wikidata": null, "nat_ref": null, "oneway": "yes", "operator": null, "operator:wikidata": null, "political_division": null, "ref": null, "segregated": null, "sidewalk": null, "smoothness": null, "source:maxspeed": null, "surface": null, "toll": null, "tunnel": null, "turn:lanes": null, "was:name": null, "width": "6", "id_on_layer": 46 }, "geometry": { "type": "MultiPolygon", "coordinates": [ [ [ [ 2.475486215208842, 48.910577187027805 ], [ 2.475416184829704, 48.910522012961437 ], [ 2.475309158225151, 48.910581034492495 ], [ 2.475379188568928, 48.910636208623295 ], [ 2.475486215208842, 48.910577187027805 ] ] ] ] } },
{ "type": "Feature", "properties": { "osm_id": "108634391", "name": "Rue Jean-Jacques Rousseau", "highway": "residential", "waterway": null, "aerialway": null, "barrier": null, "man_made": null, "railway": null, "z_order": 3, "other_tags": null, "access": null, "bicycle": null, "boundary": null, "bridge": null, "cycleway": null, "cycleway:right": null, "destination": null, "destination:colour": null, "destination:ref": null, "destination:ref:to": null, "destination:symbol:to": null, "destination:to": null, "foot": null, "footway": null, "horse": null, "int_ref": null, "junction:ref": null, "lane_markings": null, "lanes": null, "layer": null, "lit": null, "maxspeed": null, "maxweight:signed": null, "maxweightrating:signed": null, "motor_vehicle": null, "name:etymology:wikidata": null, "nat_ref": null, "oneway": null, "operator": null, "operator:wikidata": null, "political_division": null, "ref": null, "segregated": null, "sidewalk": null, "smoothness": null, "source:maxspeed": null, "surface": null, "toll": null, "tunnel": null, "turn:lanes": null, "was:name": null, "width": "6", "id_on_layer": 47 }, "geometry": { "type": "MultiPolygon", "coordinates": [ [ [ [ 2.47610693378187, 48.91027965021064 ], [ 2.476091612122899, 48.910281440438091 ], [ 2.476077679969278, 48.91028600836335 ], [ 2.475967680003223, 48.910336108334043 ], [ 2.476029720033405, 48.910395291657487 ], [ 2.476126512100194, 48.91035120726935 ], [ 2.476171366264301, 48.910350249788188 ], [ 2.476167833738224, 48.91027835021157 ], [ 2.47610693378187, 48.91027965021064 ] ] ] ] } },
{ "type": "Feature", "properties": { "osm_id": "108634398", "name": "Rue Jean-Jacques Rousseau", "highway": "residential", "waterway": null, "aerialway": null, "barrier": null, "man_made": null, "railway": null, "z_order": 3, "other_tags": "\"oneway\"=>\"yes\"", "access": null, "bicycle": null, "boundary": null, "bridge": null, "cycleway": null, "cycleway:right": null, "destination": null, "destination:colour": null, "destination:ref": null, "destination:ref:to": null, "destination:symbol:to": null, "destination:to": null, "foot": null, "footway": null, "horse": null, "int_ref": null, "junction:ref": null, "lane_markings": null, "lanes": null, "layer": null, "lit": null, "maxspeed": null, "maxweight:signed": null, "maxweightrating:signed": null, "motor_vehicle": null, "name:etymology:wikidata": null, "nat_ref": null, "oneway": "yes", "operator": null, "operator:wikidata": null, "political_division": null, "ref": null, "segregated": null, "sidewalk": null, "smoothness": null, "source:maxspeed": null, "surface": null, "toll": null, "tunnel": null, "turn:lanes": null, "was:name": null, "width": "6", "id_on_layer": 48 }, "geometry": { "type": "MultiPolygon", "coordinates": [ [ [ [ 2.474687442456881, 48.911063602431121 ], [ 2.474677494023046, 48.911071256612601 ], [ 2.474632493997725, 48.911117756594791 ], [ 2.474630608174984, 48.911119859523616 ], [ 2.474590008142121, 48.911168859506923 ], [ 2.474685791890828, 48.911203340473151 ], [ 2.474725503148737, 48.911155413038948 ], [ 2.474765353395176, 48.911114234415287 ], [ 2.474993757610359, 48.910981697484893 ], [ 2.474921642428487, 48.910927702503692 ], [ 2.474687442456881, 48.911063602431121 ] ] ] ] } },
{ "type": "Feature", "properties": { "osm_id": "132451198", "name": "Allée des Fougères", "highway": "residential", "waterway": null, "aerialway": null, "barrier": null, "man_made": null, "railway": null, "z_order": 3, "other_tags": "\"lit\"=>\"yes\"", "access": null, "bicycle": null, "boundary": null, "bridge": null, "cycleway": null, "cycleway:right": null, "destination": null, "destination:colour": null, "destination:ref": null, "destination:ref:to": null, "destination:symbol:to": null, "destination:to": null, "foot": null, "footway": null, "horse": null, "int_ref": null, "junction:ref": null, "lane_markings": null, "lanes": null, "layer": null, "lit": "yes", "maxspeed": null, "maxweight:signed": null, "maxweightrating:signed": null, "motor_vehicle": null, "name:etymology:wikidata": null, "nat_ref": null, "oneway": null, "operator": null, "operator:wikidata": null, "political_division": null, "ref": null, "segregated": null, "sidewalk": null, "smoothness": null, "source:maxspeed": null, "surface": null, "toll": null, "tunnel": null, "turn:lanes": null, "was:name": null, "width": "6", "id_on_layer": 49 }, "geometry": { "type": "MultiPolygon", "coordinates": [ [ [ [ 2.475928963127844, 48.910072810757399 ], [ 2.475929879789746, 48.910082313803699 ], [ 2.475934547458825, 48.910091325282856 ], [ 2.475991247403742, 48.910166425306649 ], [ 2.476088952565005, 48.910134374672602 ], [ 2.47603886380706, 48.910068031460376 ], [ 2.476091236329005, 48.909570389191906 ], [ 2.475982363676396, 48.909565410782385 ], [ 2.475928963127844, 48.910072810757399 ] ] ] ] } },
{ "type": "Feature", "properties": { "osm_id": "132451199", "name": "Allée des Lauriers", "highway": "residential", "waterway": null, "aerialway": null, "barrier": null, "man_made": null, "railway": null, "z_order": 3, "other_tags": "\"lit\"=>\"yes\"", "access": null, "bicycle": null, "boundary": null, "bridge": null, "cycleway": null, "cycleway:right": null, "destination": null, "destination:colour": null, "destination:ref": null, "destination:ref:to": null, "destination:symbol:to": null, "destination:to": null, "foot": null, "footway": null, "horse": null, "int_ref": null, "junction:ref": null, "lane_markings": null, "lanes": null, "layer": null, "lit": "yes", "maxspeed": null, "maxweight:signed": null, "maxweightrating:signed": null, "motor_vehicle": null, "name:etymology:wikidata": null, "nat_ref": null, "oneway": null, "operator": null, "operator:wikidata": null, "political_division": null, "ref": null, "segregated": null, "sidewalk": null, "smoothness": null, "source:maxspeed": null, "surface": null, "toll": null, "tunnel": null, "turn:lanes": null, "was:name": null, "width": "6.854789820107541", "id_on_layer": 50 }, "geometry": { "type": "MultiPolygon", "coordinates": [ [ [ [ 2.476265335365367, 48.909574359804687 ], [ 2.476385864640975, 48.909579640163798 ], [ 2.476446763917811, 48.908975640132255 ], [ 2.476326236088531, 48.908970359836246 ], [ 2.476265335365367, 48.909574359804687 ] ] ] ] } },
{ "type": "Feature", "properties": { "osm_id": "132451200", "name": "Allée des Tulipes", "highway": "residential", "waterway": null, "aerialway": null, "barrier": null, "man_made": null, "railway": null, "z_order": 3, "other_tags": "\"lit\"=>\"yes\",\"surface\"=>\"asphalt\"", "access": null, "bicycle": null, "boundary": null, "bridge": null, "cycleway": null, "cycleway:right": null, "destination": null, "destination:colour": null, "destination:ref": null, "destination:ref:to": null, "destination:symbol:to": null, "destination:to": null, "foot": null, "footway": null, "horse": null, "int_ref": null, "junction:ref": null, "lane_markings": null, "lanes": null, "layer": null, "lit": "yes", "maxspeed": null, "maxweight:signed": null, "maxweightrating:signed": null, "motor_vehicle": null, "name:etymology:wikidata": null, "nat_ref": null, "oneway": null, "operator": null, "operator:wikidata": null, "political_division": null, "ref": null, "segregated": null, "sidewalk": null, "smoothness": null, "source:maxspeed": null, "surface": "asphalt", "toll": null, "tunnel": null, "turn:lanes": null, "was:name": null, "width": "7.042076985813647", "id_on_layer": 51 }, "geometry": { "type": "MultiPolygon", "coordinates": [ [ [ [ 2.475902613123714, 48.909508243301019 ], [ 2.475779586883504, 48.909502356666167 ], [ 2.475773386814759, 48.909558656662881 ], [ 2.475896413192461, 48.909564543304299 ], [ 2.475902613123714, 48.909508243301019 ] ] ] ] } },
{ "type": "Feature", "properties": { "osm_id": "132451200", "name": "Allée des Tulipes", "highway": "residential", "waterway": null, "aerialway": null, "barrier": null, "man_made": null, "railway": null, "z_order": 3, "other_tags": "\"lit\"=>\"yes\",\"surface\"=>\"asphalt\"", "access": null, "bicycle": null, "boundary": null, "bridge": null, "cycleway": null, "cycleway:right": null, "destination": null, "destination:colour": null, "destination:ref": null, "destination:ref:to": null, "destination:symbol:to": null, "destination:to": null, "foot": null, "footway": null, "horse": null, "int_ref": null, "junction:ref": null, "lane_markings": null, "lanes": null, "layer": null, "lit": "yes", "maxspeed": null, "maxweight:signed": null, "maxweightrating:signed": null, "motor_vehicle": null, "name:etymology:wikidata": null, "nat_ref": null, "oneway": null, "operator": null, "operator:wikidata": null, "political_division": null, "ref": null, "segregated": null, "sidewalk": null, "smoothness": null, "source:maxspeed": null, "surface": "asphalt", "toll": null, "tunnel": null, "turn:lanes": null, "was:name": null, "width": "6", "id_on_layer": 52 }, "geometry": { "type": "MultiPolygon", "coordinates": [ [ [ [ 2.475915023900416, 48.90933070223484 ], [ 2.475806176105229, 48.909325497739481 ], [ 2.475786675913791, 48.909502697730368 ], [ 2.475895524091854, 48.909507902243959 ], [ 2.475915023900416, 48.90933070223484 ] ] ] ] } },
{ "type": "Feature", "properties": { "osm_id": "132451200", "name": "Allée des Tulipes", "highway": "residential", "waterway": null, "aerialway": null, "barrier": null, "man_made": null, "railway": null, "z_order": 3, "other_tags": "\"lit\"=>\"yes\",\"surface\"=>\"asphalt\"", "access": null, "bicycle": null, "boundary": null, "bridge": null, "cycleway": null, "cycleway:right": null, "destination": null, "destination:colour": null, "destination:ref": null, "destination:ref:to": null, "destination:symbol:to": null, "destination:to": null, "foot": null, "footway": null, "horse": null, "int_ref": null, "junction:ref": null, "lane_markings": null, "lanes": null, "layer": null, "lit": "yes", "maxspeed": null, "maxweight:signed": null, "maxweightrating:signed": null, "motor_vehicle": null, "name:etymology:wikidata": null, "nat_ref": null, "oneway": null, "operator": null, "operator:wikidata": null, "political_division": null, "ref": null, "segregated": null, "sidewalk": null, "smoothness": null, "source:maxspeed": null, "surface": "asphalt", "toll": null, "tunnel": null, "turn:lanes": null, "was:name": null, "width": "7.281591531648418", "id_on_layer": 53 }, "geometry": { "type": "MultiPolygon", "coordinates": [ [ [ [ 2.475962859849827, 48.908954853019829 ], [ 2.475836540157357, 48.908949146945567 ], [ 2.475797439685552, 48.90932524692434 ], [ 2.475923760321632, 48.909330953041064 ], [ 2.475962859849827, 48.908954853019829 ] ] ] ] } },
{ "type": "Feature", "properties": { "osm_id": "132451201", "name": "Rue Henri Mouly", "highway": "residential", "waterway": null, "aerialway": null, "barrier": null, "man_made": null, "railway": null, "z_order": 3, "other_tags": "\"lit\"=>\"yes\",\"surface\"=>\"asphalt\"", "access": null, "bicycle": null, "boundary": null, "bridge": null, "cycleway": null, "cycleway:right": null, "destination": null, "destination:colour": null, "destination:ref": null, "destination:ref:to": null, "destination:symbol:to": null, "destination:to": null, "foot": null, "footway": null, "horse": null, "int_ref": null, "junction:ref": null, "lane_markings": null, "lanes": null, "layer": null, "lit": "yes", "maxspeed": null, "maxweight:signed": null, "maxweightrating:signed": null, "motor_vehicle": null, "name:etymology:wikidata": null, "nat_ref": null, "oneway": null, "operator": null, "operator:wikidata": null, "political_division": null, "ref": null, "segregated": null, "sidewalk": null, "smoothness": null, "source:maxspeed": null, "surface": "asphalt", "toll": null, "tunnel": null, "turn:lanes": null, "was:name": null, "width": "6", "id_on_layer": 54 }, "geometry": { "type": "MultiPolygon", "coordinates": [ [ [ [ 2.479678815828036, 48.909706228897463 ], [ 2.479040522702288, 48.909675129232284 ], [ 2.478383911244476, 48.909643228674717 ], [ 2.477758213579784, 48.909612828788099 ], [ 2.477098433779573, 48.90958073463532 ], [ 2.476329851896744, 48.90954114071971 ], [ 2.476321348097162, 48.909612859279882 ], [ 2.477090048643884, 48.909652459307985 ], [ 2.477090283821929, 48.909652471085508 ], [ 2.477750184291738, 48.909684571108272 ], [ 2.478375889049344, 48.909714971339476 ], [ 2.479032483245414, 48.909746871057436 ], [ 2.479670777746368, 48.90977797078942 ], [ 2.479983790836191, 48.909793171426074 ], [ 2.479991809158062, 48.909721428573576 ], [ 2.479678815828036, 48.909706228897463 ] ] ] ] } },
{ "type": "Feature", "properties": { "osm_id": "132451201", "name": "Rue Henri Mouly", "highway": "residential", "waterway": null, "aerialway": null, "barrier": null, "man_made": null, "railway": null, "z_order": 3, "other_tags": "\"lit\"=>\"yes\",\"surface\"=>\"asphalt\"", "access": null, "bicycle": null, "boundary": null, "bridge": null, "cycleway": null, "cycleway:right": null, "destination": null, "destination:colour": null, "destination:ref": null, "destination:ref:to": null, "destination:symbol:to": null, "destination:to": null, "foot": null, "footway": null, "horse": null, "int_ref": null, "junction:ref": null, "lane_markings": null, "lanes": null, "layer": null, "lit": "yes", "maxspeed": null, "maxweight:signed": null, "maxweightrating:signed": null, "motor_vehicle": null, "name:etymology:wikidata": null, "nat_ref": null, "oneway": null, "operator": null, "operator:wikidata": null, "political_division": null, "ref": null, "segregated": null, "sidewalk": null, "smoothness": null, "source:maxspeed": null, "surface": "asphalt", "toll": null, "tunnel": null, "turn:lanes": null, "was:name": null, "width": "6", "id_on_layer": 55 }, "geometry": { "type": "MultiPolygon", "coordinates": [ [ [ [ 2.476039405578259, 48.909531972388557 ], [ 2.476034194417996, 48.90960382761115 ], [ 2.476322994624582, 48.909612927617609 ], [ 2.476328205371674, 48.90954107238209 ], [ 2.476039405578259, 48.909531972388557 ] ] ] ] } },
{ "type": "Feature", "properties": { "osm_id": "132451201", "name": "Rue Henri Mouly", "highway": "residential", "waterway": null, "aerialway": null, "barrier": null, "man_made": null, "railway": null, "z_order": 3, "other_tags": "\"lit\"=>\"yes\",\"surface\"=>\"asphalt\"", "access": null, "bicycle": null, "boundary": null, "bridge": null, "cycleway": null, "cycleway:right": null, "destination": null, "destination:colour": null, "destination:ref": null, "destination:ref:to": null, "destination:symbol:to": null, "destination:to": null, "foot": null, "footway": null, "horse": null, "int_ref": null, "junction:ref": null, "lane_markings": null, "lanes": null, "layer": null, "lit": "yes", "maxspeed": null, "maxweight:signed": null, "maxweightrating:signed": null, "motor_vehicle": null, "name:etymology:wikidata": null, "nat_ref": null, "oneway": null, "operator": null, "operator:wikidata": null, "political_division": null, "ref": null, "segregated": null, "sidewalk": null, "smoothness": null, "source:maxspeed": null, "surface": "asphalt", "toll": null, "tunnel": null, "turn:lanes": null, "was:name": null, "width": "7.042076985813647", "id_on_layer": 56 }, "geometry": { "type": "MultiPolygon", "coordinates": [ [ [ [ 2.475837816397374, 48.909520991575114 ], [ 2.475831983597891, 48.909602208424523 ], [ 2.476033883761139, 48.909608508429578 ], [ 2.476039716234126, 48.909527291570036 ], [ 2.475837816397374, 48.909520991575114 ] ] ] ] } },
{ "type": "Feature", "properties": { "osm_id": "132451201", "name": "Rue Henri Mouly", "highway": "residential", "waterway": null, "aerialway": null, "barrier": null, "man_made": null, "railway": null, "z_order": 3, "other_tags": "\"lit\"=>\"yes\",\"surface\"=>\"asphalt\"", "access": null, "bicycle": null, "boundary": null, "bridge": null, "cycleway": null, "cycleway:right": null, "destination": null, "destination:colour": null, "destination:ref": null, "destination:ref:to": null, "destination:symbol:to": null, "destination:to": null, "foot": null, "footway": null, "horse": null, "int_ref": null, "junction:ref": null, "lane_markings": null, "lanes": null, "layer": null, "lit": "yes", "maxspeed": null, "maxweight:signed": null, "maxweightrating:signed": null, "motor_vehicle": null, "name:etymology:wikidata": null, "nat_ref": null, "oneway": null, "operator": null, "operator:wikidata": null, "political_division": null, "ref": null, "segregated": null, "sidewalk": null, "smoothness": null, "source:maxspeed": null, "surface": "asphalt", "toll": null, "tunnel": null, "turn:lanes": null, "was:name": null, "width": "6", "id_on_layer": 57 }, "geometry": { "type": "MultiPolygon", "coordinates": [ [ [ [ 2.475633798043601, 48.909519272151421 ], [ 2.475628601952665, 48.909591127848287 ], [ 2.47583230209838, 48.909597527852831 ], [ 2.475837497897887, 48.909525672146877 ], [ 2.475633798043601, 48.909519272151421 ] ] ] ] } },
{ "type": "Feature", "properties": { "osm_id": "132451202", "name": null, "highway": "residential", "waterway": null, "aerialway": null, "barrier": null, "man_made": null, "railway": null, "z_order": 3, "other_tags": "\"lit\"=>\"yes\"", "access": null, "bicycle": null, "boundary": null, "bridge": null, "cycleway": null, "cycleway:right": null, "destination": null, "destination:colour": null, "destination:ref": null, "destination:ref:to": null, "destination:symbol:to": null, "destination:to": null, "foot": null, "footway": null, "horse": null, "int_ref": null, "junction:ref": null, "lane_markings": null, "lanes": null, "layer": null, "lit": "yes", "maxspeed": null, "maxweight:signed": null, "maxweightrating:signed": null, "motor_vehicle": null, "name:etymology:wikidata": null, "nat_ref": null, "oneway": null, "operator": null, "operator:wikidata": null, "political_division": null, "ref": null, "segregated": null, "sidewalk": null, "smoothness": null, "source:maxspeed": null, "surface": null, "toll": null, "tunnel": null, "turn:lanes": null, "was:name": null, "width": "6", "id_on_layer": 58 }, "geometry": { "type": "MultiPolygon", "coordinates": [ [ [ [ 2.478456066332434, 48.909465017719697 ], [ 2.478584788475489, 48.909430056127384 ], [ 2.478543211552096, 48.90936354386865 ], [ 2.478389311636889, 48.909405343841158 ], [ 2.478375663410788, 48.909410698727399 ], [ 2.478364932772562, 48.909418417509684 ], [ 2.478358028861003, 48.90942784622569 ], [ 2.478350328845822, 48.909444046222241 ], [ 2.478347950341818, 48.909452442134992 ], [ 2.478333150181157, 48.909600942128058 ], [ 2.478442049823959, 48.909605657846228 ], [ 2.478456066332434, 48.909465017719697 ] ] ] ] } },
{ "type": "Feature", "properties": { "osm_id": "132451202", "name": null, "highway": "residential", "waterway": null, "aerialway": null, "barrier": null, "man_made": null, "railway": null, "z_order": 3, "other_tags": "\"lit\"=>\"yes\"", "access": null, "bicycle": null, "boundary": null, "bridge": null, "cycleway": null, "cycleway:right": null, "destination": null, "destination:colour": null, "destination:ref": null, "destination:ref:to": null, "destination:symbol:to": null, "destination:to": null, "foot": null, "footway": null, "horse": null, "int_ref": null, "junction:ref": null, "lane_markings": null, "lanes": null, "layer": null, "lit": "yes", "maxspeed": null, "maxweight:signed": null, "maxweightrating:signed": null, "motor_vehicle": null, "name:etymology:wikidata": null, "nat_ref": null, "oneway": null, "operator": null, "operator:wikidata": null, "political_division": null, "ref": null, "segregated": null, "sidewalk": null, "smoothness": null, "source:maxspeed": null, "surface": null, "toll": null, "tunnel": null, "turn:lanes": null, "was:name": null, "width": "6", "id_on_layer": 59 }, "geometry": { "type": "MultiPolygon", "coordinates": [ [ [ [ 2.478640459952516, 48.909176635274036 ], [ 2.47876566414834, 48.909180626653708 ], [ 2.478770935847873, 48.909108773346027 ], [ 2.478592135975761, 48.90910307335006 ], [ 2.478575341423078, 48.909104263270208 ], [ 2.478559903589167, 48.909108781776126 ], [ 2.478547301775918, 48.909116195890483 ], [ 2.47853874353023, 48.909125795169494 ], [ 2.478535048933034, 48.90913665977957 ], [ 2.478509548654098, 48.909394459767618 ], [ 2.478618451350979, 48.909399140206638 ], [ 2.478640459952516, 48.909176635274036 ] ] ] ] } },
{ "type": "Feature", "properties": { "osm_id": "132451202", "name": null, "highway": "residential", "waterway": null, "aerialway": null, "barrier": null, "man_made": null, "railway": null, "z_order": 3, "other_tags": "\"lit\"=>\"yes\"", "access": null, "bicycle": null, "boundary": null, "bridge": null, "cycleway": null, "cycleway:right": null, "destination": null, "destination:colour": null, "destination:ref": null, "destination:ref:to": null, "destination:symbol:to": null, "destination:to": null, "foot": null, "footway": null, "horse": null, "int_ref": null, "junction:ref": null, "lane_markings": null, "lanes": null, "layer": null, "lit": "yes", "maxspeed": null, "maxweight:signed": null, "maxweightrating:signed": null, "motor_vehicle": null, "name:etymology:wikidata": null, "nat_ref": null, "oneway": null, "operator": null, "operator:wikidata": null, "political_division": null, "ref": null, "segregated": null, "sidewalk": null, "smoothness": null, "source:maxspeed": null, "surface": null, "toll": null, "tunnel": null, "turn:lanes": null, "was:name": null, "width": "6", "id_on_layer": 60 }, "geometry": { "type": "MultiPolygon", "coordinates": [ [ [ [ 2.478891525050868, 48.909184729353385 ], [ 2.478871331187274, 48.909406343459992 ], [ 2.478980268817405, 48.909410656514297 ], [ 2.479003768538091, 48.909152756503282 ], [ 2.479002084462449, 48.909141482374338 ], [ 2.478995164213678, 48.909131112707428 ], [ 2.478983694277216, 48.909122676164259 ], [ 2.478968812461847, 48.909117009641939 ], [ 2.478951995029841, 48.909114675253875 ], [ 2.478770995159282, 48.909108775258098 ], [ 2.478765604836847, 48.909180624741637 ], [ 2.478891525050868, 48.909184729353385 ] ] ] ] } },
{ "type": "Feature", "properties": { "osm_id": "132451202", "name": null, "highway": "residential", "waterway": null, "aerialway": null, "barrier": null, "man_made": null, "railway": null, "z_order": 3, "other_tags": "\"lit\"=>\"yes\"", "access": null, "bicycle": null, "boundary": null, "bridge": null, "cycleway": null, "cycleway:right": null, "destination": null, "destination:colour": null, "destination:ref": null, "destination:ref:to": null, "destination:symbol:to": null, "destination:to": null, "foot": null, "footway": null, "horse": null, "int_ref": null, "junction:ref": null, "lane_markings": null, "lanes": null, "layer": null, "lit": "yes", "maxspeed": null, "maxweight:signed": null, "maxweightrating:signed": null, "motor_vehicle": null, "name:etymology:wikidata": null, "nat_ref": null, "oneway": null, "operator": null, "operator:wikidata": null, "political_division": null, "ref": null, "segregated": null, "sidewalk": null, "smoothness": null, "source:maxspeed": null, "surface": null, "toll": null, "tunnel": null, "turn:lanes": null, "was:name": null, "width": "6", "id_on_layer": 61 }, "geometry": { "type": "MultiPolygon", "coordinates": [ [ [ [ 2.479008814308393, 48.909476673425289 ], [ 2.479010201837736, 48.909479621931141 ], [ 2.478995944139486, 48.909626503266061 ], [ 2.479104855865498, 48.909631096708225 ], [ 2.479119755699371, 48.909477596701251 ], [ 2.479117417232933, 48.909464643605908 ], [ 2.479106217210562, 48.90944084361093 ], [ 2.479100118573014, 48.909432171186211 ], [ 2.479090769849313, 48.909424863870875 ], [ 2.479078831299139, 48.909419437747836 ], [ 2.478950531360008, 48.909376437775116 ], [ 2.478901068608337, 48.909440562219416 ], [ 2.479008814308393, 48.909476673425289 ] ] ] ] } },
{ "type": "Feature", "properties": { "osm_id": "132451203", "name": "Allée des Hortensias", "highway": "residential", "waterway": null, "aerialway": null, "barrier": null, "man_made": null, "railway": null, "z_order": 3, "other_tags": "\"lit\"=>\"yes\"", "access": null, "bicycle": null, "boundary": null, "bridge": null, "cycleway": null, "cycleway:right": null, "destination": null, "destination:colour": null, "destination:ref": null, "destination:ref:to": null, "destination:symbol:to": null, "destination:to": null, "foot": null, "footway": null, "horse": null, "int_ref": null, "junction:ref": null, "lane_markings": null, "lanes": null, "layer": null, "lit": "yes", "maxspeed": null, "maxweight:signed": null, "maxweightrating:signed": null, "motor_vehicle": null, "name:etymology:wikidata": null, "nat_ref": null, "oneway": null, "operator": null, "operator:wikidata": null, "political_division": null, "ref": null, "segregated": null, "sidewalk": null, "smoothness": null, "source:maxspeed": null, "surface": null, "toll": null, "tunnel": null, "turn:lanes": null, "was:name": null, "width": "6.166167184996571", "id_on_layer": 62 }, "geometry": { "type": "MultiPolygon", "coordinates": [ [ [ [ 2.47744303811135, 48.909024216430204 ], [ 2.477554161894371, 48.909029383543015 ], [ 2.477622361191287, 48.908392083510449 ], [ 2.477511238814432, 48.908386916462767 ], [ 2.47744303811135, 48.909024216430204 ] ] ] ] } },
{ "type": "Feature", "properties": { "osm_id": "132451204", "name": "Allée des Roses", "highway": "residential", "waterway": null, "aerialway": null, "barrier": null, "man_made": null, "railway": null, "z_order": 3, "other_tags": "\"lit\"=>\"yes\"", "access": null, "bicycle": null, "boundary": null, "bridge": null, "cycleway": null, "cycleway:right": null, "destination": null, "destination:colour": null, "destination:ref": null, "destination:ref:to": null, "destination:symbol:to": null, "destination:to": null, "foot": null, "footway": null, "horse": null, "int_ref": null, "junction:ref": null, "lane_markings": null, "lanes": null, "layer": null, "lit": "yes", "maxspeed": null, "maxweight:signed": null, "maxweightrating:signed": null, "motor_vehicle": null, "name:etymology:wikidata": null, "nat_ref": null, "oneway": null, "operator": null, "operator:wikidata": null, "political_division": null, "ref": null, "segregated": null, "sidewalk": null, "smoothness": null, "source:maxspeed": null, "surface": null, "toll": null, "tunnel": null, "turn:lanes": null, "was:name": null, "width": "6", "id_on_layer": 63 }, "geometry": { "type": "MultiPolygon", "coordinates": [ [ [ [ 2.478791359802108, 48.908451653782983 ], [ 2.478722277671473, 48.909076585989816 ], [ 2.478831122334196, 48.909081813984479 ], [ 2.47890022165894, 48.908456713952177 ], [ 2.478900256366386, 48.908456378323415 ], [ 2.478907256287702, 48.908383678320142 ], [ 2.47879834371724, 48.908379121654143 ], [ 2.478791359802108, 48.908451653782983 ] ] ] ] } },
{ "type": "Feature", "properties": { "osm_id": "132451205", "name": null, "highway": "residential", "waterway": null, "aerialway": null, "barrier": null, "man_made": null, "railway": null, "z_order": 3, "other_tags": "\"lit\"=>\"yes\"", "access": null, "bicycle": null, "boundary": null, "bridge": null, "cycleway": null, "cycleway:right": null, "destination": null, "destination:colour": null, "destination:ref": null, "destination:ref:to": null, "destination:symbol:to": null, "destination:to": null, "foot": null, "footway": null, "horse": null, "int_ref": null, "junction:ref": null, "lane_markings": null, "lanes": null, "layer": null, "lit": "yes", "maxspeed": null, "maxweight:signed": null, "maxweightrating:signed": null, "motor_vehicle": null, "name:etymology:wikidata": null, "nat_ref": null, "oneway": null, "operator": null, "operator:wikidata": null, "political_division": null, "ref": null, "segregated": null, "sidewalk": null, "smoothness": null, "source:maxspeed": null, "surface": null, "toll": null, "tunnel": null, "turn:lanes": null, "was:name": null, "width": "6", "id_on_layer": 64 }, "geometry": { "type": "MultiPolygon", "coordinates": [ [ [ [ 2.477653847969314, 48.909395008582202 ], [ 2.477660152026162, 48.909323191417513 ], [ 2.47725115231826, 48.909307591428586 ], [ 2.477244847677215, 48.909379408571098 ], [ 2.477653847969314, 48.909395008582202 ] ] ] ] } },
{ "type": "Feature", "properties": { "osm_id": "132451206", "name": null, "highway": "residential", "waterway": null, "aerialway": null, "barrier": null, "man_made": null, "railway": null, "z_order": 3, "other_tags": "\"lit\"=>\"yes\"", "access": null, "bicycle": null, "boundary": null, "bridge": null, "cycleway": null, "cycleway:right": null, "destination": null, "destination:colour": null, "destination:ref": null, "destination:ref:to": null, "destination:symbol:to": null, "destination:to": null, "foot": null, "footway": null, "horse": null, "int_ref": null, "junction:ref": null, "lane_markings": null, "lanes": null, "layer": null, "lit": "yes", "maxspeed": null, "maxweight:signed": null, "maxweightrating:signed": null, "motor_vehicle": null, "name:etymology:wikidata": null, "nat_ref": null, "oneway": null, "operator": null, "operator:wikidata": null, "political_division": null, "ref": null, "segregated": null, "sidewalk": null, "smoothness": null, "source:maxspeed": null, "surface": null, "toll": null, "tunnel": null, "turn:lanes": null, "was:name": null, "width": "6", "id_on_layer": 65 }, "geometry": { "type": "MultiPolygon", "coordinates": [ [ [ [ 2.478923126314754, 48.909444425437769 ], [ 2.478928473681405, 48.909372574561949 ], [ 2.47856667394016, 48.909360874570254 ], [ 2.478561326055999, 48.909432725429433 ], [ 2.478923126314754, 48.909444425437769 ] ] ] ] } },
{ "type": "Feature", "properties": { "osm_id": "132451207", "name": null, "highway": "residential", "waterway": null, "aerialway": null, "barrier": null, "man_made": null, "railway": null, "z_order": 3, "other_tags": "\"lit\"=>\"yes\"", "access": null, "bicycle": null, "boundary": null, "bridge": null, "cycleway": null, "cycleway:right": null, "destination": null, "destination:colour": null, "destination:ref": null, "destination:ref:to": null, "destination:symbol:to": null, "destination:to": null, "foot": null, "footway": null, "horse": null, "int_ref": null, "junction:ref": null, "lane_markings": null, "lanes": null, "layer": null, "lit": "yes", "maxspeed": null, "maxweight:signed": null, "maxweightrating:signed": null, "motor_vehicle": null, "name:etymology:wikidata": null, "nat_ref": null, "oneway": null, "operator": null, "operator:wikidata": null, "political_division": null, "ref": null, "segregated": null, "sidewalk": null, "smoothness": null, "source:maxspeed": null, "surface": null, "toll": null, "tunnel": null, "turn:lanes": null, "was:name": null, "width": "6", "id_on_layer": 66 }, "geometry": { "type": "MultiPolygon", "coordinates": [ [ [ [ 2.477170641388382, 48.909406083062905 ], [ 2.477173666701009, 48.909401296740342 ], [ 2.477184131698946, 48.909397076427943 ], [ 2.477231860680729, 48.909386041341541 ], [ 2.477233249289437, 48.90938570629482 ], [ 2.477267449309035, 48.909377106289099 ], [ 2.477228550717044, 48.909309893707409 ], [ 2.477195041595994, 48.909318319976975 ], [ 2.477142539375329, 48.909330458647169 ], [ 2.477132122673936, 48.909333718046341 ], [ 2.477101622685622, 48.909346018038882 ], [ 2.477088656604554, 48.909353301990549 ], [ 2.477079730087024, 48.909362866591721 ], [ 2.477066330069414, 48.909384066585915 ], [ 2.477062223657243, 48.909395827881042 ], [ 2.477049223496345, 48.909544327874954 ], [ 2.477158176508152, 48.909548472099303 ], [ 2.477170641388382, 48.909406083062905 ] ] ] ] } },
{ "type": "Feature", "properties": { "osm_id": "132451207", "name": null, "highway": "residential", "waterway": null, "aerialway": null, "barrier": null, "man_made": null, "railway": null, "z_order": 3, "other_tags": "\"lit\"=>\"yes\"", "access": null, "bicycle": null, "boundary": null, "bridge": null, "cycleway": null, "cycleway:right": null, "destination": null, "destination:colour": null, "destination:ref": null, "destination:ref:to": null, "destination:symbol:to": null, "destination:to": null, "foot": null, "footway": null, "horse": null, "int_ref": null, "junction:ref": null, "lane_markings": null, "lanes": null, "layer": null, "lit": "yes", "maxspeed": null, "maxweight:signed": null, "maxweightrating:signed": null, "motor_vehicle": null, "name:etymology:wikidata": null, "nat_ref": null, "oneway": null, "operator": null, "operator:wikidata": null, "political_division": null, "ref": null, "segregated": null, "sidewalk": null, "smoothness": null, "source:maxspeed": null, "surface": null, "toll": null, "tunnel": null, "turn:lanes": null, "was:name": null, "width": "6", "id_on_layer": 67 }, "geometry": { "type": "MultiPolygon", "coordinates": [ [ [ [ 2.477310268171461, 48.909356953988635 ], [ 2.477323805243567, 48.90934662835209 ], [ 2.477330532445625, 48.909333721826073 ], [ 2.477334532425863, 48.909315021824206 ], [ 2.477334956002811, 48.909312291719367 ], [ 2.477353561602438, 48.90912019407358 ], [ 2.477354798503596, 48.909117933526304 ], [ 2.477489073658941, 48.909119760979465 ], [ 2.477491326339435, 48.909047839020282 ], [ 2.477337026450115, 48.909045739021778 ], [ 2.477321722426031, 48.909046966639565 ], [ 2.477307550132423, 48.909050966865451 ], [ 2.47728285014197, 48.909060866859427 ], [ 2.477268953487622, 48.909068834803271 ], [ 2.477259870042502, 48.909079396423564 ], [ 2.477248270023611, 48.909100596418448 ], [ 2.477245144215584, 48.909110508263844 ], [ 2.477226176733865, 48.909306337872941 ], [ 2.477225525774463, 48.909309381093614 ], [ 2.477214231872705, 48.909315245993064 ], [ 2.477281768165366, 48.909371753996894 ], [ 2.477310268171461, 48.909356953988635 ] ] ] ] } },
{ "type": "Feature", "properties": { "osm_id": "132451207", "name": null, "highway": "residential", "waterway": null, "aerialway": null, "barrier": null, "man_made": null, "railway": null, "z_order": 3, "other_tags": "\"lit\"=>\"yes\"", "access": null, "bicycle": null, "boundary": null, "bridge": null, "cycleway": null, "cycleway:right": null, "destination": null, "destination:colour": null, "destination:ref": null, "destination:ref:to": null, "destination:symbol:to": null, "destination:to": null, "foot": null, "footway": null, "horse": null, "int_ref": null, "junction:ref": null, "lane_markings": null, "lanes": null, "layer": null, "lit": "yes", "maxspeed": null, "maxweight:signed": null, "maxweightrating:signed": null, "motor_vehicle": null, "name:etymology:wikidata": null, "nat_ref": null, "oneway": null, "operator": null, "operator:wikidata": null, "political_division": null, "ref": null, "segregated": null, "sidewalk": null, "smoothness": null, "source:maxspeed": null, "surface": null, "toll": null, "tunnel": null, "turn:lanes": null, "was:name": null, "width": "6", "id_on_layer": 68 }, "geometry": { "type": "MultiPolygon", "coordinates": [ [ [ [ 2.477587933206872, 48.909126062741116 ], [ 2.477603483018286, 48.909127921570878 ], [ 2.477603067979615, 48.909131874277954 ], [ 2.477582072348032, 48.909325232112721 ], [ 2.477582313186246, 48.90933203793459 ], [ 2.477585913164924, 48.909352037936266 ], [ 2.477590922265998, 48.909363386158724 ], [ 2.477601241044956, 48.909373051559029 ], [ 2.47761814104471, 48.909384351564697 ], [ 2.47769585891612, 48.909333848422115 ], [ 2.477692084035959, 48.909331324391772 ], [ 2.47769129797372, 48.90932695740478 ], [ 2.477711927448557, 48.909136967851751 ], [ 2.477711936452902, 48.90913688353367 ], [ 2.47771403643128, 48.909116883532683 ], [ 2.477712051202356, 48.90910448194861 ], [ 2.477703761189113, 48.909093272544418 ], [ 2.477683061181273, 48.909074472552277 ], [ 2.477667939846329, 48.909065148064251 ], [ 2.477648636813492, 48.909060208618577 ], [ 2.477605136843203, 48.909055008622225 ], [ 2.477600570073947, 48.909054593169181 ], [ 2.477495370148436, 48.909047993173857 ], [ 2.477485029844168, 48.909119606825683 ], [ 2.477587933206872, 48.909126062741116 ] ] ] ] } },
{ "type": "Feature", "properties": { "osm_id": "132451207", "name": null, "highway": "residential", "waterway": null, "aerialway": null, "barrier": null, "man_made": null, "railway": null, "z_order": 3, "other_tags": "\"lit\"=>\"yes\"", "access": null, "bicycle": null, "boundary": null, "bridge": null, "cycleway": null, "cycleway:right": null, "destination": null, "destination:colour": null, "destination:ref": null, "destination:ref:to": null, "destination:symbol:to": null, "destination:to": null, "foot": null, "footway": null, "horse": null, "int_ref": null, "junction:ref": null, "lane_markings": null, "lanes": null, "layer": null, "lit": "yes", "maxspeed": null, "maxweight:signed": null, "maxweightrating:signed": null, "motor_vehicle": null, "name:etymology:wikidata": null, "nat_ref": null, "oneway": null, "operator": null, "operator:wikidata": null, "political_division": null, "ref": null, "segregated": null, "sidewalk": null, "smoothness": null, "source:maxspeed": null, "surface": null, "toll": null, "tunnel": null, "turn:lanes": null, "was:name": null, "width": "6", "id_on_layer": 69 }, "geometry": { "type": "MultiPolygon", "coordinates": [ [ [ [ 2.47771603393165, 48.909423179612986 ], [ 2.477717625032651, 48.90942460124878 ], [ 2.477718970627782, 48.909432039443132 ], [ 2.477708201031122, 48.909573902361821 ], [ 2.47781719897278, 48.909577497612439 ], [ 2.477828198815587, 48.909432597607292 ], [ 2.477827883127688, 48.909426541046983 ], [ 2.477824283106477, 48.909406641048648 ], [ 2.477820831945032, 48.909397653825643 ], [ 2.477814010587705, 48.909389546566139 ], [ 2.477797110581675, 48.909374446572528 ], [ 2.477780533264314, 48.909364669214654 ], [ 2.477684333304059, 48.909327969237246 ], [ 2.477629666661973, 48.909390230756117 ], [ 2.47771603393165, 48.909423179612986 ] ] ] ] } },
{ "type": "Feature", "properties": { "osm_id": "132451208", "name": null, "highway": "residential", "waterway": null, "aerialway": null, "barrier": null, "man_made": null, "railway": null, "z_order": 3, "other_tags": "\"lit\"=>\"yes\",\"surface\"=>\"asphalt\"", "access": null, "bicycle": null, "boundary": null, "bridge": null, "cycleway": null, "cycleway:right": null, "destination": null, "destination:colour": null, "destination:ref": null, "destination:ref:to": null, "destination:symbol:to": null, "destination:to": null, "foot": null, "footway": null, "horse": null, "int_ref": null, "junction:ref": null, "lane_markings": null, "lanes": null, "layer": null, "lit": "yes", "maxspeed": null, "maxweight:signed": null, "maxweightrating:signed": null, "motor_vehicle": null, "name:etymology:wikidata": null, "nat_ref": null, "oneway": null, "operator": null, "operator:wikidata": null, "political_division": null, "ref": null, "segregated": null, "sidewalk": null, "smoothness": null, "source:maxspeed": null, "surface": "asphalt", "toll": null, "tunnel": null, "turn:lanes": null, "was:name": null, "width": "6", "id_on_layer": 70 }, "geometry": { "type": "MultiPolygon", "coordinates": [ [ [ [ 2.479757809861331, 48.909516212822744 ], [ 2.479846584957063, 48.909488891300292 ], [ 2.479852536712063, 48.909486753326149 ], [ 2.479873536719783, 48.909478053320903 ], [ 2.479890262446101, 48.909467191263396 ], [ 2.479903662438919, 48.909453591258121 ], [ 2.479909630075378, 48.909445446677076 ], [ 2.479912326638871, 48.909436578283731 ], [ 2.479946026304888, 48.909127478267997 ], [ 2.479837173700704, 48.909122321706313 ], [ 2.479804536177924, 48.909421673628387 ], [ 2.479797338280209, 48.909424655613435 ], [ 2.47968831512997, 48.909458208672646 ], [ 2.479674989368473, 48.909464009791122 ], [ 2.479664782177692, 48.90947210549394 ], [ 2.479658567805439, 48.909481802383944 ], [ 2.479650767785859, 48.909501702380389 ], [ 2.479649104546138, 48.909508857551629 ], [ 2.479639004405352, 48.909638657546921 ], [ 2.479747995598647, 48.909642342427325 ], [ 2.479757809861331, 48.909516212822744 ] ] ] ] } },
{ "type": "Feature", "properties": { "osm_id": "132451774", "name": "Allée des Glaïeuls", "highway": "residential", "waterway": null, "aerialway": null, "barrier": null, "man_made": null, "railway": null, "z_order": 3, "other_tags": "\"lit\"=>\"yes\",\"surface\"=>\"asphalt\"", "access": null, "bicycle": null, "boundary": null, "bridge": null, "cycleway": null, "cycleway:right": null, "destination": null, "destination:colour": null, "destination:ref": null, "destination:ref:to": null, "destination:symbol:to": null, "destination:to": null, "foot": null, "footway": null, "horse": null, "int_ref": null, "junction:ref": null, "lane_markings": null, "lanes": null, "layer": null, "lit": "yes", "maxspeed": null, "maxweight:signed": null, "maxweightrating:signed": null, "motor_vehicle": null, "name:etymology:wikidata": null, "nat_ref": null, "oneway": null, "operator": null, "operator:wikidata": null, "political_division": null, "ref": null, "segregated": null, "sidewalk": null, "smoothness": null, "source:maxspeed": null, "surface": "asphalt", "toll": null, "tunnel": null, "turn:lanes": null, "was:name": null, "width": "6", "id_on_layer": 71 }, "geometry": { "type": "MultiPolygon", "coordinates": [ [ [ [ 2.4763118123397, 48.908340007546492 ], [ 2.476322448168372, 48.908327662372614 ], [ 2.476328908917577, 48.908315464255971 ], [ 2.476343208854405, 48.908255264249348 ], [ 2.476235391157559, 48.908244135725447 ], [ 2.476222632231099, 48.908297847893024 ], [ 2.476210751852747, 48.908311637600953 ], [ 2.476203755574033, 48.908327002243148 ], [ 2.476139454887866, 48.908961402213066 ], [ 2.476248345117336, 48.908966197761231 ], [ 2.4763118123397, 48.908340007546492 ] ] ] ] } },
{ "type": "Feature", "properties": { "osm_id": "132451776", "name": "Allée des Glycines", "highway": "residential", "waterway": null, "aerialway": null, "barrier": null, "man_made": null, "railway": null, "z_order": 3, "other_tags": null, "access": null, "bicycle": null, "boundary": null, "bridge": null, "cycleway": null, "cycleway:right": null, "destination": null, "destination:colour": null, "destination:ref": null, "destination:ref:to": null, "destination:symbol:to": null, "destination:to": null, "foot": null, "footway": null, "horse": null, "int_ref": null, "junction:ref": null, "lane_markings": null, "lanes": null, "layer": null, "lit": null, "maxspeed": null, "maxweight:signed": null, "maxweightrating:signed": null, "motor_vehicle": null, "name:etymology:wikidata": null, "nat_ref": null, "oneway": null, "operator": null, "operator:wikidata": null, "political_division": null, "ref": null, "segregated": null, "sidewalk": null, "smoothness": null, "source:maxspeed": null, "surface": null, "toll": null, "tunnel": null, "turn:lanes": null, "was:name": null, "width": "6.69992332030046", "id_on_layer": 72 }, "geometry": { "type": "MultiPolygon", "coordinates": [ [ [ [ 2.475018789391541, 48.908264482424769 ], [ 2.474900410615026, 48.908258917544828 ], [ 2.474830909860126, 48.908901317509461 ], [ 2.47494929014644, 48.908906882460144 ], [ 2.475018789391541, 48.908264482424769 ] ] ] ] } },
{ "type": "Feature", "properties": { "osm_id": "132451778", "name": null, "highway": "residential", "waterway": null, "aerialway": null, "barrier": null, "man_made": null, "railway": null, "z_order": 3, "other_tags": "\"lit\"=>\"yes\"", "access": null, "bicycle": null, "boundary": null, "bridge": null, "cycleway": null, "cycleway:right": null, "destination": null, "destination:colour": null, "destination:ref": null, "destination:ref:to": null, "destination:symbol:to": null, "destination:to": null, "foot": null, "footway": null, "horse": null, "int_ref": null, "junction:ref": null, "lane_markings": null, "lanes": null, "layer": null, "lit": "yes", "maxspeed": null, "maxweight:signed": null, "maxweightrating:signed": null, "motor_vehicle": null, "name:etymology:wikidata": null, "nat_ref": null, "oneway": null, "operator": null, "operator:wikidata": null, "political_division": null, "ref": null, "segregated": null, "sidewalk": null, "smoothness": null, "source:maxspeed": null, "surface": null, "toll": null, "tunnel": null, "turn:lanes": null, "was:name": null, "width": "6", "id_on_layer": 73 }, "geometry": { "type": "MultiPolygon", "coordinates": [ [ [ [ 2.477435889025054, 48.9090803223324 ], [ 2.477544510982476, 48.909087277642001 ], [ 2.477552910921283, 48.909030277638088 ], [ 2.477444289086247, 48.909023322336338 ], [ 2.477435889025054, 48.9090803223324 ] ] ] ] } },
{ "type": "Feature", "properties": { "osm_id": "132451779", "name": null, "highway": "residential", "waterway": null, "aerialway": null, "barrier": null, "man_made": null, "railway": null, "z_order": 3, "other_tags": "\"lit\"=>\"yes\"", "access": null, "bicycle": null, "boundary": null, "bridge": null, "cycleway": null, "cycleway:right": null, "destination": null, "destination:colour": null, "destination:ref": null, "destination:ref:to": null, "destination:symbol:to": null, "destination:to": null, "foot": null, "footway": null, "horse": null, "int_ref": null, "junction:ref": null, "lane_markings": null, "lanes": null, "layer": null, "lit": "yes", "maxspeed": null, "maxweight:signed": null, "maxweightrating:signed": null, "motor_vehicle": null, "name:etymology:wikidata": null, "nat_ref": null, "oneway": null, "operator": null, "operator:wikidata": null, "political_division": null, "ref": null, "segregated": null, "sidewalk": null, "smoothness": null, "source:maxspeed": null, "surface": null, "toll": null, "tunnel": null, "turn:lanes": null, "was:name": null, "width": "6", "id_on_layer": 74 }, "geometry": { "type": "MultiPolygon", "coordinates": [ [ [ [ 2.478713927242542, 48.909141670195361 ], [ 2.478822672764025, 48.909147729779022 ], [ 2.478831072693463, 48.90908222977508 ], [ 2.478722327313103, 48.90907617019927 ], [ 2.478713927242542, 48.909141670195361 ] ] ] ] } },
{ "type": "Feature", "properties": { "osm_id": "134576761", "name": "Allée des Azalées", "highway": "residential", "waterway": null, "aerialway": null, "barrier": null, "man_made": null, "railway": null, "z_order": 3, "other_tags": "\"surface\"=>\"asphalt\"", "access": null, "bicycle": null, "boundary": null, "bridge": null, "cycleway": null, "cycleway:right": null, "destination": null, "destination:colour": null, "destination:ref": null, "destination:ref:to": null, "destination:symbol:to": null, "destination:to": null, "foot": null, "footway": null, "horse": null, "int_ref": null, "junction:ref": null, "lane_markings": null, "lanes": null, "layer": null, "lit": null, "maxspeed": null, "maxweight:signed": null, "maxweightrating:signed": null, "motor_vehicle": null, "name:etymology:wikidata": null, "nat_ref": null, "oneway": null, "operator": null, "operator:wikidata": null, "political_division": null, "ref": null, "segregated": null, "sidewalk": null, "smoothness": null, "source:maxspeed": null, "surface": "asphalt", "toll": null, "tunnel": null, "turn:lanes": null, "was:name": null, "width": "6", "id_on_layer": 75 }, "geometry": { "type": "MultiPolygon", "coordinates": [ [ [ [ 2.475126769209387, 48.908914546270374 ], [ 2.475017830795271, 48.908910253703901 ], [ 2.474991930485947, 48.90919585369177 ], [ 2.475100869518712, 48.909200146282501 ], [ 2.475126769209387, 48.908914546270374 ] ] ] ] } },
{ "type": "Feature", "properties": { "osm_id": "134577036", "name": null, "highway": "residential", "waterway": null, "aerialway": null, "barrier": null, "man_made": null, "railway": null, "z_order": 3, "other_tags": null, "access": null, "bicycle": null, "boundary": null, "bridge": null, "cycleway": null, "cycleway:right": null, "destination": null, "destination:colour": null, "destination:ref": null, "destination:ref:to": null, "destination:symbol:to": null, "destination:to": null, "foot": null, "footway": null, "horse": null, "int_ref": null, "junction:ref": null, "lane_markings": null, "lanes": null, "layer": null, "lit": null, "maxspeed": null, "maxweight:signed": null, "maxweightrating:signed": null, "motor_vehicle": null, "name:etymology:wikidata": null, "nat_ref": null, "oneway": null, "operator": null, "operator:wikidata": null, "political_division": null, "ref": null, "segregated": null, "sidewalk": null, "smoothness": null, "source:maxspeed": null, "surface": null, "toll": null, "tunnel": null, "turn:lanes": null, "was:name": null, "width": "6", "id_on_layer": 76 }, "geometry": { "type": "MultiPolygon", "coordinates": [ [ [ [ 2.475120618363959, 48.909442090140971 ], [ 2.475114381631564, 48.90951390985871 ], [ 2.4758379821484, 48.909541209878114 ], [ 2.475844217847122, 48.909469390121586 ], [ 2.475120618363959, 48.909442090140971 ] ] ] ] } },
{ "type": "Feature", "properties": { "osm_id": "134577038", "name": null, "highway": "residential", "waterway": null, "aerialway": null, "barrier": null, "man_made": null, "railway": null, "z_order": 3, "other_tags": null, "access": null, "bicycle": null, "boundary": null, "bridge": null, "cycleway": null, "cycleway:right": null, "destination": null, "destination:colour": null, "destination:ref": null, "destination:ref:to": null, "destination:symbol:to": null, "destination:to": null, "foot": null, "footway": null, "horse": null, "int_ref": null, "junction:ref": null, "lane_markings": null, "lanes": null, "layer": null, "lit": null, "maxspeed": null, "maxweight:signed": null, "maxweightrating:signed": null, "motor_vehicle": null, "name:etymology:wikidata": null, "nat_ref": null, "oneway": null, "operator": null, "operator:wikidata": null, "political_division": null, "ref": null, "segregated": null, "sidewalk": null, "smoothness": null, "source:maxspeed": null, "surface": null, "toll": null, "tunnel": null, "turn:lanes": null, "was:name": null, "width": "6", "id_on_layer": 77 }, "geometry": { "type": "MultiPolygon", "coordinates": [ [ [ [ 2.474981622261116, 48.909262079499896 ], [ 2.47497597773483, 48.909333920499819 ], [ 2.475857778365221, 48.90936402052121 ], [ 2.475863421630725, 48.909292179478498 ], [ 2.474981622261116, 48.909262079499896 ] ] ] ] } },
{ "type": "Feature", "properties": { "osm_id": "134577039", "name": null, "highway": "residential", "waterway": null, "aerialway": null, "barrier": null, "man_made": null, "railway": null, "z_order": 3, "other_tags": "\"surface\"=>\"asphalt\"", "access": null, "bicycle": null, "boundary": null, "bridge": null, "cycleway": null, "cycleway:right": null, "destination": null, "destination:colour": null, "destination:ref": null, "destination:ref:to": null, "destination:symbol:to": null, "destination:to": null, "foot": null, "footway": null, "horse": null, "int_ref": null, "junction:ref": null, "lane_markings": null, "lanes": null, "layer": null, "lit": null, "maxspeed": null, "maxweight:signed": null, "maxweightrating:signed": null, "motor_vehicle": null, "name:etymology:wikidata": null, "nat_ref": null, "oneway": null, "operator": null, "operator:wikidata": null, "political_division": null, "ref": null, "segregated": null, "sidewalk": null, "smoothness": null, "source:maxspeed": null, "surface": "asphalt", "toll": null, "tunnel": null, "turn:lanes": null, "was:name": null, "width": "6", "id_on_layer": 78 }, "geometry": { "type": "MultiPolygon", "coordinates": [ [ [ [ 2.475424121443089, 48.909796352296077 ], [ 2.475166146887083, 48.909461705935719 ], [ 2.475068853081274, 48.909494294043711 ], [ 2.475341052826991, 48.909847394157524 ], [ 2.475352403953923, 48.909857355824926 ], [ 2.475368229718236, 48.909864167422406 ], [ 2.475386631406085, 48.909867011720316 ], [ 2.475553631525386, 48.909873211724729 ], [ 2.475559768470207, 48.909801388274964 ], [ 2.475424121443089, 48.909796352296077 ] ] ] ] } },
{ "type": "Feature", "properties": { "osm_id": "134577039", "name": null, "highway": "residential", "waterway": null, "aerialway": null, "barrier": null, "man_made": null, "railway": null, "z_order": 3, "other_tags": "\"surface\"=>\"asphalt\"", "access": null, "bicycle": null, "boundary": null, "bridge": null, "cycleway": null, "cycleway:right": null, "destination": null, "destination:colour": null, "destination:ref": null, "destination:ref:to": null, "destination:symbol:to": null, "destination:to": null, "foot": null, "footway": null, "horse": null, "int_ref": null, "junction:ref": null, "lane_markings": null, "lanes": null, "layer": null, "lit": null, "maxspeed": null, "maxweight:signed": null, "maxweightrating:signed": null, "motor_vehicle": null, "name:etymology:wikidata": null, "nat_ref": null, "oneway": null, "operator": null, "operator:wikidata": null, "political_division": null, "ref": null, "segregated": null, "sidewalk": null, "smoothness": null, "source:maxspeed": null, "surface": "asphalt", "toll": null, "tunnel": null, "turn:lanes": null, "was:name": null, "width": "6", "id_on_layer": 79 }, "geometry": { "type": "MultiPolygon", "coordinates": [ [ [ [ 2.475027450921691, 48.909281711396815 ], [ 2.474930149046674, 48.909314288582621 ], [ 2.475068848917, 48.909494288640609 ], [ 2.475166151051365, 48.909461711338814 ], [ 2.475027450921691, 48.909281711396815 ] ] ] ] } },
{ "type": "Feature", "properties": { "osm_id": "134577039", "name": null, "highway": "residential", "waterway": null, "aerialway": null, "barrier": null, "man_made": null, "railway": null, "z_order": 3, "other_tags": "\"surface\"=>\"asphalt\"", "access": null, "bicycle": null, "boundary": null, "bridge": null, "cycleway": null, "cycleway:right": null, "destination": null, "destination:colour": null, "destination:ref": null, "destination:ref:to": null, "destination:symbol:to": null, "destination:to": null, "foot": null, "footway": null, "horse": null, "int_ref": null, "junction:ref": null, "lane_markings": null, "lanes": null, "layer": null, "lit": null, "maxspeed": null, "maxweight:signed": null, "maxweightrating:signed": null, "motor_vehicle": null, "name:etymology:wikidata": null, "nat_ref": null, "oneway": null, "operator": null, "operator:wikidata": null, "political_division": null, "ref": null, "segregated": null, "sidewalk": null, "smoothness": null, "source:maxspeed": null, "surface": "asphalt", "toll": null, "tunnel": null, "turn:lanes": null, "was:name": null, "width": "6", "id_on_layer": 80 }, "geometry": { "type": "MultiPolygon", "coordinates": [ [ [ [ 2.474848284445277, 48.909049229948408 ], [ 2.47485543873943, 48.908901245663309 ], [ 2.474746361263056, 48.908898954310892 ], [ 2.474738761092143, 48.909056154307336 ], [ 2.474740037706958, 48.909065117264298 ], [ 2.474744650782412, 48.909073590532486 ], [ 2.474930150609035, 48.909314290610048 ], [ 2.475027449359328, 48.909281709369381 ], [ 2.474848284445277, 48.909049229948408 ] ] ] ] } },
{ "type": "Feature", "properties": { "osm_id": "188660420", "name": null, "highway": "motorway", "waterway": null, "aerialway": null, "barrier": null, "man_made": null, "railway": null, "z_order": 19, "other_tags": "\"destination\"=>\"Nantes;Créteil;Montreuil;Paris - Porte de Bagnolet\",\"destination:ref\"=>\"A 3\",\"destination:ref:to\"=>\"A 86;A 10\",\"destination:symbol:to\"=>\"ring_road\",\"destination:to\"=>\"A 4;Bordeaux\",\"int_ref\"=>\"E 15\",\"lanes\"=>\"3\",\"layer\"=>\"1\",\"lit\"=>\"no\",\"maxspeed\"=>\"110\",\"oneway\"=>\"yes\",\"operator\"=>\"DIRIF\",\"operator:wikidata\"=>\"Q3029613\",\"ref\"=>\"A 3\",\"surface\"=>\"asphalt\",\"toll\"=>\"no\"", "access": null, "bicycle": null, "boundary": null, "bridge": null, "cycleway": null, "cycleway:right": null, "destination": "Nantes;Créteil;Montreuil;Paris - Porte de Bagnolet", "destination:colour": null, "destination:ref": "A 3", "destination:ref:to": "A 86;A 10", "destination:symbol:to": "ring_road", "destination:to": "A 4;Bordeaux", "foot": null, "footway": null, "horse": null, "int_ref": "E 15", "junction:ref": null, "lane_markings": null, "lanes": "3", "layer": "1", "lit": "no", "maxspeed": "110", "maxweight:signed": null, "maxweightrating:signed": null, "motor_vehicle": null, "name:etymology:wikidata": null, "nat_ref": null, "oneway": "yes", "operator": "DIRIF", "operator:wikidata": "Q3029613", "political_division": null, "ref": "A 3", "segregated": null, "sidewalk": null, "smoothness": null, "source:maxspeed": null, "surface": "asphalt", "toll": "no", "tunnel": null, "turn:lanes": null, "was:name": null, "width": "22", "id_on_layer": 82 }, "geometry": { "type": "MultiPolygon", "coordinates": [ [ [ [ 2.473236919352436, 48.908060364531245 ], [ 2.472939223083014, 48.908150176374818 ], [ 2.473008951496082, 48.908250605914759 ], [ 2.473306648237156, 48.908160793892776 ], [ 2.473236919352436, 48.908060364531245 ] ] ] ] } },
{ "type": "Feature", "properties": { "osm_id": "188678661", "name": null, "highway": "motorway", "waterway": null, "aerialway": null, "barrier": null, "man_made": null, "railway": null, "z_order": 19, "other_tags": "\"int_ref\"=>\"E 15\",\"lanes\"=>\"4\",\"layer\"=>\"1\",\"lit\"=>\"no\",\"maxspeed\"=>\"90\",\"oneway\"=>\"yes\",\"operator\"=>\"DIRIF\",\"operator:wikidata\"=>\"Q3029613\",\"ref\"=>\"A 3\",\"surface\"=>\"asphalt\",\"toll\"=>\"no\",\"turn:lanes\"=>\"|||merge_to_left\"", "access": null, "bicycle": null, "boundary": null, "bridge": null, "cycleway": null, "cycleway:right": null, "destination": null, "destination:colour": null, "destination:ref": null, "destination:ref:to": null, "destination:symbol:to": null, "destination:to": null, "foot": null, "footway": null, "horse": null, "int_ref": "E 15", "junction:ref": null, "lane_markings": null, "lanes": "4", "layer": "1", "lit": "no", "maxspeed": "90", "maxweight:signed": null, "maxweightrating:signed": null, "motor_vehicle": null, "name:etymology:wikidata": null, "nat_ref": null, "oneway": "yes", "operator": "DIRIF", "operator:wikidata": "Q3029613", "political_division": null, "ref": "A 3", "segregated": null, "sidewalk": null, "smoothness": null, "source:maxspeed": null, "surface": "asphalt", "toll": "no", "tunnel": null, "turn:lanes": "|||merge_to_left", "was:name": null, "width": "22", "id_on_layer": 84 }, "geometry": { "type": "MultiPolygon", "coordinates": [ [ [ [ 2.474344384701782, 48.909548101567282 ], [ 2.47475185181909, 48.910051773818637 ], [ 2.475040747888183, 48.909950226000014 ], [ 2.474632446847023, 48.9094455265069 ], [ 2.474630749661016, 48.909443482081578 ], [ 2.473640147391235, 48.908280183296924 ], [ 2.473354652307866, 48.908385816525907 ], [ 2.474344384701782, 48.909548101567282 ] ] ] ] } },
{ "type": "Feature", "properties": { "osm_id": "195026404", "name": "Chemin de Groslay", "highway": "tertiary", "waterway": null, "aerialway": null, "barrier": null, "man_made": null, "railway": null, "z_order": 4, "other_tags": "\"lane_markings\"=>\"no\",\"surface\"=>\"asphalt\",\"width\"=>\"10\"", "access": null, "bicycle": null, "boundary": null, "bridge": null, "cycleway": null, "cycleway:right": null, "destination": null, "destination:colour": null, "destination:ref": null, "destination:ref:to": null, "destination:symbol:to": null, "destination:to": null, "foot": null, "footway": null, "horse": null, "int_ref": null, "junction:ref": null, "lane_markings": "no", "lanes": null, "layer": null, "lit": null, "maxspeed": null, "maxweight:signed": null, "maxweightrating:signed": null, "motor_vehicle": null, "name:etymology:wikidata": null, "nat_ref": null, "oneway": null, "operator": null, "operator:wikidata": null, "political_division": null, "ref": null, "segregated": null, "sidewalk": null, "smoothness": null, "source:maxspeed": null, "surface": "asphalt", "toll": null, "tunnel": null, "turn:lanes": null, "was:name": null, "width": "10", "id_on_layer": 85 }, "geometry": { "type": "MultiPolygon", "coordinates": [ [ [ [ 2.474561225322203, 48.911204986103655 ], [ 2.474714574619992, 48.91116721384531 ], [ 2.474622674406584, 48.911005113905873 ], [ 2.474469325535612, 48.911042886043099 ], [ 2.474561225322203, 48.911204986103655 ] ] ] ] } },
{ "type": "Feature", "properties": { "osm_id": "248813240", "name": "Chemin de Groslay", "highway": "tertiary", "waterway": null, "aerialway": null, "barrier": null, "man_made": null, "railway": null, "z_order": 4, "other_tags": null, "access": null, "bicycle": null, "boundary": null, "bridge": null, "cycleway": null, "cycleway:right": null, "destination": null, "destination:colour": null, "destination:ref": null, "destination:ref:to": null, "destination:symbol:to": null, "destination:to": null, "foot": null, "footway": null, "horse": null, "int_ref": null, "junction:ref": null, "lane_markings": null, "lanes": null, "layer": null, "lit": null, "maxspeed": null, "maxweight:signed": null, "maxweightrating:signed": null, "motor_vehicle": null, "name:etymology:wikidata": null, "nat_ref": null, "oneway": null, "operator": null, "operator:wikidata": null, "political_division": null, "ref": null, "segregated": null, "sidewalk": null, "smoothness": null, "source:maxspeed": null, "surface": null, "toll": null, "tunnel": null, "turn:lanes": null, "was:name": null, "width": "8", "id_on_layer": 87 }, "geometry": { "type": "MultiPolygon", "coordinates": [ [ [ [ 2.474314066695775, 48.910808852256054 ], [ 2.474318657155473, 48.910816210769561 ], [ 2.474428257032582, 48.910955410826617 ], [ 2.474549342917364, 48.910913989141541 ], [ 2.47444253386194, 48.910778334063473 ], [ 2.474350533036091, 48.910583347759633 ], [ 2.474220266929192, 48.910610052203559 ], [ 2.474314066695775, 48.910808852256054 ] ] ] ] } },
{ "type": "Feature", "properties": { "osm_id": "248813240", "name": "Chemin de Groslay", "highway": "tertiary", "waterway": null, "aerialway": null, "barrier": null, "man_made": null, "railway": null, "z_order": 4, "other_tags": null, "access": null, "bicycle": null, "boundary": null, "bridge": null, "cycleway": null, "cycleway:right": null, "destination": null, "destination:colour": null, "destination:ref": null, "destination:ref:to": null, "destination:symbol:to": null, "destination:to": null, "foot": null, "footway": null, "horse": null, "int_ref": null, "junction:ref": null, "lane_markings": null, "lanes": null, "layer": null, "lit": null, "maxspeed": null, "maxweight:signed": null, "maxweightrating:signed": null, "motor_vehicle": null, "name:etymology:wikidata": null, "nat_ref": null, "oneway": null, "operator": null, "operator:wikidata": null, "political_division": null, "ref": null, "segregated": null, "sidewalk": null, "smoothness": null, "source:maxspeed": null, "surface": null, "toll": null, "tunnel": null, "turn:lanes": null, "was:name": null, "width": "8", "id_on_layer": 88 }, "geometry": { "type": "MultiPolygon", "coordinates": [ [ [ [ 2.474483160352036, 48.911041487936622 ], [ 2.474608839604095, 48.91100651202909 ], [ 2.474551639512067, 48.910917212059992 ], [ 2.474425960444064, 48.910952187905735 ], [ 2.474483160352036, 48.911041487936622 ] ] ] ] } },
{ "type": "Feature", "properties": { "osm_id": "248836385", "name": "Rue Jean-Jacques Rousseau", "highway": "residential", "waterway": null, "aerialway": null, "barrier": null, "man_made": null, "railway": null, "z_order": 3, "other_tags": "\"oneway\"=>\"yes\"", "access": null, "bicycle": null, "boundary": null, "bridge": null, "cycleway": null, "cycleway:right": null, "destination": null, "destination:colour": null, "destination:ref": null, "destination:ref:to": null, "destination:symbol:to": null, "destination:to": null, "foot": null, "footway": null, "horse": null, "int_ref": null, "junction:ref": null, "lane_markings": null, "lanes": null, "layer": null, "lit": null, "maxspeed": null, "maxweight:signed": null, "maxweightrating:signed": null, "motor_vehicle": null, "name:etymology:wikidata": null, "nat_ref": null, "oneway": "yes", "operator": null, "operator:wikidata": null, "political_division": null, "ref": null, "segregated": null, "sidewalk": null, "smoothness": null, "source:maxspeed": null, "surface": null, "toll": null, "tunnel": null, "turn:lanes": null, "was:name": null, "width": "6", "id_on_layer": 89 }, "geometry": { "type": "MultiPolygon", "coordinates": [ [ [ [ 2.475895387493842, 48.910396051415695 ], [ 2.475498587399668, 48.910600565090768 ], [ 2.475496595439974, 48.910601642664957 ], [ 2.475373605027166, 48.910671443324027 ], [ 2.47544481415133, 48.910725958058237 ], [ 2.475566827924093, 48.910656711617079 ], [ 2.475968212726761, 48.910449834783023 ], [ 2.475978103708167, 48.910443213053476 ], [ 2.476042203687498, 48.910387413029525 ], [ 2.475955196350195, 48.91034398695399 ], [ 2.475895387493842, 48.910396051415695 ] ] ] ] } },
{ "type": "Feature", "properties": { "osm_id": "248836385", "name": "Rue Jean-Jacques Rousseau", "highway": "residential", "waterway": null, "aerialway": null, "barrier": null, "man_made": null, "railway": null, "z_order": 3, "other_tags": "\"oneway\"=>\"yes\"", "access": null, "bicycle": null, "boundary": null, "bridge": null, "cycleway": null, "cycleway:right": null, "destination": null, "destination:colour": null, "destination:ref": null, "destination:ref:to": null, "destination:symbol:to": null, "destination:to": null, "foot": null, "footway": null, "horse": null, "int_ref": null, "junction:ref": null, "lane_markings": null, "lanes": null, "layer": null, "lit": null, "maxspeed": null, "maxweight:signed": null, "maxweightrating:signed": null, "motor_vehicle": null, "name:etymology:wikidata": null, "nat_ref": null, "oneway": "yes", "operator": null, "operator:wikidata": null, "political_division": null, "ref": null, "segregated": null, "sidewalk": null, "smoothness": null, "source:maxspeed": null, "surface": null, "toll": null, "tunnel": null, "turn:lanes": null, "was:name": null, "width": "6", "id_on_layer": 90 }, "geometry": { "type": "MultiPolygon", "coordinates": [ [ [ [ 2.47522465588479, 48.910755975884797 ], [ 2.475295864967032, 48.910810490710183 ], [ 2.47544481415133, 48.910725958058237 ], [ 2.475373605027166, 48.910671443324027 ], [ 2.47522465588479, 48.910755975884797 ] ] ] ] } },
{ "type": "Feature", "properties": { "osm_id": "248836385", "name": "Rue Jean-Jacques Rousseau", "highway": "residential", "waterway": null, "aerialway": null, "barrier": null, "man_made": null, "railway": null, "z_order": 3, "other_tags": "\"oneway\"=>\"yes\"", "access": null, "bicycle": null, "boundary": null, "bridge": null, "cycleway": null, "cycleway:right": null, "destination": null, "destination:colour": null, "destination:ref": null, "destination:ref:to": null, "destination:symbol:to": null, "destination:to": null, "foot": null, "footway": null, "horse": null, "int_ref": null, "junction:ref": null, "lane_markings": null, "lanes": null, "layer": null, "lit": null, "maxspeed": null, "maxweight:signed": null, "maxweightrating:signed": null, "motor_vehicle": null, "name:etymology:wikidata": null, "nat_ref": null, "oneway": "yes", "operator": null, "operator:wikidata": null, "political_division": null, "ref": null, "segregated": null, "sidewalk": null, "smoothness": null, "source:maxspeed": null, "surface": null, "toll": null, "tunnel": null, "turn:lanes": null, "was:name": null, "width": "6", "id_on_layer": 91 }, "geometry": { "type": "MultiPolygon", "coordinates": [ [ [ [ 2.475101219956725, 48.910826028661752 ], [ 2.47492214445779, 48.910927414749821 ], [ 2.474993255580924, 48.910981985239069 ], [ 2.4751723556065, 48.910880585184351 ], [ 2.47517240454311, 48.910880557444905 ], [ 2.475295864967032, 48.910810490710183 ], [ 2.47522465588479, 48.910755975884797 ], [ 2.475101219956725, 48.910826028661752 ] ] ] ] } },
{ "type": "Feature", "properties": { "osm_id": "248836385", "name": "Rue Jean-Jacques Rousseau", "highway": "residential", "waterway": null, "aerialway": null, "barrier": null, "man_made": null, "railway": null, "z_order": 3, "other_tags": "\"oneway\"=>\"yes\"", "access": null, "bicycle": null, "boundary": null, "bridge": null, "cycleway": null, "cycleway:right": null, "destination": null, "destination:colour": null, "destination:ref": null, "destination:ref:to": null, "destination:symbol:to": null, "destination:to": null, "foot": null, "footway": null, "horse": null, "int_ref": null, "junction:ref": null, "lane_markings": null, "lanes": null, "layer": null, "lit": null, "maxspeed": null, "maxweight:signed": null, "maxweightrating:signed": null, "motor_vehicle": null, "name:etymology:wikidata": null, "nat_ref": null, "oneway": "yes", "operator": null, "operator:wikidata": null, "political_division": null, "ref": null, "segregated": null, "sidewalk": null, "smoothness": null, "source:maxspeed": null, "surface": null, "toll": null, "tunnel": null, "turn:lanes": null, "was:name": null, "width": "6", "id_on_layer": 92 }, "geometry": { "type": "MultiPolygon", "coordinates": [ [ [ [ 2.474768059570244, 48.910983675765976 ], [ 2.474656953590729, 48.911001977606787 ], [ 2.474626353007497, 48.910999009419712 ], [ 2.474557933918514, 48.910988902053951 ], [ 2.47453406606476, 48.911059097944609 ], [ 2.474604466111594, 48.911069497951829 ], [ 2.474608455355334, 48.911069985387542 ], [ 2.474651755385418, 48.911074185390504 ], [ 2.474672930166831, 48.911073495472415 ], [ 2.474801630250861, 48.911052295457786 ], [ 2.474815129865531, 48.911048757929954 ], [ 2.474984429938035, 48.910986057891051 ], [ 2.474930970095412, 48.910923342102556 ], [ 2.474768059570244, 48.910983675765976 ] ] ] ] } },
{ "type": "Feature", "properties": { "osm_id": "338884090", "name": "Chemin de Groslay", "highway": "tertiary", "waterway": null, "aerialway": null, "barrier": null, "man_made": null, "railway": null, "z_order": 4, "other_tags": null, "access": null, "bicycle": null, "boundary": null, "bridge": null, "cycleway": null, "cycleway:right": null, "destination": null, "destination:colour": null, "destination:ref": null, "destination:ref:to": null, "destination:symbol:to": null, "destination:to": null, "foot": null, "footway": null, "horse": null, "int_ref": null, "junction:ref": null, "lane_markings": null, "lanes": null, "layer": null, "lit": null, "maxspeed": null, "maxweight:signed": null, "maxweightrating:signed": null, "motor_vehicle": null, "name:etymology:wikidata": null, "nat_ref": null, "oneway": null, "operator": null, "operator:wikidata": null, "political_division": null, "ref": null, "segregated": null, "sidewalk": null, "smoothness": null, "source:maxspeed": null, "surface": null, "toll": null, "tunnel": null, "turn:lanes": null, "was:name": null, "width": "6.73976796050875", "id_on_layer": 94 }, "geometry": { "type": "MultiPolygon", "coordinates": [ [ [ [ 2.473510875124018, 48.909788936394534 ], [ 2.473512390800341, 48.909790716388954 ], [ 2.473558590766666, 48.909841816409291 ], [ 2.473661009192213, 48.909801583567898 ], [ 2.473615602078531, 48.909751360605867 ], [ 2.473265024504126, 48.909313363740516 ], [ 2.473159575457282, 48.909350036235345 ], [ 2.473510875124018, 48.909788936394534 ] ] ] ] } },
{ "type": "Feature", "properties": { "osm_id": "338884090", "name": "Chemin de Groslay", "highway": "tertiary", "waterway": null, "aerialway": null, "barrier": null, "man_made": null, "railway": null, "z_order": 4, "other_tags": null, "access": null, "bicycle": null, "boundary": null, "bridge": null, "cycleway": null, "cycleway:right": null, "destination": null, "destination:colour": null, "destination:ref": null, "destination:ref:to": null, "destination:symbol:to": null, "destination:to": null, "foot": null, "footway": null, "horse": null, "int_ref": null, "junction:ref": null, "lane_markings": null, "lanes": null, "layer": null, "lit": null, "maxspeed": null, "maxweight:signed": null, "maxweightrating:signed": null, "motor_vehicle": null, "name:etymology:wikidata": null, "nat_ref": null, "oneway": null, "operator": null, "operator:wikidata": null, "political_division": null, "ref": null, "segregated": null, "sidewalk": null, "smoothness": null, "source:maxspeed": null, "surface": null, "toll": null, "tunnel": null, "turn:lanes": null, "was:name": null, "width": "8", "id_on_layer": 95 }, "geometry": { "type": "MultiPolygon", "coordinates": [ [ [ [ 2.47398961067147, 48.91032942217813 ], [ 2.474099873796102, 48.910451354565829 ], [ 2.474134188053656, 48.910496234582631 ], [ 2.474256011897143, 48.910455765385116 ], [ 2.474220611855155, 48.91040946540366 ], [ 2.474218290970067, 48.910406679507872 ], [ 2.474106790877117, 48.910283379564007 ], [ 2.473668387258881, 48.909798676187961 ], [ 2.473551212687275, 48.909844723782193 ], [ 2.47398961067147, 48.91032942217813 ] ] ] ] } },
{ "type": "Feature", "properties": { "osm_id": "338884090", "name": "Chemin de Groslay", "highway": "tertiary", "waterway": null, "aerialway": null, "barrier": null, "man_made": null, "railway": null, "z_order": 4, "other_tags": null, "access": null, "bicycle": null, "boundary": null, "bridge": null, "cycleway": null, "cycleway:right": null, "destination": null, "destination:colour": null, "destination:ref": null, "destination:ref:to": null, "destination:symbol:to": null, "destination:to": null, "foot": null, "footway": null, "horse": null, "int_ref": null, "junction:ref": null, "lane_markings": null, "lanes": null, "layer": null, "lit": null, "maxspeed": null, "maxweight:signed": null, "maxweightrating:signed": null, "motor_vehicle": null, "name:etymology:wikidata": null, "nat_ref": null, "oneway": null, "operator": null, "operator:wikidata": null, "political_division": null, "ref": null, "segregated": null, "sidewalk": null, "smoothness": null, "source:maxspeed": null, "surface": null, "toll": null, "tunnel": null, "turn:lanes": null, "was:name": null, "width": "8", "id_on_layer": 96 }, "geometry": { "type": "MultiPolygon", "coordinates": [ [ [ [ 2.474186574727798, 48.91056472505074 ], [ 2.474223869775317, 48.91061610501631 ], [ 2.47434693017702, 48.910577294950805 ], [ 2.474309330127973, 48.91052549497067 ], [ 2.474308707185994, 48.910524659115303 ], [ 2.474256007123532, 48.910455759142891 ], [ 2.474134192827256, 48.910496240824848 ], [ 2.474186574727798, 48.91056472505074 ] ] ] ] } },
{ "type": "Feature", "properties": { "osm_id": "338884385", "name": "Route d'Aulnay", "highway": "tertiary", "waterway": null, "aerialway": null, "barrier": null, "man_made": null, "railway": null, "z_order": 4, "other_tags": "\"cycleway\"=>\"lane\",\"surface\"=>\"asphalt\"", "access": null, "bicycle": null, "boundary": null, "bridge": null, "cycleway": "lane", "cycleway:right": null, "destination": null, "destination:colour": null, "destination:ref": null, "destination:ref:to": null, "destination:symbol:to": null, "destination:to": null, "foot": null, "footway": null, "horse": null, "int_ref": null, "junction:ref": null, "lane_markings": null, "lanes": null, "layer": null, "lit": null, "maxspeed": null, "maxweight:signed": null, "maxweightrating:signed": null, "motor_vehicle": null, "name:etymology:wikidata": null, "nat_ref": null, "oneway": null, "operator": null, "operator:wikidata": null, "political_division": null, "ref": null, "segregated": null, "sidewalk": null, "smoothness": null, "source:maxspeed": null, "surface": "asphalt", "toll": null, "tunnel": null, "turn:lanes": null, "was:name": null, "width": "8", "id_on_layer": 97 }, "geometry": { "type": "MultiPolygon", "coordinates": [ [ [ [ 2.480258707777188, 48.908078323201806 ], [ 2.480269607047874, 48.907944929914244 ], [ 2.480272104495949, 48.907914660345007 ], [ 2.480308802341212, 48.907476578960171 ], [ 2.480172597665515, 48.907471620999615 ], [ 2.480135897071973, 48.907909720978139 ], [ 2.480133393931838, 48.907940058251576 ], [ 2.48012249202172, 48.908073479294146 ], [ 2.48011309207382, 48.908188276752483 ], [ 2.480249307932757, 48.90819312320729 ], [ 2.480258707777188, 48.908078323201806 ] ] ] ] } },
{ "type": "Feature", "properties": { "osm_id": "859161716", "name": "Rue de Bruxelles", "highway": "residential", "waterway": null, "aerialway": null, "barrier": null, "man_made": null, "railway": null, "z_order": 3, "other_tags": null, "access": null, "bicycle": null, "boundary": null, "bridge": null, "cycleway": null, "cycleway:right": null, "destination": null, "destination:colour": null, "destination:ref": null, "destination:ref:to": null, "destination:symbol:to": null, "destination:to": null, "foot": null, "footway": null, "horse": null, "int_ref": null, "junction:ref": null, "lane_markings": null, "lanes": null, "layer": null, "lit": null, "maxspeed": null, "maxweight:signed": null, "maxweightrating:signed": null, "motor_vehicle": null, "name:etymology:wikidata": null, "nat_ref": null, "oneway": null, "operator": null, "operator:wikidata": null, "political_division": null, "ref": null, "segregated": null, "sidewalk": null, "smoothness": null, "source:maxspeed": null, "surface": null, "toll": null, "tunnel": null, "turn:lanes": null, "was:name": null, "width": "6", "id_on_layer": 102 }, "geometry": { "type": "MultiPolygon", "coordinates": [ [ [ [ 2.473482118105411, 48.90983584577824 ], [ 2.473543881931131, 48.909895154213324 ], [ 2.473640681961425, 48.909851354187623 ], [ 2.473578918075118, 48.90979204580394 ], [ 2.473482118105411, 48.90983584577824 ] ] ] ] } },
{ "type": "Feature", "properties": { "osm_id": "884293836", "name": "Rue Henri Mouly", "highway": "residential", "waterway": null, "aerialway": null, "barrier": null, "man_made": null, "railway": null, "z_order": 3, "other_tags": "\"lit\"=>\"yes\"", "access": null, "bicycle": null, "boundary": null, "bridge": null, "cycleway": null, "cycleway:right": null, "destination": null, "destination:colour": null, "destination:ref": null, "destination:ref:to": null, "destination:symbol:to": null, "destination:to": null, "foot": null, "footway": null, "horse": null, "int_ref": null, "junction:ref": null, "lane_markings": null, "lanes": null, "layer": null, "lit": "yes", "maxspeed": null, "maxweight:signed": null, "maxweightrating:signed": null, "motor_vehicle": null, "name:etymology:wikidata": null, "nat_ref": null, "oneway": null, "operator": null, "operator:wikidata": null, "political_division": null, "ref": null, "segregated": null, "sidewalk": null, "smoothness": null, "source:maxspeed": null, "surface": null, "toll": null, "tunnel": null, "turn:lanes": null, "was:name": null, "width": "6", "id_on_layer": 104 }, "geometry": { "type": "MultiPolygon", "coordinates": [ [ [ [ 2.479991050585674, 48.909721395237057 ], [ 2.479984549409661, 48.909793204762643 ], [ 2.480098949491338, 48.909797704765836 ], [ 2.480105450503997, 48.909725895233841 ], [ 2.479991050585674, 48.909721395237057 ] ] ] ] } },
{ "type": "Feature", "properties": { "osm_id": "884293837", "name": "Rue François Martin", "highway": "residential", "waterway": null, "aerialway": null, "barrier": null, "man_made": null, "railway": null, "z_order": 3, "other_tags": "\"lit\"=>\"yes\"", "access": null, "bicycle": null, "boundary": null, "bridge": null, "cycleway": null, "cycleway:right": null, "destination": null, "destination:colour": null, "destination:ref": null, "destination:ref:to": null, "destination:symbol:to": null, "destination:to": null, "foot": null, "footway": null, "horse": null, "int_ref": null, "junction:ref": null, "lane_markings": null, "lanes": null, "layer": null, "lit": "yes", "maxspeed": null, "maxweight:signed": null, "maxweightrating:signed": null, "motor_vehicle": null, "name:etymology:wikidata": null, "nat_ref": null, "oneway": null, "operator": null, "operator:wikidata": null, "political_division": null, "ref": null, "segregated": null, "sidewalk": null, "smoothness": null, "source:maxspeed": null, "surface": null, "toll": null, "tunnel": null, "turn:lanes": null, "was:name": null, "width": "6", "id_on_layer": 105 }, "geometry": { "type": "MultiPolygon", "coordinates": [ [ [ [ 2.479978784086044, 48.909092400594474 ], [ 2.4799720159091, 48.909164199405197 ], [ 2.480101416001444, 48.909169499408961 ], [ 2.480108183993701, 48.909097700590713 ], [ 2.479978784086044, 48.909092400594474 ] ] ] ] } },
{ "type": "Feature", "properties": { "osm_id": "1038296547", "name": "Rue Simone Veil", "highway": "residential", "waterway": null, "aerialway": null, "barrier": null, "man_made": null, "railway": null, "z_order": 3, "other_tags": null, "access": null, "bicycle": null, "boundary": null, "bridge": null, "cycleway": null, "cycleway:right": null, "destination": null, "destination:colour": null, "destination:ref": null, "destination:ref:to": null, "destination:symbol:to": null, "destination:to": null, "foot": null, "footway": null, "horse": null, "int_ref": null, "junction:ref": null, "lane_markings": null, "lanes": null, "layer": null, "lit": null, "maxspeed": null, "maxweight:signed": null, "maxweightrating:signed": null, "motor_vehicle": null, "name:etymology:wikidata": null, "nat_ref": null, "oneway": null, "operator": null, "operator:wikidata": null, "political_division": null, "ref": null, "segregated": null, "sidewalk": null, "smoothness": null, "source:maxspeed": null, "surface": null, "toll": null, "tunnel": null, "turn:lanes": null, "was:name": null, "width": "7.177974877160057", "id_on_layer": 107 }, "geometry": { "type": "MultiPolygon", "coordinates": [ [ [ [ 2.477646151219781, 48.908263177892614 ], [ 2.477646249814605, 48.908262360110257 ], [ 2.477686649339257, 48.907879060088582 ], [ 2.477686677447303, 48.907873620443851 ], [ 2.47768028625343, 48.907806357933644 ], [ 2.47769295900421, 48.907798300326206 ], [ 2.477606041047294, 48.90773889965724 ], [ 2.477572541048676, 48.907760199644748 ], [ 2.477561512972218, 48.907769583640153 ], [ 2.477554993682895, 48.907780648811304 ], [ 2.477553522653426, 48.907792479517909 ], [ 2.477561464060645, 48.907876059087698 ], [ 2.477521393324719, 48.908256230641783 ], [ 2.477511348697536, 48.908330222068265 ], [ 2.477636051311608, 48.908337577898031 ], [ 2.477646151219781, 48.908263177892614 ] ] ] ] } },
{ "type": "Feature", "properties": { "osm_id": "1038296548", "name": "Rue Aretha Franklin", "highway": "residential", "waterway": null, "aerialway": null, "barrier": null, "man_made": null, "railway": null, "z_order": 3, "other_tags": "\"lane_markings\"=>\"no\",\"surface\"=>\"asphalt\"", "access": null, "bicycle": null, "boundary": null, "bridge": null, "cycleway": null, "cycleway:right": null, "destination": null, "destination:colour": null, "destination:ref": null, "destination:ref:to": null, "destination:symbol:to": null, "destination:to": null, "foot": null, "footway": null, "horse": null, "int_ref": null, "junction:ref": null, "lane_markings": "no", "lanes": null, "layer": null, "lit": null, "maxspeed": null, "maxweight:signed": null, "maxweightrating:signed": null, "motor_vehicle": null, "name:etymology:wikidata": null, "nat_ref": null, "oneway": null, "operator": null, "operator:wikidata": null, "political_division": null, "ref": null, "segregated": null, "sidewalk": null, "smoothness": null, "source:maxspeed": null, "surface": "asphalt", "toll": null, "tunnel": null, "turn:lanes": null, "was:name": null, "width": "6", "id_on_layer": 109 }, "geometry": { "type": "MultiPolygon", "coordinates": [ [ [ [ 2.476413889189199, 48.907677685818157 ], [ 2.476305110817058, 48.907671914156211 ], [ 2.47623491019715, 48.90824681412338 ], [ 2.476343689809107, 48.908252585850967 ], [ 2.476413889189199, 48.907677685818157 ] ] ] ] } },
{ "type": "Feature", "properties": { "osm_id": "1347575417", "name": null, "highway": "motorway", "waterway": null, "aerialway": null, "barrier": null, "man_made": null, "railway": null, "z_order": 19, "other_tags": "\"int_ref\"=>\"E 15\",\"lanes\"=>\"3\",\"layer\"=>\"1\",\"lit\"=>\"no\",\"maxspeed\"=>\"90\",\"oneway\"=>\"yes\",\"operator\"=>\"DIRIF\",\"operator:wikidata\"=>\"Q3029613\",\"ref\"=>\"A 3\",\"surface\"=>\"asphalt\",\"toll\"=>\"no\"", "access": null, "bicycle": null, "boundary": null, "bridge": null, "cycleway": null, "cycleway:right": null, "destination": null, "destination:colour": null, "destination:ref": null, "destination:ref:to": null, "destination:symbol:to": null, "destination:to": null, "foot": null, "footway": null, "horse": null, "int_ref": "E 15", "junction:ref": null, "lane_markings": null, "lanes": "3", "layer": "1", "lit": "no", "maxspeed": "90", "maxweight:signed": null, "maxweightrating:signed": null, "motor_vehicle": null, "name:etymology:wikidata": null, "nat_ref": null, "oneway": "yes", "operator": "DIRIF", "operator:wikidata": "Q3029613", "political_division": null, "ref": "A 3", "segregated": null, "sidewalk": null, "smoothness": null, "source:maxspeed": null, "surface": "asphalt", "toll": "no", "tunnel": null, "turn:lanes": null, "was:name": null, "width": "22", "id_on_layer": 114 }, "geometry": { "type": "MultiPolygon", "coordinates": [ [ [ [ 2.47515271936446, 48.91059454360142 ], [ 2.475447080358007, 48.91050005621036 ], [ 2.475043479133933, 48.90995375672091 ], [ 2.474749120588546, 48.910048243090884 ], [ 2.47515271936446, 48.91059454360142 ] ] ] ] } },
{ "type": "Feature", "properties": { "osm_id": "1455500553", "name": "Route d'Aulnay", "highway": "tertiary", "waterway": null, "aerialway": null, "barrier": null, "man_made": null, "railway": null, "z_order": 4, "other_tags": "\"cycleway\"=>\"shared_lane\",\"surface\"=>\"asphalt\"", "access": null, "bicycle": null, "boundary": null, "bridge": null, "cycleway": "shared_lane", "cycleway:right": null, "destination": null, "destination:colour": null, "destination:ref": null, "destination:ref:to": null, "destination:symbol:to": null, "destination:to": null, "foot": null, "footway": null, "horse": null, "int_ref": null, "junction:ref": null, "lane_markings": null, "lanes": null, "layer": null, "lit": null, "maxspeed": null, "maxweight:signed": null, "maxweightrating:signed": null, "motor_vehicle": null, "name:etymology:wikidata": null, "nat_ref": null, "oneway": null, "operator": null, "operator:wikidata": null, "political_division": null, "ref": null, "segregated": null, "sidewalk": null, "smoothness": null, "source:maxspeed": null, "surface": "asphalt", "toll": null, "tunnel": null, "turn:lanes": null, "was:name": null, "width": "8", "id_on_layer": 115 }, "geometry": { "type": "MultiPolygon", "coordinates": [ [ [ [ 2.480228067491212, 48.90843227821 ], [ 2.480091932516597, 48.908426521749838 ], [ 2.480077432315043, 48.908575521741348 ], [ 2.480213567692766, 48.908581278218477 ], [ 2.480228067491212, 48.90843227821 ] ] ] ] } },
{ "type": "Feature", "properties": { "osm_id": "1455500553", "name": "Route d'Aulnay", "highway": "tertiary", "waterway": null, "aerialway": null, "barrier": null, "man_made": null, "railway": null, "z_order": 4, "other_tags": "\"cycleway\"=>\"shared_lane\",\"surface\"=>\"asphalt\"", "access": null, "bicycle": null, "boundary": null, "bridge": null, "cycleway": "shared_lane", "cycleway:right": null, "destination": null, "destination:colour": null, "destination:ref": null, "destination:ref:to": null, "destination:symbol:to": null, "destination:to": null, "foot": null, "footway": null, "horse": null, "int_ref": null, "junction:ref": null, "lane_markings": null, "lanes": null, "layer": null, "lit": null, "maxspeed": null, "maxweight:signed": null, "maxweightrating:signed": null, "motor_vehicle": null, "name:etymology:wikidata": null, "nat_ref": null, "oneway": null, "operator": null, "operator:wikidata": null, "political_division": null, "ref": null, "segregated": null, "sidewalk": null, "smoothness": null, "source:maxspeed": null, "surface": "asphalt", "toll": null, "tunnel": null, "turn:lanes": null, "was:name": null, "width": "8", "id_on_layer": 116 }, "geometry": { "type": "MultiPolygon", "coordinates": [ [ [ [ 2.480242278731744, 48.90827985805803 ], [ 2.480106121275739, 48.908274341901787 ], [ 2.48009192106962, 48.908426641893492 ], [ 2.480228078937864, 48.90843215806634 ], [ 2.480242278731744, 48.90827985805803 ] ] ] ] } },
{ "type": "Feature", "properties": { "osm_id": "1455500553", "name": "Route d'Aulnay", "highway": "tertiary", "waterway": null, "aerialway": null, "barrier": null, "man_made": null, "railway": null, "z_order": 4, "other_tags": "\"cycleway\"=>\"shared_lane\",\"surface\"=>\"asphalt\"", "access": null, "bicycle": null, "boundary": null, "bridge": null, "cycleway": "shared_lane", "cycleway:right": null, "destination": null, "destination:colour": null, "destination:ref": null, "destination:ref:to": null, "destination:symbol:to": null, "destination:to": null, "foot": null, "footway": null, "horse": null, "int_ref": null, "junction:ref": null, "lane_markings": null, "lanes": null, "layer": null, "lit": null, "maxspeed": null, "maxweight:signed": null, "maxweightrating:signed": null, "motor_vehicle": null, "name:etymology:wikidata": null, "nat_ref": null, "oneway": null, "operator": null, "operator:wikidata": null, "political_division": null, "ref": null, "segregated": null, "sidewalk": null, "smoothness": null, "source:maxspeed": null, "surface": "asphalt", "toll": null, "tunnel": null, "turn:lanes": null, "was:name": null, "width": "8", "id_on_layer": 117 }, "geometry": { "type": "MultiPolygon", "coordinates": [ [ [ [ 2.48024931000782, 48.908193097730333 ], [ 2.480113089998687, 48.908188302229433 ], [ 2.480106089881593, 48.908274702225341 ], [ 2.480242310124914, 48.908279497734434 ], [ 2.48024931000782, 48.908193097730333 ] ] ] ] } },
{ "type": "Feature", "properties": { "osm_id": "1455500554", "name": "Route d'Aulnay", "highway": "tertiary", "waterway": null, "aerialway": null, "barrier": null, "man_made": null, "railway": null, "z_order": 4, "other_tags": "\"cycleway:right\"=>\"lane\",\"surface\"=>\"asphalt\"", "access": null, "bicycle": null, "boundary": null, "bridge": null, "cycleway": null, "cycleway:right": "lane", "destination": null, "destination:colour": null, "destination:ref": null, "destination:ref:to": null, "destination:symbol:to": null, "destination:to": null, "foot": null, "footway": null, "horse": null, "int_ref": null, "junction:ref": null, "lane_markings": null, "lanes": null, "layer": null, "lit": null, "maxspeed": null, "maxweight:signed": null, "maxweightrating:signed": null, "motor_vehicle": null, "name:etymology:wikidata": null, "nat_ref": null, "oneway": null, "operator": null, "operator:wikidata": null, "political_division": null, "ref": null, "segregated": null, "sidewalk": null, "smoothness": null, "source:maxspeed": null, "surface": "asphalt", "toll": null, "tunnel": null, "turn:lanes": null, "was:name": null, "width": "8", "id_on_layer": 118 }, "geometry": { "type": "MultiPolygon", "coordinates": [ [ [ [ 2.480181094153116, 48.909042799184938 ], [ 2.480212993519614, 48.908679900782133 ], [ 2.480213107183478, 48.908677479778682 ], [ 2.480213707048869, 48.908578579778343 ], [ 2.48007729295161, 48.908578220181319 ], [ 2.480076700168581, 48.908675908669785 ], [ 2.48004490599598, 48.909037599158985 ], [ 2.480036705586143, 48.909131002379496 ], [ 2.480172894420906, 48.909136197580288 ], [ 2.480181094153116, 48.909042799184938 ] ] ] ] } },
{ "type": "Feature", "properties": { "osm_id": "1455500555", "name": "Route d'Aulnay", "highway": "tertiary", "waterway": null, "aerialway": null, "barrier": null, "man_made": null, "railway": null, "z_order": 4, "other_tags": "\"surface\"=>\"asphalt\"", "access": null, "bicycle": null, "boundary": null, "bridge": null, "cycleway": null, "cycleway:right": null, "destination": null, "destination:colour": null, "destination:ref": null, "destination:ref:to": null, "destination:symbol:to": null, "destination:to": null, "foot": null, "footway": null, "horse": null, "int_ref": null, "junction:ref": null, "lane_markings": null, "lanes": null, "layer": null, "lit": null, "maxspeed": null, "maxweight:signed": null, "maxweightrating:signed": null, "motor_vehicle": null, "name:etymology:wikidata": null, "nat_ref": null, "oneway": null, "operator": null, "operator:wikidata": null, "political_division": null, "ref": null, "segregated": null, "sidewalk": null, "smoothness": null, "source:maxspeed": null, "surface": "asphalt", "toll": null, "tunnel": null, "turn:lanes": null, "was:name": null, "width": "8", "id_on_layer": 119 }, "geometry": { "type": "MultiPolygon", "coordinates": [ [ [ [ 2.480210667936768, 48.909979238307891 ], [ 2.480186044921013, 48.909878264640902 ], [ 2.480051355059798, 48.90989253531977 ], [ 2.480076154926652, 48.909994235334125 ], [ 2.48007654511111, 48.909995683763661 ], [ 2.480177044673233, 48.910336283821508 ], [ 2.480310955303817, 48.910319116139611 ], [ 2.480210667936768, 48.909979238307891 ] ] ] ] } },
{ "type": "Feature", "properties": { "osm_id": "1455500555", "name": "Route d'Aulnay", "highway": "tertiary", "waterway": null, "aerialway": null, "barrier": null, "man_made": null, "railway": null, "z_order": 4, "other_tags": "\"surface\"=>\"asphalt\"", "access": null, "bicycle": null, "boundary": null, "bridge": null, "cycleway": null, "cycleway:right": null, "destination": null, "destination:colour": null, "destination:ref": null, "destination:ref:to": null, "destination:symbol:to": null, "destination:to": null, "foot": null, "footway": null, "horse": null, "int_ref": null, "junction:ref": null, "lane_markings": null, "lanes": null, "layer": null, "lit": null, "maxspeed": null, "maxweight:signed": null, "maxweightrating:signed": null, "motor_vehicle": null, "name:etymology:wikidata": null, "nat_ref": null, "oneway": null, "operator": null, "operator:wikidata": null, "political_division": null, "ref": null, "segregated": null, "sidewalk": null, "smoothness": null, "source:maxspeed": null, "surface": "asphalt", "toll": null, "tunnel": null, "turn:lanes": null, "was:name": null, "width": "8", "id_on_layer": 120 }, "geometry": { "type": "MultiPolygon", "coordinates": [ [ [ [ 2.480170146650249, 48.909757858906453 ], [ 2.480034253339054, 48.909765741053498 ], [ 2.480050753172759, 48.909889341063149 ], [ 2.480186646816543, 48.90988145889682 ], [ 2.480170146650249, 48.909757858906453 ] ] ] ] } },
{ "type": "Feature", "properties": { "osm_id": "1455500555", "name": "Route d'Aulnay", "highway": "tertiary", "waterway": null, "aerialway": null, "barrier": null, "man_made": null, "railway": null, "z_order": 4, "other_tags": "\"surface\"=>\"asphalt\"", "access": null, "bicycle": null, "boundary": null, "bridge": null, "cycleway": null, "cycleway:right": null, "destination": null, "destination:colour": null, "destination:ref": null, "destination:ref:to": null, "destination:symbol:to": null, "destination:to": null, "foot": null, "footway": null, "horse": null, "int_ref": null, "junction:ref": null, "lane_markings": null, "lanes": null, "layer": null, "lit": null, "maxspeed": null, "maxweight:signed": null, "maxweightrating:signed": null, "motor_vehicle": null, "name:etymology:wikidata": null, "nat_ref": null, "oneway": null, "operator": null, "operator:wikidata": null, "political_division": null, "ref": null, "segregated": null, "sidewalk": null, "smoothness": null, "source:maxspeed": null, "surface": "asphalt", "toll": null, "tunnel": null, "turn:lanes": null, "was:name": null, "width": "8", "id_on_layer": 121 }, "geometry": { "type": "MultiPolygon", "coordinates": [ [ [ [ 2.480167395944667, 48.909660118114601 ], [ 2.480167377368526, 48.909659629452101 ], [ 2.48015467699541, 48.909385129459551 ], [ 2.480018323000851, 48.909387870500119 ], [ 2.48003101132533, 48.909662126209604 ], [ 2.480034003915797, 48.909762681846829 ], [ 2.480170396081793, 48.909760918112838 ], [ 2.480167395944667, 48.909660118114601 ] ] ] ] } },
{ "type": "Feature", "properties": { "osm_id": "1455500555", "name": "Route d'Aulnay", "highway": "tertiary", "waterway": null, "aerialway": null, "barrier": null, "man_made": null, "railway": null, "z_order": 4, "other_tags": "\"surface\"=>\"asphalt\"", "access": null, "bicycle": null, "boundary": null, "bridge": null, "cycleway": null, "cycleway:right": null, "destination": null, "destination:colour": null, "destination:ref": null, "destination:ref:to": null, "destination:symbol:to": null, "destination:to": null, "foot": null, "footway": null, "horse": null, "int_ref": null, "junction:ref": null, "lane_markings": null, "lanes": null, "layer": null, "lit": null, "maxspeed": null, "maxweight:signed": null, "maxweightrating:signed": null, "motor_vehicle": null, "name:etymology:wikidata": null, "nat_ref": null, "oneway": null, "operator": null, "operator:wikidata": null, "political_division": null, "ref": null, "segregated": null, "sidewalk": null, "smoothness": null, "source:maxspeed": null, "surface": "asphalt", "toll": null, "tunnel": null, "turn:lanes": null, "was:name": null, "width": "8", "id_on_layer": 122 }, "geometry": { "type": "MultiPolygon", "coordinates": [ [ [ [ 2.480159333043461, 48.909321116422618 ], [ 2.48017292875597, 48.909135771435935 ], [ 2.480036671249925, 48.909131428523821 ], [ 2.480023070998454, 48.909316828515877 ], [ 2.480023063130673, 48.909316938564601 ], [ 2.480018363039085, 48.909384438561816 ], [ 2.48015463696651, 48.90938856139789 ], [ 2.480159333043461, 48.909321116422618 ] ] ] ] } },
{ "type": "Feature", "properties": { "osm_id": "1548606047", "name": "Rue Nadia Murad", "highway": "residential", "waterway": null, "aerialway": null, "barrier": null, "man_made": null, "railway": null, "z_order": 3, "other_tags": "\"surface\"=>\"paving_stones\"", "access": null, "bicycle": null, "boundary": null, "bridge": null, "cycleway": null, "cycleway:right": null, "destination": null, "destination:colour": null, "destination:ref": null, "destination:ref:to": null, "destination:symbol:to": null, "destination:to": null, "foot": null, "footway": null, "horse": null, "int_ref": null, "junction:ref": null, "lane_markings": null, "lanes": null, "layer": null, "lit": null, "maxspeed": null, "maxweight:signed": null, "maxweightrating:signed": null, "motor_vehicle": null, "name:etymology:wikidata": null, "nat_ref": null, "oneway": null, "operator": null, "operator:wikidata": null, "political_division": null, "ref": null, "segregated": null, "sidewalk": null, "smoothness": null, "source:maxspeed": null, "surface": "paving_stones", "toll": null, "tunnel": null, "turn:lanes": null, "was:name": null, "width": "6", "id_on_layer": 123 }, "geometry": { "type": "MultiPolygon", "coordinates": [ [ [ [ 2.477643517804082, 48.907804351833526 ], [ 2.477655482187375, 48.907732848165914 ], [ 2.476365483096472, 48.907639048232262 ], [ 2.476353516894984, 48.907710551767217 ], [ 2.477643517804082, 48.907804351833526 ] ] ] ] } },
{ "type": "Feature", "properties": { "osm_id": "1548606047", "name": "Rue Nadia Murad", "highway": "residential", "waterway": null, "aerialway": null, "barrier": null, "man_made": null, "railway": null, "z_order": 3, "other_tags": "\"surface\"=>\"paving_stones\"", "access": null, "bicycle": null, "boundary": null, "bridge": null, "cycleway": null, "cycleway:right": null, "destination": null, "destination:colour": null, "destination:ref": null, "destination:ref:to": null, "destination:symbol:to": null, "destination:to": null, "foot": null, "footway": null, "horse": null, "int_ref": null, "junction:ref": null, "lane_markings": null, "lanes": null, "layer": null, "lit": null, "maxspeed": null, "maxweight:signed": null, "maxweightrating:signed": null, "motor_vehicle": null, "name:etymology:wikidata": null, "nat_ref": null, "oneway": null, "operator": null, "operator:wikidata": null, "political_division": null, "ref": null, "segregated": null, "sidewalk": null, "smoothness": null, "source:maxspeed": null, "surface": "paving_stones", "toll": null, "tunnel": null, "turn:lanes": null, "was:name": null, "width": "7.779397963455867", "id_on_layer": 124 }, "geometry": { "type": "MultiPolygon", "coordinates": [ [ [ [ 2.478816572717507, 48.907855700267831 ], [ 2.478821869537374, 48.907855756794632 ], [ 2.478950769650374, 48.907853756792903 ], [ 2.478947630352373, 48.907765843206761 ], [ 2.478821380574631, 48.907767802087612 ], [ 2.477653228298372, 48.907724699769211 ], [ 2.477645771695089, 48.907812500230321 ], [ 2.478816572717507, 48.907855700267831 ] ] ] ] } }
]
}
