{"type": "FeatureCollection", "name": "alt_crossings_ends4326", "crs": {"type": "name", "properties": {"name": "urn:ogc:def:crs:OGC:1.3:CRS84"}}, "xy_coordinate_resolution": 1e-15, "features": [{"type": "Feature", "properties": {"highway": "footway", "footway": "sidewalk"}, "geometry": {"type": "LineString", "coordinates": [[2.4797862992291, 48.90908203590372], [2.47978521256553, 48.90909355584302]]}}, {"type": "Feature", "properties": {"highway": "footway", "footway": "sidewalk"}, "geometry": {"type": "LineString", "coordinates": [[2.479780141462271, 48.90914731555932], [2.479779054795872, 48.90915883549844]]}}, {"type": "Feature", "properties": {"highway": "footway", "footway": "sidewalk"}, "geometry": {"type": "LineString", "coordinates": [[2.477728698889718, 48.90899267084732], [2.477727306459058, 48.90900568291976]]}}, {"type": "Feature", "properties": {"highway": "footway", "footway": "sidewalk"}, "geometry": {"type": "LineString", "coordinates": [[2.477719628574414, 48.90907743157048], [2.47771773048205, 48.90909516891971]]}}, {"type": "Feature", "properties": {"highway": "footway", "footway": "sidewalk"}, "geometry": {"type": "LineString", "coordinates": [[2.476498822306748, 48.90901954067154], [2.476500059628758, 48.90900726862337]]}}, {"type": "Feature", "properties": {"highway": "footway", "footway": "sidewalk"}, "geometry": {"type": "LineString", "coordinates": [[2.476505833790123, 48.908949999064745], [2.476507071108698, 48.90893772701635]]}}, {"type": "Feature", "properties": {"highway": "footway", "footway": "sidewalk"}, "geometry": {"type": "LineString", "coordinates": [[2.476088813447638, 48.908917777232716], [2.476087659956283, 48.90893027335656]]}}, {"type": "Feature", "properties": {"highway": "footway", "footway": "sidewalk"}, "geometry": {"type": "LineString", "coordinates": [[2.476082276989021, 48.90898858860059], [2.476081123494406, 48.9090010847242]]}}, {"type": "Feature", "properties": {"highway": "footway", "footway": "sidewalk"}, "geometry": {"type": "LineString", "coordinates": [[2.476006945976125, 48.90899810955594], [2.476008244454192, 48.90898561924746]]}}, {"type": "Feature", "properties": {"highway": "footway", "footway": "sidewalk"}, "geometry": {"type": "LineString", "coordinates": [[2.476014304009944, 48.90892733114076], [2.476015602484342, 48.908914840832054]]}}, {"type": "Feature", "properties": {"highway": "footway", "footway": "sidewalk"}, "geometry": {"type": "LineString", "coordinates": [[2.475786278034604, 48.90890875873931], [2.475785035123335, 48.9089200432018]]}}, {"type": "Feature", "properties": {"highway": "footway", "footway": "sidewalk"}, "geometry": {"type": "LineString", "coordinates": [[2.475779234863347, 48.90897270402623], [2.475777991948906, 48.90898398848851]]}}, {"type": "Feature", "properties": {"highway": "footway", "footway": "sidewalk"}, "geometry": {"type": "LineString", "coordinates": [[2.475286578511799, 48.90896046928088], [2.475287602753204, 48.90894917435235]]}}, {"type": "Feature", "properties": {"highway": "footway", "footway": "sidewalk"}, "geometry": {"type": "LineString", "coordinates": [[2.475292382540319, 48.908896464685476], [2.475293406779106, 48.90888516975675]]}}, {"type": "Feature", "properties": {"highway": "footway", "footway": "sidewalk"}, "geometry": {"type": "LineString", "coordinates": [[2.475974319055936, 48.90964184961448], [2.475990649977239, 48.909642596383605]]}}, {"type": "Feature", "properties": {"highway": "footway", "footway": "sidewalk"}, "geometry": {"type": "LineString", "coordinates": [[2.476066860949758, 48.909646081275525], [2.47608319187382, 48.90964682803155]]}}, {"type": "Feature", "properties": {"highway": "footway", "footway": "sidewalk"}, "geometry": {"type": "LineString", "coordinates": [[2.476318612117356, 48.909045973506906], [2.476336691317288, 48.90904676556053]]}}, {"type": "Feature", "properties": {"highway": "footway", "footway": "sidewalk"}, "geometry": {"type": "LineString", "coordinates": [[2.476421060924528, 48.909050461773276], [2.476439140127698, 48.90905125381083]]}}, {"type": "Feature", "properties": {"highway": "footway", "footway": "sidewalk"}, "geometry": {"type": "LineString", "coordinates": [[2.476393055342796, 48.90950832342771], [2.476374989955904, 48.909507392726425]]}}, {"type": "Feature", "properties": {"highway": "footway", "footway": "sidewalk"}, "geometry": {"type": "LineString", "coordinates": [[2.476290684825946, 48.909503049416315], [2.476272619442856, 48.90950211869899]]}}, {"type": "Feature", "properties": {"highway": "footway", "footway": "sidewalk"}, "geometry": {"type": "LineString", "coordinates": [[2.47593122150138, 48.90925918407521], [2.475912273431143, 48.90925832816774]]}}, {"type": "Feature", "properties": {"highway": "footway", "footway": "sidewalk"}, "geometry": {"type": "LineString", "coordinates": [[2.475823849111932, 48.909254333891695], [2.475804901045364, 48.909253477966594]]}}, {"type": "Feature", "properties": {"highway": "footway", "footway": "sidewalk"}, "geometry": {"type": "LineString", "coordinates": [[2.475828915419329, 48.909022488292145], [2.475847858135167, 48.909023394845235]]}}, {"type": "Feature", "properties": {"highway": "footway", "footway": "sidewalk"}, "geometry": {"type": "LineString", "coordinates": [[2.47593625748481, 48.909027625385214], [2.475955200204532, 48.90902853192069]]}}, {"type": "Feature", "properties": {"highway": "footway", "footway": "sidewalk"}, "geometry": {"type": "LineString", "coordinates": [[2.476443834089553, 48.90954701290209], [2.476442748431976, 48.90955778047002]]}}, {"type": "Feature", "properties": {"highway": "footway", "footway": "sidewalk"}, "geometry": {"type": "LineString", "coordinates": [[2.476437682023784, 48.90960802911996], [2.476436596363564, 48.90961879668771]]}}, {"type": "Feature", "properties": {"highway": "footway", "footway": "sidewalk"}, "geometry": {"type": "LineString", "coordinates": [[2.476213371822174, 48.909537454098924], [2.476212590186419, 48.90954823238354]]}}, {"type": "Feature", "properties": {"highway": "footway", "footway": "sidewalk"}, "geometry": {"type": "LineString", "coordinates": [[2.476208942548451, 48.90959853104482], [2.476208160910791, 48.909609309329305]]}}, {"type": "Feature", "properties": {"highway": "footway", "footway": "sidewalk"}, "geometry": {"type": "LineString", "coordinates": [[2.476149132511029, 48.909607449362454], [2.476150265642921, 48.90959668215353]]}}, {"type": "Feature", "properties": {"highway": "footway", "footway": "sidewalk"}, "geometry": {"type": "LineString", "coordinates": [[2.476155553585314, 48.90954643517814], [2.476156686714447, 48.909535667969045]]}}, {"type": "Feature", "properties": {"highway": "footway", "footway": "sidewalk"}, "geometry": {"type": "LineString", "coordinates": [[2.478467050475605, 48.90938422962535], [2.478465864180191, 48.909396222541865]]}}, {"type": "Feature", "properties": {"highway": "footway", "footway": "sidewalk"}, "geometry": {"type": "LineString", "coordinates": [[2.478459757698641, 48.90945795625011], [2.478458326930103, 48.909472420637094]]}}, {"type": "Feature", "properties": {"highway": "footway", "footway": "sidewalk"}, "geometry": {"type": "LineString", "coordinates": [[2.478625551819364, 48.909327355343116], [2.478609216436836, 48.90932665328482]]}}, {"type": "Feature", "properties": {"highway": "footway", "footway": "sidewalk"}, "geometry": {"type": "LineString", "coordinates": [[2.47853298465776, 48.90932337698216], [2.478516649277826, 48.90932267491076]]}}, {"type": "Feature", "properties": {"highway": "footway", "footway": "sidewalk"}, "geometry": {"type": "LineString", "coordinates": [[2.478877838560843, 48.90933492961564], [2.478894189952151, 48.909335458372645]]}}, {"type": "Feature", "properties": {"highway": "footway", "footway": "sidewalk"}, "geometry": {"type": "LineString", "coordinates": [[2.478970496449485, 48.90933792587467], [2.478986847842749, 48.90933845461854]]}}, {"type": "Feature", "properties": {"highway": "footway", "footway": "sidewalk"}, "geometry": {"type": "LineString", "coordinates": [[2.478997223677516, 48.9094746265604], [2.479004980995687, 48.909464569814496]]}}, {"type": "Feature", "properties": {"highway": "footway", "footway": "sidewalk"}, "geometry": {"type": "LineString", "coordinates": [[2.479040393315678, 48.909418660500656], [2.479047812706512, 48.90940904182641]]}}, {"type": "Feature", "properties": {"highway": "footway", "footway": "sidewalk"}, "geometry": {"type": "LineString", "coordinates": [[2.477562675453998, 48.908949828015686], [2.477545997152807, 48.90894914414664]]}}, {"type": "Feature", "properties": {"highway": "footway", "footway": "sidewalk"}, "geometry": {"type": "LineString", "coordinates": [[2.477468165086598, 48.908945952725844], [2.477451486787986, 48.90894526884313]]}}, {"type": "Feature", "properties": {"highway": "footway", "footway": "sidewalk"}, "geometry": {"type": "LineString", "coordinates": [[2.478791430987091, 48.90845091448549], [2.478807767894708, 48.90845159799292]]}}, {"type": "Feature", "properties": {"highway": "footway", "footway": "sidewalk"}, "geometry": {"type": "LineString", "coordinates": [[2.478884006520927, 48.90845478765186], [2.478900343310261, 48.90845547114112]]}}, {"type": "Feature", "properties": {"highway": "footway", "footway": "sidewalk"}, "geometry": {"type": "LineString", "coordinates": [[2.478839923682735, 48.90900219435032], [2.478823584365329, 48.90900152452526]]}}, {"type": "Feature", "properties": {"highway": "footway", "footway": "sidewalk"}, "geometry": {"type": "LineString", "coordinates": [[2.478747334223213, 48.908998398644314], [2.478730994908283, 48.90899772880613]]}}, {"type": "Feature", "properties": {"highway": "footway", "footway": "sidewalk"}, "geometry": {"type": "LineString", "coordinates": [[2.477353799319607, 48.90938356432654], [2.477354744993573, 48.90937279175435]]}}, {"type": "Feature", "properties": {"highway": "footway", "footway": "sidewalk"}, "geometry": {"type": "LineString", "coordinates": [[2.477359310771776, 48.909320780977865], [2.477360321859801, 48.90930926321726]]}}, {"type": "Feature", "properties": {"highway": "footway", "footway": "sidewalk"}, "geometry": {"type": "LineString", "coordinates": [[2.477395572616925, 48.909313100046866], [2.477412715544074, 48.90932456255915]]}}, {"type": "Feature", "properties": {"highway": "footway", "footway": "sidewalk"}, "geometry": {"type": "LineString", "coordinates": [[2.477492715974465, 48.90937805424916], [2.477509858946054, 48.909389516746884]]}}, {"type": "Feature", "properties": {"highway": "footway", "footway": "sidewalk"}, "geometry": {"type": "LineString", "coordinates": [[2.478670328964619, 48.90943625051915], [2.478671131124834, 48.909425472889595]]}}, {"type": "Feature", "properties": {"highway": "footway", "footway": "sidewalk"}, "geometry": {"type": "LineString", "coordinates": [[2.478674874534609, 48.90937517728465], [2.478675676692869, 48.90936439965494]]}}, {"type": "Feature", "properties": {"highway": "footway", "footway": "sidewalk"}, "geometry": {"type": "LineString", "coordinates": [[2.478820069010936, 48.909369069057924], [2.478819087448279, 48.90937984088611]]}}, {"type": "Feature", "properties": {"highway": "footway", "footway": "sidewalk"}, "geometry": {"type": "LineString", "coordinates": [[2.47881450681697, 48.9094301094172], [2.478813525251923, 48.90944088124521]]}}, {"type": "Feature", "properties": {"highway": "footway", "footway": "sidewalk"}, "geometry": {"type": "LineString", "coordinates": [[2.477189990800918, 48.90939652134643], [2.477168776464223, 48.909395712143564]]}}, {"type": "Feature", "properties": {"highway": "footway", "footway": "sidewalk"}, "geometry": {"type": "LineString", "coordinates": [[2.477080347678323, 48.90939233906027], [2.477063690995337, 48.909391706708185]]}}, {"type": "Feature", "properties": {"highway": "footway", "footway": "sidewalk"}, "geometry": {"type": "LineString", "coordinates": [[2.477340880585918, 48.90929500848634], [2.477323571628144, 48.909290793838444]]}}, {"type": "Feature", "properties": {"highway": "footway", "footway": "sidewalk"}, "geometry": {"type": "LineString", "coordinates": [[2.477245929734879, 48.90927175483818], [2.477229906913583, 48.909267825784774]]}}, {"type": "Feature", "properties": {"highway": "footway", "footway": "sidewalk"}, "geometry": {"type": "LineString", "coordinates": [[2.477585910549763, 48.909289884568324], [2.477602254793964, 48.90929050794799]]}}, {"type": "Feature", "properties": {"highway": "footway", "footway": "sidewalk"}, "geometry": {"type": "LineString", "coordinates": [[2.477678527938946, 48.90929341702256], [2.477694872185451, 48.90929404038913]]}}, {"type": "Feature", "properties": {"highway": "footway", "footway": "sidewalk"}, "geometry": {"type": "LineString", "coordinates": [[2.477716966572324, 48.90943441443981], [2.477727313140317, 48.90942263040869]]}}, {"type": "Feature", "properties": {"highway": "footway", "footway": "sidewalk"}, "geometry": {"type": "LineString", "coordinates": [[2.477770585298542, 48.9093733463188], [2.477778783944236, 48.9093640085977]]}}, {"type": "Feature", "properties": {"highway": "footway", "footway": "sidewalk"}, "geometry": {"type": "LineString", "coordinates": [[2.479829040613769, 48.90919691885685], [2.479845379845856, 48.90919758853279]]}}, {"type": "Feature", "properties": {"highway": "footway", "footway": "sidewalk"}, "geometry": {"type": "LineString", "coordinates": [[2.47992162960137, 48.909200713656574], [2.479937968835932, 48.9092013833194]]}}, {"type": "Feature", "properties": {"highway": "footway", "footway": "sidewalk"}, "geometry": {"type": "LineString", "coordinates": [[2.476256202876221, 48.908888671168576], [2.476239869365628, 48.908887951844015]]}}, {"type": "Feature", "properties": {"highway": "footway", "footway": "sidewalk"}, "geometry": {"type": "LineString", "coordinates": [[2.476163646322395, 48.90888459496545], [2.47614731281446, 48.908883875627765]]}}, {"type": "Feature", "properties": {"highway": "footway", "footway": "sidewalk"}, "geometry": {"type": "LineString", "coordinates": [[2.476208712742245, 48.90831611572591], [2.476226125849851, 48.90831712153828]]}}, {"type": "Feature", "properties": {"highway": "footway", "footway": "sidewalk"}, "geometry": {"type": "LineString", "coordinates": [[2.476307531172237, 48.90832182362045], [2.476325006059947, 48.90832283298613]]}}, {"type": "Feature", "properties": {"highway": "footway", "footway": "sidewalk"}, "geometry": {"type": "LineString", "coordinates": [[2.474964816211041, 48.90876337234803], [2.474947059217011, 48.90876253761554]]}}, {"type": "Feature", "properties": {"highway": "footway", "footway": "sidewalk"}, "geometry": {"type": "LineString", "coordinates": [[2.474864193252694, 48.90875864216114], [2.474846436262016, 48.90875780741315]]}}, {"type": "Feature", "properties": {"highway": "footway", "footway": "sidewalk"}, "geometry": {"type": "LineString", "coordinates": [[2.475116367756736, 48.90902924513822], [2.47510003943975, 48.909028463600166]]}}, {"type": "Feature", "properties": {"highway": "footway", "footway": "sidewalk"}, "geometry": {"type": "LineString", "coordinates": [[2.475023840633879, 48.909024816392055], [2.475007512319779, 48.9090240348409]]}}, {"type": "Feature", "properties": {"highway": "footway", "footway": "sidewalk"}, "geometry": {"type": "LineString", "coordinates": [[2.475632829488461, 48.90946141532845], [2.475631894089497, 48.9094721882903]]}}, {"type": "Feature", "properties": {"highway": "footway", "footway": "sidewalk"}, "geometry": {"type": "LineString", "coordinates": [[2.475626755303157, 48.90953137145562], [2.475625488364559, 48.909545962707405]]}}, {"type": "Feature", "properties": {"highway": "footway", "footway": "sidewalk"}, "geometry": {"type": "LineString", "coordinates": [[2.475364016650061, 48.90952332861161], [2.475355435115717, 48.90951219658499]]}}, {"type": "Feature", "properties": {"highway": "footway", "footway": "sidewalk"}, "geometry": {"type": "LineString", "coordinates": [[2.475315388005857, 48.909460247118695], [2.475306806493118, 48.90944911508834]]}}, {"type": "Feature", "properties": {"highway": "footway", "footway": "sidewalk"}, "geometry": {"type": "LineString", "coordinates": [[2.475745704080834, 48.90928816161441], [2.475744857566793, 48.90929893777003]]}}, {"type": "Feature", "properties": {"highway": "footway", "footway": "sidewalk"}, "geometry": {"type": "LineString", "coordinates": [[2.475740907163121, 48.90934922649592], [2.475740060647016, 48.90936000265139]]}}, {"type": "Feature", "properties": {"highway": "footway", "footway": "sidewalk"}, "geometry": {"type": "LineString", "coordinates": [[2.475225278163937, 48.90934243098852], [2.475216727309477, 48.90933133404028]]}}, {"type": "Feature", "properties": {"highway": "footway", "footway": "sidewalk"}, "geometry": {"type": "LineString", "coordinates": [[2.47517682337207, 48.90927954827321], [2.475168272539071, 48.909268451321275]]}}, {"type": "Feature", "properties": {"highway": "footway", "footway": "sidewalk"}, "geometry": {"type": "LineString", "coordinates": [[2.475279418803404, 48.90960864366499], [2.475260506361676, 48.90960793010313]]}}, {"type": "Feature", "properties": {"highway": "footway", "footway": "sidewalk"}, "geometry": {"type": "LineString", "coordinates": [[2.47517224901799, 48.909604600133555], [2.475153336883854, 48.90960388656561]]}}, {"type": "Feature", "properties": {"highway": "footway", "footway": "sidewalk"}, "geometry": {"type": "LineString", "coordinates": [[2.475110670879932, 48.909389711382715], [2.475096075583401, 48.90939459797627]]}}, {"type": "Feature", "properties": {"highway": "footway", "footway": "sidewalk"}, "geometry": {"type": "LineString", "coordinates": [[2.47502796416194, 48.90941740205505], [2.475013368849274, 48.90942228863811]]}}, {"type": "Feature", "properties": {"highway": "footway", "footway": "sidewalk"}, "geometry": {"type": "LineString", "coordinates": [[2.475098917009489, 48.909372206587136], [2.475079525870173, 48.909371544621]]}}, {"type": "Feature", "properties": {"highway": "footway", "footway": "sidewalk"}, "geometry": {"type": "LineString", "coordinates": [[2.474990280894167, 48.90936849797325], [2.474971424186577, 48.90936785423351]]}}, {"type": "Feature", "properties": {"highway": "footway", "footway": "sidewalk"}, "geometry": {"type": "LineString", "coordinates": [[2.474932914391002, 48.9091519903858], [2.474917023387969, 48.90915731161737]]}}, {"type": "Feature", "properties": {"highway": "footway", "footway": "sidewalk"}, "geometry": {"type": "LineString", "coordinates": [[2.474845889862126, 48.90918113121603], [2.47483129506925, 48.909186018384474]]}}, {"type": "Feature", "properties": {"highway": "footway", "footway": "sidewalk"}, "geometry": {"type": "LineString", "coordinates": [[2.474849572076475, 48.90904634049104], [2.47483262224049, 48.909045635859286]]}}, {"type": "Feature", "properties": {"highway": "footway", "footway": "sidewalk"}, "geometry": {"type": "LineString", "coordinates": [[2.474755814438956, 48.9090421915388], [2.474739471586583, 48.909041458663594]]}}, {"type": "Feature", "properties": {"highway": "footway", "footway": "crossing"}, "geometry": {"type": "LineString", "coordinates": [[2.47978521256553, 48.90909355584302], [2.47978267701526, 48.90912043570126], [2.479780141462271, 48.90914731555932]]}}, {"type": "Feature", "properties": {"highway": "footway", "footway": "crossing"}, "geometry": {"type": "LineString", "coordinates": [[2.477727306459058, 48.90900568291976], [2.477724057451374, 48.90903604442194], [2.477719628574414, 48.90907743157048]]}}, {"type": "Feature", "properties": {"highway": "footway", "footway": "crossing"}, "geometry": {"type": "LineString", "coordinates": [[2.476500059628758, 48.90900726862337], [2.47650294671109, 48.90897863384417], [2.476505833790123, 48.908949999064745]]}}, {"type": "Feature", "properties": {"highway": "footway", "footway": "crossing"}, "geometry": {"type": "LineString", "coordinates": [[2.476087659956283, 48.90893027335656], [2.476084968474218, 48.90895943097868], [2.476082276989021, 48.90898858860059]]}}, {"type": "Feature", "properties": {"highway": "footway", "footway": "crossing"}, "geometry": {"type": "LineString", "coordinates": [[2.476008244454192, 48.90898561924746], [2.47601127423383, 48.90895647519422], [2.476014304009944, 48.90892733114076]]}}, {"type": "Feature", "properties": {"highway": "footway", "footway": "crossing"}, "geometry": {"type": "LineString", "coordinates": [[2.475785035123335, 48.9089200432018], [2.475782134994866, 48.90894637361411], [2.475779234863347, 48.90897270402623]]}}, {"type": "Feature", "properties": {"highway": "footway", "footway": "crossing"}, "geometry": {"type": "LineString", "coordinates": [[2.475287602753204, 48.90894917435235], [2.475289992648018, 48.90892281951899], [2.475292382540319, 48.908896464685476]]}}, {"type": "Feature", "properties": {"highway": "footway", "footway": "crossing"}, "geometry": {"type": "LineString", "coordinates": [[2.475990649977239, 48.909642596383605], [2.476028755462173, 48.90964433883587], [2.476066860949758, 48.909646081275525]]}}, {"type": "Feature", "properties": {"highway": "footway", "footway": "crossing"}, "geometry": {"type": "LineString", "coordinates": [[2.476336691317288, 48.90904676556053], [2.476378876119352, 48.90904861367462], [2.476421060924528, 48.909050461773276]]}}, {"type": "Feature", "properties": {"highway": "footway", "footway": "crossing"}, "geometry": {"type": "LineString", "coordinates": [[2.476374989955904, 48.909507392726425], [2.476332837389098, 48.90950522107908], [2.476290684825946, 48.909503049416315]]}}, {"type": "Feature", "properties": {"highway": "footway", "footway": "crossing"}, "geometry": {"type": "LineString", "coordinates": [[2.475912273431143, 48.90925832816774], [2.475868061269775, 48.9092563310382], [2.475823849111932, 48.909254333891695]]}}, {"type": "Feature", "properties": {"highway": "footway", "footway": "crossing"}, "geometry": {"type": "LineString", "coordinates": [[2.475847858135167, 48.909023394845235], [2.475892057808123, 48.9090255101237], [2.47593625748481, 48.909027625385214]]}}, {"type": "Feature", "properties": {"highway": "footway", "footway": "crossing"}, "geometry": {"type": "LineString", "coordinates": [[2.476442748431976, 48.90955778047002], [2.47644021522915, 48.90958290479506], [2.476437682023784, 48.90960802911996]]}}, {"type": "Feature", "properties": {"highway": "footway", "footway": "crossing"}, "geometry": {"type": "LineString", "coordinates": [[2.476212590186419, 48.90954823238354], [2.476210766368351, 48.90957338171425], [2.476208942548451, 48.90959853104482]]}}, {"type": "Feature", "properties": {"highway": "footway", "footway": "crossing"}, "geometry": {"type": "LineString", "coordinates": [[2.476150265642921, 48.90959668215353], [2.476152909615443, 48.90957155866592], [2.476155553585314, 48.90954643517814]]}}, {"type": "Feature", "properties": {"highway": "footway", "footway": "crossing"}, "geometry": {"type": "LineString", "coordinates": [[2.478465864180191, 48.909396222541865], [2.478463096155349, 48.90942420601358], [2.478459757698641, 48.90945795625011]]}}, {"type": "Feature", "properties": {"highway": "footway", "footway": "crossing"}, "geometry": {"type": "LineString", "coordinates": [[2.478609216436836, 48.90932665328482], [2.478571100546052, 48.90932501513979], [2.47853298465776, 48.90932337698216]]}}, {"type": "Feature", "properties": {"highway": "footway", "footway": "crossing"}, "geometry": {"type": "LineString", "coordinates": [[2.478894189952151, 48.909335458372645], [2.478932343199879, 48.90933669212996], [2.478970496449485, 48.90933792587467]]}}, {"type": "Feature", "properties": {"highway": "footway", "footway": "crossing"}, "geometry": {"type": "LineString", "coordinates": [[2.479004980995687, 48.909464569814496], [2.479023081392655, 48.909441104071966], [2.479040393315678, 48.909418660500656]]}}, {"type": "Feature", "properties": {"highway": "footway", "footway": "crossing"}, "geometry": {"type": "LineString", "coordinates": [[2.477545997152807, 48.90894914414664], [2.477507081118463, 48.90894754844281], [2.477468165086598, 48.908945952725844]]}}, {"type": "Feature", "properties": {"highway": "footway", "footway": "crossing"}, "geometry": {"type": "LineString", "coordinates": [[2.478807767894708, 48.90845159799292], [2.478845887347548, 48.908453192834585], [2.478884006520927, 48.90845478765186]]}}, {"type": "Feature", "properties": {"highway": "footway", "footway": "crossing"}, "geometry": {"type": "LineString", "coordinates": [[2.478823584365329, 48.90900152452526], [2.478785459293082, 48.90899996159108], [2.478747334223213, 48.908998398644314]]}}, {"type": "Feature", "properties": {"highway": "footway", "footway": "crossing"}, "geometry": {"type": "LineString", "coordinates": [[2.477354744993573, 48.90937279175435], [2.477356951564579, 48.90934765575248], [2.477359310771776, 48.909320780977865]]}}, {"type": "Feature", "properties": {"highway": "footway", "footway": "crossing"}, "geometry": {"type": "LineString", "coordinates": [[2.477412715544074, 48.90932456255915], [2.477452715737923, 48.90935130841117], [2.477492715974465, 48.90937805424916]]}}, {"type": "Feature", "properties": {"highway": "footway", "footway": "crossing"}, "geometry": {"type": "LineString", "coordinates": [[2.478671131124834, 48.909425472889595], [2.47867300283066, 48.9094003250872], [2.478674874534609, 48.90937517728465]]}}, {"type": "Feature", "properties": {"highway": "footway", "footway": "crossing"}, "geometry": {"type": "LineString", "coordinates": [[2.478819087448279, 48.90937984088611], [2.478816797133773, 48.90940497515172], [2.47881450681697, 48.9094301094172]]}}, {"type": "Feature", "properties": {"highway": "footway", "footway": "crossing"}, "geometry": {"type": "LineString", "coordinates": [[2.477168776464223, 48.909395712143564], [2.477119276347932, 48.909393823988374], [2.477080347678323, 48.90939233906027]]}}, {"type": "Feature", "properties": {"highway": "footway", "footway": "crossing"}, "geometry": {"type": "LineString", "coordinates": [[2.477323571628144, 48.909290793838444], [2.477283316327675, 48.909280922620766], [2.477245929734879, 48.90927175483818]]}}, {"type": "Feature", "properties": {"highway": "footway", "footway": "crossing"}, "geometry": {"type": "LineString", "coordinates": [[2.477602254793964, 48.90929050794799], [2.477640391365348, 48.90929196249159], [2.477678527938946, 48.90929341702256]]}}, {"type": "Feature", "properties": {"highway": "footway", "footway": "crossing"}, "geometry": {"type": "LineString", "coordinates": [[2.477727313140317, 48.90942263040869], [2.477751455113375, 48.9093951343324], [2.477770585298542, 48.9093733463188]]}}, {"type": "Feature", "properties": {"highway": "footway", "footway": "crossing"}, "geometry": {"type": "LineString", "coordinates": [[2.479845379845856, 48.90919758853279], [2.479883504722424, 48.90919915110099], [2.47992162960137, 48.909200713656574]]}}, {"type": "Feature", "properties": {"highway": "footway", "footway": "crossing"}, "geometry": {"type": "LineString", "coordinates": [[2.476239869365628, 48.908887951844015], [2.476201757842735, 48.908886273411035], [2.476163646322395, 48.90888459496545]]}}, {"type": "Feature", "properties": {"highway": "footway", "footway": "crossing"}, "geometry": {"type": "LineString", "coordinates": [[2.476226125849851, 48.90831712153828], [2.476266756436982, 48.908319468423564], [2.476307531172237, 48.90832182362045]]}}, {"type": "Feature", "properties": {"highway": "footway", "footway": "crossing"}, "geometry": {"type": "LineString", "coordinates": [[2.474947059217011, 48.90876253761554], [2.474905626233242, 48.908760589895785], [2.474864193252694, 48.90875864216114]]}}, {"type": "Feature", "properties": {"highway": "footway", "footway": "crossing"}, "geometry": {"type": "LineString", "coordinates": [[2.47510003943975, 48.909028463600166], [2.475061940035427, 48.909026640002395], [2.475023840633879, 48.909024816392055]]}}, {"type": "Feature", "properties": {"highway": "footway", "footway": "crossing"}, "geometry": {"type": "LineString", "coordinates": [[2.475631894089497, 48.9094721882903], [2.475629711490352, 48.909497325201194], [2.475626755303157, 48.90953137145562]]}}, {"type": "Feature", "properties": {"highway": "footway", "footway": "crossing"}, "geometry": {"type": "LineString", "coordinates": [[2.475355435115717, 48.90951219658499], [2.475335411550409, 48.90948622185363], [2.475315388005857, 48.909460247118695]]}}, {"type": "Feature", "properties": {"highway": "footway", "footway": "crossing"}, "geometry": {"type": "LineString", "coordinates": [[2.475744857566793, 48.90929893777003], [2.475742882365948, 48.90932408213305], [2.475740907163121, 48.90934922649592]]}}, {"type": "Feature", "properties": {"highway": "footway", "footway": "crossing"}, "geometry": {"type": "LineString", "coordinates": [[2.475216727309477, 48.90933133404028], [2.475196775330463, 48.90930544115853], [2.47517682337207, 48.90927954827321]]}}, {"type": "Feature", "properties": {"highway": "footway", "footway": "crossing"}, "geometry": {"type": "LineString", "coordinates": [[2.475260506361676, 48.90960793010313], [2.47521637733307, 48.90960626511338], [2.47517224901799, 48.909604600133555]]}}, {"type": "Feature", "properties": {"highway": "footway", "footway": "crossing"}, "geometry": {"type": "LineString", "coordinates": [[2.475096075583401, 48.90939459797627], [2.475062019880427, 48.90940600002069], [2.47502796416194, 48.90941740205505]]}}, {"type": "Feature", "properties": {"highway": "footway", "footway": "crossing"}, "geometry": {"type": "LineString", "coordinates": [[2.475079525870173, 48.909371544621], [2.475034279880427, 48.909370000020694], [2.474990280894167, 48.90936849797325]]}}, {"type": "Feature", "properties": {"highway": "footway", "footway": "crossing"}, "geometry": {"type": "LineString", "coordinates": [[2.474917023387969, 48.90915731161737], [2.474879944367768, 48.90916972781577], [2.474845889862126, 48.90918113121603]]}}, {"type": "Feature", "properties": {"highway": "footway", "footway": "crossing"}, "geometry": {"type": "LineString", "coordinates": [[2.47483262224049, 48.909045635859286], [2.474793947763018, 48.90904390157193], [2.474755814438956, 48.9090421915388]]}}, {"type": "Feature", "properties": {"barrier": "kerb"}, "geometry": {"type": "Point", "coordinates": [2.47978521256553, 48.90909355584302]}}, {"type": "Feature", "properties": {"barrier": "kerb"}, "geometry": {"type": "Point", "coordinates": [2.479780141462271, 48.90914731555932]}}, {"type": "Feature", "properties": {"barrier": "kerb"}, "geometry": {"type": "Point", "coordinates": [2.477727306459058, 48.90900568291976]}}, {"type": "Feature", "properties": {"barrier": "kerb"}, "geometry": {"type": "Point", "coordinates": [2.477719628574414, 48.90907743157048]}}, {"type": "Feature", "properties": {"barrier": "kerb"}, "geometry": {"type": "Point", "coordinates": [2.476500059628758, 48.90900726862337]}}, {"type": "Feature", "properties": {"barrier": "kerb"}, "geometry": {"type": "Point", "coordinates": [2.476505833790123, 48.908949999064745]}}, {"type": "Feature", "properties": {"barrier": "kerb"}, "geometry": {"type": "Point", "coordinates": [2.476087659956283, 48.90893027335656]}}, {"type": "Feature", "properties": {"barrier": "kerb"}, "geometry": {"type": "Point", "coordinates": [2.476082276989021, 48.90898858860059]}}, {"type": "Feature", "properties": {"barrier": "kerb"}, "geometry": {"type": "Point", "coordinates": [2.476008244454192, 48.90898561924746]}}, {"type": "Feature", "properties": {"barrier": "kerb"}, "geometry": {"type": "Point", "coordinates": [2.476014304009944, 48.90892733114076]}}, {"type": "Feature", "properties": {"barrier": "kerb"}, "geometry": {"type": "Point", "coordinates": [2.475785035123335, 48.9089200432018]}}, {"type": "Feature", "properties": {"barrier": "kerb"}, "geometry": {"type": "Point", "coordinates": [2.475779234863347, 48.90897270402623]}}, {"type": "Feature", "properties": {"barrier": "kerb"}, "geometry": {"type": "Point", "coordinates": [2.475287602753204, 48.90894917435235]}}, {"type": "Feature", "properties": {"barrier": "kerb"}, "geometry": {"type": "Point", "coordinates": [2.475292382540319, 48.908896464685476]}}, {"type": "Feature", "properties": {"barrier": "kerb"}, "geometry": {"type": "Point", "coordinates": [2.475990649977239, 48.909642596383605]}}, {"type": "Feature", "properties": {"barrier": "kerb"}, "geometry": {"type": "Point", "coordinates": [2.476066860949758, 48.909646081275525]}}, {"type": "Feature", "properties": {"barrier": "kerb"}, "geometry": {"type": "Point", "coordinates": [2.476336691317288, 48.90904676556053]}}, {"type": "Feature", "properties": {"barrier": "kerb"}, "geometry": {"type": "Point", "coordinates": [2.476421060924528, 48.909050461773276]}}, {"type": "Feature", "properties": {"barrier": "kerb"}, "geometry": {"type": "Point", "coordinates": [2.476374989955904, 48.909507392726425]}}, {"type": "Feature", "properties": {"barrier": "kerb"}, "geometry": {"type": "Point", "coordinates": [2.476290684825946, 48.909503049416315]}}, {"type": "Feature", "properties": {"barrier": "kerb"}, "geometry": {"type": "Point", "coordinates": [2.475912273431143, 48.90925832816774]}}, {"type": "Feature", "properties": {"barrier": "kerb"}, "geometry": {"type": "Point", "coordinates": [2.475823849111932, 48.909254333891695]}}, {"type": "Feature", "properties": {"barrier": "kerb"}, "geometry": {"type": "Point", "coordinates": [2.475847858135167, 48.909023394845235]}}, {"type": "Feature", "properties": {"barrier": "kerb"}, "geometry": {"type": "Point", "coordinates": [2.47593625748481, 48.909027625385214]}}, {"type": "Feature", "properties": {"barrier": "kerb"}, "geometry": {"type": "Point", "coordinates": [2.476442748431976, 48.90955778047002]}}, {"type": "Feature", "properties": {"barrier": "kerb"}, "geometry": {"type": "Point", "coordinates": [2.476437682023784, 48.90960802911996]}}, {"type": "Feature", "properties": {"barrier": "kerb"}, "geometry": {"type": "Point", "coordinates": [2.476212590186419, 48.90954823238354]}}, {"type": "Feature", "properties": {"barrier": "kerb"}, "geometry": {"type": "Point", "coordinates": [2.476208942548451, 48.90959853104482]}}, {"type": "Feature", "properties": {"barrier": "kerb"}, "geometry": {"type": "Point", "coordinates": [2.476150265642921, 48.90959668215353]}}, {"type": "Feature", "properties": {"barrier": "kerb"}, "geometry": {"type": "Point", "coordinates": [2.476155553585314, 48.90954643517814]}}, {"type": "Feature", "properties": {"barrier": "kerb"}, "geometry": {"type": "Point", "coordinates": [2.478465864180191, 48.909396222541865]}}, {"type": "Feature", "properties": {"barrier": "kerb"}, "geometry": {"type": "Point", "coordinates": [2.478459757698641, 48.90945795625011]}}, {"type": "Feature", "properties": {"barrier": "kerb"}, "geometry": {"type": "Point", "coordinates": [2.478609216436836, 48.90932665328482]}}, {"type": "Feature", "properties": {"barrier": "kerb"}, "geometry": {"type": "Point", "coordinates": [2.47853298465776, 48.90932337698216]}}, {"type": "Feature", "properties": {"barrier": "kerb"}, "geometry": {"type": "Point", "coordinates": [2.478894189952151, 48.909335458372645]}}, {"type": "Feature", "properties": {"barrier": "kerb"}, "geometry": {"type": "Point", "coordinates": [2.478970496449485, 48.90933792587467]}}, {"type": "Feature", "properties": {"barrier": "kerb"}, "geometry": {"type": "Point", "coordinates": [2.479004980995687, 48.909464569814496]}}, {"type": "Feature", "properties": {"barrier": "kerb"}, "geometry": {"type": "Point", "coordinates": [2.479040393315678, 48.909418660500656]}}, {"type": "Feature", "properties": {"barrier": "kerb"}, "geometry": {"type": "Point", "coordinates": [2.477545997152807, 48.90894914414664]}}, {"type": "Feature", "properties": {"barrier": "kerb"}, "geometry": {"type": "Point", "coordinates": [2.477468165086598, 48.908945952725844]}}, {"type": "Feature", "properties": {"barrier": "kerb"}, "geometry": {"type": "Point", "coordinates": [2.478807767894708, 48.90845159799292]}}, {"type": "Feature", "properties": {"barrier": "kerb"}, "geometry": {"type": "Point", "coordinates": [2.478884006520927, 48.90845478765186]}}, {"type": "Feature", "properties": {"barrier": "kerb"}, "geometry": {"type": "Point", "coordinates": [2.478823584365329, 48.90900152452526]}}, {"type": "Feature", "properties": {"barrier": "kerb"}, "geometry": {"type": "Point", "coordinates": [2.478747334223213, 48.908998398644314]}}, {"type": "Feature", "properties": {"barrier": "kerb"}, "geometry": {"type": "Point", "coordinates": [2.477354744993573, 48.90937279175435]}}, {"type": "Feature", "properties": {"barrier": "kerb"}, "geometry": {"type": "Point", "coordinates": [2.477359310771776, 48.909320780977865]}}, {"type": "Feature", "properties": {"barrier": "kerb"}, "geometry": {"type": "Point", "coordinates": [2.477412715544074, 48.90932456255915]}}, {"type": "Feature", "properties": {"barrier": "kerb"}, "geometry": {"type": "Point", "coordinates": [2.477492715974465, 48.90937805424916]}}, {"type": "Feature", "properties": {"barrier": "kerb"}, "geometry": {"type": "Point", "coordinates": [2.478671131124834, 48.909425472889595]}}, {"type": "Feature", "properties": {"barrier": "kerb"}, "geometry": {"type": "Point", "coordinates": [2.478674874534609, 48.90937517728465]}}, {"type": "Feature", "properties": {"barrier": "kerb"}, "geometry": {"type": "Point", "coordinates": [2.478819087448279, 48.90937984088611]}}, {"type": "Feature", "properties": {"barrier": "kerb"}, "geometry": {"type": "Point", "coordinates": [2.47881450681697, 48.9094301094172]}}, {"type": "Feature", "properties": {"barrier": "kerb"}, "geometry": {"type": "Point", "coordinates": [2.477168776464223, 48.909395712143564]}}, {"type": "Feature", "properties": {"barrier": "kerb"}, "geometry": {"type": "Point", "coordinates": [2.477080347678323, 48.90939233906027]}}, {"type": "Feature", "properties": {"barrier": "kerb"}, "geometry": {"type": "Point", "coordinates": [2.477323571628144, 48.909290793838444]}}, {"type": "Feature", "properties": {"barrier": "kerb"}, "geometry": {"type": "Point", "coordinates": [2.477245929734879, 48.90927175483818]}}, {"type": "Feature", "properties": {"barrier": "kerb"}, "geometry": {"type": "Point", "coordinates": [2.477602254793964, 48.90929050794799]}}, {"type": "Feature", "properties": {"barrier": "kerb"}, "geometry": {"type": "Point", "coordinates": [2.477678527938946, 48.90929341702256]}}, {"type": "Feature", "properties": {"barrier": "kerb"}, "geometry": {"type": "Point", "coordinates": [2.477727313140317, 48.90942263040869]}}, {"type": "Feature", "properties": {"barrier": "kerb"}, "geometry": {"type": "Point", "coordinates": [2.477770585298542, 48.9093733463188]}}, {"type": "Feature", "properties": {"barrier": "kerb"}, "geometry": {"type": "Point", "coordinates": [2.479845379845856, 48.90919758853279]}}, {"type": "Feature", "properties": {"barrier": "kerb"}, "geometry": {"type": "Point", "coordinates": [2.47992162960137, 48.909200713656574]}}, {"type": "Feature", "properties": {"barrier": "kerb"}, "geometry": {"type": "Point", "coordinates": [2.476239869365628, 48.908887951844015]}}, {"type": "Feature", "properties": {"barrier": "kerb"}, "geometry": {"type": "Point", "coordinates": [2.476163646322395, 48.90888459496545]}}, {"type": "Feature", "properties": {"barrier": "kerb"}, "geometry": {"type": "Point", "coordinates": [2.476226125849851, 48.90831712153828]}}, {"type": "Feature", "properties": {"barrier": "kerb"}, "geometry": {"type": "Point", "coordinates": [2.476307531172237, 48.90832182362045]}}, {"type": "Feature", "properties": {"barrier": "kerb"}, "geometry": {"type": "Point", "coordinates": [2.474947059217011, 48.90876253761554]}}, {"type": "Feature", "properties": {"barrier": "kerb"}, "geometry": {"type": "Point", "coordinates": [2.474864193252694, 48.90875864216114]}}, {"type": "Feature", "properties": {"barrier": "kerb"}, "geometry": {"type": "Point", "coordinates": [2.47510003943975, 48.909028463600166]}}, {"type": "Feature", "properties": {"barrier": "kerb"}, "geometry": {"type": "Point", "coordinates": [2.475023840633879, 48.909024816392055]}}, {"type": "Feature", "properties": {"barrier": "kerb"}, "geometry": {"type": "Point", "coordinates": [2.475631894089497, 48.9094721882903]}}, {"type": "Feature", "properties": {"barrier": "kerb"}, "geometry": {"type": "Point", "coordinates": [2.475626755303157, 48.90953137145562]}}, {"type": "Feature", "properties": {"barrier": "kerb"}, "geometry": {"type": "Point", "coordinates": [2.475355435115717, 48.90951219658499]}}, {"type": "Feature", "properties": {"barrier": "kerb"}, "geometry": {"type": "Point", "coordinates": [2.475315388005857, 48.909460247118695]}}, {"type": "Feature", "properties": {"barrier": "kerb"}, "geometry": {"type": "Point", "coordinates": [2.475744857566793, 48.90929893777003]}}, {"type": "Feature", "properties": {"barrier": "kerb"}, "geometry": {"type": "Point", "coordinates": [2.475740907163121, 48.90934922649592]}}, {"type": "Feature", "properties": {"barrier": "kerb"}, "geometry": {"type": "Point", "coordinates": [2.475216727309477, 48.90933133404028]}}, {"type": "Feature", "properties": {"barrier": "kerb"}, "geometry": {"type": "Point", "coordinates": [2.47517682337207, 48.90927954827321]}}, {"type": "Feature", "properties": {"barrier": "kerb"}, "geometry": {"type": "Point", "coordinates": [2.475260506361676, 48.90960793010313]}}, {"type": "Feature", "properties": {"barrier": "kerb"}, "geometry": {"type": "Point", "coordinates": [2.47517224901799, 48.909604600133555]}}, {"type": "Feature", "properties": {"barrier": "kerb"}, "geometry": {"type": "Point", "coordinates": [2.475096075583401, 48.90939459797627]}}, {"type": "Feature", "properties": {"barrier": "kerb"}, "geometry": {"type": "Point", "coordinates": [2.47502796416194, 48.90941740205505]}}, {"type": "Feature", "properties": {"barrier": "kerb"}, "geometry": {"type": "Point", "coordinates": [2.475079525870173, 48.909371544621]}}, {"type": "Feature", "properties": {"barrier": "kerb"}, "geometry": {"type": "Point", "coordinates": [2.474990280894167, 48.90936849797325]}}, {"type": "Feature", "properties": {"barrier": "kerb"}, "geometry": {"type": "Point", "coordinates": [2.474917023387969, 48.90915731161737]}}, {"type": "Feature", "properties": {"barrier": "kerb"}, "geometry": {"type": "Point", "coordinates": [2.474845889862126, 48.90918113121603]}}, {"type": "Feature", "properties": {"barrier": "kerb"}, "geometry": {"type": "Point", "coordinates": [2.47483262224049, 48.909045635859286]}}, {"type": "Feature", "properties": {"barrier": "kerb"}, "geometry": {"type": "Point", "coordinates": [2.474755814438956, 48.9090421915388]}}, {"type": "Feature", "properties": {"highway": "footway", "footway": "sidewalk"}, "geometry": {"type": "LineString", "coordinates": [[2.474815156994039, 48.91093500323013], [2.474809681304954, 48.91092979604838], [2.474803279300726, 48.91092650767996], [2.474788391539293, 48.91092193540566], [2.474776068981468, 48.910921475879526], [2.47476409892495, 48.91092345871266], [2.474714303774521, 48.91093724194133], [2.474703895049783, 48.910941420275535], [2.474693596721059, 48.910950654904646]]}}, {"type": "Feature", "properties": {"highway": "footway", "footway": "sidewalk"}, "geometry": {"type": "LineString", "coordinates": [[2.474693596721059, 48.910950654904646], [2.474689233490113, 48.910962716963645], [2.474691316778578, 48.91097063177044], [2.474694858938381, 48.910975220433556]]}}, {"type": "Feature", "properties": {"highway": "footway", "footway": "sidewalk"}, "geometry": {"type": "LineString", "coordinates": [[2.474694858938381, 48.910975220433556], [2.474705323576517, 48.910983560736845], [2.474718131392653, 48.91098771758993]]}}, {"type": "Feature", "properties": {"highway": "footway", "footway": "sidewalk"}, "geometry": {"type": "LineString", "coordinates": [[2.474718131392653, 48.91098771758993], [2.474727940807909, 48.9109890514886], [2.474740072425624, 48.91098828593663], [2.474762726922086, 48.910984554184786], [2.474772851621638, 48.91098190104245], [2.474799992315774, 48.91097184955222], [2.474809717838921, 48.910966840665374], [2.47481673565026, 48.91096014841757], [2.474820407512338, 48.91095238143886], [2.474820399487406, 48.91094424610105], [2.474815156994039, 48.91093500323013]]}}, {"type": "Feature", "properties": {"highway": "footway", "footway": "sidewalk"}, "geometry": {"type": "LineString", "coordinates": [[2.474848618596369, 48.90904231815955], [2.474849572076475, 48.90904634049104], [2.474850702547234, 48.909051109470795]]}}, {"type": "Feature", "properties": {"highway": "footway", "footway": "sidewalk"}, "geometry": {"type": "LineString", "coordinates": [[2.474850702547234, 48.909051109470795], [2.474860638576406, 48.909065260404624]]}}, {"type": "Feature", "properties": {"highway": "footway", "footway": "sidewalk"}, "geometry": {"type": "LineString", "coordinates": [[2.474860638576406, 48.909065260404624], [2.474876664808271, 48.909086055682884], [2.474920368102066, 48.909142763995206], [2.474928240012157, 48.90914983207738], [2.474932914391002, 48.9091519903858], [2.474939135018678, 48.909154862645565], [2.474955394765622, 48.90915722766905]]}}, {"type": "Feature", "properties": {"highway": "footway", "footway": "sidewalk"}, "geometry": {"type": "LineString", "coordinates": [[2.474955394765622, 48.90915722766905], [2.474965192435069, 48.90915695678316], [2.474977601950617, 48.909153799112694], [2.474987819610874, 48.90914818482196], [2.474994765949327, 48.90914070704516], [2.474998089472989, 48.90912793948606]]}}, {"type": "Feature", "properties": {"highway": "footway", "footway": "sidewalk"}, "geometry": {"type": "LineString", "coordinates": [[2.474998089472989, 48.90912793948606], [2.475002255480284, 48.90908200145741]]}}, {"type": "Feature", "properties": {"highway": "footway", "footway": "sidewalk"}, "geometry": {"type": "LineString", "coordinates": [[2.475002255480284, 48.90908200145741], [2.475003990324154, 48.90906287153133]]}}, {"type": "Feature", "properties": {"highway": "footway", "footway": "sidewalk"}, "geometry": {"type": "LineString", "coordinates": [[2.475003990324154, 48.90906287153133], [2.475006487847236, 48.90903533160252]]}}, {"type": "Feature", "properties": {"highway": "footway", "footway": "sidewalk"}, "geometry": {"type": "LineString", "coordinates": [[2.475006487847236, 48.90903533160252], [2.475007512319779, 48.9090240348409], [2.475010235779215, 48.908994003486924]]}}, {"type": "Feature", "properties": {"highway": "footway", "footway": "sidewalk"}, "geometry": {"type": "LineString", "coordinates": [[2.475010235779215, 48.908994003486924], [2.475011651787998, 48.90897838926502]]}}, {"type": "Feature", "properties": {"highway": "footway", "footway": "sidewalk"}, "geometry": {"type": "LineString", "coordinates": [[2.475011651787998, 48.90897838926502], [2.475011651787998, 48.90897838926502]]}}, {"type": "Feature", "properties": {"highway": "footway", "footway": "sidewalk"}, "geometry": {"type": "LineString", "coordinates": [[2.474989546480272, 48.90894951983735], [2.474973936817222, 48.90894638875753]]}}, {"type": "Feature", "properties": {"highway": "footway", "footway": "sidewalk"}, "geometry": {"type": "LineString", "coordinates": [[2.475011651787998, 48.90897838926502], [2.475010741515564, 48.908966559194575], [2.475005682279221, 48.908958859817496], [2.474997278972542, 48.908952557511434], [2.474989546480272, 48.90894951983735]]}}, {"type": "Feature", "properties": {"highway": "footway", "footway": "sidewalk"}, "geometry": {"type": "LineString", "coordinates": [[2.474973936817222, 48.90894638875753], [2.47491873834246, 48.908943874212774]]}}, {"type": "Feature", "properties": {"highway": "footway", "footway": "sidewalk"}, "geometry": {"type": "LineString", "coordinates": [[2.47491873834246, 48.908943874212774], [2.474896194733138, 48.90894284723986]]}}, {"type": "Feature", "properties": {"highway": "footway", "footway": "sidewalk"}, "geometry": {"type": "LineString", "coordinates": [[2.474896194733138, 48.90894284723986], [2.474882845195875, 48.90894362535672], [2.474870844699936, 48.908947095307155], [2.474861123257462, 48.90895288763051], [2.474856465640717, 48.90895832215926], [2.47485216864572, 48.90896888661424], [2.474849569622807, 48.90902264652719]]}}, {"type": "Feature", "properties": {"highway": "footway", "footway": "sidewalk"}, "geometry": {"type": "LineString", "coordinates": [[2.474849569622807, 48.90902264652719], [2.474848618596369, 48.90904231815955]]}}, {"type": "Feature", "properties": {"highway": "footway", "footway": "sidewalk"}, "geometry": {"type": "LineString", "coordinates": [[2.472631505272507, 48.908405678074836], [2.472652797325844, 48.90843771501731], [2.472709836675763, 48.90852353866307]]}}, {"type": "Feature", "properties": {"highway": "footway", "footway": "sidewalk"}, "geometry": {"type": "LineString", "coordinates": [[2.472538853860588, 48.90823917616386], [2.472534362213252, 48.9082469716027], [2.472533696785565, 48.908255298837325], [2.472536921161512, 48.908263362194134], [2.472631505272507, 48.908405678074836]]}}, {"type": "Feature", "properties": {"highway": "footway", "footway": "sidewalk"}, "geometry": {"type": "LineString", "coordinates": [[2.473293229791663, 48.90934860256344], [2.47333009558914, 48.90939466147696], [2.473386402563608, 48.90946500937004]]}}, {"type": "Feature", "properties": {"highway": "footway", "footway": "sidewalk"}, "geometry": {"type": "LineString", "coordinates": [[2.472709836675763, 48.90852353866307], [2.472730522932973, 48.90855466393808], [2.472824712579396, 48.908698703987596]]}}, {"type": "Feature", "properties": {"highway": "footway", "footway": "sidewalk"}, "geometry": {"type": "LineString", "coordinates": [[2.473250574287863, 48.909297880804196], [2.473261197392911, 48.909309123223345], [2.473266286049961, 48.90931502890764], [2.473293229791663, 48.90934860256344]]}}, {"type": "Feature", "properties": {"highway": "footway", "footway": "sidewalk"}, "geometry": {"type": "LineString", "coordinates": [[2.473478198180345, 48.90957969500223], [2.473542748171948, 48.90966034072215]]}}, {"type": "Feature", "properties": {"highway": "footway", "footway": "sidewalk"}, "geometry": {"type": "LineString", "coordinates": [[2.47341973975285, 48.909506659539524], [2.473431504194632, 48.909521357550226], [2.473478198180345, 48.90957969500223]]}}, {"type": "Feature", "properties": {"highway": "footway", "footway": "sidewalk"}, "geometry": {"type": "LineString", "coordinates": [[2.473386402563608, 48.90946500937004], [2.47341973975285, 48.909506659539524]]}}, {"type": "Feature", "properties": {"highway": "footway", "footway": "sidewalk"}, "geometry": {"type": "LineString", "coordinates": [[2.473982914528748, 48.910146421771785], [2.474106791864724, 48.91028338065614], [2.474218105765154, 48.91040647470365], [2.474220437747999, 48.910409256412535], [2.474256010925335, 48.91045576411337], [2.474267769521296, 48.9104711373004]]}}, {"type": "Feature", "properties": {"highway": "footway", "footway": "sidewalk"}, "geometry": {"type": "LineString", "coordinates": [[2.473542748171948, 48.90966034072215], [2.473615105892231, 48.90975074069777], [2.473616146431656, 48.90975196269341], [2.473648288353885, 48.9097875135779], [2.473654910561663, 48.909793041807504], [2.473663478151828, 48.90979725157137], [2.473664921119317, 48.90979763005402], [2.473668051253195, 48.909798929210204], [2.473670036644592, 48.90980049978587], [2.473982914528748, 48.910146421771785]]}}, {"type": "Feature", "properties": {"highway": "footway", "footway": "sidewalk"}, "geometry": {"type": "LineString", "coordinates": [[2.473130641217564, 48.909162004578334], [2.47318437970986, 48.909227726718974], [2.473185667436638, 48.90922918983124], [2.473202387723985, 48.909246884946405], [2.473250574287863, 48.909297880804196]]}}, {"type": "Feature", "properties": {"highway": "footway", "footway": "sidewalk"}, "geometry": {"type": "LineString", "coordinates": [[2.473067826715218, 48.90907048739652], [2.473115104011997, 48.90914278571681], [2.47311666075168, 48.90914490644529], [2.473130641217564, 48.909162004578334]]}}, {"type": "Feature", "properties": {"highway": "footway", "footway": "sidewalk"}, "geometry": {"type": "LineString", "coordinates": [[2.47301403086701, 48.90898822037005], [2.473067826715218, 48.90907048739652]]}}, {"type": "Feature", "properties": {"highway": "footway", "footway": "sidewalk"}, "geometry": {"type": "LineString", "coordinates": [[2.472890934839783, 48.908799975283294], [2.47301403086701, 48.90898822037005]]}}, {"type": "Feature", "properties": {"highway": "footway", "footway": "sidewalk"}, "geometry": {"type": "LineString", "coordinates": [[2.472824712579396, 48.908698703987596], [2.472890934839783, 48.908799975283294]]}}, {"type": "Feature", "properties": {"highway": "footway", "footway": "sidewalk"}, "geometry": {"type": "LineString", "coordinates": [[2.474267769521296, 48.9104711373004], [2.474308659481918, 48.91052459674717], [2.474309375862403, 48.910525557977124], [2.474345540011209, 48.91057537978093], [2.474346879989517, 48.9105783484127], [2.474349409422099, 48.910582597863446], [2.474351489583085, 48.91058537507101], [2.474369424570682, 48.91062338655778], [2.474372345289857, 48.910628010823736], [2.474410180886626, 48.910675053072616]]}}, {"type": "Feature", "properties": {"highway": "footway", "footway": "sidewalk"}, "geometry": {"type": "LineString", "coordinates": [[2.474410180886626, 48.910675053072616], [2.474474226307303, 48.91075468263198], [2.474484982174188, 48.91076319764452], [2.474490449162645, 48.91076605049464], [2.474540905931954, 48.91079238042953]]}}, {"type": "Feature", "properties": {"highway": "footway", "footway": "sidewalk"}, "geometry": {"type": "LineString", "coordinates": [[2.474772163612467, 48.91079924798865], [2.474998400486339, 48.91074366982531], [2.475010182338131, 48.91073918456374], [2.475019082437633, 48.910732401320054], [2.475024117155855, 48.91072406977169], [2.47502473006289, 48.910715110712836], [2.475020853423218, 48.91070651428902], [2.475001850962458, 48.9106809723692], [2.474830341996909, 48.910468978410165]]}}, {"type": "Feature", "properties": {"highway": "footway", "footway": "sidewalk"}, "geometry": {"type": "LineString", "coordinates": [[2.474540905931954, 48.91079238042953], [2.474552700279509, 48.91079744907702], [2.474562548502153, 48.91079939871509], [2.474649646221836, 48.910809006107854], [2.474660714895739, 48.91080922581963], [2.474754560191505, 48.91080266928763], [2.474764539156699, 48.91080112102996], [2.474772163612467, 48.91079924798865]]}}, {"type": "Feature", "properties": {"highway": "footway", "footway": "sidewalk"}, "geometry": {"type": "LineString", "coordinates": [[2.474830341996909, 48.910468978410165], [2.474830341996909, 48.910468978410165]]}}, {"type": "Feature", "properties": {"highway": "footway", "footway": "sidewalk"}, "geometry": {"type": "LineString", "coordinates": [[2.474830341996909, 48.910468978410165], [2.474639444441212, 48.910233053708154]]}}, {"type": "Feature", "properties": {"highway": "footway", "footway": "sidewalk"}, "geometry": {"type": "LineString", "coordinates": [[2.474091589245848, 48.909558846639555], [2.473919711637909, 48.90935124639535]]}}, {"type": "Feature", "properties": {"highway": "footway", "footway": "sidewalk"}, "geometry": {"type": "LineString", "coordinates": [[2.473871317392605, 48.90929279364646], [2.473719217567433, 48.909109079603994]]}}, {"type": "Feature", "properties": {"highway": "footway", "footway": "sidewalk"}, "geometry": {"type": "LineString", "coordinates": [[2.473919711637909, 48.90935124639535], [2.473871317392605, 48.90929279364646]]}}, {"type": "Feature", "properties": {"highway": "footway", "footway": "sidewalk"}, "geometry": {"type": "LineString", "coordinates": [[2.474639444441212, 48.910233053708154], [2.474437464568088, 48.90998342992109]]}}, {"type": "Feature", "properties": {"highway": "footway", "footway": "sidewalk"}, "geometry": {"type": "LineString", "coordinates": [[2.474437464568088, 48.90998342992109], [2.474194420303756, 48.909683051510854], [2.474091589245848, 48.909558846639555]]}}, {"type": "Feature", "properties": {"highway": "footway", "footway": "sidewalk"}, "geometry": {"type": "LineString", "coordinates": [[2.473554829828809, 48.90891052183678], [2.473359672333745, 48.90867479608207], [2.473351979524697, 48.90866550408206]]}}, {"type": "Feature", "properties": {"highway": "footway", "footway": "sidewalk"}, "geometry": {"type": "LineString", "coordinates": [[2.473719217567433, 48.909109079603994], [2.473554829828809, 48.90891052183678]]}}, {"type": "Feature", "properties": {"highway": "footway", "footway": "sidewalk"}, "geometry": {"type": "LineString", "coordinates": [[2.473351979524697, 48.90866550408206], [2.473158716890018, 48.90843206446058]]}}, {"type": "Feature", "properties": {"highway": "footway", "footway": "sidewalk"}, "geometry": {"type": "LineString", "coordinates": [[2.473158716890018, 48.90843206446058], [2.473027409569297, 48.908273458489774]]}}, {"type": "Feature", "properties": {"highway": "footway", "footway": "sidewalk"}, "geometry": {"type": "LineString", "coordinates": [[2.473027409569297, 48.908273458489774], [2.473015650172776, 48.90825925427093], [2.473014297550667, 48.908256753384116], [2.47300983965066, 48.90825088706785], [2.473007611132812, 48.908248675399385], [2.472941862553133, 48.90815397800064], [2.472935729958203, 48.90814765416174], [2.472927191540836, 48.90814268886592], [2.472916908248643, 48.908139466469876], [2.472905676097025, 48.9081382364147], [2.472849652211845, 48.90813731056156], [2.472846684686724, 48.908136950266766], [2.472844005417864, 48.90813509330713], [2.472831949256478, 48.908129329456656], [2.472817562460921, 48.90812679116247], [2.472669747096008, 48.90811912227048], [2.472658235229897, 48.90811959985093], [2.472647382790213, 48.90812217593991]]}}, {"type": "Feature", "properties": {"highway": "footway", "footway": "sidewalk"}, "geometry": {"type": "LineString", "coordinates": [[2.472647382790213, 48.90812217593991], [2.472638051911546, 48.908126645888935], [2.472630983853832, 48.90813265459834], [2.472538853860588, 48.90823917616386]]}}, {"type": "Feature", "properties": {"highway": "footway", "footway": "sidewalk"}, "geometry": {"type": "LineString", "coordinates": [[2.475750323697642, 48.909465847938634], [2.475762943385349, 48.9094650268752], [2.475774575950017, 48.90946169881409], [2.475786029385837, 48.90945406218147]]}}, {"type": "Feature", "properties": {"highway": "footway", "footway": "sidewalk"}, "geometry": {"type": "LineString", "coordinates": [[2.475786029385837, 48.90945406218147], [2.475790614260973, 48.90944900985528], [2.475793480141197, 48.90944086724819], [2.475796581032761, 48.909412689182425]]}}, {"type": "Feature", "properties": {"highway": "footway", "footway": "sidewalk"}, "geometry": {"type": "LineString", "coordinates": [[2.475796581032761, 48.909412689182425], [2.475797569762974, 48.90940370450006]]}}, {"type": "Feature", "properties": {"highway": "footway", "footway": "sidewalk"}, "geometry": {"type": "LineString", "coordinates": [[2.475797569762974, 48.90940370450006], [2.475799123042127, 48.909389589703], [2.475797999371434, 48.9093810715687], [2.475792888044784, 48.90937321309222], [2.475784885428002, 48.90936723887222]]}}, {"type": "Feature", "properties": {"highway": "footway", "footway": "sidewalk"}, "geometry": {"type": "LineString", "coordinates": [[2.475784885428002, 48.90936723887222], [2.475773105359977, 48.90936248735886], [2.475764379649879, 48.90936125612951]]}}, {"type": "Feature", "properties": {"highway": "footway", "footway": "sidewalk"}, "geometry": {"type": "LineString", "coordinates": [[2.475764379649879, 48.90936125612951], [2.475740060647016, 48.90936000265139], [2.475710218231994, 48.90935898406898]]}}, {"type": "Feature", "properties": {"highway": "footway", "footway": "sidewalk"}, "geometry": {"type": "LineString", "coordinates": [[2.475710218231994, 48.90935898406898], [2.475692290991792, 48.90935837217202]]}}, {"type": "Feature", "properties": {"highway": "footway", "footway": "sidewalk"}, "geometry": {"type": "LineString", "coordinates": [[2.475692290991792, 48.90935837217202], [2.475663271859658, 48.90935738167794], [2.475490030488193, 48.90935146837279]]}}, {"type": "Feature", "properties": {"highway": "footway", "footway": "sidewalk"}, "geometry": {"type": "LineString", "coordinates": [[2.475490030488193, 48.90935146837279], [2.475225278163937, 48.90934243098852], [2.475187469388459, 48.909341140327]]}}, {"type": "Feature", "properties": {"highway": "footway", "footway": "sidewalk"}, "geometry": {"type": "LineString", "coordinates": [[2.475187469388459, 48.909341140327], [2.475176090383568, 48.909340751884486], [2.475140793771067, 48.90933954696484], [2.475128663680654, 48.90934033082534], [2.475117421737873, 48.90934343464642], [2.475108065049724, 48.90934858313396], [2.475101423510744, 48.90935531964153], [2.475098086195312, 48.90936304667267], [2.475098349109249, 48.909371078875814], [2.475098917009489, 48.909372206587136], [2.475102188934985, 48.90937870383182], [2.475110670879932, 48.909389711382715], [2.475141286043583, 48.90942944255135]]}}, {"type": "Feature", "properties": {"highway": "footway", "footway": "sidewalk"}, "geometry": {"type": "LineString", "coordinates": [[2.475141286043583, 48.90942944255135], [2.475149789991246, 48.90943691020113], [2.475161646666994, 48.90944201954498], [2.475175435553246, 48.90944415844535], [2.475253055732028, 48.90944708708321]]}}, {"type": "Feature", "properties": {"highway": "footway", "footway": "sidewalk"}, "geometry": {"type": "LineString", "coordinates": [[2.475253055732028, 48.90944708708321], [2.475306806493118, 48.90944911508834], [2.475477952457588, 48.909455572222335]]}}, {"type": "Feature", "properties": {"highway": "footway", "footway": "sidewalk"}, "geometry": {"type": "LineString", "coordinates": [[2.475477952457588, 48.909455572222335], [2.475632829488461, 48.90946141532845], [2.475685722997515, 48.90946341081452], [2.47572771869367, 48.90946499514706]]}}, {"type": "Feature", "properties": {"highway": "footway", "footway": "sidewalk"}, "geometry": {"type": "LineString", "coordinates": [[2.47572771869367, 48.90946499514706], [2.475750323697642, 48.909465847938634]]}}, {"type": "Feature", "properties": {"highway": "footway", "footway": "sidewalk"}, "geometry": {"type": "LineString", "coordinates": [[2.475104101512649, 48.90916450674974], [2.475101061710018, 48.90919802697044], [2.475100456195689, 48.90919983918999], [2.475097654385571, 48.90920001959615], [2.475031585003109, 48.90919741623474], [2.475019400276272, 48.9091981437332], [2.475008086269593, 48.90920121285827], [2.474998654137177, 48.909206349316534], [2.474991946847164, 48.909213094053015], [2.474988563844094, 48.9092208442777], [2.474988807475124, 48.909228907337855], [2.474992655968156, 48.90923656262173], [2.47500242659576, 48.90924924067259], [2.475010984738307, 48.90925674098127], [2.475022923152361, 48.909261854756615], [2.47503679691336, 48.90926396307025], [2.475067498778846, 48.90926501116911]]}}, {"type": "Feature", "properties": {"highway": "footway", "footway": "sidewalk"}, "geometry": {"type": "LineString", "coordinates": [[2.475067498778846, 48.90926501116911], [2.475168272539071, 48.909268451321275], [2.475223664696331, 48.9092703422267], [2.475282823866544, 48.909272361695976]]}}, {"type": "Feature", "properties": {"highway": "footway", "footway": "sidewalk"}, "geometry": {"type": "LineString", "coordinates": [[2.475282823866544, 48.909272361695976], [2.475326569482781, 48.90927385498547], [2.475431499368571, 48.909277436778]]}}, {"type": "Feature", "properties": {"highway": "footway", "footway": "sidewalk"}, "geometry": {"type": "LineString", "coordinates": [[2.475431499368571, 48.909277436778], [2.475498354771534, 48.90927971884404], [2.475625341955041, 48.90928405336235]]}}, {"type": "Feature", "properties": {"highway": "footway", "footway": "sidewalk"}, "geometry": {"type": "LineString", "coordinates": [[2.475625341955041, 48.90928405336235], [2.475659438743308, 48.90928521718146]]}}, {"type": "Feature", "properties": {"highway": "footway", "footway": "sidewalk"}, "geometry": {"type": "LineString", "coordinates": [[2.475659438743308, 48.90928521718146], [2.475687433164322, 48.90928617270209]]}}, {"type": "Feature", "properties": {"highway": "footway", "footway": "sidewalk"}, "geometry": {"type": "LineString", "coordinates": [[2.475687433164322, 48.90928617270209], [2.475698259471683, 48.909286542229594]]}}, {"type": "Feature", "properties": {"highway": "footway", "footway": "sidewalk"}, "geometry": {"type": "LineString", "coordinates": [[2.475698259471683, 48.909286542229594], [2.475721506128692, 48.9092873356896]]}}, {"type": "Feature", "properties": {"highway": "footway", "footway": "sidewalk"}, "geometry": {"type": "LineString", "coordinates": [[2.475721506128692, 48.9092873356896], [2.475729862576661, 48.90928762091255]]}}, {"type": "Feature", "properties": {"highway": "footway", "footway": "sidewalk"}, "geometry": {"type": "LineString", "coordinates": [[2.475729862576661, 48.90928762091255], [2.475745704080834, 48.90928816161441], [2.475747341301824, 48.90928821749588]]}}, {"type": "Feature", "properties": {"highway": "footway", "footway": "sidewalk"}, "geometry": {"type": "LineString", "coordinates": [[2.475747341301824, 48.90928821749588], [2.475764604945735, 48.90928842665532]]}}, {"type": "Feature", "properties": {"highway": "footway", "footway": "sidewalk"}, "geometry": {"type": "LineString", "coordinates": [[2.475764604945735, 48.90928842665532], [2.475764604945735, 48.90928842665532]]}}, {"type": "Feature", "properties": {"highway": "footway", "footway": "sidewalk"}, "geometry": {"type": "LineString", "coordinates": [[2.475764604945735, 48.90928842665532], [2.475779801385423, 48.909285990325714]]}}, {"type": "Feature", "properties": {"highway": "footway", "footway": "sidewalk"}, "geometry": {"type": "LineString", "coordinates": [[2.475779801385423, 48.909285990325714], [2.475794497630185, 48.90927896261313]]}}, {"type": "Feature", "properties": {"highway": "footway", "footway": "sidewalk"}, "geometry": {"type": "LineString", "coordinates": [[2.475794497630185, 48.90927896261313], [2.475801038164196, 48.90927172723988], [2.475803850344195, 48.90926358441141], [2.475804901045364, 48.909253477966594], [2.475806272553382, 48.90924028575076]]}}, {"type": "Feature", "properties": {"highway": "footway", "footway": "sidewalk"}, "geometry": {"type": "LineString", "coordinates": [[2.475806272553382, 48.90924028575076], [2.475807859488371, 48.9092250213844], [2.475816308533892, 48.909143751781535]]}}, {"type": "Feature", "properties": {"highway": "footway", "footway": "sidewalk"}, "geometry": {"type": "LineString", "coordinates": [[2.475816308533892, 48.909143751781535], [2.475828915419329, 48.909022488292145], [2.475829859366561, 48.90901340860029], [2.47582873372763, 48.90900502286218], [2.475823741503416, 48.90899727416743], [2.475815368870576, 48.908990917134005], [2.475806444944894, 48.908987371045555], [2.475791993704141, 48.908984658586085], [2.475777991948906, 48.90898398848851], [2.475718610974271, 48.90898114660805]]}}, {"type": "Feature", "properties": {"highway": "footway", "footway": "sidewalk"}, "geometry": {"type": "LineString", "coordinates": [[2.475718610974271, 48.90898114660805], [2.475704021125613, 48.90898044835603]]}}, {"type": "Feature", "properties": {"highway": "footway", "footway": "sidewalk"}, "geometry": {"type": "LineString", "coordinates": [[2.475704021125613, 48.90898044835603], [2.475694270716195, 48.908979981712505]]}}, {"type": "Feature", "properties": {"highway": "footway", "footway": "sidewalk"}, "geometry": {"type": "LineString", "coordinates": [[2.475694270716195, 48.908979981712505], [2.475685121801768, 48.90897954385509]]}}, {"type": "Feature", "properties": {"highway": "footway", "footway": "sidewalk"}, "geometry": {"type": "LineString", "coordinates": [[2.475685121801768, 48.90897954385509], [2.475675224415781, 48.908979070175775]]}}, {"type": "Feature", "properties": {"highway": "footway", "footway": "sidewalk"}, "geometry": {"type": "LineString", "coordinates": [[2.475675224415781, 48.908979070175775], [2.475647281347941, 48.90897773284301]]}}, {"type": "Feature", "properties": {"highway": "footway", "footway": "sidewalk"}, "geometry": {"type": "LineString", "coordinates": [[2.475647281347941, 48.90897773284301], [2.475631816883915, 48.90897699272324], [2.475534019409105, 48.90897231214754]]}}, {"type": "Feature", "properties": {"highway": "footway", "footway": "sidewalk"}, "geometry": {"type": "LineString", "coordinates": [[2.475534019409105, 48.90897231214754], [2.475524464653581, 48.908971854853576], [2.475379803866671, 48.90896493123946]]}}, {"type": "Feature", "properties": {"highway": "footway", "footway": "sidewalk"}, "geometry": {"type": "LineString", "coordinates": [[2.475379803866671, 48.90896493123946], [2.475286578511799, 48.90896046928088], [2.475220711987378, 48.908957316726685]]}}, {"type": "Feature", "properties": {"highway": "footway", "footway": "sidewalk"}, "geometry": {"type": "LineString", "coordinates": [[2.47511816960226, 48.90900937587045], [2.475117416707668, 48.909017678173576]]}}, {"type": "Feature", "properties": {"highway": "footway", "footway": "sidewalk"}, "geometry": {"type": "LineString", "coordinates": [[2.475220711987378, 48.908957316726685], [2.475164655718865, 48.90895463368856], [2.475151795861842, 48.908955363414876], [2.475139920389346, 48.90895869693168], [2.475130210586375, 48.90896430264524], [2.475123632313846, 48.90897162294025], [2.475120839931825, 48.908979929647096], [2.475119702154402, 48.90899247613571], [2.47511816960226, 48.90900937587045]]}}, {"type": "Feature", "properties": {"highway": "footway", "footway": "sidewalk"}, "geometry": {"type": "LineString", "coordinates": [[2.475117416707668, 48.909017678173576], [2.475116748620279, 48.90902504529021]]}}, {"type": "Feature", "properties": {"highway": "footway", "footway": "sidewalk"}, "geometry": {"type": "LineString", "coordinates": [[2.475116748620279, 48.90902504529021], [2.475116367756736, 48.90902924513822], [2.475115290129851, 48.90904112831201]]}}, {"type": "Feature", "properties": {"highway": "footway", "footway": "sidewalk"}, "geometry": {"type": "LineString", "coordinates": [[2.475112462035888, 48.90907231415513], [2.47511042395946, 48.9090947883247]]}}, {"type": "Feature", "properties": {"highway": "footway", "footway": "sidewalk"}, "geometry": {"type": "LineString", "coordinates": [[2.475115290129851, 48.90904112831201], [2.475115290129851, 48.90904112831201]]}}, {"type": "Feature", "properties": {"highway": "footway", "footway": "sidewalk"}, "geometry": {"type": "LineString", "coordinates": [[2.475115290129851, 48.90904112831201], [2.475112462035888, 48.90907231415513]]}}, {"type": "Feature", "properties": {"highway": "footway", "footway": "sidewalk"}, "geometry": {"type": "LineString", "coordinates": [[2.47511042395946, 48.9090947883247], [2.47511042395946, 48.9090947883247]]}}, {"type": "Feature", "properties": {"highway": "footway", "footway": "sidewalk"}, "geometry": {"type": "LineString", "coordinates": [[2.47511042395946, 48.9090947883247], [2.475109982278333, 48.90909965880499]]}}, {"type": "Feature", "properties": {"highway": "footway", "footway": "sidewalk"}, "geometry": {"type": "LineString", "coordinates": [[2.475107116152462, 48.909131263957484], [2.475104101512649, 48.90916450674974]]}}, {"type": "Feature", "properties": {"highway": "footway", "footway": "sidewalk"}, "geometry": {"type": "LineString", "coordinates": [[2.475109982278333, 48.90909965880499], [2.475107116152462, 48.909131263957484]]}}, {"type": "Feature", "properties": {"highway": "footway", "footway": "sidewalk"}, "geometry": {"type": "LineString", "coordinates": [[2.475018294248092, 48.90826456332436], [2.475009869538511, 48.908346931930105]]}}, {"type": "Feature", "properties": {"highway": "footway", "footway": "sidewalk"}, "geometry": {"type": "LineString", "coordinates": [[2.474996998045541, 48.90846590742548], [2.474993175809261, 48.90850123751855], [2.474976496062003, 48.90865541291113]]}}, {"type": "Feature", "properties": {"highway": "footway", "footway": "sidewalk"}, "geometry": {"type": "LineString", "coordinates": [[2.475009869538511, 48.908346931930105], [2.474998352598721, 48.90845338686619], [2.474996998045541, 48.90846590742548]]}}, {"type": "Feature", "properties": {"highway": "footway", "footway": "sidewalk"}, "geometry": {"type": "LineString", "coordinates": [[2.474976496062003, 48.90865541291113], [2.474964816211041, 48.90876337234803], [2.474957125829284, 48.908834455985954], [2.474956358491233, 48.90884154862404], [2.474957461153148, 48.908849969111955], [2.474962462517315, 48.90885775141798], [2.474970871658888, 48.90886413164251], [2.474981863149764, 48.90886848351188], [2.474994081752025, 48.908870337914635]]}}, {"type": "Feature", "properties": {"highway": "footway", "footway": "sidewalk"}, "geometry": {"type": "LineString", "coordinates": [[2.474994081752025, 48.908870337914635], [2.475073100773979, 48.90887396689041], [2.475076376454076, 48.908874463534815], [2.475088709320064, 48.908875372242534], [2.475293406779106, 48.90888516975675], [2.475417543536015, 48.908891111183856]]}}, {"type": "Feature", "properties": {"highway": "footway", "footway": "sidewalk"}, "geometry": {"type": "LineString", "coordinates": [[2.475417543536015, 48.908891111183856], [2.475542744889483, 48.90889710342786]]}}, {"type": "Feature", "properties": {"highway": "footway", "footway": "sidewalk"}, "geometry": {"type": "LineString", "coordinates": [[2.475542744889483, 48.90889710342786], [2.475634697666315, 48.90890150427902]]}}, {"type": "Feature", "properties": {"highway": "footway", "footway": "sidewalk"}, "geometry": {"type": "LineString", "coordinates": [[2.475634697666315, 48.90890150427902], [2.475657383509789, 48.90890259000995]]}}, {"type": "Feature", "properties": {"highway": "footway", "footway": "sidewalk"}, "geometry": {"type": "LineString", "coordinates": [[2.475657383509789, 48.90890259000995], [2.475665418796003, 48.90890297457286]]}}, {"type": "Feature", "properties": {"highway": "footway", "footway": "sidewalk"}, "geometry": {"type": "LineString", "coordinates": [[2.475665418796003, 48.90890297457286], [2.475672846428491, 48.90890333005341]]}}, {"type": "Feature", "properties": {"highway": "footway", "footway": "sidewalk"}, "geometry": {"type": "LineString", "coordinates": [[2.475672846428491, 48.90890333005341], [2.475680762390336, 48.90890370890449]]}}, {"type": "Feature", "properties": {"highway": "footway", "footway": "sidewalk"}, "geometry": {"type": "LineString", "coordinates": [[2.475680762390336, 48.90890370890449], [2.475692607296518, 48.908904275790405], [2.475786278034604, 48.90890875873931], [2.475882551083787, 48.90891336615104], [2.475892397722612, 48.9089130526711], [2.475901844963726, 48.90891119618246], [2.47590367300821, 48.90891067178826], [2.47590676003433, 48.90891047521024], [2.476015602484342, 48.908914840832054], [2.476053954525514, 48.90891637909056]]}}, {"type": "Feature", "properties": {"highway": "footway", "footway": "sidewalk"}, "geometry": {"type": "LineString", "coordinates": [[2.476053954525514, 48.90891637909056], [2.476088813447638, 48.908917777232716], [2.476103046402083, 48.90891834809338], [2.476119627353785, 48.90891643597507], [2.476127449621766, 48.90891420297955], [2.476137025766102, 48.90890864812386], [2.476143542160933, 48.90890141962644], [2.476146365714351, 48.90889321976418], [2.47614731281446, 48.908883875627765], [2.476153024268656, 48.90882752606452]]}}, {"type": "Feature", "properties": {"highway": "footway", "footway": "sidewalk"}, "geometry": {"type": "LineString", "coordinates": [[2.476153024268656, 48.90882752606452], [2.476156874915889, 48.90878953526679]]}}, {"type": "Feature", "properties": {"highway": "footway", "footway": "sidewalk"}, "geometry": {"type": "LineString", "coordinates": [[2.476156874915889, 48.90878953526679], [2.476162011824272, 48.90873885402204]]}}, {"type": "Feature", "properties": {"highway": "footway", "footway": "sidewalk"}, "geometry": {"type": "LineString", "coordinates": [[2.476162011824272, 48.90873885402204], [2.47616332622353, 48.90872588601274], [2.47617600930798, 48.9086007529435]]}}, {"type": "Feature", "properties": {"highway": "footway", "footway": "sidewalk"}, "geometry": {"type": "LineString", "coordinates": [[2.476197066340826, 48.90839299994942], [2.476198682275744, 48.90837705673328]]}}, {"type": "Feature", "properties": {"highway": "footway", "footway": "sidewalk"}, "geometry": {"type": "LineString", "coordinates": [[2.476198682275744, 48.90837705673328], [2.476201448983876, 48.90834975967845]]}}, {"type": "Feature", "properties": {"highway": "footway", "footway": "sidewalk"}, "geometry": {"type": "LineString", "coordinates": [[2.476180909895668, 48.90855240289759], [2.476196230555543, 48.90840124601106], [2.476197066340826, 48.90839299994942]]}}, {"type": "Feature", "properties": {"highway": "footway", "footway": "sidewalk"}, "geometry": {"type": "LineString", "coordinates": [[2.47617600930798, 48.9086007529435], [2.476180909895668, 48.90855240289759]]}}, {"type": "Feature", "properties": {"highway": "footway", "footway": "sidewalk"}, "geometry": {"type": "LineString", "coordinates": [[2.476201448983876, 48.90834975967845], [2.476202718600351, 48.908337233305375]]}}, {"type": "Feature", "properties": {"highway": "footway", "footway": "sidewalk"}, "geometry": {"type": "LineString", "coordinates": [[2.476202718600351, 48.908337233305375], [2.476203602030907, 48.90832851714133], [2.476204417734654, 48.908325548061796], [2.476208712742245, 48.90831611572591], [2.476209773885519, 48.90831378533138], [2.476211500713, 48.90830586171712], [2.476209624072889, 48.90829795291881], [2.476202289332802, 48.90828932849025], [2.476196024123805, 48.90828490273894], [2.47618549834137, 48.90828091047262], [2.476173658697428, 48.90827913006926], [2.476070828219604, 48.90827401150491]]}}, {"type": "Feature", "properties": {"highway": "footway", "footway": "sidewalk"}, "geometry": {"type": "LineString", "coordinates": [[2.475707663926029, 48.90825593363392], [2.475311227743967, 48.908236198208826]]}}, {"type": "Feature", "properties": {"highway": "footway", "footway": "sidewalk"}, "geometry": {"type": "LineString", "coordinates": [[2.476070828219604, 48.90827401150491], [2.475785965044448, 48.908259831464896], [2.475707663926029, 48.90825593363392]]}}, {"type": "Feature", "properties": {"highway": "footway", "footway": "sidewalk"}, "geometry": {"type": "LineString", "coordinates": [[2.475127966366388, 48.90822707460701], [2.475056741792987, 48.90822352863775], [2.475044851279545, 48.90822408429921], [2.475033708096677, 48.90822687508463], [2.475024257665628, 48.908231664215364], [2.475017301790059, 48.90823804536715], [2.475013430628668, 48.908245477143595], [2.475012972624107, 48.90825332900994], [2.475018294248092, 48.90826456332436]]}}, {"type": "Feature", "properties": {"highway": "footway", "footway": "sidewalk"}, "geometry": {"type": "LineString", "coordinates": [[2.475311227743967, 48.908236198208826], [2.475127966366388, 48.90822707460701]]}}, {"type": "Feature", "properties": {"highway": "footway", "footway": "sidewalk"}, "geometry": {"type": "LineString", "coordinates": [[2.475901673733016, 48.90950762906804], [2.475907564367103, 48.9095141160279], [2.475913545515081, 48.909517790744935]]}}, {"type": "Feature", "properties": {"highway": "footway", "footway": "sidewalk"}, "geometry": {"type": "LineString", "coordinates": [[2.475913545515081, 48.909517790744935], [2.475926185127916, 48.90952268845702], [2.475937452739674, 48.909524100628694], [2.475952946616084, 48.90952458409202], [2.476036498943279, 48.90952719118187], [2.476039535827934, 48.90952760610622], [2.476043692490066, 48.90952916957358], [2.476062021433802, 48.90953268503349], [2.476156686714447, 48.909535667969045], [2.476182518456161, 48.90953648192255]]}}, {"type": "Feature", "properties": {"highway": "footway", "footway": "sidewalk"}, "geometry": {"type": "LineString", "coordinates": [[2.476182518456161, 48.90953648192255], [2.476213371822174, 48.909537454098924], [2.476222397468447, 48.9095377384916]]}}, {"type": "Feature", "properties": {"highway": "footway", "footway": "sidewalk"}, "geometry": {"type": "LineString", "coordinates": [[2.476222397468447, 48.9095377384916], [2.476232456780884, 48.90953767559787]]}}, {"type": "Feature", "properties": {"highway": "footway", "footway": "sidewalk"}, "geometry": {"type": "LineString", "coordinates": [[2.476232456780884, 48.90953767559787], [2.47624133583487, 48.909537044264866], [2.476252900788319, 48.909533659200875], [2.476262344185489, 48.909528107235325], [2.476268763228432, 48.90952091914199], [2.476271544251456, 48.90951278210994], [2.476272619442856, 48.90950211869899], [2.476272740884322, 48.90950091428034], [2.476287249992855, 48.90935701704064]]}}, {"type": "Feature", "properties": {"highway": "footway", "footway": "sidewalk"}, "geometry": {"type": "LineString", "coordinates": [[2.476287249992855, 48.90935701704064], [2.476311241251462, 48.9091190766901], [2.476315617671028, 48.90907567201893]]}}, {"type": "Feature", "properties": {"highway": "footway", "footway": "sidewalk"}, "geometry": {"type": "LineString", "coordinates": [[2.476315617671028, 48.90907567201893], [2.476318612117356, 48.909045973506906]]}}, {"type": "Feature", "properties": {"highway": "footway", "footway": "sidewalk"}, "geometry": {"type": "LineString", "coordinates": [[2.476318612117356, 48.909045973506906], [2.476319377782876, 48.90903837973458], [2.476318225291801, 48.909029993740276], [2.476313206592804, 48.909022250485314]]}}, {"type": "Feature", "properties": {"highway": "footway", "footway": "sidewalk"}, "geometry": {"type": "LineString", "coordinates": [[2.476313206592804, 48.909022250485314], [2.476304810653766, 48.90901590438643], [2.47629385548243, 48.90901157373671], [2.47628140842868, 48.90900968046625], [2.476203941081611, 48.90900609622718]]}}, {"type": "Feature", "properties": {"highway": "footway", "footway": "sidewalk"}, "geometry": {"type": "LineString", "coordinates": [[2.476203941081611, 48.90900609622718], [2.476190245071716, 48.90900546253829], [2.476081123494406, 48.9090010847242], [2.476006945976125, 48.90899810955594], [2.475999102818141, 48.90899779497378], [2.475986418623674, 48.908998596243336], [2.475974723120326, 48.909001930213556], [2.475965150115679, 48.90900747367651], [2.47595862765486, 48.90901468922732], [2.475955788052224, 48.90902287736216], [2.475955200204532, 48.90902853192069], [2.47595461636173, 48.90903414795455]]}}, {"type": "Feature", "properties": {"highway": "footway", "footway": "sidewalk"}, "geometry": {"type": "LineString", "coordinates": [[2.47595461636173, 48.90903414795455], [2.47593122150138, 48.90925918407521], [2.475923980524781, 48.90932883491355], [2.475923287064831, 48.90933082750814], [2.475920038386295, 48.90933440269341], [2.475917440573753, 48.909336840787304], [2.475913236980669, 48.90934694050808], [2.475909652008876, 48.90937951818515], [2.475907771151858, 48.9093966100606]]}}, {"type": "Feature", "properties": {"highway": "footway", "footway": "sidewalk"}, "geometry": {"type": "LineString", "coordinates": [[2.475907771151858, 48.9093966100606], [2.475902989064712, 48.90944006617537]]}}, {"type": "Feature", "properties": {"highway": "footway", "footway": "sidewalk"}, "geometry": {"type": "LineString", "coordinates": [[2.475902989064712, 48.90944006617537], [2.475897689852947, 48.9094951093794]]}}, {"type": "Feature", "properties": {"highway": "footway", "footway": "sidewalk"}, "geometry": {"type": "LineString", "coordinates": [[2.475897689852947, 48.9094951093794], [2.475901673733016, 48.90950762906804]]}}, {"type": "Feature", "properties": {"highway": "footway", "footway": "sidewalk"}, "geometry": {"type": "LineString", "coordinates": [[2.477049409050687, 48.909542208305986], [2.477051014174106, 48.909523873131725]]}}, {"type": "Feature", "properties": {"highway": "footway", "footway": "sidewalk"}, "geometry": {"type": "LineString", "coordinates": [[2.477053790725656, 48.90949215681195], [2.477054980468113, 48.909478566469446]]}}, {"type": "Feature", "properties": {"highway": "footway", "footway": "sidewalk"}, "geometry": {"type": "LineString", "coordinates": [[2.477051014174106, 48.909523873131725], [2.477053790725656, 48.90949215681195]]}}, {"type": "Feature", "properties": {"highway": "footway", "footway": "sidewalk"}, "geometry": {"type": "LineString", "coordinates": [[2.477054980468113, 48.909478566469446], [2.477055636414429, 48.90947107363869]]}}, {"type": "Feature", "properties": {"highway": "footway", "footway": "sidewalk"}, "geometry": {"type": "LineString", "coordinates": [[2.477062540314224, 48.90939504403549], [2.477063690995337, 48.909391706708185], [2.477065943035039, 48.90938517510263], [2.477066993752762, 48.90938301658155], [2.477079112997307, 48.90936384288179], [2.477080570815134, 48.90936196576704], [2.477086972560318, 48.90935510641365], [2.477091102738775, 48.90935192782669], [2.477100401498857, 48.90934670406478], [2.47710299136511, 48.90934546608005], [2.477117948728413, 48.909339434096985]]}}, {"type": "Feature", "properties": {"highway": "footway", "footway": "sidewalk"}, "geometry": {"type": "LineString", "coordinates": [[2.477055636414429, 48.90947107363869], [2.477058386096008, 48.90943966418599]]}}, {"type": "Feature", "properties": {"highway": "footway", "footway": "sidewalk"}, "geometry": {"type": "LineString", "coordinates": [[2.477058386096008, 48.90943966418599], [2.477062540314224, 48.90939504403549]]}}, {"type": "Feature", "properties": {"highway": "footway", "footway": "sidewalk"}, "geometry": {"type": "LineString", "coordinates": [[2.477117948728413, 48.909339434096985], [2.477131039333592, 48.909334154934555], [2.477141560755108, 48.90933076485873], [2.477143561600171, 48.90933022230602], [2.477194518285561, 48.90931844096807], [2.477201185553737, 48.90931677500622], [2.477211368965426, 48.90931304431627], [2.477219544943701, 48.90930757333348], [2.477225050893392, 48.90930080543605], [2.477227440603781, 48.90929328910627], [2.477229906913583, 48.909267825784774], [2.477229995166407, 48.90926691462138]]}}, {"type": "Feature", "properties": {"highway": "footway", "footway": "sidewalk"}, "geometry": {"type": "LineString", "coordinates": [[2.477229995166407, 48.90926691462138], [2.477229995166407, 48.90926691462138]]}}, {"type": "Feature", "properties": {"highway": "footway", "footway": "sidewalk"}, "geometry": {"type": "LineString", "coordinates": [[2.477233737655578, 48.90922827538349], [2.477236863211659, 48.90919600561024]]}}, {"type": "Feature", "properties": {"highway": "footway", "footway": "sidewalk"}, "geometry": {"type": "LineString", "coordinates": [[2.477229995166407, 48.90926691462138], [2.477233737655578, 48.90922827538349]]}}, {"type": "Feature", "properties": {"highway": "footway", "footway": "sidewalk"}, "geometry": {"type": "LineString", "coordinates": [[2.477237404770621, 48.90919041428576], [2.477237972807105, 48.90918454959284]]}}, {"type": "Feature", "properties": {"highway": "footway", "footway": "sidewalk"}, "geometry": {"type": "LineString", "coordinates": [[2.477236863211659, 48.90919600561024], [2.477237404770621, 48.90919041428576]]}}, {"type": "Feature", "properties": {"highway": "footway", "footway": "sidewalk"}, "geometry": {"type": "LineString", "coordinates": [[2.477237972807105, 48.90918454959284], [2.477239482760336, 48.90916896007327]]}}, {"type": "Feature", "properties": {"highway": "footway", "footway": "sidewalk"}, "geometry": {"type": "LineString", "coordinates": [[2.477239482760336, 48.90916896007327], [2.477240917820652, 48.90915414377696]]}}, {"type": "Feature", "properties": {"highway": "footway", "footway": "sidewalk"}, "geometry": {"type": "LineString", "coordinates": [[2.477241773512179, 48.909145309176], [2.477245052131841, 48.909111458985414], [2.477245438358337, 48.90910957554599], [2.477248417332823, 48.909100499987204]]}}, {"type": "Feature", "properties": {"highway": "footway", "footway": "sidewalk"}, "geometry": {"type": "LineString", "coordinates": [[2.477240917820652, 48.90915414377696], [2.477241773512179, 48.909145309176]]}}, {"type": "Feature", "properties": {"highway": "footway", "footway": "sidewalk"}, "geometry": {"type": "LineString", "coordinates": [[2.477248417332823, 48.909100499987204], [2.477251501579449, 48.90909469048454], [2.477256242380746, 48.9090823019459], [2.477254807931183, 48.90907409942976], [2.477249676825132, 48.909066567126814], [2.47724132975656, 48.909060410678556], [2.477230548696539, 48.90905620683334], [2.477218343636481, 48.90905434941569], [2.476841194446193, 48.90903610439364]]}}, {"type": "Feature", "properties": {"highway": "footway", "footway": "sidewalk"}, "geometry": {"type": "LineString", "coordinates": [[2.476841194446193, 48.90903610439364], [2.476831834241238, 48.9090356515672]]}}, {"type": "Feature", "properties": {"highway": "footway", "footway": "sidewalk"}, "geometry": {"type": "LineString", "coordinates": [[2.476831834241238, 48.9090356515672], [2.476807695784426, 48.9090344837974], [2.476637713995379, 48.909026260277116]]}}, {"type": "Feature", "properties": {"highway": "footway", "footway": "sidewalk"}, "geometry": {"type": "LineString", "coordinates": [[2.476637713995379, 48.909026260277116], [2.476591955747195, 48.909024046503276]]}}, {"type": "Feature", "properties": {"highway": "footway", "footway": "sidewalk"}, "geometry": {"type": "LineString", "coordinates": [[2.476591955747195, 48.909024046503276], [2.476532287644606, 48.909021159746224]]}}, {"type": "Feature", "properties": {"highway": "footway", "footway": "sidewalk"}, "geometry": {"type": "LineString", "coordinates": [[2.476532287644606, 48.909021159746224], [2.476498822306748, 48.90901954067154], [2.476479329158024, 48.90901905409564]]}}, {"type": "Feature", "properties": {"highway": "footway", "footway": "sidewalk"}, "geometry": {"type": "LineString", "coordinates": [[2.476479329158024, 48.90901905409564], [2.476470895599423, 48.9090195249897], [2.476454976056512, 48.909025161376476], [2.476449345511568, 48.909028387713015], [2.476442737361986, 48.90903565983298], [2.476439879091908, 48.90904392468389], [2.476439140127698, 48.90905125381083], [2.476434420408862, 48.90909806444178]]}}, {"type": "Feature", "properties": {"highway": "footway", "footway": "sidewalk"}, "geometry": {"type": "LineString", "coordinates": [[2.476418271942769, 48.90925822583488], [2.476412068451707, 48.90931975213344], [2.476403435443344, 48.90940537416057]]}}, {"type": "Feature", "properties": {"highway": "footway", "footway": "sidewalk"}, "geometry": {"type": "LineString", "coordinates": [[2.476434420408862, 48.90909806444178], [2.476430805761298, 48.90913391480872], [2.476421075282939, 48.90923042222365]]}}, {"type": "Feature", "properties": {"highway": "footway", "footway": "sidewalk"}, "geometry": {"type": "LineString", "coordinates": [[2.476421075282939, 48.90923042222365], [2.476418271942769, 48.90925822583488]]}}, {"type": "Feature", "properties": {"highway": "footway", "footway": "sidewalk"}, "geometry": {"type": "LineString", "coordinates": [[2.476403435443344, 48.90940537416057], [2.476398836888763, 48.90945098242487], [2.476393055342796, 48.90950832342771], [2.476392119532581, 48.9095176047211], [2.476393256234709, 48.90952594924781], [2.476397572382564, 48.90953265252854]]}}, {"type": "Feature", "properties": {"highway": "footway", "footway": "sidewalk"}, "geometry": {"type": "LineString", "coordinates": [[2.476397572382564, 48.90953265252854], [2.476406537924731, 48.90953999749374], [2.47641740184174, 48.90954434620205], [2.476429765903327, 48.90954628813755], [2.476443834089553, 48.90954701290209], [2.476519080036427, 48.90955088939182]]}}, {"type": "Feature", "properties": {"highway": "footway", "footway": "sidewalk"}, "geometry": {"type": "LineString", "coordinates": [[2.476665323091852, 48.90955842333925], [2.476695945225571, 48.9095600008642], [2.476799521964271, 48.909565336645954]]}}, {"type": "Feature", "properties": {"highway": "footway", "footway": "sidewalk"}, "geometry": {"type": "LineString", "coordinates": [[2.476519080036427, 48.90955088939182], [2.476614799629712, 48.909555820562645], [2.476665323091852, 48.90955842333925]]}}, {"type": "Feature", "properties": {"highway": "footway", "footway": "sidewalk"}, "geometry": {"type": "LineString", "coordinates": [[2.476799521964271, 48.909565336645954], [2.476921044272039, 48.90957159677816]]}}, {"type": "Feature", "properties": {"highway": "footway", "footway": "sidewalk"}, "geometry": {"type": "LineString", "coordinates": [[2.476921044272039, 48.90957159677816], [2.477006132866878, 48.90957597997731], [2.477017987970943, 48.909575450170195], [2.477033340259873, 48.90957057742939], [2.477045559374417, 48.909561621656444], [2.47704949527859, 48.90955423144052], [2.477049409050687, 48.909542208305986]]}}, {"type": "Feature", "properties": {"highway": "footway", "footway": "sidewalk"}, "geometry": {"type": "LineString", "coordinates": [[2.477049409050687, 48.909542208305986], [2.477049409050687, 48.909542208305986]]}}, {"type": "Feature", "properties": {"highway": "footway", "footway": "sidewalk"}, "geometry": {"type": "LineString", "coordinates": [[2.478866757328911, 48.90875944758022], [2.478854231311837, 48.908872762709834]]}}, {"type": "Feature", "properties": {"highway": "footway", "footway": "sidewalk"}, "geometry": {"type": "LineString", "coordinates": [[2.478854231311837, 48.908872762709834], [2.478851393660772, 48.908898433112356], [2.478843971149513, 48.908965579668454]]}}, {"type": "Feature", "properties": {"highway": "footway", "footway": "sidewalk"}, "geometry": {"type": "LineString", "coordinates": [[2.478843971149513, 48.908965579668454], [2.478839923682735, 48.90900219435032], [2.478838412410696, 48.90901586578779], [2.478839511941477, 48.9090243315445], [2.478844551606011, 48.909032151946256], [2.478858897121904, 48.90904085069317]]}}, {"type": "Feature", "properties": {"highway": "footway", "footway": "sidewalk"}, "geometry": {"type": "LineString", "coordinates": [[2.478900250724587, 48.90845643229296], [2.478897372202884, 48.90848249157775], [2.478887695835851, 48.90857002870542]]}}, {"type": "Feature", "properties": {"highway": "footway", "footway": "sidewalk"}, "geometry": {"type": "LineString", "coordinates": [[2.478887695835851, 48.90857002870542], [2.478881396542215, 48.908627015017345]]}}, {"type": "Feature", "properties": {"highway": "footway", "footway": "sidewalk"}, "geometry": {"type": "LineString", "coordinates": [[2.478881396542215, 48.908627015017345], [2.478874496621968, 48.9086894347245], [2.478866757328911, 48.90875944758022]]}}, {"type": "Feature", "properties": {"highway": "footway", "footway": "sidewalk"}, "geometry": {"type": "LineString", "coordinates": [[2.479836195987061, 48.909084080976534], [2.479892007473549, 48.90908636844518], [2.479896533712829, 48.90908703304879], [2.479901656425417, 48.90908852236075], [2.479911133456459, 48.9090896558181], [2.479978777176843, 48.90909240322427], [2.479998854869994, 48.90909322266864], [2.480011634932962, 48.909092416146294], [2.480026575746588, 48.90908718703887]]}}, {"type": "Feature", "properties": {"highway": "footway", "footway": "sidewalk"}, "geometry": {"type": "LineString", "coordinates": [[2.479111336968103, 48.90905436970472], [2.479353610697062, 48.909064300781935]]}}, {"type": "Feature", "properties": {"highway": "footway", "footway": "sidewalk"}, "geometry": {"type": "LineString", "coordinates": [[2.478858897121904, 48.90904085069317], [2.478876688868862, 48.909044750721854], [2.479111336968103, 48.90905436970472]]}}, {"type": "Feature", "properties": {"highway": "footway", "footway": "sidewalk"}, "geometry": {"type": "LineString", "coordinates": [[2.479353610697062, 48.909064300781935], [2.4797862992291, 48.90908203590372], [2.479805864156097, 48.909082837796106], [2.479836195987061, 48.909084080976534]]}}, {"type": "Feature", "properties": {"highway": "footway", "footway": "sidewalk"}, "geometry": {"type": "LineString", "coordinates": [[2.480026575746588, 48.90908718703887], [2.480033012690074, 48.9090834243785], [2.480039506537385, 48.909076124039345], [2.480042249514218, 48.909067856703594], [2.480044906081227, 48.90903759818924], [2.480054112284746, 48.90893286896341]]}}, {"type": "Feature", "properties": {"highway": "footway", "footway": "sidewalk"}, "geometry": {"type": "LineString", "coordinates": [[2.480085584437257, 48.9084917529368], [2.48008457954571, 48.90848122548016], [2.480079449758296, 48.90847344138213], [2.480074559860355, 48.908469808426844], [2.4800597910258, 48.90846280881862], [2.480047207780467, 48.908461012697714], [2.479833331028738, 48.908453209284794]]}}, {"type": "Feature", "properties": {"highway": "footway", "footway": "sidewalk"}, "geometry": {"type": "LineString", "coordinates": [[2.480081682465099, 48.90853184848752], [2.480085584437257, 48.9084917529368]]}}, {"type": "Feature", "properties": {"highway": "footway", "footway": "sidewalk"}, "geometry": {"type": "LineString", "coordinates": [[2.480077257605322, 48.90858404513195], [2.480077646178334, 48.908573457223476], [2.480081682465099, 48.90853184848752]]}}, {"type": "Feature", "properties": {"highway": "footway", "footway": "sidewalk"}, "geometry": {"type": "LineString", "coordinates": [[2.480075438283876, 48.90869026396955], [2.480076636377261, 48.90867663436508], [2.480076704579529, 48.90867518176309], [2.480076990327824, 48.90862809152883]]}}, {"type": "Feature", "properties": {"highway": "footway", "footway": "sidewalk"}, "geometry": {"type": "LineString", "coordinates": [[2.480076990327824, 48.90862809152883], [2.480077257605322, 48.90858404513195]]}}, {"type": "Feature", "properties": {"highway": "footway", "footway": "sidewalk"}, "geometry": {"type": "LineString", "coordinates": [[2.480065007728375, 48.90880892247332], [2.480071406991506, 48.90873612421348], [2.480075438283876, 48.90869026396955]]}}, {"type": "Feature", "properties": {"highway": "footway", "footway": "sidewalk"}, "geometry": {"type": "LineString", "coordinates": [[2.480054112284746, 48.90893286896341], [2.480065007728375, 48.90880892247332]]}}, {"type": "Feature", "properties": {"highway": "footway", "footway": "sidewalk"}, "geometry": {"type": "LineString", "coordinates": [[2.479833331028738, 48.908453209284794], [2.479670611452748, 48.90844727210275]]}}, {"type": "Feature", "properties": {"highway": "footway", "footway": "sidewalk"}, "geometry": {"type": "LineString", "coordinates": [[2.479670611452748, 48.90844727210275], [2.479299031461256, 48.908433713322474]]}}, {"type": "Feature", "properties": {"highway": "footway", "footway": "sidewalk"}, "geometry": {"type": "LineString", "coordinates": [[2.479299031461256, 48.908433713322474], [2.47894436045641, 48.908420770419674], [2.478931686866295, 48.90842161675163], [2.478923013657254, 48.90842412545016], [2.478910496054162, 48.90843056559137], [2.478904031959216, 48.9084378010679], [2.478901256012788, 48.908445996177484], [2.478900343310261, 48.90845547114112], [2.478900250724587, 48.90845643229296]]}}, {"type": "Feature", "properties": {"highway": "footway", "footway": "sidewalk"}, "geometry": {"type": "LineString", "coordinates": [[2.474866273697467, 48.90973456048752], [2.474984554063141, 48.90988076570056]]}}, {"type": "Feature", "properties": {"highway": "footway", "footway": "sidewalk"}, "geometry": {"type": "LineString", "coordinates": [[2.474596396177471, 48.90940314063841], [2.474630695579046, 48.90944341857295], [2.4746323938089, 48.909445462617334], [2.474866273697467, 48.90973456048752]]}}, {"type": "Feature", "properties": {"highway": "footway", "footway": "sidewalk"}, "geometry": {"type": "LineString", "coordinates": [[2.4751286225268, 48.91006900473945], [2.475369027370828, 48.91039440765568]]}}, {"type": "Feature", "properties": {"highway": "footway", "footway": "sidewalk"}, "geometry": {"type": "LineString", "coordinates": [[2.474123954875415, 48.90884834313425], [2.474596396177471, 48.90940314063841]]}}, {"type": "Feature", "properties": {"highway": "footway", "footway": "sidewalk"}, "geometry": {"type": "LineString", "coordinates": [[2.473925323339361, 48.9086150817883], [2.473952032564747, 48.908646447699034], [2.474123954875415, 48.90884834313425]]}}, {"type": "Feature", "properties": {"highway": "footway", "footway": "sidewalk"}, "geometry": {"type": "LineString", "coordinates": [[2.473640838927314, 48.90828098120691], [2.473925323339361, 48.9086150817883]]}}, {"type": "Feature", "properties": {"highway": "footway", "footway": "sidewalk"}, "geometry": {"type": "LineString", "coordinates": [[2.474984554063141, 48.90988076570056], [2.475039232314988, 48.90994835262682], [2.475044560731861, 48.90995535578975], [2.4751286225268, 48.91006900473945]]}}, {"type": "Feature", "properties": {"highway": "footway", "footway": "sidewalk"}, "geometry": {"type": "LineString", "coordinates": [[2.475369027370828, 48.91039440765568], [2.475431316394935, 48.91047871895181], [2.475439396658755, 48.91048612997638], [2.475450763411569, 48.91049134098953], [2.475458083876499, 48.910492664800124]]}}, {"type": "Feature", "properties": {"highway": "footway", "footway": "sidewalk"}, "geometry": {"type": "LineString", "coordinates": [[2.475458083876499, 48.910492664800124], [2.475477925304006, 48.91049309737806], [2.475490611684982, 48.910489441729574], [2.475494391710136, 48.9104878018261], [2.475495769833803, 48.91048722025322], [2.475846730051787, 48.91034319838403], [2.475854455706422, 48.910341107014006], [2.47587043068633, 48.91033757769697]]}}, {"type": "Feature", "properties": {"highway": "footway", "footway": "sidewalk"}, "geometry": {"type": "LineString", "coordinates": [[2.47587043068633, 48.91033757769697], [2.475891468822097, 48.9103359607806]]}}, {"type": "Feature", "properties": {"highway": "footway", "footway": "sidewalk"}, "geometry": {"type": "LineString", "coordinates": [[2.475891468822097, 48.9103359607806], [2.475899909517958, 48.910335458941866]]}}, {"type": "Feature", "properties": {"highway": "footway", "footway": "sidewalk"}, "geometry": {"type": "LineString", "coordinates": [[2.475899909517958, 48.910335458941866], [2.475968767708235, 48.910331364977786], [2.475979020604715, 48.910329863448744], [2.475988356106936, 48.91032669132691]]}}, {"type": "Feature", "properties": {"highway": "footway", "footway": "sidewalk"}, "geometry": {"type": "LineString", "coordinates": [[2.475988356106936, 48.91032669132691], [2.47602309468841, 48.91031086949645]]}}, {"type": "Feature", "properties": {"highway": "footway", "footway": "sidewalk"}, "geometry": {"type": "LineString", "coordinates": [[2.47602309468841, 48.91031086949645], [2.476076475188191, 48.91028655708733], [2.476078991134271, 48.91028557847273], [2.476088986431407, 48.910282301321885], [2.476098115774329, 48.910280680532686]]}}, {"type": "Feature", "properties": {"highway": "footway", "footway": "sidewalk"}, "geometry": {"type": "LineString", "coordinates": [[2.476098115774329, 48.910280680532686], [2.476105491849586, 48.91027981869032], [2.476108397425757, 48.91027961896739], [2.476120431036981, 48.91027936209466]]}}, {"type": "Feature", "properties": {"highway": "footway", "footway": "sidewalk"}, "geometry": {"type": "LineString", "coordinates": [[2.476120431036981, 48.91027936209466], [2.476128062813857, 48.91027919918404], [2.476138659775745, 48.91027804341427], [2.476148435569296, 48.9102751100764], [2.476155112384736, 48.91027147478593]]}}, {"type": "Feature", "properties": {"highway": "footway", "footway": "sidewalk"}, "geometry": {"type": "LineString", "coordinates": [[2.476155112384736, 48.91027147478593], [2.476184882840529, 48.91025062398365]]}}, {"type": "Feature", "properties": {"highway": "footway", "footway": "sidewalk"}, "geometry": {"type": "LineString", "coordinates": [[2.476184882840529, 48.91025062398365], [2.47619410193882, 48.91024408517093], [2.476231089268718, 48.9102178512115], [2.476233322077773, 48.91021648712753], [2.47624361443024, 48.910211080342705], [2.476246129911064, 48.91020995005218], [2.476264171013933, 48.91020308161326], [2.476267835028155, 48.9102017956119], [2.476277484156896, 48.91019873066443]]}}, {"type": "Feature", "properties": {"highway": "footway", "footway": "sidewalk"}, "geometry": {"type": "LineString", "coordinates": [[2.477427710728865, 48.910180108755206], [2.477542276035654, 48.910185178365076]]}}, {"type": "Feature", "properties": {"highway": "footway", "footway": "sidewalk"}, "geometry": {"type": "LineString", "coordinates": [[2.47837533276548, 48.91022206008602], [2.478547863326627, 48.91022971139028], [2.478559161311568, 48.910230212418924], [2.47860583628299, 48.9102322746526]]}}, {"type": "Feature", "properties": {"highway": "footway", "footway": "sidewalk"}, "geometry": {"type": "LineString", "coordinates": [[2.477077565100841, 48.910164607313824], [2.477165660644257, 48.910168512389816], [2.477198190249494, 48.9101699519381]]}}, {"type": "Feature", "properties": {"highway": "footway", "footway": "sidewalk"}, "geometry": {"type": "LineString", "coordinates": [[2.479198170002336, 48.91025842047343], [2.479312609646566, 48.91026346069129]]}}, {"type": "Feature", "properties": {"highway": "footway", "footway": "sidewalk"}, "geometry": {"type": "LineString", "coordinates": [[2.476963192077614, 48.91015953731534], [2.477077565100841, 48.910164607313824]]}}, {"type": "Feature", "properties": {"highway": "footway", "footway": "sidewalk"}, "geometry": {"type": "LineString", "coordinates": [[2.478852496026085, 48.91024317246872], [2.478965587565195, 48.910248168853144]]}}, {"type": "Feature", "properties": {"highway": "footway", "footway": "sidewalk"}, "geometry": {"type": "LineString", "coordinates": [[2.478965587565195, 48.910248168853144], [2.479023147724568, 48.91025071181812], [2.479083957046326, 48.91025339012528]]}}, {"type": "Feature", "properties": {"highway": "footway", "footway": "sidewalk"}, "geometry": {"type": "LineString", "coordinates": [[2.479659312390893, 48.9102789149176], [2.479676760777698, 48.910279712317944], [2.479842013816038, 48.91028700372097], [2.479899100774792, 48.91028952246722]]}}, {"type": "Feature", "properties": {"highway": "footway", "footway": "sidewalk"}, "geometry": {"type": "LineString", "coordinates": [[2.478743989088927, 48.91023837852683], [2.478852496026085, 48.91024317246872]]}}, {"type": "Feature", "properties": {"highway": "footway", "footway": "sidewalk"}, "geometry": {"type": "LineString", "coordinates": [[2.477198190249494, 48.9101699519381], [2.477321904016319, 48.910175426618395]]}}, {"type": "Feature", "properties": {"highway": "footway", "footway": "sidewalk"}, "geometry": {"type": "LineString", "coordinates": [[2.47801519756645, 48.91020610431975], [2.47801519756645, 48.91020610431975]]}}, {"type": "Feature", "properties": {"highway": "footway", "footway": "sidewalk"}, "geometry": {"type": "LineString", "coordinates": [[2.479899100774792, 48.91028952246722], [2.479967165534393, 48.91029252553016], [2.480085099300231, 48.91029772875121]]}}, {"type": "Feature", "properties": {"highway": "footway", "footway": "sidewalk"}, "geometry": {"type": "LineString", "coordinates": [[2.47860583628299, 48.9102322746526], [2.478743989088927, 48.91023837852683]]}}, {"type": "Feature", "properties": {"highway": "footway", "footway": "sidewalk"}, "geometry": {"type": "LineString", "coordinates": [[2.478149453924114, 48.91021204617354], [2.478189365974213, 48.91021381262649], [2.478265868050574, 48.91021720546124]]}}, {"type": "Feature", "properties": {"highway": "footway", "footway": "sidewalk"}, "geometry": {"type": "LineString", "coordinates": [[2.476726263334918, 48.91014903422658], [2.476859983535688, 48.91015496212468]]}}, {"type": "Feature", "properties": {"highway": "footway", "footway": "sidewalk"}, "geometry": {"type": "LineString", "coordinates": [[2.476859983535688, 48.91015496212468], [2.476963192077614, 48.91015953731534]]}}, {"type": "Feature", "properties": {"highway": "footway", "footway": "sidewalk"}, "geometry": {"type": "LineString", "coordinates": [[2.476466133910451, 48.910151750295775], [2.476493400468596, 48.91014761755592], [2.476498468341092, 48.91014699864845], [2.4765351424384, 48.91014378572506], [2.476540516362031, 48.910143477831554], [2.476577710472102, 48.91014266146289], [2.476583151420059, 48.9101427066293], [2.476671344525851, 48.91014659959694], [2.476726263334918, 48.91014903422658]]}}, {"type": "Feature", "properties": {"highway": "footway", "footway": "sidewalk"}, "geometry": {"type": "LineString", "coordinates": [[2.478265868050574, 48.91021720546124], [2.47837533276548, 48.91022206008602]]}}, {"type": "Feature", "properties": {"highway": "footway", "footway": "sidewalk"}, "geometry": {"type": "LineString", "coordinates": [[2.47801519756645, 48.91020610431975], [2.478033456380697, 48.91020691220127], [2.478149453924114, 48.91021204617354]]}}, {"type": "Feature", "properties": {"highway": "footway", "footway": "sidewalk"}, "geometry": {"type": "LineString", "coordinates": [[2.477676676674984, 48.910191125558484], [2.47779206991574, 48.91019623155336]]}}, {"type": "Feature", "properties": {"highway": "footway", "footway": "sidewalk"}, "geometry": {"type": "LineString", "coordinates": [[2.47779206991574, 48.91019623155336], [2.477890458783396, 48.91020058503569]]}}, {"type": "Feature", "properties": {"highway": "footway", "footway": "sidewalk"}, "geometry": {"type": "LineString", "coordinates": [[2.476277484156896, 48.91019873066443], [2.476368531736071, 48.910169912438754], [2.476370053355039, 48.910169479898485], [2.47637675215018, 48.91016778432611], [2.476378321893016, 48.91016743439318], [2.476433033721114, 48.910156845007535], [2.476436176724687, 48.91015629698321], [2.476466133910451, 48.910151750295775]]}}, {"type": "Feature", "properties": {"highway": "footway", "footway": "sidewalk"}, "geometry": {"type": "LineString", "coordinates": [[2.479442419508032, 48.91026917771458], [2.479547825560767, 48.91027381984864], [2.479627439390988, 48.91027745829808], [2.479659312390893, 48.9102789149176]]}}, {"type": "Feature", "properties": {"highway": "footway", "footway": "sidewalk"}, "geometry": {"type": "LineString", "coordinates": [[2.479312609646566, 48.91026346069129], [2.479442419508032, 48.91026917771458]]}}, {"type": "Feature", "properties": {"highway": "footway", "footway": "sidewalk"}, "geometry": {"type": "LineString", "coordinates": [[2.477890458783396, 48.91020058503569], [2.47801519756645, 48.91020610431975]]}}, {"type": "Feature", "properties": {"highway": "footway", "footway": "sidewalk"}, "geometry": {"type": "LineString", "coordinates": [[2.479083957046326, 48.91025339012528], [2.479198170002336, 48.91025842047343]]}}, {"type": "Feature", "properties": {"highway": "footway", "footway": "sidewalk"}, "geometry": {"type": "LineString", "coordinates": [[2.477321904016319, 48.910175426618395], [2.477427710728865, 48.910180108755206]]}}, {"type": "Feature", "properties": {"highway": "footway", "footway": "sidewalk"}, "geometry": {"type": "LineString", "coordinates": [[2.477542276035654, 48.910185178365076], [2.477676676674984, 48.910191125558484]]}}, {"type": "Feature", "properties": {"highway": "footway", "footway": "sidewalk"}, "geometry": {"type": "LineString", "coordinates": [[2.480085099300231, 48.91029772875121], [2.480109234712369, 48.91029879358717], [2.4801154102495, 48.910298758216754], [2.480119719175576, 48.91029851846919], [2.480132962844652, 48.9102962700872], [2.480144343283218, 48.910291271141524], [2.480152589705455, 48.91028407983493], [2.480156781283779, 48.91027549917802], [2.480156449971826, 48.910266487321415], [2.480133695161603, 48.91018936987031]]}}, {"type": "Feature", "properties": {"highway": "footway", "footway": "sidewalk"}, "geometry": {"type": "LineString", "coordinates": [[2.479724206648622, 48.90978056548013], [2.479670772918117, 48.909777970554195], [2.479487020979931, 48.90976901794337]]}}, {"type": "Feature", "properties": {"highway": "footway", "footway": "sidewalk"}, "geometry": {"type": "LineString", "coordinates": [[2.479902372057294, 48.90978921762505], [2.479724206648622, 48.90978056548013]]}}, {"type": "Feature", "properties": {"highway": "footway", "footway": "sidewalk"}, "geometry": {"type": "LineString", "coordinates": [[2.479180948763718, 48.90975410508747], [2.479032478780907, 48.909746870840536], [2.479024509860964, 48.909746483704275]]}}, {"type": "Feature", "properties": {"highway": "footway", "footway": "sidewalk"}, "geometry": {"type": "LineString", "coordinates": [[2.478869806563156, 48.90973896798869], [2.478732508325848, 48.90973229766104]]}}, {"type": "Feature", "properties": {"highway": "footway", "footway": "sidewalk"}, "geometry": {"type": "LineString", "coordinates": [[2.479487020979931, 48.90976901794337], [2.479180948763718, 48.90975410508747]]}}, {"type": "Feature", "properties": {"highway": "footway", "footway": "sidewalk"}, "geometry": {"type": "LineString", "coordinates": [[2.479024509860964, 48.909746483704275], [2.478869806563156, 48.90973896798869]]}}, {"type": "Feature", "properties": {"highway": "footway", "footway": "sidewalk"}, "geometry": {"type": "LineString", "coordinates": [[2.478732508325848, 48.90973229766104], [2.478651381586854, 48.90972835622229], [2.4784246092193, 48.90971733847113]]}}, {"type": "Feature", "properties": {"highway": "footway", "footway": "sidewalk"}, "geometry": {"type": "LineString", "coordinates": [[2.480053803741132, 48.909902576962004], [2.480051866220876, 48.90989463150821], [2.480050644054831, 48.90988768309153], [2.480041295403392, 48.909818493128256], [2.480038646980154, 48.909811040989055], [2.480032929946656, 48.90980437909441], [2.480024604522221, 48.909799043723396], [2.480014340899659, 48.909795464370454], [2.480002965295063, 48.90979392917144], [2.479984549409663, 48.90979320476264], [2.479902372057294, 48.90978921762505]]}}, {"type": "Feature", "properties": {"highway": "footway", "footway": "sidewalk"}, "geometry": {"type": "LineString", "coordinates": [[2.480126080887992, 48.91016356457457], [2.48011876840837, 48.910138782053764], [2.480076577068812, 48.9099957920713], [2.48007618419194, 48.90999434397174], [2.480073273944999, 48.90998242094244]]}}, {"type": "Feature", "properties": {"highway": "footway", "footway": "sidewalk"}, "geometry": {"type": "LineString", "coordinates": [[2.480073273944999, 48.90998242094244], [2.480053803741132, 48.909902576962004]]}}, {"type": "Feature", "properties": {"highway": "footway", "footway": "sidewalk"}, "geometry": {"type": "LineString", "coordinates": [[2.480133695161603, 48.91018936987031], [2.480126080887992, 48.91016356457457]]}}, {"type": "Feature", "properties": {"highway": "footway", "footway": "sidewalk"}, "geometry": {"type": "LineString", "coordinates": [[2.477239454595711, 48.909659727186806], [2.477092107644109, 48.9096525592207]]}}, {"type": "Feature", "properties": {"highway": "footway", "footway": "sidewalk"}, "geometry": {"type": "LineString", "coordinates": [[2.478222562927498, 48.90970752221767], [2.478042404824191, 48.90969876924061]]}}, {"type": "Feature", "properties": {"highway": "footway", "footway": "sidewalk"}, "geometry": {"type": "LineString", "coordinates": [[2.476796495467362, 48.90963733736804], [2.476650827802086, 48.909629833241745]]}}, {"type": "Feature", "properties": {"highway": "footway", "footway": "sidewalk"}, "geometry": {"type": "LineString", "coordinates": [[2.476650827802086, 48.909629833241745], [2.476504447937406, 48.909622292238616]]}}, {"type": "Feature", "properties": {"highway": "footway", "footway": "sidewalk"}, "geometry": {"type": "LineString", "coordinates": [[2.4784246092193, 48.90971733847113], [2.478375889049352, 48.909714971339476], [2.47836185390906, 48.90971428947161], [2.478222562927498, 48.90970752221767]]}}, {"type": "Feature", "properties": {"highway": "footway", "footway": "sidewalk"}, "geometry": {"type": "LineString", "coordinates": [[2.477092107644109, 48.9096525592207], [2.476995366494111, 48.90964758198544]]}}, {"type": "Feature", "properties": {"highway": "footway", "footway": "sidewalk"}, "geometry": {"type": "LineString", "coordinates": [[2.476995366494111, 48.90964758198544], [2.476796495467362, 48.90963733736804]]}}, {"type": "Feature", "properties": {"highway": "footway", "footway": "sidewalk"}, "geometry": {"type": "LineString", "coordinates": [[2.477373867948137, 48.90966626580797], [2.477239454595711, 48.909659727186806]]}}, {"type": "Feature", "properties": {"highway": "footway", "footway": "sidewalk"}, "geometry": {"type": "LineString", "coordinates": [[2.477698661794084, 48.90968206495298], [2.477373867948137, 48.90966626580797]]}}, {"type": "Feature", "properties": {"highway": "footway", "footway": "sidewalk"}, "geometry": {"type": "LineString", "coordinates": [[2.478042404824191, 48.90969876924061], [2.477750182775822, 48.909684571034546], [2.477698661794084, 48.90968206495298]]}}, {"type": "Feature", "properties": {"highway": "footway", "footway": "sidewalk"}, "geometry": {"type": "LineString", "coordinates": [[2.476504447937406, 48.909622292238616], [2.476436596363564, 48.90961879668771], [2.476398308321857, 48.90961682416149], [2.476337747394158, 48.90961370415276]]}}, {"type": "Feature", "properties": {"highway": "footway", "footway": "sidewalk"}, "geometry": {"type": "LineString", "coordinates": [[2.476337747394158, 48.90961370415276], [2.476337747394158, 48.90961370415276]]}}, {"type": "Feature", "properties": {"highway": "footway", "footway": "sidewalk"}, "geometry": {"type": "LineString", "coordinates": [[2.476337747394158, 48.90961370415276], [2.476337747394158, 48.90961370415276]]}}, {"type": "Feature", "properties": {"highway": "footway", "footway": "sidewalk"}, "geometry": {"type": "LineString", "coordinates": [[2.476337747394158, 48.90961370415276], [2.476330196917178, 48.909613315161195]]}}, {"type": "Feature", "properties": {"highway": "footway", "footway": "sidewalk"}, "geometry": {"type": "LineString", "coordinates": [[2.476330196917178, 48.909613315161195], [2.47632278743712, 48.90961293343312], [2.476208160910791, 48.909609309329305], [2.476149132511029, 48.909607449362454], [2.476127549806785, 48.909606769290455], [2.476114991754725, 48.909607659778466], [2.476103443702451, 48.90961103197252], [2.476094005577367, 48.909616564678366], [2.476087576341605, 48.90962373091757], [2.47608476836778, 48.90963184812085], [2.47608319187382, 48.90964682803155], [2.476077916768407, 48.909696952235365]]}}, {"type": "Feature", "properties": {"highway": "footway", "footway": "sidewalk"}, "geometry": {"type": "LineString", "coordinates": [[2.476077916768407, 48.909696952235365], [2.476074021420891, 48.90973396587503], [2.476060683565636, 48.909860701921616]]}}, {"type": "Feature", "properties": {"highway": "footway", "footway": "sidewalk"}, "geometry": {"type": "LineString", "coordinates": [[2.476060683565636, 48.909860701921616], [2.476059358341163, 48.909873294144056]]}}, {"type": "Feature", "properties": {"highway": "footway", "footway": "sidewalk"}, "geometry": {"type": "LineString", "coordinates": [[2.476059358341163, 48.909873294144056], [2.476058499752511, 48.90988145241084], [2.476050116784197, 48.90996110681936]]}}, {"type": "Feature", "properties": {"highway": "footway", "footway": "sidewalk"}, "geometry": {"type": "LineString", "coordinates": [[2.476050116784197, 48.90996110681936], [2.476047093267341, 48.90998983601328], [2.476039634003926, 48.91006071314295], [2.476040321515895, 48.91006784042704], [2.476043822281432, 48.91007459903308], [2.476050261680033, 48.91008312810897]]}}, {"type": "Feature", "properties": {"highway": "footway", "footway": "sidewalk"}, "geometry": {"type": "LineString", "coordinates": [[2.476050261680033, 48.91008312810897], [2.476059925527788, 48.91009592800791], [2.476087517522318, 48.91013247394261], [2.476088362084595, 48.910134244122105], [2.476086068980704, 48.91013532058863], [2.476056951832486, 48.910144872020815]]}}, {"type": "Feature", "properties": {"highway": "footway", "footway": "sidewalk"}, "geometry": {"type": "LineString", "coordinates": [[2.476056951832486, 48.910144872020815], [2.476002908155413, 48.91016260018786]]}}, {"type": "Feature", "properties": {"highway": "footway", "footway": "sidewalk"}, "geometry": {"type": "LineString", "coordinates": [[2.476002908155413, 48.91016260018786], [2.475989253546203, 48.91016378441336], [2.475935152854759, 48.91009212714122]]}}, {"type": "Feature", "properties": {"highway": "footway", "footway": "sidewalk"}, "geometry": {"type": "LineString", "coordinates": [[2.475935152854759, 48.91009212714122], [2.475930758845165, 48.91008401092289], [2.475929707156074, 48.910080524108366], [2.4759290493495, 48.91007370461862], [2.475929401356811, 48.910068646846646]]}}, {"type": "Feature", "properties": {"highway": "footway", "footway": "sidewalk"}, "geometry": {"type": "LineString", "coordinates": [[2.475929401356811, 48.910068646846646], [2.475935975504373, 48.910006181326395]]}}, {"type": "Feature", "properties": {"highway": "footway", "footway": "sidewalk"}, "geometry": {"type": "LineString", "coordinates": [[2.475945037480825, 48.909920076967175], [2.475952345947683, 48.909850633747396], [2.475956320779344, 48.90981286581212]]}}, {"type": "Feature", "properties": {"highway": "footway", "footway": "sidewalk"}, "geometry": {"type": "LineString", "coordinates": [[2.475935975504373, 48.910006181326395], [2.475938608772347, 48.90998116078319]]}}, {"type": "Feature", "properties": {"highway": "footway", "footway": "sidewalk"}, "geometry": {"type": "LineString", "coordinates": [[2.475938608772347, 48.90998116078319], [2.475945037480825, 48.909920076967175]]}}, {"type": "Feature", "properties": {"highway": "footway", "footway": "sidewalk"}, "geometry": {"type": "LineString", "coordinates": [[2.475956320779344, 48.90981286581212], [2.475966677633747, 48.90971445709691], [2.47596801494384, 48.90970175022117]]}}, {"type": "Feature", "properties": {"highway": "footway", "footway": "sidewalk"}, "geometry": {"type": "LineString", "coordinates": [[2.47596801494384, 48.90970175022117], [2.475973177201822, 48.909652699329804], [2.475974319055936, 48.90964184961448], [2.475975116293941, 48.90963427438356], [2.475973949323353, 48.90962575193059], [2.475968791750486, 48.90961789915362], [2.475960162529355, 48.909611506195006], [2.475948929928502, 48.90960721631069], [2.475929737180927, 48.90960525872924]]}}, {"type": "Feature", "properties": {"highway": "footway", "footway": "sidewalk"}, "geometry": {"type": "LineString", "coordinates": [[2.475929737180927, 48.90960525872924], [2.475893048796445, 48.909604113913936]]}}, {"type": "Feature", "properties": {"highway": "footway", "footway": "sidewalk"}, "geometry": {"type": "LineString", "coordinates": [[2.475893048796445, 48.909604113913936], [2.475835200893144, 48.90960230881839], [2.47583216400564, 48.909601893888684], [2.475828013568516, 48.90960033275495], [2.475819783305144, 48.90959875461141]]}}, {"type": "Feature", "properties": {"highway": "footway", "footway": "sidewalk"}, "geometry": {"type": "LineString", "coordinates": [[2.475762901213705, 48.909595347404185], [2.475749166296562, 48.90959491587328], [2.475631819197407, 48.909591228932904], [2.475629062810255, 48.909590851710576], [2.475628755305838, 48.90958900716107], [2.475630841462702, 48.90956015813967], [2.475629463333967, 48.90955181821627], [2.475625488364559, 48.909545962707405], [2.475624265043898, 48.90954416063916], [2.47561574932553, 48.90953792597973], [2.475604739742602, 48.909533717197434], [2.475592301041817, 48.90953194132723], [2.47557002284223, 48.90953110083514]]}}, {"type": "Feature", "properties": {"highway": "footway", "footway": "sidewalk"}, "geometry": {"type": "LineString", "coordinates": [[2.475819783305144, 48.90959875461141], [2.475809678747818, 48.909596817073215], [2.475762901213705, 48.909595347404185]]}}, {"type": "Feature", "properties": {"highway": "footway", "footway": "sidewalk"}, "geometry": {"type": "LineString", "coordinates": [[2.47557002284223, 48.90953110083514], [2.475469629105647, 48.90952731321584]]}}, {"type": "Feature", "properties": {"highway": "footway", "footway": "sidewalk"}, "geometry": {"type": "LineString", "coordinates": [[2.47532695062916, 48.90967030224566], [2.475413452176262, 48.90978251215053], [2.47542196552081, 48.909789983395925], [2.475438478064264, 48.909795809776774]]}}, {"type": "Feature", "properties": {"highway": "footway", "footway": "sidewalk"}, "geometry": {"type": "LineString", "coordinates": [[2.475469629105647, 48.90952731321584], [2.475364016650061, 48.90952332861161], [2.475280219785575, 48.90952016700862], [2.475268051557145, 48.909520912585926], [2.475256759803267, 48.909523993176855], [2.47524735138085, 48.90952913409297], [2.475240665215617, 48.90953587693193], [2.475237297497264, 48.90954362045173], [2.475237548518437, 48.90955167418194], [2.47524139589788, 48.9095593199911], [2.475279418803404, 48.90960864366499], [2.47532695062916, 48.90967030224566]]}}, {"type": "Feature", "properties": {"highway": "footway", "footway": "sidewalk"}, "geometry": {"type": "LineString", "coordinates": [[2.475438478064264, 48.909795809776774], [2.475447636084236, 48.90979722530302], [2.475556552655577, 48.90980126888774], [2.4755593040116, 48.90980166178007], [2.475559272778123, 48.90980718959203]]}}, {"type": "Feature", "properties": {"highway": "footway", "footway": "sidewalk"}, "geometry": {"type": "LineString", "coordinates": [[2.475559272778123, 48.90980718959203], [2.47555381264615, 48.909871091989224], [2.475553216594911, 48.909872905572286], [2.475550415706185, 48.909873092337335], [2.475430030202103, 48.9098686229565]]}}, {"type": "Feature", "properties": {"highway": "footway", "footway": "sidewalk"}, "geometry": {"type": "LineString", "coordinates": [[2.475216420593563, 48.90968571988332], [2.475153336883854, 48.90960388656561], [2.475068850612213, 48.9094942889868], [2.475013368849274, 48.90942228863811], [2.474971424186577, 48.90936785423351], [2.474930148441225, 48.909314287797], [2.474895038908662, 48.90926873071987]]}}, {"type": "Feature", "properties": {"highway": "footway", "footway": "sidewalk"}, "geometry": {"type": "LineString", "coordinates": [[2.475430030202103, 48.9098686229565], [2.475388410644583, 48.909867077777164], [2.475384896409809, 48.909866743546885], [2.475371706302168, 48.90986470478859], [2.475365239796516, 48.90986288052478], [2.475355393875012, 48.90985864272288], [2.475350259414014, 48.909855473792504], [2.475342123063485, 48.90984833338959], [2.475340245560314, 48.90984634696629], [2.475332445467737, 48.90983622863649]]}}, {"type": "Feature", "properties": {"highway": "footway", "footway": "sidewalk"}, "geometry": {"type": "LineString", "coordinates": [[2.475332445467737, 48.90983622863649], [2.475216420593563, 48.90968571988332]]}}, {"type": "Feature", "properties": {"highway": "footway", "footway": "sidewalk"}, "geometry": {"type": "LineString", "coordinates": [[2.474850223841195, 48.90872279879966], [2.47485907362952, 48.908640999969414], [2.474865217369068, 48.9085842130623]]}}, {"type": "Feature", "properties": {"highway": "footway", "footway": "sidewalk"}, "geometry": {"type": "LineString", "coordinates": [[2.474867006454195, 48.90856767643019], [2.474876759067557, 48.90847753218684], [2.474881949906042, 48.908429552687515]]}}, {"type": "Feature", "properties": {"highway": "footway", "footway": "sidewalk"}, "geometry": {"type": "LineString", "coordinates": [[2.474865217369068, 48.9085842130623], [2.474867006454195, 48.90856767643019]]}}, {"type": "Feature", "properties": {"highway": "footway", "footway": "sidewalk"}, "geometry": {"type": "LineString", "coordinates": [[2.474840822395447, 48.90880969631962], [2.474846436262016, 48.90875780741315], [2.474850223841195, 48.90872279879966]]}}, {"type": "Feature", "properties": {"highway": "footway", "footway": "sidewalk"}, "geometry": {"type": "LineString", "coordinates": [[2.474895038908662, 48.90926873071987], [2.47483129506925, 48.909186018384474], [2.474745232382954, 48.90907434520734], [2.474744217027427, 48.90907279381417], [2.474740906071657, 48.90906671227139], [2.47473979739709, 48.90906343007826], [2.474738881128738, 48.90905699706977], [2.474738801995848, 48.9090553082682], [2.474739471586583, 48.909041458663594], [2.474743362278292, 48.90896098466516], [2.474741846613709, 48.90895280307333], [2.474736653880125, 48.908945305049116], [2.474728268841493, 48.908939190563046], [2.474717474275403, 48.90893503042664], [2.474705277897552, 48.90893321300504], [2.474606906279893, 48.90892873459014], [2.474604162759151, 48.90892831870919], [2.474603915000321, 48.90892647025654], [2.4746112849945, 48.90885612974311], [2.474611915908163, 48.90885432129284], [2.474614720110647, 48.90885415797709], [2.47479419139778, 48.90886232842953], [2.474806927996049, 48.90886158853145], [2.474818696601696, 48.9088582939379], [2.474830268655985, 48.90885066309393], [2.474834941512832, 48.908845544980444], [2.474837832154142, 48.90883733504267], [2.474840822395447, 48.90880969631962]]}}, {"type": "Feature", "properties": {"highway": "footway", "footway": "sidewalk"}, "geometry": {"type": "LineString", "coordinates": [[2.474881949906042, 48.908429552687515], [2.474888928272376, 48.90836505072303]]}}, {"type": "Feature", "properties": {"highway": "footway", "footway": "sidewalk"}, "geometry": {"type": "LineString", "coordinates": [[2.474491344765016, 48.908195353014335], [2.474132973248386, 48.90817746863907]]}}, {"type": "Feature", "properties": {"highway": "footway", "footway": "sidewalk"}, "geometry": {"type": "LineString", "coordinates": [[2.474132973248386, 48.90817746863907], [2.473607303793883, 48.9081512332948], [2.473594906184785, 48.90815186329861], [2.473583367858643, 48.908154918460305], [2.473572464379493, 48.908161417679715]]}}, {"type": "Feature", "properties": {"highway": "footway", "footway": "sidewalk"}, "geometry": {"type": "LineString", "coordinates": [[2.474899138194445, 48.90827067875946], [2.474900181503798, 48.908261035261965], [2.474904, 48.90825563544538], [2.474909795515946, 48.908246233167], [2.47491002338807, 48.90823721352563], [2.474904, 48.908227167248356], [2.474897387710601, 48.90822149631195], [2.474885937113322, 48.908216556272585], [2.474872655959068, 48.9082143809474], [2.474774367208734, 48.90820947633071]]}}, {"type": "Feature", "properties": {"highway": "footway", "footway": "sidewalk"}, "geometry": {"type": "LineString", "coordinates": [[2.47459933451865, 48.90820074197535], [2.474491344765016, 48.908195353014335]]}}, {"type": "Feature", "properties": {"highway": "footway", "footway": "sidewalk"}, "geometry": {"type": "LineString", "coordinates": [[2.474774367208734, 48.90820947633071], [2.47459933451865, 48.90820074197535]]}}, {"type": "Feature", "properties": {"highway": "footway", "footway": "sidewalk"}, "geometry": {"type": "LineString", "coordinates": [[2.474888928272376, 48.90836505072303], [2.474899138194445, 48.90827067875946]]}}, {"type": "Feature", "properties": {"highway": "footway", "footway": "sidewalk"}, "geometry": {"type": "LineString", "coordinates": [[2.473572464379493, 48.908161417679715], [2.473566952188754, 48.9081669782189], [2.473563590315098, 48.908174869478295], [2.473563978758551, 48.90818306200178], [2.473568081660375, 48.908190799468], [2.473623338773326, 48.9082592900149], [2.473640838927314, 48.90828098120691]]}}, {"type": "Feature", "properties": {"highway": "footway", "footway": "sidewalk"}, "geometry": {"type": "LineString", "coordinates": [[2.47740649489157, 48.90898123831461], [2.477419276528352, 48.90898052799488], [2.477431096775637, 48.908977244478386], [2.477440794449371, 48.908971710327556], [2.477447416881313, 48.908964469200036], [2.477450313506168, 48.90895623244123], [2.477451486787986, 48.90894526884313], [2.477459366755415, 48.90887163526139], [2.477462364319158, 48.90884362476418]]}}, {"type": "Feature", "properties": {"highway": "footway", "footway": "sidewalk"}, "geometry": {"type": "LineString", "coordinates": [[2.477462364319158, 48.90884362476418], [2.477467707214823, 48.908793698420226]]}}, {"type": "Feature", "properties": {"highway": "footway", "footway": "sidewalk"}, "geometry": {"type": "LineString", "coordinates": [[2.477468286846529, 48.9087882820831], [2.477469472159343, 48.90877720598798], [2.477476506642979, 48.908711472513026]]}}, {"type": "Feature", "properties": {"highway": "footway", "footway": "sidewalk"}, "geometry": {"type": "LineString", "coordinates": [[2.477467707214823, 48.908793698420226], [2.477468286846529, 48.9087882820831]]}}, {"type": "Feature", "properties": {"highway": "footway", "footway": "sidewalk"}, "geometry": {"type": "LineString", "coordinates": [[2.477476506642979, 48.908711472513026], [2.47748603130332, 48.90862246939627], [2.477491973352348, 48.90856694380269]]}}, {"type": "Feature", "properties": {"highway": "footway", "footway": "sidewalk"}, "geometry": {"type": "LineString", "coordinates": [[2.477491973352348, 48.90856694380269], [2.477491973352348, 48.90856694380269]]}}, {"type": "Feature", "properties": {"highway": "footway", "footway": "sidewalk"}, "geometry": {"type": "LineString", "coordinates": [[2.477491973352348, 48.90856694380269], [2.477492661011951, 48.908560517946064]]}}, {"type": "Feature", "properties": {"highway": "footway", "footway": "sidewalk"}, "geometry": {"type": "LineString", "coordinates": [[2.477492661011951, 48.908560517946064], [2.477492661011951, 48.908560517946064]]}}, {"type": "Feature", "properties": {"highway": "footway", "footway": "sidewalk"}, "geometry": {"type": "LineString", "coordinates": [[2.477492661011951, 48.908560517946064], [2.477495219695782, 48.90853660823054]]}}, {"type": "Feature", "properties": {"highway": "footway", "footway": "sidewalk"}, "geometry": {"type": "LineString", "coordinates": [[2.477318865506597, 48.90835337209821], [2.477042167795592, 48.90833522532424]]}}, {"type": "Feature", "properties": {"highway": "footway", "footway": "sidewalk"}, "geometry": {"type": "LineString", "coordinates": [[2.477042167795592, 48.90833522532424], [2.476810939527768, 48.90832006007122]]}}, {"type": "Feature", "properties": {"highway": "footway", "footway": "sidewalk"}, "geometry": {"type": "LineString", "coordinates": [[2.477510501123461, 48.90839380988711], [2.477509612673394, 48.90838402338772], [2.477504807605832, 48.90837636565753], [2.477496702943298, 48.90837003069273], [2.477486063492894, 48.90836561629976], [2.477473893259098, 48.908363539047876], [2.477318865506597, 48.90835337209821]]}}, {"type": "Feature", "properties": {"highway": "footway", "footway": "sidewalk"}, "geometry": {"type": "LineString", "coordinates": [[2.476810939527768, 48.90832006007122], [2.47649904833982, 48.90829960374026]]}}, {"type": "Feature", "properties": {"highway": "footway", "footway": "sidewalk"}, "geometry": {"type": "LineString", "coordinates": [[2.477495219695782, 48.90853660823054], [2.477501647383357, 48.90847654436535], [2.477510501123461, 48.90839380988711]]}}, {"type": "Feature", "properties": {"highway": "footway", "footway": "sidewalk"}, "geometry": {"type": "LineString", "coordinates": [[2.47649904833982, 48.90829960374026], [2.476487872639304, 48.90829887073203], [2.476373727533851, 48.90829138395227], [2.476355188876662, 48.90829332686814]]}}, {"type": "Feature", "properties": {"highway": "footway", "footway": "sidewalk"}, "geometry": {"type": "LineString", "coordinates": [[2.476355188876662, 48.90829332686814], [2.476340045341376, 48.90829962010456], [2.476332973364297, 48.90830629400993], [2.476329243744372, 48.9083140547007], [2.476326299815321, 48.90832039033152]]}}, {"type": "Feature", "properties": {"highway": "footway", "footway": "sidewalk"}, "geometry": {"type": "LineString", "coordinates": [[2.476326299815321, 48.90832039033152], [2.476325006059947, 48.90832283298613], [2.476323057582379, 48.90832651177829], [2.476321535166875, 48.90832872210811], [2.476317649663389, 48.908333232073815]]}}, {"type": "Feature", "properties": {"highway": "footway", "footway": "sidewalk"}, "geometry": {"type": "LineString", "coordinates": [[2.476317649663389, 48.908333232073815], [2.476313935630494, 48.90834013135918]]}}, {"type": "Feature", "properties": {"highway": "footway", "footway": "sidewalk"}, "geometry": {"type": "LineString", "coordinates": [[2.476313935630494, 48.90834013135918], [2.476311188270919, 48.908346164907975], [2.476310244936882, 48.90835547229051], [2.476299929903803, 48.90845724508862]]}}, {"type": "Feature", "properties": {"highway": "footway", "footway": "sidewalk"}, "geometry": {"type": "LineString", "coordinates": [[2.476298261776909, 48.9084737035466], [2.476298261776909, 48.9084737035466]]}}, {"type": "Feature", "properties": {"highway": "footway", "footway": "sidewalk"}, "geometry": {"type": "LineString", "coordinates": [[2.476299929903803, 48.90845724508862], [2.476298261776909, 48.9084737035466]]}}, {"type": "Feature", "properties": {"highway": "footway", "footway": "sidewalk"}, "geometry": {"type": "LineString", "coordinates": [[2.476298261776909, 48.9084737035466], [2.476294178233536, 48.908513993497344]]}}, {"type": "Feature", "properties": {"highway": "footway", "footway": "sidewalk"}, "geometry": {"type": "LineString", "coordinates": [[2.476294178233536, 48.908513993497344], [2.476288694875679, 48.908568094501994], [2.476279996790828, 48.90865391304941]]}}, {"type": "Feature", "properties": {"highway": "footway", "footway": "sidewalk"}, "geometry": {"type": "LineString", "coordinates": [[2.476279996790828, 48.90865391304941], [2.476270834032719, 48.90874431591641]]}}, {"type": "Feature", "properties": {"highway": "footway", "footway": "sidewalk"}, "geometry": {"type": "LineString", "coordinates": [[2.476270834032719, 48.90874431591641], [2.476269861931665, 48.90875390697456]]}}, {"type": "Feature", "properties": {"highway": "footway", "footway": "sidewalk"}, "geometry": {"type": "LineString", "coordinates": [[2.476264905212306, 48.90880281148661], [2.476262231746404, 48.90882918868052]]}}, {"type": "Feature", "properties": {"highway": "footway", "footway": "sidewalk"}, "geometry": {"type": "LineString", "coordinates": [[2.476269861931665, 48.90875390697456], [2.476264905212306, 48.90880281148661]]}}, {"type": "Feature", "properties": {"highway": "footway", "footway": "sidewalk"}, "geometry": {"type": "LineString", "coordinates": [[2.476262231746404, 48.90882918868052], [2.476258918367703, 48.90886187940186], [2.476256202876221, 48.908888671168576], [2.476255237521516, 48.90889819560989], [2.476256381771385, 48.90890657182843], [2.476261383546927, 48.90891430872351], [2.47626975671453, 48.908920654326685], [2.476278404705143, 48.9089240860424]]}}, {"type": "Feature", "properties": {"highway": "footway", "footway": "sidewalk"}, "geometry": {"type": "LineString", "coordinates": [[2.476278404705143, 48.9089240860424], [2.476298349702475, 48.908927149965514]]}}, {"type": "Feature", "properties": {"highway": "footway", "footway": "sidewalk"}, "geometry": {"type": "LineString", "coordinates": [[2.476298349702475, 48.908927149965514], [2.476307763597697, 48.90892759964206]]}}, {"type": "Feature", "properties": {"highway": "footway", "footway": "sidewalk"}, "geometry": {"type": "LineString", "coordinates": [[2.476307763597697, 48.90892759964206], [2.476316437757624, 48.908928013982745], [2.476387841192157, 48.90893142470283], [2.476389780586842, 48.90893172324511], [2.476396091587783, 48.908932357684236], [2.476420515471618, 48.90893353935244]]}}, {"type": "Feature", "properties": {"highway": "footway", "footway": "sidewalk"}, "geometry": {"type": "LineString", "coordinates": [[2.476420515471618, 48.90893353935244], [2.476507071108698, 48.90893772701635], [2.476520599541668, 48.90893838153199], [2.476557036910789, 48.90894014439097]]}}, {"type": "Feature", "properties": {"highway": "footway", "footway": "sidewalk"}, "geometry": {"type": "LineString", "coordinates": [[2.476870993776982, 48.90895533330629], [2.477072822909715, 48.90896509713919]]}}, {"type": "Feature", "properties": {"highway": "footway", "footway": "sidewalk"}, "geometry": {"type": "LineString", "coordinates": [[2.476557036910789, 48.90894014439097], [2.476870993776982, 48.90895533330629]]}}, {"type": "Feature", "properties": {"highway": "footway", "footway": "sidewalk"}, "geometry": {"type": "LineString", "coordinates": [[2.477072822909715, 48.90896509713919], [2.477285695141377, 48.908975394814206]]}}, {"type": "Feature", "properties": {"highway": "footway", "footway": "sidewalk"}, "geometry": {"type": "LineString", "coordinates": [[2.477285695141377, 48.908975394814206], [2.47740649489157, 48.90898123831461]]}}, {"type": "Feature", "properties": {"highway": "footway", "footway": "sidewalk"}, "geometry": {"type": "LineString", "coordinates": [[2.477337724194626, 48.909283711002004], [2.477338899206714, 48.90929193359153], [2.477340880585918, 48.90929500848634], [2.477344043937139, 48.90929991767815], [2.47735256312819, 48.90930626098517], [2.477360321859801, 48.90930926321726], [2.477363646861594, 48.90931054982254], [2.477376202008054, 48.90931236120499], [2.477395572616925, 48.909313100046866], [2.47754231239182, 48.90931869695038], [2.477558208676018, 48.909316945728456]]}}, {"type": "Feature", "properties": {"highway": "footway", "footway": "sidewalk"}, "geometry": {"type": "LineString", "coordinates": [[2.477558208676018, 48.909316945728456], [2.477566590455096, 48.909314548703534], [2.477576127258033, 48.90930902656059], [2.477581328441555, 48.909303288791776]]}}, {"type": "Feature", "properties": {"highway": "footway", "footway": "sidewalk"}, "geometry": {"type": "LineString", "coordinates": [[2.477581328441555, 48.909303288791776], [2.477585497181349, 48.9092936914468], [2.477585910549763, 48.909289884568324], [2.477587908009956, 48.90927148913365]]}}, {"type": "Feature", "properties": {"highway": "footway", "footway": "sidewalk"}, "geometry": {"type": "LineString", "coordinates": [[2.477587908009956, 48.90927148913365], [2.477590284662148, 48.90924960154578]]}}, {"type": "Feature", "properties": {"highway": "footway", "footway": "sidewalk"}, "geometry": {"type": "LineString", "coordinates": [[2.477590284662148, 48.90924960154578], [2.47759255515202, 48.909228691633324], [2.477600738293215, 48.9091533294398], [2.477599921394986, 48.90914687878048]]}}, {"type": "Feature", "properties": {"highway": "footway", "footway": "sidewalk"}, "geometry": {"type": "LineString", "coordinates": [[2.477599921394986, 48.90914687878048]]}}, {"type": "Feature", "properties": {"highway": "footway", "footway": "sidewalk"}, "geometry": {"type": "LineString", "coordinates": [[2.477599921394986, 48.90914687878048], [2.477594860857268, 48.909137361017436], [2.477588192674121, 48.90913216606359], [2.477576018939847, 48.90912660259411], [2.477563795277107, 48.90912454839246], [2.477488560582024, 48.90911982833743], [2.47748552772094, 48.9091197127221], [2.477423356521179, 48.90911886660428]]}}, {"type": "Feature", "properties": {"highway": "footway", "footway": "sidewalk"}, "geometry": {"type": "LineString", "coordinates": [[2.477423356521179, 48.90911886660428], [2.477392971135782, 48.90911845306273], [2.477374595865989, 48.90912139407193]]}}, {"type": "Feature", "properties": {"highway": "footway", "footway": "sidewalk"}, "geometry": {"type": "LineString", "coordinates": [[2.477374595865989, 48.90912139407193], [2.477358978157955, 48.90912993719521]]}}, {"type": "Feature", "properties": {"highway": "footway", "footway": "sidewalk"}, "geometry": {"type": "LineString", "coordinates": [[2.477358978157955, 48.90912993719521], [2.477353960370637, 48.90913568645488], [2.477351284458692, 48.90914370502956], [2.477348073140872, 48.90917686106816]]}}, {"type": "Feature", "properties": {"highway": "footway", "footway": "sidewalk"}, "geometry": {"type": "LineString", "coordinates": [[2.477348073140872, 48.90917686106816], [2.477344758856511, 48.90921108016379]]}}, {"type": "Feature", "properties": {"highway": "footway", "footway": "sidewalk"}, "geometry": {"type": "LineString", "coordinates": [[2.477344758856511, 48.90921108016379], [2.477342372860224, 48.90923571490532]]}}, {"type": "Feature", "properties": {"highway": "footway", "footway": "sidewalk"}, "geometry": {"type": "LineString", "coordinates": [[2.477342372860224, 48.90923571490532], [2.477339909438567, 48.90926114901648]]}}, {"type": "Feature", "properties": {"highway": "footway", "footway": "sidewalk"}, "geometry": {"type": "LineString", "coordinates": [[2.477339909438567, 48.90926114901648], [2.477337724194626, 48.909283711002004]]}}, {"type": "Feature", "properties": {"highway": "footway", "footway": "sidewalk"}, "geometry": {"type": "LineString", "coordinates": [[2.47715597874406, 48.90955331190332], [2.477155671008464, 48.90956237551802], [2.477159164308951, 48.909569435151916]]}}, {"type": "Feature", "properties": {"highway": "footway", "footway": "sidewalk"}, "geometry": {"type": "LineString", "coordinates": [[2.477159164308951, 48.909569435151916], [2.477168291804315, 48.90957819544248], [2.477179794939058, 48.909583165040516], [2.477193146155008, 48.909585342033445], [2.477225919596049, 48.909586936318824], [2.477347787311748, 48.90959286457062]]}}, {"type": "Feature", "properties": {"highway": "footway", "footway": "sidewalk"}, "geometry": {"type": "LineString", "coordinates": [[2.477432530793414, 48.90959698683832], [2.477524598983554, 48.90960146533827], [2.477637367811394, 48.90960695068418]]}}, {"type": "Feature", "properties": {"highway": "footway", "footway": "sidewalk"}, "geometry": {"type": "LineString", "coordinates": [[2.477347787311748, 48.90959286457062], [2.477432530793414, 48.90959698683832]]}}, {"type": "Feature", "properties": {"highway": "footway", "footway": "sidewalk"}, "geometry": {"type": "LineString", "coordinates": [[2.477637367811394, 48.90960695068418], [2.477666020036949, 48.90960834437931], [2.477678020485349, 48.90960775882447], [2.477689243834631, 48.90960489800552], [2.477698719786089, 48.909600009250546], [2.477705629110433, 48.909593515209906], [2.477709374473136, 48.909585977316446], [2.47770963207589, 48.90957804724753], [2.477709229610599, 48.90957710226342], [2.477708362006006, 48.909571781920015], [2.477708919171012, 48.90956444266213], [2.477711651118782, 48.90952845603976]]}}, {"type": "Feature", "properties": {"highway": "footway", "footway": "sidewalk"}, "geometry": {"type": "LineString", "coordinates": [[2.477711651118782, 48.90952845603976], [2.47771208900601, 48.90952268795893]]}}, {"type": "Feature", "properties": {"highway": "footway", "footway": "sidewalk"}, "geometry": {"type": "LineString", "coordinates": [[2.47771208900601, 48.90952268795893], [2.477712800160767, 48.9095133202517]]}}, {"type": "Feature", "properties": {"highway": "footway", "footway": "sidewalk"}, "geometry": {"type": "LineString", "coordinates": [[2.477712800160767, 48.9095133202517], [2.477717018724553, 48.90945775102205]]}}, {"type": "Feature", "properties": {"highway": "footway", "footway": "sidewalk"}, "geometry": {"type": "LineString", "coordinates": [[2.477717018724553, 48.90945775102205], [2.477718293032526, 48.909440965116055], [2.477716966572324, 48.90943441443981], [2.477716325663604, 48.90943124933439], [2.477709221658741, 48.90942263827244], [2.477695749818802, 48.90941544129391]]}}, {"type": "Feature", "properties": {"highway": "footway", "footway": "sidewalk"}, "geometry": {"type": "LineString", "coordinates": [[2.477695749818802, 48.90941544129391], [2.47765053060902, 48.90939819029987], [2.477631181369233, 48.90939414407527], [2.477545224422761, 48.909390865626015]]}}, {"type": "Feature", "properties": {"highway": "footway", "footway": "sidewalk"}, "geometry": {"type": "LineString", "coordinates": [[2.477545224422761, 48.909390865626015], [2.477517731130022, 48.9093898170018]]}}, {"type": "Feature", "properties": {"highway": "footway", "footway": "sidewalk"}, "geometry": {"type": "LineString", "coordinates": [[2.477490320851812, 48.90938877153727], [2.477428710738355, 48.90938642162156]]}}, {"type": "Feature", "properties": {"highway": "footway", "footway": "sidewalk"}, "geometry": {"type": "LineString", "coordinates": [[2.477517731130022, 48.9093898170018], [2.477509858946054, 48.909389516746884], [2.477490320851812, 48.90938877153727]]}}, {"type": "Feature", "properties": {"highway": "footway", "footway": "sidewalk"}, "geometry": {"type": "LineString", "coordinates": [[2.477428710738355, 48.90938642162156], [2.477373051358235, 48.90938429864854], [2.477353799319607, 48.90938356432654], [2.477265279086676, 48.90938018789667], [2.477248327861902, 48.909381914608275], [2.477233378818082, 48.9093856737233], [2.477231990867036, 48.9093860099299], [2.477223129388789, 48.90938806004476]]}}, {"type": "Feature", "properties": {"highway": "footway", "footway": "sidewalk"}, "geometry": {"type": "LineString", "coordinates": [[2.477223129388789, 48.90938806004476], [2.477196907791505, 48.90939412255872], [2.477189990800918, 48.90939652134643], [2.47718629954227, 48.90939780146152], [2.477177763395435, 48.909403348580064], [2.477170842544627, 48.90941406509165]]}}, {"type": "Feature", "properties": {"highway": "footway", "footway": "sidewalk"}, "geometry": {"type": "LineString", "coordinates": [[2.477166057098749, 48.90945845049451], [2.477165603070528, 48.90946363696096]]}}, {"type": "Feature", "properties": {"highway": "footway", "footway": "sidewalk"}, "geometry": {"type": "LineString", "coordinates": [[2.477170842544627, 48.90941406509165], [2.477166057098749, 48.90945845049451]]}}, {"type": "Feature", "properties": {"highway": "footway", "footway": "sidewalk"}, "geometry": {"type": "LineString", "coordinates": [[2.477165603070528, 48.90946363696096], [2.477162716077584, 48.909496615705145]]}}, {"type": "Feature", "properties": {"highway": "footway", "footway": "sidewalk"}, "geometry": {"type": "LineString", "coordinates": [[2.477162716077584, 48.909496615705145], [2.477161035337045, 48.90951581514738]]}}, {"type": "Feature", "properties": {"highway": "footway", "footway": "sidewalk"}, "geometry": {"type": "LineString", "coordinates": [[2.477161035337045, 48.90951581514738], [2.477159028178946, 48.90953874330461]]}}, {"type": "Feature", "properties": {"highway": "footway", "footway": "sidewalk"}, "geometry": {"type": "LineString", "coordinates": [[2.477159028178946, 48.90953874330461], [2.477158362057901, 48.909546352530164], [2.47715597874406, 48.90955331190332]]}}, {"type": "Feature", "properties": {"highway": "footway", "footway": "sidewalk"}, "geometry": {"type": "LineString", "coordinates": [[2.478078051438868, 48.90962836872608], [2.478293304886181, 48.90963882672433], [2.47830521575589, 48.90963825369628], [2.478316368525989, 48.9096354385069], [2.478325813485993, 48.909630620882815], [2.478332746354026, 48.909624211067204], [2.478336576765223, 48.90961675488562], [2.478336921093957, 48.90961001224857], [2.478333917478144, 48.90960127817299], [2.4783333613236, 48.90959882359976], [2.478334740601878, 48.90958498440687]]}}, {"type": "Feature", "properties": {"highway": "footway", "footway": "sidewalk"}, "geometry": {"type": "LineString", "coordinates": [[2.478334740601878, 48.90958498440687], [2.478337356995039, 48.90955873241743]]}}, {"type": "Feature", "properties": {"highway": "footway", "footway": "sidewalk"}, "geometry": {"type": "LineString", "coordinates": [[2.478337356995039, 48.90955873241743], [2.478337823206443, 48.90955405460958]]}}, {"type": "Feature", "properties": {"highway": "footway", "footway": "sidewalk"}, "geometry": {"type": "LineString", "coordinates": [[2.478337823206443, 48.90955405460958], [2.478341005117288, 48.90952212836683]]}}, {"type": "Feature", "properties": {"highway": "footway", "footway": "sidewalk"}, "geometry": {"type": "LineString", "coordinates": [[2.478341005117288, 48.90952212836683], [2.478342362068644, 48.90950851315253]]}}, {"type": "Feature", "properties": {"highway": "footway", "footway": "sidewalk"}, "geometry": {"type": "LineString", "coordinates": [[2.478342362068644, 48.90950851315253], [2.47834421026561, 48.90948996892551]]}}, {"type": "Feature", "properties": {"highway": "footway", "footway": "sidewalk"}, "geometry": {"type": "LineString", "coordinates": [[2.47834421026561, 48.90948996892551], [2.47834477488415, 48.90948430371792]]}}, {"type": "Feature", "properties": {"highway": "footway", "footway": "sidewalk"}, "geometry": {"type": "LineString", "coordinates": [[2.478347184861417, 48.90946012273781], [2.478347870498311, 48.909453243261126], [2.478348173919816, 48.909451652924176], [2.478350105267888, 48.90944483543307], [2.47835069299535, 48.90944328009138], [2.478357581890115, 48.90942878660424], [2.478358678698578, 48.90942695873854], [2.478363631361191, 48.909420194855784], [2.478366955535797, 48.90941696249219], [2.478373640648043, 48.90941215374505], [2.478378236149562, 48.90940968931267], [2.478388026984291, 48.90940584787518], [2.47839069389698, 48.90940496841376], [2.478401044945242, 48.9094021570267]]}}, {"type": "Feature", "properties": {"highway": "footway", "footway": "sidewalk"}, "geometry": {"type": "LineString", "coordinates": [[2.47834477488415, 48.90948430371792], [2.478347184861417, 48.90946012273781]]}}, {"type": "Feature", "properties": {"highway": "footway", "footway": "sidewalk"}, "geometry": {"type": "LineString", "coordinates": [[2.478401044945242, 48.9094021570267], [2.478467050475605, 48.90938422962535], [2.478488174452202, 48.909378492246816], [2.478497982886562, 48.90937470232439], [2.478505831022711, 48.90936927992185], [2.478511113158661, 48.90936264352886], [2.478513421631442, 48.909355305328134], [2.47851398944081, 48.909349564969844]]}}, {"type": "Feature", "properties": {"highway": "footway", "footway": "sidewalk"}, "geometry": {"type": "LineString", "coordinates": [[2.47851398944081, 48.909349564969844], [2.478514513803095, 48.90934426384551]]}}, {"type": "Feature", "properties": {"highway": "footway", "footway": "sidewalk"}, "geometry": {"type": "LineString", "coordinates": [[2.478514513803095, 48.90934426384551], [2.478515796400768, 48.909331297214585]]}}, {"type": "Feature", "properties": {"highway": "footway", "footway": "sidewalk"}, "geometry": {"type": "LineString", "coordinates": [[2.478515796400768, 48.909331297214585], [2.478516649277826, 48.90932267491076], [2.478519409245254, 48.9092947725361]]}}, {"type": "Feature", "properties": {"highway": "footway", "footway": "sidewalk"}, "geometry": {"type": "LineString", "coordinates": [[2.478519901818994, 48.90928979277222], [2.478521528448171, 48.90927334806142]]}}, {"type": "Feature", "properties": {"highway": "footway", "footway": "sidewalk"}, "geometry": {"type": "LineString", "coordinates": [[2.478519409245254, 48.9092947725361], [2.478519901818994, 48.90928979277222]]}}, {"type": "Feature", "properties": {"highway": "footway", "footway": "sidewalk"}, "geometry": {"type": "LineString", "coordinates": [[2.478523644275515, 48.9092519576943], [2.478524540532117, 48.90924289680872]]}}, {"type": "Feature", "properties": {"highway": "footway", "footway": "sidewalk"}, "geometry": {"type": "LineString", "coordinates": [[2.478524540532117, 48.90924289680872], [2.478528156403191, 48.909206341402616]]}}, {"type": "Feature", "properties": {"highway": "footway", "footway": "sidewalk"}, "geometry": {"type": "LineString", "coordinates": [[2.478521528448171, 48.90927334806142], [2.478523644275515, 48.9092519576943]]}}, {"type": "Feature", "properties": {"highway": "footway", "footway": "sidewalk"}, "geometry": {"type": "LineString", "coordinates": [[2.478528156403191, 48.909206341402616], [2.478532779833549, 48.90915959978665], [2.47853472309579, 48.909139953910866], [2.478533541095795, 48.90913153380642], [2.478528462556135, 48.90912376858317], [2.478519986484334, 48.90911742123449], [2.478508945720895, 48.90911311543634], [2.478496425106123, 48.90911127426646], [2.478371529827772, 48.909106154093145]]}}, {"type": "Feature", "properties": {"highway": "footway", "footway": "sidewalk"}, "geometry": {"type": "LineString", "coordinates": [[2.478371529827772, 48.909106154093145], [2.478212003250702, 48.909099613986164], [2.478150138482391, 48.909097077658004]]}}, {"type": "Feature", "properties": {"highway": "footway", "footway": "sidewalk"}, "geometry": {"type": "LineString", "coordinates": [[2.478528156403191, 48.909206341402616], [2.478528156403191, 48.909206341402616]]}}, {"type": "Feature", "properties": {"highway": "footway", "footway": "sidewalk"}, "geometry": {"type": "LineString", "coordinates": [[2.478135668280948, 48.90909648440471], [2.478059489544608, 48.909093361177746], [2.477904065168231, 48.909086988827575]]}}, {"type": "Feature", "properties": {"highway": "footway", "footway": "sidewalk"}, "geometry": {"type": "LineString", "coordinates": [[2.478150138482391, 48.909097077658004], [2.478135668280948, 48.90909648440471]]}}, {"type": "Feature", "properties": {"highway": "footway", "footway": "sidewalk"}, "geometry": {"type": "LineString", "coordinates": [[2.477904065168231, 48.909086988827575], [2.477756283910104, 48.90908092964709], [2.477744510774146, 48.909081573026654], [2.477733506941779, 48.9090844063107], [2.477724189321161, 48.909089193412306], [2.47771773048205, 48.90909516891971], [2.477713513127418, 48.909102903936834], [2.477713044164351, 48.90911068491242], [2.477713849252648, 48.909115714241324], [2.477713913266856, 48.909118056393204], [2.477712313861304, 48.90913328708244]]}}, {"type": "Feature", "properties": {"highway": "footway", "footway": "sidewalk"}, "geometry": {"type": "LineString", "coordinates": [[2.477712313861304, 48.90913328708244], [2.477709731003253, 48.90915719633979]]}}, {"type": "Feature", "properties": {"highway": "footway", "footway": "sidewalk"}, "geometry": {"type": "LineString", "coordinates": [[2.477709731003253, 48.90915719633979], [2.477709731003253, 48.90915719633979]]}}, {"type": "Feature", "properties": {"highway": "footway", "footway": "sidewalk"}, "geometry": {"type": "LineString", "coordinates": [[2.477709731003253, 48.90915719633979], [2.477706200224615, 48.90918971353364]]}}, {"type": "Feature", "properties": {"highway": "footway", "footway": "sidewalk"}, "geometry": {"type": "LineString", "coordinates": [[2.477701020451465, 48.90923741729349], [2.477700248161748, 48.909244529783074]]}}, {"type": "Feature", "properties": {"highway": "footway", "footway": "sidewalk"}, "geometry": {"type": "LineString", "coordinates": [[2.477706200224615, 48.90918971353364], [2.477701020451465, 48.90923741729349]]}}, {"type": "Feature", "properties": {"highway": "footway", "footway": "sidewalk"}, "geometry": {"type": "LineString", "coordinates": [[2.477700248161748, 48.909244529783074], [2.47769950595986, 48.90925136517349]]}}, {"type": "Feature", "properties": {"highway": "footway", "footway": "sidewalk"}, "geometry": {"type": "LineString", "coordinates": [[2.47769950595986, 48.90925136517349], [2.477695460934235, 48.90928861825152]]}}, {"type": "Feature", "properties": {"highway": "footway", "footway": "sidewalk"}, "geometry": {"type": "LineString", "coordinates": [[2.47769950595986, 48.90925136517349], [2.47769950595986, 48.90925136517349]]}}, {"type": "Feature", "properties": {"highway": "footway", "footway": "sidewalk"}, "geometry": {"type": "LineString", "coordinates": [[2.477695460934235, 48.90928861825152], [2.477694872185451, 48.90929404038913], [2.47769444681663, 48.90929795786278], [2.477692742315587, 48.90931365561722], [2.4776935195451, 48.909321150829356], [2.477697402434203, 48.90932821410052], [2.477704089838282, 48.909334297623516], [2.477713063102003, 48.90933892957741], [2.477778783944236, 48.9093640085977], [2.47778209973045, 48.90936559312193], [2.477795544115015, 48.909373522665454], [2.477800961601719, 48.9093778874231]]}}, {"type": "Feature", "properties": {"highway": "footway", "footway": "sidewalk"}, "geometry": {"type": "LineString", "coordinates": [[2.477800961601719, 48.9093778874231], [2.477813225365603, 48.90938884497798], [2.477814652096578, 48.90939030900675], [2.477819547585413, 48.909396127350085], [2.477821481746962, 48.90939934598518], [2.477823958544776, 48.90940579585264], [2.477824439719821, 48.909407506767565], [2.477826310153283, 48.909417846047944]]}}, {"type": "Feature", "properties": {"highway": "footway", "footway": "sidewalk"}, "geometry": {"type": "LineString", "coordinates": [[2.477800961601719, 48.9093778874231], [2.477800961601719, 48.9093778874231]]}}, {"type": "Feature", "properties": {"highway": "footway", "footway": "sidewalk"}, "geometry": {"type": "LineString", "coordinates": [[2.477826310153283, 48.909417846047944], [2.477827780935182, 48.909425976153116], [2.477827912762935, 48.909427109607535], [2.47782805550816, 48.90943448538941]]}}, {"type": "Feature", "properties": {"highway": "footway", "footway": "sidewalk"}, "geometry": {"type": "LineString", "coordinates": [[2.47782805550816, 48.90943448538941], [2.477827427066289, 48.90944276382345]]}}, {"type": "Feature", "properties": {"highway": "footway", "footway": "sidewalk"}, "geometry": {"type": "LineString", "coordinates": [[2.47782805550816, 48.90943448538941], [2.47782805550816, 48.90943448538941]]}}, {"type": "Feature", "properties": {"highway": "footway", "footway": "sidewalk"}, "geometry": {"type": "LineString", "coordinates": [[2.477827427066289, 48.90944276382345], [2.477824890995507, 48.90947617133188]]}}, {"type": "Feature", "properties": {"highway": "footway", "footway": "sidewalk"}, "geometry": {"type": "LineString", "coordinates": [[2.477823144230894, 48.90949918133143], [2.477822453073473, 48.90950828589055]]}}, {"type": "Feature", "properties": {"highway": "footway", "footway": "sidewalk"}, "geometry": {"type": "LineString", "coordinates": [[2.477824890995507, 48.90947617133188], [2.477823144230894, 48.90949918133143]]}}, {"type": "Feature", "properties": {"highway": "footway", "footway": "sidewalk"}, "geometry": {"type": "LineString", "coordinates": [[2.477820536072441, 48.90953353836801], [2.477820536072441, 48.90953353836801]]}}, {"type": "Feature", "properties": {"highway": "footway", "footway": "sidewalk"}, "geometry": {"type": "LineString", "coordinates": [[2.477822453073473, 48.90950828589055], [2.477820536072441, 48.90953353836801]]}}, {"type": "Feature", "properties": {"highway": "footway", "footway": "sidewalk"}, "geometry": {"type": "LineString", "coordinates": [[2.477820536072441, 48.90953353836801], [2.477818265426564, 48.909563449343224]]}}, {"type": "Feature", "properties": {"highway": "footway", "footway": "sidewalk"}, "geometry": {"type": "LineString", "coordinates": [[2.477818265426564, 48.909563449343224], [2.477817359943064, 48.90957537717049], [2.477816537780331, 48.90957795674076], [2.477812372808803, 48.90958540756627], [2.477812145036709, 48.90959443871837], [2.477816452710739, 48.90960301319994], [2.477824812908994, 48.909610169744376], [2.477836288388777, 48.909615106046594], [2.477849592658536, 48.90961726870801], [2.478078051438868, 48.90962836872608]]}}, {"type": "Feature", "properties": {"highway": "footway", "footway": "sidewalk"}, "geometry": {"type": "LineString", "coordinates": [[2.477690811230166, 48.90899111737251], [2.477728698889718, 48.90899267084732], [2.477742454445117, 48.90899323485132], [2.478231045147377, 48.90901326692912]]}}, {"type": "Feature", "properties": {"highway": "footway", "footway": "sidewalk"}, "geometry": {"type": "LineString", "coordinates": [[2.477561739712052, 48.908958572131326], [2.477562864323633, 48.90896702400978], [2.477567915762277, 48.90897482762977], [2.477576394364091, 48.908981211092396], [2.477587461464746, 48.90898554297401], [2.477600022356225, 48.90898739478408], [2.477690811230166, 48.90899111737251]]}}, {"type": "Feature", "properties": {"highway": "footway", "footway": "sidewalk"}, "geometry": {"type": "LineString", "coordinates": [[2.478622469537834, 48.90902931371124], [2.478686615424182, 48.90903194329977], [2.478699277583757, 48.90903115719149], [2.478710962190041, 48.909027846708895], [2.47872054077357, 48.90902233157004], [2.478727088259996, 48.90901514441296], [2.478729972311407, 48.90900697935469], [2.478730994908283, 48.90899772880613], [2.478742493193217, 48.90889369540338]]}}, {"type": "Feature", "properties": {"highway": "footway", "footway": "sidewalk"}, "geometry": {"type": "LineString", "coordinates": [[2.478231045147377, 48.90901326692912], [2.478547439548184, 48.90902623789551], [2.478622469537834, 48.90902931371124]]}}, {"type": "Feature", "properties": {"highway": "footway", "footway": "sidewalk"}, "geometry": {"type": "LineString", "coordinates": [[2.478751205658937, 48.90881486705717], [2.478752687610899, 48.90880145867856], [2.478771600309888, 48.908630340062764]]}}, {"type": "Feature", "properties": {"highway": "footway", "footway": "sidewalk"}, "geometry": {"type": "LineString", "coordinates": [[2.478771600309888, 48.908630340062764], [2.478773052357984, 48.9086172021505], [2.478786535123998, 48.90849521178497]]}}, {"type": "Feature", "properties": {"highway": "footway", "footway": "sidewalk"}, "geometry": {"type": "LineString", "coordinates": [[2.478742493193217, 48.90889369540338], [2.478751205658937, 48.90881486705717]]}}, {"type": "Feature", "properties": {"highway": "footway", "footway": "sidewalk"}, "geometry": {"type": "LineString", "coordinates": [[2.478786535123998, 48.90849521178497], [2.478788010903402, 48.90848185908285], [2.478791430987091, 48.90845091448549], [2.478792420577167, 48.908440637014195], [2.47879126490555, 48.90843234356099], [2.47878632661534, 48.90842467770881], [2.478775971839418, 48.90841752089931]]}}, {"type": "Feature", "properties": {"highway": "footway", "footway": "sidewalk"}, "geometry": {"type": "LineString", "coordinates": [[2.478775971839418, 48.90841752089931], [2.478767300570943, 48.90841402194787], [2.478755026232301, 48.90841204766305], [2.478660211644195, 48.90840676318952]]}}, {"type": "Feature", "properties": {"highway": "footway", "footway": "sidewalk"}, "geometry": {"type": "LineString", "coordinates": [[2.478660211644195, 48.90840676318952], [2.478660211644195, 48.90840676318952]]}}, {"type": "Feature", "properties": {"highway": "footway", "footway": "sidewalk"}, "geometry": {"type": "LineString", "coordinates": [[2.478457437438923, 48.90839546134135], [2.478115757052175, 48.908376416582975], [2.478113048403062, 48.90837632505707], [2.478007756055089, 48.90837507045778]]}}, {"type": "Feature", "properties": {"highway": "footway", "footway": "sidewalk"}, "geometry": {"type": "LineString", "coordinates": [[2.478007756055089, 48.90837507045778], [2.477819325664667, 48.90837282499623]]}}, {"type": "Feature", "properties": {"highway": "footway", "footway": "sidewalk"}, "geometry": {"type": "LineString", "coordinates": [[2.477819325664667, 48.90837282499623], [2.477663500433565, 48.90837096784668], [2.47765123038537, 48.90837205626533], [2.477640015595146, 48.90837551359015], [2.477630882454498, 48.90838102340256], [2.477624666840623, 48.908388081437664], [2.477621937615756, 48.90839604173507], [2.47761715384609, 48.90844074501667], [2.477610797989112, 48.90850013898629]]}}, {"type": "Feature", "properties": {"highway": "footway", "footway": "sidewalk"}, "geometry": {"type": "LineString", "coordinates": [[2.477610797989112, 48.90850013898629], [2.477605932928272, 48.9085456017253]]}}, {"type": "Feature", "properties": {"highway": "footway", "footway": "sidewalk"}, "geometry": {"type": "LineString", "coordinates": [[2.478660211644195, 48.90840676318952], [2.478457437438923, 48.90839546134135]]}}, {"type": "Feature", "properties": {"highway": "footway", "footway": "sidewalk"}, "geometry": {"type": "LineString", "coordinates": [[2.477605932928272, 48.9085456017253], [2.477604122757209, 48.9085625172859]]}}, {"type": "Feature", "properties": {"highway": "footway", "footway": "sidewalk"}, "geometry": {"type": "LineString", "coordinates": [[2.477604122757209, 48.9085625172859], [2.477602115565551, 48.90858127393742]]}}, {"type": "Feature", "properties": {"highway": "footway", "footway": "sidewalk"}, "geometry": {"type": "LineString", "coordinates": [[2.477602115565551, 48.90858127393742], [2.477601394678441, 48.90858801042485], [2.477590458708885, 48.90869020376304]]}}, {"type": "Feature", "properties": {"highway": "footway", "footway": "sidewalk"}, "geometry": {"type": "LineString", "coordinates": [[2.477601394678441, 48.90858801042485], [2.477601394678441, 48.90858801042485]]}}, {"type": "Feature", "properties": {"highway": "footway", "footway": "sidewalk"}, "geometry": {"type": "LineString", "coordinates": [[2.477590458708885, 48.90869020376304], [2.477581002541341, 48.908778568459276], [2.477578454013914, 48.90880238353483]]}}, {"type": "Feature", "properties": {"highway": "footway", "footway": "sidewalk"}, "geometry": {"type": "LineString", "coordinates": [[2.477576659999901, 48.908819147939234], [2.477574558997939, 48.908838781019305], [2.477562675453998, 48.908949828015686], [2.477561739712052, 48.908958572131326]]}}, {"type": "Feature", "properties": {"highway": "footway", "footway": "sidewalk"}, "geometry": {"type": "LineString", "coordinates": [[2.477578454013914, 48.90880238353483], [2.477576659999901, 48.908819147939234]]}}, {"type": "Feature", "properties": {"highway": "footway", "footway": "sidewalk"}, "geometry": {"type": "LineString", "coordinates": [[2.478875274142048, 48.909190328344685], [2.478862828204492, 48.90918513359418], [2.478850215116896, 48.9091833827918], [2.478765656728587, 48.90918062643317], [2.478680656903962, 48.90917791672596], [2.47866806097229, 48.90917880917595], [2.478656482586165, 48.909182198064855], [2.478648826144465, 48.90918670263891]]}}, {"type": "Feature", "properties": {"highway": "footway", "footway": "sidewalk"}, "geometry": {"type": "LineString", "coordinates": [[2.478648826144465, 48.90918670263891], [2.478640612544651, 48.90919495812337], [2.478638472106, 48.90920125248942], [2.478629885512131, 48.909283542139676]]}}, {"type": "Feature", "properties": {"highway": "footway", "footway": "sidewalk"}, "geometry": {"type": "LineString", "coordinates": [[2.478629885512131, 48.909283542139676], [2.478629393046981, 48.909288520917286]]}}, {"type": "Feature", "properties": {"highway": "footway", "footway": "sidewalk"}, "geometry": {"type": "LineString", "coordinates": [[2.478629393046981, 48.909288520917286], [2.478625551819364, 48.909327355343116], [2.478624843493751, 48.90933451643739]]}}, {"type": "Feature", "properties": {"highway": "footway", "footway": "sidewalk"}, "geometry": {"type": "LineString", "coordinates": [[2.478624843493751, 48.90933451643739], [2.478625973641003, 48.90934379834363], [2.478632906633358, 48.909352919385306], [2.478639750083548, 48.90935797697314], [2.478650941840757, 48.909362250857875], [2.478663598080543, 48.90936400904486], [2.478675676692869, 48.90936439965494], [2.478820069010936, 48.909369069057924], [2.478834137203704, 48.909369523989746], [2.478846780033486, 48.90936862917268], [2.478858395967612, 48.90936521968651], [2.478865990584473, 48.90936073157785]]}}, {"type": "Feature", "properties": {"highway": "footway", "footway": "sidewalk"}, "geometry": {"type": "LineString", "coordinates": [[2.478865990584473, 48.90936073157785], [2.478874269144261, 48.90935238422983], [2.478876994068834, 48.90934419733255], [2.478877838560843, 48.90933492961564], [2.478878869722644, 48.909323613321945]]}}, {"type": "Feature", "properties": {"highway": "footway", "footway": "sidewalk"}, "geometry": {"type": "LineString", "coordinates": [[2.478878869722644, 48.909323613321945], [2.478881045434205, 48.90929973636251]]}}, {"type": "Feature", "properties": {"highway": "footway", "footway": "sidewalk"}, "geometry": {"type": "LineString", "coordinates": [[2.478881045434205, 48.90929973636251], [2.478884883139701, 48.90925762009058], [2.478889045235935, 48.909211943764994], [2.478887782197, 48.909203488167115], [2.47888089218218, 48.90919446061825]]}}, {"type": "Feature", "properties": {"highway": "footway", "footway": "sidewalk"}, "geometry": {"type": "LineString", "coordinates": [[2.47888089218218, 48.90919446061825], [2.478875274142048, 48.909190328344685]]}}, {"type": "Feature", "properties": {"highway": "footway", "footway": "sidewalk"}, "geometry": {"type": "LineString", "coordinates": [[2.478963068312854, 48.9096713664153], [2.478975094000414, 48.90967077637995], [2.47898633675864, 48.909667901740676], [2.478995820461439, 48.909662992081316], [2.479002721709199, 48.90965647367152], [2.479004907292657, 48.90965203082195]]}}, {"type": "Feature", "properties": {"highway": "footway", "footway": "sidewalk"}, "geometry": {"type": "LineString", "coordinates": [[2.479004907292657, 48.90965203082195], [2.479006656344933, 48.90964096492115], [2.479003348120751, 48.9096333210901], [2.478996803875858, 48.90962664462018], [2.478996149807285, 48.909624384503786], [2.478998233966309, 48.909602913765006]]}}, {"type": "Feature", "properties": {"highway": "footway", "footway": "sidewalk"}, "geometry": {"type": "LineString", "coordinates": [[2.478998233966309, 48.909602913765006], [2.478998934752755, 48.90959569434882]]}}, {"type": "Feature", "properties": {"highway": "footway", "footway": "sidewalk"}, "geometry": {"type": "LineString", "coordinates": [[2.478999402460111, 48.909590876083726], [2.479005437175827, 48.90952870708245]]}}, {"type": "Feature", "properties": {"highway": "footway", "footway": "sidewalk"}, "geometry": {"type": "LineString", "coordinates": [[2.478998934752755, 48.90959569434882], [2.478999402460111, 48.909590876083726]]}}, {"type": "Feature", "properties": {"highway": "footway", "footway": "sidewalk"}, "geometry": {"type": "LineString", "coordinates": [[2.479005437175827, 48.90952870708245], [2.479008715137275, 48.90949493780621], [2.479007747097462, 48.90948713931518], [2.479003424499066, 48.909479851989666], [2.478997223677516, 48.9094746265604], [2.478996111001431, 48.90947368890866]]}}, {"type": "Feature", "properties": {"highway": "footway", "footway": "sidewalk"}, "geometry": {"type": "LineString", "coordinates": [[2.478996111001431, 48.90947368890866], [2.478986421886103, 48.90946916856881], [2.478975371931758, 48.90946546515634]]}}, {"type": "Feature", "properties": {"highway": "footway", "footway": "sidewalk"}, "geometry": {"type": "LineString", "coordinates": [[2.478975371931758, 48.90946546515634], [2.478948820148757, 48.90945656627098]]}}, {"type": "Feature", "properties": {"highway": "footway", "footway": "sidewalk"}, "geometry": {"type": "LineString", "coordinates": [[2.478948820148757, 48.90945656627098], [2.478919272402277, 48.9094466632713], [2.478902729121627, 48.90944376585738], [2.478891478001324, 48.90944340203036]]}}, {"type": "Feature", "properties": {"highway": "footway", "footway": "sidewalk"}, "geometry": {"type": "LineString", "coordinates": [[2.478891478001324, 48.90944340203036], [2.478839, 48.909441705036826]]}}, {"type": "Feature", "properties": {"highway": "footway", "footway": "sidewalk"}, "geometry": {"type": "LineString", "coordinates": [[2.478839, 48.909441705036826], [2.478813525251923, 48.90944088124521], [2.478790310788755, 48.90944013054083]]}}, {"type": "Feature", "properties": {"highway": "footway", "footway": "sidewalk"}, "geometry": {"type": "LineString", "coordinates": [[2.47872265576276, 48.90943794270014], [2.478670328964619, 48.90943625051915], [2.478664535898067, 48.9094360631774], [2.478582647788715, 48.909433414969826], [2.478565994420043, 48.90943530961128]]}}, {"type": "Feature", "properties": {"highway": "footway", "footway": "sidewalk"}, "geometry": {"type": "LineString", "coordinates": [[2.478790310788755, 48.90944013054083], [2.47872265576276, 48.90943794270014]]}}, {"type": "Feature", "properties": {"highway": "footway", "footway": "sidewalk"}, "geometry": {"type": "LineString", "coordinates": [[2.478565994420043, 48.90943530961128], [2.478479640861288, 48.909458614771516], [2.478469836333411, 48.90946240264509], [2.478461990091792, 48.90946782173277], [2.478458326930103, 48.909472420637094], [2.478456707164501, 48.90947445416618], [2.478455200494099, 48.909479233269494], [2.478453911684525, 48.90948663727492]]}}, {"type": "Feature", "properties": {"highway": "footway", "footway": "sidewalk"}, "geometry": {"type": "LineString", "coordinates": [[2.478453911684525, 48.90948663727492], [2.478453911684525, 48.90948663727492]]}}, {"type": "Feature", "properties": {"highway": "footway", "footway": "sidewalk"}, "geometry": {"type": "LineString", "coordinates": [[2.478453911684525, 48.90948663727492], [2.478450184795755, 48.90952403251787]]}}, {"type": "Feature", "properties": {"highway": "footway", "footway": "sidewalk"}, "geometry": {"type": "LineString", "coordinates": [[2.478453911684525, 48.90948663727492], [2.478453911684525, 48.90948663727492]]}}, {"type": "Feature", "properties": {"highway": "footway", "footway": "sidewalk"}, "geometry": {"type": "LineString", "coordinates": [[2.478448951046962, 48.909536411822046], [2.47844682569238, 48.90955773738947]]}}, {"type": "Feature", "properties": {"highway": "footway", "footway": "sidewalk"}, "geometry": {"type": "LineString", "coordinates": [[2.478450184795755, 48.90952403251787], [2.478448951046962, 48.909536411822046]]}}, {"type": "Feature", "properties": {"highway": "footway", "footway": "sidewalk"}, "geometry": {"type": "LineString", "coordinates": [[2.47844682569238, 48.90955773738947], [2.478443030440375, 48.909595818473264], [2.478442260961818, 48.90960353931772], [2.478441576029165, 48.9096055331939], [2.478440399834662, 48.90960683591749], [2.47843544107575, 48.909615330297925], [2.47843505004031, 48.90962442820878], [2.478439271242772, 48.909633094024144], [2.478447624180619, 48.909640341303536], [2.478459158029691, 48.909645345079795], [2.478472559877338, 48.90964753576642], [2.478528295316049, 48.909650243698984]]}}, {"type": "Feature", "properties": {"highway": "footway", "footway": "sidewalk"}, "geometry": {"type": "LineString", "coordinates": [[2.47844682569238, 48.90955773738947], [2.47844682569238, 48.90955773738947]]}}, {"type": "Feature", "properties": {"highway": "footway", "footway": "sidewalk"}, "geometry": {"type": "LineString", "coordinates": [[2.478698542656949, 48.909658515077666], [2.478839, 48.90966533893351], [2.478934066321906, 48.90966995745382]]}}, {"type": "Feature", "properties": {"highway": "footway", "footway": "sidewalk"}, "geometry": {"type": "LineString", "coordinates": [[2.478528295316049, 48.909650243698984], [2.478632598987778, 48.90965531126887], [2.478698542656949, 48.909658515077666]]}}, {"type": "Feature", "properties": {"highway": "footway", "footway": "sidewalk"}, "geometry": {"type": "LineString", "coordinates": [[2.478934066321906, 48.90966995745382], [2.478963068312854, 48.9096713664153]]}}, {"type": "Feature", "properties": {"highway": "footway", "footway": "sidewalk"}, "geometry": {"type": "LineString", "coordinates": [[2.479102275126394, 48.909632150883695], [2.47909367184082, 48.90963913930656], [2.479089034805329, 48.909647604251], [2.479090934172021, 48.9096606370332], [2.479093225041031, 48.90966513557153], [2.479101585934974, 48.90967225067688], [2.479113032231385, 48.90967715694276], [2.479126289934116, 48.9096793082915], [2.479376920800377, 48.90969152005916]]}}, {"type": "Feature", "properties": {"highway": "footway", "footway": "sidewalk"}, "geometry": {"type": "LineString", "coordinates": [[2.479376920800377, 48.90969152005916], [2.479421218476384, 48.909693678367034], [2.479678820650097, 48.90970622913163], [2.479735049051598, 48.90970895977544]]}}, {"type": "Feature", "properties": {"highway": "footway", "footway": "sidewalk"}, "geometry": {"type": "LineString", "coordinates": [[2.479735049051598, 48.90970895977544], [2.47975893370753, 48.90971011968776], [2.479888670793888, 48.90971642003222]]}}, {"type": "Feature", "properties": {"highway": "footway", "footway": "sidewalk"}, "geometry": {"type": "LineString", "coordinates": [[2.479888670793888, 48.90971642003222], [2.479938914965508, 48.90971885997021]]}}, {"type": "Feature", "properties": {"highway": "footway", "footway": "sidewalk"}, "geometry": {"type": "LineString", "coordinates": [[2.479938914965508, 48.90971885997021], [2.479988029859711, 48.90972124504728], [2.480001528273719, 48.909720416458704], [2.480013875442158, 48.90971672664523], [2.480024813586865, 48.909709189980866]]}}, {"type": "Feature", "properties": {"highway": "footway", "footway": "sidewalk"}, "geometry": {"type": "LineString", "coordinates": [[2.480029684607473, 48.909226671306676], [2.480032131222482, 48.90919331878658], [2.480030770740364, 48.909185000110064], [2.480027036602431, 48.90917947049108]]}}, {"type": "Feature", "properties": {"highway": "footway", "footway": "sidewalk"}, "geometry": {"type": "LineString", "coordinates": [[2.480027406607583, 48.909257725207134], [2.480029684607473, 48.909226671306676]]}}, {"type": "Feature", "properties": {"highway": "footway", "footway": "sidewalk"}, "geometry": {"type": "LineString", "coordinates": [[2.480024813586865, 48.909709189980866], [2.480029971585474, 48.909702652423384], [2.480031954321972, 48.90969381238929], [2.480030870071569, 48.90965907305315]]}}, {"type": "Feature", "properties": {"highway": "footway", "footway": "sidewalk"}, "geometry": {"type": "LineString", "coordinates": [[2.480030444042074, 48.90964986455486], [2.480018672586659, 48.90939542677101], [2.480018421178769, 48.90938999260865], [2.4800186188214, 48.909382955793575], [2.480021633133831, 48.90933747864005]]}}, {"type": "Feature", "properties": {"highway": "footway", "footway": "sidewalk"}, "geometry": {"type": "LineString", "coordinates": [[2.480021633133831, 48.90933747864005], [2.480023073416994, 48.90931679554621], [2.480025189225176, 48.90928795272741]]}}, {"type": "Feature", "properties": {"highway": "footway", "footway": "sidewalk"}, "geometry": {"type": "LineString", "coordinates": [[2.480030870071569, 48.90965907305315], [2.480030444042074, 48.90964986455486]]}}, {"type": "Feature", "properties": {"highway": "footway", "footway": "sidewalk"}, "geometry": {"type": "LineString", "coordinates": [[2.480025189225176, 48.90928795272741], [2.480027406607583, 48.909257725207134]]}}, {"type": "Feature", "properties": {"highway": "footway", "footway": "sidewalk"}, "geometry": {"type": "LineString", "coordinates": [[2.480027036602431, 48.90917947049108], [2.480017142276578, 48.90917112272048], [2.479999411838105, 48.90916591100979]]}}, {"type": "Feature", "properties": {"highway": "footway", "footway": "sidewalk"}, "geometry": {"type": "LineString", "coordinates": [[2.479999411838105, 48.90916591100979], [2.479982608725632, 48.90916463327412], [2.479969939096881, 48.90916542108162], [2.479958249122652, 48.909168736140614], [2.47994866914583, 48.90917425790701], [2.479941328229925, 48.90918371883352]]}}, {"type": "Feature", "properties": {"highway": "footway", "footway": "sidewalk"}, "geometry": {"type": "LineString", "coordinates": [[2.479941328229925, 48.90918371883352], [2.479939250877242, 48.909189624141526], [2.479937968835932, 48.9092013833194], [2.479935668587098, 48.909222481717]]}}, {"type": "Feature", "properties": {"highway": "footway", "footway": "sidewalk"}, "geometry": {"type": "LineString", "coordinates": [[2.479935668587098, 48.909222481717], [2.479934400393365, 48.90923411386639]]}}, {"type": "Feature", "properties": {"highway": "footway", "footway": "sidewalk"}, "geometry": {"type": "LineString", "coordinates": [[2.479934400393365, 48.90923411386639], [2.479931939210344, 48.909256688358084]]}}, {"type": "Feature", "properties": {"highway": "footway", "footway": "sidewalk"}, "geometry": {"type": "LineString", "coordinates": [[2.479922838514092, 48.909340161692796], [2.479917183017692, 48.90939203485145], [2.479912419124472, 48.90943572999273], [2.479912073081278, 48.90943741217801], [2.479910137695258, 48.90944377722923], [2.479908506686266, 48.90944697986949], [2.479904223575356, 48.90945282542388], [2.479902959677562, 48.90945430450934], [2.47989147202646, 48.90946596362883], [2.4798886805038, 48.9094682186121], [2.479875118662681, 48.90947702597242], [2.479871656506168, 48.90947883226701], [2.479853075116043, 48.9094865302731], [2.479847143338288, 48.90948869072003], [2.479780107272536, 48.90950935055585], [2.479773555180491, 48.909512416101784]]}}, {"type": "Feature", "properties": {"highway": "footway", "footway": "sidewalk"}, "geometry": {"type": "LineString", "coordinates": [[2.479928121860712, 48.90929170185649], [2.479922838514092, 48.909340161692796]]}}, {"type": "Feature", "properties": {"highway": "footway", "footway": "sidewalk"}, "geometry": {"type": "LineString", "coordinates": [[2.479763503094265, 48.909519482728356], [2.479758161231338, 48.909527909036306]]}}, {"type": "Feature", "properties": {"highway": "footway", "footway": "sidewalk"}, "geometry": {"type": "LineString", "coordinates": [[2.479773555180491, 48.909512416101784], [2.479763503094265, 48.909519482728356]]}}, {"type": "Feature", "properties": {"highway": "footway", "footway": "sidewalk"}, "geometry": {"type": "LineString", "coordinates": [[2.479931939210344, 48.909256688358084], [2.479928121860712, 48.90929170185649]]}}, {"type": "Feature", "properties": {"highway": "footway", "footway": "sidewalk"}, "geometry": {"type": "LineString", "coordinates": [[2.479749383200014, 48.9096245094798], [2.479748160582202, 48.909640222119414], [2.479747578345066, 48.90964203765094], [2.479744778926062, 48.909642233676415], [2.479642221077487, 48.90963876630078], [2.479639466775484, 48.90963838250969], [2.479639169393506, 48.90963653723918], [2.479641139556465, 48.90961121812393]]}}, {"type": "Feature", "properties": {"highway": "footway", "footway": "sidewalk"}, "geometry": {"type": "LineString", "coordinates": [[2.479758161231338, 48.909527909036306], [2.479756549372496, 48.90953241223721], [2.479753223578745, 48.90957515426416]]}}, {"type": "Feature", "properties": {"highway": "footway", "footway": "sidewalk"}, "geometry": {"type": "LineString", "coordinates": [[2.479644970585397, 48.909561984425956], [2.479648937067624, 48.90951100987469]]}}, {"type": "Feature", "properties": {"highway": "footway", "footway": "sidewalk"}, "geometry": {"type": "LineString", "coordinates": [[2.479753223578745, 48.90957515426416], [2.479749383200014, 48.9096245094798]]}}, {"type": "Feature", "properties": {"highway": "footway", "footway": "sidewalk"}, "geometry": {"type": "LineString", "coordinates": [[2.479641139556465, 48.90961121812393], [2.479644970585397, 48.909561984425956]]}}, {"type": "Feature", "properties": {"highway": "footway", "footway": "sidewalk"}, "geometry": {"type": "LineString", "coordinates": [[2.479648937067624, 48.90951100987469], [2.479650611559745, 48.90950237445714], [2.479651025815115, 48.90950104407701], [2.479658191771295, 48.9094827617509], [2.47965915276524, 48.9094808896144], [2.479663610677938, 48.90947393349938], [2.47966999590514, 48.90946797029315]]}}, {"type": "Feature", "properties": {"highway": "footway", "footway": "sidewalk"}, "geometry": {"type": "LineString", "coordinates": [[2.479706777421683, 48.90945252671217], [2.479782666665192, 48.90942917097103], [2.479794450122063, 48.90942369761141], [2.479802623568778, 48.909415870676284], [2.479806172947606, 48.909406661234385], [2.479808164887757, 48.90938839121711], [2.479813098315329, 48.909343141904756]]}}, {"type": "Feature", "properties": {"highway": "footway", "footway": "sidewalk"}, "geometry": {"type": "LineString", "coordinates": [[2.479813098315329, 48.909343141904756], [2.479817465039748, 48.90930309031531]]}}, {"type": "Feature", "properties": {"highway": "footway", "footway": "sidewalk"}, "geometry": {"type": "LineString", "coordinates": [[2.47966999590514, 48.90946797029315], [2.479677501469405, 48.90946291619567], [2.479687060774328, 48.9094587547328], [2.479689677205231, 48.9094577894801], [2.479706777421683, 48.90945252671217]]}}, {"type": "Feature", "properties": {"highway": "footway", "footway": "sidewalk"}, "geometry": {"type": "LineString", "coordinates": [[2.479822653537877, 48.90925550133492], [2.479826646369492, 48.90921887896322]]}}, {"type": "Feature", "properties": {"highway": "footway", "footway": "sidewalk"}, "geometry": {"type": "LineString", "coordinates": [[2.479817465039748, 48.90930309031531], [2.47981798830449, 48.90929829092761]]}}, {"type": "Feature", "properties": {"highway": "footway", "footway": "sidewalk"}, "geometry": {"type": "LineString", "coordinates": [[2.47981798830449, 48.90929829092761], [2.47981798830449, 48.90929829092761]]}}, {"type": "Feature", "properties": {"highway": "footway", "footway": "sidewalk"}, "geometry": {"type": "LineString", "coordinates": [[2.47981798830449, 48.90929829092761], [2.479822653537877, 48.90925550133492]]}}, {"type": "Feature", "properties": {"highway": "footway", "footway": "sidewalk"}, "geometry": {"type": "LineString", "coordinates": [[2.479826646369492, 48.90921887896322], [2.479829040613769, 48.90919691885685], [2.479829989851386, 48.909188212405255], [2.479828879495281, 48.9091797525084], [2.479823834622169, 48.9091719392417]]}}, {"type": "Feature", "properties": {"highway": "footway", "footway": "sidewalk"}, "geometry": {"type": "LineString", "coordinates": [[2.479826646369492, 48.90921887896322], [2.479826646369492, 48.90921887896322]]}}, {"type": "Feature", "properties": {"highway": "footway", "footway": "sidewalk"}, "geometry": {"type": "LineString", "coordinates": [[2.479823834622169, 48.9091719392417], [2.479810248341174, 48.909163546166845], [2.47979170983688, 48.90915935418109], [2.479779054795872, 48.90915883549844], [2.479661928948681, 48.90915403488294]]}}, {"type": "Feature", "properties": {"highway": "footway", "footway": "sidewalk"}, "geometry": {"type": "LineString", "coordinates": [[2.479661928948681, 48.90915403488294], [2.479496620227104, 48.90914725920085]]}}, {"type": "Feature", "properties": {"highway": "footway", "footway": "sidewalk"}, "geometry": {"type": "LineString", "coordinates": [[2.479332036564195, 48.90914051300029], [2.479209943603676, 48.90913550831907]]}}, {"type": "Feature", "properties": {"highway": "footway", "footway": "sidewalk"}, "geometry": {"type": "LineString", "coordinates": [[2.479209943603676, 48.90913550831907], [2.479047034273638, 48.90912883034167], [2.479034271020915, 48.90912963355536], [2.479022511152984, 48.90913300054236], [2.479012908887578, 48.90913860083671], [2.47900640667703, 48.90914588477593], [2.479003642707625, 48.90915413744931], [2.479001736359574, 48.909175058953075], [2.479000872999494, 48.909184534022515]]}}, {"type": "Feature", "properties": {"highway": "footway", "footway": "sidewalk"}, "geometry": {"type": "LineString", "coordinates": [[2.479496620227104, 48.90914725920085], [2.479435804629472, 48.909144766428035], [2.479332036564195, 48.90914051300029]]}}, {"type": "Feature", "properties": {"highway": "footway", "footway": "sidewalk"}, "geometry": {"type": "LineString", "coordinates": [[2.478997208475098, 48.90922475083271], [2.478995235643463, 48.90924640190888]]}}, {"type": "Feature", "properties": {"highway": "footway", "footway": "sidewalk"}, "geometry": {"type": "LineString", "coordinates": [[2.479000872999494, 48.909184534022515], [2.478997208475098, 48.90922475083271]]}}, {"type": "Feature", "properties": {"highway": "footway", "footway": "sidewalk"}, "geometry": {"type": "LineString", "coordinates": [[2.478995235643463, 48.90924640190888], [2.478991745177731, 48.90928470839542]]}}, {"type": "Feature", "properties": {"highway": "footway", "footway": "sidewalk"}, "geometry": {"type": "LineString", "coordinates": [[2.478989650844722, 48.909307692846994], [2.478986847842749, 48.90933845461854]]}}, {"type": "Feature", "properties": {"highway": "footway", "footway": "sidewalk"}, "geometry": {"type": "LineString", "coordinates": [[2.478991745177731, 48.90928470839542], [2.478990374143859, 48.90929975493603]]}}, {"type": "Feature", "properties": {"highway": "footway", "footway": "sidewalk"}, "geometry": {"type": "LineString", "coordinates": [[2.478990374143859, 48.90929975493603], [2.478989650844722, 48.909307692846994]]}}, {"type": "Feature", "properties": {"highway": "footway", "footway": "sidewalk"}, "geometry": {"type": "LineString", "coordinates": [[2.478986847842749, 48.90933845461854], [2.47898547691367, 48.90935349997659], [2.47898402145936, 48.90936947295285], [2.478985026570623, 48.90937724324129], [2.47898936164693, 48.9093844993315], [2.478996664407704, 48.90939063483272], [2.479006324562651, 48.909395137001525], [2.479047812706512, 48.90940904182641], [2.479077615394451, 48.909419030236045], [2.47907995427374, 48.90941994814478], [2.4790885214019, 48.90942384194192], [2.479092530541261, 48.90942624009438], [2.479098357880625, 48.9094307949628], [2.479105584818502, 48.90943994433277]]}}, {"type": "Feature", "properties": {"highway": "footway", "footway": "sidewalk"}, "geometry": {"type": "LineString", "coordinates": [[2.479105584818502, 48.90943994433277], [2.479105584818502, 48.90943994433277]]}}, {"type": "Feature", "properties": {"highway": "footway", "footway": "sidewalk"}, "geometry": {"type": "LineString", "coordinates": [[2.479105584818502, 48.90943994433277], [2.479110130088694, 48.90944915846131]]}}, {"type": "Feature", "properties": {"highway": "footway", "footway": "sidewalk"}, "geometry": {"type": "LineString", "coordinates": [[2.479110130088694, 48.90944915846131], [2.479116864135495, 48.909463468277], [2.479117637836495, 48.909465865560435], [2.479119535095706, 48.90947637474673], [2.479119636494747, 48.90947882476638], [2.47911756718087, 48.90950014315991]]}}, {"type": "Feature", "properties": {"highway": "footway", "footway": "sidewalk"}, "geometry": {"type": "LineString", "coordinates": [[2.47911756718087, 48.90950014315991], [2.47911756718087, 48.90950014315991]]}}, {"type": "Feature", "properties": {"highway": "footway", "footway": "sidewalk"}, "geometry": {"type": "LineString", "coordinates": [[2.47911756718087, 48.90950014315991], [2.479112584117999, 48.90955147937403]]}}, {"type": "Feature", "properties": {"highway": "footway", "footway": "sidewalk"}, "geometry": {"type": "LineString", "coordinates": [[2.479110767365265, 48.90957019578972], [2.479109656914225, 48.90958163578941]]}}, {"type": "Feature", "properties": {"highway": "footway", "footway": "sidewalk"}, "geometry": {"type": "LineString", "coordinates": [[2.479112584117999, 48.90955147937403], [2.479110767365265, 48.90957019578972]]}}, {"type": "Feature", "properties": {"highway": "footway", "footway": "sidewalk"}, "geometry": {"type": "LineString", "coordinates": [[2.479109656914225, 48.90958163578941], [2.479106717071436, 48.909611922376726]]}}, {"type": "Feature", "properties": {"highway": "footway", "footway": "sidewalk"}, "geometry": {"type": "LineString", "coordinates": [[2.479106717071436, 48.909611922376726], [2.479106084761592, 48.90961843649824]]}}, {"type": "Feature", "properties": {"highway": "footway", "footway": "sidewalk"}, "geometry": {"type": "LineString", "coordinates": [[2.479106084761592, 48.90961843649824], [2.479102275126394, 48.909632150883695]]}}]}