{"type": "FeatureCollection", "name": "crossings4326", "crs": {"type": "name", "properties": {"name": "urn:ogc:def:crs:OGC:1.3:CRS84"}}, "xy_coordinate_resolution": 1e-15, "features": [{"type": "Feature", "properties": {"highway": "footway", "footway": "crossing"}, "geometry": {"type": "LineString", "coordinates": [[2.479759869895279, 48.90908095265995], [2.479758783225658, 48.909092472599006], [2.479756247661267, 48.909119352456685], [2.479753712094156, 48.909146232314164], [2.479752625421704, 48.909157752253016]]}}, {"type": "Feature", "properties": {"highway": "footway", "footway": "crossing"}, "geometry": {"type": "LineString", "coordinates": [[2.477728698889719, 48.90899267084729], [2.477727306459058, 48.90900568291975], [2.477724057451371, 48.909036044421946], [2.477719628574406, 48.909077431570516], [2.477717730482039, 48.90909516891977]]}}, {"type": "Feature", "properties": {"highway": "footway", "footway": "crossing"}, "geometry": {"type": "LineString", "coordinates": [[2.476498822306723, 48.909019540671515], [2.476500059628732, 48.90900726862336], [2.476502946711061, 48.90897863384416], [2.47650583379009, 48.90894999906475], [2.476507071108664, 48.90893772701636]]}}, {"type": "Feature", "properties": {"highway": "footway", "footway": "crossing"}, "geometry": {"type": "LineString", "coordinates": [[2.476075197019565, 48.90891723109828], [2.476074043524827, 48.90892972722197], [2.476071352034867, 48.90895888484377], [2.476068660541774, 48.908988042465374], [2.476067507043775, 48.909000538588835]]}}, {"type": "Feature", "properties": {"highway": "footway", "footway": "crossing"}, "geometry": {"type": "LineString", "coordinates": [[2.476006945976119, 48.908998109555924], [2.476008244454185, 48.90898561924745], [2.47601127423382, 48.908956475194216], [2.476014304009931, 48.90892733114075], [2.476015602484328, 48.90891484083206]]}}, {"type": "Feature", "properties": {"highway": "footway", "footway": "crossing"}, "geometry": {"type": "LineString", "coordinates": [[2.475786278034648, 48.908908758739294], [2.475785035123379, 48.908920043201775], [2.475782134994907, 48.90894637361411], [2.475779234863387, 48.908972704026226], [2.475777991948945, 48.90898398848851]]}}, {"type": "Feature", "properties": {"highway": "footway", "footway": "crossing"}, "geometry": {"type": "LineString", "coordinates": [[2.475286578511712, 48.90896046928087], [2.475287602753116, 48.90894917435232], [2.475289992647927, 48.90892281951898], [2.475292382540225, 48.90889646468545], [2.475293406779011, 48.90888516975675]]}}, {"type": "Feature", "properties": {"highway": "footway", "footway": "crossing"}, "geometry": {"type": "LineString", "coordinates": [[2.480117067317938, 48.91029866601789], [2.480118444261171, 48.91030941837012], [2.480121657131012, 48.91033450719184], [2.480124870004072, 48.91035959601336], [2.480126246950654, 48.9103703483654]]}}, {"type": "Feature", "properties": {"highway": "footway", "footway": "crossing"}, "geometry": {"type": "LineString", "coordinates": [[2.479787873294434, 48.91035671320037], [2.479786108981564, 48.91034582061786], [2.479781992254519, 48.910320404591815], [2.479777875531649, 48.910294988565504], [2.479776111223126, 48.91028409598272]]}}, {"type": "Feature", "properties": {"highway": "footway", "footway": "crossing"}, "geometry": {"type": "LineString", "coordinates": [[2.47956799976481, 48.910274741839686], [2.47956686746789, 48.9102855065876], [2.479564225439851, 48.9103106243326], [2.479561583409162, 48.91033574207743], [2.479560451109485, 48.91034650682518]]}}, {"type": "Feature", "properties": {"highway": "footway", "footway": "crossing"}, "geometry": {"type": "LineString", "coordinates": [[2.47915617045848, 48.91032866830323], [2.479154141283193, 48.91031776428065], [2.479149406544293, 48.910292321561066], [2.47914467181493, 48.91026687886657], [2.479142642646675, 48.91025597485456]]}}, {"type": "Feature", "properties": {"highway": "footway", "footway": "crossing"}, "geometry": {"type": "LineString", "coordinates": [[2.478894156825191, 48.91023600072171], [2.478892788354961, 48.9102494587644], [2.478889595254902, 48.910280860863836], [2.478886402150841, 48.910312262963], [2.478885033676447, 48.91032572100543]]}}, {"type": "Feature", "properties": {"highway": "footway", "footway": "crossing"}, "geometry": {"type": "LineString", "coordinates": [[2.478701837146063, 48.910317627210055], [2.478698486818682, 48.91030396068263], [2.478690669395232, 48.91027207211816], [2.478682851981731, 48.91024018355296], [2.478679501664705, 48.9102265170248]]}}, {"type": "Feature", "properties": {"highway": "footway", "footway": "crossing"}, "geometry": {"type": "LineString", "coordinates": [[2.478433129008133, 48.91020722394583], [2.478431499714754, 48.91022318646282], [2.478427698026167, 48.91026043233549], [2.478423896331927, 48.91029767820779], [2.478422267032666, 48.9103136407244]]}}, {"type": "Feature", "properties": {"highway": "footway", "footway": "crossing"}, "geometry": {"type": "LineString", "coordinates": [[2.478322780943083, 48.91030922869222], [2.478318406899545, 48.91029299993522], [2.478308200808974, 48.91025513283471], [2.478297994733828, 48.91021726573305], [2.478293620706344, 48.91020103697484]]}}, {"type": "Feature", "properties": {"highway": "footway", "footway": "crossing"}, "geometry": {"type": "LineString", "coordinates": [[2.478055101448611, 48.91019885779887], [2.478053730528971, 48.91021231573328], [2.478050531713616, 48.91024371758008], [2.478047332894251, 48.91027511942664], [2.478045961970439, 48.91028857736079]]}}, {"type": "Feature", "properties": {"highway": "footway", "footway": "crossing"}, "geometry": {"type": "LineString", "coordinates": [[2.477308441236658, 48.910256354976646], [2.477304831403912, 48.91024226411986], [2.477296453858725, 48.91021034999135], [2.477288076324208, 48.91017843586206], [2.477284485955539, 48.91016475837784]]}}, {"type": "Feature", "properties": {"highway": "footway", "footway": "crossing"}, "geometry": {"type": "LineString", "coordinates": [[2.477044790388807, 48.91014710669992], [2.477043202987426, 48.91016266562751], [2.477039499047037, 48.91019896979164], [2.47703579510128, 48.910235273955415], [2.477034207694313, 48.91025083288264]]}}, {"type": "Feature", "properties": {"highway": "footway", "footway": "crossing"}, "geometry": {"type": "LineString", "coordinates": [[2.475960709955253, 48.909641227305116], [2.475981123606446, 48.909642160768556], [2.476028755462186, 48.90964433883585], [2.476076387322068, 48.90964651688348], [2.476096800977571, 48.909647450326425]]}}, {"type": "Feature", "properties": {"highway": "footway", "footway": "crossing"}, "geometry": {"type": "LineString", "coordinates": [[2.476318612117391, 48.90904597350689], [2.476336691317317, 48.90904676556051], [2.476378876119367, 48.90904861367459], [2.476421060924528, 48.90905046177325], [2.476439140127694, 48.9090512538108]]}}, {"type": "Feature", "properties": {"highway": "footway", "footway": "crossing"}, "geometry": {"type": "LineString", "coordinates": [[2.47639415047791, 48.90949746195784], [2.476376085094919, 48.90949653125671], [2.476333932537218, 48.90949435960974], [2.476291779983171, 48.90949218794737], [2.476273714603984, 48.90949125723021]]}}, {"type": "Feature", "properties": {"highway": "footway", "footway": "crossing"}, "geometry": {"type": "LineString", "coordinates": [[2.475932328559435, 48.90924853528416], [2.475913380493212, 48.909247679376854], [2.475869168341211, 48.90924568224774], [2.475824956192733, 48.909243685101664], [2.475806008130179, 48.909242829176726]]}}, {"type": "Feature", "properties": {"highway": "footway", "footway": "crossing"}, "geometry": {"type": "LineString", "coordinates": [[2.475828915419361, 48.90902248829211], [2.475847858135193, 48.909023394845214], [2.475892057808132, 48.90902551012368], [2.475936257484805, 48.90902762538521], [2.475955200204521, 48.90902853192069]]}}, {"type": "Feature", "properties": {"highway": "footway", "footway": "crossing"}, "geometry": {"type": "LineString", "coordinates": [[2.476444929288615, 48.90953615069664], [2.476443515071691, 48.90955017692623], [2.476440215229123, 48.90958290479507], [2.476436915382243, 48.909615632663645], [2.476435501160831, 48.909629658892946]]}}, {"type": "Feature", "properties": {"highway": "footway", "footway": "crossing"}, "geometry": {"type": "LineString", "coordinates": [[2.476214101055414, 48.90952739840966], [2.476213100649949, 48.909541193401076], [2.476210766368389, 48.90957338171425], [2.476208432083829, 48.90960557002722], [2.476207431675242, 48.90961936501841]]}}, {"type": "Feature", "properties": {"highway": "footway", "footway": "crossing"}, "geometry": {"type": "LineString", "coordinates": [[2.476148075345866, 48.909617494718496], [2.476149525627665, 48.90960371390279], [2.476152909615428, 48.90957155866593], [2.476156293598848, 48.90953940342878], [2.476157743876127, 48.90952562261278]]}}, {"type": "Feature", "properties": {"highway": "footway", "footway": "crossing"}, "geometry": {"type": "LineString", "coordinates": [[2.478467050475588, 48.909384229625346], [2.478465864180173, 48.90939622254186], [2.47846309615533, 48.90942420601358], [2.478459757698613, 48.90945795625016], [2.478458326930073, 48.90947242063717]]}}, {"type": "Feature", "properties": {"highway": "footway", "footway": "crossing"}, "geometry": {"type": "LineString", "coordinates": [[2.478625551819383, 48.909327355343116], [2.478609216436852, 48.90932665328483], [2.47857110054606, 48.90932501513979], [2.47853298465776, 48.90932337698215], [2.478516649277823, 48.90932267491074]]}}, {"type": "Feature", "properties": {"highway": "footway", "footway": "crossing"}, "geometry": {"type": "LineString", "coordinates": [[2.478877838560835, 48.909334929615625], [2.478894189952149, 48.909335458372624], [2.478932343199888, 48.90933669212994], [2.478970496449505, 48.90933792587463], [2.478986847842774, 48.90933845461849]]}}, {"type": "Feature", "properties": {"highway": "footway", "footway": "crossing"}, "geometry": {"type": "LineString", "coordinates": [[2.478997223677518, 48.90947462656042], [2.479004980995698, 48.90946456981451], [2.479023081392676, 48.90944110407197], [2.479040393315709, 48.90941866050066], [2.479047812706547, 48.90940904182642]]}}, {"type": "Feature", "properties": {"highway": "footway", "footway": "crossing"}, "geometry": {"type": "LineString", "coordinates": [[2.477562833543918, 48.90894835073135], [2.477546155243223, 48.90894766686234], [2.477507239210038, 48.90894607115857], [2.47746832317933, 48.90894447544166], [2.477451644881214, 48.90894379155897]]}}, {"type": "Feature", "properties": {"highway": "footway", "footway": "crossing"}, "geometry": {"type": "LineString", "coordinates": [[2.478790453793933, 48.90845984983448], [2.478806790307621, 48.90846054342605], [2.478844908841318, 48.90846216179738], [2.478883027377476, 48.908463780156126], [2.478899363893727, 48.908464473734576]]}}, {"type": "Feature", "properties": {"highway": "footway", "footway": "crossing"}, "geometry": {"type": "LineString", "coordinates": [[2.478840086958016, 48.90900071731108], [2.478823747641086, 48.90900004748603], [2.478785622569949, 48.90899848455192], [2.478747497501189, 48.908996921605215], [2.478731158186735, 48.90899625176705]]}}, {"type": "Feature", "properties": {"highway": "footway", "footway": "crossing"}, "geometry": {"type": "LineString", "coordinates": [[2.477353799319607, 48.90938356432653], [2.477354744993574, 48.90937279175435], [2.477356951564579, 48.90934765575248], [2.477359310771775, 48.909320780977865], [2.477360321859799, 48.90930926321727]]}}, {"type": "Feature", "properties": {"highway": "footway", "footway": "crossing"}, "geometry": {"type": "LineString", "coordinates": [[2.477395572616846, 48.90931310004687], [2.47741271554402, 48.90932456255916], [2.477452715737924, 48.90935130841116], [2.477492715974532, 48.90937805424917], [2.47750985894615, 48.909389516746884]]}}, {"type": "Feature", "properties": {"highway": "footway", "footway": "crossing"}, "geometry": {"type": "LineString", "coordinates": [[2.478670328964653, 48.909436250519164], [2.478671131124865, 48.9094254728896], [2.478673002830688, 48.9094003250872], [2.478674874534632, 48.909375177284666], [2.47867567669289, 48.909364399654955]]}}, {"type": "Feature", "properties": {"highway": "footway", "footway": "crossing"}, "geometry": {"type": "LineString", "coordinates": [[2.478820069010915, 48.90936906905791], [2.478819087448258, 48.909379840886096], [2.478816797133749, 48.90940497515173], [2.478814506816944, 48.9094301094172], [2.478813525251896, 48.9094408812452]]}}, {"type": "Feature", "properties": {"highway": "footway", "footway": "crossing"}, "geometry": {"type": "LineString", "coordinates": [[2.477189990800964, 48.90939652134641], [2.477168776464257, 48.90939571214354], [2.477119276347939, 48.90939382398835], [2.477080347678331, 48.90939233906026], [2.477063690995347, 48.90939170670816]]}}, {"type": "Feature", "properties": {"highway": "footway", "footway": "crossing"}, "geometry": {"type": "LineString", "coordinates": [[2.477340880585936, 48.90929500848637], [2.477323571628156, 48.90929079383846], [2.47728331632768, 48.909280922620795], [2.477245929734885, 48.90927175483819], [2.47722990691359, 48.90926782578481]]}}, {"type": "Feature", "properties": {"highway": "footway", "footway": "crossing"}, "geometry": {"type": "LineString", "coordinates": [[2.477585910549766, 48.909289884568324], [2.477602254793968, 48.90929050794801], [2.477640391365353, 48.90929196249158], [2.477678527938953, 48.90929341702256], [2.477694872185459, 48.90929404038912]]}}, {"type": "Feature", "properties": {"highway": "footway", "footway": "crossing"}, "geometry": {"type": "LineString", "coordinates": [[2.477716966572327, 48.90943441443981], [2.477727313140321, 48.90942263040869], [2.477751455113383, 48.9093951343324], [2.477770585298543, 48.9093733463188], [2.477778783944234, 48.909364008597706]]}}, {"type": "Feature", "properties": {"highway": "footway", "footway": "crossing"}, "geometry": {"type": "LineString", "coordinates": [[2.479827414882147, 48.90921183013572], [2.479843754119082, 48.909212499811886], [2.479881879006961, 48.909214062380606], [2.479920003897218, 48.90921562493673], [2.479936343136627, 48.90921629459978]]}}, {"type": "Feature", "properties": {"highway": "footway", "footway": "crossing"}, "geometry": {"type": "LineString", "coordinates": [[2.476269814135402, 48.90888927060397], [2.47624939724675, 48.9088883714503], [2.476201757842747, 48.90888627341105], [2.476154118442733, 48.90888417535211], [2.476133701558234, 48.90888327617796]]}}, {"type": "Feature", "properties": {"highway": "footway", "footway": "crossing"}, "geometry": {"type": "LineString", "coordinates": [[2.476191542632167, 48.9083233322723], [2.476212085806558, 48.90832451888556], [2.476260019883921, 48.908327287635586], [2.476312142944666, 48.90833029832514], [2.476334481401188, 48.90833158861345]]}}, {"type": "Feature", "properties": {"highway": "footway", "footway": "crossing"}, "geometry": {"type": "LineString", "coordinates": [[2.474964816211076, 48.908763372348105], [2.474947059217039, 48.90876253761561], [2.474905626233254, 48.90876058989585], [2.47486419325269, 48.9087586421612], [2.474846436262006, 48.90875780741322]]}}, {"type": "Feature", "properties": {"highway": "footway", "footway": "crossing"}, "geometry": {"type": "LineString", "coordinates": [[2.475116367756718, 48.90902924513823], [2.475100039439739, 48.90902846360019], [2.475061940035436, 48.90902664000241], [2.475023840633906, 48.90902481639205], [2.475007512319813, 48.9090240348409]]}}, {"type": "Feature", "properties": {"highway": "footway", "footway": "crossing"}, "geometry": {"type": "LineString", "coordinates": [[2.475630569073421, 48.9094613300504], [2.475629633673973, 48.90947210301224], [2.475627451073698, 48.909497239923084], [2.475624636386358, 48.90952965651523], [2.475623430090669, 48.90954354934035]]}}, {"type": "Feature", "properties": {"highway": "footway", "footway": "crossing"}, "geometry": {"type": "LineString", "coordinates": [[2.475364016649967, 48.90952332861158], [2.475355435115624, 48.909512196584956], [2.475335411550319, 48.90948622185362], [2.475315388005774, 48.9094602471187], [2.475306806493037, 48.909449115088336]]}}, {"type": "Feature", "properties": {"highway": "footway", "footway": "crossing"}, "geometry": {"type": "LineString", "coordinates": [[2.475738262781756, 48.90928790762844], [2.475737416266119, 48.90929868378401], [2.475735441061552, 48.909323828146896], [2.475733465855, 48.90934897250964], [2.4757326193373, 48.90935974866505]]}}, {"type": "Feature", "properties": {"highway": "footway", "footway": "crossing"}, "geometry": {"type": "LineString", "coordinates": [[2.47522527816384, 48.909342430988495], [2.47521672730938, 48.90933133404027], [2.475196775330368, 48.90930544115852], [2.475176823371974, 48.90927954827323], [2.475168272538974, 48.90926845132128]]}}, {"type": "Feature", "properties": {"highway": "footway", "footway": "crossing"}, "geometry": {"type": "LineString", "coordinates": [[2.475279418803356, 48.90960864366494], [2.475260506361631, 48.90960793010307], [2.475216377333037, 48.90960626511332], [2.475172249017973, 48.909604600133484], [2.475153336883843, 48.90960388656554]]}}, {"type": "Feature", "properties": {"highway": "footway", "footway": "crossing"}, "geometry": {"type": "LineString", "coordinates": [[2.475110670879909, 48.90938971138271], [2.475096075583387, 48.909394597976274], [2.475062019880432, 48.909406000020695], [2.47502796416196, 48.90941740205505], [2.4750133688493, 48.909422288638105]]}}, {"type": "Feature", "properties": {"highway": "footway", "footway": "crossing"}, "geometry": {"type": "LineString", "coordinates": [[2.475098917009448, 48.909372206587115], [2.475079525870145, 48.909371544620996], [2.475034279880433, 48.90937000002069], [2.474990280894206, 48.90936849797328], [2.474971424186631, 48.909367854233544]]}}, {"type": "Feature", "properties": {"highway": "footway", "footway": "crossing"}, "geometry": {"type": "LineString", "coordinates": [[2.474932914391006, 48.90915199038589], [2.474917023387988, 48.909157311617435], [2.474879944367823, 48.909169727815836], [2.474845889862166, 48.90918113121609], [2.474831295069283, 48.90918601838456]]}}, {"type": "Feature", "properties": {"highway": "footway", "footway": "crossing"}, "geometry": {"type": "LineString", "coordinates": [[2.474849621267081, 48.909046333085314], [2.474832622240466, 48.9090456358592], [2.474793947763026, 48.90904390157185], [2.474755814438983, 48.909042191538724], [2.474739471586619, 48.90904145866352]]}}, {"type": "Feature", "properties": {"highway": "footway", "footway": "crossing"}, "geometry": {"type": "LineString", "coordinates": [[2.479630426266975, 48.910390949195936], [2.479646704173031, 48.910389803665446], [2.479684685950934, 48.91038713075199], [2.479723127740167, 48.91038442545288], [2.479739602791425, 48.91038326603505]]}}, {"type": "Feature", "properties": {"highway": "footway", "footway": "crossing"}, "geometry": {"type": "LineString", "coordinates": [[2.478155711339764, 48.91034391790158], [2.478171828523816, 48.91034202735916], [2.478209435281876, 48.91033761608473], [2.478248852461207, 48.91033299243381], [2.478265745535837, 48.91033101086501]]}}, {"type": "Feature", "properties": {"highway": "footway", "footway": "crossing"}, "geometry": {"type": "LineString", "coordinates": [[2.478477914519794, 48.911535642703114], [2.478494014430391, 48.91153368687352], [2.478531580883558, 48.91152912326239], [2.478569147323091, 48.91152455963985], [2.478585247223656, 48.91152260379787]]}}, {"type": "Feature", "properties": {"highway": "footway", "footway": "crossing"}, "geometry": {"type": "LineString", "coordinates": [[2.477603269400068, 48.91164267336396], [2.477583085042211, 48.91164489375527], [2.477535988200256, 48.91165007465463], [2.477488891348505, 48.91165525553474], [2.477468706980488, 48.91165747590606]]}}, {"type": "Feature", "properties": {"highway": "footway", "footway": "crossing"}, "geometry": {"type": "LineString", "coordinates": [[2.477312212378918, 48.91103938151093], [2.477332452227077, 48.911037381291784], [2.477379678533165, 48.91103271409998], [2.477426904830109, 48.91102804688885], [2.477447144668963, 48.91102604664961]]}}, {"type": "Feature", "properties": {"highway": "footway", "footway": "crossing"}, "geometry": {"type": "LineString", "coordinates": [[2.477414031922589, 48.91085591069863], [2.477390374451772, 48.910858794491055], [2.477335173675942, 48.91086552332113], [2.477279972885304, 48.910872252124804], [2.477255700618562, 48.910875160412516]]}}, {"type": "Feature", "properties": {"highway": "footway", "footway": "crossing"}, "geometry": {"type": "LineString", "coordinates": [[2.477265118641051, 48.910287804217354], [2.477240542753048, 48.910286697104944], [2.477182912837653, 48.91028414680147], [2.477125282928126, 48.910281596469204], [2.477100584397267, 48.910280503460854]]}}, {"type": "Feature", "properties": {"highway": "footway", "footway": "crossing"}, "geometry": {"type": "LineString", "coordinates": [[2.478959382462227, 48.91037299668482], [2.478981902200695, 48.91037117589734], [2.479034448250756, 48.91036692737614], [2.479086994291907, 48.91036267883099], [2.479109514021101, 48.9103608580186]]}}, {"type": "Feature", "properties": {"highway": "footway", "footway": "crossing"}, "geometry": {"type": "LineString", "coordinates": [[2.477224452024469, 48.91090600408418], [2.477227939949774, 48.910921333789545], [2.47723607845045, 48.91095710310149], [2.477244176152267, 48.910992693047966], [2.477247646599424, 48.91100794588192]]}}, {"type": "Feature", "properties": {"highway": "footway", "footway": "crossing"}, "geometry": {"type": "LineString", "coordinates": [[2.476852933983066, 48.911046873717126], [2.476844042253255, 48.9110323090429], [2.476823217631121, 48.91099797912449], [2.476802393037679, 48.91096364920238], [2.476793468220654, 48.910948936377395]]}}, {"type": "Feature", "properties": {"highway": "footway", "footway": "crossing"}, "geometry": {"type": "LineString", "coordinates": [[2.478504475283373, 48.91036197246794], [2.478526251343473, 48.91035965840488], [2.478577062142551, 48.9103542589084], [2.478628156423741, 48.91034882926344], [2.478650053969432, 48.91034650226582]]}}, {"type": "Feature", "properties": {"highway": "footway", "footway": "crossing"}, "geometry": {"type": "LineString", "coordinates": [[2.478720832948766, 48.911760700883185], [2.478716668060276, 48.91174748237355], [2.478706949995679, 48.91171663918366], [2.478697231943048, 48.911685795992796], [2.478693067067012, 48.91167257748212]]}}, {"type": "Feature", "properties": {"highway": "footway", "footway": "crossing"}, "geometry": {"type": "LineString", "coordinates": [[2.477372755045103, 48.91193134979045], [2.477369288726239, 48.91191725105584], [2.477361200656475, 48.91188435400788], [2.477353562469796, 48.91185328675362], [2.477350288964119, 48.91183997221587]]}}, {"type": "Feature", "properties": {"highway": "footway", "footway": "crossing"}, "geometry": {"type": "LineString", "coordinates": [[2.477456751181036, 48.911828600392916], [2.477460125663037, 48.911841904144715], [2.477467999461339, 48.91187294623175], [2.477475873269398, 48.91190398831807], [2.477479247761553, 48.91191729206915]]}}, {"type": "Feature", "properties": {"highway": "footway", "footway": "crossing"}, "geometry": {"type": "LineString", "coordinates": [[2.477552266596034, 48.91220735115446], [2.47754993957242, 48.9121958236131], [2.477544509854818, 48.912168926016314], [2.477539471665656, 48.912143967937006], [2.477537312443265, 48.912133271617186]]}}, {"type": "Feature", "properties": {"highway": "footway", "footway": "crossing"}, "geometry": {"type": "LineString", "coordinates": [[2.480167987819932, 48.9096800042452], [2.480147529028657, 48.909680268815166], [2.480099791848175, 48.90968088613095], [2.480052054666517, 48.90968150342698], [2.480031595874017, 48.90968176797637]]}}, {"type": "Feature", "properties": {"highway": "footway", "footway": "crossing"}, "geometry": {"type": "LineString", "coordinates": [[2.480158011432892, 48.909457199442286], [2.480137623140768, 48.909459011739635], [2.48009005045341, 48.90946324041943], [2.480042477735416, 48.909467469081605], [2.480022089425247, 48.909469281359385]]}}, {"type": "Feature", "properties": {"barrier": "kerb"}, "geometry": {"type": "Point", "coordinates": [2.479758783225658, 48.909092472599006]}}, {"type": "Feature", "properties": {"barrier": "kerb"}, "geometry": {"type": "Point", "coordinates": [2.479753712094156, 48.909146232314164]}}, {"type": "Feature", "properties": {"barrier": "kerb"}, "geometry": {"type": "Point", "coordinates": [2.477727306459058, 48.90900568291975]}}, {"type": "Feature", "properties": {"barrier": "kerb"}, "geometry": {"type": "Point", "coordinates": [2.477719628574406, 48.909077431570516]}}, {"type": "Feature", "properties": {"barrier": "kerb"}, "geometry": {"type": "Point", "coordinates": [2.476500059628732, 48.90900726862336]}}, {"type": "Feature", "properties": {"barrier": "kerb"}, "geometry": {"type": "Point", "coordinates": [2.47650583379009, 48.90894999906475]}}, {"type": "Feature", "properties": {"barrier": "kerb"}, "geometry": {"type": "Point", "coordinates": [2.476074043524827, 48.90892972722197]}}, {"type": "Feature", "properties": {"barrier": "kerb"}, "geometry": {"type": "Point", "coordinates": [2.476068660541774, 48.908988042465374]}}, {"type": "Feature", "properties": {"barrier": "kerb"}, "geometry": {"type": "Point", "coordinates": [2.476008244454185, 48.90898561924745]}}, {"type": "Feature", "properties": {"barrier": "kerb"}, "geometry": {"type": "Point", "coordinates": [2.476014304009931, 48.90892733114075]}}, {"type": "Feature", "properties": {"barrier": "kerb"}, "geometry": {"type": "Point", "coordinates": [2.475785035123379, 48.908920043201775]}}, {"type": "Feature", "properties": {"barrier": "kerb"}, "geometry": {"type": "Point", "coordinates": [2.475779234863387, 48.908972704026226]}}, {"type": "Feature", "properties": {"barrier": "kerb"}, "geometry": {"type": "Point", "coordinates": [2.475287602753116, 48.90894917435232]}}, {"type": "Feature", "properties": {"barrier": "kerb"}, "geometry": {"type": "Point", "coordinates": [2.475292382540225, 48.90889646468545]}}, {"type": "Feature", "properties": {"barrier": "kerb"}, "geometry": {"type": "Point", "coordinates": [2.480118444261171, 48.91030941837012]}}, {"type": "Feature", "properties": {"barrier": "kerb"}, "geometry": {"type": "Point", "coordinates": [2.480124870004072, 48.91035959601336]}}, {"type": "Feature", "properties": {"barrier": "kerb"}, "geometry": {"type": "Point", "coordinates": [2.479786108981564, 48.91034582061786]}}, {"type": "Feature", "properties": {"barrier": "kerb"}, "geometry": {"type": "Point", "coordinates": [2.479777875531649, 48.910294988565504]}}, {"type": "Feature", "properties": {"barrier": "kerb"}, "geometry": {"type": "Point", "coordinates": [2.47956686746789, 48.9102855065876]}}, {"type": "Feature", "properties": {"barrier": "kerb"}, "geometry": {"type": "Point", "coordinates": [2.479561583409162, 48.91033574207743]}}, {"type": "Feature", "properties": {"barrier": "kerb"}, "geometry": {"type": "Point", "coordinates": [2.479154141283193, 48.91031776428065]}}, {"type": "Feature", "properties": {"barrier": "kerb"}, "geometry": {"type": "Point", "coordinates": [2.47914467181493, 48.91026687886657]}}, {"type": "Feature", "properties": {"barrier": "kerb"}, "geometry": {"type": "Point", "coordinates": [2.478892788354961, 48.9102494587644]}}, {"type": "Feature", "properties": {"barrier": "kerb"}, "geometry": {"type": "Point", "coordinates": [2.478886402150841, 48.910312262963]}}, {"type": "Feature", "properties": {"barrier": "kerb"}, "geometry": {"type": "Point", "coordinates": [2.478698486818682, 48.91030396068263]}}, {"type": "Feature", "properties": {"barrier": "kerb"}, "geometry": {"type": "Point", "coordinates": [2.478682851981731, 48.91024018355296]}}, {"type": "Feature", "properties": {"barrier": "kerb"}, "geometry": {"type": "Point", "coordinates": [2.478431499714754, 48.91022318646282]}}, {"type": "Feature", "properties": {"barrier": "kerb"}, "geometry": {"type": "Point", "coordinates": [2.478423896331927, 48.91029767820779]}}, {"type": "Feature", "properties": {"barrier": "kerb"}, "geometry": {"type": "Point", "coordinates": [2.478318406899545, 48.91029299993522]}}, {"type": "Feature", "properties": {"barrier": "kerb"}, "geometry": {"type": "Point", "coordinates": [2.478297994733828, 48.91021726573305]}}, {"type": "Feature", "properties": {"barrier": "kerb"}, "geometry": {"type": "Point", "coordinates": [2.478053730528971, 48.91021231573328]}}, {"type": "Feature", "properties": {"barrier": "kerb"}, "geometry": {"type": "Point", "coordinates": [2.478047332894251, 48.91027511942664]}}, {"type": "Feature", "properties": {"barrier": "kerb"}, "geometry": {"type": "Point", "coordinates": [2.477304831403912, 48.91024226411986]}}, {"type": "Feature", "properties": {"barrier": "kerb"}, "geometry": {"type": "Point", "coordinates": [2.477288076324208, 48.91017843586206]}}, {"type": "Feature", "properties": {"barrier": "kerb"}, "geometry": {"type": "Point", "coordinates": [2.477043202987426, 48.91016266562751]}}, {"type": "Feature", "properties": {"barrier": "kerb"}, "geometry": {"type": "Point", "coordinates": [2.47703579510128, 48.910235273955415]}}, {"type": "Feature", "properties": {"barrier": "kerb"}, "geometry": {"type": "Point", "coordinates": [2.475981123606446, 48.909642160768556]}}, {"type": "Feature", "properties": {"barrier": "kerb"}, "geometry": {"type": "Point", "coordinates": [2.476076387322068, 48.90964651688348]}}, {"type": "Feature", "properties": {"barrier": "kerb"}, "geometry": {"type": "Point", "coordinates": [2.476336691317317, 48.90904676556051]}}, {"type": "Feature", "properties": {"barrier": "kerb"}, "geometry": {"type": "Point", "coordinates": [2.476421060924528, 48.90905046177325]}}, {"type": "Feature", "properties": {"barrier": "kerb"}, "geometry": {"type": "Point", "coordinates": [2.476376085094919, 48.90949653125671]}}, {"type": "Feature", "properties": {"barrier": "kerb"}, "geometry": {"type": "Point", "coordinates": [2.476291779983171, 48.90949218794737]}}, {"type": "Feature", "properties": {"barrier": "kerb"}, "geometry": {"type": "Point", "coordinates": [2.475913380493212, 48.909247679376854]}}, {"type": "Feature", "properties": {"barrier": "kerb"}, "geometry": {"type": "Point", "coordinates": [2.475824956192733, 48.909243685101664]}}, {"type": "Feature", "properties": {"barrier": "kerb"}, "geometry": {"type": "Point", "coordinates": [2.475847858135193, 48.909023394845214]}}, {"type": "Feature", "properties": {"barrier": "kerb"}, "geometry": {"type": "Point", "coordinates": [2.475936257484805, 48.90902762538521]}}, {"type": "Feature", "properties": {"barrier": "kerb"}, "geometry": {"type": "Point", "coordinates": [2.476443515071691, 48.90955017692623]}}, {"type": "Feature", "properties": {"barrier": "kerb"}, "geometry": {"type": "Point", "coordinates": [2.476436915382243, 48.909615632663645]}}, {"type": "Feature", "properties": {"barrier": "kerb"}, "geometry": {"type": "Point", "coordinates": [2.476213100649949, 48.909541193401076]}}, {"type": "Feature", "properties": {"barrier": "kerb"}, "geometry": {"type": "Point", "coordinates": [2.476208432083829, 48.90960557002722]}}, {"type": "Feature", "properties": {"barrier": "kerb"}, "geometry": {"type": "Point", "coordinates": [2.476149525627665, 48.90960371390279]}}, {"type": "Feature", "properties": {"barrier": "kerb"}, "geometry": {"type": "Point", "coordinates": [2.476156293598848, 48.90953940342878]}}, {"type": "Feature", "properties": {"barrier": "kerb"}, "geometry": {"type": "Point", "coordinates": [2.478465864180173, 48.90939622254186]}}, {"type": "Feature", "properties": {"barrier": "kerb"}, "geometry": {"type": "Point", "coordinates": [2.478459757698613, 48.90945795625016]}}, {"type": "Feature", "properties": {"barrier": "kerb"}, "geometry": {"type": "Point", "coordinates": [2.478609216436852, 48.90932665328483]}}, {"type": "Feature", "properties": {"barrier": "kerb"}, "geometry": {"type": "Point", "coordinates": [2.47853298465776, 48.90932337698215]}}, {"type": "Feature", "properties": {"barrier": "kerb"}, "geometry": {"type": "Point", "coordinates": [2.478894189952149, 48.909335458372624]}}, {"type": "Feature", "properties": {"barrier": "kerb"}, "geometry": {"type": "Point", "coordinates": [2.478970496449505, 48.90933792587463]}}, {"type": "Feature", "properties": {"barrier": "kerb"}, "geometry": {"type": "Point", "coordinates": [2.479004980995698, 48.90946456981451]}}, {"type": "Feature", "properties": {"barrier": "kerb"}, "geometry": {"type": "Point", "coordinates": [2.479040393315709, 48.90941866050066]}}, {"type": "Feature", "properties": {"barrier": "kerb"}, "geometry": {"type": "Point", "coordinates": [2.477546155243223, 48.90894766686234]}}, {"type": "Feature", "properties": {"barrier": "kerb"}, "geometry": {"type": "Point", "coordinates": [2.47746832317933, 48.90894447544166]}}, {"type": "Feature", "properties": {"barrier": "kerb"}, "geometry": {"type": "Point", "coordinates": [2.478806790307621, 48.90846054342605]}}, {"type": "Feature", "properties": {"barrier": "kerb"}, "geometry": {"type": "Point", "coordinates": [2.478883027377476, 48.908463780156126]}}, {"type": "Feature", "properties": {"barrier": "kerb"}, "geometry": {"type": "Point", "coordinates": [2.478823747641086, 48.90900004748603]}}, {"type": "Feature", "properties": {"barrier": "kerb"}, "geometry": {"type": "Point", "coordinates": [2.478747497501189, 48.908996921605215]}}, {"type": "Feature", "properties": {"barrier": "kerb"}, "geometry": {"type": "Point", "coordinates": [2.477354744993574, 48.90937279175435]}}, {"type": "Feature", "properties": {"barrier": "kerb"}, "geometry": {"type": "Point", "coordinates": [2.477359310771775, 48.909320780977865]}}, {"type": "Feature", "properties": {"barrier": "kerb"}, "geometry": {"type": "Point", "coordinates": [2.47741271554402, 48.90932456255916]}}, {"type": "Feature", "properties": {"barrier": "kerb"}, "geometry": {"type": "Point", "coordinates": [2.477492715974532, 48.90937805424917]}}, {"type": "Feature", "properties": {"barrier": "kerb"}, "geometry": {"type": "Point", "coordinates": [2.478671131124865, 48.9094254728896]}}, {"type": "Feature", "properties": {"barrier": "kerb"}, "geometry": {"type": "Point", "coordinates": [2.478674874534632, 48.909375177284666]}}, {"type": "Feature", "properties": {"barrier": "kerb"}, "geometry": {"type": "Point", "coordinates": [2.478819087448258, 48.909379840886096]}}, {"type": "Feature", "properties": {"barrier": "kerb"}, "geometry": {"type": "Point", "coordinates": [2.478814506816944, 48.9094301094172]}}, {"type": "Feature", "properties": {"barrier": "kerb"}, "geometry": {"type": "Point", "coordinates": [2.477168776464257, 48.90939571214354]}}, {"type": "Feature", "properties": {"barrier": "kerb"}, "geometry": {"type": "Point", "coordinates": [2.477080347678331, 48.90939233906026]}}, {"type": "Feature", "properties": {"barrier": "kerb"}, "geometry": {"type": "Point", "coordinates": [2.477323571628156, 48.90929079383846]}}, {"type": "Feature", "properties": {"barrier": "kerb"}, "geometry": {"type": "Point", "coordinates": [2.477245929734885, 48.90927175483819]}}, {"type": "Feature", "properties": {"barrier": "kerb"}, "geometry": {"type": "Point", "coordinates": [2.477602254793968, 48.90929050794801]}}, {"type": "Feature", "properties": {"barrier": "kerb"}, "geometry": {"type": "Point", "coordinates": [2.477678527938953, 48.90929341702256]}}, {"type": "Feature", "properties": {"barrier": "kerb"}, "geometry": {"type": "Point", "coordinates": [2.477727313140321, 48.90942263040869]}}, {"type": "Feature", "properties": {"barrier": "kerb"}, "geometry": {"type": "Point", "coordinates": [2.477770585298543, 48.9093733463188]}}, {"type": "Feature", "properties": {"barrier": "kerb"}, "geometry": {"type": "Point", "coordinates": [2.479843754119082, 48.909212499811886]}}, {"type": "Feature", "properties": {"barrier": "kerb"}, "geometry": {"type": "Point", "coordinates": [2.479920003897218, 48.90921562493673]}}, {"type": "Feature", "properties": {"barrier": "kerb"}, "geometry": {"type": "Point", "coordinates": [2.47624939724675, 48.9088883714503]}}, {"type": "Feature", "properties": {"barrier": "kerb"}, "geometry": {"type": "Point", "coordinates": [2.476154118442733, 48.90888417535211]}}, {"type": "Feature", "properties": {"barrier": "kerb"}, "geometry": {"type": "Point", "coordinates": [2.476212085806558, 48.90832451888556]}}, {"type": "Feature", "properties": {"barrier": "kerb"}, "geometry": {"type": "Point", "coordinates": [2.476312142944666, 48.90833029832514]}}, {"type": "Feature", "properties": {"barrier": "kerb"}, "geometry": {"type": "Point", "coordinates": [2.474947059217039, 48.90876253761561]}}, {"type": "Feature", "properties": {"barrier": "kerb"}, "geometry": {"type": "Point", "coordinates": [2.47486419325269, 48.9087586421612]}}, {"type": "Feature", "properties": {"barrier": "kerb"}, "geometry": {"type": "Point", "coordinates": [2.475100039439739, 48.90902846360019]}}, {"type": "Feature", "properties": {"barrier": "kerb"}, "geometry": {"type": "Point", "coordinates": [2.475023840633906, 48.90902481639205]}}, {"type": "Feature", "properties": {"barrier": "kerb"}, "geometry": {"type": "Point", "coordinates": [2.475629633673973, 48.90947210301224]}}, {"type": "Feature", "properties": {"barrier": "kerb"}, "geometry": {"type": "Point", "coordinates": [2.475624636386358, 48.90952965651523]}}, {"type": "Feature", "properties": {"barrier": "kerb"}, "geometry": {"type": "Point", "coordinates": [2.475355435115624, 48.909512196584956]}}, {"type": "Feature", "properties": {"barrier": "kerb"}, "geometry": {"type": "Point", "coordinates": [2.475315388005774, 48.9094602471187]}}, {"type": "Feature", "properties": {"barrier": "kerb"}, "geometry": {"type": "Point", "coordinates": [2.475737416266119, 48.90929868378401]}}, {"type": "Feature", "properties": {"barrier": "kerb"}, "geometry": {"type": "Point", "coordinates": [2.475733465855, 48.90934897250964]}}, {"type": "Feature", "properties": {"barrier": "kerb"}, "geometry": {"type": "Point", "coordinates": [2.47521672730938, 48.90933133404027]}}, {"type": "Feature", "properties": {"barrier": "kerb"}, "geometry": {"type": "Point", "coordinates": [2.475176823371974, 48.90927954827323]}}, {"type": "Feature", "properties": {"barrier": "kerb"}, "geometry": {"type": "Point", "coordinates": [2.475260506361631, 48.90960793010307]}}, {"type": "Feature", "properties": {"barrier": "kerb"}, "geometry": {"type": "Point", "coordinates": [2.475172249017973, 48.909604600133484]}}, {"type": "Feature", "properties": {"barrier": "kerb"}, "geometry": {"type": "Point", "coordinates": [2.475096075583387, 48.909394597976274]}}, {"type": "Feature", "properties": {"barrier": "kerb"}, "geometry": {"type": "Point", "coordinates": [2.47502796416196, 48.90941740205505]}}, {"type": "Feature", "properties": {"barrier": "kerb"}, "geometry": {"type": "Point", "coordinates": [2.475079525870145, 48.909371544620996]}}, {"type": "Feature", "properties": {"barrier": "kerb"}, "geometry": {"type": "Point", "coordinates": [2.474990280894206, 48.90936849797328]}}, {"type": "Feature", "properties": {"barrier": "kerb"}, "geometry": {"type": "Point", "coordinates": [2.474917023387988, 48.909157311617435]}}, {"type": "Feature", "properties": {"barrier": "kerb"}, "geometry": {"type": "Point", "coordinates": [2.474845889862166, 48.90918113121609]}}, {"type": "Feature", "properties": {"barrier": "kerb"}, "geometry": {"type": "Point", "coordinates": [2.474832622240466, 48.9090456358592]}}, {"type": "Feature", "properties": {"barrier": "kerb"}, "geometry": {"type": "Point", "coordinates": [2.474755814438983, 48.909042191538724]}}, {"type": "Feature", "properties": {"barrier": "kerb"}, "geometry": {"type": "Point", "coordinates": [2.479646704173031, 48.910389803665446]}}, {"type": "Feature", "properties": {"barrier": "kerb"}, "geometry": {"type": "Point", "coordinates": [2.479723127740167, 48.91038442545288]}}, {"type": "Feature", "properties": {"barrier": "kerb"}, "geometry": {"type": "Point", "coordinates": [2.478171828523816, 48.91034202735916]}}, {"type": "Feature", "properties": {"barrier": "kerb"}, "geometry": {"type": "Point", "coordinates": [2.478248852461207, 48.91033299243381]}}, {"type": "Feature", "properties": {"barrier": "kerb"}, "geometry": {"type": "Point", "coordinates": [2.478494014430391, 48.91153368687352]}}, {"type": "Feature", "properties": {"barrier": "kerb"}, "geometry": {"type": "Point", "coordinates": [2.478569147323091, 48.91152455963985]}}, {"type": "Feature", "properties": {"barrier": "kerb"}, "geometry": {"type": "Point", "coordinates": [2.477583085042211, 48.91164489375527]}}, {"type": "Feature", "properties": {"barrier": "kerb"}, "geometry": {"type": "Point", "coordinates": [2.477488891348505, 48.91165525553474]}}, {"type": "Feature", "properties": {"barrier": "kerb"}, "geometry": {"type": "Point", "coordinates": [2.477332452227077, 48.911037381291784]}}, {"type": "Feature", "properties": {"barrier": "kerb"}, "geometry": {"type": "Point", "coordinates": [2.477426904830109, 48.91102804688885]}}, {"type": "Feature", "properties": {"barrier": "kerb"}, "geometry": {"type": "Point", "coordinates": [2.477390374451772, 48.910858794491055]}}, {"type": "Feature", "properties": {"barrier": "kerb"}, "geometry": {"type": "Point", "coordinates": [2.477279972885304, 48.910872252124804]}}, {"type": "Feature", "properties": {"barrier": "kerb"}, "geometry": {"type": "Point", "coordinates": [2.477240542753048, 48.910286697104944]}}, {"type": "Feature", "properties": {"barrier": "kerb"}, "geometry": {"type": "Point", "coordinates": [2.477125282928126, 48.910281596469204]}}, {"type": "Feature", "properties": {"barrier": "kerb"}, "geometry": {"type": "Point", "coordinates": [2.478981902200695, 48.91037117589734]}}, {"type": "Feature", "properties": {"barrier": "kerb"}, "geometry": {"type": "Point", "coordinates": [2.479086994291907, 48.91036267883099]}}, {"type": "Feature", "properties": {"barrier": "kerb"}, "geometry": {"type": "Point", "coordinates": [2.477227939949774, 48.910921333789545]}}, {"type": "Feature", "properties": {"barrier": "kerb"}, "geometry": {"type": "Point", "coordinates": [2.477244176152267, 48.910992693047966]}}, {"type": "Feature", "properties": {"barrier": "kerb"}, "geometry": {"type": "Point", "coordinates": [2.476844042253255, 48.9110323090429]}}, {"type": "Feature", "properties": {"barrier": "kerb"}, "geometry": {"type": "Point", "coordinates": [2.476802393037679, 48.91096364920238]}}, {"type": "Feature", "properties": {"barrier": "kerb"}, "geometry": {"type": "Point", "coordinates": [2.478526251343473, 48.91035965840488]}}, {"type": "Feature", "properties": {"barrier": "kerb"}, "geometry": {"type": "Point", "coordinates": [2.478628156423741, 48.91034882926344]}}, {"type": "Feature", "properties": {"barrier": "kerb"}, "geometry": {"type": "Point", "coordinates": [2.478716668060276, 48.91174748237355]}}, {"type": "Feature", "properties": {"barrier": "kerb"}, "geometry": {"type": "Point", "coordinates": [2.478697231943048, 48.911685795992796]}}, {"type": "Feature", "properties": {"barrier": "kerb"}, "geometry": {"type": "Point", "coordinates": [2.477369288726239, 48.91191725105584]}}, {"type": "Feature", "properties": {"barrier": "kerb"}, "geometry": {"type": "Point", "coordinates": [2.477353562469796, 48.91185328675362]}}, {"type": "Feature", "properties": {"barrier": "kerb"}, "geometry": {"type": "Point", "coordinates": [2.477460125663037, 48.911841904144715]}}, {"type": "Feature", "properties": {"barrier": "kerb"}, "geometry": {"type": "Point", "coordinates": [2.477475873269398, 48.91190398831807]}}, {"type": "Feature", "properties": {"barrier": "kerb"}, "geometry": {"type": "Point", "coordinates": [2.47754993957242, 48.9121958236131]}}, {"type": "Feature", "properties": {"barrier": "kerb"}, "geometry": {"type": "Point", "coordinates": [2.477539471665656, 48.912143967937006]}}, {"type": "Feature", "properties": {"barrier": "kerb"}, "geometry": {"type": "Point", "coordinates": [2.480147529028657, 48.909680268815166]}}, {"type": "Feature", "properties": {"barrier": "kerb"}, "geometry": {"type": "Point", "coordinates": [2.480052054666517, 48.90968150342698]}}, {"type": "Feature", "properties": {"barrier": "kerb"}, "geometry": {"type": "Point", "coordinates": [2.480137623140768, 48.909459011739635]}}, {"type": "Feature", "properties": {"barrier": "kerb"}, "geometry": {"type": "Point", "coordinates": [2.480042477735416, 48.909467469081605]}}, {"type": "Feature", "properties": {"highway": "footway", "footway": "sidewalk"}, "geometry": {"type": "LineString", "coordinates": [[2.48016415258767, 48.909589939624546], [2.480167379762814, 48.909659694270445], [2.480167739030629, 48.90967164529522]]}}, {"type": "Feature", "properties": {"highway": "footway", "footway": "sidewalk"}, "geometry": {"type": "LineString", "coordinates": [[2.480167739030629, 48.90967164529522], [2.480167987819932, 48.9096800042452], [2.480170323106654, 48.90975846626384], [2.480170472765585, 48.909760301787664], [2.480177733154123, 48.90981468821619], [2.4801805516417, 48.90982195400172]]}}, {"type": "Feature", "properties": {"highway": "footway", "footway": "sidewalk"}, "geometry": {"type": "LineString", "coordinates": [[2.4801805516417, 48.90982195400172], [2.480188224409151, 48.909830474009674], [2.48019860630337, 48.90983589801706], [2.480211072767712, 48.9098388519114], [2.480224317575936, 48.90983902618595], [2.480226742167396, 48.90983879671759], [2.480334595966803, 48.90982856064444]]}}, {"type": "Feature", "properties": {"highway": "footway", "footway": "sidewalk"}, "geometry": {"type": "LineString", "coordinates": [[2.481708045254361, 48.90969820159967], [2.481866421816616, 48.909683168411135]]}}, {"type": "Feature", "properties": {"highway": "footway", "footway": "sidewalk"}, "geometry": {"type": "LineString", "coordinates": [[2.482406707706887, 48.90963188247895], [2.482576293293864, 48.90961578424505]]}}, {"type": "Feature", "properties": {"highway": "footway", "footway": "sidewalk"}, "geometry": {"type": "LineString", "coordinates": [[2.482065502672664, 48.90966427122775], [2.482148479084765, 48.90965639482242], [2.48224723415021, 48.909647020572194]]}}, {"type": "Feature", "properties": {"highway": "footway", "footway": "sidewalk"}, "geometry": {"type": "LineString", "coordinates": [[2.481866421816616, 48.909683168411135], [2.481972877114293, 48.909673063489656], [2.482065502672664, 48.90966427122775]]}}, {"type": "Feature", "properties": {"highway": "footway", "footway": "sidewalk"}, "geometry": {"type": "LineString", "coordinates": [[2.480443778409361, 48.90981819836686], [2.480491516902035, 48.909813667572394], [2.480652158020254, 48.90979842119437]]}}, {"type": "Feature", "properties": {"highway": "footway", "footway": "sidewalk"}, "geometry": {"type": "LineString", "coordinates": [[2.480334595966803, 48.90982856064444], [2.480443778409361, 48.90981819836686]]}}, {"type": "Feature", "properties": {"highway": "footway", "footway": "sidewalk"}, "geometry": {"type": "LineString", "coordinates": [[2.481184312932244, 48.90974791294033], [2.481324932864482, 48.90973456589712]]}}, {"type": "Feature", "properties": {"highway": "footway", "footway": "sidewalk"}, "geometry": {"type": "LineString", "coordinates": [[2.480828644074089, 48.909781670711766], [2.481008329815865, 48.90976461625431]]}}, {"type": "Feature", "properties": {"highway": "footway", "footway": "sidewalk"}, "geometry": {"type": "LineString", "coordinates": [[2.48224723415021, 48.909647020572194], [2.482406707706887, 48.90963188247895]]}}, {"type": "Feature", "properties": {"highway": "footway", "footway": "sidewalk"}, "geometry": {"type": "LineString", "coordinates": [[2.481008329815865, 48.90976461625431], [2.481184312932244, 48.90974791294033]]}}, {"type": "Feature", "properties": {"highway": "footway", "footway": "sidewalk"}, "geometry": {"type": "LineString", "coordinates": [[2.480652158020254, 48.90979842119437], [2.480828644074089, 48.909781670711766]]}}, {"type": "Feature", "properties": {"highway": "footway", "footway": "sidewalk"}, "geometry": {"type": "LineString", "coordinates": [[2.481427925026412, 48.909724790207804], [2.481547217432512, 48.90971346723128]]}}, {"type": "Feature", "properties": {"highway": "footway", "footway": "sidewalk"}, "geometry": {"type": "LineString", "coordinates": [[2.481324932864482, 48.90973456589712], [2.481427925026412, 48.909724790207804]]}}, {"type": "Feature", "properties": {"highway": "footway", "footway": "sidewalk"}, "geometry": {"type": "LineString", "coordinates": [[2.481547217432512, 48.90971346723128], [2.481708045254361, 48.90969820159967]]}}, {"type": "Feature", "properties": {"highway": "footway", "footway": "sidewalk"}, "geometry": {"type": "LineString", "coordinates": [[2.482576293293864, 48.90961578424505], [2.482752390288756, 48.909599067628484], [2.482825080099658, 48.909592167214996]]}}, {"type": "Feature", "properties": {"highway": "footway", "footway": "sidewalk"}, "geometry": {"type": "LineString", "coordinates": [[2.48298215133159, 48.90950754414296], [2.482990868683869, 48.90941428070973]]}}, {"type": "Feature", "properties": {"highway": "footway", "footway": "sidewalk"}, "geometry": {"type": "LineString", "coordinates": [[2.482825080099658, 48.909592167214996], [2.482887651170641, 48.90958622733106], [2.482942611023328, 48.90958100995238], [2.4829558421776, 48.90957817951356], [2.482966870732099, 48.909572591276614], [2.482974422542828, 48.90956489085871], [2.482977625140198, 48.90955596789991], [2.48298215133159, 48.90950754414296]]}}, {"type": "Feature", "properties": {"highway": "footway", "footway": "sidewalk"}, "geometry": {"type": "LineString", "coordinates": [[2.483004649722807, 48.90929320550165], [2.483017477883751, 48.90920006287231], [2.483016757260396, 48.90919203400555], [2.483012477744517, 48.90918450202367], [2.483005019745711, 48.90917813644796], [2.482998578569153, 48.90917514411909]]}}, {"type": "Feature", "properties": {"highway": "footway", "footway": "sidewalk"}, "geometry": {"type": "LineString", "coordinates": [[2.482990868683869, 48.90941428070973], [2.482996920446921, 48.90934953513432], [2.482996887645828, 48.909348224032655], [2.483004649722807, 48.90929320550165]]}}, {"type": "Feature", "properties": {"highway": "footway", "footway": "sidewalk"}, "geometry": {"type": "LineString", "coordinates": [[2.481659323692124, 48.90928766358146], [2.481541548112305, 48.909298145989766]]}}, {"type": "Feature", "properties": {"highway": "footway", "footway": "sidewalk"}, "geometry": {"type": "LineString", "coordinates": [[2.480717338443123, 48.909371499832325], [2.480534606503011, 48.90938776196672], [2.480505821548529, 48.909390323641475]]}}, {"type": "Feature", "properties": {"highway": "footway", "footway": "sidewalk"}, "geometry": {"type": "LineString", "coordinates": [[2.482160493462551, 48.9092430564536], [2.481968267642761, 48.909260165976136], [2.481935478998968, 48.909263084375276]]}}, {"type": "Feature", "properties": {"highway": "footway", "footway": "sidewalk"}, "geometry": {"type": "LineString", "coordinates": [[2.480505821548529, 48.909390323641475], [2.480448439851153, 48.90939543021916]]}}, {"type": "Feature", "properties": {"highway": "footway", "footway": "sidewalk"}, "geometry": {"type": "LineString", "coordinates": [[2.480448439851153, 48.90939543021916], [2.480376623295308, 48.909401821358585]]}}, {"type": "Feature", "properties": {"highway": "footway", "footway": "sidewalk"}, "geometry": {"type": "LineString", "coordinates": [[2.482835288063974, 48.90918299210391], [2.482670877573437, 48.90919762687374]]}}, {"type": "Feature", "properties": {"highway": "footway", "footway": "sidewalk"}, "geometry": {"type": "LineString", "coordinates": [[2.480376623295308, 48.909401821358585], [2.480334930267004, 48.9094055317068], [2.480232384781793, 48.90941465737365]]}}, {"type": "Feature", "properties": {"highway": "footway", "footway": "sidewalk"}, "geometry": {"type": "LineString", "coordinates": [[2.481175815800222, 48.909330696556125], [2.481047334209106, 48.9093421312696]]}}, {"type": "Feature", "properties": {"highway": "footway", "footway": "sidewalk"}, "geometry": {"type": "LineString", "coordinates": [[2.482528797705382, 48.909210273718735], [2.482368636305293, 48.90922452982356]]}}, {"type": "Feature", "properties": {"highway": "footway", "footway": "sidewalk"}, "geometry": {"type": "LineString", "coordinates": [[2.481296603839908, 48.90931994642456], [2.481175815800222, 48.909330696556125]]}}, {"type": "Feature", "properties": {"highway": "footway", "footway": "sidewalk"}, "geometry": {"type": "LineString", "coordinates": [[2.481047334209106, 48.9093421312696], [2.480891575068877, 48.909355993454504]]}}, {"type": "Feature", "properties": {"highway": "footway", "footway": "sidewalk"}, "geometry": {"type": "LineString", "coordinates": [[2.480891575068877, 48.909355993454504], [2.480717338443123, 48.909371499832325]]}}, {"type": "Feature", "properties": {"highway": "footway", "footway": "sidewalk"}, "geometry": {"type": "LineString", "coordinates": [[2.481419486643217, 48.90930900972454], [2.481296603839908, 48.90931994642456]]}}, {"type": "Feature", "properties": {"highway": "footway", "footway": "sidewalk"}, "geometry": {"type": "LineString", "coordinates": [[2.481541548112305, 48.909298145989766], [2.481419486643217, 48.90930900972454]]}}, {"type": "Feature", "properties": {"highway": "footway", "footway": "sidewalk"}, "geometry": {"type": "LineString", "coordinates": [[2.482998578569153, 48.90917514411909], [2.482983443688516, 48.909171013889825], [2.48297124353482, 48.909170890034325], [2.482844402128483, 48.9091821808211], [2.482835288063974, 48.90918299210391]]}}, {"type": "Feature", "properties": {"highway": "footway", "footway": "sidewalk"}, "geometry": {"type": "LineString", "coordinates": [[2.482368636305293, 48.90922452982356], [2.482160493462551, 48.9092430564536]]}}, {"type": "Feature", "properties": {"highway": "footway", "footway": "sidewalk"}, "geometry": {"type": "LineString", "coordinates": [[2.481935478998968, 48.909263084375276], [2.481897533232407, 48.90926646177929], [2.481783531465985, 48.90927660855198]]}}, {"type": "Feature", "properties": {"highway": "footway", "footway": "sidewalk"}, "geometry": {"type": "LineString", "coordinates": [[2.481783531465985, 48.90927660855198], [2.481667984884359, 48.90928689270235], [2.481659323692124, 48.90928766358146]]}}, {"type": "Feature", "properties": {"highway": "footway", "footway": "sidewalk"}, "geometry": {"type": "LineString", "coordinates": [[2.482670877573437, 48.90919762687374], [2.482528797705382, 48.909210273718735]]}}, {"type": "Feature", "properties": {"highway": "footway", "footway": "sidewalk"}, "geometry": {"type": "LineString", "coordinates": [[2.480232384781793, 48.90941465737365], [2.480192911442057, 48.90941817013644], [2.480181415241079, 48.90942035659891], [2.480171369742806, 48.90942464133411], [2.480163633617149, 48.909430658091324], [2.480158868134045, 48.90943789256981], [2.480157480639235, 48.90944572638013], [2.480158011432892, 48.909457199442286], [2.480160361689991, 48.90950799999685]]}}, {"type": "Feature", "properties": {"highway": "footway", "footway": "sidewalk"}, "geometry": {"type": "LineString", "coordinates": [[2.480160361689991, 48.90950799999685], [2.48016415258767, 48.909589939624546]]}}, {"type": "Feature", "properties": {"highway": "footway", "footway": "sidewalk"}, "geometry": {"type": "LineString", "coordinates": [[2.477779214397164, 48.91210524660666], [2.478017769314933, 48.91207520514375]]}}, {"type": "Feature", "properties": {"highway": "footway", "footway": "sidewalk"}, "geometry": {"type": "LineString", "coordinates": [[2.478017769314933, 48.91207520514375], [2.478304180787551, 48.91203913635671], [2.478366262635801, 48.91203131807423]]}}, {"type": "Feature", "properties": {"highway": "footway", "footway": "sidewalk"}, "geometry": {"type": "LineString", "coordinates": [[2.477447599491829, 48.91210338427732], [2.477458530105316, 48.91212025847462], [2.477465629021415, 48.91212762358651], [2.477475923319135, 48.91213310984104], [2.477488335955341, 48.91213614323721], [2.477501568254205, 48.912136406404976], [2.477537312443265, 48.912133271617186], [2.477599927687069, 48.91212778019338], [2.477602209978274, 48.91212753661049], [2.477779214397164, 48.91210524660666]]}}, {"type": "Feature", "properties": {"highway": "footway", "footway": "sidewalk"}, "geometry": {"type": "LineString", "coordinates": [[2.477600111908332, 48.91190438176925], [2.477479247761553, 48.91191729206915], [2.477388519244029, 48.91192698329532], [2.477376792385905, 48.91192947421992], [2.477372755045103, 48.91193134979045], [2.477366721598023, 48.91193415266344], [2.477359219545011, 48.91194059464246], [2.47735496610092, 48.911948216353096], [2.477354346735461, 48.91195632707819], [2.477357417580353, 48.911964191783255], [2.477360244249869, 48.911968562027624], [2.477415834625643, 48.91205434701216], [2.477447599491829, 48.91210338427732]]}}, {"type": "Feature", "properties": {"highway": "footway", "footway": "sidewalk"}, "geometry": {"type": "LineString", "coordinates": [[2.478366262635801, 48.91203131807423], [2.47856151313127, 48.91200672895383]]}}, {"type": "Feature", "properties": {"highway": "footway", "footway": "sidewalk"}, "geometry": {"type": "LineString", "coordinates": [[2.47853852783431, 48.91208286220314], [2.478326879917905, 48.91210951625297]]}}, {"type": "Feature", "properties": {"highway": "footway", "footway": "sidewalk"}, "geometry": {"type": "LineString", "coordinates": [[2.478672059938314, 48.911992806943246], [2.478694594922843, 48.91198996892517], [2.478697408809757, 48.91198991008787], [2.478698363244777, 48.91199165584901], [2.478717636768013, 48.91205814414998], [2.478717726033935, 48.91205999886924], [2.478715077449378, 48.91206062796708], [2.47853852783431, 48.91208286220314]]}}, {"type": "Feature", "properties": {"highway": "footway", "footway": "sidewalk"}, "geometry": {"type": "LineString", "coordinates": [[2.478326879917905, 48.91210951625297], [2.478267408399311, 48.91211700577126], [2.478039545126146, 48.912145701322906]]}}, {"type": "Feature", "properties": {"highway": "footway", "footway": "sidewalk"}, "geometry": {"type": "LineString", "coordinates": [[2.47856151313127, 48.91200672895383], [2.478672059938314, 48.911992806943246]]}}, {"type": "Feature", "properties": {"highway": "footway", "footway": "sidewalk"}, "geometry": {"type": "LineString", "coordinates": [[2.478039545126146, 48.912145701322906], [2.477890621657592, 48.912164455471085]]}}, {"type": "Feature", "properties": {"highway": "footway", "footway": "sidewalk"}, "geometry": {"type": "LineString", "coordinates": [[2.477564857844756, 48.91228439987515], [2.477651410417303, 48.912418012316316]]}}, {"type": "Feature", "properties": {"highway": "footway", "footway": "sidewalk"}, "geometry": {"type": "LineString", "coordinates": [[2.477890621657592, 48.912164455471085], [2.477620324437372, 48.91219849386439], [2.477617282797434, 48.912198823941914], [2.477568617580358, 48.912203097366536], [2.477556609354952, 48.912205422993665], [2.477552266596034, 48.91220735115446], [2.477546228911982, 48.912210031852055], [2.477538446998116, 48.9122164929359], [2.4775339913546, 48.912224202024916], [2.47753327866097, 48.91223243818903], [2.477536375567955, 48.91224043120736], [2.477564857844756, 48.91228439987515]]}}, {"type": "Feature", "properties": {"highway": "footway", "footway": "sidewalk"}, "geometry": {"type": "LineString", "coordinates": [[2.480893261856656, 48.91219843769318], [2.480922898200027, 48.91219517011139], [2.480924354196275, 48.912194991673026], [2.481126099043281, 48.91216776898666], [2.481127704993833, 48.91216756448858], [2.481176503363263, 48.91216177861178], [2.481179200364632, 48.91216139663099], [2.481343650284904, 48.91213425350701], [2.481355068524301, 48.912131096136], [2.481364531618667, 48.912125832497615], [2.481371173385692, 48.9121189443871], [2.481374172735928, 48.912107659524224]]}}, {"type": "Feature", "properties": {"highway": "footway", "footway": "sidewalk"}, "geometry": {"type": "LineString", "coordinates": [[2.478978755649554, 48.91242098317741], [2.479509782587613, 48.91235790182614], [2.480000909598844, 48.91229697074948]]}}, {"type": "Feature", "properties": {"highway": "footway", "footway": "sidewalk"}, "geometry": {"type": "LineString", "coordinates": [[2.478305569371138, 48.9125051073835], [2.478363045935409, 48.912497831363034], [2.478425325006754, 48.91248994735327], [2.478814996569032, 48.91244043876646], [2.478978755649554, 48.91242098317741]]}}, {"type": "Feature", "properties": {"highway": "footway", "footway": "sidewalk"}, "geometry": {"type": "LineString", "coordinates": [[2.477860617664229, 48.912538162274735], [2.477899696915322, 48.91254276262039], [2.477909810439032, 48.91254311419269], [2.477942821365589, 48.91254155907214], [2.477975315725563, 48.91253998258808], [2.477978731582565, 48.912539721381954], [2.478055849514658, 48.91253164758629]]}}, {"type": "Feature", "properties": {"highway": "footway", "footway": "sidewalk"}, "geometry": {"type": "LineString", "coordinates": [[2.478150725171526, 48.912521714586546], [2.478187270514614, 48.91251788845273], [2.478284373040357, 48.912507775652685], [2.478305569371138, 48.9125051073835]]}}, {"type": "Feature", "properties": {"highway": "footway", "footway": "sidewalk"}, "geometry": {"type": "LineString", "coordinates": [[2.480000909598844, 48.91229697074948], [2.480100323287835, 48.91228595785962], [2.480439559824023, 48.912248453830024], [2.480626448924768, 48.91222785503162], [2.480893261856656, 48.91219843769318]]}}, {"type": "Feature", "properties": {"highway": "footway", "footway": "sidewalk"}, "geometry": {"type": "LineString", "coordinates": [[2.477651410417303, 48.912418012316316], [2.477666997560165, 48.9124420743282], [2.477674360903286, 48.91244963278099], [2.477731052168795, 48.912490714496755], [2.477734147008571, 48.91249273060391], [2.477781572219276, 48.912520500224865], [2.47779516934914, 48.91252577962038], [2.477833004407475, 48.912534554615554], [2.477839393504454, 48.91253566379539], [2.477860617664229, 48.912538162274735]]}}, {"type": "Feature", "properties": {"highway": "footway", "footway": "sidewalk"}, "geometry": {"type": "LineString", "coordinates": [[2.478055849514658, 48.91253164758629], [2.478150725171526, 48.912521714586546]]}}, {"type": "Feature", "properties": {"highway": "footway", "footway": "sidewalk"}, "geometry": {"type": "LineString", "coordinates": [[2.480899214583304, 48.91142217066714], [2.48086203744545, 48.911366298531846], [2.480780789790928, 48.911244193981766], [2.480723842268728, 48.911158326890096]]}}, {"type": "Feature", "properties": {"highway": "footway", "footway": "sidewalk"}, "geometry": {"type": "LineString", "coordinates": [[2.481034915935131, 48.91162593087644], [2.481025949789704, 48.9116126340617], [2.480899214583304, 48.91142217066714]]}}, {"type": "Feature", "properties": {"highway": "footway", "footway": "sidewalk"}, "geometry": {"type": "LineString", "coordinates": [[2.481282428829833, 48.91198914832531], [2.481269526372075, 48.9119734630563], [2.481267144978426, 48.911970298749594], [2.481034915935131, 48.91162593087644]]}}, {"type": "Feature", "properties": {"highway": "footway", "footway": "sidewalk"}, "geometry": {"type": "LineString", "coordinates": [[2.480723842268728, 48.911158326890096], [2.480600618948966, 48.91097252616017]]}}, {"type": "Feature", "properties": {"highway": "footway", "footway": "sidewalk"}, "geometry": {"type": "LineString", "coordinates": [[2.480600618948966, 48.91097252616017], [2.480474746553575, 48.910782729490116]]}}, {"type": "Feature", "properties": {"highway": "footway", "footway": "sidewalk"}, "geometry": {"type": "LineString", "coordinates": [[2.480352582169262, 48.91060066994379], [2.480224472517407, 48.91040975030886], [2.480207250386734, 48.9103840843382], [2.480200425868723, 48.91037708552599], [2.480194593034992, 48.91037391298657]]}}, {"type": "Feature", "properties": {"highway": "footway", "footway": "sidewalk"}, "geometry": {"type": "LineString", "coordinates": [[2.480474746553575, 48.910782729490116], [2.480352582169262, 48.91060066994379]]}}, {"type": "Feature", "properties": {"highway": "footway", "footway": "sidewalk"}, "geometry": {"type": "LineString", "coordinates": [[2.481374172735928, 48.912107659524224], [2.481373875077265, 48.91210290768144], [2.481369687712118, 48.91209522696853], [2.481282428829833, 48.91198914832531]]}}, {"type": "Feature", "properties": {"highway": "footway", "footway": "sidewalk"}, "geometry": {"type": "LineString", "coordinates": [[2.479759980266206, 48.91035992379636], [2.479750614465026, 48.91036471336238], [2.479743723965347, 48.91037107128391], [2.479739886836521, 48.91037846417244], [2.479739602791425, 48.91038326603505], [2.479739424990335, 48.910386271812236], [2.479762114256336, 48.91052635200961], [2.479769188200855, 48.9105700253428]]}}, {"type": "Feature", "properties": {"highway": "footway", "footway": "sidewalk"}, "geometry": {"type": "LineString", "coordinates": [[2.479951684707889, 48.91036394075034], [2.479787873294434, 48.91035671320037], [2.479782853107896, 48.9103564917002], [2.479771035638456, 48.910357104399274], [2.479759980266206, 48.91035992379636]]}}, {"type": "Feature", "properties": {"highway": "footway", "footway": "sidewalk"}, "geometry": {"type": "LineString", "coordinates": [[2.480194593034992, 48.91037391298657], [2.480178970051389, 48.91036870236574], [2.480166379545991, 48.91036811539094], [2.480126246950654, 48.9103703483654], [2.480118159873595, 48.91037079832801], [2.480116617043736, 48.91037084559997], [2.48010992852147, 48.91037088390851], [2.480108384678815, 48.91037085431548], [2.479951684707889, 48.91036394075034]]}}, {"type": "Feature", "properties": {"highway": "footway", "footway": "sidewalk"}, "geometry": {"type": "LineString", "coordinates": [[2.479769188200855, 48.9105700253428], [2.479784201468288, 48.910662714453764]]}}, {"type": "Feature", "properties": {"highway": "footway", "footway": "sidewalk"}, "geometry": {"type": "LineString", "coordinates": [[2.47974221610058, 48.91108112487311], [2.479723001143719, 48.9109624956325]]}}, {"type": "Feature", "properties": {"highway": "footway", "footway": "sidewalk"}, "geometry": {"type": "LineString", "coordinates": [[2.479834220681956, 48.91097152124364], [2.479854814068966, 48.91109865882502]]}}, {"type": "Feature", "properties": {"highway": "footway", "footway": "sidewalk"}, "geometry": {"type": "LineString", "coordinates": [[2.479861248802017, 48.91113838486155], [2.47986911858674, 48.91118697037341], [2.479868975869214, 48.91118882364001], [2.479866257740722, 48.91118930686399], [2.479825068201185, 48.911192205537276], [2.479807525366591, 48.911193440092426]]}}, {"type": "Feature", "properties": {"highway": "footway", "footway": "sidewalk"}, "geometry": {"type": "LineString", "coordinates": [[2.479854814068966, 48.91109865882502], [2.479861248802017, 48.91113838486155]]}}, {"type": "Feature", "properties": {"highway": "footway", "footway": "sidewalk"}, "geometry": {"type": "LineString", "coordinates": [[2.479756345921291, 48.911168359154004], [2.47974221610058, 48.91108112487311]]}}, {"type": "Feature", "properties": {"highway": "footway", "footway": "sidewalk"}, "geometry": {"type": "LineString", "coordinates": [[2.479784201468288, 48.910662714453764], [2.479797572403315, 48.91074526381937], [2.47980673936154, 48.9108018585498]]}}, {"type": "Feature", "properties": {"highway": "footway", "footway": "sidewalk"}, "geometry": {"type": "LineString", "coordinates": [[2.479807525366591, 48.911193440092426], [2.479764142251967, 48.91119649311338], [2.479761330614058, 48.91119639903976], [2.479760597506462, 48.91119460740827], [2.479756345921291, 48.911168359154004]]}}, {"type": "Feature", "properties": {"highway": "footway", "footway": "sidewalk"}, "geometry": {"type": "LineString", "coordinates": [[2.47980673936154, 48.9108018585498], [2.479813906739419, 48.91084610823266]]}}, {"type": "Feature", "properties": {"highway": "footway", "footway": "sidewalk"}, "geometry": {"type": "LineString", "coordinates": [[2.479713161793003, 48.91090174926018], [2.479702255679142, 48.91083441671118]]}}, {"type": "Feature", "properties": {"highway": "footway", "footway": "sidewalk"}, "geometry": {"type": "LineString", "coordinates": [[2.479813906739419, 48.91084610823266], [2.479834220681956, 48.91097152124364]]}}, {"type": "Feature", "properties": {"highway": "footway", "footway": "sidewalk"}, "geometry": {"type": "LineString", "coordinates": [[2.479723001143719, 48.9109624956325], [2.479713161793003, 48.91090174926018]]}}, {"type": "Feature", "properties": {"highway": "footway", "footway": "sidewalk"}, "geometry": {"type": "LineString", "coordinates": [[2.479693489698282, 48.91078029685801], [2.479669689656258, 48.910633358366965]]}}, {"type": "Feature", "properties": {"highway": "footway", "footway": "sidewalk"}, "geometry": {"type": "LineString", "coordinates": [[2.47964776509772, 48.91049799810672], [2.479630426266975, 48.910390949195936], [2.479627337819099, 48.910371881253795], [2.479623402370412, 48.91036288595968], [2.479615039804415, 48.91035531892207], [2.479603257270615, 48.91035009147911], [2.479589473801815, 48.910347833199005], [2.479570469214834, 48.91034696466614]]}}, {"type": "Feature", "properties": {"highway": "footway", "footway": "sidewalk"}, "geometry": {"type": "LineString", "coordinates": [[2.479237714229741, 48.91104975089945], [2.479266254108444, 48.91120310934604], [2.479271623459168, 48.911231961334686]]}}, {"type": "Feature", "properties": {"highway": "footway", "footway": "sidewalk"}, "geometry": {"type": "LineString", "coordinates": [[2.479271623459168, 48.911231961334686], [2.479281274966163, 48.911283823232075], [2.479281176386829, 48.91128567774662], [2.479278470091965, 48.911286189025745], [2.479213637802583, 48.91129143096856]]}}, {"type": "Feature", "properties": {"highway": "footway", "footway": "sidewalk"}, "geometry": {"type": "LineString", "coordinates": [[2.479702255679142, 48.91083441671118], [2.479693489698282, 48.91078029685801]]}}, {"type": "Feature", "properties": {"highway": "footway", "footway": "sidewalk"}, "geometry": {"type": "LineString", "coordinates": [[2.479570469214834, 48.91034696466614], [2.479560451109485, 48.91034650682518], [2.479540345196908, 48.91034558795516], [2.479330356487677, 48.910336339847774]]}}, {"type": "Feature", "properties": {"highway": "footway", "footway": "sidewalk"}, "geometry": {"type": "LineString", "coordinates": [[2.479200685476142, 48.91085077624383], [2.47921433975939, 48.910924147959975]]}}, {"type": "Feature", "properties": {"highway": "footway", "footway": "sidewalk"}, "geometry": {"type": "LineString", "coordinates": [[2.479330356487677, 48.910336339847774], [2.479203593167429, 48.91033075693231]]}}, {"type": "Feature", "properties": {"highway": "footway", "footway": "sidewalk"}, "geometry": {"type": "LineString", "coordinates": [[2.479138364440907, 48.91051588945963], [2.479162466868635, 48.91064540621043], [2.479164262746135, 48.91065505650656]]}}, {"type": "Feature", "properties": {"highway": "footway", "footway": "sidewalk"}, "geometry": {"type": "LineString", "coordinates": [[2.479669689656258, 48.910633358366965], [2.47964776509772, 48.91049799810672]]}}, {"type": "Feature", "properties": {"highway": "footway", "footway": "sidewalk"}, "geometry": {"type": "LineString", "coordinates": [[2.47921433975939, 48.910924147959975], [2.479237714229741, 48.91104975089945]]}}, {"type": "Feature", "properties": {"highway": "footway", "footway": "sidewalk"}, "geometry": {"type": "LineString", "coordinates": [[2.479164262746135, 48.91065505650656], [2.479200685476142, 48.91085077624383]]}}, {"type": "Feature", "properties": {"highway": "footway", "footway": "sidewalk"}, "geometry": {"type": "LineString", "coordinates": [[2.479124565011553, 48.9104417365725], [2.479138364440907, 48.91051588945963]]}}, {"type": "Feature", "properties": {"highway": "footway", "footway": "sidewalk"}, "geometry": {"type": "LineString", "coordinates": [[2.479203593167429, 48.91033075693231], [2.47915617045848, 48.91032866830323], [2.47915246357128, 48.9103285050407], [2.479140542678377, 48.91032913430625], [2.479129406702451, 48.91033200817512], [2.479120006518366, 48.91033688125443], [2.479113144786404, 48.910343337443365], [2.47910940741502, 48.910350825462885], [2.479109113531261, 48.91035870592811], [2.479109514021101, 48.9103608580186], [2.479124565011553, 48.9104417365725]]}}, {"type": "Feature", "properties": {"highway": "footway", "footway": "sidewalk"}, "geometry": {"type": "LineString", "coordinates": [[2.478729676665814, 48.91068488439887], [2.478736009260841, 48.91071165699097], [2.47879029690366, 48.91094117006651]]}}, {"type": "Feature", "properties": {"highway": "footway", "footway": "sidewalk"}, "geometry": {"type": "LineString", "coordinates": [[2.47879029690366, 48.91094117006651], [2.4787963106876, 48.91096659454318]]}}, {"type": "Feature", "properties": {"highway": "footway", "footway": "sidewalk"}, "geometry": {"type": "LineString", "coordinates": [[2.479213637802583, 48.91129143096856], [2.479199631335012, 48.911292563441016], [2.479134729891371, 48.91129781092947], [2.479131916354458, 48.91129774594828], [2.479131140683566, 48.91129596211993], [2.479121890276083, 48.911246254712985]]}}, {"type": "Feature", "properties": {"highway": "footway", "footway": "sidewalk"}, "geometry": {"type": "LineString", "coordinates": [[2.47885062156463, 48.910324200668285], [2.47872863567255, 48.91031881121255]]}}, {"type": "Feature", "properties": {"highway": "footway", "footway": "sidewalk"}, "geometry": {"type": "LineString", "coordinates": [[2.478695268693483, 48.91053941578402], [2.478729676665814, 48.91068488439887]]}}, {"type": "Feature", "properties": {"highway": "footway", "footway": "sidewalk"}, "geometry": {"type": "LineString", "coordinates": [[2.47866554986664, 48.91041377105519], [2.478695268693483, 48.91053941578402]]}}, {"type": "Feature", "properties": {"highway": "footway", "footway": "sidewalk"}, "geometry": {"type": "LineString", "coordinates": [[2.479083033217863, 48.911037453782605], [2.479077077704892, 48.91100545129056], [2.479046563791474, 48.910841481345265]]}}, {"type": "Feature", "properties": {"highway": "footway", "footway": "sidewalk"}, "geometry": {"type": "LineString", "coordinates": [[2.47872863567255, 48.91031881121255], [2.478701837146063, 48.910317627210055], [2.478693243107978, 48.91031724751014], [2.478681104006149, 48.91031790863479], [2.478669797725211, 48.910320895390754], [2.478660325760759, 48.91032594321517], [2.478653527127697, 48.910332604978315], [2.478650004041419, 48.910340290589716], [2.478650053969432, 48.91034650226582], [2.478650068574073, 48.91034831926743], [2.47866554986664, 48.91041377105519]]}}, {"type": "Feature", "properties": {"highway": "footway", "footway": "sidewalk"}, "geometry": {"type": "LineString", "coordinates": [[2.479121890276083, 48.911246254712985], [2.479113980162276, 48.91120374934458], [2.479085647181221, 48.91105150014001]]}}, {"type": "Feature", "properties": {"highway": "footway", "footway": "sidewalk"}, "geometry": {"type": "LineString", "coordinates": [[2.478963109474335, 48.910393024640676], [2.478959382462227, 48.91037299668482], [2.478955248351397, 48.910350781071465], [2.478952172266198, 48.910344103076554], [2.47894275729897, 48.91033447171658], [2.478931029564748, 48.910329350406194], [2.478917363732057, 48.91032714934727], [2.478885033676447, 48.91032572100543], [2.47885062156463, 48.910324200668285]]}}, {"type": "Feature", "properties": {"highway": "footway", "footway": "sidewalk"}, "geometry": {"type": "LineString", "coordinates": [[2.479011515264181, 48.9106531428024], [2.478980276290861, 48.91048527426432]]}}, {"type": "Feature", "properties": {"highway": "footway", "footway": "sidewalk"}, "geometry": {"type": "LineString", "coordinates": [[2.479046563791474, 48.910841481345265], [2.479011515264181, 48.9106531428024]]}}, {"type": "Feature", "properties": {"highway": "footway", "footway": "sidewalk"}, "geometry": {"type": "LineString", "coordinates": [[2.479085647181221, 48.91105150014001], [2.479083033217863, 48.911037453782605]]}}, {"type": "Feature", "properties": {"highway": "footway", "footway": "sidewalk"}, "geometry": {"type": "LineString", "coordinates": [[2.478980276290861, 48.91048527426432], [2.478963109474335, 48.910393024640676]]}}, {"type": "Feature", "properties": {"highway": "footway", "footway": "sidewalk"}, "geometry": {"type": "LineString", "coordinates": [[2.4787963106876, 48.91096659454318], [2.478808210053565, 48.91101690141998], [2.478822150338999, 48.91107583654894], [2.478822143544193, 48.91107769219614], [2.478819463989242, 48.911078261363095], [2.478785229323598, 48.911081779577806]]}}, {"type": "Feature", "properties": {"highway": "footway", "footway": "sidewalk"}, "geometry": {"type": "LineString", "coordinates": [[2.478616156467806, 48.91083413994391], [2.478590268435545, 48.910724690917476]]}}, {"type": "Feature", "properties": {"highway": "footway", "footway": "sidewalk"}, "geometry": {"type": "LineString", "coordinates": [[2.478651395196226, 48.91098312091935], [2.478616156467806, 48.91083413994391]]}}, {"type": "Feature", "properties": {"highway": "footway", "footway": "sidewalk"}, "geometry": {"type": "LineString", "coordinates": [[2.478785229323598, 48.911081779577806], [2.47868053599098, 48.91109253859506], [2.478677720747134, 48.91109253411281], [2.478676857256315, 48.91109076790237], [2.478651395196226, 48.91098312091935]]}}, {"type": "Feature", "properties": {"highway": "footway", "footway": "sidewalk"}, "geometry": {"type": "LineString", "coordinates": [[2.478510524222462, 48.91038754649989], [2.478504475283373, 48.91036197246794], [2.478503103332747, 48.910356172057185], [2.478498641899348, 48.91033797026278], [2.478494232994773, 48.91032943374915], [2.478485802175255, 48.91032233196978], [2.478474291514347, 48.91031745848788], [2.47846098723037, 48.91031535787329], [2.478451145945118, 48.910314921436886]]}}, {"type": "Feature", "properties": {"highway": "footway", "footway": "sidewalk"}, "geometry": {"type": "LineString", "coordinates": [[2.478569758752092, 48.91063798004674], [2.478536749587292, 48.91049842320924]]}}, {"type": "Feature", "properties": {"highway": "footway", "footway": "sidewalk"}, "geometry": {"type": "LineString", "coordinates": [[2.478451145945118, 48.910314921436886], [2.478422267032666, 48.9103136407244], [2.478366953075454, 48.910311187658884], [2.478322780943083, 48.91030922869222], [2.478308613278382, 48.9103086003743], [2.478296328324932, 48.910309282295174], [2.478284908850766, 48.91031234476692], [2.478275391103784, 48.91031750988892], [2.478268638762396, 48.9103243089577], [2.478265745535837, 48.91033101086501], [2.478265264561984, 48.910332124998845], [2.478265574692573, 48.910340248753606], [2.478266854166191, 48.91034498136127]]}}, {"type": "Feature", "properties": {"highway": "footway", "footway": "sidewalk"}, "geometry": {"type": "LineString", "coordinates": [[2.478536749587292, 48.91049842320924], [2.478510524222462, 48.91038754649989]]}}, {"type": "Feature", "properties": {"highway": "footway", "footway": "sidewalk"}, "geometry": {"type": "LineString", "coordinates": [[2.478590268435545, 48.910724690917476], [2.478569758752092, 48.91063798004674]]}}, {"type": "Feature", "properties": {"highway": "footway", "footway": "sidewalk"}, "geometry": {"type": "LineString", "coordinates": [[2.478590268435545, 48.910724690917476], [2.478590268435545, 48.910724690917476]]}}, {"type": "Feature", "properties": {"highway": "footway", "footway": "sidewalk"}, "geometry": {"type": "LineString", "coordinates": [[2.478563181588609, 48.91144103444639], [2.478584403808211, 48.91151948597503]]}}, {"type": "Feature", "properties": {"highway": "footway", "footway": "sidewalk"}, "geometry": {"type": "LineString", "coordinates": [[2.478313956169391, 48.91051920495271], [2.478357999094769, 48.910682112333404]]}}, {"type": "Feature", "properties": {"highway": "footway", "footway": "sidewalk"}, "geometry": {"type": "LineString", "coordinates": [[2.478266854166191, 48.91034498136127], [2.478277563187623, 48.91038459261262]]}}, {"type": "Feature", "properties": {"highway": "footway", "footway": "sidewalk"}, "geometry": {"type": "LineString", "coordinates": [[2.47850745542638, 48.911234918135946], [2.478529023194362, 48.9113146914958], [2.478553322987028, 48.91140459037088], [2.478563181588609, 48.91144103444639]]}}, {"type": "Feature", "properties": {"highway": "footway", "footway": "sidewalk"}, "geometry": {"type": "LineString", "coordinates": [[2.478383945462519, 48.91077808308224], [2.478400664882713, 48.910839924883604], [2.478446070948757, 48.91100787208192]]}}, {"type": "Feature", "properties": {"highway": "footway", "footway": "sidewalk"}, "geometry": {"type": "LineString", "coordinates": [[2.478446070948757, 48.91100787208192], [2.47850745542638, 48.911234918135946]]}}, {"type": "Feature", "properties": {"highway": "footway", "footway": "sidewalk"}, "geometry": {"type": "LineString", "coordinates": [[2.478277563187623, 48.91038459261262], [2.478313956169391, 48.91051920495271]]}}, {"type": "Feature", "properties": {"highway": "footway", "footway": "sidewalk"}, "geometry": {"type": "LineString", "coordinates": [[2.478357999094769, 48.910682112333404], [2.478383945462519, 48.91077808308224]]}}, {"type": "Feature", "properties": {"highway": "footway", "footway": "sidewalk"}, "geometry": {"type": "LineString", "coordinates": [[2.478584403808211, 48.91151948597503], [2.478585247223656, 48.91152260379787], [2.478595528939191, 48.91156061180554], [2.478601592553564, 48.911583095392515], [2.47860411178021, 48.91158833520365]]}}, {"type": "Feature", "properties": {"highway": "footway", "footway": "sidewalk"}, "geometry": {"type": "LineString", "coordinates": [[2.47860411178021, 48.91158833520365], [2.478610579603681, 48.911595748366665], [2.478618473156468, 48.91160049949026], [2.478620819116445, 48.911603003562526], [2.478634114895144, 48.91165218985679], [2.478638350944657, 48.91166022123985], [2.478646169161692, 48.91166698459712], [2.478656792816268, 48.91167180799652], [2.47867454733713, 48.91167410633713]]}}, {"type": "Feature", "properties": {"highway": "footway", "footway": "sidewalk"}, "geometry": {"type": "LineString", "coordinates": [[2.47867454733713, 48.91167410633713], [2.478682060785451, 48.91167395846409], [2.478693067067012, 48.91167257748212], [2.478794855389657, 48.91165980582762]]}}, {"type": "Feature", "properties": {"highway": "footway", "footway": "sidewalk"}, "geometry": {"type": "LineString", "coordinates": [[2.479029954753087, 48.91163030691003], [2.479042951596336, 48.9116286761258]]}}, {"type": "Feature", "properties": {"highway": "footway", "footway": "sidewalk"}, "geometry": {"type": "LineString", "coordinates": [[2.479081152674007, 48.91171549015556], [2.478881143116513, 48.911740586287486]]}}, {"type": "Feature", "properties": {"highway": "footway", "footway": "sidewalk"}, "geometry": {"type": "LineString", "coordinates": [[2.478882365884159, 48.911648825573536], [2.479029954753087, 48.91163030691003]]}}, {"type": "Feature", "properties": {"highway": "footway", "footway": "sidewalk"}, "geometry": {"type": "LineString", "coordinates": [[2.479245923992901, 48.91160320787738], [2.479286669719839, 48.91159809520351], [2.479289483644444, 48.91159803761972], [2.47929043628175, 48.91159978380576], [2.47930195139035, 48.91163965422717]]}}, {"type": "Feature", "properties": {"highway": "footway", "footway": "sidewalk"}, "geometry": {"type": "LineString", "coordinates": [[2.478794855389657, 48.91165980582762], [2.478882365884159, 48.911648825573536]]}}, {"type": "Feature", "properties": {"highway": "footway", "footway": "sidewalk"}, "geometry": {"type": "LineString", "coordinates": [[2.478881143116513, 48.911740586287486], [2.478720832948766, 48.911760700883185], [2.478671287601603, 48.911766917437575]]}}, {"type": "Feature", "properties": {"highway": "footway", "footway": "sidewalk"}, "geometry": {"type": "LineString", "coordinates": [[2.479042951596336, 48.9116286761258], [2.479245923992901, 48.91160320787738]]}}, {"type": "Feature", "properties": {"highway": "footway", "footway": "sidewalk"}, "geometry": {"type": "LineString", "coordinates": [[2.47930195139035, 48.91163965422717], [2.479314763738699, 48.91168401619263], [2.479314851102366, 48.911685870951345], [2.479312201893193, 48.91168649886932], [2.479081152674007, 48.91171549015556]]}}, {"type": "Feature", "properties": {"highway": "footway", "footway": "sidewalk"}, "geometry": {"type": "LineString", "coordinates": [[2.477951182085476, 48.9118596369299], [2.477716201689534, 48.91188949239032]]}}, {"type": "Feature", "properties": {"highway": "footway", "footway": "sidewalk"}, "geometry": {"type": "LineString", "coordinates": [[2.478426212095544, 48.91179928036763], [2.478234671414248, 48.91182361747682]]}}, {"type": "Feature", "properties": {"highway": "footway", "footway": "sidewalk"}, "geometry": {"type": "LineString", "coordinates": [[2.477716201689534, 48.91188949239032], [2.477652261965676, 48.91189761617003], [2.477600111908332, 48.91190438176925]]}}, {"type": "Feature", "properties": {"highway": "footway", "footway": "sidewalk"}, "geometry": {"type": "LineString", "coordinates": [[2.478671287601603, 48.911766917437575], [2.478658924172037, 48.911768468698384], [2.4786575358861, 48.911768659373514], [2.478601781096541, 48.91177698387316], [2.478599645018742, 48.91177736223663], [2.478559278571441, 48.91178237277453]]}}, {"type": "Feature", "properties": {"highway": "footway", "footway": "sidewalk"}, "geometry": {"type": "LineString", "coordinates": [[2.478234671414248, 48.91182361747682], [2.477951182085476, 48.9118596369299]]}}, {"type": "Feature", "properties": {"highway": "footway", "footway": "sidewalk"}, "geometry": {"type": "LineString", "coordinates": [[2.478559278571441, 48.91178237277453], [2.478426212095544, 48.91179928036763]]}}, {"type": "Feature", "properties": {"highway": "footway", "footway": "sidewalk"}, "geometry": {"type": "LineString", "coordinates": [[2.472552500260575, 48.90825970924752], [2.472548008613603, 48.9082675046866], [2.472547343187752, 48.908275831921024], [2.472550567566827, 48.90828389527721], [2.472631505278753, 48.90840567807274], [2.472652386895068, 48.90843709745681]]}}, {"type": "Feature", "properties": {"highway": "footway", "footway": "sidewalk"}, "geometry": {"type": "LineString", "coordinates": [[2.473067826715217, 48.90907048739653], [2.473115104011973, 48.909142785716796], [2.473116660751658, 48.90914490644528], [2.47313064121756, 48.909162004578334]]}}, {"type": "Feature", "properties": {"highway": "footway", "footway": "sidewalk"}, "geometry": {"type": "LineString", "coordinates": [[2.473014030867021, 48.90898822037004], [2.473067826715217, 48.90907048739653]]}}, {"type": "Feature", "properties": {"highway": "footway", "footway": "sidewalk"}, "geometry": {"type": "LineString", "coordinates": [[2.472824712579416, 48.90869870398762], [2.472890934839794, 48.908799975283294]]}}, {"type": "Feature", "properties": {"highway": "footway", "footway": "sidewalk"}, "geometry": {"type": "LineString", "coordinates": [[2.472890934839794, 48.908799975283294], [2.473014030867021, 48.90898822037004]]}}, {"type": "Feature", "properties": {"highway": "footway", "footway": "sidewalk"}, "geometry": {"type": "LineString", "coordinates": [[2.472652386895068, 48.90843709745681], [2.472709836677282, 48.908523538662976]]}}, {"type": "Feature", "properties": {"highway": "footway", "footway": "sidewalk"}, "geometry": {"type": "LineString", "coordinates": [[2.472709836677282, 48.908523538662976], [2.472730522933134, 48.90855466393835], [2.472824712579416, 48.90869870398762]]}}, {"type": "Feature", "properties": {"highway": "footway", "footway": "sidewalk"}, "geometry": {"type": "LineString", "coordinates": [[2.473982914528701, 48.91014642177177], [2.474106791868518, 48.910283380660395], [2.474218105765126, 48.91040647470368], [2.474220437747954, 48.91040925641254], [2.474256010938491, 48.91045576413064], [2.474268639021106, 48.91047227408399]]}}, {"type": "Feature", "properties": {"highway": "footway", "footway": "sidewalk"}, "geometry": {"type": "LineString", "coordinates": [[2.473542748171959, 48.90966034072215], [2.473615105892221, 48.909750740697746], [2.473616146431646, 48.9097519626934], [2.473648288353914, 48.90978751357792], [2.473654910561743, 48.90979304180757], [2.473663478151986, 48.909797251571455], [2.473664921119299, 48.90979763005405], [2.473668051253163, 48.90979892921022], [2.473670036644524, 48.909800499785845], [2.473982914528701, 48.91014642177177]]}}, {"type": "Feature", "properties": {"highway": "footway", "footway": "sidewalk"}, "geometry": {"type": "LineString", "coordinates": [[2.473419739752862, 48.90950665953951], [2.473431504194655, 48.909521357550226], [2.47347819818036, 48.90957969500222]]}}, {"type": "Feature", "properties": {"highway": "footway", "footway": "sidewalk"}, "geometry": {"type": "LineString", "coordinates": [[2.47347819818036, 48.90957969500222], [2.473542748171959, 48.90966034072215]]}}, {"type": "Feature", "properties": {"highway": "footway", "footway": "sidewalk"}, "geometry": {"type": "LineString", "coordinates": [[2.473330095589164, 48.90939466147697], [2.473386402563634, 48.90946500937004], [2.473419739752862, 48.90950665953951]]}}, {"type": "Feature", "properties": {"highway": "footway", "footway": "sidewalk"}, "geometry": {"type": "LineString", "coordinates": [[2.473250574287866, 48.909297880804196], [2.47326119739292, 48.90930912322336], [2.473266286049893, 48.90931502890756], [2.473293229791674, 48.90934860256345]]}}, {"type": "Feature", "properties": {"highway": "footway", "footway": "sidewalk"}, "geometry": {"type": "LineString", "coordinates": [[2.473293229791674, 48.90934860256345], [2.473330095589164, 48.90939466147697]]}}, {"type": "Feature", "properties": {"highway": "footway", "footway": "sidewalk"}, "geometry": {"type": "LineString", "coordinates": [[2.47313064121756, 48.909162004578334], [2.4731843797099, 48.90922772671901], [2.473185667436674, 48.90922918983127], [2.47320238772399, 48.9092468849464], [2.473250574287866, 48.909297880804196]]}}, {"type": "Feature", "properties": {"highway": "footway", "footway": "sidewalk"}, "geometry": {"type": "LineString", "coordinates": [[2.474268639021106, 48.91047227408399], [2.474308659481866, 48.91052459674718], [2.474309375862009, 48.910525557976655], [2.474333107679791, 48.910558252301286], [2.474339305861291, 48.91056443362239], [2.474347821566964, 48.910569270265796], [2.47435544709811, 48.9105716101897], [2.474358209197809, 48.91057366019733], [2.474430079142144, 48.91066301852774], [2.474434142251488, 48.910668070317996]]}}, {"type": "Feature", "properties": {"highway": "footway", "footway": "sidewalk"}, "geometry": {"type": "LineString", "coordinates": [[2.474827881054443, 48.91046593701942], [2.474638052147987, 48.91023133300412]]}}, {"type": "Feature", "properties": {"highway": "footway", "footway": "sidewalk"}, "geometry": {"type": "LineString", "coordinates": [[2.474766780849386, 48.91078218783694], [2.474986837716921, 48.91072812787684], [2.474998619566089, 48.91072364261645], [2.475007519664389, 48.910716859373636], [2.47501255438297, 48.910708527825754], [2.475013167291883, 48.91069956876696], [2.4750092906554, 48.91069097234272], [2.475001850962464, 48.91068097236908], [2.474827881054443, 48.91046593701942]]}}, {"type": "Feature", "properties": {"highway": "footway", "footway": "sidewalk"}, "geometry": {"type": "LineString", "coordinates": [[2.474434142251488, 48.910668070317996], [2.474494746245149, 48.910743421010295], [2.474505502113101, 48.910751936020915], [2.474539361455852, 48.910769604898064], [2.474553224648458, 48.91077683914444]]}}, {"type": "Feature", "properties": {"highway": "footway", "footway": "sidewalk"}, "geometry": {"type": "LineString", "coordinates": [[2.474553224648458, 48.91077683914444], [2.474563647314607, 48.910781192006255], [2.474573495534475, 48.9107831416434], [2.474650440130001, 48.91079162908546], [2.474661508800063, 48.91079184879716], [2.474748525178837, 48.91078576936957], [2.474758504140845, 48.910784221112394], [2.474766780849386, 48.91078218783694]]}}, {"type": "Feature", "properties": {"highway": "footway", "footway": "sidewalk"}, "geometry": {"type": "LineString", "coordinates": [[2.473554829829014, 48.90891052183668], [2.473359672333944, 48.90867479608198], [2.473352936475213, 48.90866665996456]]}}, {"type": "Feature", "properties": {"highway": "footway", "footway": "sidewalk"}, "geometry": {"type": "LineString", "coordinates": [[2.473719217567638, 48.90910907960391], [2.473554829829014, 48.90891052183668]]}}, {"type": "Feature", "properties": {"highway": "footway", "footway": "sidewalk"}, "geometry": {"type": "LineString", "coordinates": [[2.474638052147987, 48.91023133300412], [2.474437464568207, 48.90998342992103]]}}, {"type": "Feature", "properties": {"highway": "footway", "footway": "sidewalk"}, "geometry": {"type": "LineString", "coordinates": [[2.474091589246021, 48.909558846639555], [2.473919711638088, 48.909351246395296]]}}, {"type": "Feature", "properties": {"highway": "footway", "footway": "sidewalk"}, "geometry": {"type": "LineString", "coordinates": [[2.474437464568207, 48.90998342992103], [2.474194420304148, 48.90968305151118], [2.474091589246021, 48.909558846639555]]}}, {"type": "Feature", "properties": {"highway": "footway", "footway": "sidewalk"}, "geometry": {"type": "LineString", "coordinates": [[2.473871317392822, 48.90929279364642], [2.473719217567638, 48.90910907960391]]}}, {"type": "Feature", "properties": {"highway": "footway", "footway": "sidewalk"}, "geometry": {"type": "LineString", "coordinates": [[2.473919711638088, 48.909351246395296], [2.473871317392822, 48.90929279364642]]}}, {"type": "Feature", "properties": {"highway": "footway", "footway": "sidewalk"}, "geometry": {"type": "LineString", "coordinates": [[2.473027409569412, 48.908273458489695], [2.473015650172914, 48.9082592542709], [2.473014297550806, 48.908256753384094], [2.473009839650797, 48.90825088706781], [2.473007611132926, 48.908248675399314], [2.47294818026503, 48.90816307739114], [2.472942047668195, 48.908156753552575], [2.472933509248661, 48.90815178825725], [2.472923225954204, 48.90814856586177], [2.472911993800402, 48.908147335807215], [2.472847958336549, 48.908146277555865], [2.472840585711895, 48.90814602556718], [2.472684871147927, 48.908137946881396], [2.472673359277646, 48.90813842446337], [2.472662506834673, 48.90814100055375]]}}, {"type": "Feature", "properties": {"highway": "footway", "footway": "sidewalk"}, "geometry": {"type": "LineString", "coordinates": [[2.473352936475213, 48.90866665996456], [2.473158716890183, 48.908432064460506]]}}, {"type": "Feature", "properties": {"highway": "footway", "footway": "sidewalk"}, "geometry": {"type": "LineString", "coordinates": [[2.473158716890183, 48.908432064460506], [2.473027409569412, 48.908273458489695]]}}, {"type": "Feature", "properties": {"highway": "footway", "footway": "sidewalk"}, "geometry": {"type": "LineString", "coordinates": [[2.472662506834673, 48.90814100055375], [2.472653175953859, 48.908145470503975], [2.47264610789531, 48.90815147921428], [2.472552500260575, 48.90825970924752]]}}, {"type": "Feature", "properties": {"highway": "footway", "footway": "sidewalk"}, "geometry": {"type": "LineString", "coordinates": [[2.474848618596346, 48.90904231815956], [2.474849621267081, 48.909046333085314], [2.474850908637976, 48.909051488015464]]}}, {"type": "Feature", "properties": {"highway": "footway", "footway": "sidewalk"}, "geometry": {"type": "LineString", "coordinates": [[2.474850908637976, 48.909051488015464], [2.474860638576388, 48.909065260404645]]}}, {"type": "Feature", "properties": {"highway": "footway", "footway": "sidewalk"}, "geometry": {"type": "LineString", "coordinates": [[2.474860638576388, 48.909065260404645], [2.474876826160934, 48.909086265050405], [2.474920368102126, 48.90914276399532], [2.474928240012212, 48.90914983207748], [2.474932914391006, 48.90915199038589], [2.474939135018727, 48.90915486264568], [2.474955708256989, 48.90915721900176]]}}, {"type": "Feature", "properties": {"highway": "footway", "footway": "sidewalk"}, "geometry": {"type": "LineString", "coordinates": [[2.474955708256989, 48.90915721900176], [2.474965192435107, 48.90915695678327], [2.47497760195065, 48.909153799112794], [2.474987819610903, 48.909148184822065], [2.474994765949353, 48.90914070704529], [2.474998056337803, 48.90912830486353]]}}, {"type": "Feature", "properties": {"highway": "footway", "footway": "sidewalk"}, "geometry": {"type": "LineString", "coordinates": [[2.474998056337803, 48.90912830486353], [2.475002255480317, 48.90908200145742]]}}, {"type": "Feature", "properties": {"highway": "footway", "footway": "sidewalk"}, "geometry": {"type": "LineString", "coordinates": [[2.475002255480317, 48.90908200145742], [2.475003933299248, 48.9090635003391]]}}, {"type": "Feature", "properties": {"highway": "footway", "footway": "sidewalk"}, "geometry": {"type": "LineString", "coordinates": [[2.475003933299248, 48.9090635003391], [2.475006403939933, 48.90903625684056]]}}, {"type": "Feature", "properties": {"highway": "footway", "footway": "sidewalk"}, "geometry": {"type": "LineString", "coordinates": [[2.475006403939933, 48.90903625684056], [2.475007512319813, 48.9090240348409], [2.475010207614199, 48.90899431406069]]}}, {"type": "Feature", "properties": {"highway": "footway", "footway": "sidewalk"}, "geometry": {"type": "LineString", "coordinates": [[2.475010207614199, 48.90899431406069], [2.475011651788028, 48.90897838926503]]}}, {"type": "Feature", "properties": {"highway": "footway", "footway": "sidewalk"}, "geometry": {"type": "LineString", "coordinates": [[2.475011651788028, 48.90897838926503], [2.475011651788028, 48.90897838926503]]}}, {"type": "Feature", "properties": {"highway": "footway", "footway": "sidewalk"}, "geometry": {"type": "LineString", "coordinates": [[2.474989546480238, 48.90894951983729], [2.474973936817267, 48.90894638875751]]}}, {"type": "Feature", "properties": {"highway": "footway", "footway": "sidewalk"}, "geometry": {"type": "LineString", "coordinates": [[2.475011651788028, 48.90897838926503], [2.475010741515598, 48.908966559194546], [2.475005682279256, 48.90895885981747], [2.474997278972578, 48.908952557511405], [2.474989546480238, 48.90894951983729]]}}, {"type": "Feature", "properties": {"highway": "footway", "footway": "sidewalk"}, "geometry": {"type": "LineString", "coordinates": [[2.474973936817267, 48.90894638875751], [2.474918738342454, 48.90894387421275]]}}, {"type": "Feature", "properties": {"highway": "footway", "footway": "sidewalk"}, "geometry": {"type": "LineString", "coordinates": [[2.474918738342454, 48.90894387421275], [2.474899520471342, 48.90894449138199]]}}, {"type": "Feature", "properties": {"highway": "footway", "footway": "sidewalk"}, "geometry": {"type": "LineString", "coordinates": [[2.474899520471342, 48.90894449138199], [2.474891509099939, 48.908946266272444], [2.474887479060376, 48.90894803110086], [2.474882323204016, 48.90894948129987], [2.474877659299668, 48.908950214547716], [2.474867421527438, 48.90895411518979], [2.474859302993829, 48.90895978245714], [2.474853981495872, 48.90896674320372], [2.474851901313606, 48.90897441629381], [2.474849566626307, 48.90902270850826]]}}, {"type": "Feature", "properties": {"highway": "footway", "footway": "sidewalk"}, "geometry": {"type": "LineString", "coordinates": [[2.474849566626307, 48.90902270850826], [2.474848618596346, 48.90904231815956]]}}, {"type": "Feature", "properties": {"highway": "footway", "footway": "sidewalk"}, "geometry": {"type": "LineString", "coordinates": [[2.475104051225691, 48.90916506126942], [2.475101061709998, 48.90919802697043], [2.475100456195672, 48.909199839189974], [2.475097654385472, 48.909200019596135], [2.475031585003044, 48.90919741623474], [2.475019400276213, 48.90919814373321], [2.475008086269541, 48.90920121285828], [2.474998654137131, 48.90920634931653], [2.474991946847122, 48.909213094053], [2.474988563844054, 48.909220844277684], [2.474988807475083, 48.90922890733784], [2.474992655968112, 48.909236562621714], [2.475002426595745, 48.909249240672615], [2.475010984738287, 48.909256740981284], [2.475022923152336, 48.90926185475663], [2.475036796913331, 48.909263963070266], [2.475067498778831, 48.90926501116912]]}}, {"type": "Feature", "properties": {"highway": "footway", "footway": "sidewalk"}, "geometry": {"type": "LineString", "coordinates": [[2.475067498778831, 48.90926501116912], [2.475168272538974, 48.90926845132128], [2.475222711058322, 48.909270309672884], [2.475282823866457, 48.90927236169599]]}}, {"type": "Feature", "properties": {"highway": "footway", "footway": "sidewalk"}, "geometry": {"type": "LineString", "coordinates": [[2.475282823866457, 48.90927236169599], [2.475326569482758, 48.909273854985486], [2.475427742750353, 48.90927730854712]]}}, {"type": "Feature", "properties": {"highway": "footway", "footway": "sidewalk"}, "geometry": {"type": "LineString", "coordinates": [[2.475427742750353, 48.90927730854712], [2.475494325404592, 48.90927958130533], [2.47562534195506, 48.909284053362356]]}}, {"type": "Feature", "properties": {"highway": "footway", "footway": "sidewalk"}, "geometry": {"type": "LineString", "coordinates": [[2.47562534195506, 48.909284053362356], [2.475656251741277, 48.90928510840059]]}}, {"type": "Feature", "properties": {"highway": "footway", "footway": "sidewalk"}, "geometry": {"type": "LineString", "coordinates": [[2.475693641798525, 48.909286384617616], [2.475693641798525, 48.909286384617616]]}}, {"type": "Feature", "properties": {"highway": "footway", "footway": "sidewalk"}, "geometry": {"type": "LineString", "coordinates": [[2.475656251741277, 48.90928510840059], [2.475693641798525, 48.909286384617616]]}}, {"type": "Feature", "properties": {"highway": "footway", "footway": "sidewalk"}, "geometry": {"type": "LineString", "coordinates": [[2.475693641798525, 48.909286384617616], [2.475717683069472, 48.90928720520043]]}}, {"type": "Feature", "properties": {"highway": "footway", "footway": "sidewalk"}, "geometry": {"type": "LineString", "coordinates": [[2.475717683069472, 48.90928720520043], [2.47572950347777, 48.909287608655795]]}}, {"type": "Feature", "properties": {"highway": "footway", "footway": "sidewalk"}, "geometry": {"type": "LineString", "coordinates": [[2.47572950347777, 48.909287608655795], [2.475738262781756, 48.90928790762844], [2.4757425250042, 48.90928805310642]]}}, {"type": "Feature", "properties": {"highway": "footway", "footway": "sidewalk"}, "geometry": {"type": "LineString", "coordinates": [[2.4757425250042, 48.90928805310642], [2.475762410675824, 48.90928857715194]]}}, {"type": "Feature", "properties": {"highway": "footway", "footway": "sidewalk"}, "geometry": {"type": "LineString", "coordinates": [[2.475762410675824, 48.90928857715194], [2.475771462003431, 48.90928795635562]]}}, {"type": "Feature", "properties": {"highway": "footway", "footway": "sidewalk"}, "geometry": {"type": "LineString", "coordinates": [[2.475771462003431, 48.90928795635562]]}}, {"type": "Feature", "properties": {"highway": "footway", "footway": "sidewalk"}, "geometry": {"type": "LineString", "coordinates": [[2.475771462003431, 48.90928795635562], [2.475785102368306, 48.909284452899], [2.475790313594554, 48.9092814076279]]}}, {"type": "Feature", "properties": {"highway": "footway", "footway": "sidewalk"}, "geometry": {"type": "LineString", "coordinates": [[2.475790313594554, 48.9092814076279], [2.475801038164224, 48.9092717272399], [2.475803850344222, 48.90926358441143], [2.475805057081423, 48.90925197709276]]}}, {"type": "Feature", "properties": {"highway": "footway", "footway": "sidewalk"}, "geometry": {"type": "LineString", "coordinates": [[2.475805057081423, 48.90925197709276], [2.475806008130179, 48.909242829176726], [2.475807859488405, 48.90922502138439], [2.475816308533924, 48.90914375178154]]}}, {"type": "Feature", "properties": {"highway": "footway", "footway": "sidewalk"}, "geometry": {"type": "LineString", "coordinates": [[2.475816308533924, 48.90914375178154], [2.475828915419361, 48.90902248829211], [2.475829859366591, 48.90901340860029], [2.47582873372766, 48.909005022862175], [2.475823741503448, 48.90899727416744], [2.475815368870611, 48.908990917134005], [2.475806444944922, 48.90898737104555], [2.475791993704183, 48.908984658586085], [2.475777991948945, 48.90898398848851], [2.475712014072557, 48.90898083088878]]}}, {"type": "Feature", "properties": {"highway": "footway", "footway": "sidewalk"}, "geometry": {"type": "LineString", "coordinates": [[2.475712014072557, 48.90898083088878], [2.475697567740277, 48.908980139504436]]}}, {"type": "Feature", "properties": {"highway": "footway", "footway": "sidewalk"}, "geometry": {"type": "LineString", "coordinates": [[2.475697567740277, 48.908980139504436], [2.475689586135881, 48.90897975751353]]}}, {"type": "Feature", "properties": {"highway": "footway", "footway": "sidewalk"}, "geometry": {"type": "LineString", "coordinates": [[2.475689586135881, 48.90897975751353], [2.475680300049043, 48.90897931309079]]}}, {"type": "Feature", "properties": {"highway": "footway", "footway": "sidewalk"}, "geometry": {"type": "LineString", "coordinates": [[2.475680300049043, 48.90897931309079], [2.475669005826372, 48.90897877255969]]}}, {"type": "Feature", "properties": {"highway": "footway", "footway": "sidewalk"}, "geometry": {"type": "LineString", "coordinates": [[2.475669005826372, 48.90897877255969], [2.475641337192307, 48.90897744835962]]}}, {"type": "Feature", "properties": {"highway": "footway", "footway": "sidewalk"}, "geometry": {"type": "LineString", "coordinates": [[2.475641337192307, 48.90897744835962], [2.475633751829791, 48.90897708532868], [2.475529065636878, 48.90897207505835]]}}, {"type": "Feature", "properties": {"highway": "footway", "footway": "sidewalk"}, "geometry": {"type": "LineString", "coordinates": [[2.475529065636878, 48.90897207505835], [2.475377463683726, 48.90896481923437]]}}, {"type": "Feature", "properties": {"highway": "footway", "footway": "sidewalk"}, "geometry": {"type": "LineString", "coordinates": [[2.475529065636878, 48.90897207505835], [2.475529065636878, 48.90897207505835]]}}, {"type": "Feature", "properties": {"highway": "footway", "footway": "sidewalk"}, "geometry": {"type": "LineString", "coordinates": [[2.475377463683726, 48.90896481923437], [2.475286578511712, 48.90896046928087], [2.47522071198738, 48.908957316726685]]}}, {"type": "Feature", "properties": {"highway": "footway", "footway": "sidewalk"}, "geometry": {"type": "LineString", "coordinates": [[2.475118169602242, 48.90900937587045], [2.47511741670765, 48.909017678173576]]}}, {"type": "Feature", "properties": {"highway": "footway", "footway": "sidewalk"}, "geometry": {"type": "LineString", "coordinates": [[2.47522071198738, 48.908957316726685], [2.47516465571883, 48.90895463368854], [2.475151795861811, 48.90895536341486], [2.47513992038932, 48.90895869693166], [2.475130210586352, 48.90896430264524], [2.475123632313827, 48.908971622940236], [2.475120839931808, 48.90897992964707], [2.475119588537027, 48.90899372901561], [2.475118169602242, 48.90900937587045]]}}, {"type": "Feature", "properties": {"highway": "footway", "footway": "sidewalk"}, "geometry": {"type": "LineString", "coordinates": [[2.47511741670765, 48.909017678173576], [2.475116675072481, 48.90902585631435]]}}, {"type": "Feature", "properties": {"highway": "footway", "footway": "sidewalk"}, "geometry": {"type": "LineString", "coordinates": [[2.475116675072481, 48.90902585631435], [2.475116367756718, 48.90902924513823], [2.475115247831243, 48.90904159474562]]}}, {"type": "Feature", "properties": {"highway": "footway", "footway": "sidewalk"}, "geometry": {"type": "LineString", "coordinates": [[2.475112462035871, 48.90907231415514], [2.475110423959441, 48.90909478832473]]}}, {"type": "Feature", "properties": {"highway": "footway", "footway": "sidewalk"}, "geometry": {"type": "LineString", "coordinates": [[2.475115247831243, 48.90904159474562], [2.475115247831243, 48.90904159474562]]}}, {"type": "Feature", "properties": {"highway": "footway", "footway": "sidewalk"}, "geometry": {"type": "LineString", "coordinates": [[2.475115247831243, 48.90904159474562], [2.475112462035871, 48.90907231415514]]}}, {"type": "Feature", "properties": {"highway": "footway", "footway": "sidewalk"}, "geometry": {"type": "LineString", "coordinates": [[2.475110423959441, 48.90909478832473], [2.475110423959441, 48.90909478832473]]}}, {"type": "Feature", "properties": {"highway": "footway", "footway": "sidewalk"}, "geometry": {"type": "LineString", "coordinates": [[2.475110423959441, 48.90909478832473], [2.475109982278317, 48.90909965880499]]}}, {"type": "Feature", "properties": {"highway": "footway", "footway": "sidewalk"}, "geometry": {"type": "LineString", "coordinates": [[2.475109982278317, 48.90909965880499], [2.475107116152444, 48.909131263957484]]}}, {"type": "Feature", "properties": {"highway": "footway", "footway": "sidewalk"}, "geometry": {"type": "LineString", "coordinates": [[2.475107116152444, 48.909131263957484], [2.475104051225691, 48.90916506126942]]}}, {"type": "Feature", "properties": {"highway": "footway", "footway": "sidewalk"}, "geometry": {"type": "LineString", "coordinates": [[2.475141286043578, 48.90942944255137], [2.475149789991241, 48.909436910201144], [2.475161646666983, 48.90944201954499], [2.475175435553226, 48.90944415844535], [2.475249776882927, 48.90944696337209]]}}, {"type": "Feature", "properties": {"highway": "footway", "footway": "sidewalk"}, "geometry": {"type": "LineString", "coordinates": [[2.475249776882927, 48.90944696337209], [2.475306806493037, 48.909449115088336], [2.47547445769706, 48.90945544037174]]}}, {"type": "Feature", "properties": {"highway": "footway", "footway": "sidewalk"}, "geometry": {"type": "LineString", "coordinates": [[2.47547445769706, 48.90945544037174], [2.475630569073421, 48.9094613300504], [2.475682486795924, 48.90946328872473], [2.475723857175366, 48.909464849467795]]}}, {"type": "Feature", "properties": {"highway": "footway", "footway": "sidewalk"}, "geometry": {"type": "LineString", "coordinates": [[2.475723857175366, 48.909464849467795], [2.475734155398227, 48.90946523797727], [2.475746775086042, 48.90946441691562], [2.475758407651639, 48.909461088856126], [2.47576793623046, 48.90945557333217], [2.475774445966488, 48.90944839989958], [2.475777752972583, 48.90943624878178]]}}, {"type": "Feature", "properties": {"highway": "footway", "footway": "sidewalk"}, "geometry": {"type": "LineString", "coordinates": [[2.475777752972583, 48.90943624878178], [2.475781735232474, 48.90940006174151]]}}, {"type": "Feature", "properties": {"highway": "footway", "footway": "sidewalk"}, "geometry": {"type": "LineString", "coordinates": [[2.475781735232474, 48.90940006174151], [2.475782948396067, 48.90938903763895], [2.475781824728134, 48.90938051950451], [2.475776713404079, 48.909372661027305], [2.475768127904808, 48.90936625166322], [2.475760406171936, 48.90936327503301]]}}, {"type": "Feature", "properties": {"highway": "footway", "footway": "sidewalk"}, "geometry": {"type": "LineString", "coordinates": [[2.475760406171936, 48.90936327503301], [2.475744246717471, 48.909360145529874], [2.4757326193373, 48.90935974866505], [2.475705908473855, 48.909358836967506]]}}, {"type": "Feature", "properties": {"highway": "footway", "footway": "sidewalk"}, "geometry": {"type": "LineString", "coordinates": [[2.475705908473855, 48.909358836967506], [2.475688846271179, 48.90935825459564]]}}, {"type": "Feature", "properties": {"highway": "footway", "footway": "sidewalk"}, "geometry": {"type": "LineString", "coordinates": [[2.475688846271179, 48.90935825459564], [2.47565815096343, 48.909357206888444], [2.475486218667597, 48.90935133825971]]}}, {"type": "Feature", "properties": {"highway": "footway", "footway": "sidewalk"}, "geometry": {"type": "LineString", "coordinates": [[2.475486218667597, 48.90935133825971], [2.47522527816384, 48.909342430988495], [2.475186840879475, 48.90934111887176], [2.47517282366351, 48.90934064036898]]}}, {"type": "Feature", "properties": {"highway": "footway", "footway": "sidewalk"}, "geometry": {"type": "LineString", "coordinates": [[2.47517282366351, 48.90934064036898], [2.475140793771006, 48.909339546964816], [2.475128663680596, 48.90934033082532], [2.475117421737819, 48.90934343464641], [2.475108065049675, 48.90934858313395], [2.475101423510698, 48.90935531964151], [2.475098086195269, 48.90936304667264], [2.475098349109208, 48.90937107887579], [2.475098917009448, 48.909372206587115], [2.475102188934942, 48.90937870383179], [2.475110670879909, 48.90938971138271], [2.475141286043578, 48.90942944255137]]}}, {"type": "Feature", "properties": {"highway": "footway", "footway": "sidewalk"}, "geometry": {"type": "LineString", "coordinates": [[2.476015375957747, 48.90952653208543], [2.476031158203233, 48.909524971185036], [2.476034338965487, 48.90952371041061], [2.476040269141321, 48.909522241104575], [2.476043352065353, 48.90952201807796], [2.476142438687612, 48.909525140346354], [2.476157743876127, 48.90952562261278], [2.476193076104266, 48.90952673592332]]}}, {"type": "Feature", "properties": {"highway": "footway", "footway": "sidewalk"}, "geometry": {"type": "LineString", "coordinates": [[2.476193076104266, 48.90952673592332], [2.476206724969559, 48.90952716599309]]}}, {"type": "Feature", "properties": {"highway": "footway", "footway": "sidewalk"}, "geometry": {"type": "LineString", "coordinates": [[2.476206724969559, 48.90952716599309], [2.476214101055414, 48.90952739840966], [2.476229767969333, 48.90952789206423], [2.476242348854734, 48.90952699751749], [2.476253913805794, 48.90952361245338], [2.476263357200956, 48.90951806048775], [2.476269776242465, 48.90951087239433], [2.476272911036151, 48.90949922676775], [2.476273714603984, 48.90949125723021], [2.476287888579475, 48.90935068370027]]}}, {"type": "Feature", "properties": {"highway": "footway", "footway": "sidewalk"}, "geometry": {"type": "LineString", "coordinates": [[2.476287888579475, 48.90935068370027], [2.476312802302218, 48.90910359443251], [2.476317266388511, 48.909059320267566]]}}, {"type": "Feature", "properties": {"highway": "footway", "footway": "sidewalk"}, "geometry": {"type": "LineString", "coordinates": [[2.476317266388511, 48.909059320267566], [2.476318612117391, 48.90904597350689]]}}, {"type": "Feature", "properties": {"highway": "footway", "footway": "sidewalk"}, "geometry": {"type": "LineString", "coordinates": [[2.476318612117391, 48.90904597350689], [2.476319377782912, 48.90903837973456], [2.476318225291834, 48.90902999374024], [2.476315363343886, 48.909025578095665]]}}, {"type": "Feature", "properties": {"highway": "footway", "footway": "sidewalk"}, "geometry": {"type": "LineString", "coordinates": [[2.476315363343886, 48.909025578095665], [2.476306719375651, 48.909017347100466], [2.476293855482463, 48.9090115737367], [2.476281408428716, 48.909009680466234], [2.476204177932313, 48.909006107185796]]}}, {"type": "Feature", "properties": {"highway": "footway", "footway": "sidewalk"}, "geometry": {"type": "LineString", "coordinates": [[2.476204177932313, 48.909006107185796], [2.476190245071369, 48.90900546253826], [2.476067507043775, 48.909000538588835], [2.476006945976119, 48.908998109555924], [2.47599910281812, 48.90899779497376], [2.475986418623657, 48.90899859624332], [2.475974723120312, 48.90900193021354], [2.475965150115667, 48.90900747367648], [2.475958627654849, 48.9090146892273], [2.475955788052215, 48.909022877362126], [2.475955200204521, 48.90902853192069], [2.47595479927167, 48.90903238852822]]}}, {"type": "Feature", "properties": {"highway": "footway", "footway": "sidewalk"}, "geometry": {"type": "LineString", "coordinates": [[2.47595479927167, 48.90903238852822], [2.475932328559435, 48.90924853528416], [2.475925340036305, 48.9093157578086], [2.475928456232936, 48.909328078147965], [2.475930678998142, 48.90933155495055], [2.475930941280831, 48.90933359197982], [2.475924859182014, 48.90938886194149], [2.475923061134812, 48.90940520134337]]}}, {"type": "Feature", "properties": {"highway": "footway", "footway": "sidewalk"}, "geometry": {"type": "LineString", "coordinates": [[2.475923061134812, 48.90940520134337], [2.475918411258507, 48.90944745613407]]}}, {"type": "Feature", "properties": {"highway": "footway", "footway": "sidewalk"}, "geometry": {"type": "LineString", "coordinates": [[2.475918411258507, 48.90944745613407], [2.475915271512249, 48.90947598788922], [2.475913107123497, 48.909495656278025], [2.475914239655744, 48.909504197584624], [2.475919380997328, 48.909512073242944], [2.475928011800403, 48.90951848769807], [2.475939260230319, 48.90952279299739], [2.475951990033322, 48.909524554243355], [2.476015375957747, 48.90952653208543]]}}, {"type": "Feature", "properties": {"highway": "footway", "footway": "sidewalk"}, "geometry": {"type": "LineString", "coordinates": [[2.475018560285318, 48.90826660014213], [2.475009869538549, 48.908346931930105]]}}, {"type": "Feature", "properties": {"highway": "footway", "footway": "sidewalk"}, "geometry": {"type": "LineString", "coordinates": [[2.47499699804559, 48.908465907425445], [2.474993175809307, 48.90850123751858], [2.474976496062051, 48.90865541291114]]}}, {"type": "Feature", "properties": {"highway": "footway", "footway": "sidewalk"}, "geometry": {"type": "LineString", "coordinates": [[2.475009869538549, 48.908346931930105], [2.474997849368729, 48.908458038379784], [2.47499699804559, 48.908465907425445]]}}, {"type": "Feature", "properties": {"highway": "footway", "footway": "sidewalk"}, "geometry": {"type": "LineString", "coordinates": [[2.474994081752008, 48.90887033791463], [2.475073100773999, 48.908873966890425], [2.475076376454093, 48.90887446353481], [2.475089185778133, 48.90887539504784], [2.475293406779011, 48.90888516975675], [2.475414866652896, 48.908890983064424]]}}, {"type": "Feature", "properties": {"highway": "footway", "footway": "sidewalk"}, "geometry": {"type": "LineString", "coordinates": [[2.474976496062051, 48.90865541291114], [2.474964816211076, 48.908763372348105], [2.474957076417065, 48.90883491271202], [2.474956358491267, 48.908841548624046], [2.47495746115318, 48.90884996911196], [2.474962462517345, 48.90885775141798], [2.474970871658914, 48.90886413164251], [2.474981863149786, 48.90886848351189], [2.474994081752008, 48.90887033791463]]}}, {"type": "Feature", "properties": {"highway": "footway", "footway": "sidewalk"}, "geometry": {"type": "LineString", "coordinates": [[2.475414866652896, 48.908890983064424], [2.475537563437726, 48.90889685544185], [2.475628428746057, 48.908901204251436]]}}, {"type": "Feature", "properties": {"highway": "footway", "footway": "sidewalk"}, "geometry": {"type": "LineString", "coordinates": [[2.475537563437726, 48.90889685544185], [2.475537563437726, 48.90889685544185]]}}, {"type": "Feature", "properties": {"highway": "footway", "footway": "sidewalk"}, "geometry": {"type": "LineString", "coordinates": [[2.475628428746057, 48.908901204251436], [2.475650821941658, 48.90890227597765]]}}, {"type": "Feature", "properties": {"highway": "footway", "footway": "sidewalk"}, "geometry": {"type": "LineString", "coordinates": [[2.475650821941658, 48.90890227597765], [2.475659962751973, 48.90890271345064]]}}, {"type": "Feature", "properties": {"highway": "footway", "footway": "sidewalk"}, "geometry": {"type": "LineString", "coordinates": [[2.475659962751973, 48.90890271345064], [2.475667478307536, 48.90890307313947]]}}, {"type": "Feature", "properties": {"highway": "footway", "footway": "sidewalk"}, "geometry": {"type": "LineString", "coordinates": [[2.475667478307536, 48.90890307313947], [2.475667478307536, 48.90890307313947]]}}, {"type": "Feature", "properties": {"highway": "footway", "footway": "sidewalk"}, "geometry": {"type": "LineString", "coordinates": [[2.475667478307536, 48.90890307313947], [2.475685630022702, 48.90890394186486], [2.475786278034648, 48.908908758739294], [2.475882551083856, 48.90891336615103], [2.475892397722674, 48.90891305267109], [2.475901844963784, 48.90891119618245], [2.475903673008235, 48.90891067178826], [2.475906760034313, 48.90891047521024], [2.476015602484328, 48.90891484083206], [2.47605395452552, 48.90891637909056]]}}, {"type": "Feature", "properties": {"highway": "footway", "footway": "sidewalk"}, "geometry": {"type": "LineString", "coordinates": [[2.47605395452552, 48.90891637909056], [2.476075197019565, 48.90891723109828], [2.476089429733325, 48.90891780195098], [2.476102127418746, 48.90891699837639], [2.47611351817996, 48.90891374669741], [2.4761234090996, 48.908908101985475], [2.476129925496322, 48.90890087348883], [2.476132749051935, 48.908892673626895], [2.476133701558234, 48.90888327617796], [2.476139428384139, 48.90882677510774]]}}, {"type": "Feature", "properties": {"highway": "footway", "footway": "sidewalk"}, "geometry": {"type": "LineString", "coordinates": [[2.476139428384139, 48.90882677510774], [2.476143058628553, 48.908790958919454]]}}, {"type": "Feature", "properties": {"highway": "footway", "footway": "sidewalk"}, "geometry": {"type": "LineString", "coordinates": [[2.476148400808787, 48.90873825258578], [2.476149425277101, 48.90872814509508], [2.476162090291308, 48.908603190659015]]}}, {"type": "Feature", "properties": {"highway": "footway", "footway": "sidewalk"}, "geometry": {"type": "LineString", "coordinates": [[2.476143058628553, 48.908790958919454], [2.476148400808787, 48.90873825258578]]}}, {"type": "Feature", "properties": {"highway": "footway", "footway": "sidewalk"}, "geometry": {"type": "LineString", "coordinates": [[2.476162090291308, 48.908603190659015], [2.476168711858411, 48.908537861293205]]}}, {"type": "Feature", "properties": {"highway": "footway", "footway": "sidewalk"}, "geometry": {"type": "LineString", "coordinates": [[2.476186042892284, 48.9083668699237], [2.476187233171096, 48.90835512635704]]}}, {"type": "Feature", "properties": {"highway": "footway", "footway": "sidewalk"}, "geometry": {"type": "LineString", "coordinates": [[2.476183394458901, 48.90839299996143], [2.476186042892284, 48.9083668699237]]}}, {"type": "Feature", "properties": {"highway": "footway", "footway": "sidewalk"}, "geometry": {"type": "LineString", "coordinates": [[2.476168711858411, 48.908537861293205], [2.476181397306182, 48.90841270429993], [2.476183394458901, 48.90839299996143]]}}, {"type": "Feature", "properties": {"highway": "footway", "footway": "sidewalk"}, "geometry": {"type": "LineString", "coordinates": [[2.476187233171096, 48.90835512635704], [2.476188470091765, 48.908342922605165]]}}, {"type": "Feature", "properties": {"highway": "footway", "footway": "sidewalk"}, "geometry": {"type": "LineString", "coordinates": [[2.476188470091765, 48.908342922605165], [2.476189990924841, 48.90832791769811], [2.476190806629387, 48.90832494861864], [2.476191542632167, 48.9083233322723], [2.476192182314807, 48.9083219274559], [2.476193909145352, 48.90831400384192], [2.476192032507715, 48.90830609504335], [2.476184826831751, 48.90829756178344], [2.476178432561007, 48.908293044861416], [2.476167906778266, 48.90828905259349], [2.476156067133027, 48.908287272188325], [2.476082753565149, 48.90828362287791]]}}, {"type": "Feature", "properties": {"highway": "footway", "footway": "sidewalk"}, "geometry": {"type": "LineString", "coordinates": [[2.47569752679588, 48.90826444677055], [2.475308571128884, 48.90824508372289]]}}, {"type": "Feature", "properties": {"highway": "footway", "footway": "sidewalk"}, "geometry": {"type": "LineString", "coordinates": [[2.475120214085457, 48.90823570642829], [2.475061816708543, 48.90823279907055], [2.475050071731774, 48.90823333377097], [2.475039043673211, 48.90823605039403], [2.475029645189621, 48.908240724118265], [2.475022654078451, 48.908246968157016], [2.475018648909156, 48.908254265767816], [2.475017961141915, 48.90826201301673], [2.475018560285318, 48.90826660014213]]}}, {"type": "Feature", "properties": {"highway": "footway", "footway": "sidewalk"}, "geometry": {"type": "LineString", "coordinates": [[2.475308571128884, 48.90824508372289], [2.475120214085457, 48.90823570642829]]}}, {"type": "Feature", "properties": {"highway": "footway", "footway": "sidewalk"}, "geometry": {"type": "LineString", "coordinates": [[2.476082753565149, 48.90828362287791], [2.475789186408398, 48.90826900958955], [2.47569752679588, 48.90826444677055]]}}, {"type": "Feature", "properties": {"highway": "footway", "footway": "sidewalk"}, "geometry": {"type": "LineString", "coordinates": [[2.476774553096959, 48.91023932250901], [2.476580675109406, 48.91023072759877], [2.476576594244797, 48.91023068113787], [2.476551296698418, 48.91023122517111], [2.476547264248399, 48.9102314437933], [2.476522056421108, 48.91023364175098], [2.476518252066849, 48.91023409487146], [2.476469851145722, 48.91024143089942], [2.476467492067697, 48.91024183759163], [2.476424451504214, 48.910250168025215], [2.476418266233358, 48.910251733616704], [2.476345684000049, 48.91027470723152], [2.476335201873315, 48.91027947368255], [2.476327449809496, 48.91028613310067], [2.476323178353763, 48.910294040730335], [2.476322801064348, 48.91030243096556], [2.476326354471819, 48.910310491474796], [2.476333494541522, 48.910317441849756], [2.476361344280994, 48.910337090424406], [2.476375120754566, 48.91035095803442], [2.476376844955496, 48.91035317891717], [2.476399315644563, 48.91039024287971]]}}, {"type": "Feature", "properties": {"highway": "footway", "footway": "sidewalk"}, "geometry": {"type": "LineString", "coordinates": [[2.476399315644563, 48.91039024287971], [2.476408274934078, 48.91040502063742], [2.476420638888746, 48.91042541415044], [2.476572841184721, 48.910676336443395]]}}, {"type": "Feature", "properties": {"highway": "footway", "footway": "sidewalk"}, "geometry": {"type": "LineString", "coordinates": [[2.476572841184721, 48.910676336443395], [2.476682736732442, 48.910857509695894], [2.476725643518429, 48.91092822253057]]}}, {"type": "Feature", "properties": {"highway": "footway", "footway": "sidewalk"}, "geometry": {"type": "LineString", "coordinates": [[2.476928287356044, 48.91093558856107], [2.477222090363556, 48.91090649991936], [2.477224452024469, 48.91090600408418], [2.47723445957377, 48.91090390297962], [2.477244972673278, 48.910898883314445], [2.477252571934489, 48.91089194595487], [2.477256492793459, 48.91088378887193], [2.477255700618562, 48.910875160412516], [2.477255365415451, 48.910871509341064]]}}, {"type": "Feature", "properties": {"highway": "footway", "footway": "sidewalk"}, "geometry": {"type": "LineString", "coordinates": [[2.476725643518429, 48.91092822253057], [2.476729309892906, 48.910934264915134], [2.476736415076283, 48.910941939881965], [2.476746952155645, 48.91094764947273], [2.476759750634671, 48.91095075944526], [2.476773388811487, 48.91095092433235], [2.476793468220654, 48.910948936377395], [2.476928287356044, 48.91093558856107]]}}, {"type": "Feature", "properties": {"highway": "footway", "footway": "sidewalk"}, "geometry": {"type": "LineString", "coordinates": [[2.477128694240164, 48.910387855600476], [2.477100584397267, 48.910280503460854], [2.477098977182688, 48.91027436545706]]}}, {"type": "Feature", "properties": {"highway": "footway", "footway": "sidewalk"}, "geometry": {"type": "LineString", "coordinates": [[2.477255365415451, 48.910871509341064], [2.477218359999224, 48.910730241285904]]}}, {"type": "Feature", "properties": {"highway": "footway", "footway": "sidewalk"}, "geometry": {"type": "LineString", "coordinates": [[2.477218359999224, 48.910730241285904], [2.477186178854268, 48.910607389210526], [2.477128694240164, 48.910387855600476]]}}, {"type": "Feature", "properties": {"highway": "footway", "footway": "sidewalk"}, "geometry": {"type": "LineString", "coordinates": [[2.477098977182688, 48.91027436545706], [2.477094482746826, 48.91026592358559], [2.477086046863682, 48.91025891486965], [2.477074597381297, 48.91025411018447], [2.477061393606547, 48.91025203798801], [2.477034207694313, 48.91025083288264], [2.476967098278287, 48.91024785800839]]}}, {"type": "Feature", "properties": {"highway": "footway", "footway": "sidewalk"}, "geometry": {"type": "LineString", "coordinates": [[2.476967098278287, 48.91024785800839], [2.476774553096959, 48.91023932250901]]}}, {"type": "Feature", "properties": {"highway": "footway", "footway": "sidewalk"}, "geometry": {"type": "LineString", "coordinates": [[2.476361344280994, 48.910337090424406], [2.476361344280994, 48.910337090424406]]}}, {"type": "Feature", "properties": {"highway": "footway", "footway": "sidewalk"}, "geometry": {"type": "LineString", "coordinates": [[2.476393214742223, 48.90950674251611], [2.476394351444287, 48.9095150870428], [2.476399317230373, 48.909522799258546], [2.476405109540393, 48.909527212520665], [2.476418497046483, 48.90953348399685], [2.476430861105429, 48.909535425932226], [2.476444929288615, 48.90953615069664], [2.476573330658872, 48.90954276559587]]}}, {"type": "Feature", "properties": {"highway": "footway", "footway": "sidewalk"}, "geometry": {"type": "LineString", "coordinates": [[2.476573330658872, 48.90954276559587], [2.476663428620462, 48.90954740711835]]}}, {"type": "Feature", "properties": {"highway": "footway", "footway": "sidewalk"}, "geometry": {"type": "LineString", "coordinates": [[2.476663428620462, 48.90954740711835], [2.476687279059952, 48.909548635795154], [2.476804757343965, 48.9095546877216]]}}, {"type": "Feature", "properties": {"highway": "footway", "footway": "sidewalk"}, "geometry": {"type": "LineString", "coordinates": [[2.476804757343965, 48.9095546877216], [2.476818742782057, 48.90955540817726], [2.477005583348772, 48.9095650330485], [2.477018509449217, 48.90956434031909], [2.477030457724253, 48.909561016462895], [2.477040228351419, 48.90955539525515], [2.477046840184274, 48.90954804116654], [2.477048410404962, 48.909543341084614]]}}, {"type": "Feature", "properties": {"highway": "footway", "footway": "sidewalk"}, "geometry": {"type": "LineString", "coordinates": [[2.477048410404962, 48.909543341084614], [2.477051345961937, 48.90952008314888]]}}, {"type": "Feature", "properties": {"highway": "footway", "footway": "sidewalk"}, "geometry": {"type": "LineString", "coordinates": [[2.477053790725666, 48.90949215681195], [2.47705518983937, 48.90947617483597]]}}, {"type": "Feature", "properties": {"highway": "footway", "footway": "sidewalk"}, "geometry": {"type": "LineString", "coordinates": [[2.477051345961937, 48.90952008314888], [2.477053790725666, 48.90949215681195]]}}, {"type": "Feature", "properties": {"highway": "footway", "footway": "sidewalk"}, "geometry": {"type": "LineString", "coordinates": [[2.47705518983937, 48.90947617483597], [2.477055636414435, 48.909471073638734]]}}, {"type": "Feature", "properties": {"highway": "footway", "footway": "sidewalk"}, "geometry": {"type": "LineString", "coordinates": [[2.477062540314234, 48.90939504403549], [2.477063690995347, 48.90939170670816], [2.477065943035035, 48.909385175102656], [2.477066993752776, 48.90938301658154], [2.477079112997294, 48.90936384288183], [2.477080570815162, 48.909361965767005], [2.477086972560321, 48.90935510641366], [2.477091102738785, 48.9093519278267], [2.477100401498862, 48.90934670406479], [2.477102991365162, 48.90934546608001], [2.477117948728421, 48.90933943409699], [2.477126608344973, 48.909335941858245]]}}, {"type": "Feature", "properties": {"highway": "footway", "footway": "sidewalk"}, "geometry": {"type": "LineString", "coordinates": [[2.477055636414435, 48.909471073638734], [2.477058386096016, 48.909439664185996]]}}, {"type": "Feature", "properties": {"highway": "footway", "footway": "sidewalk"}, "geometry": {"type": "LineString", "coordinates": [[2.477058386096016, 48.909439664185996], [2.477062540314234, 48.90939504403549]]}}, {"type": "Feature", "properties": {"highway": "footway", "footway": "sidewalk"}, "geometry": {"type": "LineString", "coordinates": [[2.477126608344973, 48.909335941858245], [2.477133101294318, 48.90933341183483], [2.477141479077692, 48.90933079041571], [2.477194518285553, 48.90931844096808], [2.477201185553668, 48.90931677500625], [2.477211368965383, 48.90931304431631], [2.47721954494368, 48.90930757333351], [2.477225050893389, 48.90930080543606], [2.477227440603787, 48.909293289106294], [2.47722990691359, 48.90926782578481], [2.477229995166417, 48.909266914621384]]}}, {"type": "Feature", "properties": {"highway": "footway", "footway": "sidewalk"}, "geometry": {"type": "LineString", "coordinates": [[2.477229995166417, 48.909266914621384], [2.477230507536776, 48.90926162466966]]}}, {"type": "Feature", "properties": {"highway": "footway", "footway": "sidewalk"}, "geometry": {"type": "LineString", "coordinates": [[2.477233737655587, 48.90922827538349], [2.477236409256939, 48.909200692464]]}}, {"type": "Feature", "properties": {"highway": "footway", "footway": "sidewalk"}, "geometry": {"type": "LineString", "coordinates": [[2.477230507536776, 48.90926162466966], [2.477233737655587, 48.90922827538349]]}}, {"type": "Feature", "properties": {"highway": "footway", "footway": "sidewalk"}, "geometry": {"type": "LineString", "coordinates": [[2.477236409256939, 48.909200692464], [2.477237404770631, 48.90919041428575]]}}, {"type": "Feature", "properties": {"highway": "footway", "footway": "sidewalk"}, "geometry": {"type": "LineString", "coordinates": [[2.477237404770631, 48.90919041428575], [2.477238199352123, 48.909182210628394]]}}, {"type": "Feature", "properties": {"highway": "footway", "footway": "sidewalk"}, "geometry": {"type": "LineString", "coordinates": [[2.477239482760345, 48.90916896007327], [2.477241198115399, 48.90915124986973]]}}, {"type": "Feature", "properties": {"highway": "footway", "footway": "sidewalk"}, "geometry": {"type": "LineString", "coordinates": [[2.477238199352123, 48.909182210628394], [2.477239482760345, 48.90916896007327]]}}, {"type": "Feature", "properties": {"highway": "footway", "footway": "sidewalk"}, "geometry": {"type": "LineString", "coordinates": [[2.477241773512186, 48.90914530917598], [2.477245052131849, 48.9091114589854], [2.477245438358342, 48.90910957554599], [2.477248417332831, 48.9091004999872]]}}, {"type": "Feature", "properties": {"highway": "footway", "footway": "sidewalk"}, "geometry": {"type": "LineString", "coordinates": [[2.477248417332831, 48.9091004999872], [2.477251769269396, 48.9090942012591], [2.477256242380764, 48.90908230194588], [2.477254807931201, 48.90907409942973], [2.477249676825151, 48.9090665671268], [2.47724132975658, 48.90906041067854], [2.47723054869656, 48.90905620683331], [2.477218343636503, 48.909054349415676], [2.476841194446182, 48.90903610439363]]}}, {"type": "Feature", "properties": {"highway": "footway", "footway": "sidewalk"}, "geometry": {"type": "LineString", "coordinates": [[2.477241198115399, 48.90915124986973], [2.477241773512186, 48.90914530917598]]}}, {"type": "Feature", "properties": {"highway": "footway", "footway": "sidewalk"}, "geometry": {"type": "LineString", "coordinates": [[2.476841194446182, 48.90903610439363], [2.476841194446182, 48.90903610439363]]}}, {"type": "Feature", "properties": {"highway": "footway", "footway": "sidewalk"}, "geometry": {"type": "LineString", "coordinates": [[2.476841194446182, 48.90903610439363], [2.476790690043127, 48.909033661090895], [2.47664313337931, 48.90902652246446]]}}, {"type": "Feature", "properties": {"highway": "footway", "footway": "sidewalk"}, "geometry": {"type": "LineString", "coordinates": [[2.47664313337931, 48.90902652246446], [2.476594884906488, 48.90902418821587]]}}, {"type": "Feature", "properties": {"highway": "footway", "footway": "sidewalk"}, "geometry": {"type": "LineString", "coordinates": [[2.476532287644655, 48.90902115974621], [2.476498822306723, 48.909019540671515], [2.476480301345174, 48.909018999812766]]}}, {"type": "Feature", "properties": {"highway": "footway", "footway": "sidewalk"}, "geometry": {"type": "LineString", "coordinates": [[2.476594884906488, 48.90902418821587], [2.476532287644655, 48.90902115974621]]}}, {"type": "Feature", "properties": {"highway": "footway", "footway": "sidewalk"}, "geometry": {"type": "LineString", "coordinates": [[2.476480301345174, 48.909018999812766], [2.47647089559941, 48.909019524989674], [2.47645573112769, 48.909024728716], [2.476449345511557, 48.90902838771299], [2.476442737361978, 48.90903565983296], [2.476439879091902, 48.90904392468385], [2.476439140127694, 48.9090512538108], [2.476434420408856, 48.909098064441785]]}}, {"type": "Feature", "properties": {"highway": "footway", "footway": "sidewalk"}, "geometry": {"type": "LineString", "coordinates": [[2.476412068451711, 48.909319752133435], [2.476403435443344, 48.90940537416058], [2.476398836888761, 48.90945098242487]]}}, {"type": "Feature", "properties": {"highway": "footway", "footway": "sidewalk"}, "geometry": {"type": "LineString", "coordinates": [[2.476430805761296, 48.90913391480873], [2.476421075282941, 48.90923042222365], [2.476418271942773, 48.90925822583488]]}}, {"type": "Feature", "properties": {"highway": "footway", "footway": "sidewalk"}, "geometry": {"type": "LineString", "coordinates": [[2.476418271942773, 48.90925822583488], [2.476412068451711, 48.909319752133435]]}}, {"type": "Feature", "properties": {"highway": "footway", "footway": "sidewalk"}, "geometry": {"type": "LineString", "coordinates": [[2.476398836888761, 48.90945098242487], [2.47639415047791, 48.90949746195784], [2.476393214742223, 48.90950674251611]]}}, {"type": "Feature", "properties": {"highway": "footway", "footway": "sidewalk"}, "geometry": {"type": "LineString", "coordinates": [[2.476434420408856, 48.909098064441785], [2.476430805761296, 48.90913391480873]]}}, {"type": "Feature", "properties": {"highway": "footway", "footway": "sidewalk"}, "geometry": {"type": "LineString", "coordinates": [[2.476334481401188, 48.90833158861345], [2.476328843798996, 48.90833947789343]]}}, {"type": "Feature", "properties": {"highway": "footway", "footway": "sidewalk"}, "geometry": {"type": "LineString", "coordinates": [[2.476328843798996, 48.90833947789343], [2.476328843798996, 48.90833947789343]]}}, {"type": "Feature", "properties": {"highway": "footway", "footway": "sidewalk"}, "geometry": {"type": "LineString", "coordinates": [[2.476328843798996, 48.90833947789343], [2.476324591360997, 48.908348816790756], [2.476323239570483, 48.90836215423284], [2.476314649788913, 48.908446905152]]}}, {"type": "Feature", "properties": {"highway": "footway", "footway": "sidewalk"}, "geometry": {"type": "LineString", "coordinates": [[2.47630679677394, 48.90852438652476], [2.476302861712865, 48.90856321151398], [2.47629413969554, 48.90864926643729]]}}, {"type": "Feature", "properties": {"highway": "footway", "footway": "sidewalk"}, "geometry": {"type": "LineString", "coordinates": [[2.476311816447098, 48.9084748602027], [2.47630679677394, 48.90852438652476]]}}, {"type": "Feature", "properties": {"highway": "footway", "footway": "sidewalk"}, "geometry": {"type": "LineString", "coordinates": [[2.476314649788913, 48.908446905152], [2.476314649788913, 48.908446905152]]}}, {"type": "Feature", "properties": {"highway": "footway", "footway": "sidewalk"}, "geometry": {"type": "LineString", "coordinates": [[2.476314649788913, 48.908446905152], [2.476311816447098, 48.9084748602027]]}}, {"type": "Feature", "properties": {"highway": "footway", "footway": "sidewalk"}, "geometry": {"type": "LineString", "coordinates": [[2.47629413969554, 48.90864926643729], [2.476293362475403, 48.90865693478864], [2.476286249629634, 48.90872711273768]]}}, {"type": "Feature", "properties": {"highway": "footway", "footway": "sidewalk"}, "geometry": {"type": "LineString", "coordinates": [[2.476286249629634, 48.90872711273768], [2.476284445049927, 48.90874491735244]]}}, {"type": "Feature", "properties": {"highway": "footway", "footway": "sidewalk"}, "geometry": {"type": "LineString", "coordinates": [[2.476284445049927, 48.90874491735244], [2.476282614604706, 48.908762977152435]]}}, {"type": "Feature", "properties": {"highway": "footway", "footway": "sidewalk"}, "geometry": {"type": "LineString", "coordinates": [[2.476282614604706, 48.908762977152435], [2.476278504919761, 48.90880352466504]]}}, {"type": "Feature", "properties": {"highway": "footway", "footway": "sidewalk"}, "geometry": {"type": "LineString", "coordinates": [[2.476278504919761, 48.90880352466504], [2.476274775453891, 48.90884032075317]]}}, {"type": "Feature", "properties": {"highway": "footway", "footway": "sidewalk"}, "geometry": {"type": "LineString", "coordinates": [[2.476274775453891, 48.90884032075317], [2.476272510562844, 48.908862666857]]}}, {"type": "Feature", "properties": {"highway": "footway", "footway": "sidewalk"}, "geometry": {"type": "LineString", "coordinates": [[2.476272510562844, 48.908862666857], [2.476269814135402, 48.90888927060397], [2.476268843664952, 48.90889884554418], [2.476269987917112, 48.90890722176259], [2.476274989694818, 48.90891495865708], [2.47628502750386, 48.908921964825225]]}}, {"type": "Feature", "properties": {"highway": "footway", "footway": "sidewalk"}, "geometry": {"type": "LineString", "coordinates": [[2.47628502750386, 48.908921964825225], [2.476300316756097, 48.908926566649605]]}}, {"type": "Feature", "properties": {"highway": "footway", "footway": "sidewalk"}, "geometry": {"type": "LineString", "coordinates": [[2.476300316756097, 48.908926566649605], [2.476309843016013, 48.90892769897021]]}}, {"type": "Feature", "properties": {"highway": "footway", "footway": "sidewalk"}, "geometry": {"type": "LineString", "coordinates": [[2.476309843016013, 48.90892769897021], [2.476318646921746, 48.908928119508346], [2.476387841192125, 48.908931424702835], [2.476389780586859, 48.908931723245125], [2.47639609158773, 48.90893235768424], [2.476423321155329, 48.908933675095774]]}}, {"type": "Feature", "properties": {"highway": "footway", "footway": "sidewalk"}, "geometry": {"type": "LineString", "coordinates": [[2.476423321155329, 48.908933675095774], [2.476507071108664, 48.90893772701636], [2.476520599541725, 48.90893838153199], [2.476538790701622, 48.908939261631275]]}}, {"type": "Feature", "properties": {"highway": "footway", "footway": "sidewalk"}, "geometry": {"type": "LineString", "coordinates": [[2.476870993776949, 48.90895533330628], [2.47705155302253, 48.908964068188475]]}}, {"type": "Feature", "properties": {"highway": "footway", "footway": "sidewalk"}, "geometry": {"type": "LineString", "coordinates": [[2.476538790701622, 48.908939261631275], [2.476870993776949, 48.90895533330628]]}}, {"type": "Feature", "properties": {"highway": "footway", "footway": "sidewalk"}, "geometry": {"type": "LineString", "coordinates": [[2.477462364319202, 48.90884362476418], [2.477467399623299, 48.908796572692545]]}}, {"type": "Feature", "properties": {"highway": "footway", "footway": "sidewalk"}, "geometry": {"type": "LineString", "coordinates": [[2.47705155302253, 48.908964068188475], [2.477285695141398, 48.908975394814206]]}}, {"type": "Feature", "properties": {"highway": "footway", "footway": "sidewalk"}, "geometry": {"type": "LineString", "coordinates": [[2.477459366755461, 48.90887163526135], [2.477462364319202, 48.90884362476418]]}}, {"type": "Feature", "properties": {"highway": "footway", "footway": "sidewalk"}, "geometry": {"type": "LineString", "coordinates": [[2.477285695141398, 48.908975394814206], [2.477406494891605, 48.9089812383146], [2.477419276528388, 48.90898052799488], [2.477431096775673, 48.90897724447839], [2.477440794449408, 48.90897171032756], [2.477447416881349, 48.90896446920005], [2.477450313506202, 48.90895623244123], [2.477451644881214, 48.90894379155897], [2.477459366755461, 48.90887163526135]]}}, {"type": "Feature", "properties": {"highway": "footway", "footway": "sidewalk"}, "geometry": {"type": "LineString", "coordinates": [[2.477467399623299, 48.908796572692545], [2.477468286846575, 48.908788282083115]]}}, {"type": "Feature", "properties": {"highway": "footway", "footway": "sidewalk"}, "geometry": {"type": "LineString", "coordinates": [[2.477468286846575, 48.908788282083115], [2.477469234097192, 48.90877943054845], [2.477476506643024, 48.90871147251306]]}}, {"type": "Feature", "properties": {"highway": "footway", "footway": "sidewalk"}, "geometry": {"type": "LineString", "coordinates": [[2.477476506643024, 48.90871147251306], [2.477486031303366, 48.908622469396285], [2.477491665876976, 48.908569817015795]]}}, {"type": "Feature", "properties": {"highway": "footway", "footway": "sidewalk"}, "geometry": {"type": "LineString", "coordinates": [[2.477491665876976, 48.908569817015795], [2.477492248776747, 48.908564370091405]]}}, {"type": "Feature", "properties": {"highway": "footway", "footway": "sidewalk"}, "geometry": {"type": "LineString", "coordinates": [[2.477492248776747, 48.908564370091405], [2.477492248776747, 48.908564370091405]]}}, {"type": "Feature", "properties": {"highway": "footway", "footway": "sidewalk"}, "geometry": {"type": "LineString", "coordinates": [[2.477492248776747, 48.908564370091405], [2.477492248776747, 48.908564370091405]]}}, {"type": "Feature", "properties": {"highway": "footway", "footway": "sidewalk"}, "geometry": {"type": "LineString", "coordinates": [[2.477492248776747, 48.908564370091405], [2.477494914269053, 48.908539462303494], [2.477501647383393, 48.90847654436535]]}}, {"type": "Feature", "properties": {"highway": "footway", "footway": "sidewalk"}, "geometry": {"type": "LineString", "coordinates": [[2.477320707952765, 48.90836252948609], [2.477043158284095, 48.908344326844635]]}}, {"type": "Feature", "properties": {"highway": "footway", "footway": "sidewalk"}, "geometry": {"type": "LineString", "coordinates": [[2.477043158284095, 48.908344326844635], [2.476808546891034, 48.908328939708525]]}}, {"type": "Feature", "properties": {"highway": "footway", "footway": "sidewalk"}, "geometry": {"type": "LineString", "coordinates": [[2.477501647383393, 48.90847654436535], [2.477509704412276, 48.90840125482965], [2.477508757952217, 48.90839382566735]]}}, {"type": "Feature", "properties": {"highway": "footway", "footway": "sidewalk"}, "geometry": {"type": "LineString", "coordinates": [[2.477508757952217, 48.90839382566735], [2.477503847308985, 48.908385339234854], [2.477495742645122, 48.90837900427], [2.477485103192899, 48.908374589876935], [2.477472932956966, 48.90837251262497], [2.477320707952765, 48.90836252948609]]}}, {"type": "Feature", "properties": {"highway": "footway", "footway": "sidewalk"}, "geometry": {"type": "LineString", "coordinates": [[2.476808546891034, 48.908328939708525], [2.47654784341803, 48.90831184073595]]}}, {"type": "Feature", "properties": {"highway": "footway", "footway": "sidewalk"}, "geometry": {"type": "LineString", "coordinates": [[2.47654784341803, 48.90831184073595], [2.476484290035005, 48.908307672316944], [2.47638391790796, 48.90830108891126], [2.476368481572063, 48.90830221966815]]}}, {"type": "Feature", "properties": {"highway": "footway", "footway": "sidewalk"}, "geometry": {"type": "LineString", "coordinates": [[2.476484290035005, 48.908307672316944], [2.476484290035005, 48.908307672316944]]}}, {"type": "Feature", "properties": {"highway": "footway", "footway": "sidewalk"}, "geometry": {"type": "LineString", "coordinates": [[2.476368481572063, 48.90830221966815], [2.476357855586373, 48.908305190174275], [2.476347773723844, 48.908311193058665], [2.476339021422596, 48.90832314551039]]}}, {"type": "Feature", "properties": {"highway": "footway", "footway": "sidewalk"}, "geometry": {"type": "LineString", "coordinates": [[2.476339021422596, 48.90832314551039], [2.476334481401188, 48.90833158861345]]}}, {"type": "Feature", "properties": {"highway": "footway", "footway": "sidewalk"}, "geometry": {"type": "LineString", "coordinates": [[2.476852929249057, 48.9110468659628], [2.476840257813307, 48.91104950131663], [2.476830148052066, 48.91105405640806], [2.476822535373197, 48.91106037907018], [2.476818101352213, 48.911067903225664], [2.476817242975247, 48.91107595522538], [2.476820037095824, 48.91108381416118], [2.476839120729717, 48.91111527397137]]}}, {"type": "Feature", "properties": {"highway": "footway", "footway": "sidewalk"}, "geometry": {"type": "LineString", "coordinates": [[2.476946928379773, 48.9112931047835], [2.476983044444811, 48.91135272136971], [2.477063336745647, 48.91148500841219], [2.477071647486227, 48.91149870736763]]}}, {"type": "Feature", "properties": {"highway": "footway", "footway": "sidewalk"}, "geometry": {"type": "LineString", "coordinates": [[2.477140432478843, 48.91161208835309], [2.477231637636842, 48.91176242451344]]}}, {"type": "Feature", "properties": {"highway": "footway", "footway": "sidewalk"}, "geometry": {"type": "LineString", "coordinates": [[2.476839120729717, 48.91111527397137], [2.476897451052221, 48.91121143258647], [2.476946928379773, 48.9112931047835]]}}, {"type": "Feature", "properties": {"highway": "footway", "footway": "sidewalk"}, "geometry": {"type": "LineString", "coordinates": [[2.477071647486227, 48.91149870736763], [2.477140432478843, 48.91161208835309]]}}, {"type": "Feature", "properties": {"highway": "footway", "footway": "sidewalk"}, "geometry": {"type": "LineString", "coordinates": [[2.477231637636842, 48.91176242451344], [2.477270865447104, 48.91182708457286], [2.477278048217922, 48.91183481897199], [2.477288713593446, 48.9118405474976], [2.477301656356529, 48.911843622809776], [2.477315413937634, 48.911843697389386], [2.477350288964119, 48.91183997221587], [2.477456751181036, 48.911828600392916], [2.477470014656266, 48.91182718363994], [2.477482214673025, 48.91182453453779], [2.477492568074101, 48.91181952337565], [2.477500055034956, 48.91181264376031], [2.47750393808048, 48.91180457334375], [2.477503834727055, 48.911796107073286], [2.477489307932897, 48.911738823737394]]}}, {"type": "Feature", "properties": {"highway": "footway", "footway": "sidewalk"}, "geometry": {"type": "LineString", "coordinates": [[2.477416839653047, 48.91145268963807], [2.477374416222998, 48.91128518916965], [2.477354717520766, 48.911207293890094], [2.477348183810588, 48.911181483185686]]}}, {"type": "Feature", "properties": {"highway": "footway", "footway": "sidewalk"}, "geometry": {"type": "LineString", "coordinates": [[2.477489307932897, 48.911738823737394], [2.477480718172065, 48.9117048991031], [2.477468706980488, 48.91165747590606], [2.477459587903708, 48.91162147144259]]}}, {"type": "Feature", "properties": {"highway": "footway", "footway": "sidewalk"}, "geometry": {"type": "LineString", "coordinates": [[2.477348183810588, 48.911181483185686], [2.477318520299451, 48.911064300402536]]}}, {"type": "Feature", "properties": {"highway": "footway", "footway": "sidewalk"}, "geometry": {"type": "LineString", "coordinates": [[2.477459587903708, 48.91162147144259], [2.477416839653047, 48.91145268963807]]}}, {"type": "Feature", "properties": {"highway": "footway", "footway": "sidewalk"}, "geometry": {"type": "LineString", "coordinates": [[2.477318520299451, 48.911064300402536], [2.477312212378918, 48.91103938151093], [2.477309497914141, 48.91102865824609], [2.4773055018316, 48.911020730817086], [2.477298018001842, 48.91101398927736], [2.477287764049914, 48.911009080072596], [2.477275723226746, 48.911006473945896], [2.477263050125428, 48.911006420798394], [2.477247646599424, 48.91100794588192], [2.476933353440433, 48.91103906317839], [2.476852933983066, 48.911046873717126], [2.476852929249057, 48.9110468659628]]}}, {"type": "Feature", "properties": {"highway": "footway", "footway": "sidewalk"}, "geometry": {"type": "LineString", "coordinates": [[2.477664474657185, 48.90959735417998], [2.477677422388538, 48.909596620223816], [2.477689368253039, 48.90959324753563], [2.477699107714536, 48.90958757619343], [2.477705658715776, 48.90958017805513], [2.477708360702071, 48.90957179909612], [2.477709215830192, 48.90956053491723]]}}, {"type": "Feature", "properties": {"highway": "footway", "footway": "sidewalk"}, "geometry": {"type": "LineString", "coordinates": [[2.477709215830192, 48.90956053491723], [2.477711651118785, 48.909528456039745]]}}, {"type": "Feature", "properties": {"highway": "footway", "footway": "sidewalk"}, "geometry": {"type": "LineString", "coordinates": [[2.477711651118785, 48.909528456039745], [2.477712485080253, 48.90951747065962]]}}, {"type": "Feature", "properties": {"highway": "footway", "footway": "sidewalk"}, "geometry": {"type": "LineString", "coordinates": [[2.477712485080253, 48.90951747065962], [2.477712870377343, 48.9095123953216]]}}, {"type": "Feature", "properties": {"highway": "footway", "footway": "sidewalk"}, "geometry": {"type": "LineString", "coordinates": [[2.477712870377343, 48.9095123953216], [2.477717414225878, 48.90945254125594]]}}, {"type": "Feature", "properties": {"highway": "footway", "footway": "sidewalk"}, "geometry": {"type": "LineString", "coordinates": [[2.477717414225878, 48.90945254125594], [2.477718293032527, 48.90944096511605], [2.477716966572327, 48.90943441443981], [2.477716325663605, 48.909431249334396], [2.477709221658739, 48.90942263827245], [2.477697918921255, 48.9094162687993], [2.477678980549476, 48.909409043871]]}}, {"type": "Feature", "properties": {"highway": "footway", "footway": "sidewalk"}, "geometry": {"type": "LineString", "coordinates": [[2.477678980549476, 48.909409043871], [2.477649317350846, 48.909397727445075], [2.477638413522123, 48.90939557302939]]}}, {"type": "Feature", "properties": {"highway": "footway", "footway": "sidewalk"}, "geometry": {"type": "LineString", "coordinates": [[2.477638413522123, 48.90939557302939], [2.477631181369245, 48.90939414407528], [2.477557274365319, 48.909391325221904]]}}, {"type": "Feature", "properties": {"highway": "footway", "footway": "sidewalk"}, "geometry": {"type": "LineString", "coordinates": [[2.477428710738361, 48.90938642162157], [2.477373051358238, 48.909384298648554], [2.477353799319607, 48.90938356432653], [2.477265279086645, 48.90938018789668], [2.477248327861892, 48.90938191460828], [2.477229761948706, 48.90938652657531]]}}, {"type": "Feature", "properties": {"highway": "footway", "footway": "sidewalk"}, "geometry": {"type": "LineString", "coordinates": [[2.477490320851788, 48.90938877153729], [2.477428710738361, 48.90938642162157]]}}, {"type": "Feature", "properties": {"highway": "footway", "footway": "sidewalk"}, "geometry": {"type": "LineString", "coordinates": [[2.477557274365319, 48.909391325221904], [2.477545224422769, 48.909390865626015]]}}, {"type": "Feature", "properties": {"highway": "footway", "footway": "sidewalk"}, "geometry": {"type": "LineString", "coordinates": [[2.477545224422769, 48.909390865626015], [2.47750985894615, 48.909389516746884], [2.477490320851788, 48.90938877153729]]}}, {"type": "Feature", "properties": {"highway": "footway", "footway": "sidewalk"}, "geometry": {"type": "LineString", "coordinates": [[2.477229761948706, 48.90938652657531], [2.477196907791512, 48.90939412255872], [2.477189990800964, 48.90939652134641], [2.477186299542276, 48.9093978014615], [2.477177763395439, 48.909403348580064], [2.477170842544629, 48.90941406509166]]}}, {"type": "Feature", "properties": {"highway": "footway", "footway": "sidewalk"}, "geometry": {"type": "LineString", "coordinates": [[2.477165844190305, 48.909460882595695], [2.477165844190305, 48.909460882595695]]}}, {"type": "Feature", "properties": {"highway": "footway", "footway": "sidewalk"}, "geometry": {"type": "LineString", "coordinates": [[2.477170842544629, 48.90941406509166], [2.477165844190305, 48.909460882595695]]}}, {"type": "Feature", "properties": {"highway": "footway", "footway": "sidewalk"}, "geometry": {"type": "LineString", "coordinates": [[2.477162716077584, 48.909496615705166], [2.477161417436439, 48.90951145034932]]}}, {"type": "Feature", "properties": {"highway": "footway", "footway": "sidewalk"}, "geometry": {"type": "LineString", "coordinates": [[2.477165844190305, 48.909460882595695], [2.477162716077584, 48.909496615705166]]}}, {"type": "Feature", "properties": {"highway": "footway", "footway": "sidewalk"}, "geometry": {"type": "LineString", "coordinates": [[2.477161417436439, 48.90951145034932], [2.477159076851711, 48.9095381873064]]}}, {"type": "Feature", "properties": {"highway": "footway", "footway": "sidewalk"}, "geometry": {"type": "LineString", "coordinates": [[2.477159076851711, 48.9095381873064], [2.477158382454896, 48.9095461195315], [2.477159620531069, 48.90955443426739], [2.477164658725695, 48.909562100548], [2.477171095410809, 48.90956694054515]]}}, {"type": "Feature", "properties": {"highway": "footway", "footway": "sidewalk"}, "geometry": {"type": "LineString", "coordinates": [[2.477219362635299, 48.909575702317696], [2.477349101733673, 48.90958201347707], [2.477433666883721, 48.90958612706998]]}}, {"type": "Feature", "properties": {"highway": "footway", "footway": "sidewalk"}, "geometry": {"type": "LineString", "coordinates": [[2.477525662901405, 48.90959060205933], [2.477647242689987, 48.90959651598694], [2.477664474657185, 48.90959735417998]]}}, {"type": "Feature", "properties": {"highway": "footway", "footway": "sidewalk"}, "geometry": {"type": "LineString", "coordinates": [[2.477171095410809, 48.90956694054515], [2.477183884363863, 48.909572679197765], [2.477196227764528, 48.90957457690623], [2.477219362635299, 48.909575702317696]]}}, {"type": "Feature", "properties": {"highway": "footway", "footway": "sidewalk"}, "geometry": {"type": "LineString", "coordinates": [[2.477433666883721, 48.90958612706998], [2.477525662901405, 48.90959060205933]]}}, {"type": "Feature", "properties": {"highway": "footway", "footway": "sidewalk"}, "geometry": {"type": "LineString", "coordinates": [[2.477337724194629, 48.909283711002], [2.477338899206717, 48.90929193359154], [2.477340880585936, 48.90929500848637], [2.47734404393714, 48.90929991767814], [2.477352563128191, 48.909306260985176], [2.477360321859799, 48.90930926321727], [2.477363646861596, 48.909310549822536], [2.477376202008059, 48.909312361205004], [2.477395572616846, 48.90931310004687], [2.477542312391826, 48.90931869695038], [2.47754998094152, 48.909318200412166]]}}, {"type": "Feature", "properties": {"highway": "footway", "footway": "sidewalk"}, "geometry": {"type": "LineString", "coordinates": [[2.47754998094152, 48.909318200412166], [2.477566590455104, 48.909314548703534], [2.477576127258041, 48.90930902656059], [2.477581328441554, 48.90930328879178]]}}, {"type": "Feature", "properties": {"highway": "footway", "footway": "sidewalk"}, "geometry": {"type": "LineString", "coordinates": [[2.477581328441554, 48.90930328879178], [2.477585497181355, 48.90929369144679], [2.477585910549766, 48.909289884568324], [2.47758826535655, 48.9092681981801]]}}, {"type": "Feature", "properties": {"highway": "footway", "footway": "sidewalk"}, "geometry": {"type": "LineString", "coordinates": [[2.47758826535655, 48.9092681981801], [2.477590720875912, 48.90924558426806]]}}, {"type": "Feature", "properties": {"highway": "footway", "footway": "sidewalk"}, "geometry": {"type": "LineString", "coordinates": [[2.477590720875912, 48.90924558426806], [2.477592997646235, 48.90922461651281], [2.47760073829322, 48.909153329439796], [2.47759992139499, 48.90914687878048]]}}, {"type": "Feature", "properties": {"highway": "footway", "footway": "sidewalk"}, "geometry": {"type": "LineString", "coordinates": [[2.47759992139499, 48.90914687878048]]}}, {"type": "Feature", "properties": {"highway": "footway", "footway": "sidewalk"}, "geometry": {"type": "LineString", "coordinates": [[2.47759992139499, 48.90914687878048], [2.477594860857269, 48.909137361017436], [2.477588192674128, 48.9091321660636], [2.477576018939848, 48.9091266025941], [2.477563795277109, 48.909124548392455], [2.477488560581836, 48.909119828337424], [2.47748552772076, 48.909119712722095], [2.477428349219871, 48.90911893455356]]}}, {"type": "Feature", "properties": {"highway": "footway", "footway": "sidewalk"}, "geometry": {"type": "LineString", "coordinates": [[2.477428349219871, 48.90911893455356], [2.477392971135794, 48.909118453062725], [2.477374595865991, 48.90912139407192]]}}, {"type": "Feature", "properties": {"highway": "footway", "footway": "sidewalk"}, "geometry": {"type": "LineString", "coordinates": [[2.477374595865991, 48.90912139407192], [2.477358978157953, 48.90912993719519]]}}, {"type": "Feature", "properties": {"highway": "footway", "footway": "sidewalk"}, "geometry": {"type": "LineString", "coordinates": [[2.477358978157953, 48.90912993719519], [2.477353960370645, 48.909135686454846], [2.477351284458697, 48.909143705029535], [2.477348388581326, 48.90917360422782]]}}, {"type": "Feature", "properties": {"highway": "footway", "footway": "sidewalk"}, "geometry": {"type": "LineString", "coordinates": [[2.477348388581326, 48.90917360422782], [2.477345013807679, 48.909208447863186]]}}, {"type": "Feature", "properties": {"highway": "footway", "footway": "sidewalk"}, "geometry": {"type": "LineString", "coordinates": [[2.477345013807679, 48.909208447863186], [2.477341934842668, 48.90924023731097]]}}, {"type": "Feature", "properties": {"highway": "footway", "footway": "sidewalk"}, "geometry": {"type": "LineString", "coordinates": [[2.477341934842668, 48.90924023731097], [2.4773403370504, 48.90925673405076]]}}, {"type": "Feature", "properties": {"highway": "footway", "footway": "sidewalk"}, "geometry": {"type": "LineString", "coordinates": [[2.4773403370504, 48.90925673405076], [2.477337724194629, 48.909283711002]]}}, {"type": "Feature", "properties": {"highway": "footway", "footway": "sidewalk"}, "geometry": {"type": "LineString", "coordinates": [[2.478078839876098, 48.909617492071426], [2.478289534383311, 48.9096277285805], [2.478301303380007, 48.90962717622045], [2.478312344210579, 48.909624433636154], [2.478321739195171, 48.90961972878282], [2.478330253714982, 48.90961059396551], [2.478332669802606, 48.90960612707523], [2.478333088686516, 48.9096009394651], [2.47833512419604, 48.909581135556614]]}}, {"type": "Feature", "properties": {"highway": "footway", "footway": "sidewalk"}, "geometry": {"type": "LineString", "coordinates": [[2.47833512419604, 48.909581135556614], [2.478337823206439, 48.90955405460958]]}}, {"type": "Feature", "properties": {"highway": "footway", "footway": "sidewalk"}, "geometry": {"type": "LineString", "coordinates": [[2.478337823206439, 48.90955405460958], [2.478337823206439, 48.90955405460958]]}}, {"type": "Feature", "properties": {"highway": "footway", "footway": "sidewalk"}, "geometry": {"type": "LineString", "coordinates": [[2.478337823206439, 48.90955405460958], [2.478341005117284, 48.90952212836683]]}}, {"type": "Feature", "properties": {"highway": "footway", "footway": "sidewalk"}, "geometry": {"type": "LineString", "coordinates": [[2.478341005117284, 48.90952212836683], [2.478342646280476, 48.90950566146125]]}}, {"type": "Feature", "properties": {"highway": "footway", "footway": "sidewalk"}, "geometry": {"type": "LineString", "coordinates": [[2.478342646280476, 48.90950566146125], [2.478344210265606, 48.909489968925506]]}}, {"type": "Feature", "properties": {"highway": "footway", "footway": "sidewalk"}, "geometry": {"type": "LineString", "coordinates": [[2.478344210265606, 48.909489968925506], [2.478344909211996, 48.909482955913674]]}}, {"type": "Feature", "properties": {"highway": "footway", "footway": "sidewalk"}, "geometry": {"type": "LineString", "coordinates": [[2.478347131347666, 48.909460659678736], [2.478347721278694, 48.909454740486495], [2.478350105267891, 48.90944483543304], [2.478350692995341, 48.90944328009139], [2.47835758189012, 48.90942878660421], [2.478358678698549, 48.909426958738564], [2.478363631361195, 48.90942019485577], [2.478366955535787, 48.90941696249219], [2.478373640648087, 48.90941215374501], [2.478378236149533, 48.90940968931266], [2.478388026984348, 48.90940584787514], [2.478390693896853, 48.909404968413796], [2.478401044945246, 48.9094021570267]]}}, {"type": "Feature", "properties": {"highway": "footway", "footway": "sidewalk"}, "geometry": {"type": "LineString", "coordinates": [[2.478344909211996, 48.909482955913674], [2.478347131347666, 48.909460659678736]]}}, {"type": "Feature", "properties": {"highway": "footway", "footway": "sidewalk"}, "geometry": {"type": "LineString", "coordinates": [[2.478401044945246, 48.9094021570267], [2.478415331074651, 48.90939827685348], [2.478467050475588, 48.909384229625346], [2.478488174452193, 48.909378492246816], [2.478497982886555, 48.90937470232439], [2.478505831022707, 48.90936927992184], [2.478511113158659, 48.90936264352883], [2.478513421631439, 48.909355305328106], [2.478514284715187, 48.909346579846435]]}}, {"type": "Feature", "properties": {"highway": "footway", "footway": "sidewalk"}, "geometry": {"type": "LineString", "coordinates": [[2.478515796400764, 48.90933129721459], [2.478516649277823, 48.90932267491074], [2.478519866608253, 48.90929014874161]]}}, {"type": "Feature", "properties": {"highway": "footway", "footway": "sidewalk"}, "geometry": {"type": "LineString", "coordinates": [[2.478514284715187, 48.909346579846435], [2.478515796400764, 48.90933129721459]]}}, {"type": "Feature", "properties": {"highway": "footway", "footway": "sidewalk"}, "geometry": {"type": "LineString", "coordinates": [[2.478519866608253, 48.90929014874161], [2.478519866608253, 48.90929014874161]]}}, {"type": "Feature", "properties": {"highway": "footway", "footway": "sidewalk"}, "geometry": {"type": "LineString", "coordinates": [[2.478519866608253, 48.90929014874161], [2.478521655286576, 48.90927206576442]]}}, {"type": "Feature", "properties": {"highway": "footway", "footway": "sidewalk"}, "geometry": {"type": "LineString", "coordinates": [[2.478528405452469, 48.909203823584754], [2.478528405452469, 48.909203823584754]]}}, {"type": "Feature", "properties": {"highway": "footway", "footway": "sidewalk"}, "geometry": {"type": "LineString", "coordinates": [[2.478524540532115, 48.90924289680872], [2.478528405452469, 48.909203823584754]]}}, {"type": "Feature", "properties": {"highway": "footway", "footway": "sidewalk"}, "geometry": {"type": "LineString", "coordinates": [[2.478523644275512, 48.909251957694295], [2.478524540532115, 48.90924289680872]]}}, {"type": "Feature", "properties": {"highway": "footway", "footway": "sidewalk"}, "geometry": {"type": "LineString", "coordinates": [[2.478521655286576, 48.90927206576442], [2.478523644275512, 48.909251957694295]]}}, {"type": "Feature", "properties": {"highway": "footway", "footway": "sidewalk"}, "geometry": {"type": "LineString", "coordinates": [[2.477904065168227, 48.909086988827596], [2.477756283910114, 48.9090809296471], [2.477744510774154, 48.90908157302667], [2.477733506941786, 48.90908440631071], [2.477724189321168, 48.90908919341233], [2.477717730482039, 48.90909516891977], [2.477713513127425, 48.90910290393685], [2.477713044164358, 48.909110684912456], [2.477713849252654, 48.90911571424134], [2.477713913266862, 48.90911805639321], [2.477711948334419, 48.909136767890885]]}}, {"type": "Feature", "properties": {"highway": "footway", "footway": "sidewalk"}, "geometry": {"type": "LineString", "coordinates": [[2.478371529827779, 48.90910615409315], [2.478212003250695, 48.90909961398617], [2.478150138482428, 48.90909707765803]]}}, {"type": "Feature", "properties": {"highway": "footway", "footway": "sidewalk"}, "geometry": {"type": "LineString", "coordinates": [[2.478150138482428, 48.90909707765803], [2.478135668280882, 48.909096484404714]]}}, {"type": "Feature", "properties": {"highway": "footway", "footway": "sidewalk"}, "geometry": {"type": "LineString", "coordinates": [[2.478135668280882, 48.909096484404714], [2.478059489544622, 48.90909336117776], [2.477904065168227, 48.909086988827596]]}}, {"type": "Feature", "properties": {"highway": "footway", "footway": "sidewalk"}, "geometry": {"type": "LineString", "coordinates": [[2.478528405452469, 48.909203823584754], [2.478532779833544, 48.90915959978664], [2.478534723095781, 48.90913995391089], [2.478533541095783, 48.90913153380644], [2.478528462556122, 48.90912376858319], [2.478519986484319, 48.90911742123451], [2.478508945720879, 48.90911311543636], [2.478496425106108, 48.90911127426647], [2.478371529827779, 48.90910615409315]]}}, {"type": "Feature", "properties": {"highway": "footway", "footway": "sidewalk"}, "geometry": {"type": "LineString", "coordinates": [[2.477711948334419, 48.909136767890885], [2.477709731003257, 48.90915719633979]]}}, {"type": "Feature", "properties": {"highway": "footway", "footway": "sidewalk"}, "geometry": {"type": "LineString", "coordinates": [[2.477709731003257, 48.90915719633979], [2.477709731003257, 48.90915719633979]]}}, {"type": "Feature", "properties": {"highway": "footway", "footway": "sidewalk"}, "geometry": {"type": "LineString", "coordinates": [[2.477700665290807, 48.90924068818608], [2.477700665290807, 48.90924068818608]]}}, {"type": "Feature", "properties": {"highway": "footway", "footway": "sidewalk"}, "geometry": {"type": "LineString", "coordinates": [[2.477709731003257, 48.90915719633979], [2.47770620022462, 48.90918971353365]]}}, {"type": "Feature", "properties": {"highway": "footway", "footway": "sidewalk"}, "geometry": {"type": "LineString", "coordinates": [[2.47770620022462, 48.90918971353365], [2.477700665290807, 48.90924068818608]]}}, {"type": "Feature", "properties": {"highway": "footway", "footway": "sidewalk"}, "geometry": {"type": "LineString", "coordinates": [[2.477700665290807, 48.90924068818608], [2.477699987684197, 48.909246928680176]]}}, {"type": "Feature", "properties": {"highway": "footway", "footway": "sidewalk"}, "geometry": {"type": "LineString", "coordinates": [[2.477699480528447, 48.90925159938693], [2.477695460934241, 48.909288618251516]]}}, {"type": "Feature", "properties": {"highway": "footway", "footway": "sidewalk"}, "geometry": {"type": "LineString", "coordinates": [[2.477699987684197, 48.909246928680176], [2.477699480528447, 48.90925159938693]]}}, {"type": "Feature", "properties": {"highway": "footway", "footway": "sidewalk"}, "geometry": {"type": "LineString", "coordinates": [[2.477695460934241, 48.909288618251516], [2.477694872185459, 48.90929404038912], [2.477692742315594, 48.90931365561722], [2.477693519545107, 48.90932115082935], [2.477697402434209, 48.90932821410052], [2.477704089838284, 48.9093342976235], [2.477713063102005, 48.909338929577395], [2.477778783944234, 48.909364008597706], [2.477782099730474, 48.90936559312195], [2.477795544114975, 48.909373522665426]]}}, {"type": "Feature", "properties": {"highway": "footway", "footway": "sidewalk"}, "geometry": {"type": "LineString", "coordinates": [[2.477804992694604, 48.909381489166435], [2.477813225365592, 48.90938884497795], [2.477814652096591, 48.90939030900675], [2.477819547585411, 48.909396127350085], [2.477821481746973, 48.90939934598517], [2.477823958544782, 48.90940579585262], [2.477824439719827, 48.90940750676756], [2.477827067941734, 48.90942203490846]]}}, {"type": "Feature", "properties": {"highway": "footway", "footway": "sidewalk"}, "geometry": {"type": "LineString", "coordinates": [[2.477795544114975, 48.909373522665426], [2.477804992694604, 48.909381489166435]]}}, {"type": "Feature", "properties": {"highway": "footway", "footway": "sidewalk"}, "geometry": {"type": "LineString", "coordinates": [[2.477827067941734, 48.90942203490846], [2.477828102704755, 48.90943075369422]]}}, {"type": "Feature", "properties": {"highway": "footway", "footway": "sidewalk"}, "geometry": {"type": "LineString", "coordinates": [[2.477828102704755, 48.90943075369422], [2.477827918206127, 48.909436294062694]]}}, {"type": "Feature", "properties": {"highway": "footway", "footway": "sidewalk"}, "geometry": {"type": "LineString", "coordinates": [[2.477827918206127, 48.909436294062694], [2.477827918206127, 48.909436294062694]]}}, {"type": "Feature", "properties": {"highway": "footway", "footway": "sidewalk"}, "geometry": {"type": "LineString", "coordinates": [[2.477823144230903, 48.90949918133141], [2.477822528838224, 48.909507287848065]]}}, {"type": "Feature", "properties": {"highway": "footway", "footway": "sidewalk"}, "geometry": {"type": "LineString", "coordinates": [[2.477824890995515, 48.909476171331896], [2.477823144230903, 48.90949918133141]]}}, {"type": "Feature", "properties": {"highway": "footway", "footway": "sidewalk"}, "geometry": {"type": "LineString", "coordinates": [[2.477827918206127, 48.909436294062694], [2.477824890995515, 48.909476171331896]]}}, {"type": "Feature", "properties": {"highway": "footway", "footway": "sidewalk"}, "geometry": {"type": "LineString", "coordinates": [[2.477822528838224, 48.909507287848065], [2.477820914164743, 48.90952855779518]]}}, {"type": "Feature", "properties": {"highway": "footway", "footway": "sidewalk"}, "geometry": {"type": "LineString", "coordinates": [[2.477820914164743, 48.90952855779518], [2.477818585526357, 48.90955923270517]]}}, {"type": "Feature", "properties": {"highway": "footway", "footway": "sidewalk"}, "geometry": {"type": "LineString", "coordinates": [[2.477820914164743, 48.90952855779518], [2.477820914164743, 48.90952855779518]]}}, {"type": "Feature", "properties": {"highway": "footway", "footway": "sidewalk"}, "geometry": {"type": "LineString", "coordinates": [[2.477818585526357, 48.90955923270517], [2.477817198972787, 48.90957749761244], [2.47781724035806, 48.90958330106618], [2.477821398688745, 48.909592031624534], [2.477829745520166, 48.90959934358151], [2.477841320430443, 48.90960439559092], [2.477854791559335, 48.90960660634593], [2.478078839876098, 48.909617492071426]]}}, {"type": "Feature", "properties": {"highway": "footway", "footway": "sidewalk"}, "geometry": {"type": "LineString", "coordinates": [[2.477492112914344, 48.91120369853758], [2.477508982373603, 48.91127040531508], [2.477545045497691, 48.911412791940926]]}}, {"type": "Feature", "properties": {"highway": "footway", "footway": "sidewalk"}, "geometry": {"type": "LineString", "coordinates": [[2.477439276463111, 48.91099496428195], [2.477447144668963, 48.91102604664961], [2.477489283370871, 48.911192509677115], [2.477492112914344, 48.91120369853758]]}}, {"type": "Feature", "properties": {"highway": "footway", "footway": "sidewalk"}, "geometry": {"type": "LineString", "coordinates": [[2.477545045497691, 48.911412791940926], [2.477546801875382, 48.911419726557384], [2.477597280492566, 48.91161902787212]]}}, {"type": "Feature", "properties": {"highway": "footway", "footway": "sidewalk"}, "geometry": {"type": "LineString", "coordinates": [[2.477597280492566, 48.91161902787212], [2.477597280492566, 48.91161902787212]]}}, {"type": "Feature", "properties": {"highway": "footway", "footway": "sidewalk"}, "geometry": {"type": "LineString", "coordinates": [[2.477945171966209, 48.91163693216133], [2.478106177635908, 48.911617373768834]]}}, {"type": "Feature", "properties": {"highway": "footway", "footway": "sidewalk"}, "geometry": {"type": "LineString", "coordinates": [[2.478252525174696, 48.91159959578532], [2.47833500005553, 48.9115895768272], [2.478447477095511, 48.911575913138115], [2.478459509887831, 48.911573118658346], [2.478469652635259, 48.91156801781979], [2.478476919762172, 48.91156110627373], [2.478480473083573, 48.91154869409758]]}}, {"type": "Feature", "properties": {"highway": "footway", "footway": "sidewalk"}, "geometry": {"type": "LineString", "coordinates": [[2.478106177635908, 48.911617373768834], [2.478252525174696, 48.91159959578532]]}}, {"type": "Feature", "properties": {"highway": "footway", "footway": "sidewalk"}, "geometry": {"type": "LineString", "coordinates": [[2.477597280492566, 48.91161902787212], [2.477603269400068, 48.91164267336396], [2.477605210292019, 48.91165033641696], [2.477609332378365, 48.91165842186813], [2.477617078283854, 48.91166525484294], [2.477627673592206, 48.91167015219649], [2.477640059009504, 48.911672624302675], [2.477652996270104, 48.911672424005936], [2.477945171966209, 48.91163693216133]]}}, {"type": "Feature", "properties": {"highway": "footway", "footway": "sidewalk"}, "geometry": {"type": "LineString", "coordinates": [[2.478480473083573, 48.91154869409758], [2.478478533612352, 48.91153793129695], [2.478477914519794, 48.911535642703114], [2.478445876356369, 48.911417207223586], [2.478421576980212, 48.91132730917518], [2.478409950630099, 48.9112843061293]]}}, {"type": "Feature", "properties": {"highway": "footway", "footway": "sidewalk"}, "geometry": {"type": "LineString", "coordinates": [[2.4783343781761, 48.91100478013731], [2.478316034861721, 48.910936931746235]]}}, {"type": "Feature", "properties": {"highway": "footway", "footway": "sidewalk"}, "geometry": {"type": "LineString", "coordinates": [[2.478409950630099, 48.9112843061293], [2.4783343781761, 48.91100478013731]]}}, {"type": "Feature", "properties": {"highway": "footway", "footway": "sidewalk"}, "geometry": {"type": "LineString", "coordinates": [[2.478316034861721, 48.910936931746235], [2.47828380139282, 48.91081770589158]]}}, {"type": "Feature", "properties": {"highway": "footway", "footway": "sidewalk"}, "geometry": {"type": "LineString", "coordinates": [[2.478248711100167, 48.91068791249712], [2.478210580191426, 48.91054687157109]]}}, {"type": "Feature", "properties": {"highway": "footway", "footway": "sidewalk"}, "geometry": {"type": "LineString", "coordinates": [[2.47828380139282, 48.91081770589158], [2.478248711100167, 48.91068791249712]]}}, {"type": "Feature", "properties": {"highway": "footway", "footway": "sidewalk"}, "geometry": {"type": "LineString", "coordinates": [[2.478164036628106, 48.91037471230843], [2.478155711339764, 48.91034391790158], [2.478150630924802, 48.91032512593706], [2.478147513047742, 48.910313593203675], [2.478142975617982, 48.910305198978925], [2.478134536818354, 48.910298237134164], [2.478123117471771, 48.91029346732914], [2.478109963630105, 48.91029141003334], [2.478045961970439, 48.91028857736079], [2.478040894814219, 48.91028835309016]]}}, {"type": "Feature", "properties": {"highway": "footway", "footway": "sidewalk"}, "geometry": {"type": "LineString", "coordinates": [[2.478210580191426, 48.91054687157109], [2.478164036628106, 48.91037471230843]]}}, {"type": "Feature", "properties": {"highway": "footway", "footway": "sidewalk"}, "geometry": {"type": "LineString", "coordinates": [[2.477872924314906, 48.910280920745855], [2.477817958346717, 48.91027848863348], [2.477702510894714, 48.91027338027431]]}}, {"type": "Feature", "properties": {"highway": "footway", "footway": "sidewalk"}, "geometry": {"type": "LineString", "coordinates": [[2.477702510894714, 48.91027338027431], [2.477590417686411, 48.91026842022329], [2.477538798274679, 48.91026613606118]]}}, {"type": "Feature", "properties": {"highway": "footway", "footway": "sidewalk"}, "geometry": {"type": "LineString", "coordinates": [[2.478040894814219, 48.91028835309016], [2.478025230742104, 48.91028765980219], [2.477984927947241, 48.910285876556394]]}}, {"type": "Feature", "properties": {"highway": "footway", "footway": "sidewalk"}, "geometry": {"type": "LineString", "coordinates": [[2.477482863473372, 48.91026366091651], [2.477426792889665, 48.91026117973592]]}}, {"type": "Feature", "properties": {"highway": "footway", "footway": "sidewalk"}, "geometry": {"type": "LineString", "coordinates": [[2.477984927947241, 48.910285876556394], [2.477928889395335, 48.9102833970394]]}}, {"type": "Feature", "properties": {"highway": "footway", "footway": "sidewalk"}, "geometry": {"type": "LineString", "coordinates": [[2.477426792889665, 48.91026117973592], [2.477370728887212, 48.91025869881906]]}}, {"type": "Feature", "properties": {"highway": "footway", "footway": "sidewalk"}, "geometry": {"type": "LineString", "coordinates": [[2.477928889395335, 48.9102833970394], [2.477872924314906, 48.910280920745855]]}}, {"type": "Feature", "properties": {"highway": "footway", "footway": "sidewalk"}, "geometry": {"type": "LineString", "coordinates": [[2.477538798274679, 48.91026613606118], [2.477482863473372, 48.91026366091651]]}}, {"type": "Feature", "properties": {"highway": "footway", "footway": "sidewalk"}, "geometry": {"type": "LineString", "coordinates": [[2.477370728887212, 48.91025869881906], [2.477314817137978, 48.91025622461224], [2.477308441236658, 48.910256354976646], [2.477295972069936, 48.910256609925526], [2.477284581699635, 48.91025965366291], [2.477275076016557, 48.91026478936194], [2.477268312344133, 48.9102715538311], [2.477264900703073, 48.91027933697901], [2.477265111372684, 48.91028780388992], [2.477265118641051, 48.910287804217354], [2.477275021224546, 48.9103251394443]]}}, {"type": "Feature", "properties": {"highway": "footway", "footway": "sidewalk"}, "geometry": {"type": "LineString", "coordinates": [[2.477418837348284, 48.910874255113264], [2.477421824629843, 48.91088565886849], [2.477435638695094, 48.910933033315196], [2.477435737980713, 48.91093502128], [2.477429479787582, 48.91094454845724], [2.477429095259478, 48.910954744646254], [2.477439276463111, 48.91099496428195]]}}, {"type": "Feature", "properties": {"highway": "footway", "footway": "sidewalk"}, "geometry": {"type": "LineString", "coordinates": [[2.477391953860667, 48.910771628890274], [2.477414031922589, 48.91085591069863], [2.477418837348284, 48.910874255113264]]}}, {"type": "Feature", "properties": {"highway": "footway", "footway": "sidewalk"}, "geometry": {"type": "LineString", "coordinates": [[2.477275021224546, 48.9103251394443], [2.477300997838777, 48.91042434330342], [2.477312952077172, 48.91046999602309]]}}, {"type": "Feature", "properties": {"highway": "footway", "footway": "sidewalk"}, "geometry": {"type": "LineString", "coordinates": [[2.477312952077172, 48.91046999602309], [2.477344220679883, 48.91058940906421], [2.477391953860667, 48.910771628890274]]}}, {"type": "Feature", "properties": {"highway": "footway", "footway": "sidewalk"}, "geometry": {"type": "LineString", "coordinates": [[2.478765656735234, 48.9091806264334], [2.478680656903986, 48.90917791672597], [2.47866806097231, 48.90917880917597], [2.478656482586182, 48.90918219806486], [2.47864882614449, 48.90918670263891]]}}, {"type": "Feature", "properties": {"highway": "footway", "footway": "sidewalk"}, "geometry": {"type": "LineString", "coordinates": [[2.47864882614449, 48.90918670263891], [2.478639277083172, 48.909198885301535], [2.478630310994816, 48.90927924054801]]}}, {"type": "Feature", "properties": {"highway": "footway", "footway": "sidewalk"}, "geometry": {"type": "LineString", "coordinates": [[2.478630310994816, 48.90927924054801], [2.478629526290562, 48.909287173837185]]}}, {"type": "Feature", "properties": {"highway": "footway", "footway": "sidewalk"}, "geometry": {"type": "LineString", "coordinates": [[2.478629526290562, 48.909287173837185], [2.478625551819383, 48.909327355343116], [2.478625163883573, 48.90933127733187]]}}, {"type": "Feature", "properties": {"highway": "footway", "footway": "sidewalk"}, "geometry": {"type": "LineString", "coordinates": [[2.478625163883573, 48.90933127733187], [2.478625973641024, 48.909343798343635], [2.478632906633374, 48.909352919385306], [2.478639750083576, 48.90935797697313], [2.478650941840788, 48.90936225085788], [2.478663598080578, 48.90936400904485], [2.47867567669289, 48.909364399654955], [2.478820069010915, 48.90936906905791], [2.478834137203693, 48.90936952398973], [2.478846780033478, 48.90936862917266], [2.478858395967605, 48.90936521968649], [2.478865990584461, 48.90936073157783]]}}, {"type": "Feature", "properties": {"highway": "footway", "footway": "sidewalk"}, "geometry": {"type": "LineString", "coordinates": [[2.478865990584461, 48.90936073157783], [2.478874269144255, 48.909352384229805], [2.478876994068827, 48.90934419733253], [2.478877838560835, 48.909334929615625], [2.478879006271147, 48.90932211479523]]}}, {"type": "Feature", "properties": {"highway": "footway", "footway": "sidewalk"}, "geometry": {"type": "LineString", "coordinates": [[2.478879006271147, 48.90932211479523], [2.47888128923514, 48.90929706081101]]}}, {"type": "Feature", "properties": {"highway": "footway", "footway": "sidewalk"}, "geometry": {"type": "LineString", "coordinates": [[2.47888128923514, 48.90929706081101], [2.478885207089011, 48.90925406495845]]}}, {"type": "Feature", "properties": {"highway": "footway", "footway": "sidewalk"}, "geometry": {"type": "LineString", "coordinates": [[2.478885207089011, 48.90925406495845], [2.478889045235925, 48.90921194376499], [2.478887782196989, 48.9092034881671], [2.478880892182177, 48.90919446061825]]}}, {"type": "Feature", "properties": {"highway": "footway", "footway": "sidewalk"}, "geometry": {"type": "LineString", "coordinates": [[2.478880892182177, 48.90919446061825], [2.4788717493985, 48.909188530507976], [2.478862828204472, 48.90918513359418], [2.478850215116872, 48.909183382791795], [2.478765656735234, 48.9091806264334]]}}, {"type": "Feature", "properties": {"highway": "footway", "footway": "sidewalk"}, "geometry": {"type": "LineString", "coordinates": [[2.47774245444516, 48.9089932348513], [2.478231045147368, 48.90901326692912]]}}, {"type": "Feature", "properties": {"highway": "footway", "footway": "sidewalk"}, "geometry": {"type": "LineString", "coordinates": [[2.477561739712044, 48.908958572131304], [2.477562864323625, 48.908967024009755], [2.47756791576227, 48.90897482762976], [2.477576394364084, 48.90898121109237], [2.477587461464739, 48.90898554297399], [2.477600022356216, 48.90898739478407], [2.477690811230155, 48.90899111737249], [2.477728698889719, 48.90899267084729], [2.47774245444516, 48.9089932348513]]}}, {"type": "Feature", "properties": {"highway": "footway", "footway": "sidewalk"}, "geometry": {"type": "LineString", "coordinates": [[2.478231045147368, 48.90901326692912], [2.478545316543991, 48.90902615086332], [2.478622469537845, 48.90902931371123]]}}, {"type": "Feature", "properties": {"highway": "footway", "footway": "sidewalk"}, "geometry": {"type": "LineString", "coordinates": [[2.478622469537845, 48.90902931371123], [2.478686615424174, 48.909031943299766], [2.478699277583751, 48.90903115719148], [2.478710962190037, 48.90902784670888], [2.478720540773568, 48.90902233157003], [2.478727088259996, 48.909015144412955], [2.47872997231141, 48.909006979354686], [2.478731158186735, 48.90899625176705], [2.478742495279971, 48.90889369466385]]}}, {"type": "Feature", "properties": {"highway": "footway", "footway": "sidewalk"}, "geometry": {"type": "LineString", "coordinates": [[2.478786545383661, 48.908495206584], [2.478788020239272, 48.90848186456673], [2.478790453793933, 48.90845984983448], [2.478791345893633, 48.908451779603624], [2.478791556294919, 48.9084496130906], [2.478790400623236, 48.90844131963738], [2.478785462332273, 48.90843365378521], [2.478777212103207, 48.90842734618363], [2.478766436284649, 48.90842299802412]]}}, {"type": "Feature", "properties": {"highway": "footway", "footway": "sidewalk"}, "geometry": {"type": "LineString", "coordinates": [[2.47875120918068, 48.908814867079656], [2.478752691055637, 48.908801461735344], [2.478771607701039, 48.90863033725265]]}}, {"type": "Feature", "properties": {"highway": "footway", "footway": "sidewalk"}, "geometry": {"type": "LineString", "coordinates": [[2.478771607701039, 48.90863033725265], [2.4787730590171, 48.90861720825308], [2.478786545383661, 48.908495206584]]}}, {"type": "Feature", "properties": {"highway": "footway", "footway": "sidewalk"}, "geometry": {"type": "LineString", "coordinates": [[2.478742495279971, 48.90889369466385], [2.47875120918068, 48.908814867079656]]}}, {"type": "Feature", "properties": {"highway": "footway", "footway": "sidewalk"}, "geometry": {"type": "LineString", "coordinates": [[2.478677135243632, 48.90841673067656], [2.47861559721701, 48.908413300833494], [2.478468236805823, 48.90840508751496]]}}, {"type": "Feature", "properties": {"highway": "footway", "footway": "sidewalk"}, "geometry": {"type": "LineString", "coordinates": [[2.478766436284649, 48.90842299802412], [2.478754161943842, 48.90842102373923], [2.478677135243632, 48.90841673067656]]}}, {"type": "Feature", "properties": {"highway": "footway", "footway": "sidewalk"}, "geometry": {"type": "LineString", "coordinates": [[2.477610797989105, 48.908500138986305], [2.477605555031819, 48.908549133066714]]}}, {"type": "Feature", "properties": {"highway": "footway", "footway": "sidewalk"}, "geometry": {"type": "LineString", "coordinates": [[2.478468236805823, 48.90840508751496], [2.47845797256527, 48.90840451541744], [2.478115058308869, 48.90838540188822], [2.478112349659489, 48.90838531036231], [2.478006580943712, 48.9083840500859]]}}, {"type": "Feature", "properties": {"highway": "footway", "footway": "sidewalk"}, "geometry": {"type": "LineString", "coordinates": [[2.478006580943712, 48.9083840500859], [2.477803815622172, 48.908381633784856]]}}, {"type": "Feature", "properties": {"highway": "footway", "footway": "sidewalk"}, "geometry": {"type": "LineString", "coordinates": [[2.477803815622172, 48.908381633784856], [2.477662539245639, 48.90837995002054], [2.47765026919517, 48.90838103843905], [2.477639054402808, 48.90838449576377], [2.477629921260363, 48.908390005576095], [2.4776237056452, 48.908397063611154], [2.477620976419679, 48.908405023908536], [2.477617153846078, 48.90844074501667], [2.477610797989105, 48.908500138986305]]}}, {"type": "Feature", "properties": {"highway": "footway", "footway": "sidewalk"}, "geometry": {"type": "LineString", "coordinates": [[2.477605555031819, 48.908549133066714], [2.477603789755005, 48.90856562910048]]}}, {"type": "Feature", "properties": {"highway": "footway", "footway": "sidewalk"}, "geometry": {"type": "LineString", "coordinates": [[2.477603789755005, 48.90856562910048], [2.477601781930484, 48.90858439166357]]}}, {"type": "Feature", "properties": {"highway": "footway", "footway": "sidewalk"}, "geometry": {"type": "LineString", "coordinates": [[2.477601781930484, 48.90858439166357], [2.47760117334794, 48.9085900786958], [2.477590458708887, 48.90869020376302]]}}, {"type": "Feature", "properties": {"highway": "footway", "footway": "sidewalk"}, "geometry": {"type": "LineString", "coordinates": [[2.47760117334794, 48.9085900786958], [2.47760117334794, 48.9085900786958]]}}, {"type": "Feature", "properties": {"highway": "footway", "footway": "sidewalk"}, "geometry": {"type": "LineString", "coordinates": [[2.477590458708887, 48.90869020376302], [2.477580667598949, 48.90878169837722], [2.477578235803084, 48.90880442263578]]}}, {"type": "Feature", "properties": {"highway": "footway", "footway": "sidewalk"}, "geometry": {"type": "LineString", "coordinates": [[2.477576659999899, 48.908819147939234], [2.477574558997938, 48.908838781019305], [2.477562833543918, 48.90894835073135], [2.477561739712044, 48.908958572131304]]}}, {"type": "Feature", "properties": {"highway": "footway", "footway": "sidewalk"}, "geometry": {"type": "LineString", "coordinates": [[2.477578235803084, 48.90880442263578], [2.477576659999899, 48.908819147939234]]}}, {"type": "Feature", "properties": {"highway": "footway", "footway": "sidewalk"}, "geometry": {"type": "LineString", "coordinates": [[2.479101807047066, 48.90963684054338], [2.479101433267267, 48.90964593028508], [2.479105662435935, 48.90965458550326], [2.479112639436958, 48.90966063160145], [2.479125539179525, 48.909666819876236], [2.479138928375634, 48.90966900897064], [2.479245246361697, 48.90967418927724]]}}, {"type": "Feature", "properties": {"highway": "footway", "footway": "sidewalk"}, "geometry": {"type": "LineString", "coordinates": [[2.479245246361697, 48.90967418927724], [2.479378377746228, 48.90968067591756]]}}, {"type": "Feature", "properties": {"highway": "footway", "footway": "sidewalk"}, "geometry": {"type": "LineString", "coordinates": [[2.479378377746228, 48.90968067591756], [2.479628665680597, 48.90969287042613], [2.479672351872825, 48.90969499884498]]}}, {"type": "Feature", "properties": {"highway": "footway", "footway": "sidewalk"}, "geometry": {"type": "LineString", "coordinates": [[2.479672351872825, 48.90969499884498], [2.47968003594477, 48.909695373216074], [2.47982708543378, 48.909702514384485], [2.479886504076551, 48.90970539987991]]}}, {"type": "Feature", "properties": {"highway": "footway", "footway": "sidewalk"}, "geometry": {"type": "LineString", "coordinates": [[2.480029684607446, 48.90922667130668], [2.480031180257281, 48.90920628245186], [2.480029521133086, 48.9091972699594], [2.480023420250563, 48.90918913063721], [2.48001691607707, 48.90918494205681], [2.480001081907091, 48.90917895556519], [2.479987374433375, 48.90917807221898], [2.479973998636031, 48.90918023633233], [2.479965537146186, 48.90918265895162], [2.479960619116464, 48.90918355976908], [2.479949008232422, 48.90918904566023], [2.479940965206301, 48.90919682790527], [2.479937470053446, 48.90920595826592], [2.479936343136627, 48.90921629459978], [2.479935668587131, 48.909222481717016]]}}, {"type": "Feature", "properties": {"highway": "footway", "footway": "sidewalk"}, "geometry": {"type": "LineString", "coordinates": [[2.480027406607556, 48.909257725207134], [2.480029684607446, 48.90922667130668]]}}, {"type": "Feature", "properties": {"highway": "footway", "footway": "sidewalk"}, "geometry": {"type": "LineString", "coordinates": [[2.480021633133802, 48.90933747864005], [2.480023073416978, 48.909316795546026], [2.480025189225147, 48.909287952727425]]}}, {"type": "Feature", "properties": {"highway": "footway", "footway": "sidewalk"}, "geometry": {"type": "LineString", "coordinates": [[2.479886504076551, 48.90970539987991], [2.479987704564968, 48.909710314319206], [2.480001202976043, 48.90970948573069], [2.480016993878272, 48.909703645159816], [2.480023391198804, 48.909699649764875], [2.480029646281723, 48.9096917216954], [2.480031629017846, 48.90968288166128], [2.480031595874017, 48.90968176797637], [2.48003087007154, 48.90965907305316]]}}, {"type": "Feature", "properties": {"highway": "footway", "footway": "sidewalk"}, "geometry": {"type": "LineString", "coordinates": [[2.480030444042046, 48.909649864554865], [2.480022089425247, 48.909469281359385], [2.48001867258663, 48.909395426770985], [2.480018421178741, 48.90938999260867], [2.480018618821374, 48.90938295579359], [2.480021633133802, 48.90933747864005]]}}, {"type": "Feature", "properties": {"highway": "footway", "footway": "sidewalk"}, "geometry": {"type": "LineString", "coordinates": [[2.48003087007154, 48.90965907305316], [2.480030444042046, 48.909649864554865]]}}, {"type": "Feature", "properties": {"highway": "footway", "footway": "sidewalk"}, "geometry": {"type": "LineString", "coordinates": [[2.480025189225147, 48.909287952727425], [2.480027406607556, 48.909257725207134]]}}, {"type": "Feature", "properties": {"highway": "footway", "footway": "sidewalk"}, "geometry": {"type": "LineString", "coordinates": [[2.479935668587131, 48.909222481717016], [2.479934512881746, 48.909233082098964]]}}, {"type": "Feature", "properties": {"highway": "footway", "footway": "sidewalk"}, "geometry": {"type": "LineString", "coordinates": [[2.479934512881746, 48.909233082098964], [2.479931939210378, 48.909256688358084]]}}, {"type": "Feature", "properties": {"highway": "footway", "footway": "sidewalk"}, "geometry": {"type": "LineString", "coordinates": [[2.479928121860745, 48.9092917018565], [2.479922838514126, 48.9093401616928]]}}, {"type": "Feature", "properties": {"highway": "footway", "footway": "sidewalk"}, "geometry": {"type": "LineString", "coordinates": [[2.479922838514126, 48.9093401616928], [2.479917183017725, 48.909392034851436], [2.4799124191245, 48.909435729992744], [2.479912073081306, 48.90943741217802], [2.479910137695282, 48.90944377722925], [2.479908506686294, 48.90944697986952], [2.479904223575365, 48.909452825423905], [2.479902959677589, 48.909454304509346], [2.47989147202643, 48.9094659636289], [2.479888680503885, 48.90946821861208], [2.479875118662686, 48.909477025972436], [2.479871656506215, 48.909478832267006], [2.479853075116055, 48.90948653027312], [2.479847143338135, 48.909488690720124], [2.479780107272583, 48.90950935055586], [2.4797735551805, 48.90951241610179]]}}, {"type": "Feature", "properties": {"highway": "footway", "footway": "sidewalk"}, "geometry": {"type": "LineString", "coordinates": [[2.479763503094291, 48.90951948272834], [2.479758426864014, 48.90952716691343]]}}, {"type": "Feature", "properties": {"highway": "footway", "footway": "sidewalk"}, "geometry": {"type": "LineString", "coordinates": [[2.479931939210378, 48.909256688358084], [2.479928121860745, 48.9092917018565]]}}, {"type": "Feature", "properties": {"highway": "footway", "footway": "sidewalk"}, "geometry": {"type": "LineString", "coordinates": [[2.4797735551805, 48.90951241610179], [2.479763503094291, 48.90951948272834]]}}, {"type": "Feature", "properties": {"highway": "footway", "footway": "sidewalk"}, "geometry": {"type": "LineString", "coordinates": [[2.479749383200041, 48.909624509479805], [2.479748160582229, 48.90964022211942], [2.479747578345091, 48.90964203765094], [2.479744778926074, 48.90964223367642], [2.479642221077492, 48.90963876630078], [2.479639466775465, 48.909638382509684], [2.479639169393488, 48.909636537239166], [2.479641139556448, 48.909611218123935]]}}, {"type": "Feature", "properties": {"highway": "footway", "footway": "sidewalk"}, "geometry": {"type": "LineString", "coordinates": [[2.479758426864014, 48.90952716691343], [2.479756549372523, 48.909532412237226], [2.479753223578772, 48.90957515426416]]}}, {"type": "Feature", "properties": {"highway": "footway", "footway": "sidewalk"}, "geometry": {"type": "LineString", "coordinates": [[2.47964497058538, 48.909561984425956], [2.479648937067607, 48.90951100987469]]}}, {"type": "Feature", "properties": {"highway": "footway", "footway": "sidewalk"}, "geometry": {"type": "LineString", "coordinates": [[2.479753223578772, 48.90957515426416], [2.479749383200041, 48.909624509479805]]}}, {"type": "Feature", "properties": {"highway": "footway", "footway": "sidewalk"}, "geometry": {"type": "LineString", "coordinates": [[2.479641139556448, 48.909611218123935], [2.47964497058538, 48.909561984425956]]}}, {"type": "Feature", "properties": {"highway": "footway", "footway": "sidewalk"}, "geometry": {"type": "LineString", "coordinates": [[2.479648937067607, 48.90951100987469], [2.479650611559724, 48.909502374457155], [2.479651025815103, 48.90950104407701], [2.47965819177127, 48.90948276175091], [2.479659152765219, 48.90948088961439], [2.479663610677941, 48.90947393349934], [2.479670782037125, 48.909467346782584]]}}, {"type": "Feature", "properties": {"highway": "footway", "footway": "sidewalk"}, "geometry": {"type": "LineString", "coordinates": [[2.479813098315315, 48.90934314190477], [2.479817654726357, 48.909301350508464]]}}, {"type": "Feature", "properties": {"highway": "footway", "footway": "sidewalk"}, "geometry": {"type": "LineString", "coordinates": [[2.479706777421669, 48.909452526712165], [2.479782666665159, 48.90942917097103], [2.479794450122039, 48.90942369761142], [2.479802623568759, 48.90941587067628], [2.479806172947589, 48.90940666123438], [2.479808164887741, 48.9093883912171], [2.479813098315315, 48.90934314190477]]}}, {"type": "Feature", "properties": {"highway": "footway", "footway": "sidewalk"}, "geometry": {"type": "LineString", "coordinates": [[2.479670782037125, 48.909467346782584], [2.479677501469397, 48.909462916195665], [2.47968706077436, 48.90945875473277], [2.479689677205214, 48.909457789480086], [2.479706777421669, 48.909452526712165]]}}, {"type": "Feature", "properties": {"highway": "footway", "footway": "sidewalk"}, "geometry": {"type": "LineString", "coordinates": [[2.479826806120026, 48.909217413725266], [2.479826806120026, 48.909217413725266]]}}, {"type": "Feature", "properties": {"highway": "footway", "footway": "sidewalk"}, "geometry": {"type": "LineString", "coordinates": [[2.479822653537863, 48.909255501334904], [2.479826806120026, 48.909217413725266]]}}, {"type": "Feature", "properties": {"highway": "footway", "footway": "sidewalk"}, "geometry": {"type": "LineString", "coordinates": [[2.479817654726357, 48.909301350508464], [2.479817654726357, 48.909301350508464]]}}, {"type": "Feature", "properties": {"highway": "footway", "footway": "sidewalk"}, "geometry": {"type": "LineString", "coordinates": [[2.479817654726357, 48.909301350508464], [2.479818481512528, 48.90929376721921]]}}, {"type": "Feature", "properties": {"highway": "footway", "footway": "sidewalk"}, "geometry": {"type": "LineString", "coordinates": [[2.479818481512528, 48.90929376721921], [2.479822653537863, 48.909255501334904]]}}, {"type": "Feature", "properties": {"highway": "footway", "footway": "sidewalk"}, "geometry": {"type": "LineString", "coordinates": [[2.479826806120026, 48.909217413725266], [2.479827414882147, 48.90921183013572], [2.479829989851369, 48.909188212405276], [2.479828879495262, 48.90917975250841], [2.479823834622148, 48.9091719392417]]}}, {"type": "Feature", "properties": {"highway": "footway", "footway": "sidewalk"}, "geometry": {"type": "LineString", "coordinates": [[2.479823834622148, 48.9091719392417], [2.479815355093311, 48.909165546764726], [2.479808514161962, 48.90916286679265], [2.479791709836845, 48.90915935418109], [2.479752625421704, 48.909157752253016], [2.479653697130002, 48.909153697482395]]}}, {"type": "Feature", "properties": {"highway": "footway", "footway": "sidewalk"}, "geometry": {"type": "LineString", "coordinates": [[2.479653697130002, 48.909153697482395], [2.47949662022709, 48.909147259200836]]}}, {"type": "Feature", "properties": {"highway": "footway", "footway": "sidewalk"}, "geometry": {"type": "LineString", "coordinates": [[2.479209943603677, 48.909135508319075], [2.479047034273668, 48.90912883034167], [2.47903427102094, 48.90912963355537], [2.479022511153005, 48.90913300054235], [2.479012908887596, 48.90913860083673], [2.479006406677047, 48.90914588477594], [2.479003642707643, 48.90915413744932], [2.479001736359594, 48.909175058953075], [2.479001033578928, 48.9091827717209]]}}, {"type": "Feature", "properties": {"highway": "footway", "footway": "sidewalk"}, "geometry": {"type": "LineString", "coordinates": [[2.47949662022709, 48.909147259200836], [2.479435804629468, 48.90914476642803], [2.479332036564216, 48.90914051300029]]}}, {"type": "Feature", "properties": {"highway": "footway", "footway": "sidewalk"}, "geometry": {"type": "LineString", "coordinates": [[2.479332036564216, 48.90914051300029], [2.479209943603677, 48.909135508319075]]}}, {"type": "Feature", "properties": {"highway": "footway", "footway": "sidewalk"}, "geometry": {"type": "LineString", "coordinates": [[2.479001033578928, 48.9091827717209], [2.47899720847512, 48.9092247508327]]}}, {"type": "Feature", "properties": {"highway": "footway", "footway": "sidewalk"}, "geometry": {"type": "LineString", "coordinates": [[2.47899720847512, 48.9092247508327], [2.478995530281543, 48.90924316836955]]}}, {"type": "Feature", "properties": {"highway": "footway", "footway": "sidewalk"}, "geometry": {"type": "LineString", "coordinates": [[2.478995530281543, 48.90924316836955], [2.478991966919307, 48.90928227487097]]}}, {"type": "Feature", "properties": {"highway": "footway", "footway": "sidewalk"}, "geometry": {"type": "LineString", "coordinates": [[2.478990374143882, 48.90929975493602], [2.478989650844744, 48.90930769284699]]}}, {"type": "Feature", "properties": {"highway": "footway", "footway": "sidewalk"}, "geometry": {"type": "LineString", "coordinates": [[2.478989650844744, 48.90930769284699], [2.478986959068919, 48.9093372339589]]}}, {"type": "Feature", "properties": {"highway": "footway", "footway": "sidewalk"}, "geometry": {"type": "LineString", "coordinates": [[2.478991966919307, 48.90928227487097], [2.478990374143882, 48.90929975493602]]}}, {"type": "Feature", "properties": {"highway": "footway", "footway": "sidewalk"}, "geometry": {"type": "LineString", "coordinates": [[2.478986959068919, 48.9093372339589], [2.478986847842774, 48.90933845461849], [2.478985476913691, 48.90935349997659], [2.478984021459381, 48.90936947295284], [2.478985026570645, 48.90937724324129], [2.478989361646952, 48.909384499331495], [2.478996664407726, 48.909390634832725], [2.479006324562671, 48.90939513700152], [2.479047812706547, 48.90940904182642], [2.479077615394526, 48.90941903023607], [2.479079954273683, 48.90941994814476], [2.479088521401929, 48.90942384194193], [2.479092530541308, 48.909426240094405], [2.479098357880642, 48.90943079496279], [2.479102631236094, 48.90943574426028]]}}, {"type": "Feature", "properties": {"highway": "footway", "footway": "sidewalk"}, "geometry": {"type": "LineString", "coordinates": [[2.479102631236094, 48.90943574426028], [2.479102631236094, 48.90943574426028]]}}, {"type": "Feature", "properties": {"highway": "footway", "footway": "sidewalk"}, "geometry": {"type": "LineString", "coordinates": [[2.479102631236094, 48.90943574426028], [2.479105643554921, 48.909440027857485], [2.479106621336041, 48.90944170237606], [2.479109278150778, 48.909447348096855]]}}, {"type": "Feature", "properties": {"highway": "footway", "footway": "sidewalk"}, "geometry": {"type": "LineString", "coordinates": [[2.479109278150778, 48.909447348096855], [2.479116864135517, 48.909463468277025], [2.479117637836513, 48.909465865560435], [2.479119535095726, 48.90947637474673], [2.479119636494767, 48.909478824766396], [2.479117567180891, 48.909500143159924]]}}, {"type": "Feature", "properties": {"highway": "footway", "footway": "sidewalk"}, "geometry": {"type": "LineString", "coordinates": [[2.479117567180891, 48.909500143159924], [2.479117567180891, 48.909500143159924]]}}, {"type": "Feature", "properties": {"highway": "footway", "footway": "sidewalk"}, "geometry": {"type": "LineString", "coordinates": [[2.479117567180891, 48.909500143159924], [2.479112863616261, 48.90954859994666]]}}, {"type": "Feature", "properties": {"highway": "footway", "footway": "sidewalk"}, "geometry": {"type": "LineString", "coordinates": [[2.479110767365286, 48.90957019578973], [2.479109656914246, 48.90958163578941]]}}, {"type": "Feature", "properties": {"highway": "footway", "footway": "sidewalk"}, "geometry": {"type": "LineString", "coordinates": [[2.479109656914246, 48.90958163578941], [2.479107178894179, 48.909607164630124]]}}, {"type": "Feature", "properties": {"highway": "footway", "footway": "sidewalk"}, "geometry": {"type": "LineString", "coordinates": [[2.479112863616261, 48.90954859994666], [2.479110767365286, 48.90957019578973]]}}, {"type": "Feature", "properties": {"highway": "footway", "footway": "sidewalk"}, "geometry": {"type": "LineString", "coordinates": [[2.479107178894179, 48.909607164630124], [2.479106241499426, 48.9096168217692]]}}, {"type": "Feature", "properties": {"highway": "footway", "footway": "sidewalk"}, "geometry": {"type": "LineString", "coordinates": [[2.479106241499426, 48.9096168217692], [2.479105061528732, 48.90962897794575], [2.479101807047066, 48.90963684054338]]}}, {"type": "Feature", "properties": {"highway": "footway", "footway": "sidewalk"}, "geometry": {"type": "LineString", "coordinates": [[2.478953269602054, 48.90965997542346], [2.478965049930797, 48.90965942140105], [2.478976099721839, 48.90965667302997], [2.478985498763231, 48.909651959190946], [2.478989804689766, 48.90964807288635]]}}, {"type": "Feature", "properties": {"highway": "footway", "footway": "sidewalk"}, "geometry": {"type": "LineString", "coordinates": [[2.478989804689766, 48.90964807288635], [2.478996416298853, 48.909638336347484], [2.478997025597973, 48.909630561834774], [2.478996149807274, 48.90962438450378], [2.478998407678185, 48.9096011242066]]}}, {"type": "Feature", "properties": {"highway": "footway", "footway": "sidewalk"}, "geometry": {"type": "LineString", "coordinates": [[2.47899944658899, 48.90959042147314], [2.479005746942501, 48.90952551589473]]}}, {"type": "Feature", "properties": {"highway": "footway", "footway": "sidewalk"}, "geometry": {"type": "LineString", "coordinates": [[2.478998407678185, 48.9096011242066], [2.47899944658899, 48.90959042147314]]}}, {"type": "Feature", "properties": {"highway": "footway", "footway": "sidewalk"}, "geometry": {"type": "LineString", "coordinates": [[2.479005746942501, 48.90952551589473], [2.479008715137264, 48.909494937806215], [2.479007747097452, 48.90948713931519], [2.479003424499056, 48.90947985198967], [2.478997223677518, 48.90947462656042], [2.478990676029319, 48.909471153288195]]}}, {"type": "Feature", "properties": {"highway": "footway", "footway": "sidewalk"}, "geometry": {"type": "LineString", "coordinates": [[2.478990676029319, 48.909471153288195], [2.478990676029319, 48.909471153288195]]}}, {"type": "Feature", "properties": {"highway": "footway", "footway": "sidewalk"}, "geometry": {"type": "LineString", "coordinates": [[2.478990676029319, 48.909471153288195], [2.478944254516767, 48.909455036088964]]}}, {"type": "Feature", "properties": {"highway": "footway", "footway": "sidewalk"}, "geometry": {"type": "LineString", "coordinates": [[2.478944254516767, 48.909455036088964], [2.478919272402286, 48.9094466632713], [2.478902729121621, 48.909443765857375], [2.478883571626487, 48.90944314636158]]}}, {"type": "Feature", "properties": {"highway": "footway", "footway": "sidewalk"}, "geometry": {"type": "LineString", "coordinates": [[2.478664535898066, 48.9094360631774], [2.478579853004722, 48.90943373293054], [2.478565050973098, 48.909435416946486], [2.478479640861309, 48.909458614771516], [2.478469836333433, 48.909462402645104], [2.478461990091811, 48.90946782173278], [2.478458326930073, 48.90947242063717], [2.47845565321159, 48.90947779726635]]}}, {"type": "Feature", "properties": {"highway": "footway", "footway": "sidewalk"}, "geometry": {"type": "LineString", "coordinates": [[2.478883571626487, 48.90944314636158], [2.478839, 48.90944170503682]]}}, {"type": "Feature", "properties": {"highway": "footway", "footway": "sidewalk"}, "geometry": {"type": "LineString", "coordinates": [[2.478839, 48.90944170503682], [2.478813525251896, 48.9094408812452], [2.478790310788761, 48.90944013054082]]}}, {"type": "Feature", "properties": {"highway": "footway", "footway": "sidewalk"}, "geometry": {"type": "LineString", "coordinates": [[2.478722655762776, 48.90943794270014], [2.478670328964653, 48.909436250519164], [2.478664535898066, 48.9094360631774]]}}, {"type": "Feature", "properties": {"highway": "footway", "footway": "sidewalk"}, "geometry": {"type": "LineString", "coordinates": [[2.478790310788761, 48.90944013054082], [2.478722655762776, 48.90943794270014]]}}, {"type": "Feature", "properties": {"highway": "footway", "footway": "sidewalk"}, "geometry": {"type": "LineString", "coordinates": [[2.47845565321159, 48.90947779726635], [2.47845565321159, 48.90947779726635]]}}, {"type": "Feature", "properties": {"highway": "footway", "footway": "sidewalk"}, "geometry": {"type": "LineString", "coordinates": [[2.47845565321159, 48.90947779726635], [2.478453680224855, 48.90948895972073]]}}, {"type": "Feature", "properties": {"highway": "footway", "footway": "sidewalk"}, "geometry": {"type": "LineString", "coordinates": [[2.478453680224855, 48.90948895972073], [2.478450451588598, 48.90952135554619]]}}, {"type": "Feature", "properties": {"highway": "footway", "footway": "sidewalk"}, "geometry": {"type": "LineString", "coordinates": [[2.478453680224855, 48.90948895972073], [2.478453680224855, 48.90948895972073]]}}, {"type": "Feature", "properties": {"highway": "footway", "footway": "sidewalk"}, "geometry": {"type": "LineString", "coordinates": [[2.478448951046976, 48.90953641182206], [2.478447423064514, 48.909551743427045]]}}, {"type": "Feature", "properties": {"highway": "footway", "footway": "sidewalk"}, "geometry": {"type": "LineString", "coordinates": [[2.478450451588598, 48.90952135554619], [2.478448951046976, 48.90953641182206]]}}, {"type": "Feature", "properties": {"highway": "footway", "footway": "sidewalk"}, "geometry": {"type": "LineString", "coordinates": [[2.478446476757844, 48.909561238557515], [2.478443390524454, 48.909592205437285]]}}, {"type": "Feature", "properties": {"highway": "footway", "footway": "sidewalk"}, "geometry": {"type": "LineString", "coordinates": [[2.478447423064514, 48.909551743427045], [2.478446476757844, 48.909561238557515]]}}, {"type": "Feature", "properties": {"highway": "footway", "footway": "sidewalk"}, "geometry": {"type": "LineString", "coordinates": [[2.478443390524454, 48.909592205437285], [2.478442260961831, 48.90960353931773], [2.478441368254495, 48.9096132937129], [2.478445418087385, 48.90962213310084], [2.478453753037158, 48.90962955442449], [2.478465396580792, 48.909634688199915], [2.478478984558305, 48.90963693295254], [2.478520947376238, 48.90963897173647]]}}, {"type": "Feature", "properties": {"highway": "footway", "footway": "sidewalk"}, "geometry": {"type": "LineString", "coordinates": [[2.478839, 48.90965442397607], [2.478942736163045, 48.909659463692584], [2.478953269602054, 48.90965997542346]]}}, {"type": "Feature", "properties": {"highway": "footway", "footway": "sidewalk"}, "geometry": {"type": "LineString", "coordinates": [[2.478701699375456, 48.909647753483846], [2.478839, 48.90965442397607]]}}, {"type": "Feature", "properties": {"highway": "footway", "footway": "sidewalk"}, "geometry": {"type": "LineString", "coordinates": [[2.478520947376238, 48.90963897173647], [2.47863417775581, 48.90964447301252], [2.478701699375456, 48.909647753483846]]}}, {"type": "Feature", "properties": {"highway": "footway", "footway": "sidewalk"}, "geometry": {"type": "LineString", "coordinates": [[2.475128622526741, 48.91006900473947], [2.475368461819707, 48.91039364215269]]}}, {"type": "Feature", "properties": {"highway": "footway", "footway": "sidewalk"}, "geometry": {"type": "LineString", "coordinates": [[2.474866273697411, 48.909734560487536], [2.474984554063073, 48.90988076570056]]}}, {"type": "Feature", "properties": {"highway": "footway", "footway": "sidewalk"}, "geometry": {"type": "LineString", "coordinates": [[2.474596396177388, 48.90940314063841], [2.474630695579413, 48.909443418573495], [2.474632393808463, 48.909445462616915], [2.474866273697411, 48.909734560487536]]}}, {"type": "Feature", "properties": {"highway": "footway", "footway": "sidewalk"}, "geometry": {"type": "LineString", "coordinates": [[2.474984554063073, 48.90988076570056], [2.475039232314914, 48.90994835262682], [2.47504456073179, 48.90995535578976], [2.475128622526741, 48.91006900473947]]}}, {"type": "Feature", "properties": {"highway": "footway", "footway": "sidewalk"}, "geometry": {"type": "LineString", "coordinates": [[2.474123954875386, 48.908848343134245], [2.474596396177388, 48.90940314063841]]}}, {"type": "Feature", "properties": {"highway": "footway", "footway": "sidewalk"}, "geometry": {"type": "LineString", "coordinates": [[2.473925323339353, 48.908615081788334], [2.473952032564716, 48.90864644769903], [2.474123954875386, 48.908848343134245]]}}, {"type": "Feature", "properties": {"highway": "footway", "footway": "sidewalk"}, "geometry": {"type": "LineString", "coordinates": [[2.473640838927206, 48.90828098120692], [2.473925323339353, 48.908615081788334]]}}, {"type": "Feature", "properties": {"highway": "footway", "footway": "sidewalk"}, "geometry": {"type": "LineString", "coordinates": [[2.475368461819707, 48.91039364215269], [2.475425293595226, 48.91047056680647], [2.475433373856832, 48.91047797783147], [2.475444740607157, 48.91048318884523], [2.475458092889161, 48.91048560343199], [2.475466500067571, 48.910485202727195]]}}, {"type": "Feature", "properties": {"highway": "footway", "footway": "sidewalk"}, "geometry": {"type": "LineString", "coordinates": [[2.475466500067571, 48.910485202727195], [2.475484588874281, 48.910481289587366], [2.47548689162252, 48.91048029057689], [2.475488341400906, 48.9104796774888], [2.475839520064359, 48.910335564719524], [2.475847009176245, 48.910333525608635], [2.475869205176756, 48.91032862189538]]}}, {"type": "Feature", "properties": {"highway": "footway", "footway": "sidewalk"}, "geometry": {"type": "LineString", "coordinates": [[2.475869205176756, 48.91032862189538], [2.475894051834961, 48.91032677854465]]}}, {"type": "Feature", "properties": {"highway": "footway", "footway": "sidewalk"}, "geometry": {"type": "LineString", "coordinates": [[2.475894051834961, 48.91032677854465], [2.475905936596119, 48.91032607193958]]}}, {"type": "Feature", "properties": {"highway": "footway", "footway": "sidewalk"}, "geometry": {"type": "LineString", "coordinates": [[2.475905936596119, 48.91032607193958], [2.475963966444394, 48.91032262177369], [2.475974219339223, 48.91032112024507], [2.475986977729034, 48.91031638915556]]}}, {"type": "Feature", "properties": {"highway": "footway", "footway": "sidewalk"}, "geometry": {"type": "LineString", "coordinates": [[2.475986977729034, 48.91031638915556], [2.476029925851924, 48.91029682824925]]}}, {"type": "Feature", "properties": {"highway": "footway", "footway": "sidewalk"}, "geometry": {"type": "LineString", "coordinates": [[2.476029925851924, 48.91029682824925], [2.476068720186307, 48.91027915917677], [2.476071236132197, 48.91027818056232], [2.476084714466212, 48.910273761430865], [2.476095269064144, 48.91027197411094]]}}, {"type": "Feature", "properties": {"highway": "footway", "footway": "sidewalk"}, "geometry": {"type": "LineString", "coordinates": [[2.476095269064144, 48.91027197411094], [2.476105050295748, 48.91027083124293], [2.476109412384045, 48.910270531402475], [2.47611754763041, 48.91026949720938], [2.4761247232535, 48.9102673440835]]}}, {"type": "Feature", "properties": {"highway": "footway", "footway": "sidewalk"}, "geometry": {"type": "LineString", "coordinates": [[2.4761247232535, 48.9102673440835], [2.476135604687682, 48.91026205501869], [2.476148526364811, 48.910252890098086]]}}, {"type": "Feature", "properties": {"highway": "footway", "footway": "sidewalk"}, "geometry": {"type": "LineString", "coordinates": [[2.476192559488224, 48.910221658815686], [2.476213295733993, 48.91020695124216], [2.476215528543, 48.91020558715854], [2.476231465339983, 48.91019721523202], [2.476233980820254, 48.91019608494181], [2.476252021919777, 48.91018921650478], [2.476257320174194, 48.91018736183835], [2.476281323942067, 48.91017975339227]]}}, {"type": "Feature", "properties": {"highway": "footway", "footway": "sidewalk"}, "geometry": {"type": "LineString", "coordinates": [[2.476148526364811, 48.910252890098086], [2.476192559488224, 48.910221658815686]]}}, {"type": "Feature", "properties": {"highway": "footway", "footway": "sidewalk"}, "geometry": {"type": "LineString", "coordinates": [[2.477199213645024, 48.910160984825275], [2.477284485955539, 48.91016475837784], [2.477322555241103, 48.910166443036054]]}}, {"type": "Feature", "properties": {"highway": "footway", "footway": "sidewalk"}, "geometry": {"type": "LineString", "coordinates": [[2.479899100774811, 48.91028952246719], [2.479967165534419, 48.91029252553013], [2.480084084846515, 48.91029768399415]]}}, {"type": "Feature", "properties": {"highway": "footway", "footway": "sidewalk"}, "geometry": {"type": "LineString", "coordinates": [[2.477079097549534, 48.9101486274771], [2.477164077540558, 48.91015239444898], [2.477167101373033, 48.910152849017024], [2.477168489587628, 48.91015339551937], [2.477173354274227, 48.910156217156654], [2.477182929851866, 48.91015934268174], [2.477199213645024, 48.910160984825275]]}}, {"type": "Feature", "properties": {"highway": "footway", "footway": "sidewalk"}, "geometry": {"type": "LineString", "coordinates": [[2.47696521384848, 48.91014357916969], [2.477044790388807, 48.91014710669992], [2.477079097549534, 48.9101486274771]]}}, {"type": "Feature", "properties": {"highway": "footway", "footway": "sidewalk"}, "geometry": {"type": "LineString", "coordinates": [[2.479659312390915, 48.91027891491759], [2.47967676077417, 48.91027971231777], [2.479776111223126, 48.91028409598272], [2.479842013816036, 48.91028700372095], [2.479899100774811, 48.91028952246719]]}}, {"type": "Feature", "properties": {"highway": "footway", "footway": "sidewalk"}, "geometry": {"type": "LineString", "coordinates": [[2.477428197625966, 48.910171117901406], [2.477543716317606, 48.91017622969928]]}}, {"type": "Feature", "properties": {"highway": "footway", "footway": "sidewalk"}, "geometry": {"type": "LineString", "coordinates": [[2.477322555241103, 48.910166443036054], [2.477428197625966, 48.910171117901406]]}}, {"type": "Feature", "properties": {"highway": "footway", "footway": "sidewalk"}, "geometry": {"type": "LineString", "coordinates": [[2.477543716317606, 48.91017622969928], [2.477677002808942, 48.91018212759197]]}}, {"type": "Feature", "properties": {"highway": "footway", "footway": "sidewalk"}, "geometry": {"type": "LineString", "coordinates": [[2.477793883856045, 48.91018729942011], [2.477891544685386, 48.91019162068797]]}}, {"type": "Feature", "properties": {"highway": "footway", "footway": "sidewalk"}, "geometry": {"type": "LineString", "coordinates": [[2.477677002808942, 48.91018212759197], [2.477793883856045, 48.91018729942011]]}}, {"type": "Feature", "properties": {"highway": "footway", "footway": "sidewalk"}, "geometry": {"type": "LineString", "coordinates": [[2.478267796228925, 48.91019989168172], [2.478293620706344, 48.91020103697484], [2.478376165283446, 48.91020469771594]]}}, {"type": "Feature", "properties": {"highway": "footway", "footway": "sidewalk"}, "geometry": {"type": "LineString", "coordinates": [[2.478035775562412, 48.910198002440445], [2.478055101448611, 48.91019885779887], [2.47815077737021, 48.91020309234078]]}}, {"type": "Feature", "properties": {"highway": "footway", "footway": "sidewalk"}, "geometry": {"type": "LineString", "coordinates": [[2.477891544685386, 48.91019162068797], [2.478002880434783, 48.91019654693789], [2.478035775562412, 48.910198002440445]]}}, {"type": "Feature", "properties": {"highway": "footway", "footway": "sidewalk"}, "geometry": {"type": "LineString", "coordinates": [[2.47815077737021, 48.91020309234078], [2.478161411310366, 48.91020356298576], [2.478177243809756, 48.91020220633944], [2.478191084054809, 48.91019695988189], [2.478194344908328, 48.9101966341476], [2.478267796228925, 48.91019989168172]]}}, {"type": "Feature", "properties": {"highway": "footway", "footway": "sidewalk"}, "geometry": {"type": "LineString", "coordinates": [[2.478376165283446, 48.91020469771594], [2.478433129008133, 48.91020722394583], [2.478536182829585, 48.91021179410933]]}}, {"type": "Feature", "properties": {"highway": "footway", "footway": "sidewalk"}, "geometry": {"type": "LineString", "coordinates": [[2.478536182829585, 48.91021179410933], [2.478548569681298, 48.910212343427084]]}}, {"type": "Feature", "properties": {"highway": "footway", "footway": "sidewalk"}, "geometry": {"type": "LineString", "coordinates": [[2.478745233164578, 48.910229421156295], [2.478853104283975, 48.91023418700726]]}}, {"type": "Feature", "properties": {"highway": "footway", "footway": "sidewalk"}, "geometry": {"type": "LineString", "coordinates": [[2.479198170003293, 48.91025842046548], [2.479312609647111, 48.91026346068594]]}}, {"type": "Feature", "properties": {"highway": "footway", "footway": "sidewalk"}, "geometry": {"type": "LineString", "coordinates": [[2.478853104283975, 48.91023418700726], [2.478894156825191, 48.91023600072171], [2.478966420545879, 48.91023919332026]]}}, {"type": "Feature", "properties": {"highway": "footway", "footway": "sidewalk"}, "geometry": {"type": "LineString", "coordinates": [[2.478966420545879, 48.91023919332026], [2.479020847725391, 48.91024159787339], [2.47902378990272, 48.91024203970871], [2.479032909899052, 48.91024751772608], [2.479042487883115, 48.9102506419105], [2.479052966369929, 48.91025202515377], [2.479083957047191, 48.910253390114725]]}}, {"type": "Feature", "properties": {"highway": "footway", "footway": "sidewalk"}, "geometry": {"type": "LineString", "coordinates": [[2.478548569681298, 48.910212343427084], [2.478557717174298, 48.910212749088636], [2.478560659180039, 48.91021319141498], [2.478568895199571, 48.91021800565427], [2.478578472617656, 48.91022113147253], [2.478588951229685, 48.91022251628786], [2.478639197991388, 48.91022473632002], [2.478679501664705, 48.9102265170248], [2.478745233164578, 48.910229421156295]]}}, {"type": "Feature", "properties": {"highway": "footway", "footway": "sidewalk"}, "geometry": {"type": "LineString", "coordinates": [[2.476281323942067, 48.91017975339227], [2.476358016859682, 48.91015547867435], [2.476359538478129, 48.910155046134264], [2.476369908467423, 48.91015242132395], [2.476371478209681, 48.91015207139115], [2.476426190022596, 48.91014148200868], [2.476430733228273, 48.910140692597174], [2.476462801980377, 48.910135825864]]}}, {"type": "Feature", "properties": {"highway": "footway", "footway": "sidewalk"}, "geometry": {"type": "LineString", "coordinates": [[2.479312609647111, 48.91026346068594], [2.479442419508226, 48.910269177712166]]}}, {"type": "Feature", "properties": {"highway": "footway", "footway": "sidewalk"}, "geometry": {"type": "LineString", "coordinates": [[2.479083957047191, 48.910253390114725], [2.479142642646675, 48.91025597485456], [2.479198170003293, 48.91025842046548]]}}, {"type": "Feature", "properties": {"highway": "footway", "footway": "sidewalk"}, "geometry": {"type": "LineString", "coordinates": [[2.476661565342483, 48.91013011829555], [2.476758169404491, 48.91013440088436]]}}, {"type": "Feature", "properties": {"highway": "footway", "footway": "sidewalk"}, "geometry": {"type": "LineString", "coordinates": [[2.479442419508226, 48.910269177712166], [2.479547825560223, 48.91027381984861], [2.47956799976481, 48.910274741839686], [2.479627439390964, 48.910277458298054], [2.479659312390915, 48.91027891491759]]}}, {"type": "Feature", "properties": {"highway": "footway", "footway": "sidewalk"}, "geometry": {"type": "LineString", "coordinates": [[2.476758169404491, 48.91013440088436], [2.476863751644268, 48.91013908139452]]}}, {"type": "Feature", "properties": {"highway": "footway", "footway": "sidewalk"}, "geometry": {"type": "LineString", "coordinates": [[2.476863751644268, 48.91013908139452], [2.47696521384848, 48.91014357916969]]}}, {"type": "Feature", "properties": {"highway": "footway", "footway": "sidewalk"}, "geometry": {"type": "LineString", "coordinates": [[2.476462801980377, 48.910135825864], [2.476487956955135, 48.91013201317258], [2.476495282855801, 48.910131125320994], [2.47653195694184, 48.91012791239857], [2.476539724276909, 48.91012747474456], [2.476576918375151, 48.91012665837616], [2.476584781469873, 48.91012673111889], [2.476661565342483, 48.91013011829555]]}}, {"type": "Feature", "properties": {"highway": "footway", "footway": "sidewalk"}, "geometry": {"type": "LineString", "coordinates": [[2.480084084846515, 48.91029768399415], [2.480109234712443, 48.91029879358715], [2.480115410249474, 48.91029875821674], [2.480117067317938, 48.91029866601789], [2.48011971917542, 48.91029851846919], [2.480132962844531, 48.910296270087215], [2.480144343283134, 48.910291271141524], [2.4801525897054, 48.910284079834945], [2.480156781283741, 48.91027549917802], [2.480156449971791, 48.910266487321394], [2.480133695161576, 48.910189369870295]]}}, {"type": "Feature", "properties": {"highway": "footway", "footway": "sidewalk"}, "geometry": {"type": "LineString", "coordinates": [[2.480126080887966, 48.91016356457456], [2.480118768408341, 48.91013878205375], [2.48007657706875, 48.90999579207119], [2.480076184191923, 48.90999434397178], [2.480073273944973, 48.909982420942455]]}}, {"type": "Feature", "properties": {"highway": "footway", "footway": "sidewalk"}, "geometry": {"type": "LineString", "coordinates": [[2.480073273944973, 48.909982420942455], [2.480053803741104, 48.90990257696199]]}}, {"type": "Feature", "properties": {"highway": "footway", "footway": "sidewalk"}, "geometry": {"type": "LineString", "coordinates": [[2.480133695161576, 48.910189369870295], [2.480126080887966, 48.91016356457456]]}}, {"type": "Feature", "properties": {"highway": "footway", "footway": "sidewalk"}, "geometry": {"type": "LineString", "coordinates": [[2.480053803741104, 48.90990257696199], [2.480051866220848, 48.90989463150821], [2.480050644054804, 48.90988768309153], [2.480042504284025, 48.909827548837015], [2.480039855860128, 48.90982009669785], [2.480034138825432, 48.90981343480326], [2.480025813399361, 48.90980809943234], [2.480015549774852, 48.909804520079504], [2.480004174168156, 48.90980298488063], [2.479996928857164, 48.90980269987896], [2.479988947510321, 48.90980359780596], [2.479979365308831, 48.90980387144961], [2.479900977349447, 48.90980006482788]]}}, {"type": "Feature", "properties": {"highway": "footway", "footway": "sidewalk"}, "geometry": {"type": "LineString", "coordinates": [[2.478721711749426, 48.90974268808524], [2.478676961850291, 48.90974051397207], [2.478446633596215, 48.909729323508415]]}}, {"type": "Feature", "properties": {"highway": "footway", "footway": "sidewalk"}, "geometry": {"type": "LineString", "coordinates": [[2.479023225301972, 48.90975733625486], [2.478869195518379, 48.90974985325996]]}}, {"type": "Feature", "properties": {"highway": "footway", "footway": "sidewalk"}, "geometry": {"type": "LineString", "coordinates": [[2.478869195518379, 48.90974985325996], [2.478721711749426, 48.90974268808524]]}}, {"type": "Feature", "properties": {"highway": "footway", "footway": "sidewalk"}, "geometry": {"type": "LineString", "coordinates": [[2.479189533459578, 48.90976543850385], [2.479031263194535, 48.90975772674188], [2.479023225301972, 48.90975733625486]]}}, {"type": "Feature", "properties": {"highway": "footway", "footway": "sidewalk"}, "geometry": {"type": "LineString", "coordinates": [[2.479900977349447, 48.90980006482788], [2.479722796280803, 48.909791411921994]]}}, {"type": "Feature", "properties": {"highway": "footway", "footway": "sidewalk"}, "geometry": {"type": "LineString", "coordinates": [[2.479492913528454, 48.90978022016687], [2.479470097152647, 48.90977910850693], [2.479189533459578, 48.90976543850385]]}}, {"type": "Feature", "properties": {"highway": "footway", "footway": "sidewalk"}, "geometry": {"type": "LineString", "coordinates": [[2.479722796280803, 48.909791411921994], [2.479669555605485, 48.90978882637137], [2.479492913528454, 48.90978022016687]]}}, {"type": "Feature", "properties": {"highway": "footway", "footway": "sidewalk"}, "geometry": {"type": "LineString", "coordinates": [[2.477697437783247, 48.90969292043654], [2.477384847257392, 48.90967771487351]]}}, {"type": "Feature", "properties": {"highway": "footway", "footway": "sidewalk"}, "geometry": {"type": "LineString", "coordinates": [[2.477384847257392, 48.90967771487351], [2.477241148394144, 48.909670724540256]]}}, {"type": "Feature", "properties": {"highway": "footway", "footway": "sidewalk"}, "geometry": {"type": "LineString", "coordinates": [[2.477241148394144, 48.909670724540256], [2.477091404209784, 48.909663439935464]]}}, {"type": "Feature", "properties": {"highway": "footway", "footway": "sidewalk"}, "geometry": {"type": "LineString", "coordinates": [[2.478219669870005, 48.90971829662042], [2.478033341787398, 48.90970924386728]]}}, {"type": "Feature", "properties": {"highway": "footway", "footway": "sidewalk"}, "geometry": {"type": "LineString", "coordinates": [[2.476989951002126, 48.90965822163858], [2.476795994066395, 48.90964823016221]]}}, {"type": "Feature", "properties": {"highway": "footway", "footway": "sidewalk"}, "geometry": {"type": "LineString", "coordinates": [[2.477241148394144, 48.909670724540256], [2.477241148394144, 48.909670724540256]]}}, {"type": "Feature", "properties": {"highway": "footway", "footway": "sidewalk"}, "geometry": {"type": "LineString", "coordinates": [[2.478446633596215, 48.909729323508415], [2.47837467510671, 48.90972582732067], [2.478361682313713, 48.90972519609313], [2.478219669870005, 48.90971829662042]]}}, {"type": "Feature", "properties": {"highway": "footway", "footway": "sidewalk"}, "geometry": {"type": "LineString", "coordinates": [[2.476795994066395, 48.90964823016221], [2.476648754166334, 48.90964064504163]]}}, {"type": "Feature", "properties": {"highway": "footway", "footway": "sidewalk"}, "geometry": {"type": "LineString", "coordinates": [[2.477091404209784, 48.909663439935464], [2.476989951002126, 48.90965822163858]]}}, {"type": "Feature", "properties": {"highway": "footway", "footway": "sidewalk"}, "geometry": {"type": "LineString", "coordinates": [[2.478033341787398, 48.90970924386728], [2.477748967528909, 48.90969542695233], [2.477697437783247, 48.90969292043654]]}}, {"type": "Feature", "properties": {"highway": "footway", "footway": "sidewalk"}, "geometry": {"type": "LineString", "coordinates": [[2.476648754166334, 48.90964064504163], [2.476559437823532, 48.909636043782854], [2.476435501160831, 48.909629658892946], [2.476394211232165, 48.90962753171481]]}}, {"type": "Feature", "properties": {"highway": "footway", "footway": "sidewalk"}, "geometry": {"type": "LineString", "coordinates": [[2.476394211232165, 48.90962753171481], [2.476340487313919, 48.909624763938915]]}}, {"type": "Feature", "properties": {"highway": "footway", "footway": "sidewalk"}, "geometry": {"type": "LineString", "coordinates": [[2.476340487313919, 48.909624763938915], [2.476340487313919, 48.909624763938915]]}}, {"type": "Feature", "properties": {"highway": "footway", "footway": "sidewalk"}, "geometry": {"type": "LineString", "coordinates": [[2.476340487313919, 48.909624763938915], [2.476340487313919, 48.909624763938915]]}}, {"type": "Feature", "properties": {"highway": "footway", "footway": "sidewalk"}, "geometry": {"type": "LineString", "coordinates": [[2.476340487313919, 48.909624763938915], [2.476330613049803, 48.909624255228834]]}}, {"type": "Feature", "properties": {"highway": "footway", "footway": "sidewalk"}, "geometry": {"type": "LineString", "coordinates": [[2.476330613049803, 48.909624255228834], [2.476320601304615, 48.909623455347536], [2.476312611035717, 48.90962267911273], [2.476207431675242, 48.90961936501841], [2.476148075345866, 48.909617494718496], [2.4761401220264, 48.9096172441095], [2.47612756397194, 48.90961813459888], [2.4761160159181, 48.909621506794174], [2.476106577792433, 48.90962703950104], [2.476100148557126, 48.909634205740936], [2.476097340584751, 48.90964232294451], [2.476096800977571, 48.909647450326425], [2.476091860583778, 48.90969439421495]]}}, {"type": "Feature", "properties": {"highway": "footway", "footway": "sidewalk"}, "geometry": {"type": "LineString", "coordinates": [[2.476091860583778, 48.90969439421495], [2.476087113024181, 48.90973950569908], [2.476075528575907, 48.90984958120508]]}}, {"type": "Feature", "properties": {"highway": "footway", "footway": "sidewalk"}, "geometry": {"type": "LineString", "coordinates": [[2.476073038940864, 48.90987323767056], [2.47606017848542, 48.9099954371188]]}}, {"type": "Feature", "properties": {"highway": "footway", "footway": "sidewalk"}, "geometry": {"type": "LineString", "coordinates": [[2.476075528575907, 48.90984958120508], [2.476073038940864, 48.90987323767056]]}}, {"type": "Feature", "properties": {"highway": "footway", "footway": "sidewalk"}, "geometry": {"type": "LineString", "coordinates": [[2.47606017848542, 48.9099954371188], [2.47606017848542, 48.9099954371188]]}}, {"type": "Feature", "properties": {"highway": "footway", "footway": "sidewalk"}, "geometry": {"type": "LineString", "coordinates": [[2.47606017848542, 48.9099954371188], [2.476059279268287, 48.910003981415635], [2.476053499951113, 48.910058896003775], [2.476054187465027, 48.91006602328777], [2.476058531007308, 48.910073898160725]]}}, {"type": "Feature", "properties": {"highway": "footway", "footway": "sidewalk"}, "geometry": {"type": "LineString", "coordinates": [[2.476058531007308, 48.910073898160725], [2.476068759512019, 48.91008744595413], [2.47609973065834, 48.910128467607706], [2.47610057522097, 48.91013023778707], [2.476098282117504, 48.91013131425386], [2.476056213345565, 48.91014511426995]]}}, {"type": "Feature", "properties": {"highway": "footway", "footway": "sidewalk"}, "geometry": {"type": "LineString", "coordinates": [[2.476056213345565, 48.91014511426995], [2.476005338614979, 48.91016180291514]]}}, {"type": "Feature", "properties": {"highway": "footway", "footway": "sidewalk"}, "geometry": {"type": "LineString", "coordinates": [[2.475984041053403, 48.91016878923109], [2.475939985507643, 48.91011871092959], [2.475922939714437, 48.910096133458715], [2.475921895275507, 48.910094483976074], [2.475917378789866, 48.910085764370024], [2.475916327101663, 48.910082277555354], [2.475915440132088, 48.910073082303946], [2.475915447948911, 48.910071294924], [2.475919518816143, 48.910032614923935]]}}, {"type": "Feature", "properties": {"highway": "footway", "footway": "sidewalk"}, "geometry": {"type": "LineString", "coordinates": [[2.476005338614979, 48.91016180291514], [2.475984041053403, 48.91016878923109]]}}, {"type": "Feature", "properties": {"highway": "footway", "footway": "sidewalk"}, "geometry": {"type": "LineString", "coordinates": [[2.475919518816143, 48.910032614923935], [2.475920046561955, 48.91002760045778]]}}, {"type": "Feature", "properties": {"highway": "footway", "footway": "sidewalk"}, "geometry": {"type": "LineString", "coordinates": [[2.475939313282562, 48.90984453375903], [2.475945519986623, 48.90978555920017], [2.475953850470765, 48.90970640479126]]}}, {"type": "Feature", "properties": {"highway": "footway", "footway": "sidewalk"}, "geometry": {"type": "LineString", "coordinates": [[2.475920046561955, 48.91002760045778], [2.475924476503021, 48.9099855085831], [2.475931677007247, 48.90991709155677]]}}, {"type": "Feature", "properties": {"highway": "footway", "footway": "sidewalk"}, "geometry": {"type": "LineString", "coordinates": [[2.475931677007247, 48.90991709155677], [2.475939313282562, 48.90984453375903]]}}, {"type": "Feature", "properties": {"highway": "footway", "footway": "sidewalk"}, "geometry": {"type": "LineString", "coordinates": [[2.475953850470765, 48.90970640479126], [2.47595552733713, 48.90969047154928]]}}, {"type": "Feature", "properties": {"highway": "footway", "footway": "sidewalk"}, "geometry": {"type": "LineString", "coordinates": [[2.475959808267405, 48.90964979497725], [2.475960709955253, 48.909641227305116], [2.47596148646093, 48.9096338490886], [2.475960319492669, 48.9096253266355], [2.475955161921984, 48.90961747385793], [2.475946532702669, 48.9096110808983], [2.475935300103083, 48.90960679101264], [2.47592638959788, 48.90960556012125]]}}, {"type": "Feature", "properties": {"highway": "footway", "footway": "sidewalk"}, "geometry": {"type": "LineString", "coordinates": [[2.47595552733713, 48.90969047154928], [2.475959808267405, 48.90964979497725]]}}, {"type": "Feature", "properties": {"highway": "footway", "footway": "sidewalk"}, "geometry": {"type": "LineString", "coordinates": [[2.47592638959788, 48.90960556012125], [2.475889627622868, 48.90960400715987]]}}, {"type": "Feature", "properties": {"highway": "footway", "footway": "sidewalk"}, "geometry": {"type": "LineString", "coordinates": [[2.475889627622868, 48.90960400715987], [2.475835200893147, 48.90960230881839], [2.475832164005627, 48.90960189388868], [2.475828013568496, 48.909600332754934], [2.47581622048866, 48.90959807144524]]}}, {"type": "Feature", "properties": {"highway": "footway", "footway": "sidewalk"}, "geometry": {"type": "LineString", "coordinates": [[2.475762901213708, 48.90959534740419], [2.47574586090317, 48.90959481202242], [2.475631819197417, 48.9095912289329], [2.475629062810258, 48.909590851710554], [2.475628755305841, 48.909589007161046], [2.475630841462708, 48.90956015813964], [2.475629463333975, 48.909551818216244], [2.475623430090669, 48.90954354934035], [2.475615749325542, 48.9095379259797], [2.475604739742618, 48.909533717197405], [2.475592301041838, 48.90953194132721], [2.475570022842226, 48.90953110083511]]}}, {"type": "Feature", "properties": {"highway": "footway", "footway": "sidewalk"}, "geometry": {"type": "LineString", "coordinates": [[2.47581622048866, 48.90959807144524], [2.475762901213708, 48.90959534740419]]}}, {"type": "Feature", "properties": {"highway": "footway", "footway": "sidewalk"}, "geometry": {"type": "LineString", "coordinates": [[2.475570022842226, 48.90953110083511], [2.475466351779171, 48.90952718956853]]}}, {"type": "Feature", "properties": {"highway": "footway", "footway": "sidewalk"}, "geometry": {"type": "LineString", "coordinates": [[2.475466351779171, 48.90952718956853], [2.475364016649967, 48.90952332861158], [2.475280219785514, 48.909520167008594], [2.475268051557089, 48.90952091258592], [2.475256759803215, 48.90952399317683], [2.475247351380801, 48.90952913409295], [2.475240665215571, 48.90953587693188], [2.475237297497219, 48.90954362045169], [2.475237548518394, 48.909551674181905], [2.475241395897835, 48.90955931999105], [2.475279418803356, 48.90960864366494], [2.475326950629149, 48.909670302245665]]}}, {"type": "Feature", "properties": {"highway": "footway", "footway": "sidewalk"}, "geometry": {"type": "LineString", "coordinates": [[2.475326950629149, 48.909670302245665], [2.475413452176257, 48.90978251215055], [2.475421965520804, 48.90978998339593], [2.475436046469166, 48.90979543393268]]}}, {"type": "Feature", "properties": {"highway": "footway", "footway": "sidewalk"}, "geometry": {"type": "LineString", "coordinates": [[2.475559272778125, 48.90980718959204], [2.475553812646155, 48.909871091989196], [2.475553216594917, 48.90987290557228], [2.475550415706183, 48.909873092337314], [2.47542778718066, 48.909868539681824]]}}, {"type": "Feature", "properties": {"highway": "footway", "footway": "sidewalk"}, "geometry": {"type": "LineString", "coordinates": [[2.475436046469166, 48.90979543393268], [2.475447636084221, 48.90979722530303], [2.475556552655588, 48.90980126888775], [2.475559304011603, 48.90980166178009], [2.475559272778125, 48.90980718959204]]}}, {"type": "Feature", "properties": {"highway": "footway", "footway": "sidewalk"}, "geometry": {"type": "LineString", "coordinates": [[2.475332445467772, 48.90983622863648], [2.475216420593604, 48.90968571988332]]}}, {"type": "Feature", "properties": {"highway": "footway", "footway": "sidewalk"}, "geometry": {"type": "LineString", "coordinates": [[2.475216420593604, 48.90968571988332], [2.475153336883843, 48.90960388656554], [2.475068850612238, 48.90949428898679], [2.4750133688493, 48.909422288638105], [2.474971424186631, 48.909367854233544], [2.474930149233051, 48.90931428882456], [2.474895038908606, 48.909268730719894]]}}, {"type": "Feature", "properties": {"highway": "footway", "footway": "sidewalk"}, "geometry": {"type": "LineString", "coordinates": [[2.47542778718066, 48.909868539681824], [2.475388410644544, 48.909867077777136], [2.47538489640983, 48.909866743546864], [2.475371706302233, 48.90986470478858], [2.47536523979648, 48.90986288052474], [2.475355393875014, 48.909858642722845], [2.47535025941404, 48.90985547379249], [2.475342123063509, 48.909848333389576], [2.475340245560341, 48.90984634696629], [2.475332445467772, 48.90983622863648]]}}, {"type": "Feature", "properties": {"highway": "footway", "footway": "sidewalk"}, "geometry": {"type": "LineString", "coordinates": [[2.4748670064542, 48.908567676430174], [2.474876759067559, 48.90847753218684], [2.474881481499571, 48.90843388222459]]}}, {"type": "Feature", "properties": {"highway": "footway", "footway": "sidewalk"}, "geometry": {"type": "LineString", "coordinates": [[2.474865217369071, 48.90858421306229], [2.4748670064542, 48.908567676430174]]}}, {"type": "Feature", "properties": {"highway": "footway", "footway": "sidewalk"}, "geometry": {"type": "LineString", "coordinates": [[2.474840822395441, 48.90880969631961], [2.474846436262006, 48.90875780741322], [2.474850223841194, 48.908722798799666]]}}, {"type": "Feature", "properties": {"highway": "footway", "footway": "sidewalk"}, "geometry": {"type": "LineString", "coordinates": [[2.474895038908606, 48.909268730719894], [2.474831295069283, 48.90918601838456], [2.474745232382966, 48.90907434520731], [2.474744217027455, 48.90907279381416], [2.474740906071692, 48.909066712271404], [2.474739797397121, 48.90906343007826], [2.474738881128771, 48.90905699706977], [2.47473880199588, 48.909055308268194], [2.474739471586619, 48.90904145866352], [2.474743362278325, 48.908960984665164], [2.474741846613743, 48.908952803073355], [2.474736653880162, 48.90894530504914], [2.474728268841534, 48.90893919056306], [2.474717474275449, 48.90893503042667], [2.474705277897603, 48.90893321300506], [2.474606906279878, 48.90892873459017], [2.474604162759158, 48.90892831870921], [2.474603915000329, 48.90892647025657], [2.474611284994498, 48.90885612974312], [2.474611915908161, 48.90885432129283], [2.47461472011062, 48.90885415797707], [2.474777057150038, 48.908861548402946], [2.474787733934888, 48.908861110666955], [2.474797873875327, 48.90885886402804], [2.474804938795067, 48.90885577011848], [2.474810721641369, 48.908854143566145], [2.47481520713983, 48.908853339703754], [2.474824555654416, 48.908848958308226], [2.47483501445248, 48.908840046659385], [2.474838531392314, 48.908830872005005], [2.474840822395441, 48.90880969631961]]}}, {"type": "Feature", "properties": {"highway": "footway", "footway": "sidewalk"}, "geometry": {"type": "LineString", "coordinates": [[2.474850223841194, 48.908722798799666], [2.474859073629523, 48.908640999969435], [2.474865217369071, 48.90858421306229]]}}, {"type": "Feature", "properties": {"highway": "footway", "footway": "sidewalk"}, "geometry": {"type": "LineString", "coordinates": [[2.474881481499571, 48.90843388222459], [2.47488892827237, 48.90836505072303]]}}, {"type": "Feature", "properties": {"highway": "footway", "footway": "sidewalk"}, "geometry": {"type": "LineString", "coordinates": [[2.474145563538127, 48.90818711486739], [2.473614884545423, 48.90816062955661], [2.473602486934104, 48.90816125956123], [2.473588725510034, 48.90816551676746]]}}, {"type": "Feature", "properties": {"highway": "footway", "footway": "sidewalk"}, "geometry": {"type": "LineString", "coordinates": [[2.474481595505567, 48.908203884389906], [2.474145563538127, 48.90818711486739]]}}, {"type": "Feature", "properties": {"highway": "footway", "footway": "sidewalk"}, "geometry": {"type": "LineString", "coordinates": [[2.474899138194427, 48.90827067875947], [2.474900181503779, 48.908261035261965], [2.47490194570799, 48.90825602962659], [2.474902730286694, 48.90824679118097], [2.474898732786233, 48.908237921415704], [2.474890423508176, 48.908230463843864], [2.474878780026391, 48.908225295835884], [2.474865172176708, 48.9082230253988], [2.474771346920388, 48.90821834350734]]}}, {"type": "Feature", "properties": {"highway": "footway", "footway": "sidewalk"}, "geometry": {"type": "LineString", "coordinates": [[2.474598167207823, 48.90820970161633], [2.474481595505567, 48.908203884389906]]}}, {"type": "Feature", "properties": {"highway": "footway", "footway": "sidewalk"}, "geometry": {"type": "LineString", "coordinates": [[2.47488892827237, 48.90836505072303], [2.474899138194427, 48.90827067875947]]}}, {"type": "Feature", "properties": {"highway": "footway", "footway": "sidewalk"}, "geometry": {"type": "LineString", "coordinates": [[2.474771346920388, 48.90821834350734], [2.474598167207823, 48.90820970161633]]}}, {"type": "Feature", "properties": {"highway": "footway", "footway": "sidewalk"}, "geometry": {"type": "LineString", "coordinates": [[2.473588725510034, 48.90816551676746], [2.473581334761544, 48.90816951299642], [2.473574532935137, 48.90817637448334], [2.473571171062047, 48.908184265742904], [2.473571559506813, 48.908192458266356], [2.473575662410574, 48.90820019573231], [2.473623636000707, 48.908259658424356], [2.473640838927206, 48.90828098120692]]}}, {"type": "Feature", "properties": {"highway": "footway", "footway": "sidewalk"}, "geometry": {"type": "LineString", "coordinates": [[2.478900215653184, 48.90845676828347], [2.478899363893727, 48.908464473734576], [2.478897372202904, 48.90848249157776], [2.478887695835881, 48.90857002870542]]}}, {"type": "Feature", "properties": {"highway": "footway", "footway": "sidewalk"}, "geometry": {"type": "LineString", "coordinates": [[2.478887695835881, 48.90857002870542], [2.478881396542248, 48.90862701501735]]}}, {"type": "Feature", "properties": {"highway": "footway", "footway": "sidewalk"}, "geometry": {"type": "LineString", "coordinates": [[2.478881396542248, 48.90862701501735], [2.478874496622006, 48.90868943472449], [2.478866757328949, 48.90875944758023]]}}, {"type": "Feature", "properties": {"highway": "footway", "footway": "sidewalk"}, "geometry": {"type": "LineString", "coordinates": [[2.478851393660807, 48.90889843311236], [2.478843971149545, 48.90896557966843]]}}, {"type": "Feature", "properties": {"highway": "footway", "footway": "sidewalk"}, "geometry": {"type": "LineString", "coordinates": [[2.478866757328949, 48.90875944758023], [2.478854231311875, 48.90887276270982], [2.478851393660807, 48.90889843311236]]}}, {"type": "Feature", "properties": {"highway": "footway", "footway": "sidewalk"}, "geometry": {"type": "LineString", "coordinates": [[2.478843971149545, 48.90896557966843], [2.478840086958016, 48.90900071731108], [2.478838412410722, 48.909015865787794], [2.478839511941502, 48.909024331544515], [2.478844551606036, 48.90903215194627], [2.478853031446991, 48.90903855117155], [2.478859163914017, 48.909040955283714]]}}, {"type": "Feature", "properties": {"highway": "footway", "footway": "sidewalk"}, "geometry": {"type": "LineString", "coordinates": [[2.479353610697037, 48.90906430078194], [2.479759869895279, 48.90908095265995], [2.479805864156097, 48.909082837796106], [2.479836195987061, 48.90908408097655]]}}, {"type": "Feature", "properties": {"highway": "footway", "footway": "sidewalk"}, "geometry": {"type": "LineString", "coordinates": [[2.479836195987061, 48.90908408097655], [2.479859172112143, 48.90908502267067], [2.479870360975606, 48.90908446532871], [2.479880899646296, 48.90908192585947], [2.479889995888167, 48.90907759516556], [2.47989685186807, 48.909071893633225], [2.479899793961248, 48.90907170765531], [2.479977164311856, 48.90907484678649], [2.479980191943688, 48.90907529003737], [2.479981804093305, 48.90907591655726], [2.479992842091864, 48.909078878399114], [2.480011281328864, 48.90907874943898]]}}, {"type": "Feature", "properties": {"highway": "footway", "footway": "sidewalk"}, "geometry": {"type": "LineString", "coordinates": [[2.479111336968138, 48.909054369704734], [2.479353610697037, 48.90906430078194]]}}, {"type": "Feature", "properties": {"highway": "footway", "footway": "sidewalk"}, "geometry": {"type": "LineString", "coordinates": [[2.478859163914017, 48.909040955283714], [2.478876688868898, 48.909044750721854], [2.479111336968138, 48.909054369704734]]}}, {"type": "Feature", "properties": {"highway": "footway", "footway": "sidewalk"}, "geometry": {"type": "LineString", "coordinates": [[2.480054112284724, 48.90893286896341], [2.480065007728352, 48.908808922473334]]}}, {"type": "Feature", "properties": {"highway": "footway", "footway": "sidewalk"}, "geometry": {"type": "LineString", "coordinates": [[2.480011281328864, 48.90907874943898], [2.480026905952499, 48.90907437595697], [2.480035358290199, 48.90906883795056], [2.480041031772582, 48.909061929595026], [2.480043445290561, 48.90905423671771], [2.480044980637751, 48.90903675004008], [2.480054112284724, 48.90893286896341]]}}, {"type": "Feature", "properties": {"highway": "footway", "footway": "sidewalk"}, "geometry": {"type": "LineString", "coordinates": [[2.480077257605292, 48.90858404513195], [2.480077646178303, 48.908573457223454], [2.480081682465071, 48.90853184848752]]}}, {"type": "Feature", "properties": {"highway": "footway", "footway": "sidewalk"}, "geometry": {"type": "LineString", "coordinates": [[2.480081682465071, 48.90853184848752], [2.480084913335592, 48.90849864899002], [2.480084049863808, 48.90849260495163]]}}, {"type": "Feature", "properties": {"highway": "footway", "footway": "sidewalk"}, "geometry": {"type": "LineString", "coordinates": [[2.480084049863808, 48.90849260495163], [2.480078576430715, 48.908482415444006], [2.480065537331315, 48.90847433462721], [2.480058917694877, 48.90847178288036], [2.480046334447318, 48.90846998675936], [2.479849628166544, 48.90846280983519]]}}, {"type": "Feature", "properties": {"highway": "footway", "footway": "sidewalk"}, "geometry": {"type": "LineString", "coordinates": [[2.480076990327796, 48.90862809152884], [2.480077257605292, 48.90858404513195]]}}, {"type": "Feature", "properties": {"highway": "footway", "footway": "sidewalk"}, "geometry": {"type": "LineString", "coordinates": [[2.480075438283849, 48.90869026396953], [2.480076636377232, 48.90867663436509], [2.4800767045795, 48.90867518176309], [2.480076990327796, 48.90862809152884]]}}, {"type": "Feature", "properties": {"highway": "footway", "footway": "sidewalk"}, "geometry": {"type": "LineString", "coordinates": [[2.480065007728352, 48.908808922473334], [2.480071406991482, 48.90873612421349], [2.480075438283849, 48.90869026396953]]}}, {"type": "Feature", "properties": {"highway": "footway", "footway": "sidewalk"}, "geometry": {"type": "LineString", "coordinates": [[2.479849628166544, 48.90846280983519], [2.479670786466905, 48.90845628441598]]}}, {"type": "Feature", "properties": {"highway": "footway", "footway": "sidewalk"}, "geometry": {"type": "LineString", "coordinates": [[2.479670786466905, 48.90845628441598], [2.479293361069736, 48.90844251233304]]}}, {"type": "Feature", "properties": {"highway": "footway", "footway": "sidewalk"}, "geometry": {"type": "LineString", "coordinates": [[2.479293361069736, 48.90844251233304], [2.478943496363509, 48.90842974481735], [2.478932517726001, 48.90843047798212], [2.478919157522034, 48.90843396533641], [2.478909631517921, 48.90843954033895], [2.478903167522017, 48.908446776027674], [2.478900215653184, 48.90845676828347]]}}]}