{
  "type": "FeatureCollection",
  "generator": "overpass-turbo",
  "copyright": "The data included in this document is from www.openstreetmap.org. The data is made available under ODbL.",
  "timestamp": "2026-08-31T12:24:02Z",
  "features": [
    {
      "type": "Feature",
      "properties": {
        "@id": "way/59307254",
        "crossing": "uncontrolled",
        "crossing:markings": "yes",
        "footway": "crossing",
        "highway": "footway"
      },
      "geometry": {
        "type": "LineString",
        "coordinates": [
          [
            2.479036,
            48.8945025
          ],
          [
            2.4790322,
            48.8944875
          ],
          [
            2.4790248,
            48.8944607
          ]
        ]
      },
      "id": "way/59307254"
    },
    {
      "type": "Feature",
      "properties": {
        "@id": "way/468419887",
        "bicycle": "yes",
        "crossing": "marked",
        "crossing:island": "no",
        "crossing:markings": "zebra",
        "footway": "crossing",
        "highway": "footway",
        "surface": "asphalt"
      },
      "geometry": {
        "type": "LineString",
        "coordinates": [
          [
            2.4846223,
            48.8929954
          ],
          [
            2.4846111,
            48.8929629
          ]
        ]
      },
      "id": "way/468419887"
    },
    {
      "type": "Feature",
      "properties": {
        "@id": "way/679242524",
        "crossing": "marked",
        "footway": "crossing",
        "highway": "footway"
      },
      "geometry": {
        "type": "LineString",
        "coordinates": [
          [
            2.4834819,
            48.9020839
          ],
          [
            2.4834665,
            48.9020341
          ]
        ]
      },
      "id": "way/679242524"
    },
    {
      "type": "Feature",
      "properties": {
        "@id": "way/679242527",
        "crossing": "marked",
        "footway": "crossing",
        "highway": "footway"
      },
      "geometry": {
        "type": "LineString",
        "coordinates": [
          [
            2.4853073,
            48.9018775
          ],
          [
            2.4852983,
            48.9018284
          ]
        ]
      },
      "id": "way/679242527"
    },
    {
      "type": "Feature",
      "properties": {
        "@id": "way/688858039",
        "crossing": "marked",
        "footway": "crossing",
        "highway": "footway"
      },
      "geometry": {
        "type": "LineString",
        "coordinates": [
          [
            2.4862439,
            48.9067553
          ],
          [
            2.486259,
            48.9067131
          ],
          [
            2.4862295,
            48.9066981
          ],
          [
            2.4862512,
            48.9066471
          ]
        ]
      },
      "id": "way/688858039"
    },
    {
      "type": "Feature",
      "properties": {
        "@id": "way/688858040",
        "crossing": "marked",
        "footway": "crossing",
        "highway": "footway"
      },
      "geometry": {
        "type": "LineString",
        "coordinates": [
          [
            2.4883838,
            48.9070925
          ],
          [
            2.4884048,
            48.9070392
          ],
          [
            2.4882586,
            48.9070172
          ],
          [
            2.4882692,
            48.9069901
          ]
        ]
      },
      "id": "way/688858040"
    },
    {
      "type": "Feature",
      "properties": {
        "@id": "way/688858041",
        "crossing": "marked",
        "footway": "crossing",
        "highway": "footway"
      },
      "geometry": {
        "type": "LineString",
        "coordinates": [
          [
            2.4882692,
            48.9069901
          ],
          [
            2.4882852,
            48.9069457
          ]
        ]
      },
      "id": "way/688858041"
    },
    {
      "type": "Feature",
      "properties": {
        "@id": "way/688860255",
        "crossing": "marked",
        "footway": "crossing",
        "highway": "footway",
        "lit": "no",
        "surface": "asphalt"
      },
      "geometry": {
        "type": "LineString",
        "coordinates": [
          [
            2.4919459,
            48.9075042
          ],
          [
            2.4919297,
            48.9075465
          ],
          [
            2.4919874,
            48.9075551
          ],
          [
            2.4919741,
            48.9075906
          ]
        ]
      },
      "id": "way/688860255"
    },
    {
      "type": "Feature",
      "properties": {
        "@id": "way/694260277",
        "crossing": "marked",
        "footway": "crossing",
        "highway": "footway"
      },
      "geometry": {
        "type": "LineString",
        "coordinates": [
          [
            2.4799169,
            48.9030632
          ],
          [
            2.4799818,
            48.9030474
          ]
        ]
      },
      "id": "way/694260277"
    },
    {
      "type": "Feature",
      "properties": {
        "@id": "way/694260278",
        "crossing": "marked",
        "footway": "crossing",
        "highway": "footway"
      },
      "geometry": {
        "type": "LineString",
        "coordinates": [
          [
            2.47995,
            48.9029344
          ],
          [
            2.4799782,
            48.9029831
          ]
        ]
      },
      "id": "way/694260278"
    },
    {
      "type": "Feature",
      "properties": {
        "@id": "way/694260279",
        "crossing": "marked",
        "footway": "crossing",
        "highway": "footway"
      },
      "geometry": {
        "type": "LineString",
        "coordinates": [
          [
            2.4804942,
            48.9030806
          ],
          [
            2.4805083,
            48.9030982
          ]
        ]
      },
      "id": "way/694260279"
    },
    {
      "type": "Feature",
      "properties": {
        "@id": "way/694260280",
        "crossing": "marked",
        "footway": "crossing",
        "highway": "footway"
      },
      "geometry": {
        "type": "LineString",
        "coordinates": [
          [
            2.4805083,
            48.9030982
          ],
          [
            2.4805366,
            48.9031582
          ]
        ]
      },
      "id": "way/694260280"
    },
    {
      "type": "Feature",
      "properties": {
        "@id": "way/694260433",
        "crossing": "marked",
        "footway": "crossing",
        "highway": "footway"
      },
      "geometry": {
        "type": "LineString",
        "coordinates": [
          [
            2.4802474,
            48.9034377
          ],
          [
            2.4803135,
            48.9034281
          ]
        ]
      },
      "id": "way/694260433"
    },
    {
      "type": "Feature",
      "properties": {
        "@id": "way/694260523",
        "crossing": "marked",
        "footway": "crossing",
        "highway": "footway"
      },
      "geometry": {
        "type": "LineString",
        "coordinates": [
          [
            2.4823647,
            48.9023273
          ],
          [
            2.4824148,
            48.9023761
          ]
        ]
      },
      "id": "way/694260523"
    },
    {
      "type": "Feature",
      "properties": {
        "@id": "way/694260592",
        "crossing": "marked",
        "footway": "crossing",
        "highway": "footway"
      },
      "geometry": {
        "type": "LineString",
        "coordinates": [
          [
            2.4873019,
            48.9016887
          ],
          [
            2.4872868,
            48.9016447
          ]
        ]
      },
      "id": "way/694260592"
    },
    {
      "type": "Feature",
      "properties": {
        "@id": "way/724225859",
        "crossing": "marked",
        "crossing:markings": "yes",
        "footway": "crossing",
        "highway": "footway",
        "surface": "asphalt"
      },
      "geometry": {
        "type": "LineString",
        "coordinates": [
          [
            2.4714059,
            48.8892498
          ],
          [
            2.4714146,
            48.8891216
          ],
          [
            2.4714231,
            48.8890307
          ]
        ]
      },
      "id": "way/724225859"
    },
    {
      "type": "Feature",
      "properties": {
        "@id": "way/724322349",
        "crossing": "marked",
        "footway": "crossing",
        "highway": "footway"
      },
      "geometry": {
        "type": "LineString",
        "coordinates": [
          [
            2.4917104,
            48.900348
          ],
          [
            2.4917499,
            48.9003942
          ]
        ]
      },
      "id": "way/724322349"
    },
    {
      "type": "Feature",
      "properties": {
        "@id": "way/731253578",
        "crossing": "marked",
        "footway": "crossing",
        "highway": "footway"
      },
      "geometry": {
        "type": "LineString",
        "coordinates": [
          [
            2.4732358,
            48.9030038
          ],
          [
            2.4732748,
            48.9030085
          ]
        ]
      },
      "id": "way/731253578"
    },
    {
      "type": "Feature",
      "properties": {
        "@id": "way/731253579",
        "bicycle": "yes",
        "crossing": "marked",
        "footway": "crossing",
        "highway": "footway"
      },
      "geometry": {
        "type": "LineString",
        "coordinates": [
          [
            2.4732812,
            48.9041777
          ],
          [
            2.473386,
            48.9041962
          ],
          [
            2.4732976,
            48.904213
          ],
          [
            2.4733156,
            48.9042569
          ],
          [
            2.4733266,
            48.9042879
          ]
        ]
      },
      "id": "way/731253579"
    },
    {
      "type": "Feature",
      "properties": {
        "@id": "way/902043087",
        "crossing": "marked",
        "footway": "crossing",
        "highway": "footway",
        "lit": "no",
        "surface": "asphalt"
      },
      "geometry": {
        "type": "LineString",
        "coordinates": [
          [
            2.489196,
            48.9072157
          ],
          [
            2.4892003,
            48.9071594
          ],
          [
            2.4892125,
            48.9070922
          ]
        ]
      },
      "id": "way/902043087"
    },
    {
      "type": "Feature",
      "properties": {
        "@id": "way/902047428",
        "crossing": "marked",
        "footway": "crossing",
        "highway": "footway"
      },
      "geometry": {
        "type": "LineString",
        "coordinates": [
          [
            2.4854416,
            48.9046789
          ],
          [
            2.4855024,
            48.9046382
          ]
        ]
      },
      "id": "way/902047428"
    },
    {
      "type": "Feature",
      "properties": {
        "@id": "way/902047439",
        "crossing": "marked",
        "footway": "crossing",
        "highway": "footway"
      },
      "geometry": {
        "type": "LineString",
        "coordinates": [
          [
            2.4860103,
            48.9018137
          ],
          [
            2.4860026,
            48.9017598
          ]
        ]
      },
      "id": "way/902047439"
    },
    {
      "type": "Feature",
      "properties": {
        "@id": "way/902047440",
        "crossing": "marked",
        "footway": "crossing",
        "highway": "footway"
      },
      "geometry": {
        "type": "LineString",
        "coordinates": [
          [
            2.4865905,
            48.9017722
          ],
          [
            2.4865821,
            48.9017246
          ]
        ]
      },
      "id": "way/902047440"
    },
    {
      "type": "Feature",
      "properties": {
        "@id": "way/903305882",
        "crossing": "marked",
        "footway": "crossing",
        "highway": "footway"
      },
      "geometry": {
        "type": "LineString",
        "coordinates": [
          [
            2.4787377,
            48.8937899
          ],
          [
            2.4787292,
            48.8937453
          ],
          [
            2.4787448,
            48.8936908
          ]
        ]
      },
      "id": "way/903305882"
    },
    {
      "type": "Feature",
      "properties": {
        "@id": "way/903307809",
        "crossing": "marked",
        "footway": "crossing",
        "highway": "footway"
      },
      "geometry": {
        "type": "LineString",
        "coordinates": [
          [
            2.4821163,
            48.9011928
          ],
          [
            2.4821776,
            48.9011805
          ]
        ]
      },
      "id": "way/903307809"
    },
    {
      "type": "Feature",
      "properties": {
        "@id": "way/903307881",
        "crossing": "marked",
        "crossing:markings": "yes",
        "footway": "crossing",
        "highway": "footway",
        "lit": "no",
        "surface": "asphalt"
      },
      "geometry": {
        "type": "LineString",
        "coordinates": [
          [
            2.4771978,
            48.9036761
          ],
          [
            2.4771783,
            48.9036091
          ],
          [
            2.4771572,
            48.9035512
          ]
        ]
      },
      "id": "way/903307881"
    },
    {
      "type": "Feature",
      "properties": {
        "@id": "way/903307882",
        "crossing": "marked",
        "crossing:island": "no",
        "crossing:markings": "yes",
        "footway": "crossing",
        "highway": "footway",
        "surface": "asphalt"
      },
      "geometry": {
        "type": "LineString",
        "coordinates": [
          [
            2.4764151,
            48.9037607
          ],
          [
            2.4764065,
            48.9037237
          ],
          [
            2.4763922,
            48.903663
          ]
        ]
      },
      "id": "way/903307882"
    },
    {
      "type": "Feature",
      "properties": {
        "@id": "way/934168826",
        "bicycle": "yes",
        "crossing": "uncontrolled",
        "crossing:markings": "zebra",
        "footway": "crossing",
        "highway": "footway",
        "source": "BDOrtho IGN"
      },
      "geometry": {
        "type": "LineString",
        "coordinates": [
          [
            2.4920464,
            48.9159325
          ],
          [
            2.4920613,
            48.915994
          ],
          [
            2.4920765,
            48.9160544
          ],
          [
            2.4920441,
            48.916078
          ],
          [
            2.4920074,
            48.9161015
          ]
        ]
      },
      "id": "way/934168826"
    },
    {
      "type": "Feature",
      "properties": {
        "@id": "way/935148327",
        "crossing": "marked",
        "footway": "crossing",
        "highway": "footway"
      },
      "geometry": {
        "type": "LineString",
        "coordinates": [
          [
            2.4887769,
            48.906784
          ],
          [
            2.4886946,
            48.9067451
          ]
        ]
      },
      "id": "way/935148327"
    },
    {
      "type": "Feature",
      "properties": {
        "@id": "way/935148328",
        "crossing": "marked",
        "crossing:island": "yes",
        "crossing:markings": "yes",
        "footway": "crossing",
        "highway": "footway"
      },
      "geometry": {
        "type": "LineString",
        "coordinates": [
          [
            2.4887545,
            48.9069375
          ],
          [
            2.4885858,
            48.9069241
          ],
          [
            2.4885142,
            48.9069144
          ],
          [
            2.4884749,
            48.9068901
          ]
        ]
      },
      "id": "way/935148328"
    },
    {
      "type": "Feature",
      "properties": {
        "@id": "way/935148336",
        "bicycle": "yes",
        "crossing": "marked",
        "cycleway": "crossing",
        "footway": "crossing",
        "highway": "footway"
      },
      "geometry": {
        "type": "LineString",
        "coordinates": [
          [
            2.4884245,
            48.906755
          ],
          [
            2.4884949,
            48.9067174
          ]
        ]
      },
      "id": "way/935148336"
    },
    {
      "type": "Feature",
      "properties": {
        "@id": "way/1041828494",
        "crossing": "marked",
        "footway": "crossing",
        "highway": "footway"
      },
      "geometry": {
        "type": "LineString",
        "coordinates": [
          [
            2.4817682,
            48.9026676
          ],
          [
            2.4817296,
            48.9025787
          ]
        ]
      },
      "id": "way/1041828494"
    },
    {
      "type": "Feature",
      "properties": {
        "@id": "way/1047699875",
        "crossing": "marked",
        "footway": "crossing",
        "highway": "footway"
      },
      "geometry": {
        "type": "LineString",
        "coordinates": [
          [
            2.4788883,
            48.9049493
          ],
          [
            2.4788854,
            48.9049128
          ]
        ]
      },
      "id": "way/1047699875"
    },
    {
      "type": "Feature",
      "properties": {
        "@id": "way/1047699876",
        "crossing": "marked",
        "footway": "crossing",
        "highway": "footway"
      },
      "geometry": {
        "type": "LineString",
        "coordinates": [
          [
            2.4785487,
            48.9054224
          ],
          [
            2.4784936,
            48.9054135
          ]
        ]
      },
      "id": "way/1047699876"
    },
    {
      "type": "Feature",
      "properties": {
        "@id": "way/1049253962",
        "crossing": "marked",
        "footway": "crossing",
        "highway": "footway"
      },
      "geometry": {
        "type": "LineString",
        "coordinates": [
          [
            2.4955436,
            48.8895161
          ],
          [
            2.4956064,
            48.8895768
          ]
        ]
      },
      "id": "way/1049253962"
    },
    {
      "type": "Feature",
      "properties": {
        "@id": "way/1049253963",
        "crossing": "marked",
        "footway": "crossing",
        "highway": "footway"
      },
      "geometry": {
        "type": "LineString",
        "coordinates": [
          [
            2.4954224,
            48.8893466
          ],
          [
            2.4954706,
            48.8893941
          ]
        ]
      },
      "id": "way/1049253963"
    },
    {
      "type": "Feature",
      "properties": {
        "@id": "way/1049256542",
        "crossing": "marked",
        "footway": "crossing",
        "highway": "footway"
      },
      "geometry": {
        "type": "LineString",
        "coordinates": [
          [
            2.4788169,
            48.9154973
          ],
          [
            2.478867,
            48.9154906
          ]
        ]
      },
      "id": "way/1049256542"
    },
    {
      "type": "Feature",
      "properties": {
        "@id": "way/1049256543",
        "crossing": "marked",
        "footway": "crossing",
        "highway": "footway"
      },
      "geometry": {
        "type": "LineString",
        "coordinates": [
          [
            2.4789858,
            48.9151091
          ],
          [
            2.4790497,
            48.9151033
          ]
        ]
      },
      "id": "way/1049256543"
    },
    {
      "type": "Feature",
      "properties": {
        "@id": "way/1086882499",
        "crossing": "marked",
        "crossing:markings": "zebra",
        "footway": "crossing",
        "highway": "footway",
        "surface": "asphalt"
      },
      "geometry": {
        "type": "LineString",
        "coordinates": [
          [
            2.485963,
            48.8927741
          ],
          [
            2.4859446,
            48.8927346
          ],
          [
            2.4859308,
            48.8927068
          ]
        ]
      },
      "id": "way/1086882499"
    },
    {
      "type": "Feature",
      "properties": {
        "@id": "way/1265174443",
        "crossing": "uncontrolled",
        "crossing:markings": "yes",
        "footway": "crossing",
        "highway": "footway"
      },
      "geometry": {
        "type": "LineString",
        "coordinates": [
          [
            2.4791365,
            48.8947977
          ],
          [
            2.4791451,
            48.894823
          ],
          [
            2.4791491,
            48.8948346
          ],
          [
            2.4791583,
            48.8948616
          ],
          [
            2.4791604,
            48.8948676
          ]
        ]
      },
      "id": "way/1265174443"
    },
    {
      "type": "Feature",
      "properties": {
        "@id": "way/1265174445",
        "crossing": "uncontrolled",
        "crossing:markings": "yes",
        "footway": "crossing",
        "highway": "footway"
      },
      "geometry": {
        "type": "LineString",
        "coordinates": [
          [
            2.4802769,
            48.8948063
          ],
          [
            2.4803081,
            48.8947981
          ],
          [
            2.4803445,
            48.8947888
          ]
        ]
      },
      "id": "way/1265174445"
    },
    {
      "type": "Feature",
      "properties": {
        "@id": "way/1265174449",
        "crossing": "uncontrolled",
        "crossing:markings": "yes",
        "footway": "crossing",
        "highway": "footway"
      },
      "geometry": {
        "type": "LineString",
        "coordinates": [
          [
            2.4790402,
            48.8949646
          ],
          [
            2.4790598,
            48.8949586
          ],
          [
            2.4791043,
            48.8949451
          ],
          [
            2.4791242,
            48.894939
          ]
        ]
      },
      "id": "way/1265174449"
    },
    {
      "type": "Feature",
      "properties": {
        "@id": "way/1265174453",
        "crossing": "uncontrolled",
        "crossing:markings": "yes",
        "footway": "crossing",
        "highway": "footway"
      },
      "geometry": {
        "type": "LineString",
        "coordinates": [
          [
            2.4779464,
            48.8952595
          ],
          [
            2.4779576,
            48.8952684
          ],
          [
            2.4779801,
            48.8952864
          ]
        ]
      },
      "id": "way/1265174453"
    },
    {
      "type": "Feature",
      "properties": {
        "@id": "way/1265174454",
        "crossing": "uncontrolled",
        "crossing:markings": "yes",
        "footway": "crossing",
        "highway": "footway"
      },
      "geometry": {
        "type": "LineString",
        "coordinates": [
          [
            2.4780445,
            48.8951438
          ],
          [
            2.4780347,
            48.895113
          ],
          [
            2.4780232,
            48.8950768
          ]
        ]
      },
      "id": "way/1265174454"
    },
    {
      "type": "Feature",
      "properties": {
        "@id": "way/1265174459",
        "crossing": "uncontrolled",
        "crossing:markings": "yes",
        "footway": "crossing",
        "highway": "footway"
      },
      "geometry": {
        "type": "LineString",
        "coordinates": [
          [
            2.4887061,
            48.8949443
          ],
          [
            2.4887236,
            48.8949656
          ],
          [
            2.4887446,
            48.8949912
          ]
        ]
      },
      "id": "way/1265174459"
    },
    {
      "type": "Feature",
      "properties": {
        "@id": "way/1265174461",
        "crossing": "uncontrolled",
        "crossing:markings": "yes",
        "footway": "crossing",
        "highway": "footway"
      },
      "geometry": {
        "type": "LineString",
        "coordinates": [
          [
            2.4887849,
            48.8948394
          ],
          [
            2.4888346,
            48.8948315
          ],
          [
            2.4888643,
            48.8948268
          ]
        ]
      },
      "id": "way/1265174461"
    },
    {
      "type": "Feature",
      "properties": {
        "@id": "way/1265174464",
        "crossing": "uncontrolled",
        "crossing:markings": "yes",
        "footway": "crossing",
        "highway": "footway"
      },
      "geometry": {
        "type": "LineString",
        "coordinates": [
          [
            2.4883386,
            48.8946871
          ],
          [
            2.4883561,
            48.8946596
          ],
          [
            2.4883688,
            48.8946397
          ]
        ]
      },
      "id": "way/1265174464"
    },
    {
      "type": "Feature",
      "properties": {
        "@id": "way/1265174467",
        "crossing": "uncontrolled",
        "crossing:markings": "yes",
        "footway": "crossing",
        "highway": "footway"
      },
      "geometry": {
        "type": "LineString",
        "coordinates": [
          [
            2.4876774,
            48.8945815
          ],
          [
            2.4876874,
            48.894603
          ],
          [
            2.4876996,
            48.8946293
          ]
        ]
      },
      "id": "way/1265174467"
    },
    {
      "type": "Feature",
      "properties": {
        "@id": "way/1265174473",
        "crossing": "uncontrolled",
        "crossing:markings": "yes",
        "footway": "crossing",
        "highway": "footway"
      },
      "geometry": {
        "type": "LineString",
        "coordinates": [
          [
            2.4889183,
            48.8950924
          ],
          [
            2.488958,
            48.8950841
          ],
          [
            2.488984,
            48.895079
          ]
        ]
      },
      "id": "way/1265174473"
    },
    {
      "type": "Feature",
      "properties": {
        "@id": "way/1265174477",
        "crossing": "uncontrolled",
        "crossing:markings": "yes",
        "footway": "crossing",
        "highway": "footway"
      },
      "geometry": {
        "type": "LineString",
        "coordinates": [
          [
            2.4874099,
            48.8952553
          ],
          [
            2.4874523,
            48.8952491
          ],
          [
            2.4874998,
            48.8952421
          ]
        ]
      },
      "id": "way/1265174477"
    },
    {
      "type": "Feature",
      "properties": {
        "@id": "way/1265174480",
        "crossing": "uncontrolled",
        "crossing:markings": "yes",
        "footway": "crossing",
        "highway": "footway"
      },
      "geometry": {
        "type": "LineString",
        "coordinates": [
          [
            2.4862606,
            48.8953365
          ],
          [
            2.4862687,
            48.8953539
          ],
          [
            2.4862844,
            48.8953876
          ]
        ]
      },
      "id": "way/1265174480"
    },
    {
      "type": "Feature",
      "properties": {
        "@id": "way/1265174482",
        "crossing": "uncontrolled",
        "crossing:markings": "yes",
        "footway": "crossing",
        "highway": "footway"
      },
      "geometry": {
        "type": "LineString",
        "coordinates": [
          [
            2.48636,
            48.8952966
          ],
          [
            2.4864067,
            48.8952897
          ],
          [
            2.4864378,
            48.8952852
          ]
        ]
      },
      "id": "way/1265174482"
    },
    {
      "type": "Feature",
      "properties": {
        "@id": "way/1265174486",
        "crossing": "uncontrolled",
        "crossing:markings": "yes",
        "footway": "crossing",
        "highway": "footway"
      },
      "geometry": {
        "type": "LineString",
        "coordinates": [
          [
            2.4822101,
            48.8958743
          ],
          [
            2.4821642,
            48.8958806
          ],
          [
            2.4821048,
            48.8958888
          ]
        ]
      },
      "id": "way/1265174486"
    },
    {
      "type": "Feature",
      "properties": {
        "@id": "way/1265174488",
        "crossing": "uncontrolled",
        "crossing:markings": "yes",
        "footway": "crossing",
        "highway": "footway"
      },
      "geometry": {
        "type": "LineString",
        "coordinates": [
          [
            2.4829661,
            48.8957691
          ],
          [
            2.482921,
            48.8957759
          ],
          [
            2.4828723,
            48.895783
          ]
        ]
      },
      "id": "way/1265174488"
    },
    {
      "type": "Feature",
      "properties": {
        "@id": "way/1265174490",
        "crossing": "uncontrolled",
        "crossing:markings": "yes",
        "footway": "crossing",
        "highway": "footway"
      },
      "geometry": {
        "type": "LineString",
        "coordinates": [
          [
            2.4836907,
            48.8956726
          ],
          [
            2.4836442,
            48.8956783
          ],
          [
            2.4835958,
            48.8956843
          ]
        ]
      },
      "id": "way/1265174490"
    },
    {
      "type": "Feature",
      "properties": {
        "@id": "way/1265174492",
        "crossing": "uncontrolled",
        "crossing:markings": "yes",
        "footway": "crossing",
        "highway": "footway",
        "surface": "paving_stones"
      },
      "geometry": {
        "type": "LineString",
        "coordinates": [
          [
            2.4844353,
            48.8955692
          ],
          [
            2.4843772,
            48.8955776
          ],
          [
            2.4843126,
            48.8955858
          ]
        ]
      },
      "id": "way/1265174492"
    },
    {
      "type": "Feature",
      "properties": {
        "@id": "way/1265174494",
        "crossing": "uncontrolled",
        "crossing:markings": "yes",
        "footway": "crossing",
        "highway": "footway"
      },
      "geometry": {
        "type": "LineString",
        "coordinates": [
          [
            2.4853915,
            48.8935922
          ],
          [
            2.4853985,
            48.8936072
          ],
          [
            2.485406,
            48.8936275
          ]
        ]
      },
      "id": "way/1265174494"
    },
    {
      "type": "Feature",
      "properties": {
        "@id": "way/1265174497",
        "crossing": "uncontrolled",
        "crossing:markings": "yes",
        "footway": "crossing",
        "highway": "footway"
      },
      "geometry": {
        "type": "LineString",
        "coordinates": [
          [
            2.4843334,
            48.8938603
          ],
          [
            2.4843871,
            48.8938473
          ],
          [
            2.4844313,
            48.893836
          ]
        ]
      },
      "id": "way/1265174497"
    },
    {
      "type": "Feature",
      "properties": {
        "@id": "way/1265174499",
        "crossing": "uncontrolled",
        "crossing:markings": "yes",
        "footway": "crossing",
        "highway": "footway"
      },
      "geometry": {
        "type": "LineString",
        "coordinates": [
          [
            2.4836152,
            48.8940353
          ],
          [
            2.4836561,
            48.8940242
          ],
          [
            2.4837266,
            48.8940051
          ]
        ]
      },
      "id": "way/1265174499"
    },
    {
      "type": "Feature",
      "properties": {
        "@id": "way/1265174503",
        "crossing": "uncontrolled",
        "crossing:markings": "yes",
        "footway": "crossing",
        "highway": "footway",
        "surface": "asphalt"
      },
      "geometry": {
        "type": "LineString",
        "coordinates": [
          [
            2.4810836,
            48.8945555
          ],
          [
            2.4810868,
            48.8945722
          ],
          [
            2.4810906,
            48.8945916
          ]
        ]
      },
      "id": "way/1265174503"
    },
    {
      "type": "Feature",
      "properties": {
        "@id": "way/1265174505",
        "crossing": "uncontrolled",
        "crossing:markings": "yes",
        "footway": "crossing",
        "highway": "footway"
      },
      "geometry": {
        "type": "LineString",
        "coordinates": [
          [
            2.4818861,
            48.8944383
          ],
          [
            2.4818937,
            48.8944488
          ],
          [
            2.4819073,
            48.8944678
          ]
        ]
      },
      "id": "way/1265174505"
    },
    {
      "type": "Feature",
      "properties": {
        "@id": "way/1324127751",
        "crossing": "uncontrolled",
        "crossing:markings": "yes",
        "footway": "crossing",
        "highway": "footway"
      },
      "geometry": {
        "type": "LineString",
        "coordinates": [
          [
            2.4705414,
            48.9037039
          ],
          [
            2.4705784,
            48.9037125
          ],
          [
            2.4706265,
            48.9037238
          ]
        ]
      },
      "id": "way/1324127751"
    },
    {
      "type": "Feature",
      "properties": {
        "@id": "way/1324127753",
        "crossing": "uncontrolled",
        "crossing:markings": "yes",
        "footway": "crossing",
        "highway": "footway"
      },
      "geometry": {
        "type": "LineString",
        "coordinates": [
          [
            2.4706737,
            48.9037279
          ],
          [
            2.4707157,
            48.9037311
          ],
          [
            2.4708209,
            48.903739
          ],
          [
            2.4708486,
            48.9037411
          ]
        ]
      },
      "id": "way/1324127753"
    },
    {
      "type": "Feature",
      "properties": {
        "@id": "way/1324127763",
        "crossing": "uncontrolled",
        "crossing:markings": "yes",
        "footway": "crossing",
        "highway": "footway"
      },
      "geometry": {
        "type": "LineString",
        "coordinates": [
          [
            2.4709796,
            48.903949
          ],
          [
            2.4709962,
            48.9038998
          ],
          [
            2.4710073,
            48.9038672
          ],
          [
            2.4710133,
            48.9038423
          ]
        ]
      },
      "id": "way/1324127763"
    },
    {
      "type": "Feature",
      "properties": {
        "@id": "way/1324127765",
        "crossing": "uncontrolled",
        "crossing:markings": "yes",
        "footway": "crossing",
        "highway": "footway"
      },
      "geometry": {
        "type": "LineString",
        "coordinates": [
          [
            2.4708591,
            48.9042729
          ],
          [
            2.4708716,
            48.9042447
          ],
          [
            2.4708918,
            48.9041989
          ],
          [
            2.4709265,
            48.9041077
          ],
          [
            2.4709609,
            48.9040423
          ]
        ]
      },
      "id": "way/1324127765"
    },
    {
      "type": "Feature",
      "properties": {
        "@id": "way/1324127770",
        "crossing": "traffic_signals",
        "crossing:markings": "yes",
        "footway": "crossing",
        "highway": "footway"
      },
      "geometry": {
        "type": "LineString",
        "coordinates": [
          [
            2.470321,
            48.9042779
          ],
          [
            2.470383,
            48.9042904
          ],
          [
            2.4704864,
            48.9043112
          ]
        ]
      },
      "id": "way/1324127770"
    },
    {
      "type": "Feature",
      "properties": {
        "@id": "way/1324127771",
        "crossing": "traffic_signals",
        "crossing:markings": "yes",
        "footway": "crossing",
        "highway": "footway"
      },
      "geometry": {
        "type": "LineString",
        "coordinates": [
          [
            2.4705288,
            48.9043197
          ],
          [
            2.4705713,
            48.9043282
          ],
          [
            2.4706548,
            48.904345
          ]
        ]
      },
      "id": "way/1324127771"
    },
    {
      "type": "Feature",
      "properties": {
        "@id": "way/1458118404",
        "crossing": "uncontrolled",
        "crossing:markings": "yes",
        "footway": "crossing",
        "highway": "footway"
      },
      "geometry": {
        "type": "LineString",
        "coordinates": [
          [
            2.4708542,
            48.9004312
          ],
          [
            2.4708996,
            48.9004346
          ],
          [
            2.4709454,
            48.900438
          ]
        ]
      },
      "id": "way/1458118404"
    },
    {
      "type": "Feature",
      "properties": {
        "@id": "way/1478746418",
        "crossing": "marked",
        "crossing:island": "no",
        "crossing:markings": "yes",
        "footway": "crossing",
        "highway": "footway",
        "surface": "asphalt"
      },
      "geometry": {
        "type": "LineString",
        "coordinates": [
          [
            2.4760091,
            48.903702
          ],
          [
            2.4760223,
            48.9037567
          ],
          [
            2.4760342,
            48.9038102
          ]
        ]
      },
      "id": "way/1478746418"
    },
    {
      "type": "Feature",
      "properties": {
        "@id": "way/1553804890",
        "crossing": "unmarked",
        "crossing:markings": "no",
        "footway": "crossing",
        "highway": "footway"
      },
      "geometry": {
        "type": "LineString",
        "coordinates": [
          [
            2.474775,
            48.9108082
          ],
          [
            2.4749403,
            48.9109961
          ]
        ]
      },
      "id": "way/1553804890"
    },
    {
      "type": "Feature",
      "properties": {
        "@id": "way/1553824056",
        "@@id": "way/1553804890",
        "crossing": "unmarked",
        "crossing:markings": "no",
        "footway": "crossing",
        "highway": "footway"
      },
      "geometry": {
        "type": "LineString",
        "coordinates": [
          [
            2.474775,
            48.9108082
          ],
          [
            2.4749403,
            48.9109961
          ]
        ]
      },
      "id": "way/1553824056"
    },
    {
      "type": "Feature",
      "properties": {
        "@id": "way/1553824057",
        "@@id": "way/1458118404",
        "crossing": "uncontrolled",
        "crossing:markings": "yes",
        "footway": "crossing",
        "highway": "footway"
      },
      "geometry": {
        "type": "LineString",
        "coordinates": [
          [
            2.4708542,
            48.9004312
          ],
          [
            2.4708996,
            48.9004346
          ],
          [
            2.4709454,
            48.900438
          ]
        ]
      },
      "id": "way/1553824057"
    },
    {
      "type": "Feature",
      "properties": {
        "@id": "way/1553824058",
        "@@id": "way/1324127765",
        "crossing": "uncontrolled",
        "crossing:markings": "yes",
        "footway": "crossing",
        "highway": "footway"
      },
      "geometry": {
        "type": "LineString",
        "coordinates": [
          [
            2.4708591,
            48.9042729
          ],
          [
            2.4708716,
            48.9042447
          ],
          [
            2.4708918,
            48.9041989
          ],
          [
            2.4709265,
            48.9041077
          ],
          [
            2.4709609,
            48.9040423
          ]
        ]
      },
      "id": "way/1553824058"
    },
    {
      "type": "Feature",
      "properties": {
        "@id": "way/1553824059",
        "@@id": "way/1324127763",
        "crossing": "uncontrolled",
        "crossing:markings": "yes",
        "footway": "crossing",
        "highway": "footway"
      },
      "geometry": {
        "type": "LineString",
        "coordinates": [
          [
            2.4709796,
            48.903949
          ],
          [
            2.4709962,
            48.9038998
          ],
          [
            2.4710073,
            48.9038672
          ],
          [
            2.4710133,
            48.9038423
          ]
        ]
      },
      "id": "way/1553824059"
    },
    {
      "type": "Feature",
      "properties": {
        "@id": "way/1553824060",
        "@@id": "way/1324127753",
        "crossing": "uncontrolled",
        "crossing:markings": "yes",
        "footway": "crossing",
        "highway": "footway"
      },
      "geometry": {
        "type": "LineString",
        "coordinates": [
          [
            2.4706737,
            48.9037279
          ],
          [
            2.4707157,
            48.9037311
          ],
          [
            2.4708209,
            48.903739
          ],
          [
            2.4708486,
            48.9037411
          ]
        ]
      },
      "id": "way/1553824060"
    },
    {
      "type": "Feature",
      "properties": {
        "@id": "way/1553824061",
        "@@id": "way/1324127751",
        "crossing": "uncontrolled",
        "crossing:markings": "yes",
        "footway": "crossing",
        "highway": "footway"
      },
      "geometry": {
        "type": "LineString",
        "coordinates": [
          [
            2.4705414,
            48.9037039
          ],
          [
            2.4705784,
            48.9037125
          ],
          [
            2.4706265,
            48.9037238
          ]
        ]
      },
      "id": "way/1553824061"
    },
    {
      "type": "Feature",
      "properties": {
        "@id": "way/1553824062",
        "@@id": "way/1265174505",
        "crossing": "uncontrolled",
        "crossing:markings": "yes",
        "footway": "crossing",
        "highway": "footway"
      },
      "geometry": {
        "type": "LineString",
        "coordinates": [
          [
            2.4818861,
            48.8944383
          ],
          [
            2.4818937,
            48.8944488
          ],
          [
            2.4819073,
            48.8944678
          ]
        ]
      },
      "id": "way/1553824062"
    },
    {
      "type": "Feature",
      "properties": {
        "@id": "way/1553824063",
        "@@id": "way/1265174503",
        "crossing": "uncontrolled",
        "crossing:markings": "yes",
        "footway": "crossing",
        "highway": "footway",
        "surface": "asphalt"
      },
      "geometry": {
        "type": "LineString",
        "coordinates": [
          [
            2.4810836,
            48.8945555
          ],
          [
            2.4810868,
            48.8945722
          ],
          [
            2.4810906,
            48.8945916
          ]
        ]
      },
      "id": "way/1553824063"
    },
    {
      "type": "Feature",
      "properties": {
        "@id": "way/1553824064",
        "@@id": "way/1265174499",
        "crossing": "uncontrolled",
        "crossing:markings": "yes",
        "footway": "crossing",
        "highway": "footway"
      },
      "geometry": {
        "type": "LineString",
        "coordinates": [
          [
            2.4836152,
            48.8940353
          ],
          [
            2.4836561,
            48.8940242
          ],
          [
            2.4837266,
            48.8940051
          ]
        ]
      },
      "id": "way/1553824064"
    },
    {
      "type": "Feature",
      "properties": {
        "@id": "way/1553824065",
        "@@id": "way/1265174497",
        "crossing": "uncontrolled",
        "crossing:markings": "yes",
        "footway": "crossing",
        "highway": "footway"
      },
      "geometry": {
        "type": "LineString",
        "coordinates": [
          [
            2.4843334,
            48.8938603
          ],
          [
            2.4843871,
            48.8938473
          ],
          [
            2.4844313,
            48.893836
          ]
        ]
      },
      "id": "way/1553824065"
    },
    {
      "type": "Feature",
      "properties": {
        "@id": "way/1553824066",
        "@@id": "way/1265174494",
        "crossing": "uncontrolled",
        "crossing:markings": "yes",
        "footway": "crossing",
        "highway": "footway"
      },
      "geometry": {
        "type": "LineString",
        "coordinates": [
          [
            2.4853915,
            48.8935922
          ],
          [
            2.4853985,
            48.8936072
          ],
          [
            2.485406,
            48.8936275
          ]
        ]
      },
      "id": "way/1553824066"
    },
    {
      "type": "Feature",
      "properties": {
        "@id": "way/1553824067",
        "@@id": "way/1265174492",
        "crossing": "uncontrolled",
        "crossing:markings": "yes",
        "footway": "crossing",
        "highway": "footway",
        "surface": "paving_stones"
      },
      "geometry": {
        "type": "LineString",
        "coordinates": [
          [
            2.4844353,
            48.8955692
          ],
          [
            2.4843772,
            48.8955776
          ],
          [
            2.4843126,
            48.8955858
          ]
        ]
      },
      "id": "way/1553824067"
    },
    {
      "type": "Feature",
      "properties": {
        "@id": "way/1553824068",
        "@@id": "way/1265174490",
        "crossing": "uncontrolled",
        "crossing:markings": "yes",
        "footway": "crossing",
        "highway": "footway"
      },
      "geometry": {
        "type": "LineString",
        "coordinates": [
          [
            2.4836907,
            48.8956726
          ],
          [
            2.4836442,
            48.8956783
          ],
          [
            2.4835958,
            48.8956843
          ]
        ]
      },
      "id": "way/1553824068"
    },
    {
      "type": "Feature",
      "properties": {
        "@id": "way/1553824069",
        "@@id": "way/1265174488",
        "crossing": "uncontrolled",
        "crossing:markings": "yes",
        "footway": "crossing",
        "highway": "footway"
      },
      "geometry": {
        "type": "LineString",
        "coordinates": [
          [
            2.4829661,
            48.8957691
          ],
          [
            2.482921,
            48.8957759
          ],
          [
            2.4828723,
            48.895783
          ]
        ]
      },
      "id": "way/1553824069"
    },
    {
      "type": "Feature",
      "properties": {
        "@id": "way/1553824070",
        "@@id": "way/1265174486",
        "crossing": "uncontrolled",
        "crossing:markings": "yes",
        "footway": "crossing",
        "highway": "footway"
      },
      "geometry": {
        "type": "LineString",
        "coordinates": [
          [
            2.4822101,
            48.8958743
          ],
          [
            2.4821642,
            48.8958806
          ],
          [
            2.4821048,
            48.8958888
          ]
        ]
      },
      "id": "way/1553824070"
    },
    {
      "type": "Feature",
      "properties": {
        "@id": "way/1553824071",
        "@@id": "way/1265174482",
        "crossing": "uncontrolled",
        "crossing:markings": "yes",
        "footway": "crossing",
        "highway": "footway"
      },
      "geometry": {
        "type": "LineString",
        "coordinates": [
          [
            2.48636,
            48.8952966
          ],
          [
            2.4864067,
            48.8952897
          ],
          [
            2.4864378,
            48.8952852
          ]
        ]
      },
      "id": "way/1553824071"
    },
    {
      "type": "Feature",
      "properties": {
        "@id": "way/1553824072",
        "@@id": "way/1265174480",
        "crossing": "uncontrolled",
        "crossing:markings": "yes",
        "footway": "crossing",
        "highway": "footway"
      },
      "geometry": {
        "type": "LineString",
        "coordinates": [
          [
            2.4862606,
            48.8953365
          ],
          [
            2.4862687,
            48.8953539
          ],
          [
            2.4862844,
            48.8953876
          ]
        ]
      },
      "id": "way/1553824072"
    },
    {
      "type": "Feature",
      "properties": {
        "@id": "way/1553824073",
        "@@id": "way/1265174477",
        "crossing": "uncontrolled",
        "crossing:markings": "yes",
        "footway": "crossing",
        "highway": "footway"
      },
      "geometry": {
        "type": "LineString",
        "coordinates": [
          [
            2.4874099,
            48.8952553
          ],
          [
            2.4874523,
            48.8952491
          ],
          [
            2.4874998,
            48.8952421
          ]
        ]
      },
      "id": "way/1553824073"
    },
    {
      "type": "Feature",
      "properties": {
        "@id": "way/1553824074",
        "@@id": "way/1265174473",
        "crossing": "uncontrolled",
        "crossing:markings": "yes",
        "footway": "crossing",
        "highway": "footway"
      },
      "geometry": {
        "type": "LineString",
        "coordinates": [
          [
            2.4889183,
            48.8950924
          ],
          [
            2.488958,
            48.8950841
          ],
          [
            2.488984,
            48.895079
          ]
        ]
      },
      "id": "way/1553824074"
    },
    {
      "type": "Feature",
      "properties": {
        "@id": "way/1553824075",
        "@@id": "way/1265174467",
        "crossing": "uncontrolled",
        "crossing:markings": "yes",
        "footway": "crossing",
        "highway": "footway"
      },
      "geometry": {
        "type": "LineString",
        "coordinates": [
          [
            2.4876774,
            48.8945815
          ],
          [
            2.4876874,
            48.894603
          ],
          [
            2.4876996,
            48.8946293
          ]
        ]
      },
      "id": "way/1553824075"
    },
    {
      "type": "Feature",
      "properties": {
        "@id": "way/1553824076",
        "@@id": "way/1265174464",
        "crossing": "uncontrolled",
        "crossing:markings": "yes",
        "footway": "crossing",
        "highway": "footway"
      },
      "geometry": {
        "type": "LineString",
        "coordinates": [
          [
            2.4883386,
            48.8946871
          ],
          [
            2.4883561,
            48.8946596
          ],
          [
            2.4883688,
            48.8946397
          ]
        ]
      },
      "id": "way/1553824076"
    },
    {
      "type": "Feature",
      "properties": {
        "@id": "way/1553824077",
        "@@id": "way/1265174461",
        "crossing": "uncontrolled",
        "crossing:markings": "yes",
        "footway": "crossing",
        "highway": "footway"
      },
      "geometry": {
        "type": "LineString",
        "coordinates": [
          [
            2.4887849,
            48.8948394
          ],
          [
            2.4888346,
            48.8948315
          ],
          [
            2.4888643,
            48.8948268
          ]
        ]
      },
      "id": "way/1553824077"
    },
    {
      "type": "Feature",
      "properties": {
        "@id": "way/1553824078",
        "@@id": "way/1265174459",
        "crossing": "uncontrolled",
        "crossing:markings": "yes",
        "footway": "crossing",
        "highway": "footway"
      },
      "geometry": {
        "type": "LineString",
        "coordinates": [
          [
            2.4887061,
            48.8949443
          ],
          [
            2.4887236,
            48.8949656
          ],
          [
            2.4887446,
            48.8949912
          ]
        ]
      },
      "id": "way/1553824078"
    },
    {
      "type": "Feature",
      "properties": {
        "@id": "way/1553824079",
        "@@id": "way/1265174454",
        "crossing": "uncontrolled",
        "crossing:markings": "yes",
        "footway": "crossing",
        "highway": "footway"
      },
      "geometry": {
        "type": "LineString",
        "coordinates": [
          [
            2.4780445,
            48.8951438
          ],
          [
            2.4780347,
            48.895113
          ],
          [
            2.4780232,
            48.8950768
          ]
        ]
      },
      "id": "way/1553824079"
    },
    {
      "type": "Feature",
      "properties": {
        "@id": "way/1553824080",
        "@@id": "way/1265174453",
        "crossing": "uncontrolled",
        "crossing:markings": "yes",
        "footway": "crossing",
        "highway": "footway"
      },
      "geometry": {
        "type": "LineString",
        "coordinates": [
          [
            2.4779464,
            48.8952595
          ],
          [
            2.4779576,
            48.8952684
          ],
          [
            2.4779801,
            48.8952864
          ]
        ]
      },
      "id": "way/1553824080"
    },
    {
      "type": "Feature",
      "properties": {
        "@id": "way/1553824081",
        "@@id": "way/1265174449",
        "crossing": "uncontrolled",
        "crossing:markings": "yes",
        "footway": "crossing",
        "highway": "footway"
      },
      "geometry": {
        "type": "LineString",
        "coordinates": [
          [
            2.4790402,
            48.8949646
          ],
          [
            2.4790598,
            48.8949586
          ],
          [
            2.4791043,
            48.8949451
          ],
          [
            2.4791242,
            48.894939
          ]
        ]
      },
      "id": "way/1553824081"
    },
    {
      "type": "Feature",
      "properties": {
        "@id": "way/1553824082",
        "@@id": "way/1265174445",
        "crossing": "uncontrolled",
        "crossing:markings": "yes",
        "footway": "crossing",
        "highway": "footway"
      },
      "geometry": {
        "type": "LineString",
        "coordinates": [
          [
            2.4802769,
            48.8948063
          ],
          [
            2.4803081,
            48.8947981
          ],
          [
            2.4803445,
            48.8947888
          ]
        ]
      },
      "id": "way/1553824082"
    },
    {
      "type": "Feature",
      "properties": {
        "@id": "way/1553824083",
        "@@id": "way/1265174443",
        "crossing": "uncontrolled",
        "crossing:markings": "yes",
        "footway": "crossing",
        "highway": "footway"
      },
      "geometry": {
        "type": "LineString",
        "coordinates": [
          [
            2.4791365,
            48.8947977
          ],
          [
            2.4791451,
            48.894823
          ],
          [
            2.4791491,
            48.8948346
          ],
          [
            2.4791583,
            48.8948616
          ],
          [
            2.4791604,
            48.8948676
          ]
        ]
      },
      "id": "way/1553824083"
    },
    {
      "type": "Feature",
      "properties": {
        "@id": "way/1553824084",
        "@@id": "way/934168826",
        "bicycle": "yes",
        "crossing": "uncontrolled",
        "crossing:markings": "zebra",
        "footway": "crossing",
        "highway": "footway",
        "source": "BDOrtho IGN"
      },
      "geometry": {
        "type": "LineString",
        "coordinates": [
          [
            2.4920464,
            48.9159325
          ],
          [
            2.4920613,
            48.915994
          ],
          [
            2.4920765,
            48.9160544
          ],
          [
            2.4920441,
            48.916078
          ],
          [
            2.4920074,
            48.9161015
          ]
        ]
      },
      "id": "way/1553824084"
    },
    {
      "type": "Feature",
      "properties": {
        "@id": "way/1553824085",
        "@@id": "way/59307254",
        "crossing": "uncontrolled",
        "crossing:markings": "yes",
        "footway": "crossing",
        "highway": "footway"
      },
      "geometry": {
        "type": "LineString",
        "coordinates": [
          [
            2.479036,
            48.8945025
          ],
          [
            2.4790322,
            48.8944875
          ],
          [
            2.4790248,
            48.8944607
          ]
        ]
      },
      "id": "way/1553824085"
    },
    {
      "type": "Feature",
      "properties": {
        "@id": "node/250864709",
        "crossing": "traffic_signals",
        "highway": "traffic_signals"
      },
      "geometry": {
        "type": "Point",
        "coordinates": [
          2.4955022,
          48.889325
        ]
      },
      "id": "node/250864709"
    },
    {
      "type": "Feature",
      "properties": {
        "@id": "node/254292825",
        "crossing": "uncontrolled",
        "crossing:markings": "zebra",
        "highway": "crossing"
      },
      "geometry": {
        "type": "Point",
        "coordinates": [
          2.4771245,
          48.8931738
        ]
      },
      "id": "node/254292825"
    },
    {
      "type": "Feature",
      "properties": {
        "@id": "node/254292858",
        "crossing": "uncontrolled",
        "crossing:island": "yes",
        "crossing:markings": "zebra",
        "highway": "crossing"
      },
      "geometry": {
        "type": "Point",
        "coordinates": [
          2.4758317,
          48.8937899
        ]
      },
      "id": "node/254292858"
    },
    {
      "type": "Feature",
      "properties": {
        "@id": "node/254292861",
        "crossing": "marked",
        "crossing:markings": "zebra",
        "highway": "crossing",
        "tactile_paving": "yes"
      },
      "geometry": {
        "type": "Point",
        "coordinates": [
          2.4762171,
          48.8937497
        ]
      },
      "id": "node/254292861"
    },
    {
      "type": "Feature",
      "properties": {
        "@id": "node/254292864",
        "crossing": "uncontrolled",
        "crossing:markings": "zebra",
        "highway": "crossing",
        "tactile_paving": "yes"
      },
      "geometry": {
        "type": "Point",
        "coordinates": [
          2.4758678,
          48.8941131
        ]
      },
      "id": "node/254292864"
    },
    {
      "type": "Feature",
      "properties": {
        "@id": "node/254292902",
        "crossing": "uncontrolled",
        "crossing:markings": "zebra",
        "highway": "crossing",
        "tactile_paving": "yes"
      },
      "geometry": {
        "type": "Point",
        "coordinates": [
          2.4763223,
          48.8939252
        ]
      },
      "id": "node/254292902"
    },
    {
      "type": "Feature",
      "properties": {
        "@id": "node/254292960",
        "crossing": "uncontrolled",
        "crossing:markings": "zebra",
        "highway": "crossing"
      },
      "geometry": {
        "type": "Point",
        "coordinates": [
          2.4772877,
          48.893161
        ]
      },
      "id": "node/254292960"
    },
    {
      "type": "Feature",
      "properties": {
        "@id": "node/254292971",
        "crossing": "uncontrolled",
        "crossing:markings": "zebra",
        "highway": "crossing"
      },
      "geometry": {
        "type": "Point",
        "coordinates": [
          2.4775933,
          48.8908813
        ]
      },
      "id": "node/254292971"
    },
    {
      "type": "Feature",
      "properties": {
        "@id": "node/254294731",
        "crossing": "uncontrolled",
        "crossing:markings": "yes",
        "highway": "crossing"
      },
      "geometry": {
        "type": "Point",
        "coordinates": [
          2.4894663,
          48.905645
        ]
      },
      "id": "node/254294731"
    },
    {
      "type": "Feature",
      "properties": {
        "@id": "node/254294796",
        "crossing": "uncontrolled",
        "crossing:markings": "zebra",
        "highway": "crossing",
        "tactile_paving": "yes"
      },
      "geometry": {
        "type": "Point",
        "coordinates": [
          2.4802474,
          48.9034377
        ]
      },
      "id": "node/254294796"
    },
    {
      "type": "Feature",
      "properties": {
        "@id": "node/254295307",
        "crossing": "uncontrolled",
        "crossing:markings": "zebra",
        "highway": "crossing",
        "tactile_paving": "yes"
      },
      "geometry": {
        "type": "Point",
        "coordinates": [
          2.493497,
          48.8997575
        ]
      },
      "id": "node/254295307"
    },
    {
      "type": "Feature",
      "properties": {
        "@id": "node/254433239",
        "crossing": "uncontrolled",
        "crossing:markings": "zebra",
        "highway": "crossing"
      },
      "geometry": {
        "type": "Point",
        "coordinates": [
          2.4770338,
          48.8993455
        ]
      },
      "id": "node/254433239"
    },
    {
      "type": "Feature",
      "properties": {
        "@id": "node/254433349",
        "crossing": "uncontrolled",
        "crossing:markings": "zebra",
        "highway": "crossing"
      },
      "geometry": {
        "type": "Point",
        "coordinates": [
          2.4758639,
          48.899421
        ]
      },
      "id": "node/254433349"
    },
    {
      "type": "Feature",
      "properties": {
        "@id": "node/254433587",
        "crossing": "uncontrolled",
        "crossing:markings": "zebra",
        "highway": "crossing"
      },
      "geometry": {
        "type": "Point",
        "coordinates": [
          2.475907,
          48.8992985
        ]
      },
      "id": "node/254433587"
    },
    {
      "type": "Feature",
      "properties": {
        "@id": "node/268697061",
        "crossing": "uncontrolled",
        "crossing:markings": "zebra",
        "highway": "crossing",
        "tactile_paving": "yes"
      },
      "geometry": {
        "type": "Point",
        "coordinates": [
          2.4919741,
          48.9075906
        ]
      },
      "id": "node/268697061"
    },
    {
      "type": "Feature",
      "properties": {
        "@id": "node/276992659",
        "crossing": "uncontrolled",
        "crossing:markings": "zebra",
        "highway": "crossing"
      },
      "geometry": {
        "type": "Point",
        "coordinates": [
          2.4836316,
          48.9145458
        ]
      },
      "id": "node/276992659"
    },
    {
      "type": "Feature",
      "properties": {
        "@id": "node/276992660",
        "crossing": "uncontrolled",
        "crossing:markings": "zebra",
        "highway": "crossing"
      },
      "geometry": {
        "type": "Point",
        "coordinates": [
          2.4829876,
          48.9140235
        ]
      },
      "id": "node/276992660"
    },
    {
      "type": "Feature",
      "properties": {
        "@id": "node/276994757",
        "crossing": "traffic_signals",
        "crossing:markings": "zebra",
        "highway": "traffic_signals",
        "supervised": "no",
        "tactile_paving": "no",
        "traffic_signals:direction": "forward"
      },
      "geometry": {
        "type": "Point",
        "coordinates": [
          2.4792205,
          48.9177227
        ]
      },
      "id": "node/276994757"
    },
    {
      "type": "Feature",
      "properties": {
        "@id": "node/276995501",
        "crossing": "marked",
        "highway": "crossing"
      },
      "geometry": {
        "type": "Point",
        "coordinates": [
          2.4792657,
          48.916208
        ]
      },
      "id": "node/276995501"
    },
    {
      "type": "Feature",
      "properties": {
        "@id": "node/276996187",
        "crossing": "uncontrolled",
        "crossing:markings": "zebra",
        "highway": "crossing"
      },
      "geometry": {
        "type": "Point",
        "coordinates": [
          2.4759987,
          48.9103657
        ]
      },
      "id": "node/276996187"
    },
    {
      "type": "Feature",
      "properties": {
        "@id": "node/276996633",
        "crossing": "uncontrolled",
        "crossing:markings": "zebra",
        "highway": "crossing",
        "kerb": "lowered",
        "tactile_paving": "yes"
      },
      "geometry": {
        "type": "Point",
        "coordinates": [
          2.4853019,
          48.9110779
        ]
      },
      "id": "node/276996633"
    },
    {
      "type": "Feature",
      "properties": {
        "@id": "node/276997016",
        "crossing": "uncontrolled",
        "crossing:markings": "yes",
        "highway": "crossing"
      },
      "geometry": {
        "type": "Point",
        "coordinates": [
          2.4801416,
          48.9103321
        ]
      },
      "id": "node/276997016"
    },
    {
      "type": "Feature",
      "properties": {
        "@id": "node/277001758",
        "bicycle": "yes",
        "crossing": "marked",
        "crossing:markings": "zebra",
        "highway": "crossing"
      },
      "geometry": {
        "type": "Point",
        "coordinates": [
          2.4817682,
          48.9026676
        ]
      },
      "id": "node/277001758"
    },
    {
      "type": "Feature",
      "properties": {
        "@id": "node/277003285",
        "crossing": "uncontrolled",
        "crossing:markings": "zebra",
        "highway": "crossing",
        "tactile_paving": "yes"
      },
      "geometry": {
        "type": "Point",
        "coordinates": [
          2.4778129,
          48.8954153
        ]
      },
      "id": "node/277003285"
    },
    {
      "type": "Feature",
      "properties": {
        "@id": "node/282944695",
        "crossing": "uncontrolled",
        "crossing:markings": "zebra",
        "highway": "crossing"
      },
      "geometry": {
        "type": "Point",
        "coordinates": [
          2.4913232,
          48.9040941
        ]
      },
      "id": "node/282944695"
    },
    {
      "type": "Feature",
      "properties": {
        "@id": "node/291142154",
        "crossing": "uncontrolled",
        "crossing:markings": "zebra",
        "highway": "crossing"
      },
      "geometry": {
        "type": "Point",
        "coordinates": [
          2.4850586,
          48.917312
        ]
      },
      "id": "node/291142154"
    },
    {
      "type": "Feature",
      "properties": {
        "@id": "node/291144225",
        "crossing": "uncontrolled",
        "crossing:markings": "zebra",
        "highway": "crossing"
      },
      "geometry": {
        "type": "Point",
        "coordinates": [
          2.4736415,
          48.8961465
        ]
      },
      "id": "node/291144225"
    },
    {
      "type": "Feature",
      "properties": {
        "@id": "node/331367582",
        "crossing": "uncontrolled",
        "crossing:markings": "zebra",
        "highway": "crossing",
        "tactile_paving": "yes"
      },
      "geometry": {
        "type": "Point",
        "coordinates": [
          2.472625,
          48.9042554
        ]
      },
      "id": "node/331367582"
    },
    {
      "type": "Feature",
      "properties": {
        "@id": "node/331668444",
        "crossing": "uncontrolled",
        "crossing:markings": "zebra",
        "highway": "crossing"
      },
      "geometry": {
        "type": "Point",
        "coordinates": [
          2.4746776,
          48.9112485
        ]
      },
      "id": "node/331668444"
    },
    {
      "type": "Feature",
      "properties": {
        "@id": "node/331668459",
        "crossing": "uncontrolled",
        "crossing:island": "no",
        "crossing:markings": "zebra",
        "highway": "crossing",
        "kerb": "lowered",
        "tactile_paving": "yes"
      },
      "geometry": {
        "type": "Point",
        "coordinates": [
          2.4754421,
          48.917031
        ]
      },
      "id": "node/331668459"
    },
    {
      "type": "Feature",
      "properties": {
        "@id": "node/331668597",
        "crossing": "uncontrolled",
        "crossing:markings": "zebra",
        "highway": "crossing",
        "tactile_paving": "no"
      },
      "geometry": {
        "type": "Point",
        "coordinates": [
          2.4772026,
          48.9180263
        ]
      },
      "id": "node/331668597"
    },
    {
      "type": "Feature",
      "properties": {
        "@id": "node/365019508",
        "crossing": "uncontrolled",
        "crossing:island": "no",
        "crossing:markings": "zebra",
        "highway": "crossing",
        "tactile_paving": "yes"
      },
      "geometry": {
        "type": "Point",
        "coordinates": [
          2.4757366,
          48.9140698
        ]
      },
      "id": "node/365019508"
    },
    {
      "type": "Feature",
      "properties": {
        "@id": "node/392271851",
        "crossing": "uncontrolled",
        "crossing:markings": "zebra",
        "highway": "crossing"
      },
      "geometry": {
        "type": "Point",
        "coordinates": [
          2.4731334,
          48.9092482
        ]
      },
      "id": "node/392271851"
    },
    {
      "type": "Feature",
      "properties": {
        "@id": "node/413587793",
        "crossing": "uncontrolled",
        "crossing:markings": "zebra",
        "highway": "crossing"
      },
      "geometry": {
        "type": "Point",
        "coordinates": [
          2.4826992,
          48.8995063
        ]
      },
      "id": "node/413587793"
    },
    {
      "type": "Feature",
      "properties": {
        "@id": "node/413588582",
        "crossing": "uncontrolled",
        "crossing:markings": "zebra",
        "highway": "crossing"
      },
      "geometry": {
        "type": "Point",
        "coordinates": [
          2.4889005,
          48.9135442
        ]
      },
      "id": "node/413588582"
    },
    {
      "type": "Feature",
      "properties": {
        "@id": "node/413588605",
        "crossing": "uncontrolled",
        "crossing:markings": "zebra",
        "highway": "crossing"
      },
      "geometry": {
        "type": "Point",
        "coordinates": [
          2.4873388,
          48.9168603
        ]
      },
      "id": "node/413588605"
    },
    {
      "type": "Feature",
      "properties": {
        "@id": "node/741062327",
        "crossing": "marked",
        "crossing:markings": "zebra",
        "highway": "crossing"
      },
      "geometry": {
        "type": "Point",
        "coordinates": [
          2.4846111,
          48.8929629
        ]
      },
      "id": "node/741062327"
    },
    {
      "type": "Feature",
      "properties": {
        "@id": "node/790504638",
        "crossing": "uncontrolled",
        "crossing:markings": "zebra",
        "highway": "crossing"
      },
      "geometry": {
        "type": "Point",
        "coordinates": [
          2.4976995,
          48.8922824
        ]
      },
      "id": "node/790504638"
    },
    {
      "type": "Feature",
      "properties": {
        "@id": "node/974102262",
        "crossing": "uncontrolled",
        "crossing:markings": "yes",
        "highway": "crossing"
      },
      "geometry": {
        "type": "Point",
        "coordinates": [
          2.4804666,
          48.9066176
        ]
      },
      "id": "node/974102262"
    },
    {
      "type": "Feature",
      "properties": {
        "@id": "node/1181180223",
        "crossing": "traffic_signals",
        "crossing:markings": "zebra",
        "highway": "traffic_signals"
      },
      "geometry": {
        "type": "Point",
        "coordinates": [
          2.4826772,
          48.9024164
        ]
      },
      "id": "node/1181180223"
    },
    {
      "type": "Feature",
      "properties": {
        "@id": "node/1181180255",
        "crossing": "traffic_signals",
        "crossing:markings": "zebra",
        "highway": "traffic_signals"
      },
      "geometry": {
        "type": "Point",
        "coordinates": [
          2.4827703,
          48.9022232
        ]
      },
      "id": "node/1181180255"
    },
    {
      "type": "Feature",
      "properties": {
        "@id": "node/1215472748",
        "crossing": "uncontrolled",
        "crossing:markings": "zebra",
        "highway": "crossing"
      },
      "geometry": {
        "type": "Point",
        "coordinates": [
          2.4915082,
          48.904138
        ]
      },
      "id": "node/1215472748"
    },
    {
      "type": "Feature",
      "properties": {
        "@id": "node/1215472753",
        "crossing": "uncontrolled",
        "crossing:markings": "zebra",
        "highway": "crossing"
      },
      "geometry": {
        "type": "Point",
        "coordinates": [
          2.491506,
          48.904067
        ]
      },
      "id": "node/1215472753"
    },
    {
      "type": "Feature",
      "properties": {
        "@id": "node/1215472757",
        "crossing": "uncontrolled",
        "crossing:markings": "zebra",
        "highway": "crossing"
      },
      "geometry": {
        "type": "Point",
        "coordinates": [
          2.491301,
          48.9042193
        ]
      },
      "id": "node/1215472757"
    },
    {
      "type": "Feature",
      "properties": {
        "@id": "node/1223683547",
        "crossing": "uncontrolled",
        "crossing:markings": "zebra",
        "highway": "crossing"
      },
      "geometry": {
        "type": "Point",
        "coordinates": [
          2.4865821,
          48.9017246
        ]
      },
      "id": "node/1223683547"
    },
    {
      "type": "Feature",
      "properties": {
        "@id": "node/1223683593",
        "crossing": "uncontrolled",
        "crossing:markings": "zebra",
        "highway": "crossing"
      },
      "geometry": {
        "type": "Point",
        "coordinates": [
          2.4909506,
          48.9009991
        ]
      },
      "id": "node/1223683593"
    },
    {
      "type": "Feature",
      "properties": {
        "@id": "node/1223683594",
        "crossing": "uncontrolled",
        "crossing:markings": "zebra",
        "highway": "crossing"
      },
      "geometry": {
        "type": "Point",
        "coordinates": [
          2.490854,
          48.9010379
        ]
      },
      "id": "node/1223683594"
    },
    {
      "type": "Feature",
      "properties": {
        "@id": "node/1223683607",
        "crossing": "uncontrolled",
        "crossing:markings": "zebra",
        "highway": "crossing"
      },
      "geometry": {
        "type": "Point",
        "coordinates": [
          2.4865905,
          48.9017722
        ]
      },
      "id": "node/1223683607"
    },
    {
      "type": "Feature",
      "properties": {
        "@id": "node/1223688532",
        "crossing": "traffic_signals",
        "crossing:markings": "zebra",
        "highway": "traffic_signals"
      },
      "geometry": {
        "type": "Point",
        "coordinates": [
          2.4823647,
          48.9023273
        ]
      },
      "id": "node/1223688532"
    },
    {
      "type": "Feature",
      "properties": {
        "@id": "node/1223688551",
        "crossing": "marked",
        "crossing:markings": "zebra",
        "highway": "crossing",
        "tactile_paving": "yes"
      },
      "geometry": {
        "type": "Point",
        "coordinates": [
          2.4827488,
          48.9021786
        ]
      },
      "id": "node/1223688551"
    },
    {
      "type": "Feature",
      "properties": {
        "@id": "node/1225437647",
        "crossing": "traffic_signals",
        "crossing:markings": "zebra",
        "highway": "traffic_signals",
        "tactile_paving": "no"
      },
      "geometry": {
        "type": "Point",
        "coordinates": [
          2.4889955,
          48.9072798
        ]
      },
      "id": "node/1225437647"
    },
    {
      "type": "Feature",
      "properties": {
        "@id": "node/1225437652",
        "crossing": "traffic_signals",
        "crossing:markings": "zebra",
        "highway": "traffic_signals",
        "tactile_paving": "yes",
        "traffic_signals:direction": "forward"
      },
      "geometry": {
        "type": "Point",
        "coordinates": [
          2.4883981,
          48.9067368
        ]
      },
      "id": "node/1225437652"
    },
    {
      "type": "Feature",
      "properties": {
        "@id": "node/1225441204",
        "crossing": "uncontrolled",
        "crossing:markings": "zebra",
        "highway": "crossing"
      },
      "geometry": {
        "type": "Point",
        "coordinates": [
          2.4858261,
          48.9048606
        ]
      },
      "id": "node/1225441204"
    },
    {
      "type": "Feature",
      "properties": {
        "@id": "node/1240944141",
        "crossing": "uncontrolled",
        "crossing:markings": "zebra",
        "highway": "crossing"
      },
      "geometry": {
        "type": "Point",
        "coordinates": [
          2.4773266,
          48.8934088
        ]
      },
      "id": "node/1240944141"
    },
    {
      "type": "Feature",
      "properties": {
        "@id": "node/1240944170",
        "crossing": "uncontrolled",
        "crossing:markings": "zebra",
        "highway": "crossing",
        "tactile_paving": "yes"
      },
      "geometry": {
        "type": "Point",
        "coordinates": [
          2.4776322,
          48.8939515
        ]
      },
      "id": "node/1240944170"
    },
    {
      "type": "Feature",
      "properties": {
        "@id": "node/1240944182",
        "crossing": "marked",
        "crossing:markings": "zebra",
        "highway": "crossing"
      },
      "geometry": {
        "type": "Point",
        "coordinates": [
          2.4770952,
          48.8933165
        ]
      },
      "id": "node/1240944182"
    },
    {
      "type": "Feature",
      "properties": {
        "@id": "node/1240949580",
        "crossing": "uncontrolled",
        "crossing:markings": "zebra",
        "highway": "crossing"
      },
      "geometry": {
        "type": "Point",
        "coordinates": [
          2.4844912,
          48.8937695
        ]
      },
      "id": "node/1240949580"
    },
    {
      "type": "Feature",
      "properties": {
        "@id": "node/1240964303",
        "crossing": "uncontrolled",
        "crossing:markings": "zebra",
        "highway": "crossing"
      },
      "geometry": {
        "type": "Point",
        "coordinates": [
          2.4824148,
          48.9023761
        ]
      },
      "id": "node/1240964303"
    },
    {
      "type": "Feature",
      "properties": {
        "@id": "node/1240964319",
        "crossing": "uncontrolled",
        "crossing:markings": "zebra",
        "highway": "crossing"
      },
      "geometry": {
        "type": "Point",
        "coordinates": [
          2.4805083,
          48.9030982
        ]
      },
      "id": "node/1240964319"
    },
    {
      "type": "Feature",
      "properties": {
        "@id": "node/1245401463",
        "crossing": "uncontrolled",
        "crossing:markings": "zebra",
        "highway": "crossing",
        "tactile_paving": "yes"
      },
      "geometry": {
        "type": "Point",
        "coordinates": [
          2.4779576,
          48.8952684
        ]
      },
      "id": "node/1245401463"
    },
    {
      "type": "Feature",
      "properties": {
        "@id": "node/1245868025",
        "crossing": "uncontrolled",
        "crossing:markings": "zebra",
        "highway": "crossing",
        "kerb": "lowered"
      },
      "geometry": {
        "type": "Point",
        "coordinates": [
          2.4744354,
          48.9107832
        ]
      },
      "id": "node/1245868025"
    },
    {
      "type": "Feature",
      "properties": {
        "@id": "node/1245995390",
        "crossing": "uncontrolled",
        "crossing:markings": "zebra",
        "highway": "crossing"
      },
      "geometry": {
        "type": "Point",
        "coordinates": [
          2.4874866,
          48.9066986
        ]
      },
      "id": "node/1245995390"
    },
    {
      "type": "Feature",
      "properties": {
        "@id": "node/1246080834",
        "crossing": "marked",
        "crossing:markings": "zebra",
        "highway": "crossing",
        "tactile_paving": "yes"
      },
      "geometry": {
        "type": "Point",
        "coordinates": [
          2.4732976,
          48.904213
        ]
      },
      "id": "node/1246080834"
    },
    {
      "type": "Feature",
      "properties": {
        "@id": "node/1254049357",
        "bicycle": "yes",
        "crossing": "uncontrolled",
        "highway": "crossing"
      },
      "geometry": {
        "type": "Point",
        "coordinates": [
          2.4822121,
          48.9012544
        ]
      },
      "id": "node/1254049357"
    },
    {
      "type": "Feature",
      "properties": {
        "@id": "node/1254049359",
        "bicycle": "yes",
        "crossing": "marked",
        "highway": "crossing"
      },
      "geometry": {
        "type": "Point",
        "coordinates": [
          2.4815558,
          48.8998319
        ]
      },
      "id": "node/1254049359"
    },
    {
      "type": "Feature",
      "properties": {
        "@id": "node/1260774177",
        "crossing": "traffic_signals",
        "crossing:markings": "zebra",
        "highway": "crossing"
      },
      "geometry": {
        "type": "Point",
        "coordinates": [
          2.4708716,
          48.9042447
        ]
      },
      "id": "node/1260774177"
    },
    {
      "type": "Feature",
      "properties": {
        "@id": "node/1260774322",
        "crossing": "uncontrolled",
        "crossing:markings": "zebra",
        "highway": "crossing"
      },
      "geometry": {
        "type": "Point",
        "coordinates": [
          2.4708209,
          48.903739
        ]
      },
      "id": "node/1260774322"
    },
    {
      "type": "Feature",
      "properties": {
        "@id": "node/1260774360",
        "crossing": "traffic_signals",
        "crossing:markings": "zebra",
        "highway": "crossing",
        "tactile_paving": "yes"
      },
      "geometry": {
        "type": "Point",
        "coordinates": [
          2.4705713,
          48.9043282
        ]
      },
      "id": "node/1260774360"
    },
    {
      "type": "Feature",
      "properties": {
        "@id": "node/1268873715",
        "crossing": "uncontrolled",
        "crossing:markings": "zebra",
        "highway": "crossing",
        "source": "BD Ortho 2022"
      },
      "geometry": {
        "type": "Point",
        "coordinates": [
          2.4846191,
          48.9170261
        ]
      },
      "id": "node/1268873715"
    },
    {
      "type": "Feature",
      "properties": {
        "@id": "node/1268873795",
        "crossing": "uncontrolled",
        "crossing:markings": "zebra",
        "highway": "crossing"
      },
      "geometry": {
        "type": "Point",
        "coordinates": [
          2.4846739,
          48.9174122
        ]
      },
      "id": "node/1268873795"
    },
    {
      "type": "Feature",
      "properties": {
        "@id": "node/1268873835",
        "crossing": "marked",
        "highway": "crossing"
      },
      "geometry": {
        "type": "Point",
        "coordinates": [
          2.4808104,
          48.9167363
        ]
      },
      "id": "node/1268873835"
    },
    {
      "type": "Feature",
      "properties": {
        "@id": "node/1632524586",
        "crossing": "marked",
        "crossing:markings": "zebra",
        "highway": "crossing"
      },
      "geometry": {
        "type": "Point",
        "coordinates": [
          2.478651,
          48.9034126
        ]
      },
      "id": "node/1632524586"
    },
    {
      "type": "Feature",
      "properties": {
        "@id": "node/1737185965",
        "crossing": "uncontrolled",
        "crossing:markings": "zebra",
        "highway": "crossing"
      },
      "geometry": {
        "type": "Point",
        "coordinates": [
          2.4847888,
          48.9176361
        ]
      },
      "id": "node/1737185965"
    },
    {
      "type": "Feature",
      "properties": {
        "@id": "node/1737185971",
        "crossing": "uncontrolled",
        "crossing:markings": "zebra",
        "highway": "crossing"
      },
      "geometry": {
        "type": "Point",
        "coordinates": [
          2.4873599,
          48.9169139
        ]
      },
      "id": "node/1737185971"
    },
    {
      "type": "Feature",
      "properties": {
        "@id": "node/1737185985",
        "crossing": "uncontrolled",
        "crossing:markings": "zebra",
        "highway": "crossing",
        "source": "BDOrtho IGN 2021"
      },
      "geometry": {
        "type": "Point",
        "coordinates": [
          2.484565,
          48.9170373
        ]
      },
      "id": "node/1737185985"
    },
    {
      "type": "Feature",
      "properties": {
        "@id": "node/1737185991",
        "crossing": "uncontrolled",
        "crossing:markings": "zebra",
        "highway": "crossing",
        "tactile_paving": "yes"
      },
      "geometry": {
        "type": "Point",
        "coordinates": [
          2.4850659,
          48.91773
        ]
      },
      "id": "node/1737185991"
    },
    {
      "type": "Feature",
      "properties": {
        "@id": "node/1737186074",
        "crossing": "uncontrolled",
        "crossing:markings": "zebra",
        "highway": "crossing"
      },
      "geometry": {
        "type": "Point",
        "coordinates": [
          2.4852802,
          48.9177143
        ]
      },
      "id": "node/1737186074"
    },
    {
      "type": "Feature",
      "properties": {
        "@id": "node/1760851194",
        "crossing": "uncontrolled",
        "crossing:markings": "zebra",
        "highway": "crossing",
        "tactile_paving": "yes"
      },
      "geometry": {
        "type": "Point",
        "coordinates": [
          2.4733156,
          48.9042569
        ]
      },
      "id": "node/1760851194"
    },
    {
      "type": "Feature",
      "properties": {
        "@id": "node/1760851200",
        "crossing": "uncontrolled",
        "crossing:markings": "zebra",
        "highway": "crossing"
      },
      "geometry": {
        "type": "Point",
        "coordinates": [
          2.4708918,
          48.9041989
        ]
      },
      "id": "node/1760851200"
    },
    {
      "type": "Feature",
      "properties": {
        "@id": "node/1760851213",
        "crossing": "traffic_signals",
        "highway": "crossing"
      },
      "geometry": {
        "type": "Point",
        "coordinates": [
          2.4709265,
          48.9041077
        ]
      },
      "id": "node/1760851213"
    },
    {
      "type": "Feature",
      "properties": {
        "@id": "node/1760851215",
        "crossing": "marked",
        "crossing:markings": "yes",
        "highway": "crossing",
        "tactile_paving": "yes"
      },
      "geometry": {
        "type": "Point",
        "coordinates": [
          2.4707157,
          48.9037311
        ]
      },
      "id": "node/1760851215"
    },
    {
      "type": "Feature",
      "properties": {
        "@id": "node/1760851237",
        "crossing": "uncontrolled",
        "crossing:markings": "zebra",
        "highway": "crossing"
      },
      "geometry": {
        "type": "Point",
        "coordinates": [
          2.4710073,
          48.9038672
        ]
      },
      "id": "node/1760851237"
    },
    {
      "type": "Feature",
      "properties": {
        "@id": "node/1760851240",
        "crossing": "marked",
        "crossing:markings": "zebra",
        "highway": "crossing",
        "tactile_paving": "yes"
      },
      "geometry": {
        "type": "Point",
        "coordinates": [
          2.4726518,
          48.9041828
        ]
      },
      "id": "node/1760851240"
    },
    {
      "type": "Feature",
      "properties": {
        "@id": "node/1760851241",
        "crossing": "marked",
        "crossing:markings": "zebra",
        "highway": "crossing",
        "tactile_paving": "yes"
      },
      "geometry": {
        "type": "Point",
        "coordinates": [
          2.4733266,
          48.9042879
        ]
      },
      "id": "node/1760851241"
    },
    {
      "type": "Feature",
      "properties": {
        "@id": "node/1776363787",
        "crossing": "uncontrolled",
        "crossing:markings": "zebra",
        "highway": "crossing",
        "kerb": "lowered"
      },
      "geometry": {
        "type": "Point",
        "coordinates": [
          2.4813293,
          48.9119518
        ]
      },
      "id": "node/1776363787"
    },
    {
      "type": "Feature",
      "properties": {
        "@id": "node/1776363794",
        "crossing": "uncontrolled",
        "crossing:markings": "zebra",
        "highway": "crossing",
        "kerb": "lowered"
      },
      "geometry": {
        "type": "Point",
        "coordinates": [
          2.4813679,
          48.9121766
        ]
      },
      "id": "node/1776363794"
    },
    {
      "type": "Feature",
      "properties": {
        "@id": "node/1776363796",
        "crossing": "uncontrolled",
        "crossing:markings": "zebra",
        "highway": "crossing"
      },
      "geometry": {
        "type": "Point",
        "coordinates": [
          2.4823929,
          48.9135349
        ]
      },
      "id": "node/1776363796"
    },
    {
      "type": "Feature",
      "properties": {
        "@id": "node/1776363802",
        "crossing": "uncontrolled",
        "crossing:markings": "zebra",
        "highway": "crossing"
      },
      "geometry": {
        "type": "Point",
        "coordinates": [
          2.4789858,
          48.9151091
        ]
      },
      "id": "node/1776363802"
    },
    {
      "type": "Feature",
      "properties": {
        "@id": "node/1776363811",
        "crossing": "uncontrolled",
        "crossing:markings": "zebra",
        "highway": "crossing",
        "kerb": "lowered"
      },
      "geometry": {
        "type": "Point",
        "coordinates": [
          2.4815592,
          48.9122785
        ]
      },
      "id": "node/1776363811"
    },
    {
      "type": "Feature",
      "properties": {
        "@id": "node/1776363864",
        "crossing": "uncontrolled",
        "crossing:markings": "zebra",
        "highway": "crossing",
        "kerb": "lowered"
      },
      "geometry": {
        "type": "Point",
        "coordinates": [
          2.4914753,
          48.9139761
        ]
      },
      "id": "node/1776363864"
    },
    {
      "type": "Feature",
      "properties": {
        "@id": "node/1776363912",
        "crossing": "uncontrolled",
        "crossing:markings": "zebra",
        "highway": "crossing"
      },
      "geometry": {
        "type": "Point",
        "coordinates": [
          2.4825941,
          48.9136991
        ]
      },
      "id": "node/1776363912"
    },
    {
      "type": "Feature",
      "properties": {
        "@id": "node/2520201524",
        "crossing": "uncontrolled",
        "crossing:markings": "zebra",
        "highway": "crossing"
      },
      "geometry": {
        "type": "Point",
        "coordinates": [
          2.4889427,
          48.8919022
        ]
      },
      "id": "node/2520201524"
    },
    {
      "type": "Feature",
      "properties": {
        "@id": "node/2555501128",
        "crossing": "uncontrolled",
        "crossing:markings": "zebra",
        "highway": "crossing",
        "kerb": "lowered",
        "tactile_paving": "yes"
      },
      "geometry": {
        "type": "Point",
        "coordinates": [
          2.4845168,
          48.9112309
        ]
      },
      "id": "node/2555501128"
    },
    {
      "type": "Feature",
      "properties": {
        "@id": "node/2555501129",
        "crossing": "uncontrolled",
        "crossing:markings": "zebra",
        "highway": "crossing",
        "kerb": "lowered",
        "tactile_paving": "yes"
      },
      "geometry": {
        "type": "Point",
        "coordinates": [
          2.4850425,
          48.9111409
        ]
      },
      "id": "node/2555501129"
    },
    {
      "type": "Feature",
      "properties": {
        "@id": "node/2555501131",
        "crossing": "uncontrolled",
        "crossing:markings": "zebra",
        "highway": "crossing",
        "kerb": "lowered",
        "tactile_paving": "yes"
      },
      "geometry": {
        "type": "Point",
        "coordinates": [
          2.4851728,
          48.9111429
        ]
      },
      "id": "node/2555501131"
    },
    {
      "type": "Feature",
      "properties": {
        "@id": "node/2555501134",
        "crossing": "uncontrolled",
        "crossing:markings": "zebra",
        "highway": "crossing",
        "kerb": "lowered",
        "tactile_paving": "yes"
      },
      "geometry": {
        "type": "Point",
        "coordinates": [
          2.4852583,
          48.9109891
        ]
      },
      "id": "node/2555501134"
    },
    {
      "type": "Feature",
      "properties": {
        "@id": "node/2555501135",
        "crossing": "uncontrolled",
        "crossing:markings": "zebra",
        "highway": "crossing",
        "kerb": "lowered",
        "tactile_paving": "yes"
      },
      "geometry": {
        "type": "Point",
        "coordinates": [
          2.4845382,
          48.9112625
        ]
      },
      "id": "node/2555501135"
    },
    {
      "type": "Feature",
      "properties": {
        "@id": "node/2555501143",
        "crossing": "uncontrolled",
        "crossing:island": "no",
        "crossing:markings": "zebra",
        "highway": "crossing",
        "kerb": "lowered"
      },
      "geometry": {
        "type": "Point",
        "coordinates": [
          2.4844595,
          48.911334
        ]
      },
      "id": "node/2555501143"
    },
    {
      "type": "Feature",
      "properties": {
        "@id": "node/2555501144",
        "crossing": "uncontrolled",
        "crossing:markings": "zebra",
        "highway": "crossing"
      },
      "geometry": {
        "type": "Point",
        "coordinates": [
          2.4870081,
          48.913099
        ]
      },
      "id": "node/2555501144"
    },
    {
      "type": "Feature",
      "properties": {
        "@id": "node/2555501149",
        "crossing": "uncontrolled",
        "crossing:island": "no",
        "crossing:markings": "zebra",
        "highway": "crossing",
        "kerb": "lowered",
        "tactile_paving": "yes"
      },
      "geometry": {
        "type": "Point",
        "coordinates": [
          2.4842641,
          48.9113205
        ]
      },
      "id": "node/2555501149"
    },
    {
      "type": "Feature",
      "properties": {
        "@id": "node/2555501150",
        "crossing": "uncontrolled",
        "crossing:markings": "zebra",
        "highway": "crossing",
        "kerb": "lowered",
        "tactile_paving": "yes"
      },
      "geometry": {
        "type": "Point",
        "coordinates": [
          2.4850194,
          48.9110997
        ]
      },
      "id": "node/2555501150"
    },
    {
      "type": "Feature",
      "properties": {
        "@id": "node/2579871216",
        "crossing": "marked",
        "crossing:island": "yes",
        "highway": "crossing"
      },
      "geometry": {
        "type": "Point",
        "coordinates": [
          2.4888346,
          48.8948315
        ]
      },
      "id": "node/2579871216"
    },
    {
      "type": "Feature",
      "properties": {
        "@id": "node/2619193158",
        "crossing": "uncontrolled",
        "crossing:markings": "zebra",
        "highway": "crossing"
      },
      "geometry": {
        "type": "Point",
        "coordinates": [
          2.4844369,
          48.9039769
        ]
      },
      "id": "node/2619193158"
    },
    {
      "type": "Feature",
      "properties": {
        "@id": "node/2619784485",
        "crossing": "uncontrolled",
        "crossing:markings": "zebra",
        "highway": "crossing"
      },
      "geometry": {
        "type": "Point",
        "coordinates": [
          2.4867148,
          48.8943803
        ]
      },
      "id": "node/2619784485"
    },
    {
      "type": "Feature",
      "properties": {
        "@id": "node/2830954875",
        "crossing": "uncontrolled",
        "crossing:markings": "zebra",
        "highway": "crossing"
      },
      "geometry": {
        "type": "Point",
        "coordinates": [
          2.4807972,
          48.8934507
        ]
      },
      "id": "node/2830954875"
    },
    {
      "type": "Feature",
      "properties": {
        "@id": "node/2830954876",
        "crossing": "uncontrolled",
        "crossing:markings": "zebra",
        "highway": "crossing"
      },
      "geometry": {
        "type": "Point",
        "coordinates": [
          2.48018,
          48.8935817
        ]
      },
      "id": "node/2830954876"
    },
    {
      "type": "Feature",
      "properties": {
        "@id": "node/2830954878",
        "crossing": "uncontrolled",
        "crossing:markings": "zebra",
        "highway": "crossing",
        "tactile_paving": "yes"
      },
      "geometry": {
        "type": "Point",
        "coordinates": [
          2.4795611,
          48.893621
        ]
      },
      "id": "node/2830954878"
    },
    {
      "type": "Feature",
      "properties": {
        "@id": "node/2830954880",
        "crossing": "uncontrolled",
        "crossing:markings": "zebra",
        "highway": "crossing",
        "tactile_paving": "yes"
      },
      "geometry": {
        "type": "Point",
        "coordinates": [
          2.4787448,
          48.8936908
        ]
      },
      "id": "node/2830954880"
    },
    {
      "type": "Feature",
      "properties": {
        "@id": "node/2830954885",
        "crossing": "uncontrolled",
        "crossing:island": "no",
        "crossing:markings": "zebra",
        "highway": "crossing",
        "tactile_paving": "yes"
      },
      "geometry": {
        "type": "Point",
        "coordinates": [
          2.4787377,
          48.8937899
        ]
      },
      "id": "node/2830954885"
    },
    {
      "type": "Feature",
      "properties": {
        "@id": "node/2830954886",
        "crossing": "uncontrolled",
        "crossing:markings": "zebra",
        "highway": "crossing",
        "tactile_paving": "yes"
      },
      "geometry": {
        "type": "Point",
        "coordinates": [
          2.4774052,
          48.8938584
        ]
      },
      "id": "node/2830954886"
    },
    {
      "type": "Feature",
      "properties": {
        "@id": "node/2830954893",
        "crossing": "uncontrolled",
        "crossing:markings": "zebra",
        "highway": "crossing"
      },
      "geometry": {
        "type": "Point",
        "coordinates": [
          2.4791491,
          48.8948346
        ]
      },
      "id": "node/2830954893"
    },
    {
      "type": "Feature",
      "properties": {
        "@id": "node/2830954894",
        "crossing": "uncontrolled",
        "crossing:island": "no",
        "crossing:markings": "zebra",
        "highway": "crossing"
      },
      "geometry": {
        "type": "Point",
        "coordinates": [
          2.4772932,
          48.8950939
        ]
      },
      "id": "node/2830954894"
    },
    {
      "type": "Feature",
      "properties": {
        "@id": "node/2830954895",
        "crossing": "uncontrolled",
        "crossing:markings": "zebra",
        "highway": "crossing"
      },
      "geometry": {
        "type": "Point",
        "coordinates": [
          2.4780347,
          48.895113
        ]
      },
      "id": "node/2830954895"
    },
    {
      "type": "Feature",
      "properties": {
        "@id": "node/2830954897",
        "crossing": "uncontrolled",
        "crossing:markings": "zebra",
        "highway": "crossing"
      },
      "geometry": {
        "type": "Point",
        "coordinates": [
          2.4774555,
          48.8953483
        ]
      },
      "id": "node/2830954897"
    },
    {
      "type": "Feature",
      "properties": {
        "@id": "node/3060817174",
        "crossing": "uncontrolled",
        "crossing:markings": "zebra",
        "highway": "crossing",
        "tactile_paving": "yes"
      },
      "geometry": {
        "type": "Point",
        "coordinates": [
          2.4852564,
          48.9179045
        ]
      },
      "id": "node/3060817174"
    },
    {
      "type": "Feature",
      "properties": {
        "@id": "node/3060817175",
        "crossing": "uncontrolled",
        "crossing:markings": "zebra",
        "highway": "crossing"
      },
      "geometry": {
        "type": "Point",
        "coordinates": [
          2.4852052,
          48.9177424
        ]
      },
      "id": "node/3060817175"
    },
    {
      "type": "Feature",
      "properties": {
        "@id": "node/3060817176",
        "crossing": "uncontrolled",
        "crossing:markings": "zebra",
        "highway": "crossing"
      },
      "geometry": {
        "type": "Point",
        "coordinates": [
          2.4852211,
          48.9174734
        ]
      },
      "id": "node/3060817176"
    },
    {
      "type": "Feature",
      "properties": {
        "@id": "node/3322812473",
        "crossing": "uncontrolled",
        "crossing:markings": "zebra",
        "highway": "crossing"
      },
      "geometry": {
        "type": "Point",
        "coordinates": [
          2.4909339,
          48.9006472
        ]
      },
      "id": "node/3322812473"
    },
    {
      "type": "Feature",
      "properties": {
        "@id": "node/3322812475",
        "crossing": "uncontrolled",
        "crossing:markings": "zebra",
        "highway": "crossing"
      },
      "geometry": {
        "type": "Point",
        "coordinates": [
          2.4910071,
          48.9006754
        ]
      },
      "id": "node/3322812475"
    },
    {
      "type": "Feature",
      "properties": {
        "@id": "node/3322812479",
        "crossing": "uncontrolled",
        "crossing:markings": "zebra",
        "highway": "crossing"
      },
      "geometry": {
        "type": "Point",
        "coordinates": [
          2.4904402,
          48.9008277
        ]
      },
      "id": "node/3322812479"
    },
    {
      "type": "Feature",
      "properties": {
        "@id": "node/3322812480",
        "crossing": "uncontrolled",
        "crossing:markings": "zebra",
        "highway": "crossing"
      },
      "geometry": {
        "type": "Point",
        "coordinates": [
          2.4905168,
          48.9008573
        ]
      },
      "id": "node/3322812480"
    },
    {
      "type": "Feature",
      "properties": {
        "@id": "node/3640616945",
        "crossing": "uncontrolled",
        "crossing:markings": "zebra",
        "highway": "crossing",
        "tactile_paving": "yes"
      },
      "geometry": {
        "type": "Point",
        "coordinates": [
          2.4803135,
          48.9034281
        ]
      },
      "id": "node/3640616945"
    },
    {
      "type": "Feature",
      "properties": {
        "@id": "node/3640616950",
        "crossing": "uncontrolled",
        "crossing:markings": "zebra",
        "highway": "crossing"
      },
      "geometry": {
        "type": "Point",
        "coordinates": [
          2.4769877,
          48.9051315
        ]
      },
      "id": "node/3640616950"
    },
    {
      "type": "Feature",
      "properties": {
        "@id": "node/3640616952",
        "crossing": "uncontrolled",
        "crossing:markings": "zebra",
        "highway": "crossing",
        "tactile_paving": "yes"
      },
      "geometry": {
        "type": "Point",
        "coordinates": [
          2.4770634,
          48.9037008
        ]
      },
      "id": "node/3640616952"
    },
    {
      "type": "Feature",
      "properties": {
        "@id": "node/3640616961",
        "crossing": "uncontrolled",
        "crossing:markings": "zebra",
        "highway": "crossing"
      },
      "geometry": {
        "type": "Point",
        "coordinates": [
          2.48031,
          48.9038291
        ]
      },
      "id": "node/3640616961"
    },
    {
      "type": "Feature",
      "properties": {
        "@id": "node/3640616969",
        "crossing": "marked",
        "crossing:markings": "zebra",
        "highway": "crossing",
        "tactile_paving": "yes"
      },
      "geometry": {
        "type": "Point",
        "coordinates": [
          2.4780212,
          48.903521
        ]
      },
      "id": "node/3640616969"
    },
    {
      "type": "Feature",
      "properties": {
        "@id": "node/3640616973",
        "crossing": "uncontrolled",
        "crossing:markings": "zebra",
        "highway": "crossing",
        "tactile_paving": "yes"
      },
      "geometry": {
        "type": "Point",
        "coordinates": [
          2.480396,
          48.9038857
        ]
      },
      "id": "node/3640616973"
    },
    {
      "type": "Feature",
      "properties": {
        "@id": "node/3640616980",
        "crossing": "uncontrolled",
        "crossing:markings": "zebra",
        "highway": "crossing",
        "tactile_paving": "yes"
      },
      "geometry": {
        "type": "Point",
        "coordinates": [
          2.4778644,
          48.9034666
        ]
      },
      "id": "node/3640616980"
    },
    {
      "type": "Feature",
      "properties": {
        "@id": "node/3640616982",
        "crossing": "uncontrolled",
        "crossing:markings": "zebra",
        "highway": "crossing",
        "tactile_paving": "yes"
      },
      "geometry": {
        "type": "Point",
        "coordinates": [
          2.4804486,
          48.9038849
        ]
      },
      "id": "node/3640616982"
    },
    {
      "type": "Feature",
      "properties": {
        "@id": "node/3640616988",
        "crossing": "traffic_signals",
        "crossing:markings": "zebra",
        "highway": "crossing"
      },
      "geometry": {
        "type": "Point",
        "coordinates": [
          2.4798331,
          48.9032724
        ]
      },
      "id": "node/3640616988"
    },
    {
      "type": "Feature",
      "properties": {
        "@id": "node/3640617899",
        "crossing": "marked",
        "crossing:markings": "zebra",
        "highway": "crossing",
        "tactile_paving": "yes"
      },
      "geometry": {
        "type": "Point",
        "coordinates": [
          2.477765,
          48.9035444
        ]
      },
      "id": "node/3640617899"
    },
    {
      "type": "Feature",
      "properties": {
        "@id": "node/3640617900",
        "crossing": "marked",
        "crossing:island": "no",
        "crossing:markings": "zebra",
        "highway": "crossing",
        "tactile_paving": "yes"
      },
      "geometry": {
        "type": "Point",
        "coordinates": [
          2.4771783,
          48.9036091
        ]
      },
      "id": "node/3640617900"
    },
    {
      "type": "Feature",
      "properties": {
        "@id": "node/3640617902",
        "crossing": "marked",
        "crossing:island": "no",
        "crossing:markings": "zebra",
        "highway": "crossing",
        "tactile_paving": "yes"
      },
      "geometry": {
        "type": "Point",
        "coordinates": [
          2.4764065,
          48.9037237
        ]
      },
      "id": "node/3640617902"
    },
    {
      "type": "Feature",
      "properties": {
        "@id": "node/3640855246",
        "crossing": "uncontrolled",
        "crossing:island": "no",
        "crossing:markings": "zebra",
        "highway": "crossing",
        "tactile_paving": "yes"
      },
      "geometry": {
        "type": "Point",
        "coordinates": [
          2.4706887,
          48.9025287
        ]
      },
      "id": "node/3640855246"
    },
    {
      "type": "Feature",
      "properties": {
        "@id": "node/3640855510",
        "crossing": "uncontrolled",
        "crossing:island": "no",
        "crossing:markings": "zebra",
        "highway": "crossing",
        "tactile_paving": "yes"
      },
      "geometry": {
        "type": "Point",
        "coordinates": [
          2.4706736,
          48.9026943
        ]
      },
      "id": "node/3640855510"
    },
    {
      "type": "Feature",
      "properties": {
        "@id": "node/3640855518",
        "crossing": "uncontrolled",
        "crossing:markings": "zebra",
        "highway": "crossing"
      },
      "geometry": {
        "type": "Point",
        "coordinates": [
          2.4732173,
          48.8961955
        ]
      },
      "id": "node/3640855518"
    },
    {
      "type": "Feature",
      "properties": {
        "@id": "node/3640855534",
        "crossing": "uncontrolled",
        "crossing:island": "no",
        "crossing:markings": "zebra",
        "highway": "crossing",
        "kerb": "lowered",
        "tactile_paving": "yes"
      },
      "geometry": {
        "type": "Point",
        "coordinates": [
          2.470908,
          48.8990628
        ]
      },
      "id": "node/3640855534"
    },
    {
      "type": "Feature",
      "properties": {
        "@id": "node/3640855538",
        "crossing": "uncontrolled",
        "crossing:markings": "zebra",
        "highway": "crossing"
      },
      "geometry": {
        "type": "Point",
        "coordinates": [
          2.4732807,
          48.8962835
        ]
      },
      "id": "node/3640855538"
    },
    {
      "type": "Feature",
      "properties": {
        "@id": "node/3640855552",
        "crossing": "uncontrolled",
        "crossing:markings": "zebra",
        "highway": "crossing"
      },
      "geometry": {
        "type": "Point",
        "coordinates": [
          2.4733292,
          48.8962243
        ]
      },
      "id": "node/3640855552"
    },
    {
      "type": "Feature",
      "properties": {
        "@id": "node/3640855557",
        "crossing": "uncontrolled",
        "crossing:island": "no",
        "crossing:markings": "zebra",
        "highway": "crossing",
        "tactile_paving": "yes"
      },
      "geometry": {
        "type": "Point",
        "coordinates": [
          2.4706096,
          48.9026476
        ]
      },
      "id": "node/3640855557"
    },
    {
      "type": "Feature",
      "properties": {
        "@id": "node/3640855581",
        "crossing": "uncontrolled",
        "crossing:island": "no",
        "crossing:markings": "zebra",
        "highway": "crossing",
        "kerb": "lowered",
        "tactile_paving": "yes"
      },
      "geometry": {
        "type": "Point",
        "coordinates": [
          2.4711357,
          48.898997
        ]
      },
      "id": "node/3640855581"
    },
    {
      "type": "Feature",
      "properties": {
        "@id": "node/3640855732",
        "crossing": "uncontrolled",
        "crossing:island": "no",
        "crossing:markings": "zebra",
        "highway": "crossing",
        "kerb": "lowered",
        "tactile_paving": "yes"
      },
      "geometry": {
        "type": "Point",
        "coordinates": [
          2.471012,
          48.899127
        ]
      },
      "id": "node/3640855732"
    },
    {
      "type": "Feature",
      "properties": {
        "@id": "node/3640855777",
        "crossing": "uncontrolled",
        "crossing:markings": "zebra",
        "highway": "crossing"
      },
      "geometry": {
        "type": "Point",
        "coordinates": [
          2.4707732,
          48.9025806
        ]
      },
      "id": "node/3640855777"
    },
    {
      "type": "Feature",
      "properties": {
        "@id": "node/4011926314",
        "crossing": "uncontrolled",
        "crossing:markings": "zebra",
        "highway": "crossing",
        "source": "Bing",
        "supervised": "no"
      },
      "geometry": {
        "type": "Point",
        "coordinates": [
          2.4876874,
          48.894603
        ]
      },
      "id": "node/4011926314"
    },
    {
      "type": "Feature",
      "properties": {
        "@id": "node/4011926319",
        "crossing": "uncontrolled",
        "crossing:markings": "zebra",
        "highway": "crossing",
        "source": "Bing",
        "supervised": "no"
      },
      "geometry": {
        "type": "Point",
        "coordinates": [
          2.4883561,
          48.8946596
        ]
      },
      "id": "node/4011926319"
    },
    {
      "type": "Feature",
      "properties": {
        "@id": "node/4011926960",
        "crossing": "uncontrolled",
        "crossing:markings": "zebra",
        "highway": "crossing",
        "source": "Bing",
        "supervised": "no"
      },
      "geometry": {
        "type": "Point",
        "coordinates": [
          2.4812118,
          48.9122893
        ]
      },
      "id": "node/4011926960"
    },
    {
      "type": "Feature",
      "properties": {
        "@id": "node/4011927295",
        "crossing": "uncontrolled",
        "crossing:markings": "zebra",
        "highway": "crossing",
        "source": "Bing",
        "supervised": "no"
      },
      "geometry": {
        "type": "Point",
        "coordinates": [
          2.4814967,
          48.9133653
        ]
      },
      "id": "node/4011927295"
    },
    {
      "type": "Feature",
      "properties": {
        "@id": "node/4240152729",
        "crossing": "uncontrolled",
        "crossing:markings": "yes",
        "highway": "crossing"
      },
      "geometry": {
        "type": "Point",
        "coordinates": [
          2.4906895,
          48.90966
        ]
      },
      "id": "node/4240152729"
    },
    {
      "type": "Feature",
      "properties": {
        "@id": "node/4629553193",
        "crossing": "uncontrolled",
        "crossing:markings": "zebra",
        "highway": "crossing"
      },
      "geometry": {
        "type": "Point",
        "coordinates": [
          2.4796234,
          48.8936625
        ]
      },
      "id": "node/4629553193"
    },
    {
      "type": "Feature",
      "properties": {
        "@id": "node/4629553203",
        "crossing": "uncontrolled",
        "crossing:markings": "zebra",
        "highway": "crossing"
      },
      "geometry": {
        "type": "Point",
        "coordinates": [
          2.4853985,
          48.8936072
        ]
      },
      "id": "node/4629553203"
    },
    {
      "type": "Feature",
      "properties": {
        "@id": "node/4629553209",
        "bicycle": "yes",
        "crossing": "uncontrolled",
        "crossing:markings": "zebra",
        "highway": "crossing"
      },
      "geometry": {
        "type": "Point",
        "coordinates": [
          2.485572,
          48.8935714
        ]
      },
      "id": "node/4629553209"
    },
    {
      "type": "Feature",
      "properties": {
        "@id": "node/4629553229",
        "crossing": "uncontrolled",
        "crossing:markings": "zebra",
        "highway": "crossing",
        "tactile_paving": "no"
      },
      "geometry": {
        "type": "Point",
        "coordinates": [
          2.4818937,
          48.8944488
        ]
      },
      "id": "node/4629553229"
    },
    {
      "type": "Feature",
      "properties": {
        "@id": "node/4739446757",
        "crossing": "uncontrolled",
        "crossing:markings": "zebra",
        "highway": "crossing"
      },
      "geometry": {
        "type": "Point",
        "coordinates": [
          2.4817322,
          48.9062051
        ]
      },
      "id": "node/4739446757"
    },
    {
      "type": "Feature",
      "properties": {
        "@id": "node/4739446758",
        "crossing": "uncontrolled",
        "crossing:markings": "zebra",
        "highway": "crossing",
        "tactile_paving": "no"
      },
      "geometry": {
        "type": "Point",
        "coordinates": [
          2.4818268,
          48.9059724
        ]
      },
      "id": "node/4739446758"
    },
    {
      "type": "Feature",
      "properties": {
        "@id": "node/4739446759",
        "crossing": "uncontrolled",
        "crossing:markings": "zebra",
        "highway": "crossing"
      },
      "geometry": {
        "type": "Point",
        "coordinates": [
          2.4862439,
          48.9067553
        ]
      },
      "id": "node/4739446759"
    },
    {
      "type": "Feature",
      "properties": {
        "@id": "node/4739446760",
        "crossing": "uncontrolled",
        "crossing:markings": "zebra",
        "highway": "crossing",
        "tactile_paving": "no"
      },
      "geometry": {
        "type": "Point",
        "coordinates": [
          2.4862512,
          48.9066471
        ]
      },
      "id": "node/4739446760"
    },
    {
      "type": "Feature",
      "properties": {
        "@id": "node/5289270270",
        "crossing": "uncontrolled",
        "crossing:markings": "zebra",
        "highway": "crossing",
        "kerb": "lowered",
        "tactile_paving": "yes"
      },
      "geometry": {
        "type": "Point",
        "coordinates": [
          2.4977284,
          48.8923388
        ]
      },
      "id": "node/5289270270"
    },
    {
      "type": "Feature",
      "properties": {
        "@id": "node/5289369562",
        "crossing": "marked",
        "crossing:markings": "zebra",
        "highway": "crossing"
      },
      "geometry": {
        "type": "Point",
        "coordinates": [
          2.4788169,
          48.9154973
        ]
      },
      "id": "node/5289369562"
    },
    {
      "type": "Feature",
      "properties": {
        "@id": "node/5289559779",
        "crossing": "uncontrolled",
        "crossing:markings": "zebra",
        "highway": "crossing"
      },
      "geometry": {
        "type": "Point",
        "coordinates": [
          2.4920831,
          48.9036049
        ]
      },
      "id": "node/5289559779"
    },
    {
      "type": "Feature",
      "properties": {
        "@id": "node/5416862699",
        "crossing": "uncontrolled",
        "crossing:markings": "zebra",
        "highway": "crossing"
      },
      "geometry": {
        "type": "Point",
        "coordinates": [
          2.4870339,
          48.9132367
        ]
      },
      "id": "node/5416862699"
    },
    {
      "type": "Feature",
      "properties": {
        "@id": "node/5416862703",
        "crossing": "uncontrolled",
        "crossing:markings": "zebra",
        "highway": "crossing"
      },
      "geometry": {
        "type": "Point",
        "coordinates": [
          2.4866706,
          48.9130183
        ]
      },
      "id": "node/5416862703"
    },
    {
      "type": "Feature",
      "properties": {
        "@id": "node/5416862709",
        "crossing": "uncontrolled",
        "crossing:markings": "yes",
        "highway": "crossing"
      },
      "geometry": {
        "type": "Point",
        "coordinates": [
          2.4853302,
          48.9123577
        ]
      },
      "id": "node/5416862709"
    },
    {
      "type": "Feature",
      "properties": {
        "@id": "node/5416862715",
        "crossing": "uncontrolled",
        "crossing:markings": "zebra",
        "highway": "crossing"
      },
      "geometry": {
        "type": "Point",
        "coordinates": [
          2.4887185,
          48.9134571
        ]
      },
      "id": "node/5416862715"
    },
    {
      "type": "Feature",
      "properties": {
        "@id": "node/5416904410",
        "crossing": "uncontrolled",
        "crossing:markings": "zebra",
        "highway": "crossing"
      },
      "geometry": {
        "type": "Point",
        "coordinates": [
          2.4786287,
          48.913726
        ]
      },
      "id": "node/5416904410"
    },
    {
      "type": "Feature",
      "properties": {
        "@id": "node/5416905522",
        "crossing": "uncontrolled",
        "crossing:island": "no",
        "crossing:markings": "zebra",
        "highway": "crossing",
        "kerb": "lowered",
        "tactile_paving": "yes"
      },
      "geometry": {
        "type": "Point",
        "coordinates": [
          2.4757198,
          48.9142548
        ]
      },
      "id": "node/5416905522"
    },
    {
      "type": "Feature",
      "properties": {
        "@id": "node/5417046213",
        "crossing": "uncontrolled",
        "crossing:markings": "zebra",
        "highway": "crossing",
        "kerb": "lowered",
        "tactile_paving": "yes",
        "traffic_calming": "table"
      },
      "geometry": {
        "type": "Point",
        "coordinates": [
          2.4976291,
          48.8921442
        ]
      },
      "id": "node/5417046213"
    },
    {
      "type": "Feature",
      "properties": {
        "@id": "node/5417054817",
        "crossing": "marked",
        "crossing:markings": "zebra",
        "highway": "crossing",
        "tactile_paving": "yes"
      },
      "geometry": {
        "type": "Point",
        "coordinates": [
          2.4891033,
          48.8919821
        ]
      },
      "id": "node/5417054817"
    },
    {
      "type": "Feature",
      "properties": {
        "@id": "node/5417063195",
        "crossing": "uncontrolled",
        "crossing:markings": "zebra",
        "highway": "crossing"
      },
      "geometry": {
        "type": "Point",
        "coordinates": [
          2.4882225,
          48.8944454
        ]
      },
      "id": "node/5417063195"
    },
    {
      "type": "Feature",
      "properties": {
        "@id": "node/5417067250",
        "crossing": "uncontrolled",
        "crossing:markings": "zebra",
        "highway": "crossing"
      },
      "geometry": {
        "type": "Point",
        "coordinates": [
          2.4874523,
          48.8952491
        ]
      },
      "id": "node/5417067250"
    },
    {
      "type": "Feature",
      "properties": {
        "@id": "node/5417079355",
        "crossing": "marked",
        "highway": "crossing"
      },
      "geometry": {
        "type": "Point",
        "coordinates": [
          2.4892366,
          48.8970439
        ]
      },
      "id": "node/5417079355"
    },
    {
      "type": "Feature",
      "properties": {
        "@id": "node/5417095929",
        "crossing": "uncontrolled",
        "crossing:markings": "yes",
        "highway": "crossing"
      },
      "geometry": {
        "type": "Point",
        "coordinates": [
          2.4790598,
          48.8949586
        ]
      },
      "id": "node/5417095929"
    },
    {
      "type": "Feature",
      "properties": {
        "@id": "node/5633369663",
        "crossing": "uncontrolled",
        "crossing:markings": "zebra",
        "highway": "crossing"
      },
      "geometry": {
        "type": "Point",
        "coordinates": [
          2.4861162,
          48.9120718
        ]
      },
      "id": "node/5633369663"
    },
    {
      "type": "Feature",
      "properties": {
        "@id": "node/5633369664",
        "crossing": "uncontrolled",
        "crossing:markings": "zebra",
        "highway": "crossing"
      },
      "geometry": {
        "type": "Point",
        "coordinates": [
          2.4860072,
          48.9120425
        ]
      },
      "id": "node/5633369664"
    },
    {
      "type": "Feature",
      "properties": {
        "@id": "node/5633369665",
        "crossing": "uncontrolled",
        "crossing:markings": "zebra",
        "highway": "crossing"
      },
      "geometry": {
        "type": "Point",
        "coordinates": [
          2.4865497,
          48.9126486
        ]
      },
      "id": "node/5633369665"
    },
    {
      "type": "Feature",
      "properties": {
        "@id": "node/5922560921",
        "crossing": "uncontrolled",
        "crossing:markings": "zebra",
        "highway": "crossing",
        "kerb": "lowered"
      },
      "geometry": {
        "type": "Point",
        "coordinates": [
          2.4743792,
          48.9107955
        ]
      },
      "id": "node/5922560921"
    },
    {
      "type": "Feature",
      "properties": {
        "@id": "node/5922562000",
        "crossing": "uncontrolled",
        "crossing:markings": "zebra",
        "highway": "crossing",
        "kerb": "lowered",
        "tactile_paving": "yes"
      },
      "geometry": {
        "type": "Point",
        "coordinates": [
          2.4772553,
          48.9109552
        ]
      },
      "id": "node/5922562000"
    },
    {
      "type": "Feature",
      "properties": {
        "@id": "node/5922562613",
        "crossing": "uncontrolled",
        "crossing:markings": "zebra",
        "highway": "crossing",
        "kerb": "lowered",
        "tactile_paving": "yes"
      },
      "geometry": {
        "type": "Point",
        "coordinates": [
          2.477343,
          48.9108954
        ]
      },
      "id": "node/5922562613"
    },
    {
      "type": "Feature",
      "properties": {
        "@id": "node/5922565404",
        "crossing": "uncontrolled",
        "crossing:markings": "zebra",
        "highway": "crossing",
        "kerb": "lowered"
      },
      "geometry": {
        "type": "Point",
        "coordinates": [
          2.4776391,
          48.9118535
        ]
      },
      "id": "node/5922565404"
    },
    {
      "type": "Feature",
      "properties": {
        "@id": "node/5922577331",
        "crossing": "uncontrolled",
        "crossing:markings": "zebra",
        "highway": "crossing",
        "kerb": "lowered"
      },
      "geometry": {
        "type": "Point",
        "coordinates": [
          2.4801116,
          48.9123303
        ]
      },
      "id": "node/5922577331"
    },
    {
      "type": "Feature",
      "properties": {
        "@id": "node/5922578283",
        "crossing": "uncontrolled",
        "crossing:markings": "zebra",
        "highway": "crossing",
        "kerb": "lowered"
      },
      "geometry": {
        "type": "Point",
        "coordinates": [
          2.4804508,
          48.9122928
        ]
      },
      "id": "node/5922578283"
    },
    {
      "type": "Feature",
      "properties": {
        "@id": "node/5922580135",
        "crossing": "uncontrolled",
        "crossing:markings": "zebra",
        "highway": "crossing",
        "kerb": "lowered"
      },
      "geometry": {
        "type": "Point",
        "coordinates": [
          2.4826679,
          48.911796
        ]
      },
      "id": "node/5922580135"
    },
    {
      "type": "Feature",
      "properties": {
        "@id": "node/5922580147",
        "crossing": "uncontrolled",
        "crossing:markings": "zebra",
        "highway": "crossing",
        "kerb": "lowered"
      },
      "geometry": {
        "type": "Point",
        "coordinates": [
          2.4827872,
          48.9118294
        ]
      },
      "id": "node/5922580147"
    },
    {
      "type": "Feature",
      "properties": {
        "@id": "node/5922580993",
        "crossing": "uncontrolled",
        "crossing:markings": "zebra",
        "highway": "crossing",
        "kerb": "lowered"
      },
      "geometry": {
        "type": "Point",
        "coordinates": [
          2.4828726,
          48.9117353
        ]
      },
      "id": "node/5922580993"
    },
    {
      "type": "Feature",
      "properties": {
        "@id": "node/5924021390",
        "crossing": "uncontrolled",
        "crossing:markings": "zebra",
        "highway": "crossing",
        "kerb": "lowered",
        "tactile_paving": "yes"
      },
      "geometry": {
        "type": "Point",
        "coordinates": [
          2.4851702,
          48.9109413
        ]
      },
      "id": "node/5924021390"
    },
    {
      "type": "Feature",
      "properties": {
        "@id": "node/5924034207",
        "crossing": "marked",
        "crossing:island": "yes",
        "crossing:markings": "zebra",
        "highway": "crossing",
        "kerb": "lowered",
        "tactile_paving": "no"
      },
      "geometry": {
        "type": "Point",
        "coordinates": [
          2.4910744,
          48.9099304
        ]
      },
      "id": "node/5924034207"
    },
    {
      "type": "Feature",
      "properties": {
        "@id": "node/5924036653",
        "crossing": "uncontrolled",
        "crossing:markings": "zebra",
        "highway": "crossing",
        "kerb": "lowered"
      },
      "geometry": {
        "type": "Point",
        "coordinates": [
          2.4911497,
          48.9119465
        ]
      },
      "id": "node/5924036653"
    },
    {
      "type": "Feature",
      "properties": {
        "@id": "node/5924038450",
        "crossing": "marked",
        "crossing:markings": "zebra",
        "highway": "crossing"
      },
      "geometry": {
        "type": "Point",
        "coordinates": [
          2.4912195,
          48.912605
        ]
      },
      "id": "node/5924038450"
    },
    {
      "type": "Feature",
      "properties": {
        "@id": "node/5924040558",
        "crossing": "uncontrolled",
        "crossing:island": "yes",
        "crossing:markings": "zebra",
        "highway": "crossing",
        "kerb": "lowered",
        "tactile_paving": "yes"
      },
      "geometry": {
        "type": "Point",
        "coordinates": [
          2.4915939,
          48.9138415
        ]
      },
      "id": "node/5924040558"
    },
    {
      "type": "Feature",
      "properties": {
        "@id": "node/5924041074",
        "crossing": "uncontrolled",
        "crossing:markings": "zebra",
        "highway": "crossing",
        "kerb": "lowered"
      },
      "geometry": {
        "type": "Point",
        "coordinates": [
          2.4916834,
          48.9141319
        ]
      },
      "id": "node/5924041074"
    },
    {
      "type": "Feature",
      "properties": {
        "@id": "node/5924043717",
        "crossing": "uncontrolled",
        "crossing:markings": "zebra",
        "highway": "crossing",
        "kerb": "lowered"
      },
      "geometry": {
        "type": "Point",
        "coordinates": [
          2.4920613,
          48.915994
        ]
      },
      "id": "node/5924043717"
    },
    {
      "type": "Feature",
      "properties": {
        "@id": "node/5924043718",
        "crossing": "uncontrolled",
        "crossing:markings": "zebra",
        "highway": "crossing",
        "kerb": "lowered"
      },
      "geometry": {
        "type": "Point",
        "coordinates": [
          2.4920441,
          48.916078
        ]
      },
      "id": "node/5924043718"
    },
    {
      "type": "Feature",
      "properties": {
        "@id": "node/5934651129",
        "crossing": "uncontrolled",
        "crossing:markings": "zebra",
        "highway": "crossing",
        "kerb": "lowered"
      },
      "geometry": {
        "type": "Point",
        "coordinates": [
          2.4984463,
          48.8936797
        ]
      },
      "id": "node/5934651129"
    },
    {
      "type": "Feature",
      "properties": {
        "@id": "node/5934651489",
        "crossing": "uncontrolled",
        "crossing:markings": "zebra",
        "highway": "crossing"
      },
      "geometry": {
        "type": "Point",
        "coordinates": [
          2.4985932,
          48.8937483
        ]
      },
      "id": "node/5934651489"
    },
    {
      "type": "Feature",
      "properties": {
        "@id": "node/5934658160",
        "crossing": "uncontrolled",
        "crossing:markings": "zebra",
        "highway": "crossing",
        "kerb": "lowered",
        "tactile_paving": "yes",
        "traffic_calming": "table"
      },
      "geometry": {
        "type": "Point",
        "coordinates": [
          2.4976876,
          48.8925424
        ]
      },
      "id": "node/5934658160"
    },
    {
      "type": "Feature",
      "properties": {
        "@id": "node/5934658415",
        "crossing": "uncontrolled",
        "crossing:markings": "zebra",
        "highway": "crossing",
        "kerb": "lowered",
        "tactile_paving": "yes",
        "traffic_calming": "table"
      },
      "geometry": {
        "type": "Point",
        "coordinates": [
          2.4978051,
          48.8925839
        ]
      },
      "id": "node/5934658415"
    },
    {
      "type": "Feature",
      "properties": {
        "@id": "node/6238620570",
        "crossing": "uncontrolled",
        "crossing:markings": "zebra",
        "highway": "crossing"
      },
      "geometry": {
        "type": "Point",
        "coordinates": [
          2.4763573,
          48.9104421
        ]
      },
      "id": "node/6238620570"
    },
    {
      "type": "Feature",
      "properties": {
        "@id": "node/6360430009",
        "crossing": "uncontrolled",
        "crossing:markings": "zebra",
        "highway": "crossing"
      },
      "geometry": {
        "type": "Point",
        "coordinates": [
          2.4834819,
          48.9020839
        ]
      },
      "id": "node/6360430009"
    },
    {
      "type": "Feature",
      "properties": {
        "@id": "node/6360430010",
        "crossing": "uncontrolled",
        "crossing:markings": "zebra",
        "highway": "crossing"
      },
      "geometry": {
        "type": "Point",
        "coordinates": [
          2.4834665,
          48.9020341
        ]
      },
      "id": "node/6360430010"
    },
    {
      "type": "Feature",
      "properties": {
        "@id": "node/6360430011",
        "crossing": "uncontrolled",
        "crossing:markings": "zebra",
        "highway": "crossing"
      },
      "geometry": {
        "type": "Point",
        "coordinates": [
          2.4853073,
          48.9018775
        ]
      },
      "id": "node/6360430011"
    },
    {
      "type": "Feature",
      "properties": {
        "@id": "node/6360430012",
        "crossing": "uncontrolled",
        "crossing:markings": "zebra",
        "highway": "crossing"
      },
      "geometry": {
        "type": "Point",
        "coordinates": [
          2.4852983,
          48.9018284
        ]
      },
      "id": "node/6360430012"
    },
    {
      "type": "Feature",
      "properties": {
        "@id": "node/6378699436",
        "crossing": "uncontrolled",
        "crossing:markings": "zebra",
        "highway": "crossing",
        "source": "BDOrtho IGN"
      },
      "geometry": {
        "type": "Point",
        "coordinates": [
          2.4814681,
          48.8997957
        ]
      },
      "id": "node/6378699436"
    },
    {
      "type": "Feature",
      "properties": {
        "@id": "node/6378699437",
        "crossing": "uncontrolled",
        "crossing:markings": "zebra",
        "highway": "crossing",
        "source": "BDOrtho IGN"
      },
      "geometry": {
        "type": "Point",
        "coordinates": [
          2.4814033,
          48.8998661
        ]
      },
      "id": "node/6378699437"
    },
    {
      "type": "Feature",
      "properties": {
        "@id": "node/6378699438",
        "crossing": "marked",
        "highway": "crossing",
        "source": "BDOrtho IGN"
      },
      "geometry": {
        "type": "Point",
        "coordinates": [
          2.4815178,
          48.8999083
        ]
      },
      "id": "node/6378699438"
    },
    {
      "type": "Feature",
      "properties": {
        "@id": "node/6461297791",
        "crossing": "uncontrolled",
        "crossing:markings": "zebra",
        "highway": "crossing"
      },
      "geometry": {
        "type": "Point",
        "coordinates": [
          2.4883838,
          48.9070925
        ]
      },
      "id": "node/6461297791"
    },
    {
      "type": "Feature",
      "properties": {
        "@id": "node/6461297794",
        "crossing": "uncontrolled",
        "crossing:markings": "zebra",
        "highway": "crossing"
      },
      "geometry": {
        "type": "Point",
        "coordinates": [
          2.4882692,
          48.9069901
        ]
      },
      "id": "node/6461297794"
    },
    {
      "type": "Feature",
      "properties": {
        "@id": "node/6461297795",
        "crossing": "uncontrolled",
        "crossing:markings": "zebra",
        "highway": "crossing"
      },
      "geometry": {
        "type": "Point",
        "coordinates": [
          2.4882852,
          48.9069457
        ]
      },
      "id": "node/6461297795"
    },
    {
      "type": "Feature",
      "properties": {
        "@id": "node/6518100769",
        "crossing": "marked",
        "crossing:markings": "zebra",
        "highway": "crossing",
        "tactile_paving": "yes"
      },
      "geometry": {
        "type": "Point",
        "coordinates": [
          2.4799169,
          48.9030632
        ]
      },
      "id": "node/6518100769"
    },
    {
      "type": "Feature",
      "properties": {
        "@id": "node/6518100771",
        "crossing": "uncontrolled",
        "crossing:markings": "zebra",
        "highway": "crossing",
        "tactile_paving": "yes"
      },
      "geometry": {
        "type": "Point",
        "coordinates": [
          2.47995,
          48.9029344
        ]
      },
      "id": "node/6518100771"
    },
    {
      "type": "Feature",
      "properties": {
        "@id": "node/6518100773",
        "crossing": "traffic_signals",
        "crossing:markings": "zebra",
        "highway": "crossing"
      },
      "geometry": {
        "type": "Point",
        "coordinates": [
          2.4805366,
          48.9031582
        ]
      },
      "id": "node/6518100773"
    },
    {
      "type": "Feature",
      "properties": {
        "@id": "node/6518110111",
        "crossing": "uncontrolled",
        "crossing:markings": "zebra",
        "highway": "crossing"
      },
      "geometry": {
        "type": "Point",
        "coordinates": [
          2.4873019,
          48.9016887
        ]
      },
      "id": "node/6518110111"
    },
    {
      "type": "Feature",
      "properties": {
        "@id": "node/6518110112",
        "crossing": "uncontrolled",
        "crossing:markings": "zebra",
        "highway": "crossing"
      },
      "geometry": {
        "type": "Point",
        "coordinates": [
          2.4872868,
          48.9016447
        ]
      },
      "id": "node/6518110112"
    },
    {
      "type": "Feature",
      "properties": {
        "@id": "node/6553482523",
        "crossing": "uncontrolled",
        "crossing:markings": "zebra",
        "highway": "crossing"
      },
      "geometry": {
        "type": "Point",
        "coordinates": [
          2.4906147,
          48.8911204
        ]
      },
      "id": "node/6553482523"
    },
    {
      "type": "Feature",
      "properties": {
        "@id": "node/6553485257",
        "crossing": "uncontrolled",
        "crossing:markings": "zebra",
        "highway": "crossing"
      },
      "geometry": {
        "type": "Point",
        "coordinates": [
          2.4964563,
          48.8904139
        ]
      },
      "id": "node/6553485257"
    },
    {
      "type": "Feature",
      "properties": {
        "@id": "node/6553486626",
        "crossing": "uncontrolled",
        "crossing:markings": "zebra",
        "highway": "crossing"
      },
      "geometry": {
        "type": "Point",
        "coordinates": [
          2.4978161,
          48.8909312
        ]
      },
      "id": "node/6553486626"
    },
    {
      "type": "Feature",
      "properties": {
        "@id": "node/6553489322",
        "crossing": "uncontrolled",
        "crossing:markings": "zebra",
        "highway": "crossing",
        "tactile_paving": "yes",
        "traffic_calming": "table"
      },
      "geometry": {
        "type": "Point",
        "coordinates": [
          2.4797838,
          48.8904863
        ]
      },
      "id": "node/6553489322"
    },
    {
      "type": "Feature",
      "properties": {
        "@id": "node/6553490329",
        "crossing": "uncontrolled",
        "crossing:markings": "zebra",
        "highway": "crossing"
      },
      "geometry": {
        "type": "Point",
        "coordinates": [
          2.4910038,
          48.8909418
        ]
      },
      "id": "node/6553490329"
    },
    {
      "type": "Feature",
      "properties": {
        "@id": "node/6553501904",
        "crossing": "uncontrolled",
        "crossing:markings": "zebra",
        "highway": "crossing",
        "tactile_paving": "yes"
      },
      "geometry": {
        "type": "Point",
        "coordinates": [
          2.4903188,
          48.8913348
        ]
      },
      "id": "node/6553501904"
    },
    {
      "type": "Feature",
      "properties": {
        "@id": "node/6553501905",
        "crossing": "uncontrolled",
        "crossing:markings": "zebra",
        "highway": "crossing"
      },
      "geometry": {
        "type": "Point",
        "coordinates": [
          2.4861675,
          48.8926421
        ]
      },
      "id": "node/6553501905"
    },
    {
      "type": "Feature",
      "properties": {
        "@id": "node/6553501983",
        "crossing": "uncontrolled",
        "crossing:markings": "zebra",
        "highway": "crossing",
        "tactile_paving": "yes"
      },
      "geometry": {
        "type": "Point",
        "coordinates": [
          2.4790939,
          48.8937405
        ]
      },
      "id": "node/6553501983"
    },
    {
      "type": "Feature",
      "properties": {
        "@id": "node/6553502431",
        "crossing": "uncontrolled",
        "crossing:markings": "zebra",
        "highway": "crossing"
      },
      "geometry": {
        "type": "Point",
        "coordinates": [
          2.4963076,
          48.8903865
        ]
      },
      "id": "node/6553502431"
    },
    {
      "type": "Feature",
      "properties": {
        "@id": "node/6553503441",
        "crossing": "uncontrolled",
        "crossing:markings": "zebra",
        "highway": "crossing"
      },
      "geometry": {
        "type": "Point",
        "coordinates": [
          2.4975679,
          48.8901675
        ]
      },
      "id": "node/6553503441"
    },
    {
      "type": "Feature",
      "properties": {
        "@id": "node/6553503847",
        "crossing": "marked",
        "crossing:markings": "zebra",
        "highway": "crossing"
      },
      "geometry": {
        "type": "Point",
        "coordinates": [
          2.4898088,
          48.8917874
        ]
      },
      "id": "node/6553503847"
    },
    {
      "type": "Feature",
      "properties": {
        "@id": "node/6553503932",
        "crossing": "uncontrolled",
        "crossing:markings": "zebra",
        "highway": "crossing"
      },
      "geometry": {
        "type": "Point",
        "coordinates": [
          2.4965143,
          48.8903559
        ]
      },
      "id": "node/6553503932"
    },
    {
      "type": "Feature",
      "properties": {
        "@id": "node/6553504664",
        "crossing": "uncontrolled",
        "crossing:markings": "zebra",
        "highway": "crossing"
      },
      "geometry": {
        "type": "Point",
        "coordinates": [
          2.4853265,
          48.8909369
        ]
      },
      "id": "node/6553504664"
    },
    {
      "type": "Feature",
      "properties": {
        "@id": "node/6553504806",
        "crossing": "uncontrolled",
        "crossing:markings": "zebra",
        "highway": "crossing"
      },
      "geometry": {
        "type": "Point",
        "coordinates": [
          2.4963819,
          48.8902987
        ]
      },
      "id": "node/6553504806"
    },
    {
      "type": "Feature",
      "properties": {
        "@id": "node/6553505924",
        "crossing": "uncontrolled",
        "crossing:markings": "zebra",
        "highway": "crossing"
      },
      "geometry": {
        "type": "Point",
        "coordinates": [
          2.4959012,
          48.8905166
        ]
      },
      "id": "node/6553505924"
    },
    {
      "type": "Feature",
      "properties": {
        "@id": "node/6553508478",
        "crossing": "uncontrolled",
        "crossing:markings": "zebra",
        "highway": "crossing"
      },
      "geometry": {
        "type": "Point",
        "coordinates": [
          2.4975975,
          48.8902568
        ]
      },
      "id": "node/6553508478"
    },
    {
      "type": "Feature",
      "properties": {
        "@id": "node/6553513885",
        "crossing": "uncontrolled",
        "crossing:markings": "zebra",
        "highway": "crossing"
      },
      "geometry": {
        "type": "Point",
        "coordinates": [
          2.4958038,
          48.890457
        ]
      },
      "id": "node/6553513885"
    },
    {
      "type": "Feature",
      "properties": {
        "@id": "node/6553514332",
        "crossing": "uncontrolled",
        "crossing:markings": "zebra",
        "highway": "crossing",
        "traffic_calming": "table"
      },
      "geometry": {
        "type": "Point",
        "coordinates": [
          2.4817528,
          48.8900979
        ]
      },
      "id": "node/6553514332"
    },
    {
      "type": "Feature",
      "properties": {
        "@id": "node/6553518765",
        "crossing": "marked",
        "crossing:markings": "zebra",
        "highway": "crossing",
        "tactile_paving": "yes"
      },
      "geometry": {
        "type": "Point",
        "coordinates": [
          2.4904583,
          48.8913428
        ]
      },
      "id": "node/6553518765"
    },
    {
      "type": "Feature",
      "properties": {
        "@id": "node/6553525094",
        "crossing": "uncontrolled",
        "crossing:markings": "zebra",
        "highway": "crossing"
      },
      "geometry": {
        "type": "Point",
        "coordinates": [
          2.4852707,
          48.8908238
        ]
      },
      "id": "node/6553525094"
    },
    {
      "type": "Feature",
      "properties": {
        "@id": "node/6553525103",
        "crossing": "uncontrolled",
        "crossing:markings": "zebra",
        "highway": "crossing",
        "tactile_paving": "yes"
      },
      "geometry": {
        "type": "Point",
        "coordinates": [
          2.4790712,
          48.8904961
        ]
      },
      "id": "node/6553525103"
    },
    {
      "type": "Feature",
      "properties": {
        "@id": "node/6553525112",
        "crossing": "uncontrolled",
        "crossing:markings": "zebra",
        "highway": "crossing",
        "tactile_paving": "yes"
      },
      "geometry": {
        "type": "Point",
        "coordinates": [
          2.477749,
          48.8917476
        ]
      },
      "id": "node/6553525112"
    },
    {
      "type": "Feature",
      "properties": {
        "@id": "node/6553528194",
        "crossing": "uncontrolled",
        "crossing:markings": "zebra",
        "highway": "crossing",
        "traffic_calming": "table"
      },
      "geometry": {
        "type": "Point",
        "coordinates": [
          2.4798309,
          48.8904302
        ]
      },
      "id": "node/6553528194"
    },
    {
      "type": "Feature",
      "properties": {
        "@id": "node/6553535255",
        "crossing": "uncontrolled",
        "crossing:markings": "zebra",
        "highway": "crossing"
      },
      "geometry": {
        "type": "Point",
        "coordinates": [
          2.477798,
          48.8906251
        ]
      },
      "id": "node/6553535255"
    },
    {
      "type": "Feature",
      "properties": {
        "@id": "node/6553538618",
        "crossing": "uncontrolled",
        "crossing:markings": "zebra",
        "highway": "crossing",
        "tactile_paving": "yes",
        "traffic_calming": "table"
      },
      "geometry": {
        "type": "Point",
        "coordinates": [
          2.4798587,
          48.8905257
        ]
      },
      "id": "node/6553538618"
    },
    {
      "type": "Feature",
      "properties": {
        "@id": "node/6553545659",
        "crossing": "uncontrolled",
        "crossing:markings": "zebra",
        "highway": "crossing",
        "traffic_calming": "table"
      },
      "geometry": {
        "type": "Point",
        "coordinates": [
          2.4799044,
          48.8904737
        ]
      },
      "id": "node/6553545659"
    },
    {
      "type": "Feature",
      "properties": {
        "@id": "node/6553560546",
        "crossing": "marked",
        "crossing:markings": "zebra",
        "highway": "crossing",
        "tactile_paving": "yes"
      },
      "geometry": {
        "type": "Point",
        "coordinates": [
          2.4774523,
          48.8933098
        ]
      },
      "id": "node/6553560546"
    },
    {
      "type": "Feature",
      "properties": {
        "@id": "node/6553565403",
        "crossing": "uncontrolled",
        "crossing:markings": "zebra",
        "highway": "crossing",
        "tactile_paving": "yes"
      },
      "geometry": {
        "type": "Point",
        "coordinates": [
          2.4772659,
          48.8939692
        ]
      },
      "id": "node/6553565403"
    },
    {
      "type": "Feature",
      "properties": {
        "@id": "node/6553574385",
        "crossing": "uncontrolled",
        "crossing:markings": "zebra",
        "highway": "crossing",
        "tactile_paving": "yes"
      },
      "geometry": {
        "type": "Point",
        "coordinates": [
          2.4738324,
          48.8932474
        ]
      },
      "id": "node/6553574385"
    },
    {
      "type": "Feature",
      "properties": {
        "@id": "node/6553577352",
        "crossing": "uncontrolled",
        "crossing:markings": "zebra",
        "highway": "crossing"
      },
      "geometry": {
        "type": "Point",
        "coordinates": [
          2.4880645,
          48.8903412
        ]
      },
      "id": "node/6553577352"
    },
    {
      "type": "Feature",
      "properties": {
        "@id": "node/6594579919",
        "crossing": "uncontrolled",
        "crossing:markings": "zebra",
        "highway": "crossing"
      },
      "geometry": {
        "type": "Point",
        "coordinates": [
          2.4936692,
          48.890815
        ]
      },
      "id": "node/6594579919"
    },
    {
      "type": "Feature",
      "properties": {
        "@id": "node/6594588824",
        "crossing": "uncontrolled",
        "crossing:markings": "zebra",
        "highway": "crossing"
      },
      "geometry": {
        "type": "Point",
        "coordinates": [
          2.4959982,
          48.8903022
        ]
      },
      "id": "node/6594588824"
    },
    {
      "type": "Feature",
      "properties": {
        "@id": "node/6594590595",
        "crossing": "uncontrolled",
        "crossing:markings": "zebra",
        "highway": "crossing"
      },
      "geometry": {
        "type": "Point",
        "coordinates": [
          2.491079,
          48.8910898
        ]
      },
      "id": "node/6594590595"
    },
    {
      "type": "Feature",
      "properties": {
        "@id": "node/6594602171",
        "crossing": "uncontrolled",
        "crossing:markings": "zebra",
        "highway": "crossing"
      },
      "geometry": {
        "type": "Point",
        "coordinates": [
          2.4937692,
          48.8907519
        ]
      },
      "id": "node/6594602171"
    },
    {
      "type": "Feature",
      "properties": {
        "@id": "node/6594608110",
        "crossing": "uncontrolled",
        "crossing:markings": "zebra",
        "highway": "crossing"
      },
      "geometry": {
        "type": "Point",
        "coordinates": [
          2.4838934,
          48.8930305
        ]
      },
      "id": "node/6594608110"
    },
    {
      "type": "Feature",
      "properties": {
        "@id": "node/6594608695",
        "crossing": "uncontrolled",
        "crossing:markings": "zebra",
        "highway": "crossing"
      },
      "geometry": {
        "type": "Point",
        "coordinates": [
          2.4945224,
          48.8905888
        ]
      },
      "id": "node/6594608695"
    },
    {
      "type": "Feature",
      "properties": {
        "@id": "node/6594612218",
        "crossing": "uncontrolled",
        "crossing:markings": "zebra",
        "highway": "crossing"
      },
      "geometry": {
        "type": "Point",
        "coordinates": [
          2.4945816,
          48.8906956
        ]
      },
      "id": "node/6594612218"
    },
    {
      "type": "Feature",
      "properties": {
        "@id": "node/6594619833",
        "crossing": "uncontrolled",
        "crossing:markings": "zebra",
        "highway": "crossing"
      },
      "geometry": {
        "type": "Point",
        "coordinates": [
          2.4953316,
          48.8904699
        ]
      },
      "id": "node/6594619833"
    },
    {
      "type": "Feature",
      "properties": {
        "@id": "node/6594621424",
        "crossing": "uncontrolled",
        "crossing:markings": "zebra",
        "highway": "crossing"
      },
      "geometry": {
        "type": "Point",
        "coordinates": [
          2.4936118,
          48.8907122
        ]
      },
      "id": "node/6594621424"
    },
    {
      "type": "Feature",
      "properties": {
        "@id": "node/6594622608",
        "crossing": "uncontrolled",
        "crossing:markings": "zebra",
        "highway": "crossing"
      },
      "geometry": {
        "type": "Point",
        "coordinates": [
          2.4935302,
          48.890783
        ]
      },
      "id": "node/6594622608"
    },
    {
      "type": "Feature",
      "properties": {
        "@id": "node/6594630185",
        "crossing": "uncontrolled",
        "crossing:markings": "zebra",
        "highway": "crossing"
      },
      "geometry": {
        "type": "Point",
        "coordinates": [
          2.4832546,
          48.8931229
        ]
      },
      "id": "node/6594630185"
    },
    {
      "type": "Feature",
      "properties": {
        "@id": "node/6596250254",
        "crossing": "uncontrolled",
        "crossing:markings": "zebra",
        "highway": "crossing"
      },
      "geometry": {
        "type": "Point",
        "coordinates": [
          2.4824582,
          48.8932229
        ]
      },
      "id": "node/6596250254"
    },
    {
      "type": "Feature",
      "properties": {
        "@id": "node/6596290533",
        "crossing": "uncontrolled",
        "crossing:markings": "zebra",
        "highway": "crossing",
        "tactile_paving": "yes"
      },
      "geometry": {
        "type": "Point",
        "coordinates": [
          2.4714231,
          48.8890307
        ]
      },
      "id": "node/6596290533"
    },
    {
      "type": "Feature",
      "properties": {
        "@id": "node/6596294941",
        "crossing": "uncontrolled",
        "crossing:markings": "zebra",
        "highway": "crossing",
        "tactile_paving": "yes"
      },
      "geometry": {
        "type": "Point",
        "coordinates": [
          2.4714146,
          48.8891216
        ]
      },
      "id": "node/6596294941"
    },
    {
      "type": "Feature",
      "properties": {
        "@id": "node/6596298917",
        "crossing": "uncontrolled",
        "crossing:markings": "zebra",
        "highway": "crossing",
        "tactile_paving": "yes"
      },
      "geometry": {
        "type": "Point",
        "coordinates": [
          2.4714059,
          48.8892498
        ]
      },
      "id": "node/6596298917"
    },
    {
      "type": "Feature",
      "properties": {
        "@id": "node/6744433754",
        "crossing": "uncontrolled",
        "crossing:markings": "zebra",
        "highway": "crossing"
      },
      "geometry": {
        "type": "Point",
        "coordinates": [
          2.471667,
          48.9077004
        ]
      },
      "id": "node/6744433754"
    },
    {
      "type": "Feature",
      "properties": {
        "@id": "node/6746754274",
        "crossing": "uncontrolled",
        "crossing:markings": "zebra",
        "highway": "crossing",
        "tactile_paving": "yes"
      },
      "geometry": {
        "type": "Point",
        "coordinates": [
          2.4766708,
          48.9185168
        ]
      },
      "id": "node/6746754274"
    },
    {
      "type": "Feature",
      "properties": {
        "@id": "node/6746754275",
        "crossing": "uncontrolled",
        "crossing:markings": "zebra",
        "highway": "crossing"
      },
      "geometry": {
        "type": "Point",
        "coordinates": [
          2.4767103,
          48.9180483
        ]
      },
      "id": "node/6746754275"
    },
    {
      "type": "Feature",
      "properties": {
        "@id": "node/6746763506",
        "crossing": "uncontrolled",
        "crossing:markings": "zebra",
        "highway": "crossing",
        "tactile_paving": "yes"
      },
      "geometry": {
        "type": "Point",
        "coordinates": [
          2.4772909,
          48.9185148
        ]
      },
      "id": "node/6746763506"
    },
    {
      "type": "Feature",
      "properties": {
        "@id": "node/6746783726",
        "crossing": "uncontrolled",
        "crossing:markings": "zebra",
        "highway": "crossing",
        "tactile_paving": "yes"
      },
      "geometry": {
        "type": "Point",
        "coordinates": [
          2.4774503,
          48.9182396
        ]
      },
      "id": "node/6746783726"
    },
    {
      "type": "Feature",
      "properties": {
        "@id": "node/6746788964",
        "crossing": "uncontrolled",
        "crossing:island": "no",
        "crossing:markings": "zebra",
        "highway": "crossing",
        "kerb": "lowered",
        "tactile_paving": "yes"
      },
      "geometry": {
        "type": "Point",
        "coordinates": [
          2.4756164,
          48.9163799
        ]
      },
      "id": "node/6746788964"
    },
    {
      "type": "Feature",
      "properties": {
        "@id": "node/6746790974",
        "crossing": "uncontrolled",
        "crossing:island": "no",
        "crossing:markings": "zebra",
        "highway": "crossing",
        "kerb": "lowered",
        "tactile_paving": "yes"
      },
      "geometry": {
        "type": "Point",
        "coordinates": [
          2.4756764,
          48.9149324
        ]
      },
      "id": "node/6746790974"
    },
    {
      "type": "Feature",
      "properties": {
        "@id": "node/6750087374",
        "crossing": "uncontrolled",
        "crossing:markings": "zebra",
        "highway": "crossing"
      },
      "geometry": {
        "type": "Point",
        "coordinates": [
          2.4765795,
          48.9152458
        ]
      },
      "id": "node/6750087374"
    },
    {
      "type": "Feature",
      "properties": {
        "@id": "node/6750139540",
        "crossing": "uncontrolled",
        "crossing:markings": "zebra",
        "highway": "crossing",
        "tactile_paving": "yes"
      },
      "geometry": {
        "type": "Point",
        "coordinates": [
          2.4805193,
          48.9037436
        ]
      },
      "id": "node/6750139540"
    },
    {
      "type": "Feature",
      "properties": {
        "@id": "node/6750294911",
        "crossing": "uncontrolled",
        "crossing:markings": "zebra",
        "highway": "crossing",
        "tactile_paving": "yes"
      },
      "geometry": {
        "type": "Point",
        "coordinates": [
          2.4829472,
          48.9032312
        ]
      },
      "id": "node/6750294911"
    },
    {
      "type": "Feature",
      "properties": {
        "@id": "node/6750378961",
        "crossing": "uncontrolled",
        "crossing:markings": "zebra",
        "highway": "crossing",
        "tactile_paving": "yes"
      },
      "geometry": {
        "type": "Point",
        "coordinates": [
          2.4829984,
          48.9029762
        ]
      },
      "id": "node/6750378961"
    },
    {
      "type": "Feature",
      "properties": {
        "@id": "node/6750379483",
        "crossing": "uncontrolled",
        "crossing:markings": "zebra",
        "highway": "crossing",
        "tactile_paving": "yes"
      },
      "geometry": {
        "type": "Point",
        "coordinates": [
          2.4830805,
          48.9032736
        ]
      },
      "id": "node/6750379483"
    },
    {
      "type": "Feature",
      "properties": {
        "@id": "node/6750387618",
        "crossing": "uncontrolled",
        "crossing:markings": "zebra",
        "highway": "crossing",
        "tactile_paving": "yes"
      },
      "geometry": {
        "type": "Point",
        "coordinates": [
          2.4832309,
          48.9031359
        ]
      },
      "id": "node/6750387618"
    },
    {
      "type": "Feature",
      "properties": {
        "@id": "node/6750481785",
        "crossing": "marked",
        "highway": "crossing",
        "tactile_paving": "yes"
      },
      "geometry": {
        "type": "Point",
        "coordinates": [
          2.4828725,
          48.902614
        ]
      },
      "id": "node/6750481785"
    },
    {
      "type": "Feature",
      "properties": {
        "@id": "node/6750504126",
        "crossing": "uncontrolled",
        "crossing:markings": "zebra",
        "highway": "crossing",
        "tactile_paving": "yes"
      },
      "geometry": {
        "type": "Point",
        "coordinates": [
          2.4857057,
          48.9003963
        ]
      },
      "id": "node/6750504126"
    },
    {
      "type": "Feature",
      "properties": {
        "@id": "node/6750504417",
        "crossing": "uncontrolled",
        "crossing:markings": "zebra",
        "highway": "crossing"
      },
      "geometry": {
        "type": "Point",
        "coordinates": [
          2.4874027,
          48.9017238
        ]
      },
      "id": "node/6750504417"
    },
    {
      "type": "Feature",
      "properties": {
        "@id": "node/6750504636",
        "crossing": "uncontrolled",
        "crossing:markings": "zebra",
        "highway": "crossing",
        "tactile_paving": "yes"
      },
      "geometry": {
        "type": "Point",
        "coordinates": [
          2.4862464,
          48.9016357
        ]
      },
      "id": "node/6750504636"
    },
    {
      "type": "Feature",
      "properties": {
        "@id": "node/6750513313",
        "crossing": "uncontrolled",
        "crossing:markings": "zebra",
        "highway": "crossing",
        "tactile_paving": "yes"
      },
      "geometry": {
        "type": "Point",
        "coordinates": [
          2.4858534,
          48.9002416
        ]
      },
      "id": "node/6750513313"
    },
    {
      "type": "Feature",
      "properties": {
        "@id": "node/6750613739",
        "crossing": "uncontrolled",
        "crossing:markings": "zebra",
        "highway": "crossing",
        "tactile_paving": "yes"
      },
      "geometry": {
        "type": "Point",
        "coordinates": [
          2.4874501,
          48.8985453
        ]
      },
      "id": "node/6750613739"
    },
    {
      "type": "Feature",
      "properties": {
        "@id": "node/6750643326",
        "crossing": "uncontrolled",
        "crossing:markings": "zebra",
        "highway": "crossing"
      },
      "geometry": {
        "type": "Point",
        "coordinates": [
          2.4881354,
          48.8998926
        ]
      },
      "id": "node/6750643326"
    },
    {
      "type": "Feature",
      "properties": {
        "@id": "node/6750643410",
        "crossing": "uncontrolled",
        "crossing:markings": "zebra",
        "highway": "crossing"
      },
      "geometry": {
        "type": "Point",
        "coordinates": [
          2.4862687,
          48.8953539
        ]
      },
      "id": "node/6750643410"
    },
    {
      "type": "Feature",
      "properties": {
        "@id": "node/6750645967",
        "crossing": "marked",
        "crossing:island": "yes",
        "highway": "crossing",
        "tactile_paving": "no"
      },
      "geometry": {
        "type": "Point",
        "coordinates": [
          2.4887236,
          48.8949656
        ]
      },
      "id": "node/6750645967"
    },
    {
      "type": "Feature",
      "properties": {
        "@id": "node/6750646720",
        "crossing": "uncontrolled",
        "crossing:markings": "zebra",
        "highway": "crossing",
        "tactile_paving": "yes"
      },
      "geometry": {
        "type": "Point",
        "coordinates": [
          2.4875806,
          48.8984828
        ]
      },
      "id": "node/6750646720"
    },
    {
      "type": "Feature",
      "properties": {
        "@id": "node/6750651194",
        "crossing": "uncontrolled",
        "crossing:markings": "zebra",
        "highway": "crossing",
        "tactile_paving": "yes"
      },
      "geometry": {
        "type": "Point",
        "coordinates": [
          2.4873504,
          48.8985192
        ]
      },
      "id": "node/6750651194"
    },
    {
      "type": "Feature",
      "properties": {
        "@id": "node/6750653262",
        "crossing": "uncontrolled",
        "crossing:markings": "zebra;yes",
        "highway": "crossing"
      },
      "geometry": {
        "type": "Point",
        "coordinates": [
          2.4864067,
          48.8952897
        ]
      },
      "id": "node/6750653262"
    },
    {
      "type": "Feature",
      "properties": {
        "@id": "node/6750658410",
        "crossing": "uncontrolled",
        "crossing:island": "no",
        "crossing:markings": "zebra",
        "highway": "crossing",
        "kerb": "lowered",
        "tactile_paving": "no"
      },
      "geometry": {
        "type": "Point",
        "coordinates": [
          2.4850328,
          48.8955281
        ]
      },
      "id": "node/6750658410"
    },
    {
      "type": "Feature",
      "properties": {
        "@id": "node/6750670442",
        "crossing": "uncontrolled",
        "crossing:markings": "zebra",
        "highway": "crossing",
        "tactile_paving": "no"
      },
      "geometry": {
        "type": "Point",
        "coordinates": [
          2.4858701,
          48.8967582
        ]
      },
      "id": "node/6750670442"
    },
    {
      "type": "Feature",
      "properties": {
        "@id": "node/6750674481",
        "crossing": "uncontrolled",
        "crossing:markings": "zebra",
        "highway": "crossing",
        "kerb": "lowered",
        "tactile_paving": "no"
      },
      "geometry": {
        "type": "Point",
        "coordinates": [
          2.4851779,
          48.8955584
        ]
      },
      "id": "node/6750674481"
    },
    {
      "type": "Feature",
      "properties": {
        "@id": "node/6750679332",
        "crossing": "uncontrolled",
        "crossing:island": "no",
        "crossing:markings": "zebra",
        "highway": "crossing",
        "tactile_paving": "no"
      },
      "geometry": {
        "type": "Point",
        "coordinates": [
          2.48571,
          48.8967367
        ]
      },
      "id": "node/6750679332"
    },
    {
      "type": "Feature",
      "properties": {
        "@id": "node/6750679375",
        "crossing": "marked",
        "crossing:island": "yes",
        "highway": "crossing"
      },
      "geometry": {
        "type": "Point",
        "coordinates": [
          2.4890861,
          48.8948906
        ]
      },
      "id": "node/6750679375"
    },
    {
      "type": "Feature",
      "properties": {
        "@id": "node/6750679838",
        "crossing": "uncontrolled",
        "crossing:markings": "zebra",
        "highway": "crossing",
        "tactile_paving": "no"
      },
      "geometry": {
        "type": "Point",
        "coordinates": [
          2.4857421,
          48.8966645
        ]
      },
      "id": "node/6750679838"
    },
    {
      "type": "Feature",
      "properties": {
        "@id": "node/6750681558",
        "crossing": "uncontrolled",
        "crossing:markings": "zebra",
        "highway": "crossing"
      },
      "geometry": {
        "type": "Point",
        "coordinates": [
          2.4875586,
          48.8951828
        ]
      },
      "id": "node/6750681558"
    },
    {
      "type": "Feature",
      "properties": {
        "@id": "node/6750681560",
        "crossing": "uncontrolled",
        "crossing:markings": "zebra",
        "highway": "crossing"
      },
      "geometry": {
        "type": "Point",
        "coordinates": [
          2.4866797,
          48.8940029
        ]
      },
      "id": "node/6750681560"
    },
    {
      "type": "Feature",
      "properties": {
        "@id": "node/6750681601",
        "crossing": "uncontrolled",
        "crossing:markings": "zebra",
        "highway": "crossing"
      },
      "geometry": {
        "type": "Point",
        "coordinates": [
          2.4858391,
          48.8968436
        ]
      },
      "id": "node/6750681601"
    },
    {
      "type": "Feature",
      "properties": {
        "@id": "node/6750692724",
        "crossing": "uncontrolled",
        "crossing:markings": "zebra",
        "highway": "crossing"
      },
      "geometry": {
        "type": "Point",
        "coordinates": [
          2.4869344,
          48.8952704
        ]
      },
      "id": "node/6750692724"
    },
    {
      "type": "Feature",
      "properties": {
        "@id": "node/6750693425",
        "crossing": "uncontrolled",
        "crossing:markings": "zebra",
        "highway": "crossing"
      },
      "geometry": {
        "type": "Point",
        "coordinates": [
          2.4869368,
          48.8946896
        ]
      },
      "id": "node/6750693425"
    },
    {
      "type": "Feature",
      "properties": {
        "@id": "node/6750699405",
        "crossing": "marked",
        "crossing:island": "no",
        "highway": "crossing",
        "tactile_paving": "no"
      },
      "geometry": {
        "type": "Point",
        "coordinates": [
          2.488958,
          48.8950841
        ]
      },
      "id": "node/6750699405"
    },
    {
      "type": "Feature",
      "properties": {
        "@id": "node/6750699881",
        "crossing": "uncontrolled",
        "crossing:markings": "zebra",
        "highway": "crossing",
        "tactile_paving": "yes"
      },
      "geometry": {
        "type": "Point",
        "coordinates": [
          2.4871043,
          48.8938962
        ]
      },
      "id": "node/6750699881"
    },
    {
      "type": "Feature",
      "properties": {
        "@id": "node/6750702263",
        "crossing": "uncontrolled",
        "crossing:markings": "zebra",
        "highway": "crossing"
      },
      "geometry": {
        "type": "Point",
        "coordinates": [
          2.4803081,
          48.8947981
        ]
      },
      "id": "node/6750702263"
    },
    {
      "type": "Feature",
      "properties": {
        "@id": "node/6750712022",
        "crossing": "uncontrolled",
        "crossing:markings": "zebra",
        "highway": "crossing",
        "kerb": "flush",
        "tactile_paving": "no"
      },
      "geometry": {
        "type": "Point",
        "coordinates": [
          2.4835081,
          48.8940099
        ]
      },
      "id": "node/6750712022"
    },
    {
      "type": "Feature",
      "properties": {
        "@id": "node/6750714115",
        "crossing": "uncontrolled",
        "crossing:markings": "zebra",
        "highway": "crossing"
      },
      "geometry": {
        "type": "Point",
        "coordinates": [
          2.4801727,
          48.8947098
        ]
      },
      "id": "node/6750714115"
    },
    {
      "type": "Feature",
      "properties": {
        "@id": "node/6750715785",
        "crossing": "uncontrolled",
        "crossing:markings": "zebra",
        "highway": "crossing"
      },
      "geometry": {
        "type": "Point",
        "coordinates": [
          2.4848966,
          48.893697
        ]
      },
      "id": "node/6750715785"
    },
    {
      "type": "Feature",
      "properties": {
        "@id": "node/6750832529",
        "crossing": "uncontrolled",
        "crossing:markings": "zebra",
        "highway": "crossing"
      },
      "geometry": {
        "type": "Point",
        "coordinates": [
          2.4780849,
          48.8964004
        ]
      },
      "id": "node/6750832529"
    },
    {
      "type": "Feature",
      "properties": {
        "@id": "node/6750833150",
        "crossing": "uncontrolled",
        "crossing:markings": "zebra",
        "highway": "crossing",
        "tactile_paving": "yes"
      },
      "geometry": {
        "type": "Point",
        "coordinates": [
          2.4781295,
          48.8965624
        ]
      },
      "id": "node/6750833150"
    },
    {
      "type": "Feature",
      "properties": {
        "@id": "node/6750842207",
        "crossing": "uncontrolled",
        "crossing:markings": "zebra",
        "highway": "crossing"
      },
      "geometry": {
        "type": "Point",
        "coordinates": [
          2.4782123,
          48.8964666
        ]
      },
      "id": "node/6750842207"
    },
    {
      "type": "Feature",
      "properties": {
        "@id": "node/6750844300",
        "crossing": "uncontrolled",
        "crossing:markings": "zebra",
        "highway": "crossing",
        "tactile_paving": "yes"
      },
      "geometry": {
        "type": "Point",
        "coordinates": [
          2.4771105,
          48.8963982
        ]
      },
      "id": "node/6750844300"
    },
    {
      "type": "Feature",
      "properties": {
        "@id": "node/6750859119",
        "crossing": "uncontrolled",
        "crossing:markings": "zebra",
        "highway": "crossing"
      },
      "geometry": {
        "type": "Point",
        "coordinates": [
          2.4771379,
          48.8967141
        ]
      },
      "id": "node/6750859119"
    },
    {
      "type": "Feature",
      "properties": {
        "@id": "node/6750859892",
        "crossing": "uncontrolled",
        "crossing:markings": "zebra",
        "highway": "crossing"
      },
      "geometry": {
        "type": "Point",
        "coordinates": [
          2.4769924,
          48.8963107
        ]
      },
      "id": "node/6750859892"
    },
    {
      "type": "Feature",
      "properties": {
        "@id": "node/6750861006",
        "crossing": "uncontrolled",
        "crossing:markings": "zebra",
        "highway": "crossing"
      },
      "geometry": {
        "type": "Point",
        "coordinates": [
          2.4765759,
          48.8962147
        ]
      },
      "id": "node/6750861006"
    },
    {
      "type": "Feature",
      "properties": {
        "@id": "node/6750863445",
        "crossing": "uncontrolled",
        "crossing:markings": "zebra",
        "highway": "crossing",
        "tactile_paving": "yes"
      },
      "geometry": {
        "type": "Point",
        "coordinates": [
          2.478016,
          48.8964922
        ]
      },
      "id": "node/6750863445"
    },
    {
      "type": "Feature",
      "properties": {
        "@id": "node/6750866433",
        "crossing": "uncontrolled",
        "crossing:markings": "zebra",
        "highway": "crossing"
      },
      "geometry": {
        "type": "Point",
        "coordinates": [
          2.4772552,
          48.8965931
        ]
      },
      "id": "node/6750866433"
    },
    {
      "type": "Feature",
      "properties": {
        "@id": "node/6750868306",
        "crossing": "uncontrolled",
        "crossing:markings": "zebra",
        "highway": "crossing"
      },
      "geometry": {
        "type": "Point",
        "coordinates": [
          2.4821642,
          48.8958806
        ]
      },
      "id": "node/6750868306"
    },
    {
      "type": "Feature",
      "properties": {
        "@id": "node/6750870575",
        "crossing": "uncontrolled",
        "crossing:markings": "zebra",
        "highway": "crossing"
      },
      "geometry": {
        "type": "Point",
        "coordinates": [
          2.4809282,
          48.8960935
        ]
      },
      "id": "node/6750870575"
    },
    {
      "type": "Feature",
      "properties": {
        "@id": "node/6750872044",
        "crossing": "uncontrolled",
        "crossing:markings": "zebra",
        "highway": "crossing"
      },
      "geometry": {
        "type": "Point",
        "coordinates": [
          2.4797824,
          48.8962012
        ]
      },
      "id": "node/6750872044"
    },
    {
      "type": "Feature",
      "properties": {
        "@id": "node/6750875834",
        "crossing": "uncontrolled",
        "crossing:markings": "zebra",
        "highway": "crossing"
      },
      "geometry": {
        "type": "Point",
        "coordinates": [
          2.4798507,
          48.8963137
        ]
      },
      "id": "node/6750875834"
    },
    {
      "type": "Feature",
      "properties": {
        "@id": "node/6750877630",
        "crossing": "uncontrolled",
        "crossing:markings": "zebra",
        "highway": "crossing",
        "kerb": "raised",
        "tactile_paving": "no"
      },
      "geometry": {
        "type": "Point",
        "coordinates": [
          2.4844348,
          48.8956559
        ]
      },
      "id": "node/6750877630"
    },
    {
      "type": "Feature",
      "properties": {
        "@id": "node/6750879111",
        "crossing": "uncontrolled",
        "crossing:markings": "zebra",
        "highway": "crossing"
      },
      "geometry": {
        "type": "Point",
        "coordinates": [
          2.4809991,
          48.8960262
        ]
      },
      "id": "node/6750879111"
    },
    {
      "type": "Feature",
      "properties": {
        "@id": "node/6750879840",
        "crossing": "uncontrolled",
        "crossing:markings": "zebra",
        "highway": "crossing"
      },
      "geometry": {
        "type": "Point",
        "coordinates": [
          2.4797269,
          48.8962602
        ]
      },
      "id": "node/6750879840"
    },
    {
      "type": "Feature",
      "properties": {
        "@id": "node/6750879913",
        "crossing": "uncontrolled",
        "crossing:markings": "zebra",
        "highway": "crossing",
        "tactile_paving": "yes"
      },
      "geometry": {
        "type": "Point",
        "coordinates": [
          2.4776646,
          48.8917114
        ]
      },
      "id": "node/6750879913"
    },
    {
      "type": "Feature",
      "properties": {
        "@id": "node/6750881609",
        "crossing": "marked",
        "highway": "crossing"
      },
      "geometry": {
        "type": "Point",
        "coordinates": [
          2.4798776,
          48.8962426
        ]
      },
      "id": "node/6750881609"
    },
    {
      "type": "Feature",
      "properties": {
        "@id": "node/6750881768",
        "crossing": "uncontrolled",
        "crossing:markings": "zebra",
        "highway": "crossing"
      },
      "geometry": {
        "type": "Point",
        "coordinates": [
          2.4823384,
          48.895955
        ]
      },
      "id": "node/6750881768"
    },
    {
      "type": "Feature",
      "properties": {
        "@id": "node/6750887786",
        "crossing": "uncontrolled",
        "crossing:markings": "zebra",
        "highway": "crossing"
      },
      "geometry": {
        "type": "Point",
        "coordinates": [
          2.483573,
          48.8957856
        ]
      },
      "id": "node/6750887786"
    },
    {
      "type": "Feature",
      "properties": {
        "@id": "node/6750888619",
        "crossing": "uncontrolled",
        "crossing:island": "no",
        "crossing:markings": "zebra",
        "highway": "crossing",
        "tactile_paving": "yes"
      },
      "geometry": {
        "type": "Point",
        "coordinates": [
          2.4776271,
          48.8913629
        ]
      },
      "id": "node/6750888619"
    },
    {
      "type": "Feature",
      "properties": {
        "@id": "node/6753508301",
        "crossing": "uncontrolled",
        "crossing:markings": "zebra",
        "highway": "crossing"
      },
      "geometry": {
        "type": "Point",
        "coordinates": [
          2.4824112,
          48.8911114
        ]
      },
      "id": "node/6753508301"
    },
    {
      "type": "Feature",
      "properties": {
        "@id": "node/6792806288",
        "crossing": "marked",
        "highway": "crossing"
      },
      "geometry": {
        "type": "Point",
        "coordinates": [
          2.4886159,
          48.8912398
        ]
      },
      "id": "node/6792806288"
    },
    {
      "type": "Feature",
      "properties": {
        "@id": "node/6792881289",
        "crossing": "marked",
        "highway": "crossing"
      },
      "geometry": {
        "type": "Point",
        "coordinates": [
          2.492209,
          48.900784
        ]
      },
      "id": "node/6792881289"
    },
    {
      "type": "Feature",
      "properties": {
        "@id": "node/6792887851",
        "crossing": "uncontrolled",
        "crossing:markings": "zebra",
        "highway": "crossing",
        "tactile_paving": "yes"
      },
      "geometry": {
        "type": "Point",
        "coordinates": [
          2.4917104,
          48.900348
        ]
      },
      "id": "node/6792887851"
    },
    {
      "type": "Feature",
      "properties": {
        "@id": "node/6792887858",
        "crossing": "uncontrolled",
        "crossing:markings": "zebra",
        "highway": "crossing",
        "tactile_paving": "yes"
      },
      "geometry": {
        "type": "Point",
        "coordinates": [
          2.4917499,
          48.9003942
        ]
      },
      "id": "node/6792887858"
    },
    {
      "type": "Feature",
      "properties": {
        "@id": "node/6799353314",
        "crossing": "marked",
        "highway": "crossing"
      },
      "geometry": {
        "type": "Point",
        "coordinates": [
          2.4808433,
          48.9112262
        ]
      },
      "id": "node/6799353314"
    },
    {
      "type": "Feature",
      "properties": {
        "@id": "node/6849377301",
        "crossing": "uncontrolled",
        "crossing:markings": "zebra",
        "highway": "crossing",
        "tactile_paving": "yes"
      },
      "geometry": {
        "type": "Point",
        "coordinates": [
          2.4732358,
          48.9030038
        ]
      },
      "id": "node/6849377301"
    },
    {
      "type": "Feature",
      "properties": {
        "@id": "node/6955723173",
        "crossing": "marked",
        "highway": "crossing",
        "tactile_paving": "yes"
      },
      "geometry": {
        "type": "Point",
        "coordinates": [
          2.4887769,
          48.906784
        ]
      },
      "id": "node/6955723173"
    },
    {
      "type": "Feature",
      "properties": {
        "@id": "node/6955739228",
        "crossing": "uncontrolled",
        "crossing:markings": "zebra",
        "highway": "crossing",
        "tactile_paving": "yes"
      },
      "geometry": {
        "type": "Point",
        "coordinates": [
          2.4801789,
          48.9057373
        ]
      },
      "id": "node/6955739228"
    },
    {
      "type": "Feature",
      "properties": {
        "@id": "node/6955754952",
        "crossing": "marked",
        "crossing:markings": "yes",
        "highway": "crossing"
      },
      "geometry": {
        "type": "Point",
        "coordinates": [
          2.4894667,
          48.9075616
        ]
      },
      "id": "node/6955754952"
    },
    {
      "type": "Feature",
      "properties": {
        "@id": "node/6955759528",
        "crossing": "uncontrolled",
        "crossing:markings": "zebra",
        "highway": "crossing"
      },
      "geometry": {
        "type": "Point",
        "coordinates": [
          2.4828725,
          48.9060686
        ]
      },
      "id": "node/6955759528"
    },
    {
      "type": "Feature",
      "properties": {
        "@id": "node/6955760353",
        "crossing": "marked",
        "highway": "crossing"
      },
      "geometry": {
        "type": "Point",
        "coordinates": [
          2.4885858,
          48.9069241
        ]
      },
      "id": "node/6955760353"
    },
    {
      "type": "Feature",
      "properties": {
        "@id": "node/6955762086",
        "crossing": "uncontrolled",
        "crossing:island": "yes",
        "crossing:markings": "zebra",
        "highway": "crossing",
        "tactile_paving": "yes"
      },
      "geometry": {
        "type": "Point",
        "coordinates": [
          2.4892003,
          48.9071594
        ]
      },
      "id": "node/6955762086"
    },
    {
      "type": "Feature",
      "properties": {
        "@id": "node/6955762749",
        "crossing": "uncontrolled",
        "crossing:markings": "zebra",
        "highway": "crossing",
        "tactile_paving": "yes"
      },
      "geometry": {
        "type": "Point",
        "coordinates": [
          2.4892125,
          48.9070922
        ]
      },
      "id": "node/6955762749"
    },
    {
      "type": "Feature",
      "properties": {
        "@id": "node/6955766961",
        "crossing": "marked",
        "highway": "crossing"
      },
      "geometry": {
        "type": "Point",
        "coordinates": [
          2.4884749,
          48.9068901
        ]
      },
      "id": "node/6955766961"
    },
    {
      "type": "Feature",
      "properties": {
        "@id": "node/6955767044",
        "crossing": "uncontrolled",
        "crossing:markings": "zebra",
        "highway": "crossing",
        "tactile_paving": "no"
      },
      "geometry": {
        "type": "Point",
        "coordinates": [
          2.4893907,
          48.907628
        ]
      },
      "id": "node/6955767044"
    },
    {
      "type": "Feature",
      "properties": {
        "@id": "node/6955767960",
        "crossing": "marked",
        "highway": "crossing",
        "tactile_paving": "yes"
      },
      "geometry": {
        "type": "Point",
        "coordinates": [
          2.4886946,
          48.9067451
        ]
      },
      "id": "node/6955767960"
    },
    {
      "type": "Feature",
      "properties": {
        "@id": "node/6955768195",
        "crossing": "marked",
        "crossing:markings": "yes",
        "highway": "crossing",
        "tactile_paving": "no"
      },
      "geometry": {
        "type": "Point",
        "coordinates": [
          2.489907,
          48.907494
        ]
      },
      "id": "node/6955768195"
    },
    {
      "type": "Feature",
      "properties": {
        "@id": "node/6955769840",
        "crossing": "uncontrolled",
        "crossing:markings": "zebra",
        "highway": "crossing"
      },
      "geometry": {
        "type": "Point",
        "coordinates": [
          2.4874977,
          48.9066681
        ]
      },
      "id": "node/6955769840"
    },
    {
      "type": "Feature",
      "properties": {
        "@id": "node/6955770142",
        "crossing": "uncontrolled",
        "crossing:markings": "zebra",
        "highway": "crossing"
      },
      "geometry": {
        "type": "Point",
        "coordinates": [
          2.480269,
          48.9048048
        ]
      },
      "id": "node/6955770142"
    },
    {
      "type": "Feature",
      "properties": {
        "@id": "node/6955771123",
        "crossing": "uncontrolled",
        "crossing:markings": "zebra",
        "highway": "crossing",
        "tactile_paving": "yes"
      },
      "geometry": {
        "type": "Point",
        "coordinates": [
          2.489196,
          48.9072157
        ]
      },
      "id": "node/6955771123"
    },
    {
      "type": "Feature",
      "properties": {
        "@id": "node/6955775186",
        "crossing": "uncontrolled",
        "crossing:island": "yes",
        "crossing:markings": "zebra",
        "highway": "crossing",
        "kerb": "raised",
        "tactile_paving": "yes"
      },
      "geometry": {
        "type": "Point",
        "coordinates": [
          2.4889746,
          48.9072522
        ]
      },
      "id": "node/6955775186"
    },
    {
      "type": "Feature",
      "properties": {
        "@id": "node/6955778212",
        "crossing": "uncontrolled",
        "crossing:island": "no",
        "crossing:markings": "zebra",
        "highway": "crossing",
        "tactile_paving": "yes"
      },
      "geometry": {
        "type": "Point",
        "coordinates": [
          2.4803157,
          48.9056584
        ]
      },
      "id": "node/6955778212"
    },
    {
      "type": "Feature",
      "properties": {
        "@id": "node/6955781132",
        "crossing": "uncontrolled",
        "crossing:markings": "zebra",
        "highway": "crossing",
        "tactile_paving": "no"
      },
      "geometry": {
        "type": "Point",
        "coordinates": [
          2.4887545,
          48.9069375
        ]
      },
      "id": "node/6955781132"
    },
    {
      "type": "Feature",
      "properties": {
        "@id": "node/6955781416",
        "crossing": "marked",
        "crossing:markings": "yes",
        "highway": "crossing",
        "tactile_paving": "no"
      },
      "geometry": {
        "type": "Point",
        "coordinates": [
          2.4898669,
          48.9074493
        ]
      },
      "id": "node/6955781416"
    },
    {
      "type": "Feature",
      "properties": {
        "@id": "node/6955781729",
        "crossing": "uncontrolled",
        "crossing:island": "no",
        "crossing:markings": "zebra",
        "highway": "crossing",
        "tactile_paving": "no"
      },
      "geometry": {
        "type": "Point",
        "coordinates": [
          2.4846199,
          48.9066556
        ]
      },
      "id": "node/6955781729"
    },
    {
      "type": "Feature",
      "properties": {
        "@id": "node/6955782026",
        "crossing": "uncontrolled",
        "crossing:island": "no",
        "crossing:markings": "zebra",
        "highway": "crossing",
        "tactile_paving": "yes"
      },
      "geometry": {
        "type": "Point",
        "coordinates": [
          2.4884245,
          48.906755
        ]
      },
      "id": "node/6955782026"
    },
    {
      "type": "Feature",
      "properties": {
        "@id": "node/6955782032",
        "crossing": "uncontrolled",
        "crossing:markings": "zebra",
        "highway": "crossing"
      },
      "geometry": {
        "type": "Point",
        "coordinates": [
          2.4832313,
          48.9061071
        ]
      },
      "id": "node/6955782032"
    },
    {
      "type": "Feature",
      "properties": {
        "@id": "node/6955785640",
        "crossing": "uncontrolled",
        "crossing:markings": "zebra",
        "highway": "crossing",
        "tactile_paving": "no"
      },
      "geometry": {
        "type": "Point",
        "coordinates": [
          2.4861204,
          48.9068218
        ]
      },
      "id": "node/6955785640"
    },
    {
      "type": "Feature",
      "properties": {
        "@id": "node/6955785849",
        "crossing": "uncontrolled",
        "crossing:markings": "zebra",
        "highway": "crossing"
      },
      "geometry": {
        "type": "Point",
        "coordinates": [
          2.480363,
          48.9049045
        ]
      },
      "id": "node/6955785849"
    },
    {
      "type": "Feature",
      "properties": {
        "@id": "node/6955805656",
        "crossing": "uncontrolled",
        "crossing:markings": "zebra",
        "highway": "crossing",
        "tactile_paving": "yes"
      },
      "geometry": {
        "type": "Point",
        "coordinates": [
          2.4805521,
          48.9057935
        ]
      },
      "id": "node/6955805656"
    },
    {
      "type": "Feature",
      "properties": {
        "@id": "node/6955817687",
        "crossing": "uncontrolled",
        "crossing:markings": "zebra",
        "highway": "crossing"
      },
      "geometry": {
        "type": "Point",
        "coordinates": [
          2.4802936,
          48.9043536
        ]
      },
      "id": "node/6955817687"
    },
    {
      "type": "Feature",
      "properties": {
        "@id": "node/6955818482",
        "crossing": "uncontrolled",
        "crossing:markings": "zebra",
        "highway": "crossing",
        "tactile_paving": "yes"
      },
      "geometry": {
        "type": "Point",
        "coordinates": [
          2.4812386,
          48.9037156
        ]
      },
      "id": "node/6955818482"
    },
    {
      "type": "Feature",
      "properties": {
        "@id": "node/6958230944",
        "crossing": "traffic_signals",
        "crossing:markings": "zebra",
        "highway": "crossing"
      },
      "geometry": {
        "type": "Point",
        "coordinates": [
          2.4798193,
          48.9032078
        ]
      },
      "id": "node/6958230944"
    },
    {
      "type": "Feature",
      "properties": {
        "@id": "node/6958239656",
        "crossing": "uncontrolled",
        "crossing:markings": "zebra",
        "highway": "crossing",
        "tactile_paving": "yes"
      },
      "geometry": {
        "type": "Point",
        "coordinates": [
          2.4762429,
          48.903662
        ]
      },
      "id": "node/6958239656"
    },
    {
      "type": "Feature",
      "properties": {
        "@id": "node/6958250348",
        "crossing": "uncontrolled",
        "crossing:markings": "zebra",
        "highway": "crossing"
      },
      "geometry": {
        "type": "Point",
        "coordinates": [
          2.4732841,
          48.9014069
        ]
      },
      "id": "node/6958250348"
    },
    {
      "type": "Feature",
      "properties": {
        "@id": "node/6958250766",
        "crossing": "uncontrolled",
        "crossing:island": "no",
        "crossing:markings": "zebra",
        "highway": "crossing",
        "tactile_paving": "yes"
      },
      "geometry": {
        "type": "Point",
        "coordinates": [
          2.4708996,
          48.9004346
        ]
      },
      "id": "node/6958250766"
    },
    {
      "type": "Feature",
      "properties": {
        "@id": "node/6958282804",
        "crossing": "marked",
        "crossing:island": "no",
        "crossing:markings": "zebra",
        "highway": "crossing",
        "tactile_paving": "yes"
      },
      "geometry": {
        "type": "Point",
        "coordinates": [
          2.4760223,
          48.9037567
        ]
      },
      "id": "node/6958282804"
    },
    {
      "type": "Feature",
      "properties": {
        "@id": "node/6958297378",
        "crossing": "uncontrolled",
        "crossing:markings": "zebra",
        "highway": "crossing"
      },
      "geometry": {
        "type": "Point",
        "coordinates": [
          2.4734012,
          48.9021909
        ]
      },
      "id": "node/6958297378"
    },
    {
      "type": "Feature",
      "properties": {
        "@id": "node/6958298598",
        "crossing": "uncontrolled",
        "crossing:markings": "zebra",
        "highway": "crossing"
      },
      "geometry": {
        "type": "Point",
        "coordinates": [
          2.4732316,
          48.9027478
        ]
      },
      "id": "node/6958298598"
    },
    {
      "type": "Feature",
      "properties": {
        "@id": "node/6958303354",
        "crossing": "uncontrolled",
        "crossing:markings": "zebra",
        "highway": "crossing"
      },
      "geometry": {
        "type": "Point",
        "coordinates": [
          2.4771956,
          48.8977304
        ]
      },
      "id": "node/6958303354"
    },
    {
      "type": "Feature",
      "properties": {
        "@id": "node/6958310353",
        "crossing": "uncontrolled",
        "crossing:markings": "zebra",
        "highway": "crossing",
        "tactile_paving": "yes"
      },
      "geometry": {
        "type": "Point",
        "coordinates": [
          2.4709811,
          48.9003644
        ]
      },
      "id": "node/6958310353"
    },
    {
      "type": "Feature",
      "properties": {
        "@id": "node/6958333611",
        "crossing": "uncontrolled",
        "crossing:markings": "zebra",
        "highway": "crossing"
      },
      "geometry": {
        "type": "Point",
        "coordinates": [
          2.4772484,
          48.897819
        ]
      },
      "id": "node/6958333611"
    },
    {
      "type": "Feature",
      "properties": {
        "@id": "node/6958336932",
        "crossing": "uncontrolled",
        "crossing:markings": "zebra",
        "highway": "crossing"
      },
      "geometry": {
        "type": "Point",
        "coordinates": [
          2.4746045,
          48.8980906
        ]
      },
      "id": "node/6958336932"
    },
    {
      "type": "Feature",
      "properties": {
        "@id": "node/6958338278",
        "crossing": "uncontrolled",
        "crossing:markings": "zebra",
        "highway": "crossing"
      },
      "geometry": {
        "type": "Point",
        "coordinates": [
          2.4747372,
          48.8981298
        ]
      },
      "id": "node/6958338278"
    },
    {
      "type": "Feature",
      "properties": {
        "@id": "node/6958339808",
        "crossing": "uncontrolled",
        "crossing:markings": "zebra",
        "highway": "crossing"
      },
      "geometry": {
        "type": "Point",
        "coordinates": [
          2.4729252,
          48.895704
        ]
      },
      "id": "node/6958339808"
    },
    {
      "type": "Feature",
      "properties": {
        "@id": "node/6958343657",
        "crossing": "uncontrolled",
        "crossing:markings": "zebra",
        "highway": "crossing"
      },
      "geometry": {
        "type": "Point",
        "coordinates": [
          2.4740828,
          48.8973783
        ]
      },
      "id": "node/6958343657"
    },
    {
      "type": "Feature",
      "properties": {
        "@id": "node/6958349577",
        "crossing": "uncontrolled",
        "crossing:markings": "zebra",
        "highway": "crossing",
        "tactile_paving": "yes"
      },
      "geometry": {
        "type": "Point",
        "coordinates": [
          2.4773957,
          48.897822
        ]
      },
      "id": "node/6958349577"
    },
    {
      "type": "Feature",
      "properties": {
        "@id": "node/6958353248",
        "crossing": "uncontrolled",
        "crossing:markings": "zebra",
        "highway": "crossing",
        "tactile_paving": "yes"
      },
      "geometry": {
        "type": "Point",
        "coordinates": [
          2.4788229,
          48.9011255
        ]
      },
      "id": "node/6958353248"
    },
    {
      "type": "Feature",
      "properties": {
        "@id": "node/6958355511",
        "crossing": "uncontrolled",
        "crossing:markings": "zebra",
        "highway": "crossing"
      },
      "geometry": {
        "type": "Point",
        "coordinates": [
          2.4783136,
          48.8995258
        ]
      },
      "id": "node/6958355511"
    },
    {
      "type": "Feature",
      "properties": {
        "@id": "node/6958355678",
        "crossing": "uncontrolled",
        "crossing:markings": "zebra",
        "highway": "crossing"
      },
      "geometry": {
        "type": "Point",
        "coordinates": [
          2.4783342,
          48.8994426
        ]
      },
      "id": "node/6958355678"
    },
    {
      "type": "Feature",
      "properties": {
        "@id": "node/6958363132",
        "crossing": "uncontrolled",
        "crossing:markings": "zebra",
        "highway": "crossing"
      },
      "geometry": {
        "type": "Point",
        "coordinates": [
          2.4772189,
          48.8971549
        ]
      },
      "id": "node/6958363132"
    },
    {
      "type": "Feature",
      "properties": {
        "@id": "node/6958381952",
        "crossing": "uncontrolled",
        "crossing:markings": "zebra",
        "highway": "crossing"
      },
      "geometry": {
        "type": "Point",
        "coordinates": [
          2.4786178,
          48.9004738
        ]
      },
      "id": "node/6958381952"
    },
    {
      "type": "Feature",
      "properties": {
        "@id": "node/6958386689",
        "crossing": "uncontrolled",
        "crossing:markings": "zebra",
        "highway": "crossing",
        "tactile_paving": "yes"
      },
      "geometry": {
        "type": "Point",
        "coordinates": [
          2.4787101,
          48.9010759
        ]
      },
      "id": "node/6958386689"
    },
    {
      "type": "Feature",
      "properties": {
        "@id": "node/6958388996",
        "crossing": "uncontrolled",
        "crossing:markings": "zebra",
        "highway": "crossing"
      },
      "geometry": {
        "type": "Point",
        "coordinates": [
          2.4786817,
          48.9003663
        ]
      },
      "id": "node/6958388996"
    },
    {
      "type": "Feature",
      "properties": {
        "@id": "node/6958414640",
        "crossing": "uncontrolled",
        "crossing:markings": "zebra",
        "highway": "crossing"
      },
      "geometry": {
        "type": "Point",
        "coordinates": [
          2.4769856,
          48.9014865
        ]
      },
      "id": "node/6958414640"
    },
    {
      "type": "Feature",
      "properties": {
        "@id": "node/6958414651",
        "crossing": "uncontrolled",
        "crossing:markings": "zebra",
        "highway": "crossing"
      },
      "geometry": {
        "type": "Point",
        "coordinates": [
          2.4751825,
          48.9017068
        ]
      },
      "id": "node/6958414651"
    },
    {
      "type": "Feature",
      "properties": {
        "@id": "node/6958470954",
        "crossing": "uncontrolled",
        "crossing:markings": "zebra",
        "highway": "crossing"
      },
      "geometry": {
        "type": "Point",
        "coordinates": [
          2.476857,
          48.9014394
        ]
      },
      "id": "node/6958470954"
    },
    {
      "type": "Feature",
      "properties": {
        "@id": "node/6958472829",
        "crossing": "marked",
        "crossing:markings": "zebra",
        "highway": "crossing",
        "tactile_paving": "yes"
      },
      "geometry": {
        "type": "Point",
        "coordinates": [
          2.4798282,
          48.9029191
        ]
      },
      "id": "node/6958472829"
    },
    {
      "type": "Feature",
      "properties": {
        "@id": "node/6958476230",
        "crossing": "uncontrolled",
        "crossing:markings": "zebra",
        "highway": "crossing"
      },
      "geometry": {
        "type": "Point",
        "coordinates": [
          2.4752514,
          48.901834
        ]
      },
      "id": "node/6958476230"
    },
    {
      "type": "Feature",
      "properties": {
        "@id": "node/6958479204",
        "crossing": "uncontrolled",
        "crossing:markings": "zebra",
        "highway": "crossing"
      },
      "geometry": {
        "type": "Point",
        "coordinates": [
          2.4791709,
          48.9017444
        ]
      },
      "id": "node/6958479204"
    },
    {
      "type": "Feature",
      "properties": {
        "@id": "node/6958479228",
        "crossing": "uncontrolled",
        "crossing:markings": "zebra",
        "highway": "crossing"
      },
      "geometry": {
        "type": "Point",
        "coordinates": [
          2.4864453,
          48.8987208
        ]
      },
      "id": "node/6958479228"
    },
    {
      "type": "Feature",
      "properties": {
        "@id": "node/6958483452",
        "crossing": "uncontrolled",
        "crossing:markings": "zebra",
        "highway": "crossing"
      },
      "geometry": {
        "type": "Point",
        "coordinates": [
          2.4769358,
          48.9013748
        ]
      },
      "id": "node/6958483452"
    },
    {
      "type": "Feature",
      "properties": {
        "@id": "node/6958488549",
        "crossing": "uncontrolled",
        "crossing:markings": "zebra",
        "highway": "crossing"
      },
      "geometry": {
        "type": "Point",
        "coordinates": [
          2.475339,
          48.9017411
        ]
      },
      "id": "node/6958488549"
    },
    {
      "type": "Feature",
      "properties": {
        "@id": "node/6958489941",
        "crossing": "uncontrolled",
        "crossing:markings": "zebra",
        "highway": "crossing"
      },
      "geometry": {
        "type": "Point",
        "coordinates": [
          2.4761278,
          48.8992673
        ]
      },
      "id": "node/6958489941"
    },
    {
      "type": "Feature",
      "properties": {
        "@id": "node/6958490759",
        "crossing": "uncontrolled",
        "crossing:markings": "zebra",
        "highway": "crossing"
      },
      "geometry": {
        "type": "Point",
        "coordinates": [
          2.4793203,
          48.9020136
        ]
      },
      "id": "node/6958490759"
    },
    {
      "type": "Feature",
      "properties": {
        "@id": "node/6958499362",
        "crossing": "uncontrolled",
        "crossing:markings": "zebra",
        "highway": "crossing"
      },
      "geometry": {
        "type": "Point",
        "coordinates": [
          2.4750948,
          48.9017864
        ]
      },
      "id": "node/6958499362"
    },
    {
      "type": "Feature",
      "properties": {
        "@id": "node/6958500458",
        "crossing": "uncontrolled",
        "crossing:markings": "zebra",
        "highway": "crossing"
      },
      "geometry": {
        "type": "Point",
        "coordinates": [
          2.4763885,
          48.9004791
        ]
      },
      "id": "node/6958500458"
    },
    {
      "type": "Feature",
      "properties": {
        "@id": "node/6958500701",
        "crossing": "uncontrolled",
        "crossing:markings": "zebra",
        "highway": "crossing"
      },
      "geometry": {
        "type": "Point",
        "coordinates": [
          2.4770785,
          48.9013948
        ]
      },
      "id": "node/6958500701"
    },
    {
      "type": "Feature",
      "properties": {
        "@id": "node/6958501497",
        "crossing": "uncontrolled",
        "crossing:markings": "zebra",
        "highway": "crossing"
      },
      "geometry": {
        "type": "Point",
        "coordinates": [
          2.4776794,
          48.9012287
        ]
      },
      "id": "node/6958501497"
    },
    {
      "type": "Feature",
      "properties": {
        "@id": "node/6958501777",
        "crossing": "uncontrolled",
        "crossing:markings": "zebra",
        "highway": "crossing"
      },
      "geometry": {
        "type": "Point",
        "coordinates": [
          2.4764266,
          48.9015249
        ]
      },
      "id": "node/6958501777"
    },
    {
      "type": "Feature",
      "properties": {
        "@id": "node/6958502230",
        "crossing": "uncontrolled",
        "crossing:markings": "zebra",
        "highway": "crossing"
      },
      "geometry": {
        "type": "Point",
        "coordinates": [
          2.4762435,
          48.899364
        ]
      },
      "id": "node/6958502230"
    },
    {
      "type": "Feature",
      "properties": {
        "@id": "node/6958503918",
        "crossing": "uncontrolled",
        "crossing:markings": "zebra",
        "highway": "crossing"
      },
      "geometry": {
        "type": "Point",
        "coordinates": [
          2.4768776,
          48.8992699
        ]
      },
      "id": "node/6958503918"
    },
    {
      "type": "Feature",
      "properties": {
        "@id": "node/6958505325",
        "crossing": "uncontrolled",
        "crossing:markings": "zebra",
        "highway": "crossing",
        "kerb": "lowered",
        "tactile_paving": "yes"
      },
      "geometry": {
        "type": "Point",
        "coordinates": [
          2.4761035,
          48.8995012
        ]
      },
      "id": "node/6958505325"
    },
    {
      "type": "Feature",
      "properties": {
        "@id": "node/6958505326",
        "crossing": "uncontrolled",
        "crossing:markings": "zebra",
        "highway": "crossing"
      },
      "geometry": {
        "type": "Point",
        "coordinates": [
          2.4853338,
          48.898824
        ]
      },
      "id": "node/6958505326"
    },
    {
      "type": "Feature",
      "properties": {
        "@id": "node/6958507422",
        "crossing": "uncontrolled",
        "crossing:markings": "zebra",
        "highway": "crossing"
      },
      "geometry": {
        "type": "Point",
        "coordinates": [
          2.4867119,
          48.8985679
        ]
      },
      "id": "node/6958507422"
    },
    {
      "type": "Feature",
      "properties": {
        "@id": "node/6958513509",
        "crossing": "uncontrolled",
        "crossing:markings": "zebra",
        "highway": "crossing"
      },
      "geometry": {
        "type": "Point",
        "coordinates": [
          2.4768392,
          48.8993372
        ]
      },
      "id": "node/6958513509"
    },
    {
      "type": "Feature",
      "properties": {
        "@id": "node/6958514063",
        "crossing": "uncontrolled",
        "crossing:island": "no",
        "crossing:markings": "zebra",
        "highway": "crossing",
        "tactile_paving": "yes"
      },
      "geometry": {
        "type": "Point",
        "coordinates": [
          2.4707824,
          48.9016592
        ]
      },
      "id": "node/6958514063"
    },
    {
      "type": "Feature",
      "properties": {
        "@id": "node/6958514322",
        "crossing": "uncontrolled",
        "crossing:island": "no",
        "crossing:markings": "zebra",
        "highway": "crossing",
        "tactile_paving": "yes"
      },
      "geometry": {
        "type": "Point",
        "coordinates": [
          2.4708982,
          48.9015814
        ]
      },
      "id": "node/6958514322"
    },
    {
      "type": "Feature",
      "properties": {
        "@id": "node/6958515040",
        "crossing": "uncontrolled",
        "crossing:markings": "zebra",
        "highway": "crossing",
        "tactile_paving": "yes"
      },
      "geometry": {
        "type": "Point",
        "coordinates": [
          2.474203,
          48.8998969
        ]
      },
      "id": "node/6958515040"
    },
    {
      "type": "Feature",
      "properties": {
        "@id": "node/6958517811",
        "crossing": "uncontrolled",
        "crossing:markings": "zebra",
        "highway": "crossing"
      },
      "geometry": {
        "type": "Point",
        "coordinates": [
          2.4860103,
          48.9018137
        ]
      },
      "id": "node/6958517811"
    },
    {
      "type": "Feature",
      "properties": {
        "@id": "node/6958521526",
        "crossing": "uncontrolled",
        "crossing:markings": "zebra",
        "highway": "crossing"
      },
      "geometry": {
        "type": "Point",
        "coordinates": [
          2.4765584,
          48.9005065
        ]
      },
      "id": "node/6958521526"
    },
    {
      "type": "Feature",
      "properties": {
        "@id": "node/6958521527",
        "crossing": "uncontrolled",
        "crossing:markings": "zebra",
        "highway": "crossing"
      },
      "geometry": {
        "type": "Point",
        "coordinates": [
          2.4747652,
          48.9007626
        ]
      },
      "id": "node/6958521527"
    },
    {
      "type": "Feature",
      "properties": {
        "@id": "node/6958526570",
        "crossing": "uncontrolled",
        "crossing:markings": "zebra",
        "highway": "crossing"
      },
      "geometry": {
        "type": "Point",
        "coordinates": [
          2.4860026,
          48.9017598
        ]
      },
      "id": "node/6958526570"
    },
    {
      "type": "Feature",
      "properties": {
        "@id": "node/6958528367",
        "crossing": "uncontrolled",
        "crossing:markings": "zebra",
        "highway": "crossing"
      },
      "geometry": {
        "type": "Point",
        "coordinates": [
          2.4860443,
          48.8986629
        ]
      },
      "id": "node/6958528367"
    },
    {
      "type": "Feature",
      "properties": {
        "@id": "node/6958532164",
        "crossing": "uncontrolled",
        "crossing:markings": "zebra",
        "highway": "crossing"
      },
      "geometry": {
        "type": "Point",
        "coordinates": [
          2.4908144,
          48.8981448
        ]
      },
      "id": "node/6958532164"
    },
    {
      "type": "Feature",
      "properties": {
        "@id": "node/6958535005",
        "crossing": "uncontrolled",
        "crossing:markings": "zebra",
        "highway": "crossing"
      },
      "geometry": {
        "type": "Point",
        "coordinates": [
          2.4764783,
          48.9003277
        ]
      },
      "id": "node/6958535005"
    },
    {
      "type": "Feature",
      "properties": {
        "@id": "node/6958535024",
        "crossing": "uncontrolled",
        "crossing:markings": "zebra",
        "highway": "crossing"
      },
      "geometry": {
        "type": "Point",
        "coordinates": [
          2.4903022,
          48.8981405
        ]
      },
      "id": "node/6958535024"
    },
    {
      "type": "Feature",
      "properties": {
        "@id": "node/6958561340",
        "crossing": "uncontrolled",
        "crossing:markings": "zebra",
        "highway": "crossing"
      },
      "geometry": {
        "type": "Point",
        "coordinates": [
          2.4896884,
          48.8981608
        ]
      },
      "id": "node/6958561340"
    },
    {
      "type": "Feature",
      "properties": {
        "@id": "node/6960035437",
        "crossing": "uncontrolled",
        "crossing:markings": "zebra",
        "highway": "crossing"
      },
      "geometry": {
        "type": "Point",
        "coordinates": [
          2.4926717,
          48.897699
        ]
      },
      "id": "node/6960035437"
    },
    {
      "type": "Feature",
      "properties": {
        "@id": "node/6960035584",
        "crossing": "uncontrolled",
        "crossing:markings": "zebra",
        "highway": "crossing",
        "tactile_paving": "yes"
      },
      "geometry": {
        "type": "Point",
        "coordinates": [
          2.4927184,
          48.8978275
        ]
      },
      "id": "node/6960035584"
    },
    {
      "type": "Feature",
      "properties": {
        "@id": "node/6960042059",
        "crossing": "uncontrolled",
        "crossing:markings": "zebra",
        "highway": "crossing"
      },
      "geometry": {
        "type": "Point",
        "coordinates": [
          2.4921994,
          48.8977864
        ]
      },
      "id": "node/6960042059"
    },
    {
      "type": "Feature",
      "properties": {
        "@id": "node/6960053480",
        "crossing": "uncontrolled",
        "crossing:markings": "zebra",
        "highway": "crossing",
        "tactile_paving": "yes"
      },
      "geometry": {
        "type": "Point",
        "coordinates": [
          2.4948405,
          48.8972068
        ]
      },
      "id": "node/6960053480"
    },
    {
      "type": "Feature",
      "properties": {
        "@id": "node/6960058862",
        "crossing": "uncontrolled",
        "crossing:markings": "zebra",
        "highway": "crossing"
      },
      "geometry": {
        "type": "Point",
        "coordinates": [
          2.4945095,
          48.8973078
        ]
      },
      "id": "node/6960058862"
    },
    {
      "type": "Feature",
      "properties": {
        "@id": "node/6960058974",
        "crossing": "uncontrolled",
        "crossing:markings": "zebra",
        "highway": "crossing"
      },
      "geometry": {
        "type": "Point",
        "coordinates": [
          2.4936966,
          48.8975536
        ]
      },
      "id": "node/6960058974"
    },
    {
      "type": "Feature",
      "properties": {
        "@id": "node/6960060823",
        "crossing": "uncontrolled",
        "crossing:markings": "zebra",
        "highway": "crossing",
        "tactile_paving": "no"
      },
      "geometry": {
        "type": "Point",
        "coordinates": [
          2.495302,
          48.8969594
        ]
      },
      "id": "node/6960060823"
    },
    {
      "type": "Feature",
      "properties": {
        "@id": "node/6960066005",
        "crossing": "uncontrolled",
        "crossing:markings": "zebra",
        "highway": "crossing"
      },
      "geometry": {
        "type": "Point",
        "coordinates": [
          2.4917155,
          48.8979729
        ]
      },
      "id": "node/6960066005"
    },
    {
      "type": "Feature",
      "properties": {
        "@id": "node/6960070324",
        "crossing": "uncontrolled",
        "crossing:markings": "zebra",
        "highway": "crossing"
      },
      "geometry": {
        "type": "Point",
        "coordinates": [
          2.492824,
          48.8977204
        ]
      },
      "id": "node/6960070324"
    },
    {
      "type": "Feature",
      "properties": {
        "@id": "node/6960070940",
        "crossing": "uncontrolled",
        "crossing:markings": "zebra",
        "highway": "crossing"
      },
      "geometry": {
        "type": "Point",
        "coordinates": [
          2.4975216,
          48.8963154
        ]
      },
      "id": "node/6960070940"
    },
    {
      "type": "Feature",
      "properties": {
        "@id": "node/6960072907",
        "crossing": "uncontrolled",
        "crossing:markings": "zebra",
        "highway": "crossing"
      },
      "geometry": {
        "type": "Point",
        "coordinates": [
          2.494245,
          48.8973471
        ]
      },
      "id": "node/6960072907"
    },
    {
      "type": "Feature",
      "properties": {
        "@id": "node/6960074354",
        "crossing": "uncontrolled",
        "crossing:markings": "zebra",
        "highway": "crossing"
      },
      "geometry": {
        "type": "Point",
        "coordinates": [
          2.4944388,
          48.8973888
        ]
      },
      "id": "node/6960074354"
    },
    {
      "type": "Feature",
      "properties": {
        "@id": "node/6960074838",
        "crossing": "uncontrolled",
        "crossing:markings": "zebra",
        "highway": "crossing"
      },
      "geometry": {
        "type": "Point",
        "coordinates": [
          2.4916313,
          48.8979446
        ]
      },
      "id": "node/6960074838"
    },
    {
      "type": "Feature",
      "properties": {
        "@id": "node/6960075166",
        "crossing": "uncontrolled",
        "crossing:markings": "zebra",
        "highway": "crossing",
        "tactile_paving": "no"
      },
      "geometry": {
        "type": "Point",
        "coordinates": [
          2.4948831,
          48.8970646
        ]
      },
      "id": "node/6960075166"
    },
    {
      "type": "Feature",
      "properties": {
        "@id": "node/6960075167",
        "crossing": "uncontrolled",
        "crossing:island": "no",
        "crossing:markings": "zebra",
        "highway": "crossing",
        "tactile_paving": "no"
      },
      "geometry": {
        "type": "Point",
        "coordinates": [
          2.4950228,
          48.8970519
        ]
      },
      "id": "node/6960075167"
    },
    {
      "type": "Feature",
      "properties": {
        "@id": "node/6960076867",
        "crossing": "uncontrolled",
        "crossing:markings": "zebra",
        "highway": "crossing"
      },
      "geometry": {
        "type": "Point",
        "coordinates": [
          2.4914827,
          48.8979216
        ]
      },
      "id": "node/6960076867"
    },
    {
      "type": "Feature",
      "properties": {
        "@id": "node/6960078277",
        "crossing": "uncontrolled",
        "crossing:markings": "zebra",
        "highway": "crossing"
      },
      "geometry": {
        "type": "Point",
        "coordinates": [
          2.4935588,
          48.8975346
        ]
      },
      "id": "node/6960078277"
    },
    {
      "type": "Feature",
      "properties": {
        "@id": "node/6960078438",
        "crossing": "uncontrolled",
        "crossing:markings": "zebra",
        "highway": "crossing"
      },
      "geometry": {
        "type": "Point",
        "coordinates": [
          2.4999579,
          48.895776
        ]
      },
      "id": "node/6960078438"
    },
    {
      "type": "Feature",
      "properties": {
        "@id": "node/6960082489",
        "crossing": "uncontrolled",
        "crossing:markings": "zebra",
        "highway": "crossing"
      },
      "geometry": {
        "type": "Point",
        "coordinates": [
          2.4935868,
          48.8976196
        ]
      },
      "id": "node/6960082489"
    },
    {
      "type": "Feature",
      "properties": {
        "@id": "node/6960090963",
        "crossing": "uncontrolled",
        "crossing:markings": "zebra",
        "highway": "crossing"
      },
      "geometry": {
        "type": "Point",
        "coordinates": [
          2.4968704,
          48.8964112
        ]
      },
      "id": "node/6960090963"
    },
    {
      "type": "Feature",
      "properties": {
        "@id": "node/6960097550",
        "crossing": "uncontrolled",
        "crossing:markings": "zebra",
        "highway": "crossing"
      },
      "geometry": {
        "type": "Point",
        "coordinates": [
          2.4976349,
          48.8962485
        ]
      },
      "id": "node/6960097550"
    },
    {
      "type": "Feature",
      "properties": {
        "@id": "node/6960098623",
        "crossing": "uncontrolled",
        "crossing:markings": "zebra",
        "highway": "crossing"
      },
      "geometry": {
        "type": "Point",
        "coordinates": [
          2.4957052,
          48.8966734
        ]
      },
      "id": "node/6960098623"
    },
    {
      "type": "Feature",
      "properties": {
        "@id": "node/6960102579",
        "crossing": "uncontrolled",
        "crossing:markings": "zebra",
        "highway": "crossing",
        "tactile_paving": "yes"
      },
      "geometry": {
        "type": "Point",
        "coordinates": [
          2.5000781,
          48.8956375
        ]
      },
      "id": "node/6960102579"
    },
    {
      "type": "Feature",
      "properties": {
        "@id": "node/6962780208",
        "crossing": "uncontrolled",
        "crossing:markings": "zebra",
        "highway": "crossing",
        "tactile_paving": "yes"
      },
      "geometry": {
        "type": "Point",
        "coordinates": [
          2.4934229,
          48.9062917
        ]
      },
      "id": "node/6962780208"
    },
    {
      "type": "Feature",
      "properties": {
        "@id": "node/6963010262",
        "crossing": "uncontrolled",
        "crossing:markings": "zebra",
        "highway": "crossing"
      },
      "geometry": {
        "type": "Point",
        "coordinates": [
          2.4933871,
          48.9058507
        ]
      },
      "id": "node/6963010262"
    },
    {
      "type": "Feature",
      "properties": {
        "@id": "node/6963026679",
        "crossing": "uncontrolled",
        "crossing:markings": "zebra",
        "highway": "crossing",
        "tactile_paving": "yes"
      },
      "geometry": {
        "type": "Point",
        "coordinates": [
          2.4891562,
          48.9063021
        ]
      },
      "id": "node/6963026679"
    },
    {
      "type": "Feature",
      "properties": {
        "@id": "node/6963029168",
        "crossing": "uncontrolled",
        "crossing:markings": "zebra",
        "highway": "crossing"
      },
      "geometry": {
        "type": "Point",
        "coordinates": [
          2.4908187,
          48.9046982
        ]
      },
      "id": "node/6963029168"
    },
    {
      "type": "Feature",
      "properties": {
        "@id": "node/6963029352",
        "crossing": "uncontrolled",
        "crossing:markings": "zebra",
        "highway": "crossing"
      },
      "geometry": {
        "type": "Point",
        "coordinates": [
          2.4908657,
          48.9045715
        ]
      },
      "id": "node/6963029352"
    },
    {
      "type": "Feature",
      "properties": {
        "@id": "node/6963030893",
        "crossing": "uncontrolled",
        "crossing:markings": "zebra",
        "highway": "crossing",
        "tactile_paving": "yes"
      },
      "geometry": {
        "type": "Point",
        "coordinates": [
          2.4934481,
          48.9067339
        ]
      },
      "id": "node/6963030893"
    },
    {
      "type": "Feature",
      "properties": {
        "@id": "node/6963036449",
        "crossing": "uncontrolled",
        "crossing:markings": "zebra",
        "highway": "crossing"
      },
      "geometry": {
        "type": "Point",
        "coordinates": [
          2.4870081,
          48.9080885
        ]
      },
      "id": "node/6963036449"
    },
    {
      "type": "Feature",
      "properties": {
        "@id": "node/6963036618",
        "crossing": "uncontrolled",
        "crossing:markings": "zebra",
        "highway": "crossing"
      },
      "geometry": {
        "type": "Point",
        "coordinates": [
          2.4906363,
          48.9047515
        ]
      },
      "id": "node/6963036618"
    },
    {
      "type": "Feature",
      "properties": {
        "@id": "node/6963041506",
        "crossing": "uncontrolled",
        "crossing:markings": "zebra",
        "highway": "crossing",
        "tactile_paving": "no"
      },
      "geometry": {
        "type": "Point",
        "coordinates": [
          2.4933465,
          48.905111
        ]
      },
      "id": "node/6963041506"
    },
    {
      "type": "Feature",
      "properties": {
        "@id": "node/6963164230",
        "crossing": "uncontrolled",
        "crossing:island": "no",
        "crossing:markings": "zebra",
        "highway": "crossing",
        "tactile_paving": "no"
      },
      "geometry": {
        "type": "Point",
        "coordinates": [
          2.4873429,
          48.9078107
        ]
      },
      "id": "node/6963164230"
    },
    {
      "type": "Feature",
      "properties": {
        "@id": "node/6963244197",
        "crossing": "uncontrolled",
        "crossing:markings": "zebra",
        "highway": "crossing",
        "tactile_paving": "yes"
      },
      "geometry": {
        "type": "Point",
        "coordinates": [
          2.4890241,
          48.9063465
        ]
      },
      "id": "node/6963244197"
    },
    {
      "type": "Feature",
      "properties": {
        "@id": "node/6963263063",
        "crossing": "uncontrolled",
        "crossing:markings": "zebra",
        "highway": "crossing"
      },
      "geometry": {
        "type": "Point",
        "coordinates": [
          2.4879083,
          48.9073415
        ]
      },
      "id": "node/6963263063"
    },
    {
      "type": "Feature",
      "properties": {
        "@id": "node/6963263321",
        "crossing": "uncontrolled",
        "crossing:markings": "zebra",
        "highway": "crossing"
      },
      "geometry": {
        "type": "Point",
        "coordinates": [
          2.4874658,
          48.9075556
        ]
      },
      "id": "node/6963263321"
    },
    {
      "type": "Feature",
      "properties": {
        "@id": "node/6963263675",
        "crossing": "uncontrolled",
        "crossing:island": "no",
        "crossing:markings": "zebra",
        "highway": "crossing"
      },
      "geometry": {
        "type": "Point",
        "coordinates": [
          2.4882726,
          48.9071477
        ]
      },
      "id": "node/6963263675"
    },
    {
      "type": "Feature",
      "properties": {
        "@id": "node/6963264314",
        "crossing": "uncontrolled",
        "crossing:markings": "zebra",
        "highway": "crossing",
        "tactile_paving": "yes"
      },
      "geometry": {
        "type": "Point",
        "coordinates": [
          2.4891081,
          48.9062097
        ]
      },
      "id": "node/6963264314"
    },
    {
      "type": "Feature",
      "properties": {
        "@id": "node/6964006341",
        "crossing": "uncontrolled",
        "crossing:markings": "zebra",
        "highway": "crossing"
      },
      "geometry": {
        "type": "Point",
        "coordinates": [
          2.484082,
          48.8990194
        ]
      },
      "id": "node/6964006341"
    },
    {
      "type": "Feature",
      "properties": {
        "@id": "node/6964024599",
        "crossing": "uncontrolled",
        "crossing:markings": "zebra",
        "highway": "crossing"
      },
      "geometry": {
        "type": "Point",
        "coordinates": [
          2.4839195,
          48.8989897
        ]
      },
      "id": "node/6964024599"
    },
    {
      "type": "Feature",
      "properties": {
        "@id": "node/6977383820",
        "crossing": "uncontrolled",
        "crossing:markings": "zebra",
        "highway": "crossing"
      },
      "geometry": {
        "type": "Point",
        "coordinates": [
          2.4825938,
          48.902161
        ]
      },
      "id": "node/6977383820"
    },
    {
      "type": "Feature",
      "properties": {
        "@id": "node/6977540881",
        "crossing": "uncontrolled",
        "crossing:markings": "zebra",
        "highway": "crossing",
        "tactile_paving": "yes"
      },
      "geometry": {
        "type": "Point",
        "coordinates": [
          2.479701,
          48.918226
        ]
      },
      "id": "node/6977540881"
    },
    {
      "type": "Feature",
      "properties": {
        "@id": "node/6977562929",
        "crossing": "uncontrolled",
        "crossing:markings": "zebra",
        "highway": "crossing",
        "tactile_paving": "yes"
      },
      "geometry": {
        "type": "Point",
        "coordinates": [
          2.4792466,
          48.9177515
        ]
      },
      "id": "node/6977562929"
    },
    {
      "type": "Feature",
      "properties": {
        "@id": "node/6977565424",
        "crossing": "uncontrolled",
        "crossing:markings": "zebra",
        "highway": "crossing"
      },
      "geometry": {
        "type": "Point",
        "coordinates": [
          2.4859817,
          48.918521
        ]
      },
      "id": "node/6977565424"
    },
    {
      "type": "Feature",
      "properties": {
        "@id": "node/6977585015",
        "crossing": "uncontrolled",
        "crossing:markings": "zebra",
        "highway": "crossing"
      },
      "geometry": {
        "type": "Point",
        "coordinates": [
          2.4795328,
          48.9176795
        ]
      },
      "id": "node/6977585015"
    },
    {
      "type": "Feature",
      "properties": {
        "@id": "node/6977590321",
        "crossing": "uncontrolled",
        "crossing:markings": "zebra",
        "highway": "crossing",
        "tactile_paving": "yes"
      },
      "geometry": {
        "type": "Point",
        "coordinates": [
          2.4789417,
          48.9180555
        ]
      },
      "id": "node/6977590321"
    },
    {
      "type": "Feature",
      "properties": {
        "@id": "node/6977597987",
        "crossing": "uncontrolled",
        "crossing:markings": "zebra",
        "highway": "crossing",
        "tactile_paving": "yes"
      },
      "geometry": {
        "type": "Point",
        "coordinates": [
          2.4794493,
          48.9182966
        ]
      },
      "id": "node/6977597987"
    },
    {
      "type": "Feature",
      "properties": {
        "@id": "node/7088470748",
        "crossing": "uncontrolled",
        "crossing:markings": "zebra",
        "highway": "crossing",
        "tactile_paving": "yes"
      },
      "geometry": {
        "type": "Point",
        "coordinates": [
          2.4957115,
          48.8996864
        ]
      },
      "id": "node/7088470748"
    },
    {
      "type": "Feature",
      "properties": {
        "@id": "node/7088499535",
        "crossing": "uncontrolled",
        "crossing:markings": "zebra",
        "highway": "crossing",
        "tactile_paving": "yes"
      },
      "geometry": {
        "type": "Point",
        "coordinates": [
          2.4980527,
          48.899632
        ]
      },
      "id": "node/7088499535"
    },
    {
      "type": "Feature",
      "properties": {
        "@id": "node/7088569449",
        "crossing": "uncontrolled",
        "crossing:markings": "zebra",
        "highway": "crossing"
      },
      "geometry": {
        "type": "Point",
        "coordinates": [
          2.4966341,
          48.8996145
        ]
      },
      "id": "node/7088569449"
    },
    {
      "type": "Feature",
      "properties": {
        "@id": "node/7088570753",
        "crossing": "uncontrolled",
        "crossing:markings": "zebra",
        "highway": "crossing",
        "tactile_paving": "yes"
      },
      "geometry": {
        "type": "Point",
        "coordinates": [
          2.4979607,
          48.8996872
        ]
      },
      "id": "node/7088570753"
    },
    {
      "type": "Feature",
      "properties": {
        "@id": "node/7088578681",
        "crossing": "uncontrolled",
        "crossing:markings": "zebra",
        "highway": "crossing"
      },
      "geometry": {
        "type": "Point",
        "coordinates": [
          2.4935823,
          48.8996388
        ]
      },
      "id": "node/7088578681"
    },
    {
      "type": "Feature",
      "properties": {
        "@id": "node/7088579483",
        "crossing": "uncontrolled",
        "crossing:markings": "zebra",
        "highway": "crossing",
        "tactile_paving": "yes"
      },
      "geometry": {
        "type": "Point",
        "coordinates": [
          2.4961,
          48.8997493
        ]
      },
      "id": "node/7088579483"
    },
    {
      "type": "Feature",
      "properties": {
        "@id": "node/7088579879",
        "crossing": "uncontrolled",
        "crossing:markings": "zebra",
        "highway": "crossing"
      },
      "geometry": {
        "type": "Point",
        "coordinates": [
          2.4975883,
          48.899658
        ]
      },
      "id": "node/7088579879"
    },
    {
      "type": "Feature",
      "properties": {
        "@id": "node/7088581803",
        "crossing": "uncontrolled",
        "crossing:markings": "zebra",
        "highway": "crossing"
      },
      "geometry": {
        "type": "Point",
        "coordinates": [
          2.497036,
          48.8996739
        ]
      },
      "id": "node/7088581803"
    },
    {
      "type": "Feature",
      "properties": {
        "@id": "node/7088594787",
        "crossing": "uncontrolled",
        "crossing:markings": "zebra",
        "highway": "crossing"
      },
      "geometry": {
        "type": "Point",
        "coordinates": [
          2.4969161,
          48.8997421
        ]
      },
      "id": "node/7088594787"
    },
    {
      "type": "Feature",
      "properties": {
        "@id": "node/7088597811",
        "crossing": "uncontrolled",
        "crossing:markings": "zebra",
        "highway": "crossing",
        "tactile_paving": "yes"
      },
      "geometry": {
        "type": "Point",
        "coordinates": [
          2.4967865,
          48.8996767
        ]
      },
      "id": "node/7088597811"
    },
    {
      "type": "Feature",
      "properties": {
        "@id": "node/7088598059",
        "crossing": "uncontrolled",
        "crossing:markings": "zebra",
        "highway": "crossing"
      },
      "geometry": {
        "type": "Point",
        "coordinates": [
          2.4919807,
          48.900249
        ]
      },
      "id": "node/7088598059"
    },
    {
      "type": "Feature",
      "properties": {
        "@id": "node/7088629386",
        "crossing": "uncontrolled",
        "crossing:markings": "zebra",
        "highway": "crossing"
      },
      "geometry": {
        "type": "Point",
        "coordinates": [
          2.4918295,
          48.9002433
        ]
      },
      "id": "node/7088629386"
    },
    {
      "type": "Feature",
      "properties": {
        "@id": "node/7088630487",
        "crossing": "uncontrolled",
        "crossing:markings": "zebra",
        "highway": "crossing"
      },
      "geometry": {
        "type": "Point",
        "coordinates": [
          2.4920131,
          48.9002895
        ]
      },
      "id": "node/7088630487"
    },
    {
      "type": "Feature",
      "properties": {
        "@id": "node/7088635106",
        "crossing": "uncontrolled",
        "crossing:markings": "zebra",
        "highway": "crossing"
      },
      "geometry": {
        "type": "Point",
        "coordinates": [
          2.4919147,
          48.9003718
        ]
      },
      "id": "node/7088635106"
    },
    {
      "type": "Feature",
      "properties": {
        "@id": "node/7088636148",
        "crossing": "uncontrolled",
        "crossing:markings": "zebra",
        "highway": "crossing"
      },
      "geometry": {
        "type": "Point",
        "coordinates": [
          2.4907646,
          48.9008917
        ]
      },
      "id": "node/7088636148"
    },
    {
      "type": "Feature",
      "properties": {
        "@id": "node/7088640355",
        "crossing": "uncontrolled",
        "crossing:markings": "zebra",
        "highway": "crossing"
      },
      "geometry": {
        "type": "Point",
        "coordinates": [
          2.4908618,
          48.9008695
        ]
      },
      "id": "node/7088640355"
    },
    {
      "type": "Feature",
      "properties": {
        "@id": "node/7088664481",
        "crossing": "uncontrolled",
        "crossing:markings": "zebra",
        "highway": "crossing",
        "tactile_paving": "yes"
      },
      "geometry": {
        "type": "Point",
        "coordinates": [
          2.4895929,
          48.9012104
        ]
      },
      "id": "node/7088664481"
    },
    {
      "type": "Feature",
      "properties": {
        "@id": "node/7088673034",
        "crossing": "uncontrolled",
        "crossing:markings": "zebra",
        "highway": "crossing",
        "tactile_paving": "yes"
      },
      "geometry": {
        "type": "Point",
        "coordinates": [
          2.4895636,
          48.9011778
        ]
      },
      "id": "node/7088673034"
    },
    {
      "type": "Feature",
      "properties": {
        "@id": "node/7088679111",
        "crossing": "uncontrolled",
        "crossing:markings": "zebra",
        "highway": "crossing",
        "tactile_paving": "yes"
      },
      "geometry": {
        "type": "Point",
        "coordinates": [
          2.4895175,
          48.9012849
        ]
      },
      "id": "node/7088679111"
    },
    {
      "type": "Feature",
      "properties": {
        "@id": "node/7088683159",
        "crossing": "uncontrolled",
        "crossing:markings": "zebra",
        "highway": "crossing",
        "tactile_paving": "yes"
      },
      "geometry": {
        "type": "Point",
        "coordinates": [
          2.4890219,
          48.9013342
        ]
      },
      "id": "node/7088683159"
    },
    {
      "type": "Feature",
      "properties": {
        "@id": "node/7088697361",
        "crossing": "uncontrolled",
        "crossing:markings": "zebra",
        "highway": "crossing",
        "tactile_paving": "yes"
      },
      "geometry": {
        "type": "Point",
        "coordinates": [
          2.4886636,
          48.9015271
        ]
      },
      "id": "node/7088697361"
    },
    {
      "type": "Feature",
      "properties": {
        "@id": "node/7088698804",
        "crossing": "uncontrolled",
        "crossing:markings": "zebra",
        "highway": "crossing",
        "tactile_paving": "yes"
      },
      "geometry": {
        "type": "Point",
        "coordinates": [
          2.4886516,
          48.9015076
        ]
      },
      "id": "node/7088698804"
    },
    {
      "type": "Feature",
      "properties": {
        "@id": "node/7088705093",
        "crossing": "uncontrolled",
        "crossing:markings": "zebra",
        "highway": "crossing",
        "tactile_paving": "yes"
      },
      "geometry": {
        "type": "Point",
        "coordinates": [
          2.4888032,
          48.9015453
        ]
      },
      "id": "node/7088705093"
    },
    {
      "type": "Feature",
      "properties": {
        "@id": "node/7088919159",
        "crossing": "uncontrolled",
        "crossing:markings": "zebra",
        "highway": "crossing"
      },
      "geometry": {
        "type": "Point",
        "coordinates": [
          2.4775679,
          48.9029544
        ]
      },
      "id": "node/7088919159"
    },
    {
      "type": "Feature",
      "properties": {
        "@id": "node/7089236464",
        "crossing": "uncontrolled",
        "crossing:markings": "zebra",
        "highway": "crossing"
      },
      "geometry": {
        "type": "Point",
        "coordinates": [
          2.4859857,
          48.9098567
        ]
      },
      "id": "node/7089236464"
    },
    {
      "type": "Feature",
      "properties": {
        "@id": "node/7089281989",
        "crossing": "uncontrolled",
        "crossing:markings": "zebra",
        "highway": "crossing"
      },
      "geometry": {
        "type": "Point",
        "coordinates": [
          2.4859694,
          48.9096942
        ]
      },
      "id": "node/7089281989"
    },
    {
      "type": "Feature",
      "properties": {
        "@id": "node/7089295572",
        "crossing": "uncontrolled",
        "crossing:markings": "zebra",
        "highway": "crossing"
      },
      "geometry": {
        "type": "Point",
        "coordinates": [
          2.4872905,
          48.9059579
        ]
      },
      "id": "node/7089295572"
    },
    {
      "type": "Feature",
      "properties": {
        "@id": "node/7089324491",
        "crossing": "uncontrolled",
        "crossing:markings": "zebra",
        "highway": "crossing",
        "kerb": "lowered",
        "tactile_paving": "no"
      },
      "geometry": {
        "type": "Point",
        "coordinates": [
          2.4869358,
          48.9089521
        ]
      },
      "id": "node/7089324491"
    },
    {
      "type": "Feature",
      "properties": {
        "@id": "node/7089328314",
        "crossing": "uncontrolled",
        "crossing:markings": "zebra",
        "highway": "crossing"
      },
      "geometry": {
        "type": "Point",
        "coordinates": [
          2.486139,
          48.9098426
        ]
      },
      "id": "node/7089328314"
    },
    {
      "type": "Feature",
      "properties": {
        "@id": "node/7089331277",
        "crossing": "uncontrolled",
        "crossing:markings": "zebra",
        "highway": "crossing"
      },
      "geometry": {
        "type": "Point",
        "coordinates": [
          2.4860838,
          48.9096909
        ]
      },
      "id": "node/7089331277"
    },
    {
      "type": "Feature",
      "properties": {
        "@id": "node/8223812186",
        "crossing": "marked",
        "highway": "crossing"
      },
      "geometry": {
        "type": "Point",
        "coordinates": [
          2.4842663,
          48.9125444
        ]
      },
      "id": "node/8223812186"
    },
    {
      "type": "Feature",
      "properties": {
        "@id": "node/8223812190",
        "crossing": "marked",
        "crossing:island": "no",
        "crossing:markings": "zebra",
        "highway": "crossing"
      },
      "geometry": {
        "type": "Point",
        "coordinates": [
          2.4851423,
          48.9122844
        ]
      },
      "id": "node/8223812190"
    },
    {
      "type": "Feature",
      "properties": {
        "@id": "node/8223812191",
        "crossing": "marked",
        "highway": "crossing"
      },
      "geometry": {
        "type": "Point",
        "coordinates": [
          2.483403,
          48.9127332
        ]
      },
      "id": "node/8223812191"
    },
    {
      "type": "Feature",
      "properties": {
        "@id": "node/8223812192",
        "crossing": "marked",
        "highway": "crossing"
      },
      "geometry": {
        "type": "Point",
        "coordinates": [
          2.48334,
          48.9128192
        ]
      },
      "id": "node/8223812192"
    },
    {
      "type": "Feature",
      "properties": {
        "@id": "node/8389715775",
        "crossing": "marked",
        "highway": "crossing"
      },
      "geometry": {
        "type": "Point",
        "coordinates": [
          2.4748304,
          48.8954394
        ]
      },
      "id": "node/8389715775"
    },
    {
      "type": "Feature",
      "properties": {
        "@id": "node/8389782625",
        "crossing": "uncontrolled",
        "crossing:markings": "yes",
        "highway": "crossing"
      },
      "geometry": {
        "type": "Point",
        "coordinates": [
          2.4821163,
          48.9011928
        ]
      },
      "id": "node/8389782625"
    },
    {
      "type": "Feature",
      "properties": {
        "@id": "node/8391908453",
        "crossing": "marked",
        "highway": "crossing"
      },
      "geometry": {
        "type": "Point",
        "coordinates": [
          2.4924283,
          48.8945738
        ]
      },
      "id": "node/8391908453"
    },
    {
      "type": "Feature",
      "properties": {
        "@id": "node/8391908454",
        "crossing": "marked",
        "highway": "crossing"
      },
      "geometry": {
        "type": "Point",
        "coordinates": [
          2.4930805,
          48.8944716
        ]
      },
      "id": "node/8391908454"
    },
    {
      "type": "Feature",
      "properties": {
        "@id": "node/8391908455",
        "crossing": "marked",
        "highway": "crossing"
      },
      "geometry": {
        "type": "Point",
        "coordinates": [
          2.4943476,
          48.8942979
        ]
      },
      "id": "node/8391908455"
    },
    {
      "type": "Feature",
      "properties": {
        "@id": "node/8391908456",
        "crossing": "marked",
        "highway": "crossing"
      },
      "geometry": {
        "type": "Point",
        "coordinates": [
          2.4938882,
          48.8942644
        ]
      },
      "id": "node/8391908456"
    },
    {
      "type": "Feature",
      "properties": {
        "@id": "node/8456610177",
        "crossing": "marked",
        "highway": "crossing"
      },
      "geometry": {
        "type": "Point",
        "coordinates": [
          2.4793241,
          48.9159702
        ]
      },
      "id": "node/8456610177"
    },
    {
      "type": "Feature",
      "properties": {
        "@id": "node/8456610178",
        "crossing": "marked",
        "highway": "crossing"
      },
      "geometry": {
        "type": "Point",
        "coordinates": [
          2.4795357,
          48.9168334
        ]
      },
      "id": "node/8456610178"
    },
    {
      "type": "Feature",
      "properties": {
        "@id": "node/8456610179",
        "crossing": "marked",
        "highway": "crossing"
      },
      "geometry": {
        "type": "Point",
        "coordinates": [
          2.4794683,
          48.9169271
        ]
      },
      "id": "node/8456610179"
    },
    {
      "type": "Feature",
      "properties": {
        "@id": "node/8456610182",
        "crossing": "marked",
        "highway": "crossing"
      },
      "geometry": {
        "type": "Point",
        "coordinates": [
          2.4808346,
          48.9171738
        ]
      },
      "id": "node/8456610182"
    },
    {
      "type": "Feature",
      "properties": {
        "@id": "node/8456610183",
        "crossing": "marked",
        "highway": "crossing"
      },
      "geometry": {
        "type": "Point",
        "coordinates": [
          2.4809551,
          48.9171831
        ]
      },
      "id": "node/8456610183"
    },
    {
      "type": "Feature",
      "properties": {
        "@id": "node/8456610184",
        "crossing": "marked",
        "highway": "crossing"
      },
      "geometry": {
        "type": "Point",
        "coordinates": [
          2.4810008,
          48.9171205
        ]
      },
      "id": "node/8456610184"
    },
    {
      "type": "Feature",
      "properties": {
        "@id": "node/8456610185",
        "crossing": "marked",
        "highway": "crossing"
      },
      "geometry": {
        "type": "Point",
        "coordinates": [
          2.4809323,
          48.9170976
        ]
      },
      "id": "node/8456610185"
    },
    {
      "type": "Feature",
      "properties": {
        "@id": "node/8456610186",
        "crossing": "marked",
        "highway": "crossing"
      },
      "geometry": {
        "type": "Point",
        "coordinates": [
          2.4815494,
          48.9170592
        ]
      },
      "id": "node/8456610186"
    },
    {
      "type": "Feature",
      "properties": {
        "@id": "node/8456610187",
        "crossing": "marked",
        "highway": "crossing"
      },
      "geometry": {
        "type": "Point",
        "coordinates": [
          2.4796639,
          48.9173189
        ]
      },
      "id": "node/8456610187"
    },
    {
      "type": "Feature",
      "properties": {
        "@id": "node/8456610188",
        "crossing": "uncontrolled",
        "crossing:markings": "zebra",
        "highway": "crossing"
      },
      "geometry": {
        "type": "Point",
        "coordinates": [
          2.47966,
          48.9153186
        ]
      },
      "id": "node/8456610188"
    },
    {
      "type": "Feature",
      "properties": {
        "@id": "node/8456610189",
        "crossing": "uncontrolled",
        "crossing:markings": "zebra",
        "highway": "crossing"
      },
      "geometry": {
        "type": "Point",
        "coordinates": [
          2.4796087,
          48.9152597
        ]
      },
      "id": "node/8456610189"
    },
    {
      "type": "Feature",
      "properties": {
        "@id": "node/8456610190",
        "crossing": "marked",
        "highway": "crossing"
      },
      "geometry": {
        "type": "Point",
        "coordinates": [
          2.4795578,
          48.9158758
        ]
      },
      "id": "node/8456610190"
    },
    {
      "type": "Feature",
      "properties": {
        "@id": "node/8456610191",
        "crossing": "uncontrolled",
        "crossing:markings": "zebra",
        "highway": "crossing"
      },
      "geometry": {
        "type": "Point",
        "coordinates": [
          2.484245,
          48.915898
        ]
      },
      "id": "node/8456610191"
    },
    {
      "type": "Feature",
      "properties": {
        "@id": "node/8456610192",
        "crossing": "uncontrolled",
        "crossing:markings": "zebra",
        "highway": "crossing"
      },
      "geometry": {
        "type": "Point",
        "coordinates": [
          2.4838963,
          48.9167639
        ]
      },
      "id": "node/8456610192"
    },
    {
      "type": "Feature",
      "properties": {
        "@id": "node/8456688707",
        "crossing": "marked",
        "highway": "crossing"
      },
      "geometry": {
        "type": "Point",
        "coordinates": [
          2.4828909,
          48.9162777
        ]
      },
      "id": "node/8456688707"
    },
    {
      "type": "Feature",
      "properties": {
        "@id": "node/8456688708",
        "crossing": "marked",
        "highway": "crossing"
      },
      "geometry": {
        "type": "Point",
        "coordinates": [
          2.4827659,
          48.9169233
        ]
      },
      "id": "node/8456688708"
    },
    {
      "type": "Feature",
      "properties": {
        "@id": "node/8456764877",
        "crossing": "marked",
        "highway": "crossing"
      },
      "geometry": {
        "type": "Point",
        "coordinates": [
          2.4804204,
          48.9167352
        ]
      },
      "id": "node/8456764877"
    },
    {
      "type": "Feature",
      "properties": {
        "@id": "node/8481666766",
        "crossing": "marked",
        "highway": "crossing"
      },
      "geometry": {
        "type": "Point",
        "coordinates": [
          2.4859747,
          48.8972594
        ]
      },
      "id": "node/8481666766"
    },
    {
      "type": "Feature",
      "properties": {
        "@id": "node/8481666767",
        "crossing": "marked",
        "highway": "crossing"
      },
      "geometry": {
        "type": "Point",
        "coordinates": [
          2.4860191,
          48.8971971
        ]
      },
      "id": "node/8481666767"
    },
    {
      "type": "Feature",
      "properties": {
        "@id": "node/8665895551",
        "crossing": "marked",
        "highway": "crossing"
      },
      "geometry": {
        "type": "Point",
        "coordinates": [
          2.4857435,
          48.9048038
        ]
      },
      "id": "node/8665895551"
    },
    {
      "type": "Feature",
      "properties": {
        "@id": "node/8793267193",
        "crossing": "uncontrolled",
        "crossing:markings": "zebra",
        "highway": "crossing",
        "source": "BDOrtho IGN 2021"
      },
      "geometry": {
        "type": "Point",
        "coordinates": [
          2.4801435,
          48.9099871
        ]
      },
      "id": "node/8793267193"
    },
    {
      "type": "Feature",
      "properties": {
        "@id": "node/8793267199",
        "crossing": "uncontrolled",
        "crossing:markings": "zebra",
        "highway": "crossing",
        "source": "BDOrtho IGN 2021"
      },
      "geometry": {
        "type": "Point",
        "coordinates": [
          2.4800992,
          48.909661
        ]
      },
      "id": "node/8793267199"
    },
    {
      "type": "Feature",
      "properties": {
        "@id": "node/8933334416",
        "crossing": "uncontrolled",
        "crossing:markings": "zebra",
        "highway": "crossing",
        "source": "BDOrtho IGN 2021"
      },
      "geometry": {
        "type": "Point",
        "coordinates": [
          2.4788466,
          48.9146197
        ]
      },
      "id": "node/8933334416"
    },
    {
      "type": "Feature",
      "properties": {
        "@id": "node/8933341422",
        "crossing": "uncontrolled",
        "crossing:markings": "zebra",
        "highway": "crossing",
        "source": "BDOrtho IGN 2021"
      },
      "geometry": {
        "type": "Point",
        "coordinates": [
          2.4912051,
          48.911607
        ]
      },
      "id": "node/8933341422"
    },
    {
      "type": "Feature",
      "properties": {
        "@id": "node/9384188221",
        "crossing": "marked",
        "crossing:markings": "yes",
        "highway": "crossing"
      },
      "geometry": {
        "type": "Point",
        "coordinates": [
          2.4906306,
          48.8945967
        ]
      },
      "id": "node/9384188221"
    },
    {
      "type": "Feature",
      "properties": {
        "@id": "node/9624436142",
        "crossing": "uncontrolled",
        "crossing:markings": "zebra",
        "highway": "crossing"
      },
      "geometry": {
        "type": "Point",
        "coordinates": [
          2.4787322,
          48.9137692
        ]
      },
      "id": "node/9624436142"
    },
    {
      "type": "Feature",
      "properties": {
        "@id": "node/9624436143",
        "crossing": "uncontrolled",
        "crossing:markings": "zebra",
        "highway": "crossing"
      },
      "geometry": {
        "type": "Point",
        "coordinates": [
          2.4798419,
          48.9135749
        ]
      },
      "id": "node/9624436143"
    },
    {
      "type": "Feature",
      "properties": {
        "@id": "node/9624436144",
        "crossing": "uncontrolled",
        "crossing:markings": "zebra",
        "highway": "crossing"
      },
      "geometry": {
        "type": "Point",
        "coordinates": [
          2.4796799,
          48.9137316
        ]
      },
      "id": "node/9624436144"
    },
    {
      "type": "Feature",
      "properties": {
        "@id": "node/9624436149",
        "crossing": "uncontrolled",
        "crossing:markings": "zebra",
        "highway": "crossing"
      },
      "geometry": {
        "type": "Point",
        "coordinates": [
          2.4795382,
          48.9124606
        ]
      },
      "id": "node/9624436149"
    },
    {
      "type": "Feature",
      "properties": {
        "@id": "node/9624436150",
        "crossing": "uncontrolled",
        "crossing:markings": "zebra",
        "highway": "crossing"
      },
      "geometry": {
        "type": "Point",
        "coordinates": [
          2.4783142,
          48.9126128
        ]
      },
      "id": "node/9624436150"
    },
    {
      "type": "Feature",
      "properties": {
        "@id": "node/9624436151",
        "crossing": "uncontrolled",
        "crossing:markings": "zebra",
        "highway": "crossing"
      },
      "geometry": {
        "type": "Point",
        "coordinates": [
          2.4781979,
          48.9125623
        ]
      },
      "id": "node/9624436151"
    },
    {
      "type": "Feature",
      "properties": {
        "@id": "node/9624436152",
        "crossing": "uncontrolled",
        "crossing:markings": "zebra",
        "highway": "crossing"
      },
      "geometry": {
        "type": "Point",
        "coordinates": [
          2.4784382,
          48.9125341
        ]
      },
      "id": "node/9624436152"
    },
    {
      "type": "Feature",
      "properties": {
        "@id": "node/9624436158",
        "crossing": "uncontrolled",
        "crossing:markings": "zebra",
        "highway": "crossing"
      },
      "geometry": {
        "type": "Point",
        "coordinates": [
          2.4773531,
          48.912072
        ]
      },
      "id": "node/9624436158"
    },
    {
      "type": "Feature",
      "properties": {
        "@id": "node/9624436160",
        "crossing": "uncontrolled",
        "crossing:markings": "zebra",
        "highway": "crossing"
      },
      "geometry": {
        "type": "Point",
        "coordinates": [
          2.477,
          48.9115017
        ]
      },
      "id": "node/9624436160"
    },
    {
      "type": "Feature",
      "properties": {
        "@id": "node/9631874862",
        "crossing": "uncontrolled",
        "crossing:markings": "zebra",
        "highway": "crossing"
      },
      "geometry": {
        "type": "Point",
        "coordinates": [
          2.4774971,
          48.8904786
        ]
      },
      "id": "node/9631874862"
    },
    {
      "type": "Feature",
      "properties": {
        "@id": "node/9643048603",
        "crossing": "marked",
        "highway": "crossing"
      },
      "geometry": {
        "type": "Point",
        "coordinates": [
          2.4827921,
          48.9137411
        ]
      },
      "id": "node/9643048603"
    },
    {
      "type": "Feature",
      "properties": {
        "@id": "node/9643238430",
        "crossing": "marked",
        "highway": "crossing"
      },
      "geometry": {
        "type": "Point",
        "coordinates": [
          2.4794234,
          48.9001843
        ]
      },
      "id": "node/9643238430"
    },
    {
      "type": "Feature",
      "properties": {
        "@id": "node/9958686520",
        "crossing": "traffic_signals",
        "crossing:markings": "zebra",
        "highway": "crossing"
      },
      "geometry": {
        "type": "Point",
        "coordinates": [
          2.4859446,
          48.8927346
        ]
      },
      "id": "node/9958686520"
    },
    {
      "type": "Feature",
      "properties": {
        "@id": "node/10311324490",
        "crossing": "uncontrolled",
        "crossing:markings": "yes",
        "highway": "crossing"
      },
      "geometry": {
        "type": "Point",
        "coordinates": [
          2.4842898,
          48.9157984
        ]
      },
      "id": "node/10311324490"
    },
    {
      "type": "Feature",
      "properties": {
        "@id": "node/10665106038",
        "crossing": "uncontrolled",
        "crossing:markings": "zebra",
        "highway": "crossing"
      },
      "geometry": {
        "type": "Point",
        "coordinates": [
          2.4933964,
          48.9025081
        ]
      },
      "id": "node/10665106038"
    },
    {
      "type": "Feature",
      "properties": {
        "@id": "node/10665106039",
        "crossing": "uncontrolled",
        "crossing:markings": "zebra",
        "highway": "crossing"
      },
      "geometry": {
        "type": "Point",
        "coordinates": [
          2.4934141,
          48.9022803
        ]
      },
      "id": "node/10665106039"
    },
    {
      "type": "Feature",
      "properties": {
        "@id": "node/10665106040",
        "crossing": "uncontrolled",
        "crossing:markings": "zebra",
        "highway": "crossing"
      },
      "geometry": {
        "type": "Point",
        "coordinates": [
          2.4924914,
          48.9032782
        ]
      },
      "id": "node/10665106040"
    },
    {
      "type": "Feature",
      "properties": {
        "@id": "node/10671195207",
        "crossing": "uncontrolled",
        "crossing:markings": "zebra",
        "highway": "crossing"
      },
      "geometry": {
        "type": "Point",
        "coordinates": [
          2.4990147,
          48.8943045
        ]
      },
      "id": "node/10671195207"
    },
    {
      "type": "Feature",
      "properties": {
        "@id": "node/10671195208",
        "crossing": "uncontrolled",
        "crossing:markings": "zebra",
        "highway": "crossing"
      },
      "geometry": {
        "type": "Point",
        "coordinates": [
          2.4989013,
          48.8942296
        ]
      },
      "id": "node/10671195208"
    },
    {
      "type": "Feature",
      "properties": {
        "@id": "node/10704023055",
        "crossing": "uncontrolled",
        "crossing:island": "no",
        "crossing:markings": "zebra",
        "highway": "crossing"
      },
      "geometry": {
        "type": "Point",
        "coordinates": [
          2.4918177,
          48.9169531
        ]
      },
      "id": "node/10704023055"
    },
    {
      "type": "Feature",
      "properties": {
        "@id": "node/10706284561",
        "crossing": "uncontrolled",
        "crossing:markings": "zebra",
        "highway": "crossing"
      },
      "geometry": {
        "type": "Point",
        "coordinates": [
          2.4840686,
          48.9154112
        ]
      },
      "id": "node/10706284561"
    },
    {
      "type": "Feature",
      "properties": {
        "@id": "node/10706284562",
        "crossing": "uncontrolled",
        "crossing:markings": "zebra",
        "highway": "crossing"
      },
      "geometry": {
        "type": "Point",
        "coordinates": [
          2.4837933,
          48.914813
        ]
      },
      "id": "node/10706284562"
    },
    {
      "type": "Feature",
      "properties": {
        "@id": "node/10706284563",
        "crossing": "uncontrolled",
        "crossing:markings": "zebra",
        "highway": "crossing"
      },
      "geometry": {
        "type": "Point",
        "coordinates": [
          2.4796078,
          48.9149309
        ]
      },
      "id": "node/10706284563"
    },
    {
      "type": "Feature",
      "properties": {
        "@id": "node/10706322588",
        "crossing": "uncontrolled",
        "crossing:markings": "zebra",
        "highway": "crossing"
      },
      "geometry": {
        "type": "Point",
        "coordinates": [
          2.4822834,
          48.9131323
        ]
      },
      "id": "node/10706322588"
    },
    {
      "type": "Feature",
      "properties": {
        "@id": "node/10706322589",
        "crossing": "uncontrolled",
        "crossing:markings": "zebra",
        "highway": "crossing"
      },
      "geometry": {
        "type": "Point",
        "coordinates": [
          2.4771746,
          48.9102524
        ]
      },
      "id": "node/10706322589"
    },
    {
      "type": "Feature",
      "properties": {
        "@id": "node/10706322590",
        "crossing": "uncontrolled",
        "crossing:markings": "zebra",
        "highway": "crossing"
      },
      "geometry": {
        "type": "Point",
        "coordinates": [
          2.4780298,
          48.9102428
        ]
      },
      "id": "node/10706322590"
    },
    {
      "type": "Feature",
      "properties": {
        "@id": "node/10706322591",
        "crossing": "uncontrolled",
        "crossing:markings": "zebra",
        "highway": "crossing"
      },
      "geometry": {
        "type": "Point",
        "coordinates": [
          2.4781964,
          48.9102894
        ]
      },
      "id": "node/10706322591"
    },
    {
      "type": "Feature",
      "properties": {
        "@id": "node/10706327310",
        "crossing": "uncontrolled",
        "crossing:island": "no",
        "crossing:markings": "zebra",
        "highway": "crossing",
        "kerb": "lowered",
        "tactile_paving": "yes"
      },
      "geometry": {
        "type": "Point",
        "coordinates": [
          2.4808739,
          48.9141895
        ]
      },
      "id": "node/10706327310"
    },
    {
      "type": "Feature",
      "properties": {
        "@id": "node/10706327311",
        "crossing": "uncontrolled",
        "crossing:island": "no",
        "crossing:markings": "zebra",
        "highway": "crossing",
        "kerb": "lowered",
        "tactile_paving": "yes"
      },
      "geometry": {
        "type": "Point",
        "coordinates": [
          2.4799228,
          48.9142987
        ]
      },
      "id": "node/10706327311"
    },
    {
      "type": "Feature",
      "properties": {
        "@id": "node/10706327312",
        "crossing": "uncontrolled",
        "crossing:island": "no",
        "crossing:markings": "zebra",
        "highway": "crossing",
        "kerb": "lowered",
        "tactile_paving": "yes"
      },
      "geometry": {
        "type": "Point",
        "coordinates": [
          2.4803721,
          48.9142474
        ]
      },
      "id": "node/10706327312"
    },
    {
      "type": "Feature",
      "properties": {
        "@id": "node/10706327313",
        "crossing": "uncontrolled",
        "crossing:markings": "zebra",
        "highway": "crossing"
      },
      "geometry": {
        "type": "Point",
        "coordinates": [
          2.4809855,
          48.9134441
        ]
      },
      "id": "node/10706327313"
    },
    {
      "type": "Feature",
      "properties": {
        "@id": "node/10706327314",
        "crossing": "uncontrolled",
        "crossing:markings": "zebra",
        "highway": "crossing"
      },
      "geometry": {
        "type": "Point",
        "coordinates": [
          2.4814033,
          48.9134558
        ]
      },
      "id": "node/10706327314"
    },
    {
      "type": "Feature",
      "properties": {
        "@id": "node/10706327315",
        "crossing": "uncontrolled",
        "crossing:markings": "zebra",
        "highway": "crossing"
      },
      "geometry": {
        "type": "Point",
        "coordinates": [
          2.4815261,
          48.9134764
        ]
      },
      "id": "node/10706327315"
    },
    {
      "type": "Feature",
      "properties": {
        "@id": "node/10941857330",
        "crossing": "uncontrolled",
        "crossing:markings": "zebra",
        "highway": "crossing",
        "traffic_calming": "table"
      },
      "geometry": {
        "type": "Point",
        "coordinates": [
          2.4820665,
          48.8899738
        ]
      },
      "id": "node/10941857330"
    },
    {
      "type": "Feature",
      "properties": {
        "@id": "node/10984195219",
        "crossing": "uncontrolled",
        "crossing:markings": "yes",
        "highway": "crossing"
      },
      "geometry": {
        "type": "Point",
        "coordinates": [
          2.4726759,
          48.9085704
        ]
      },
      "id": "node/10984195219"
    },
    {
      "type": "Feature",
      "properties": {
        "@id": "node/11251953718",
        "crossing": "uncontrolled",
        "crossing:markings": "yes",
        "highway": "crossing",
        "traffic_calming": "table"
      },
      "geometry": {
        "type": "Point",
        "coordinates": [
          2.4902039,
          48.9064645
        ]
      },
      "id": "node/11251953718"
    },
    {
      "type": "Feature",
      "properties": {
        "@id": "node/11253502131",
        "crossing": "uncontrolled",
        "crossing:markings": "zebra",
        "highway": "crossing",
        "kerb": "lowered",
        "tactile_paving": "yes"
      },
      "geometry": {
        "type": "Point",
        "coordinates": [
          2.4895631,
          48.9095911
        ]
      },
      "id": "node/11253502131"
    },
    {
      "type": "Feature",
      "properties": {
        "@id": "node/11280995222",
        "crossing": "uncontrolled",
        "crossing:markings": "yes",
        "highway": "crossing"
      },
      "geometry": {
        "type": "Point",
        "coordinates": [
          2.4948107,
          48.9044203
        ]
      },
      "id": "node/11280995222"
    },
    {
      "type": "Feature",
      "properties": {
        "@id": "node/11280995223",
        "crossing": "uncontrolled",
        "crossing:markings": "yes",
        "highway": "crossing"
      },
      "geometry": {
        "type": "Point",
        "coordinates": [
          2.4915471,
          48.9064564
        ]
      },
      "id": "node/11280995223"
    },
    {
      "type": "Feature",
      "properties": {
        "@id": "node/11280995224",
        "crossing": "uncontrolled",
        "crossing:markings": "yes",
        "highway": "crossing"
      },
      "geometry": {
        "type": "Point",
        "coordinates": [
          2.4915031,
          48.9063614
        ]
      },
      "id": "node/11280995224"
    },
    {
      "type": "Feature",
      "properties": {
        "@id": "node/11280995225",
        "crossing": "uncontrolled",
        "crossing:markings": "yes",
        "highway": "crossing"
      },
      "geometry": {
        "type": "Point",
        "coordinates": [
          2.4802345,
          48.9098744
        ]
      },
      "id": "node/11280995225"
    },
    {
      "type": "Feature",
      "properties": {
        "@id": "node/11283089324",
        "crossing": "uncontrolled",
        "crossing:markings": "zebra",
        "highway": "crossing"
      },
      "geometry": {
        "type": "Point",
        "coordinates": [
          2.4850698,
          48.8904143
        ]
      },
      "id": "node/11283089324"
    },
    {
      "type": "Feature",
      "properties": {
        "@id": "node/11377333039",
        "crossing": "uncontrolled",
        "crossing:markings": "zebra",
        "highway": "crossing"
      },
      "geometry": {
        "type": "Point",
        "coordinates": [
          2.486768,
          48.892322
        ]
      },
      "id": "node/11377333039"
    },
    {
      "type": "Feature",
      "properties": {
        "@id": "node/11422450252",
        "crossing": "uncontrolled",
        "crossing:markings": "yes",
        "highway": "crossing"
      },
      "geometry": {
        "type": "Point",
        "coordinates": [
          2.4790552,
          48.8916869
        ]
      },
      "id": "node/11422450252"
    },
    {
      "type": "Feature",
      "properties": {
        "@id": "node/11422450253",
        "crossing": "uncontrolled",
        "crossing:markings": "yes",
        "highway": "crossing"
      },
      "geometry": {
        "type": "Point",
        "coordinates": [
          2.4800131,
          48.8911033
        ]
      },
      "id": "node/11422450253"
    },
    {
      "type": "Feature",
      "properties": {
        "@id": "node/11422450254",
        "crossing": "uncontrolled",
        "crossing:markings": "yes",
        "highway": "crossing"
      },
      "geometry": {
        "type": "Point",
        "coordinates": [
          2.4800767,
          48.8910398
        ]
      },
      "id": "node/11422450254"
    },
    {
      "type": "Feature",
      "properties": {
        "@id": "node/11434906836",
        "crossing": "uncontrolled",
        "crossing:markings": "yes",
        "highway": "crossing"
      },
      "geometry": {
        "type": "Point",
        "coordinates": [
          2.4801726,
          48.9093788
        ]
      },
      "id": "node/11434906836"
    },
    {
      "type": "Feature",
      "properties": {
        "@id": "node/11434917493",
        "crossing": "uncontrolled",
        "crossing:markings": "yes",
        "highway": "crossing"
      },
      "geometry": {
        "type": "Point",
        "coordinates": [
          2.4793273,
          48.8963516
        ]
      },
      "id": "node/11434917493"
    },
    {
      "type": "Feature",
      "properties": {
        "@id": "node/11434917494",
        "crossing": "uncontrolled",
        "crossing:markings": "yes",
        "highway": "crossing"
      },
      "geometry": {
        "type": "Point",
        "coordinates": [
          2.4747617,
          48.9010729
        ]
      },
      "id": "node/11434917494"
    },
    {
      "type": "Feature",
      "properties": {
        "@id": "node/11434917495",
        "crossing": "uncontrolled",
        "crossing:markings": "yes",
        "highway": "crossing"
      },
      "geometry": {
        "type": "Point",
        "coordinates": [
          2.4708387,
          48.9020831
        ]
      },
      "id": "node/11434917495"
    },
    {
      "type": "Feature",
      "properties": {
        "@id": "node/11439159418",
        "crossing": "uncontrolled",
        "crossing:markings": "yes",
        "highway": "crossing"
      },
      "geometry": {
        "type": "Point",
        "coordinates": [
          2.4910936,
          48.9115301
        ]
      },
      "id": "node/11439159418"
    },
    {
      "type": "Feature",
      "properties": {
        "@id": "node/12246918140",
        "crossing": "uncontrolled",
        "crossing:markings": "zebra",
        "highway": "crossing"
      },
      "geometry": {
        "type": "Point",
        "coordinates": [
          2.4761242,
          48.8925034
        ]
      },
      "id": "node/12246918140"
    },
    {
      "type": "Feature",
      "properties": {
        "@id": "node/12252984556",
        "crossing": "uncontrolled",
        "highway": "crossing"
      },
      "geometry": {
        "type": "Point",
        "coordinates": [
          2.4709962,
          48.9038998
        ]
      },
      "id": "node/12252984556"
    },
    {
      "type": "Feature",
      "properties": {
        "@id": "node/12465157943",
        "crossing": "uncontrolled",
        "crossing:markings": "surface",
        "highway": "crossing"
      },
      "geometry": {
        "type": "Point",
        "coordinates": [
          2.4910544,
          48.8911354
        ]
      },
      "id": "node/12465157943"
    },
    {
      "type": "Feature",
      "properties": {
        "@id": "node/12465157945",
        "crossing": "uncontrolled",
        "crossing:markings": "surface",
        "highway": "crossing"
      },
      "geometry": {
        "type": "Point",
        "coordinates": [
          2.4940173,
          48.8914606
        ]
      },
      "id": "node/12465157945"
    },
    {
      "type": "Feature",
      "properties": {
        "@id": "node/12465157946",
        "crossing": "uncontrolled",
        "crossing:markings": "surface",
        "highway": "crossing"
      },
      "geometry": {
        "type": "Point",
        "coordinates": [
          2.4949381,
          48.8913487
        ]
      },
      "id": "node/12465157946"
    },
    {
      "type": "Feature",
      "properties": {
        "@id": "node/12465157947",
        "crossing": "uncontrolled",
        "crossing:markings": "surface",
        "highway": "crossing"
      },
      "geometry": {
        "type": "Point",
        "coordinates": [
          2.4957358,
          48.8912321
        ]
      },
      "id": "node/12465157947"
    },
    {
      "type": "Feature",
      "properties": {
        "@id": "node/12776663162",
        "crossing": "uncontrolled",
        "crossing:markings": "yes",
        "highway": "crossing"
      },
      "geometry": {
        "type": "Point",
        "coordinates": [
          2.4882276,
          48.899929
        ]
      },
      "id": "node/12776663162"
    },
    {
      "type": "Feature",
      "properties": {
        "@id": "node/12776687105",
        "crossing": "uncontrolled",
        "crossing:markings": "yes",
        "highway": "crossing"
      },
      "geometry": {
        "type": "Point",
        "coordinates": [
          2.4795365,
          48.9002441
        ]
      },
      "id": "node/12776687105"
    },
    {
      "type": "Feature",
      "properties": {
        "@id": "node/12776687106",
        "crossing": "uncontrolled",
        "crossing:markings": "yes",
        "highway": "crossing"
      },
      "geometry": {
        "type": "Point",
        "coordinates": [
          2.4793206,
          48.9002751
        ]
      },
      "id": "node/12776687106"
    },
    {
      "type": "Feature",
      "properties": {
        "@id": "node/12994591513",
        "crossing": "uncontrolled",
        "crossing:markings": "yes",
        "highway": "crossing"
      },
      "geometry": {
        "type": "Point",
        "coordinates": [
          2.480238,
          48.906563
        ]
      },
      "id": "node/12994591513"
    },
    {
      "type": "Feature",
      "properties": {
        "@id": "node/12994591514",
        "crossing": "uncontrolled",
        "crossing:markings": "yes",
        "highway": "crossing"
      },
      "geometry": {
        "type": "Point",
        "coordinates": [
          2.4803028,
          48.9061385
        ]
      },
      "id": "node/12994591514"
    },
    {
      "type": "Feature",
      "properties": {
        "@id": "node/12994591515",
        "crossing": "uncontrolled",
        "crossing:markings": "yes",
        "highway": "crossing"
      },
      "geometry": {
        "type": "Point",
        "coordinates": [
          2.4804592,
          48.9060256
        ]
      },
      "id": "node/12994591515"
    },
    {
      "type": "Feature",
      "properties": {
        "@id": "node/12994591516",
        "crossing": "uncontrolled",
        "crossing:markings": "yes",
        "highway": "crossing"
      },
      "geometry": {
        "type": "Point",
        "coordinates": [
          2.4800884,
          48.9059705
        ]
      },
      "id": "node/12994591516"
    },
    {
      "type": "Feature",
      "properties": {
        "@id": "node/13013862394",
        "crossing": "uncontrolled",
        "crossing:markings": "yes",
        "highway": "crossing"
      },
      "geometry": {
        "type": "Point",
        "coordinates": [
          2.4892728,
          48.8933891
        ]
      },
      "id": "node/13013862394"
    },
    {
      "type": "Feature",
      "properties": {
        "@id": "node/13033743723",
        "crossing": "uncontrolled",
        "crossing:markings": "yes",
        "highway": "crossing"
      },
      "geometry": {
        "type": "Point",
        "coordinates": [
          2.4900672,
          48.8932779
        ]
      },
      "id": "node/13033743723"
    },
    {
      "type": "Feature",
      "properties": {
        "@id": "node/13198141743",
        "crossing": "uncontrolled",
        "crossing:markings": "yes",
        "highway": "crossing"
      },
      "geometry": {
        "type": "Point",
        "coordinates": [
          2.4899951,
          48.909539
        ]
      },
      "id": "node/13198141743"
    },
    {
      "type": "Feature",
      "properties": {
        "@id": "node/14136906012",
        "@@id": "node/13198141743",
        "crossing": "uncontrolled",
        "crossing:markings": "yes",
        "highway": "crossing"
      },
      "geometry": {
        "type": "Point",
        "coordinates": [
          2.4899951,
          48.909539
        ]
      },
      "id": "node/14136906012"
    },
    {
      "type": "Feature",
      "properties": {
        "@id": "node/14136906013",
        "@@id": "node/13033743723",
        "crossing": "uncontrolled",
        "crossing:markings": "yes",
        "highway": "crossing"
      },
      "geometry": {
        "type": "Point",
        "coordinates": [
          2.4900672,
          48.8932779
        ]
      },
      "id": "node/14136906013"
    },
    {
      "type": "Feature",
      "properties": {
        "@id": "node/14136906014",
        "@@id": "node/13013862394",
        "crossing": "uncontrolled",
        "crossing:markings": "yes",
        "highway": "crossing"
      },
      "geometry": {
        "type": "Point",
        "coordinates": [
          2.4892728,
          48.8933891
        ]
      },
      "id": "node/14136906014"
    },
    {
      "type": "Feature",
      "properties": {
        "@id": "node/14136906015",
        "@@id": "node/12994591516",
        "crossing": "uncontrolled",
        "crossing:markings": "yes",
        "highway": "crossing"
      },
      "geometry": {
        "type": "Point",
        "coordinates": [
          2.4800884,
          48.9059705
        ]
      },
      "id": "node/14136906015"
    },
    {
      "type": "Feature",
      "properties": {
        "@id": "node/14136906016",
        "@@id": "node/12994591515",
        "crossing": "uncontrolled",
        "crossing:markings": "yes",
        "highway": "crossing"
      },
      "geometry": {
        "type": "Point",
        "coordinates": [
          2.4804592,
          48.9060256
        ]
      },
      "id": "node/14136906016"
    },
    {
      "type": "Feature",
      "properties": {
        "@id": "node/14136906017",
        "@@id": "node/12994591514",
        "crossing": "uncontrolled",
        "crossing:markings": "yes",
        "highway": "crossing"
      },
      "geometry": {
        "type": "Point",
        "coordinates": [
          2.4803028,
          48.9061385
        ]
      },
      "id": "node/14136906017"
    },
    {
      "type": "Feature",
      "properties": {
        "@id": "node/14136906018",
        "@@id": "node/12994591513",
        "crossing": "uncontrolled",
        "crossing:markings": "yes",
        "highway": "crossing"
      },
      "geometry": {
        "type": "Point",
        "coordinates": [
          2.480238,
          48.906563
        ]
      },
      "id": "node/14136906018"
    },
    {
      "type": "Feature",
      "properties": {
        "@id": "node/14136906019",
        "@@id": "node/12776687106",
        "crossing": "uncontrolled",
        "crossing:markings": "yes",
        "highway": "crossing"
      },
      "geometry": {
        "type": "Point",
        "coordinates": [
          2.4793206,
          48.9002751
        ]
      },
      "id": "node/14136906019"
    },
    {
      "type": "Feature",
      "properties": {
        "@id": "node/14136906020",
        "@@id": "node/12776687105",
        "crossing": "uncontrolled",
        "crossing:markings": "yes",
        "highway": "crossing"
      },
      "geometry": {
        "type": "Point",
        "coordinates": [
          2.4795365,
          48.9002441
        ]
      },
      "id": "node/14136906020"
    },
    {
      "type": "Feature",
      "properties": {
        "@id": "node/14136906021",
        "@@id": "node/12776663162",
        "crossing": "uncontrolled",
        "crossing:markings": "yes",
        "highway": "crossing"
      },
      "geometry": {
        "type": "Point",
        "coordinates": [
          2.4882276,
          48.899929
        ]
      },
      "id": "node/14136906021"
    },
    {
      "type": "Feature",
      "properties": {
        "@id": "node/14136906022",
        "@@id": "node/12465157947",
        "crossing": "uncontrolled",
        "crossing:markings": "surface",
        "highway": "crossing"
      },
      "geometry": {
        "type": "Point",
        "coordinates": [
          2.4957358,
          48.8912321
        ]
      },
      "id": "node/14136906022"
    },
    {
      "type": "Feature",
      "properties": {
        "@id": "node/14136906023",
        "@@id": "node/12465157946",
        "crossing": "uncontrolled",
        "crossing:markings": "surface",
        "highway": "crossing"
      },
      "geometry": {
        "type": "Point",
        "coordinates": [
          2.4949381,
          48.8913487
        ]
      },
      "id": "node/14136906023"
    },
    {
      "type": "Feature",
      "properties": {
        "@id": "node/14136906024",
        "@@id": "node/12465157945",
        "crossing": "uncontrolled",
        "crossing:markings": "surface",
        "highway": "crossing"
      },
      "geometry": {
        "type": "Point",
        "coordinates": [
          2.4940173,
          48.8914606
        ]
      },
      "id": "node/14136906024"
    },
    {
      "type": "Feature",
      "properties": {
        "@id": "node/14136906025",
        "@@id": "node/12465157943",
        "crossing": "uncontrolled",
        "crossing:markings": "surface",
        "highway": "crossing"
      },
      "geometry": {
        "type": "Point",
        "coordinates": [
          2.4910544,
          48.8911354
        ]
      },
      "id": "node/14136906025"
    },
    {
      "type": "Feature",
      "properties": {
        "@id": "node/14136906026",
        "@@id": "node/12246918140",
        "crossing": "uncontrolled",
        "crossing:markings": "zebra",
        "highway": "crossing"
      },
      "geometry": {
        "type": "Point",
        "coordinates": [
          2.4761242,
          48.8925034
        ]
      },
      "id": "node/14136906026"
    },
    {
      "type": "Feature",
      "properties": {
        "@id": "node/14136906027",
        "@@id": "node/11439159418",
        "crossing": "uncontrolled",
        "crossing:markings": "yes",
        "highway": "crossing"
      },
      "geometry": {
        "type": "Point",
        "coordinates": [
          2.4910936,
          48.9115301
        ]
      },
      "id": "node/14136906027"
    },
    {
      "type": "Feature",
      "properties": {
        "@id": "node/14136906028",
        "@@id": "node/11434917495",
        "crossing": "uncontrolled",
        "crossing:markings": "yes",
        "highway": "crossing"
      },
      "geometry": {
        "type": "Point",
        "coordinates": [
          2.4708387,
          48.9020831
        ]
      },
      "id": "node/14136906028"
    },
    {
      "type": "Feature",
      "properties": {
        "@id": "node/14136906029",
        "@@id": "node/11434917494",
        "crossing": "uncontrolled",
        "crossing:markings": "yes",
        "highway": "crossing"
      },
      "geometry": {
        "type": "Point",
        "coordinates": [
          2.4747617,
          48.9010729
        ]
      },
      "id": "node/14136906029"
    },
    {
      "type": "Feature",
      "properties": {
        "@id": "node/14136906030",
        "@@id": "node/11434917493",
        "crossing": "uncontrolled",
        "crossing:markings": "yes",
        "highway": "crossing"
      },
      "geometry": {
        "type": "Point",
        "coordinates": [
          2.4793273,
          48.8963516
        ]
      },
      "id": "node/14136906030"
    },
    {
      "type": "Feature",
      "properties": {
        "@id": "node/14136906031",
        "@@id": "node/11434906836",
        "crossing": "uncontrolled",
        "crossing:markings": "yes",
        "highway": "crossing"
      },
      "geometry": {
        "type": "Point",
        "coordinates": [
          2.4801726,
          48.9093788
        ]
      },
      "id": "node/14136906031"
    },
    {
      "type": "Feature",
      "properties": {
        "@id": "node/14136906032",
        "@@id": "node/11422450254",
        "crossing": "uncontrolled",
        "crossing:markings": "yes",
        "highway": "crossing"
      },
      "geometry": {
        "type": "Point",
        "coordinates": [
          2.4800767,
          48.8910398
        ]
      },
      "id": "node/14136906032"
    },
    {
      "type": "Feature",
      "properties": {
        "@id": "node/14136906033",
        "@@id": "node/11422450253",
        "crossing": "uncontrolled",
        "crossing:markings": "yes",
        "highway": "crossing"
      },
      "geometry": {
        "type": "Point",
        "coordinates": [
          2.4800131,
          48.8911033
        ]
      },
      "id": "node/14136906033"
    },
    {
      "type": "Feature",
      "properties": {
        "@id": "node/14136906034",
        "@@id": "node/11422450252",
        "crossing": "uncontrolled",
        "crossing:markings": "yes",
        "highway": "crossing"
      },
      "geometry": {
        "type": "Point",
        "coordinates": [
          2.4790552,
          48.8916869
        ]
      },
      "id": "node/14136906034"
    },
    {
      "type": "Feature",
      "properties": {
        "@id": "node/14136906035",
        "@@id": "node/11377333039",
        "crossing": "uncontrolled",
        "crossing:markings": "zebra",
        "highway": "crossing"
      },
      "geometry": {
        "type": "Point",
        "coordinates": [
          2.486768,
          48.892322
        ]
      },
      "id": "node/14136906035"
    },
    {
      "type": "Feature",
      "properties": {
        "@id": "node/14136906036",
        "@@id": "node/11283089324",
        "crossing": "uncontrolled",
        "crossing:markings": "zebra",
        "highway": "crossing"
      },
      "geometry": {
        "type": "Point",
        "coordinates": [
          2.4850698,
          48.8904143
        ]
      },
      "id": "node/14136906036"
    },
    {
      "type": "Feature",
      "properties": {
        "@id": "node/14136906037",
        "@@id": "node/11280995225",
        "crossing": "uncontrolled",
        "crossing:markings": "yes",
        "highway": "crossing"
      },
      "geometry": {
        "type": "Point",
        "coordinates": [
          2.4802345,
          48.9098744
        ]
      },
      "id": "node/14136906037"
    },
    {
      "type": "Feature",
      "properties": {
        "@id": "node/14136906038",
        "@@id": "node/11280995224",
        "crossing": "uncontrolled",
        "crossing:markings": "yes",
        "highway": "crossing"
      },
      "geometry": {
        "type": "Point",
        "coordinates": [
          2.4915031,
          48.9063614
        ]
      },
      "id": "node/14136906038"
    },
    {
      "type": "Feature",
      "properties": {
        "@id": "node/14136906039",
        "@@id": "node/11280995223",
        "crossing": "uncontrolled",
        "crossing:markings": "yes",
        "highway": "crossing"
      },
      "geometry": {
        "type": "Point",
        "coordinates": [
          2.4915471,
          48.9064564
        ]
      },
      "id": "node/14136906039"
    },
    {
      "type": "Feature",
      "properties": {
        "@id": "node/14136906040",
        "@@id": "node/11280995222",
        "crossing": "uncontrolled",
        "crossing:markings": "yes",
        "highway": "crossing"
      },
      "geometry": {
        "type": "Point",
        "coordinates": [
          2.4948107,
          48.9044203
        ]
      },
      "id": "node/14136906040"
    },
    {
      "type": "Feature",
      "properties": {
        "@id": "node/14136906041",
        "@@id": "node/11253502131",
        "crossing": "uncontrolled",
        "crossing:markings": "zebra",
        "highway": "crossing",
        "kerb": "lowered",
        "tactile_paving": "yes"
      },
      "geometry": {
        "type": "Point",
        "coordinates": [
          2.4895631,
          48.9095911
        ]
      },
      "id": "node/14136906041"
    },
    {
      "type": "Feature",
      "properties": {
        "@id": "node/14136906042",
        "@@id": "node/11251953718",
        "crossing": "uncontrolled",
        "crossing:markings": "yes",
        "highway": "crossing",
        "traffic_calming": "table"
      },
      "geometry": {
        "type": "Point",
        "coordinates": [
          2.4902039,
          48.9064645
        ]
      },
      "id": "node/14136906042"
    },
    {
      "type": "Feature",
      "properties": {
        "@id": "node/14136906043",
        "@@id": "node/10984195219",
        "crossing": "uncontrolled",
        "crossing:markings": "yes",
        "highway": "crossing"
      },
      "geometry": {
        "type": "Point",
        "coordinates": [
          2.4726759,
          48.9085704
        ]
      },
      "id": "node/14136906043"
    },
    {
      "type": "Feature",
      "properties": {
        "@id": "node/14136906044",
        "@@id": "node/10941857330",
        "crossing": "uncontrolled",
        "crossing:markings": "zebra",
        "highway": "crossing",
        "traffic_calming": "table"
      },
      "geometry": {
        "type": "Point",
        "coordinates": [
          2.4820665,
          48.8899738
        ]
      },
      "id": "node/14136906044"
    },
    {
      "type": "Feature",
      "properties": {
        "@id": "node/14136906045",
        "@@id": "node/10706327315",
        "crossing": "uncontrolled",
        "crossing:markings": "zebra",
        "highway": "crossing"
      },
      "geometry": {
        "type": "Point",
        "coordinates": [
          2.4815261,
          48.9134764
        ]
      },
      "id": "node/14136906045"
    },
    {
      "type": "Feature",
      "properties": {
        "@id": "node/14136906046",
        "@@id": "node/10706327314",
        "crossing": "uncontrolled",
        "crossing:markings": "zebra",
        "highway": "crossing"
      },
      "geometry": {
        "type": "Point",
        "coordinates": [
          2.4814033,
          48.9134558
        ]
      },
      "id": "node/14136906046"
    },
    {
      "type": "Feature",
      "properties": {
        "@id": "node/14136906047",
        "@@id": "node/10706327313",
        "crossing": "uncontrolled",
        "crossing:markings": "zebra",
        "highway": "crossing"
      },
      "geometry": {
        "type": "Point",
        "coordinates": [
          2.4809855,
          48.9134441
        ]
      },
      "id": "node/14136906047"
    },
    {
      "type": "Feature",
      "properties": {
        "@id": "node/14136906048",
        "@@id": "node/10706327312",
        "crossing": "uncontrolled",
        "crossing:island": "no",
        "crossing:markings": "zebra",
        "highway": "crossing",
        "kerb": "lowered",
        "tactile_paving": "yes"
      },
      "geometry": {
        "type": "Point",
        "coordinates": [
          2.4803721,
          48.9142474
        ]
      },
      "id": "node/14136906048"
    },
    {
      "type": "Feature",
      "properties": {
        "@id": "node/14136906049",
        "@@id": "node/10706327311",
        "crossing": "uncontrolled",
        "crossing:island": "no",
        "crossing:markings": "zebra",
        "highway": "crossing",
        "kerb": "lowered",
        "tactile_paving": "yes"
      },
      "geometry": {
        "type": "Point",
        "coordinates": [
          2.4799228,
          48.9142987
        ]
      },
      "id": "node/14136906049"
    },
    {
      "type": "Feature",
      "properties": {
        "@id": "node/14136906050",
        "@@id": "node/10706327310",
        "crossing": "uncontrolled",
        "crossing:island": "no",
        "crossing:markings": "zebra",
        "highway": "crossing",
        "kerb": "lowered",
        "tactile_paving": "yes"
      },
      "geometry": {
        "type": "Point",
        "coordinates": [
          2.4808739,
          48.9141895
        ]
      },
      "id": "node/14136906050"
    },
    {
      "type": "Feature",
      "properties": {
        "@id": "node/14136906051",
        "@@id": "node/10706322591",
        "crossing": "uncontrolled",
        "crossing:markings": "zebra",
        "highway": "crossing"
      },
      "geometry": {
        "type": "Point",
        "coordinates": [
          2.4781964,
          48.9102894
        ]
      },
      "id": "node/14136906051"
    },
    {
      "type": "Feature",
      "properties": {
        "@id": "node/14136906052",
        "@@id": "node/10706322590",
        "crossing": "uncontrolled",
        "crossing:markings": "zebra",
        "highway": "crossing"
      },
      "geometry": {
        "type": "Point",
        "coordinates": [
          2.4780298,
          48.9102428
        ]
      },
      "id": "node/14136906052"
    },
    {
      "type": "Feature",
      "properties": {
        "@id": "node/14136906053",
        "@@id": "node/10706322589",
        "crossing": "uncontrolled",
        "crossing:markings": "zebra",
        "highway": "crossing"
      },
      "geometry": {
        "type": "Point",
        "coordinates": [
          2.4771746,
          48.9102524
        ]
      },
      "id": "node/14136906053"
    },
    {
      "type": "Feature",
      "properties": {
        "@id": "node/14136906054",
        "@@id": "node/10706322588",
        "crossing": "uncontrolled",
        "crossing:markings": "zebra",
        "highway": "crossing"
      },
      "geometry": {
        "type": "Point",
        "coordinates": [
          2.4822834,
          48.9131323
        ]
      },
      "id": "node/14136906054"
    },
    {
      "type": "Feature",
      "properties": {
        "@id": "node/14136906055",
        "@@id": "node/10706284563",
        "crossing": "uncontrolled",
        "crossing:markings": "zebra",
        "highway": "crossing"
      },
      "geometry": {
        "type": "Point",
        "coordinates": [
          2.4796078,
          48.9149309
        ]
      },
      "id": "node/14136906055"
    },
    {
      "type": "Feature",
      "properties": {
        "@id": "node/14136906056",
        "@@id": "node/10706284562",
        "crossing": "uncontrolled",
        "crossing:markings": "zebra",
        "highway": "crossing"
      },
      "geometry": {
        "type": "Point",
        "coordinates": [
          2.4837933,
          48.914813
        ]
      },
      "id": "node/14136906056"
    },
    {
      "type": "Feature",
      "properties": {
        "@id": "node/14136906057",
        "@@id": "node/10706284561",
        "crossing": "uncontrolled",
        "crossing:markings": "zebra",
        "highway": "crossing"
      },
      "geometry": {
        "type": "Point",
        "coordinates": [
          2.4840686,
          48.9154112
        ]
      },
      "id": "node/14136906057"
    },
    {
      "type": "Feature",
      "properties": {
        "@id": "node/14136906058",
        "@@id": "node/10704023055",
        "crossing": "uncontrolled",
        "crossing:island": "no",
        "crossing:markings": "zebra",
        "highway": "crossing"
      },
      "geometry": {
        "type": "Point",
        "coordinates": [
          2.4918177,
          48.9169531
        ]
      },
      "id": "node/14136906058"
    },
    {
      "type": "Feature",
      "properties": {
        "@id": "node/14136906059",
        "@@id": "node/10671195208",
        "crossing": "uncontrolled",
        "crossing:markings": "zebra",
        "highway": "crossing"
      },
      "geometry": {
        "type": "Point",
        "coordinates": [
          2.4989013,
          48.8942296
        ]
      },
      "id": "node/14136906059"
    },
    {
      "type": "Feature",
      "properties": {
        "@id": "node/14136906060",
        "@@id": "node/10671195207",
        "crossing": "uncontrolled",
        "crossing:markings": "zebra",
        "highway": "crossing"
      },
      "geometry": {
        "type": "Point",
        "coordinates": [
          2.4990147,
          48.8943045
        ]
      },
      "id": "node/14136906060"
    },
    {
      "type": "Feature",
      "properties": {
        "@id": "node/14136906061",
        "@@id": "node/10665106040",
        "crossing": "uncontrolled",
        "crossing:markings": "zebra",
        "highway": "crossing"
      },
      "geometry": {
        "type": "Point",
        "coordinates": [
          2.4924914,
          48.9032782
        ]
      },
      "id": "node/14136906061"
    },
    {
      "type": "Feature",
      "properties": {
        "@id": "node/14136906062",
        "@@id": "node/10665106039",
        "crossing": "uncontrolled",
        "crossing:markings": "zebra",
        "highway": "crossing"
      },
      "geometry": {
        "type": "Point",
        "coordinates": [
          2.4934141,
          48.9022803
        ]
      },
      "id": "node/14136906062"
    },
    {
      "type": "Feature",
      "properties": {
        "@id": "node/14136906063",
        "@@id": "node/10665106038",
        "crossing": "uncontrolled",
        "crossing:markings": "zebra",
        "highway": "crossing"
      },
      "geometry": {
        "type": "Point",
        "coordinates": [
          2.4933964,
          48.9025081
        ]
      },
      "id": "node/14136906063"
    },
    {
      "type": "Feature",
      "properties": {
        "@id": "node/14136906064",
        "@@id": "node/10311324490",
        "crossing": "uncontrolled",
        "crossing:markings": "yes",
        "highway": "crossing"
      },
      "geometry": {
        "type": "Point",
        "coordinates": [
          2.4842898,
          48.9157984
        ]
      },
      "id": "node/14136906064"
    },
    {
      "type": "Feature",
      "properties": {
        "@id": "node/14136906065",
        "@@id": "node/9631874862",
        "crossing": "uncontrolled",
        "crossing:markings": "zebra",
        "highway": "crossing"
      },
      "geometry": {
        "type": "Point",
        "coordinates": [
          2.4774971,
          48.8904786
        ]
      },
      "id": "node/14136906065"
    },
    {
      "type": "Feature",
      "properties": {
        "@id": "node/14136906066",
        "@@id": "node/9624436160",
        "crossing": "uncontrolled",
        "crossing:markings": "zebra",
        "highway": "crossing"
      },
      "geometry": {
        "type": "Point",
        "coordinates": [
          2.477,
          48.9115017
        ]
      },
      "id": "node/14136906066"
    },
    {
      "type": "Feature",
      "properties": {
        "@id": "node/14136906067",
        "@@id": "node/9624436158",
        "crossing": "uncontrolled",
        "crossing:markings": "zebra",
        "highway": "crossing"
      },
      "geometry": {
        "type": "Point",
        "coordinates": [
          2.4773531,
          48.912072
        ]
      },
      "id": "node/14136906067"
    },
    {
      "type": "Feature",
      "properties": {
        "@id": "node/14136906068",
        "@@id": "node/9624436152",
        "crossing": "uncontrolled",
        "crossing:markings": "zebra",
        "highway": "crossing"
      },
      "geometry": {
        "type": "Point",
        "coordinates": [
          2.4784382,
          48.9125341
        ]
      },
      "id": "node/14136906068"
    },
    {
      "type": "Feature",
      "properties": {
        "@id": "node/14136906069",
        "@@id": "node/9624436151",
        "crossing": "uncontrolled",
        "crossing:markings": "zebra",
        "highway": "crossing"
      },
      "geometry": {
        "type": "Point",
        "coordinates": [
          2.4781979,
          48.9125623
        ]
      },
      "id": "node/14136906069"
    },
    {
      "type": "Feature",
      "properties": {
        "@id": "node/14136906070",
        "@@id": "node/9624436150",
        "crossing": "uncontrolled",
        "crossing:markings": "zebra",
        "highway": "crossing"
      },
      "geometry": {
        "type": "Point",
        "coordinates": [
          2.4783142,
          48.9126128
        ]
      },
      "id": "node/14136906070"
    },
    {
      "type": "Feature",
      "properties": {
        "@id": "node/14136906071",
        "@@id": "node/9624436149",
        "crossing": "uncontrolled",
        "crossing:markings": "zebra",
        "highway": "crossing"
      },
      "geometry": {
        "type": "Point",
        "coordinates": [
          2.4795382,
          48.9124606
        ]
      },
      "id": "node/14136906071"
    },
    {
      "type": "Feature",
      "properties": {
        "@id": "node/14136906072",
        "@@id": "node/9624436144",
        "crossing": "uncontrolled",
        "crossing:markings": "zebra",
        "highway": "crossing"
      },
      "geometry": {
        "type": "Point",
        "coordinates": [
          2.4796799,
          48.9137316
        ]
      },
      "id": "node/14136906072"
    },
    {
      "type": "Feature",
      "properties": {
        "@id": "node/14136906073",
        "@@id": "node/9624436143",
        "crossing": "uncontrolled",
        "crossing:markings": "zebra",
        "highway": "crossing"
      },
      "geometry": {
        "type": "Point",
        "coordinates": [
          2.4798419,
          48.9135749
        ]
      },
      "id": "node/14136906073"
    },
    {
      "type": "Feature",
      "properties": {
        "@id": "node/14136906074",
        "@@id": "node/9624436142",
        "crossing": "uncontrolled",
        "crossing:markings": "zebra",
        "highway": "crossing"
      },
      "geometry": {
        "type": "Point",
        "coordinates": [
          2.4787322,
          48.9137692
        ]
      },
      "id": "node/14136906074"
    },
    {
      "type": "Feature",
      "properties": {
        "@id": "node/14136906075",
        "@@id": "node/8933341422",
        "crossing": "uncontrolled",
        "crossing:markings": "zebra",
        "highway": "crossing",
        "source": "BDOrtho IGN 2021"
      },
      "geometry": {
        "type": "Point",
        "coordinates": [
          2.4912051,
          48.911607
        ]
      },
      "id": "node/14136906075"
    },
    {
      "type": "Feature",
      "properties": {
        "@id": "node/14136906076",
        "@@id": "node/8933334416",
        "crossing": "uncontrolled",
        "crossing:markings": "zebra",
        "highway": "crossing",
        "source": "BDOrtho IGN 2021"
      },
      "geometry": {
        "type": "Point",
        "coordinates": [
          2.4788466,
          48.9146197
        ]
      },
      "id": "node/14136906076"
    },
    {
      "type": "Feature",
      "properties": {
        "@id": "node/14136906077",
        "@@id": "node/8793267199",
        "crossing": "uncontrolled",
        "crossing:markings": "zebra",
        "highway": "crossing",
        "source": "BDOrtho IGN 2021"
      },
      "geometry": {
        "type": "Point",
        "coordinates": [
          2.4800992,
          48.909661
        ]
      },
      "id": "node/14136906077"
    },
    {
      "type": "Feature",
      "properties": {
        "@id": "node/14136906078",
        "@@id": "node/8793267193",
        "crossing": "uncontrolled",
        "crossing:markings": "zebra",
        "highway": "crossing",
        "source": "BDOrtho IGN 2021"
      },
      "geometry": {
        "type": "Point",
        "coordinates": [
          2.4801435,
          48.9099871
        ]
      },
      "id": "node/14136906078"
    },
    {
      "type": "Feature",
      "properties": {
        "@id": "node/14136906079",
        "@@id": "node/8456610192",
        "crossing": "uncontrolled",
        "crossing:markings": "zebra",
        "highway": "crossing"
      },
      "geometry": {
        "type": "Point",
        "coordinates": [
          2.4838963,
          48.9167639
        ]
      },
      "id": "node/14136906079"
    },
    {
      "type": "Feature",
      "properties": {
        "@id": "node/14136906080",
        "@@id": "node/8456610191",
        "crossing": "uncontrolled",
        "crossing:markings": "zebra",
        "highway": "crossing"
      },
      "geometry": {
        "type": "Point",
        "coordinates": [
          2.484245,
          48.915898
        ]
      },
      "id": "node/14136906080"
    },
    {
      "type": "Feature",
      "properties": {
        "@id": "node/14136906081",
        "@@id": "node/8456610189",
        "crossing": "uncontrolled",
        "crossing:markings": "zebra",
        "highway": "crossing"
      },
      "geometry": {
        "type": "Point",
        "coordinates": [
          2.4796087,
          48.9152597
        ]
      },
      "id": "node/14136906081"
    },
    {
      "type": "Feature",
      "properties": {
        "@id": "node/14136906082",
        "@@id": "node/8456610188",
        "crossing": "uncontrolled",
        "crossing:markings": "zebra",
        "highway": "crossing"
      },
      "geometry": {
        "type": "Point",
        "coordinates": [
          2.47966,
          48.9153186
        ]
      },
      "id": "node/14136906082"
    },
    {
      "type": "Feature",
      "properties": {
        "@id": "node/14136906083",
        "@@id": "node/8389782625",
        "crossing": "uncontrolled",
        "crossing:markings": "yes",
        "highway": "crossing"
      },
      "geometry": {
        "type": "Point",
        "coordinates": [
          2.4821163,
          48.9011928
        ]
      },
      "id": "node/14136906083"
    },
    {
      "type": "Feature",
      "properties": {
        "@id": "node/14136906084",
        "@@id": "node/7089331277",
        "crossing": "uncontrolled",
        "crossing:markings": "zebra",
        "highway": "crossing"
      },
      "geometry": {
        "type": "Point",
        "coordinates": [
          2.4860838,
          48.9096909
        ]
      },
      "id": "node/14136906084"
    },
    {
      "type": "Feature",
      "properties": {
        "@id": "node/14136906085",
        "@@id": "node/7089328314",
        "crossing": "uncontrolled",
        "crossing:markings": "zebra",
        "highway": "crossing"
      },
      "geometry": {
        "type": "Point",
        "coordinates": [
          2.486139,
          48.9098426
        ]
      },
      "id": "node/14136906085"
    },
    {
      "type": "Feature",
      "properties": {
        "@id": "node/14136906086",
        "@@id": "node/7089324491",
        "crossing": "uncontrolled",
        "crossing:markings": "zebra",
        "highway": "crossing",
        "kerb": "lowered",
        "tactile_paving": "no"
      },
      "geometry": {
        "type": "Point",
        "coordinates": [
          2.4869358,
          48.9089521
        ]
      },
      "id": "node/14136906086"
    },
    {
      "type": "Feature",
      "properties": {
        "@id": "node/14136906087",
        "@@id": "node/7089295572",
        "crossing": "uncontrolled",
        "crossing:markings": "zebra",
        "highway": "crossing"
      },
      "geometry": {
        "type": "Point",
        "coordinates": [
          2.4872905,
          48.9059579
        ]
      },
      "id": "node/14136906087"
    },
    {
      "type": "Feature",
      "properties": {
        "@id": "node/14136906088",
        "@@id": "node/7089281989",
        "crossing": "uncontrolled",
        "crossing:markings": "zebra",
        "highway": "crossing"
      },
      "geometry": {
        "type": "Point",
        "coordinates": [
          2.4859694,
          48.9096942
        ]
      },
      "id": "node/14136906088"
    },
    {
      "type": "Feature",
      "properties": {
        "@id": "node/14136906089",
        "@@id": "node/7089236464",
        "crossing": "uncontrolled",
        "crossing:markings": "zebra",
        "highway": "crossing"
      },
      "geometry": {
        "type": "Point",
        "coordinates": [
          2.4859857,
          48.9098567
        ]
      },
      "id": "node/14136906089"
    },
    {
      "type": "Feature",
      "properties": {
        "@id": "node/14136906090",
        "@@id": "node/7088919159",
        "crossing": "uncontrolled",
        "crossing:markings": "zebra",
        "highway": "crossing"
      },
      "geometry": {
        "type": "Point",
        "coordinates": [
          2.4775679,
          48.9029544
        ]
      },
      "id": "node/14136906090"
    },
    {
      "type": "Feature",
      "properties": {
        "@id": "node/14136906091",
        "@@id": "node/7088705093",
        "crossing": "uncontrolled",
        "crossing:markings": "zebra",
        "highway": "crossing",
        "tactile_paving": "yes"
      },
      "geometry": {
        "type": "Point",
        "coordinates": [
          2.4888032,
          48.9015453
        ]
      },
      "id": "node/14136906091"
    },
    {
      "type": "Feature",
      "properties": {
        "@id": "node/14136906092",
        "@@id": "node/7088698804",
        "crossing": "uncontrolled",
        "crossing:markings": "zebra",
        "highway": "crossing",
        "tactile_paving": "yes"
      },
      "geometry": {
        "type": "Point",
        "coordinates": [
          2.4886516,
          48.9015076
        ]
      },
      "id": "node/14136906092"
    },
    {
      "type": "Feature",
      "properties": {
        "@id": "node/14136906093",
        "@@id": "node/7088697361",
        "crossing": "uncontrolled",
        "crossing:markings": "zebra",
        "highway": "crossing",
        "tactile_paving": "yes"
      },
      "geometry": {
        "type": "Point",
        "coordinates": [
          2.4886636,
          48.9015271
        ]
      },
      "id": "node/14136906093"
    },
    {
      "type": "Feature",
      "properties": {
        "@id": "node/14136906094",
        "@@id": "node/7088683159",
        "crossing": "uncontrolled",
        "crossing:markings": "zebra",
        "highway": "crossing",
        "tactile_paving": "yes"
      },
      "geometry": {
        "type": "Point",
        "coordinates": [
          2.4890219,
          48.9013342
        ]
      },
      "id": "node/14136906094"
    },
    {
      "type": "Feature",
      "properties": {
        "@id": "node/14136906095",
        "@@id": "node/7088679111",
        "crossing": "uncontrolled",
        "crossing:markings": "zebra",
        "highway": "crossing",
        "tactile_paving": "yes"
      },
      "geometry": {
        "type": "Point",
        "coordinates": [
          2.4895175,
          48.9012849
        ]
      },
      "id": "node/14136906095"
    },
    {
      "type": "Feature",
      "properties": {
        "@id": "node/14136906096",
        "@@id": "node/7088673034",
        "crossing": "uncontrolled",
        "crossing:markings": "zebra",
        "highway": "crossing",
        "tactile_paving": "yes"
      },
      "geometry": {
        "type": "Point",
        "coordinates": [
          2.4895636,
          48.9011778
        ]
      },
      "id": "node/14136906096"
    },
    {
      "type": "Feature",
      "properties": {
        "@id": "node/14136906097",
        "@@id": "node/7088664481",
        "crossing": "uncontrolled",
        "crossing:markings": "zebra",
        "highway": "crossing",
        "tactile_paving": "yes"
      },
      "geometry": {
        "type": "Point",
        "coordinates": [
          2.4895929,
          48.9012104
        ]
      },
      "id": "node/14136906097"
    },
    {
      "type": "Feature",
      "properties": {
        "@id": "node/14136906098",
        "@@id": "node/7088640355",
        "crossing": "uncontrolled",
        "crossing:markings": "zebra",
        "highway": "crossing"
      },
      "geometry": {
        "type": "Point",
        "coordinates": [
          2.4908618,
          48.9008695
        ]
      },
      "id": "node/14136906098"
    },
    {
      "type": "Feature",
      "properties": {
        "@id": "node/14136906099",
        "@@id": "node/7088636148",
        "crossing": "uncontrolled",
        "crossing:markings": "zebra",
        "highway": "crossing"
      },
      "geometry": {
        "type": "Point",
        "coordinates": [
          2.4907646,
          48.9008917
        ]
      },
      "id": "node/14136906099"
    },
    {
      "type": "Feature",
      "properties": {
        "@id": "node/14136906100",
        "@@id": "node/7088635106",
        "crossing": "uncontrolled",
        "crossing:markings": "zebra",
        "highway": "crossing"
      },
      "geometry": {
        "type": "Point",
        "coordinates": [
          2.4919147,
          48.9003718
        ]
      },
      "id": "node/14136906100"
    },
    {
      "type": "Feature",
      "properties": {
        "@id": "node/14136915201",
        "@@id": "node/7088630487",
        "crossing": "uncontrolled",
        "crossing:markings": "zebra",
        "highway": "crossing"
      },
      "geometry": {
        "type": "Point",
        "coordinates": [
          2.4920131,
          48.9002895
        ]
      },
      "id": "node/14136915201"
    },
    {
      "type": "Feature",
      "properties": {
        "@id": "node/14136915202",
        "@@id": "node/7088629386",
        "crossing": "uncontrolled",
        "crossing:markings": "zebra",
        "highway": "crossing"
      },
      "geometry": {
        "type": "Point",
        "coordinates": [
          2.4918295,
          48.9002433
        ]
      },
      "id": "node/14136915202"
    },
    {
      "type": "Feature",
      "properties": {
        "@id": "node/14136915203",
        "@@id": "node/7088598059",
        "crossing": "uncontrolled",
        "crossing:markings": "zebra",
        "highway": "crossing"
      },
      "geometry": {
        "type": "Point",
        "coordinates": [
          2.4919807,
          48.900249
        ]
      },
      "id": "node/14136915203"
    },
    {
      "type": "Feature",
      "properties": {
        "@id": "node/14136915204",
        "@@id": "node/7088597811",
        "crossing": "uncontrolled",
        "crossing:markings": "zebra",
        "highway": "crossing",
        "tactile_paving": "yes"
      },
      "geometry": {
        "type": "Point",
        "coordinates": [
          2.4967865,
          48.8996767
        ]
      },
      "id": "node/14136915204"
    },
    {
      "type": "Feature",
      "properties": {
        "@id": "node/14136915205",
        "@@id": "node/7088594787",
        "crossing": "uncontrolled",
        "crossing:markings": "zebra",
        "highway": "crossing"
      },
      "geometry": {
        "type": "Point",
        "coordinates": [
          2.4969161,
          48.8997421
        ]
      },
      "id": "node/14136915205"
    },
    {
      "type": "Feature",
      "properties": {
        "@id": "node/14136915206",
        "@@id": "node/7088581803",
        "crossing": "uncontrolled",
        "crossing:markings": "zebra",
        "highway": "crossing"
      },
      "geometry": {
        "type": "Point",
        "coordinates": [
          2.497036,
          48.8996739
        ]
      },
      "id": "node/14136915206"
    },
    {
      "type": "Feature",
      "properties": {
        "@id": "node/14136915207",
        "@@id": "node/7088579879",
        "crossing": "uncontrolled",
        "crossing:markings": "zebra",
        "highway": "crossing"
      },
      "geometry": {
        "type": "Point",
        "coordinates": [
          2.4975883,
          48.899658
        ]
      },
      "id": "node/14136915207"
    },
    {
      "type": "Feature",
      "properties": {
        "@id": "node/14136915208",
        "@@id": "node/7088579483",
        "crossing": "uncontrolled",
        "crossing:markings": "zebra",
        "highway": "crossing",
        "tactile_paving": "yes"
      },
      "geometry": {
        "type": "Point",
        "coordinates": [
          2.4961,
          48.8997493
        ]
      },
      "id": "node/14136915208"
    },
    {
      "type": "Feature",
      "properties": {
        "@id": "node/14136915209",
        "@@id": "node/7088578681",
        "crossing": "uncontrolled",
        "crossing:markings": "zebra",
        "highway": "crossing"
      },
      "geometry": {
        "type": "Point",
        "coordinates": [
          2.4935823,
          48.8996388
        ]
      },
      "id": "node/14136915209"
    },
    {
      "type": "Feature",
      "properties": {
        "@id": "node/14136915210",
        "@@id": "node/7088570753",
        "crossing": "uncontrolled",
        "crossing:markings": "zebra",
        "highway": "crossing",
        "tactile_paving": "yes"
      },
      "geometry": {
        "type": "Point",
        "coordinates": [
          2.4979607,
          48.8996872
        ]
      },
      "id": "node/14136915210"
    },
    {
      "type": "Feature",
      "properties": {
        "@id": "node/14136915211",
        "@@id": "node/7088569449",
        "crossing": "uncontrolled",
        "crossing:markings": "zebra",
        "highway": "crossing"
      },
      "geometry": {
        "type": "Point",
        "coordinates": [
          2.4966341,
          48.8996145
        ]
      },
      "id": "node/14136915211"
    },
    {
      "type": "Feature",
      "properties": {
        "@id": "node/14136915212",
        "@@id": "node/7088499535",
        "crossing": "uncontrolled",
        "crossing:markings": "zebra",
        "highway": "crossing",
        "tactile_paving": "yes"
      },
      "geometry": {
        "type": "Point",
        "coordinates": [
          2.4980527,
          48.899632
        ]
      },
      "id": "node/14136915212"
    },
    {
      "type": "Feature",
      "properties": {
        "@id": "node/14136915213",
        "@@id": "node/7088470748",
        "crossing": "uncontrolled",
        "crossing:markings": "zebra",
        "highway": "crossing",
        "tactile_paving": "yes"
      },
      "geometry": {
        "type": "Point",
        "coordinates": [
          2.4957115,
          48.8996864
        ]
      },
      "id": "node/14136915213"
    },
    {
      "type": "Feature",
      "properties": {
        "@id": "node/14136915214",
        "@@id": "node/6977597987",
        "crossing": "uncontrolled",
        "crossing:markings": "zebra",
        "highway": "crossing",
        "tactile_paving": "yes"
      },
      "geometry": {
        "type": "Point",
        "coordinates": [
          2.4794493,
          48.9182966
        ]
      },
      "id": "node/14136915214"
    },
    {
      "type": "Feature",
      "properties": {
        "@id": "node/14136915215",
        "@@id": "node/6977590321",
        "crossing": "uncontrolled",
        "crossing:markings": "zebra",
        "highway": "crossing",
        "tactile_paving": "yes"
      },
      "geometry": {
        "type": "Point",
        "coordinates": [
          2.4789417,
          48.9180555
        ]
      },
      "id": "node/14136915215"
    },
    {
      "type": "Feature",
      "properties": {
        "@id": "node/14136915216",
        "@@id": "node/6977585015",
        "crossing": "uncontrolled",
        "crossing:markings": "zebra",
        "highway": "crossing"
      },
      "geometry": {
        "type": "Point",
        "coordinates": [
          2.4795328,
          48.9176795
        ]
      },
      "id": "node/14136915216"
    },
    {
      "type": "Feature",
      "properties": {
        "@id": "node/14136915217",
        "@@id": "node/6977565424",
        "crossing": "uncontrolled",
        "crossing:markings": "zebra",
        "highway": "crossing"
      },
      "geometry": {
        "type": "Point",
        "coordinates": [
          2.4859817,
          48.918521
        ]
      },
      "id": "node/14136915217"
    },
    {
      "type": "Feature",
      "properties": {
        "@id": "node/14136915218",
        "@@id": "node/6977562929",
        "crossing": "uncontrolled",
        "crossing:markings": "zebra",
        "highway": "crossing",
        "tactile_paving": "yes"
      },
      "geometry": {
        "type": "Point",
        "coordinates": [
          2.4792466,
          48.9177515
        ]
      },
      "id": "node/14136915218"
    },
    {
      "type": "Feature",
      "properties": {
        "@id": "node/14136915219",
        "@@id": "node/6977540881",
        "crossing": "uncontrolled",
        "crossing:markings": "zebra",
        "highway": "crossing",
        "tactile_paving": "yes"
      },
      "geometry": {
        "type": "Point",
        "coordinates": [
          2.479701,
          48.918226
        ]
      },
      "id": "node/14136915219"
    },
    {
      "type": "Feature",
      "properties": {
        "@id": "node/14136915220",
        "@@id": "node/6977383820",
        "crossing": "uncontrolled",
        "crossing:markings": "zebra",
        "highway": "crossing"
      },
      "geometry": {
        "type": "Point",
        "coordinates": [
          2.4825938,
          48.902161
        ]
      },
      "id": "node/14136915220"
    },
    {
      "type": "Feature",
      "properties": {
        "@id": "node/14136915221",
        "@@id": "node/6964024599",
        "crossing": "uncontrolled",
        "crossing:markings": "zebra",
        "highway": "crossing"
      },
      "geometry": {
        "type": "Point",
        "coordinates": [
          2.4839195,
          48.8989897
        ]
      },
      "id": "node/14136915221"
    },
    {
      "type": "Feature",
      "properties": {
        "@id": "node/14136915222",
        "@@id": "node/6964006341",
        "crossing": "uncontrolled",
        "crossing:markings": "zebra",
        "highway": "crossing"
      },
      "geometry": {
        "type": "Point",
        "coordinates": [
          2.484082,
          48.8990194
        ]
      },
      "id": "node/14136915222"
    },
    {
      "type": "Feature",
      "properties": {
        "@id": "node/14136915223",
        "@@id": "node/6963264314",
        "crossing": "uncontrolled",
        "crossing:markings": "zebra",
        "highway": "crossing",
        "tactile_paving": "yes"
      },
      "geometry": {
        "type": "Point",
        "coordinates": [
          2.4891081,
          48.9062097
        ]
      },
      "id": "node/14136915223"
    },
    {
      "type": "Feature",
      "properties": {
        "@id": "node/14136915224",
        "@@id": "node/6963263675",
        "crossing": "uncontrolled",
        "crossing:island": "no",
        "crossing:markings": "zebra",
        "highway": "crossing"
      },
      "geometry": {
        "type": "Point",
        "coordinates": [
          2.4882726,
          48.9071477
        ]
      },
      "id": "node/14136915224"
    },
    {
      "type": "Feature",
      "properties": {
        "@id": "node/14136915225",
        "@@id": "node/6963263321",
        "crossing": "uncontrolled",
        "crossing:markings": "zebra",
        "highway": "crossing"
      },
      "geometry": {
        "type": "Point",
        "coordinates": [
          2.4874658,
          48.9075556
        ]
      },
      "id": "node/14136915225"
    },
    {
      "type": "Feature",
      "properties": {
        "@id": "node/14136915226",
        "@@id": "node/6963263063",
        "crossing": "uncontrolled",
        "crossing:markings": "zebra",
        "highway": "crossing"
      },
      "geometry": {
        "type": "Point",
        "coordinates": [
          2.4879083,
          48.9073415
        ]
      },
      "id": "node/14136915226"
    },
    {
      "type": "Feature",
      "properties": {
        "@id": "node/14136915227",
        "@@id": "node/6963244197",
        "crossing": "uncontrolled",
        "crossing:markings": "zebra",
        "highway": "crossing",
        "tactile_paving": "yes"
      },
      "geometry": {
        "type": "Point",
        "coordinates": [
          2.4890241,
          48.9063465
        ]
      },
      "id": "node/14136915227"
    },
    {
      "type": "Feature",
      "properties": {
        "@id": "node/14136915228",
        "@@id": "node/6963164230",
        "crossing": "uncontrolled",
        "crossing:island": "no",
        "crossing:markings": "zebra",
        "highway": "crossing",
        "tactile_paving": "no"
      },
      "geometry": {
        "type": "Point",
        "coordinates": [
          2.4873429,
          48.9078107
        ]
      },
      "id": "node/14136915228"
    },
    {
      "type": "Feature",
      "properties": {
        "@id": "node/14136915229",
        "@@id": "node/6963041506",
        "crossing": "uncontrolled",
        "crossing:markings": "zebra",
        "highway": "crossing",
        "tactile_paving": "no"
      },
      "geometry": {
        "type": "Point",
        "coordinates": [
          2.4933465,
          48.905111
        ]
      },
      "id": "node/14136915229"
    },
    {
      "type": "Feature",
      "properties": {
        "@id": "node/14136915230",
        "@@id": "node/6963036618",
        "crossing": "uncontrolled",
        "crossing:markings": "zebra",
        "highway": "crossing"
      },
      "geometry": {
        "type": "Point",
        "coordinates": [
          2.4906363,
          48.9047515
        ]
      },
      "id": "node/14136915230"
    },
    {
      "type": "Feature",
      "properties": {
        "@id": "node/14136915231",
        "@@id": "node/6963036449",
        "crossing": "uncontrolled",
        "crossing:markings": "zebra",
        "highway": "crossing"
      },
      "geometry": {
        "type": "Point",
        "coordinates": [
          2.4870081,
          48.9080885
        ]
      },
      "id": "node/14136915231"
    },
    {
      "type": "Feature",
      "properties": {
        "@id": "node/14136915232",
        "@@id": "node/6963030893",
        "crossing": "uncontrolled",
        "crossing:markings": "zebra",
        "highway": "crossing",
        "tactile_paving": "yes"
      },
      "geometry": {
        "type": "Point",
        "coordinates": [
          2.4934481,
          48.9067339
        ]
      },
      "id": "node/14136915232"
    },
    {
      "type": "Feature",
      "properties": {
        "@id": "node/14136915233",
        "@@id": "node/6963029352",
        "crossing": "uncontrolled",
        "crossing:markings": "zebra",
        "highway": "crossing"
      },
      "geometry": {
        "type": "Point",
        "coordinates": [
          2.4908657,
          48.9045715
        ]
      },
      "id": "node/14136915233"
    },
    {
      "type": "Feature",
      "properties": {
        "@id": "node/14136915234",
        "@@id": "node/6963029168",
        "crossing": "uncontrolled",
        "crossing:markings": "zebra",
        "highway": "crossing"
      },
      "geometry": {
        "type": "Point",
        "coordinates": [
          2.4908187,
          48.9046982
        ]
      },
      "id": "node/14136915234"
    },
    {
      "type": "Feature",
      "properties": {
        "@id": "node/14136915235",
        "@@id": "node/6963026679",
        "crossing": "uncontrolled",
        "crossing:markings": "zebra",
        "highway": "crossing",
        "tactile_paving": "yes"
      },
      "geometry": {
        "type": "Point",
        "coordinates": [
          2.4891562,
          48.9063021
        ]
      },
      "id": "node/14136915235"
    },
    {
      "type": "Feature",
      "properties": {
        "@id": "node/14136915236",
        "@@id": "node/6963010262",
        "crossing": "uncontrolled",
        "crossing:markings": "zebra",
        "highway": "crossing"
      },
      "geometry": {
        "type": "Point",
        "coordinates": [
          2.4933871,
          48.9058507
        ]
      },
      "id": "node/14136915236"
    },
    {
      "type": "Feature",
      "properties": {
        "@id": "node/14136915237",
        "@@id": "node/6962780208",
        "crossing": "uncontrolled",
        "crossing:markings": "zebra",
        "highway": "crossing",
        "tactile_paving": "yes"
      },
      "geometry": {
        "type": "Point",
        "coordinates": [
          2.4934229,
          48.9062917
        ]
      },
      "id": "node/14136915237"
    },
    {
      "type": "Feature",
      "properties": {
        "@id": "node/14136915238",
        "@@id": "node/6960102579",
        "crossing": "uncontrolled",
        "crossing:markings": "zebra",
        "highway": "crossing",
        "tactile_paving": "yes"
      },
      "geometry": {
        "type": "Point",
        "coordinates": [
          2.5000781,
          48.8956375
        ]
      },
      "id": "node/14136915238"
    },
    {
      "type": "Feature",
      "properties": {
        "@id": "node/14136915239",
        "@@id": "node/6960098623",
        "crossing": "uncontrolled",
        "crossing:markings": "zebra",
        "highway": "crossing"
      },
      "geometry": {
        "type": "Point",
        "coordinates": [
          2.4957052,
          48.8966734
        ]
      },
      "id": "node/14136915239"
    },
    {
      "type": "Feature",
      "properties": {
        "@id": "node/14136915240",
        "@@id": "node/6960097550",
        "crossing": "uncontrolled",
        "crossing:markings": "zebra",
        "highway": "crossing"
      },
      "geometry": {
        "type": "Point",
        "coordinates": [
          2.4976349,
          48.8962485
        ]
      },
      "id": "node/14136915240"
    },
    {
      "type": "Feature",
      "properties": {
        "@id": "node/14136915241",
        "@@id": "node/6960090963",
        "crossing": "uncontrolled",
        "crossing:markings": "zebra",
        "highway": "crossing"
      },
      "geometry": {
        "type": "Point",
        "coordinates": [
          2.4968704,
          48.8964112
        ]
      },
      "id": "node/14136915241"
    },
    {
      "type": "Feature",
      "properties": {
        "@id": "node/14136915242",
        "@@id": "node/6960082489",
        "crossing": "uncontrolled",
        "crossing:markings": "zebra",
        "highway": "crossing"
      },
      "geometry": {
        "type": "Point",
        "coordinates": [
          2.4935868,
          48.8976196
        ]
      },
      "id": "node/14136915242"
    },
    {
      "type": "Feature",
      "properties": {
        "@id": "node/14136915243",
        "@@id": "node/6960078438",
        "crossing": "uncontrolled",
        "crossing:markings": "zebra",
        "highway": "crossing"
      },
      "geometry": {
        "type": "Point",
        "coordinates": [
          2.4999579,
          48.895776
        ]
      },
      "id": "node/14136915243"
    },
    {
      "type": "Feature",
      "properties": {
        "@id": "node/14136915244",
        "@@id": "node/6960078277",
        "crossing": "uncontrolled",
        "crossing:markings": "zebra",
        "highway": "crossing"
      },
      "geometry": {
        "type": "Point",
        "coordinates": [
          2.4935588,
          48.8975346
        ]
      },
      "id": "node/14136915244"
    },
    {
      "type": "Feature",
      "properties": {
        "@id": "node/14136915245",
        "@@id": "node/6960076867",
        "crossing": "uncontrolled",
        "crossing:markings": "zebra",
        "highway": "crossing"
      },
      "geometry": {
        "type": "Point",
        "coordinates": [
          2.4914827,
          48.8979216
        ]
      },
      "id": "node/14136915245"
    },
    {
      "type": "Feature",
      "properties": {
        "@id": "node/14136915246",
        "@@id": "node/6960075167",
        "crossing": "uncontrolled",
        "crossing:island": "no",
        "crossing:markings": "zebra",
        "highway": "crossing",
        "tactile_paving": "no"
      },
      "geometry": {
        "type": "Point",
        "coordinates": [
          2.4950228,
          48.8970519
        ]
      },
      "id": "node/14136915246"
    },
    {
      "type": "Feature",
      "properties": {
        "@id": "node/14136915247",
        "@@id": "node/6960075166",
        "crossing": "uncontrolled",
        "crossing:markings": "zebra",
        "highway": "crossing",
        "tactile_paving": "no"
      },
      "geometry": {
        "type": "Point",
        "coordinates": [
          2.4948831,
          48.8970646
        ]
      },
      "id": "node/14136915247"
    },
    {
      "type": "Feature",
      "properties": {
        "@id": "node/14136915248",
        "@@id": "node/6960074838",
        "crossing": "uncontrolled",
        "crossing:markings": "zebra",
        "highway": "crossing"
      },
      "geometry": {
        "type": "Point",
        "coordinates": [
          2.4916313,
          48.8979446
        ]
      },
      "id": "node/14136915248"
    },
    {
      "type": "Feature",
      "properties": {
        "@id": "node/14136915249",
        "@@id": "node/6960074354",
        "crossing": "uncontrolled",
        "crossing:markings": "zebra",
        "highway": "crossing"
      },
      "geometry": {
        "type": "Point",
        "coordinates": [
          2.4944388,
          48.8973888
        ]
      },
      "id": "node/14136915249"
    },
    {
      "type": "Feature",
      "properties": {
        "@id": "node/14136915250",
        "@@id": "node/6960072907",
        "crossing": "uncontrolled",
        "crossing:markings": "zebra",
        "highway": "crossing"
      },
      "geometry": {
        "type": "Point",
        "coordinates": [
          2.494245,
          48.8973471
        ]
      },
      "id": "node/14136915250"
    },
    {
      "type": "Feature",
      "properties": {
        "@id": "node/14136915251",
        "@@id": "node/6960070940",
        "crossing": "uncontrolled",
        "crossing:markings": "zebra",
        "highway": "crossing"
      },
      "geometry": {
        "type": "Point",
        "coordinates": [
          2.4975216,
          48.8963154
        ]
      },
      "id": "node/14136915251"
    },
    {
      "type": "Feature",
      "properties": {
        "@id": "node/14136915252",
        "@@id": "node/6960070324",
        "crossing": "uncontrolled",
        "crossing:markings": "zebra",
        "highway": "crossing"
      },
      "geometry": {
        "type": "Point",
        "coordinates": [
          2.492824,
          48.8977204
        ]
      },
      "id": "node/14136915252"
    },
    {
      "type": "Feature",
      "properties": {
        "@id": "node/14136915253",
        "@@id": "node/6960066005",
        "crossing": "uncontrolled",
        "crossing:markings": "zebra",
        "highway": "crossing"
      },
      "geometry": {
        "type": "Point",
        "coordinates": [
          2.4917155,
          48.8979729
        ]
      },
      "id": "node/14136915253"
    },
    {
      "type": "Feature",
      "properties": {
        "@id": "node/14136915254",
        "@@id": "node/6960060823",
        "crossing": "uncontrolled",
        "crossing:markings": "zebra",
        "highway": "crossing",
        "tactile_paving": "no"
      },
      "geometry": {
        "type": "Point",
        "coordinates": [
          2.495302,
          48.8969594
        ]
      },
      "id": "node/14136915254"
    },
    {
      "type": "Feature",
      "properties": {
        "@id": "node/14136915255",
        "@@id": "node/6960058974",
        "crossing": "uncontrolled",
        "crossing:markings": "zebra",
        "highway": "crossing"
      },
      "geometry": {
        "type": "Point",
        "coordinates": [
          2.4936966,
          48.8975536
        ]
      },
      "id": "node/14136915255"
    },
    {
      "type": "Feature",
      "properties": {
        "@id": "node/14136915256",
        "@@id": "node/6960058862",
        "crossing": "uncontrolled",
        "crossing:markings": "zebra",
        "highway": "crossing"
      },
      "geometry": {
        "type": "Point",
        "coordinates": [
          2.4945095,
          48.8973078
        ]
      },
      "id": "node/14136915256"
    },
    {
      "type": "Feature",
      "properties": {
        "@id": "node/14136915257",
        "@@id": "node/6960053480",
        "crossing": "uncontrolled",
        "crossing:markings": "zebra",
        "highway": "crossing",
        "tactile_paving": "yes"
      },
      "geometry": {
        "type": "Point",
        "coordinates": [
          2.4948405,
          48.8972068
        ]
      },
      "id": "node/14136915257"
    },
    {
      "type": "Feature",
      "properties": {
        "@id": "node/14136915258",
        "@@id": "node/6960042059",
        "crossing": "uncontrolled",
        "crossing:markings": "zebra",
        "highway": "crossing"
      },
      "geometry": {
        "type": "Point",
        "coordinates": [
          2.4921994,
          48.8977864
        ]
      },
      "id": "node/14136915258"
    },
    {
      "type": "Feature",
      "properties": {
        "@id": "node/14136915259",
        "@@id": "node/6960035584",
        "crossing": "uncontrolled",
        "crossing:markings": "zebra",
        "highway": "crossing",
        "tactile_paving": "yes"
      },
      "geometry": {
        "type": "Point",
        "coordinates": [
          2.4927184,
          48.8978275
        ]
      },
      "id": "node/14136915259"
    },
    {
      "type": "Feature",
      "properties": {
        "@id": "node/14136915260",
        "@@id": "node/6960035437",
        "crossing": "uncontrolled",
        "crossing:markings": "zebra",
        "highway": "crossing"
      },
      "geometry": {
        "type": "Point",
        "coordinates": [
          2.4926717,
          48.897699
        ]
      },
      "id": "node/14136915260"
    },
    {
      "type": "Feature",
      "properties": {
        "@id": "node/14136915261",
        "@@id": "node/6958561340",
        "crossing": "uncontrolled",
        "crossing:markings": "zebra",
        "highway": "crossing"
      },
      "geometry": {
        "type": "Point",
        "coordinates": [
          2.4896884,
          48.8981608
        ]
      },
      "id": "node/14136915261"
    },
    {
      "type": "Feature",
      "properties": {
        "@id": "node/14136915262",
        "@@id": "node/6958535024",
        "crossing": "uncontrolled",
        "crossing:markings": "zebra",
        "highway": "crossing"
      },
      "geometry": {
        "type": "Point",
        "coordinates": [
          2.4903022,
          48.8981405
        ]
      },
      "id": "node/14136915262"
    },
    {
      "type": "Feature",
      "properties": {
        "@id": "node/14136915263",
        "@@id": "node/6958535005",
        "crossing": "uncontrolled",
        "crossing:markings": "zebra",
        "highway": "crossing"
      },
      "geometry": {
        "type": "Point",
        "coordinates": [
          2.4764783,
          48.9003277
        ]
      },
      "id": "node/14136915263"
    },
    {
      "type": "Feature",
      "properties": {
        "@id": "node/14136915264",
        "@@id": "node/6958532164",
        "crossing": "uncontrolled",
        "crossing:markings": "zebra",
        "highway": "crossing"
      },
      "geometry": {
        "type": "Point",
        "coordinates": [
          2.4908144,
          48.8981448
        ]
      },
      "id": "node/14136915264"
    },
    {
      "type": "Feature",
      "properties": {
        "@id": "node/14136915265",
        "@@id": "node/6958528367",
        "crossing": "uncontrolled",
        "crossing:markings": "zebra",
        "highway": "crossing"
      },
      "geometry": {
        "type": "Point",
        "coordinates": [
          2.4860443,
          48.8986629
        ]
      },
      "id": "node/14136915265"
    },
    {
      "type": "Feature",
      "properties": {
        "@id": "node/14136915266",
        "@@id": "node/6958526570",
        "crossing": "uncontrolled",
        "crossing:markings": "zebra",
        "highway": "crossing"
      },
      "geometry": {
        "type": "Point",
        "coordinates": [
          2.4860026,
          48.9017598
        ]
      },
      "id": "node/14136915266"
    },
    {
      "type": "Feature",
      "properties": {
        "@id": "node/14136915267",
        "@@id": "node/6958521527",
        "crossing": "uncontrolled",
        "crossing:markings": "zebra",
        "highway": "crossing"
      },
      "geometry": {
        "type": "Point",
        "coordinates": [
          2.4747652,
          48.9007626
        ]
      },
      "id": "node/14136915267"
    },
    {
      "type": "Feature",
      "properties": {
        "@id": "node/14136915268",
        "@@id": "node/6958521526",
        "crossing": "uncontrolled",
        "crossing:markings": "zebra",
        "highway": "crossing"
      },
      "geometry": {
        "type": "Point",
        "coordinates": [
          2.4765584,
          48.9005065
        ]
      },
      "id": "node/14136915268"
    },
    {
      "type": "Feature",
      "properties": {
        "@id": "node/14136915269",
        "@@id": "node/6958517811",
        "crossing": "uncontrolled",
        "crossing:markings": "zebra",
        "highway": "crossing"
      },
      "geometry": {
        "type": "Point",
        "coordinates": [
          2.4860103,
          48.9018137
        ]
      },
      "id": "node/14136915269"
    },
    {
      "type": "Feature",
      "properties": {
        "@id": "node/14136915270",
        "@@id": "node/6958515040",
        "crossing": "uncontrolled",
        "crossing:markings": "zebra",
        "highway": "crossing",
        "tactile_paving": "yes"
      },
      "geometry": {
        "type": "Point",
        "coordinates": [
          2.474203,
          48.8998969
        ]
      },
      "id": "node/14136915270"
    },
    {
      "type": "Feature",
      "properties": {
        "@id": "node/14136915271",
        "@@id": "node/6958514322",
        "crossing": "uncontrolled",
        "crossing:island": "no",
        "crossing:markings": "zebra",
        "highway": "crossing",
        "tactile_paving": "yes"
      },
      "geometry": {
        "type": "Point",
        "coordinates": [
          2.4708982,
          48.9015814
        ]
      },
      "id": "node/14136915271"
    },
    {
      "type": "Feature",
      "properties": {
        "@id": "node/14136915272",
        "@@id": "node/6958514063",
        "crossing": "uncontrolled",
        "crossing:island": "no",
        "crossing:markings": "zebra",
        "highway": "crossing",
        "tactile_paving": "yes"
      },
      "geometry": {
        "type": "Point",
        "coordinates": [
          2.4707824,
          48.9016592
        ]
      },
      "id": "node/14136915272"
    },
    {
      "type": "Feature",
      "properties": {
        "@id": "node/14136915273",
        "@@id": "node/6958513509",
        "crossing": "uncontrolled",
        "crossing:markings": "zebra",
        "highway": "crossing"
      },
      "geometry": {
        "type": "Point",
        "coordinates": [
          2.4768392,
          48.8993372
        ]
      },
      "id": "node/14136915273"
    },
    {
      "type": "Feature",
      "properties": {
        "@id": "node/14136915274",
        "@@id": "node/6958507422",
        "crossing": "uncontrolled",
        "crossing:markings": "zebra",
        "highway": "crossing"
      },
      "geometry": {
        "type": "Point",
        "coordinates": [
          2.4867119,
          48.8985679
        ]
      },
      "id": "node/14136915274"
    },
    {
      "type": "Feature",
      "properties": {
        "@id": "node/14136915275",
        "@@id": "node/6958505326",
        "crossing": "uncontrolled",
        "crossing:markings": "zebra",
        "highway": "crossing"
      },
      "geometry": {
        "type": "Point",
        "coordinates": [
          2.4853338,
          48.898824
        ]
      },
      "id": "node/14136915275"
    },
    {
      "type": "Feature",
      "properties": {
        "@id": "node/14136915276",
        "@@id": "node/6958505325",
        "crossing": "uncontrolled",
        "crossing:markings": "zebra",
        "highway": "crossing",
        "kerb": "lowered",
        "tactile_paving": "yes"
      },
      "geometry": {
        "type": "Point",
        "coordinates": [
          2.4761035,
          48.8995012
        ]
      },
      "id": "node/14136915276"
    },
    {
      "type": "Feature",
      "properties": {
        "@id": "node/14136915277",
        "@@id": "node/6958503918",
        "crossing": "uncontrolled",
        "crossing:markings": "zebra",
        "highway": "crossing"
      },
      "geometry": {
        "type": "Point",
        "coordinates": [
          2.4768776,
          48.8992699
        ]
      },
      "id": "node/14136915277"
    },
    {
      "type": "Feature",
      "properties": {
        "@id": "node/14136915278",
        "@@id": "node/6958502230",
        "crossing": "uncontrolled",
        "crossing:markings": "zebra",
        "highway": "crossing"
      },
      "geometry": {
        "type": "Point",
        "coordinates": [
          2.4762435,
          48.899364
        ]
      },
      "id": "node/14136915278"
    },
    {
      "type": "Feature",
      "properties": {
        "@id": "node/14136915279",
        "@@id": "node/6958501777",
        "crossing": "uncontrolled",
        "crossing:markings": "zebra",
        "highway": "crossing"
      },
      "geometry": {
        "type": "Point",
        "coordinates": [
          2.4764266,
          48.9015249
        ]
      },
      "id": "node/14136915279"
    },
    {
      "type": "Feature",
      "properties": {
        "@id": "node/14136915280",
        "@@id": "node/6958501497",
        "crossing": "uncontrolled",
        "crossing:markings": "zebra",
        "highway": "crossing"
      },
      "geometry": {
        "type": "Point",
        "coordinates": [
          2.4776794,
          48.9012287
        ]
      },
      "id": "node/14136915280"
    },
    {
      "type": "Feature",
      "properties": {
        "@id": "node/14136915281",
        "@@id": "node/6958500701",
        "crossing": "uncontrolled",
        "crossing:markings": "zebra",
        "highway": "crossing"
      },
      "geometry": {
        "type": "Point",
        "coordinates": [
          2.4770785,
          48.9013948
        ]
      },
      "id": "node/14136915281"
    },
    {
      "type": "Feature",
      "properties": {
        "@id": "node/14136915282",
        "@@id": "node/6958500458",
        "crossing": "uncontrolled",
        "crossing:markings": "zebra",
        "highway": "crossing"
      },
      "geometry": {
        "type": "Point",
        "coordinates": [
          2.4763885,
          48.9004791
        ]
      },
      "id": "node/14136915282"
    },
    {
      "type": "Feature",
      "properties": {
        "@id": "node/14136915283",
        "@@id": "node/6958499362",
        "crossing": "uncontrolled",
        "crossing:markings": "zebra",
        "highway": "crossing"
      },
      "geometry": {
        "type": "Point",
        "coordinates": [
          2.4750948,
          48.9017864
        ]
      },
      "id": "node/14136915283"
    },
    {
      "type": "Feature",
      "properties": {
        "@id": "node/14136915284",
        "@@id": "node/6958490759",
        "crossing": "uncontrolled",
        "crossing:markings": "zebra",
        "highway": "crossing"
      },
      "geometry": {
        "type": "Point",
        "coordinates": [
          2.4793203,
          48.9020136
        ]
      },
      "id": "node/14136915284"
    },
    {
      "type": "Feature",
      "properties": {
        "@id": "node/14136915285",
        "@@id": "node/6958489941",
        "crossing": "uncontrolled",
        "crossing:markings": "zebra",
        "highway": "crossing"
      },
      "geometry": {
        "type": "Point",
        "coordinates": [
          2.4761278,
          48.8992673
        ]
      },
      "id": "node/14136915285"
    },
    {
      "type": "Feature",
      "properties": {
        "@id": "node/14136915286",
        "@@id": "node/6958488549",
        "crossing": "uncontrolled",
        "crossing:markings": "zebra",
        "highway": "crossing"
      },
      "geometry": {
        "type": "Point",
        "coordinates": [
          2.475339,
          48.9017411
        ]
      },
      "id": "node/14136915286"
    },
    {
      "type": "Feature",
      "properties": {
        "@id": "node/14136915287",
        "@@id": "node/6958483452",
        "crossing": "uncontrolled",
        "crossing:markings": "zebra",
        "highway": "crossing"
      },
      "geometry": {
        "type": "Point",
        "coordinates": [
          2.4769358,
          48.9013748
        ]
      },
      "id": "node/14136915287"
    },
    {
      "type": "Feature",
      "properties": {
        "@id": "node/14136915288",
        "@@id": "node/6958479228",
        "crossing": "uncontrolled",
        "crossing:markings": "zebra",
        "highway": "crossing"
      },
      "geometry": {
        "type": "Point",
        "coordinates": [
          2.4864453,
          48.8987208
        ]
      },
      "id": "node/14136915288"
    },
    {
      "type": "Feature",
      "properties": {
        "@id": "node/14136915289",
        "@@id": "node/6958479204",
        "crossing": "uncontrolled",
        "crossing:markings": "zebra",
        "highway": "crossing"
      },
      "geometry": {
        "type": "Point",
        "coordinates": [
          2.4791709,
          48.9017444
        ]
      },
      "id": "node/14136915289"
    },
    {
      "type": "Feature",
      "properties": {
        "@id": "node/14136915290",
        "@@id": "node/6958476230",
        "crossing": "uncontrolled",
        "crossing:markings": "zebra",
        "highway": "crossing"
      },
      "geometry": {
        "type": "Point",
        "coordinates": [
          2.4752514,
          48.901834
        ]
      },
      "id": "node/14136915290"
    },
    {
      "type": "Feature",
      "properties": {
        "@id": "node/14136915291",
        "@@id": "node/6958470954",
        "crossing": "uncontrolled",
        "crossing:markings": "zebra",
        "highway": "crossing"
      },
      "geometry": {
        "type": "Point",
        "coordinates": [
          2.476857,
          48.9014394
        ]
      },
      "id": "node/14136915291"
    },
    {
      "type": "Feature",
      "properties": {
        "@id": "node/14136915292",
        "@@id": "node/6958414651",
        "crossing": "uncontrolled",
        "crossing:markings": "zebra",
        "highway": "crossing"
      },
      "geometry": {
        "type": "Point",
        "coordinates": [
          2.4751825,
          48.9017068
        ]
      },
      "id": "node/14136915292"
    },
    {
      "type": "Feature",
      "properties": {
        "@id": "node/14136915293",
        "@@id": "node/6958414640",
        "crossing": "uncontrolled",
        "crossing:markings": "zebra",
        "highway": "crossing"
      },
      "geometry": {
        "type": "Point",
        "coordinates": [
          2.4769856,
          48.9014865
        ]
      },
      "id": "node/14136915293"
    },
    {
      "type": "Feature",
      "properties": {
        "@id": "node/14136915294",
        "@@id": "node/6958388996",
        "crossing": "uncontrolled",
        "crossing:markings": "zebra",
        "highway": "crossing"
      },
      "geometry": {
        "type": "Point",
        "coordinates": [
          2.4786817,
          48.9003663
        ]
      },
      "id": "node/14136915294"
    },
    {
      "type": "Feature",
      "properties": {
        "@id": "node/14136915295",
        "@@id": "node/6958386689",
        "crossing": "uncontrolled",
        "crossing:markings": "zebra",
        "highway": "crossing",
        "tactile_paving": "yes"
      },
      "geometry": {
        "type": "Point",
        "coordinates": [
          2.4787101,
          48.9010759
        ]
      },
      "id": "node/14136915295"
    },
    {
      "type": "Feature",
      "properties": {
        "@id": "node/14136915296",
        "@@id": "node/6958381952",
        "crossing": "uncontrolled",
        "crossing:markings": "zebra",
        "highway": "crossing"
      },
      "geometry": {
        "type": "Point",
        "coordinates": [
          2.4786178,
          48.9004738
        ]
      },
      "id": "node/14136915296"
    },
    {
      "type": "Feature",
      "properties": {
        "@id": "node/14136915297",
        "@@id": "node/6958363132",
        "crossing": "uncontrolled",
        "crossing:markings": "zebra",
        "highway": "crossing"
      },
      "geometry": {
        "type": "Point",
        "coordinates": [
          2.4772189,
          48.8971549
        ]
      },
      "id": "node/14136915297"
    },
    {
      "type": "Feature",
      "properties": {
        "@id": "node/14136915298",
        "@@id": "node/6958355678",
        "crossing": "uncontrolled",
        "crossing:markings": "zebra",
        "highway": "crossing"
      },
      "geometry": {
        "type": "Point",
        "coordinates": [
          2.4783342,
          48.8994426
        ]
      },
      "id": "node/14136915298"
    },
    {
      "type": "Feature",
      "properties": {
        "@id": "node/14136915299",
        "@@id": "node/6958355511",
        "crossing": "uncontrolled",
        "crossing:markings": "zebra",
        "highway": "crossing"
      },
      "geometry": {
        "type": "Point",
        "coordinates": [
          2.4783136,
          48.8995258
        ]
      },
      "id": "node/14136915299"
    },
    {
      "type": "Feature",
      "properties": {
        "@id": "node/14136915300",
        "@@id": "node/6958353248",
        "crossing": "uncontrolled",
        "crossing:markings": "zebra",
        "highway": "crossing",
        "tactile_paving": "yes"
      },
      "geometry": {
        "type": "Point",
        "coordinates": [
          2.4788229,
          48.9011255
        ]
      },
      "id": "node/14136915300"
    },
    {
      "type": "Feature",
      "properties": {
        "@id": "node/14136915301",
        "@@id": "node/6958349577",
        "crossing": "uncontrolled",
        "crossing:markings": "zebra",
        "highway": "crossing",
        "tactile_paving": "yes"
      },
      "geometry": {
        "type": "Point",
        "coordinates": [
          2.4773957,
          48.897822
        ]
      },
      "id": "node/14136915301"
    },
    {
      "type": "Feature",
      "properties": {
        "@id": "node/14136915302",
        "@@id": "node/6958343657",
        "crossing": "uncontrolled",
        "crossing:markings": "zebra",
        "highway": "crossing"
      },
      "geometry": {
        "type": "Point",
        "coordinates": [
          2.4740828,
          48.8973783
        ]
      },
      "id": "node/14136915302"
    },
    {
      "type": "Feature",
      "properties": {
        "@id": "node/14136915303",
        "@@id": "node/6958339808",
        "crossing": "uncontrolled",
        "crossing:markings": "zebra",
        "highway": "crossing"
      },
      "geometry": {
        "type": "Point",
        "coordinates": [
          2.4729252,
          48.895704
        ]
      },
      "id": "node/14136915303"
    },
    {
      "type": "Feature",
      "properties": {
        "@id": "node/14136915304",
        "@@id": "node/6958338278",
        "crossing": "uncontrolled",
        "crossing:markings": "zebra",
        "highway": "crossing"
      },
      "geometry": {
        "type": "Point",
        "coordinates": [
          2.4747372,
          48.8981298
        ]
      },
      "id": "node/14136915304"
    },
    {
      "type": "Feature",
      "properties": {
        "@id": "node/14136915305",
        "@@id": "node/6958336932",
        "crossing": "uncontrolled",
        "crossing:markings": "zebra",
        "highway": "crossing"
      },
      "geometry": {
        "type": "Point",
        "coordinates": [
          2.4746045,
          48.8980906
        ]
      },
      "id": "node/14136915305"
    },
    {
      "type": "Feature",
      "properties": {
        "@id": "node/14136915306",
        "@@id": "node/6958333611",
        "crossing": "uncontrolled",
        "crossing:markings": "zebra",
        "highway": "crossing"
      },
      "geometry": {
        "type": "Point",
        "coordinates": [
          2.4772484,
          48.897819
        ]
      },
      "id": "node/14136915306"
    },
    {
      "type": "Feature",
      "properties": {
        "@id": "node/14136915307",
        "@@id": "node/6958310353",
        "crossing": "uncontrolled",
        "crossing:markings": "zebra",
        "highway": "crossing",
        "tactile_paving": "yes"
      },
      "geometry": {
        "type": "Point",
        "coordinates": [
          2.4709811,
          48.9003644
        ]
      },
      "id": "node/14136915307"
    },
    {
      "type": "Feature",
      "properties": {
        "@id": "node/14136915308",
        "@@id": "node/6958303354",
        "crossing": "uncontrolled",
        "crossing:markings": "zebra",
        "highway": "crossing"
      },
      "geometry": {
        "type": "Point",
        "coordinates": [
          2.4771956,
          48.8977304
        ]
      },
      "id": "node/14136915308"
    },
    {
      "type": "Feature",
      "properties": {
        "@id": "node/14136915309",
        "@@id": "node/6958298598",
        "crossing": "uncontrolled",
        "crossing:markings": "zebra",
        "highway": "crossing"
      },
      "geometry": {
        "type": "Point",
        "coordinates": [
          2.4732316,
          48.9027478
        ]
      },
      "id": "node/14136915309"
    },
    {
      "type": "Feature",
      "properties": {
        "@id": "node/14136915310",
        "@@id": "node/6958297378",
        "crossing": "uncontrolled",
        "crossing:markings": "zebra",
        "highway": "crossing"
      },
      "geometry": {
        "type": "Point",
        "coordinates": [
          2.4734012,
          48.9021909
        ]
      },
      "id": "node/14136915310"
    },
    {
      "type": "Feature",
      "properties": {
        "@id": "node/14136915311",
        "@@id": "node/6958250348",
        "crossing": "uncontrolled",
        "crossing:markings": "zebra",
        "highway": "crossing"
      },
      "geometry": {
        "type": "Point",
        "coordinates": [
          2.4732841,
          48.9014069
        ]
      },
      "id": "node/14136915311"
    },
    {
      "type": "Feature",
      "properties": {
        "@id": "node/14136915312",
        "@@id": "node/6958239656",
        "crossing": "uncontrolled",
        "crossing:markings": "zebra",
        "highway": "crossing",
        "tactile_paving": "yes"
      },
      "geometry": {
        "type": "Point",
        "coordinates": [
          2.4762429,
          48.903662
        ]
      },
      "id": "node/14136915312"
    },
    {
      "type": "Feature",
      "properties": {
        "@id": "node/14136915313",
        "@@id": "node/6955818482",
        "crossing": "uncontrolled",
        "crossing:markings": "zebra",
        "highway": "crossing",
        "tactile_paving": "yes"
      },
      "geometry": {
        "type": "Point",
        "coordinates": [
          2.4812386,
          48.9037156
        ]
      },
      "id": "node/14136915313"
    },
    {
      "type": "Feature",
      "properties": {
        "@id": "node/14136915314",
        "@@id": "node/6955817687",
        "crossing": "uncontrolled",
        "crossing:markings": "zebra",
        "highway": "crossing"
      },
      "geometry": {
        "type": "Point",
        "coordinates": [
          2.4802936,
          48.9043536
        ]
      },
      "id": "node/14136915314"
    },
    {
      "type": "Feature",
      "properties": {
        "@id": "node/14136915315",
        "@@id": "node/6955805656",
        "crossing": "uncontrolled",
        "crossing:markings": "zebra",
        "highway": "crossing",
        "tactile_paving": "yes"
      },
      "geometry": {
        "type": "Point",
        "coordinates": [
          2.4805521,
          48.9057935
        ]
      },
      "id": "node/14136915315"
    },
    {
      "type": "Feature",
      "properties": {
        "@id": "node/14136915316",
        "@@id": "node/6955785849",
        "crossing": "uncontrolled",
        "crossing:markings": "zebra",
        "highway": "crossing"
      },
      "geometry": {
        "type": "Point",
        "coordinates": [
          2.480363,
          48.9049045
        ]
      },
      "id": "node/14136915316"
    },
    {
      "type": "Feature",
      "properties": {
        "@id": "node/14136915317",
        "@@id": "node/6955785640",
        "crossing": "uncontrolled",
        "crossing:markings": "zebra",
        "highway": "crossing",
        "tactile_paving": "no"
      },
      "geometry": {
        "type": "Point",
        "coordinates": [
          2.4861204,
          48.9068218
        ]
      },
      "id": "node/14136915317"
    },
    {
      "type": "Feature",
      "properties": {
        "@id": "node/14136915318",
        "@@id": "node/6955782032",
        "crossing": "uncontrolled",
        "crossing:markings": "zebra",
        "highway": "crossing"
      },
      "geometry": {
        "type": "Point",
        "coordinates": [
          2.4832313,
          48.9061071
        ]
      },
      "id": "node/14136915318"
    },
    {
      "type": "Feature",
      "properties": {
        "@id": "node/14136915319",
        "@@id": "node/6955782026",
        "crossing": "uncontrolled",
        "crossing:island": "no",
        "crossing:markings": "zebra",
        "highway": "crossing",
        "tactile_paving": "yes"
      },
      "geometry": {
        "type": "Point",
        "coordinates": [
          2.4884245,
          48.906755
        ]
      },
      "id": "node/14136915319"
    },
    {
      "type": "Feature",
      "properties": {
        "@id": "node/14136915320",
        "@@id": "node/6955781729",
        "crossing": "uncontrolled",
        "crossing:island": "no",
        "crossing:markings": "zebra",
        "highway": "crossing",
        "tactile_paving": "no"
      },
      "geometry": {
        "type": "Point",
        "coordinates": [
          2.4846199,
          48.9066556
        ]
      },
      "id": "node/14136915320"
    },
    {
      "type": "Feature",
      "properties": {
        "@id": "node/14136915321",
        "@@id": "node/6955781132",
        "crossing": "uncontrolled",
        "crossing:markings": "zebra",
        "highway": "crossing",
        "tactile_paving": "no"
      },
      "geometry": {
        "type": "Point",
        "coordinates": [
          2.4887545,
          48.9069375
        ]
      },
      "id": "node/14136915321"
    },
    {
      "type": "Feature",
      "properties": {
        "@id": "node/14136915322",
        "@@id": "node/6955778212",
        "crossing": "uncontrolled",
        "crossing:island": "no",
        "crossing:markings": "zebra",
        "highway": "crossing",
        "tactile_paving": "yes"
      },
      "geometry": {
        "type": "Point",
        "coordinates": [
          2.4803157,
          48.9056584
        ]
      },
      "id": "node/14136915322"
    },
    {
      "type": "Feature",
      "properties": {
        "@id": "node/14136915323",
        "@@id": "node/6955775186",
        "crossing": "uncontrolled",
        "crossing:island": "yes",
        "crossing:markings": "zebra",
        "highway": "crossing",
        "kerb": "raised",
        "tactile_paving": "yes"
      },
      "geometry": {
        "type": "Point",
        "coordinates": [
          2.4889746,
          48.9072522
        ]
      },
      "id": "node/14136915323"
    },
    {
      "type": "Feature",
      "properties": {
        "@id": "node/14136915324",
        "@@id": "node/6955771123",
        "crossing": "uncontrolled",
        "crossing:markings": "zebra",
        "highway": "crossing",
        "tactile_paving": "yes"
      },
      "geometry": {
        "type": "Point",
        "coordinates": [
          2.489196,
          48.9072157
        ]
      },
      "id": "node/14136915324"
    },
    {
      "type": "Feature",
      "properties": {
        "@id": "node/14136915325",
        "@@id": "node/6955770142",
        "crossing": "uncontrolled",
        "crossing:markings": "zebra",
        "highway": "crossing"
      },
      "geometry": {
        "type": "Point",
        "coordinates": [
          2.480269,
          48.9048048
        ]
      },
      "id": "node/14136915325"
    },
    {
      "type": "Feature",
      "properties": {
        "@id": "node/14136915326",
        "@@id": "node/6955769840",
        "crossing": "uncontrolled",
        "crossing:markings": "zebra",
        "highway": "crossing"
      },
      "geometry": {
        "type": "Point",
        "coordinates": [
          2.4874977,
          48.9066681
        ]
      },
      "id": "node/14136915326"
    },
    {
      "type": "Feature",
      "properties": {
        "@id": "node/14136915327",
        "@@id": "node/6955767044",
        "crossing": "uncontrolled",
        "crossing:markings": "zebra",
        "highway": "crossing",
        "tactile_paving": "no"
      },
      "geometry": {
        "type": "Point",
        "coordinates": [
          2.4893907,
          48.907628
        ]
      },
      "id": "node/14136915327"
    },
    {
      "type": "Feature",
      "properties": {
        "@id": "node/14136915328",
        "@@id": "node/6955762749",
        "crossing": "uncontrolled",
        "crossing:markings": "zebra",
        "highway": "crossing",
        "tactile_paving": "yes"
      },
      "geometry": {
        "type": "Point",
        "coordinates": [
          2.4892125,
          48.9070922
        ]
      },
      "id": "node/14136915328"
    },
    {
      "type": "Feature",
      "properties": {
        "@id": "node/14136915329",
        "@@id": "node/6955762086",
        "crossing": "uncontrolled",
        "crossing:island": "yes",
        "crossing:markings": "zebra",
        "highway": "crossing",
        "tactile_paving": "yes"
      },
      "geometry": {
        "type": "Point",
        "coordinates": [
          2.4892003,
          48.9071594
        ]
      },
      "id": "node/14136915329"
    },
    {
      "type": "Feature",
      "properties": {
        "@id": "node/14136915330",
        "@@id": "node/6955759528",
        "crossing": "uncontrolled",
        "crossing:markings": "zebra",
        "highway": "crossing"
      },
      "geometry": {
        "type": "Point",
        "coordinates": [
          2.4828725,
          48.9060686
        ]
      },
      "id": "node/14136915330"
    },
    {
      "type": "Feature",
      "properties": {
        "@id": "node/14136915331",
        "@@id": "node/6955739228",
        "crossing": "uncontrolled",
        "crossing:markings": "zebra",
        "highway": "crossing",
        "tactile_paving": "yes"
      },
      "geometry": {
        "type": "Point",
        "coordinates": [
          2.4801789,
          48.9057373
        ]
      },
      "id": "node/14136915331"
    },
    {
      "type": "Feature",
      "properties": {
        "@id": "node/14136915332",
        "@@id": "node/6849377301",
        "crossing": "uncontrolled",
        "crossing:markings": "zebra",
        "highway": "crossing",
        "tactile_paving": "yes"
      },
      "geometry": {
        "type": "Point",
        "coordinates": [
          2.4732358,
          48.9030038
        ]
      },
      "id": "node/14136915332"
    },
    {
      "type": "Feature",
      "properties": {
        "@id": "node/14136915333",
        "@@id": "node/6792887858",
        "crossing": "uncontrolled",
        "crossing:markings": "zebra",
        "highway": "crossing",
        "tactile_paving": "yes"
      },
      "geometry": {
        "type": "Point",
        "coordinates": [
          2.4917499,
          48.9003942
        ]
      },
      "id": "node/14136915333"
    },
    {
      "type": "Feature",
      "properties": {
        "@id": "node/14136915334",
        "@@id": "node/6792887851",
        "crossing": "uncontrolled",
        "crossing:markings": "zebra",
        "highway": "crossing",
        "tactile_paving": "yes"
      },
      "geometry": {
        "type": "Point",
        "coordinates": [
          2.4917104,
          48.900348
        ]
      },
      "id": "node/14136915334"
    },
    {
      "type": "Feature",
      "properties": {
        "@id": "node/14136915335",
        "@@id": "node/6753508301",
        "crossing": "uncontrolled",
        "crossing:markings": "zebra",
        "highway": "crossing"
      },
      "geometry": {
        "type": "Point",
        "coordinates": [
          2.4824112,
          48.8911114
        ]
      },
      "id": "node/14136915335"
    },
    {
      "type": "Feature",
      "properties": {
        "@id": "node/14136915336",
        "@@id": "node/6750888619",
        "crossing": "uncontrolled",
        "crossing:island": "no",
        "crossing:markings": "zebra",
        "highway": "crossing",
        "tactile_paving": "yes"
      },
      "geometry": {
        "type": "Point",
        "coordinates": [
          2.4776271,
          48.8913629
        ]
      },
      "id": "node/14136915336"
    },
    {
      "type": "Feature",
      "properties": {
        "@id": "node/14136915337",
        "@@id": "node/6750887786",
        "crossing": "uncontrolled",
        "crossing:markings": "zebra",
        "highway": "crossing"
      },
      "geometry": {
        "type": "Point",
        "coordinates": [
          2.483573,
          48.8957856
        ]
      },
      "id": "node/14136915337"
    },
    {
      "type": "Feature",
      "properties": {
        "@id": "node/14136915338",
        "@@id": "node/6750881768",
        "crossing": "uncontrolled",
        "crossing:markings": "zebra",
        "highway": "crossing"
      },
      "geometry": {
        "type": "Point",
        "coordinates": [
          2.4823384,
          48.895955
        ]
      },
      "id": "node/14136915338"
    },
    {
      "type": "Feature",
      "properties": {
        "@id": "node/14136915339",
        "@@id": "node/6750879913",
        "crossing": "uncontrolled",
        "crossing:markings": "zebra",
        "highway": "crossing",
        "tactile_paving": "yes"
      },
      "geometry": {
        "type": "Point",
        "coordinates": [
          2.4776646,
          48.8917114
        ]
      },
      "id": "node/14136915339"
    },
    {
      "type": "Feature",
      "properties": {
        "@id": "node/14136915340",
        "@@id": "node/6750879840",
        "crossing": "uncontrolled",
        "crossing:markings": "zebra",
        "highway": "crossing"
      },
      "geometry": {
        "type": "Point",
        "coordinates": [
          2.4797269,
          48.8962602
        ]
      },
      "id": "node/14136915340"
    },
    {
      "type": "Feature",
      "properties": {
        "@id": "node/14136915341",
        "@@id": "node/6750879111",
        "crossing": "uncontrolled",
        "crossing:markings": "zebra",
        "highway": "crossing"
      },
      "geometry": {
        "type": "Point",
        "coordinates": [
          2.4809991,
          48.8960262
        ]
      },
      "id": "node/14136915341"
    },
    {
      "type": "Feature",
      "properties": {
        "@id": "node/14136915342",
        "@@id": "node/6750877630",
        "crossing": "uncontrolled",
        "crossing:markings": "zebra",
        "highway": "crossing",
        "kerb": "raised",
        "tactile_paving": "no"
      },
      "geometry": {
        "type": "Point",
        "coordinates": [
          2.4844348,
          48.8956559
        ]
      },
      "id": "node/14136915342"
    },
    {
      "type": "Feature",
      "properties": {
        "@id": "node/14136915343",
        "@@id": "node/6750875834",
        "crossing": "uncontrolled",
        "crossing:markings": "zebra",
        "highway": "crossing"
      },
      "geometry": {
        "type": "Point",
        "coordinates": [
          2.4798507,
          48.8963137
        ]
      },
      "id": "node/14136915343"
    },
    {
      "type": "Feature",
      "properties": {
        "@id": "node/14136915344",
        "@@id": "node/6750872044",
        "crossing": "uncontrolled",
        "crossing:markings": "zebra",
        "highway": "crossing"
      },
      "geometry": {
        "type": "Point",
        "coordinates": [
          2.4797824,
          48.8962012
        ]
      },
      "id": "node/14136915344"
    },
    {
      "type": "Feature",
      "properties": {
        "@id": "node/14136915345",
        "@@id": "node/6750870575",
        "crossing": "uncontrolled",
        "crossing:markings": "zebra",
        "highway": "crossing"
      },
      "geometry": {
        "type": "Point",
        "coordinates": [
          2.4809282,
          48.8960935
        ]
      },
      "id": "node/14136915345"
    },
    {
      "type": "Feature",
      "properties": {
        "@id": "node/14136915346",
        "@@id": "node/6750866433",
        "crossing": "uncontrolled",
        "crossing:markings": "zebra",
        "highway": "crossing"
      },
      "geometry": {
        "type": "Point",
        "coordinates": [
          2.4772552,
          48.8965931
        ]
      },
      "id": "node/14136915346"
    },
    {
      "type": "Feature",
      "properties": {
        "@id": "node/14136915347",
        "@@id": "node/6750863445",
        "crossing": "uncontrolled",
        "crossing:markings": "zebra",
        "highway": "crossing",
        "tactile_paving": "yes"
      },
      "geometry": {
        "type": "Point",
        "coordinates": [
          2.478016,
          48.8964922
        ]
      },
      "id": "node/14136915347"
    },
    {
      "type": "Feature",
      "properties": {
        "@id": "node/14136915348",
        "@@id": "node/6750861006",
        "crossing": "uncontrolled",
        "crossing:markings": "zebra",
        "highway": "crossing"
      },
      "geometry": {
        "type": "Point",
        "coordinates": [
          2.4765759,
          48.8962147
        ]
      },
      "id": "node/14136915348"
    },
    {
      "type": "Feature",
      "properties": {
        "@id": "node/14136915349",
        "@@id": "node/6750859892",
        "crossing": "uncontrolled",
        "crossing:markings": "zebra",
        "highway": "crossing"
      },
      "geometry": {
        "type": "Point",
        "coordinates": [
          2.4769924,
          48.8963107
        ]
      },
      "id": "node/14136915349"
    },
    {
      "type": "Feature",
      "properties": {
        "@id": "node/14136915350",
        "@@id": "node/6750859119",
        "crossing": "uncontrolled",
        "crossing:markings": "zebra",
        "highway": "crossing"
      },
      "geometry": {
        "type": "Point",
        "coordinates": [
          2.4771379,
          48.8967141
        ]
      },
      "id": "node/14136915350"
    },
    {
      "type": "Feature",
      "properties": {
        "@id": "node/14136915351",
        "@@id": "node/6750844300",
        "crossing": "uncontrolled",
        "crossing:markings": "zebra",
        "highway": "crossing",
        "tactile_paving": "yes"
      },
      "geometry": {
        "type": "Point",
        "coordinates": [
          2.4771105,
          48.8963982
        ]
      },
      "id": "node/14136915351"
    },
    {
      "type": "Feature",
      "properties": {
        "@id": "node/14136915352",
        "@@id": "node/6750842207",
        "crossing": "uncontrolled",
        "crossing:markings": "zebra",
        "highway": "crossing"
      },
      "geometry": {
        "type": "Point",
        "coordinates": [
          2.4782123,
          48.8964666
        ]
      },
      "id": "node/14136915352"
    },
    {
      "type": "Feature",
      "properties": {
        "@id": "node/14136915353",
        "@@id": "node/6750833150",
        "crossing": "uncontrolled",
        "crossing:markings": "zebra",
        "highway": "crossing",
        "tactile_paving": "yes"
      },
      "geometry": {
        "type": "Point",
        "coordinates": [
          2.4781295,
          48.8965624
        ]
      },
      "id": "node/14136915353"
    },
    {
      "type": "Feature",
      "properties": {
        "@id": "node/14136915354",
        "@@id": "node/6750832529",
        "crossing": "uncontrolled",
        "crossing:markings": "zebra",
        "highway": "crossing"
      },
      "geometry": {
        "type": "Point",
        "coordinates": [
          2.4780849,
          48.8964004
        ]
      },
      "id": "node/14136915354"
    },
    {
      "type": "Feature",
      "properties": {
        "@id": "node/14136915355",
        "@@id": "node/6750715785",
        "crossing": "uncontrolled",
        "crossing:markings": "zebra",
        "highway": "crossing"
      },
      "geometry": {
        "type": "Point",
        "coordinates": [
          2.4848966,
          48.893697
        ]
      },
      "id": "node/14136915355"
    },
    {
      "type": "Feature",
      "properties": {
        "@id": "node/14136915356",
        "@@id": "node/6750714115",
        "crossing": "uncontrolled",
        "crossing:markings": "zebra",
        "highway": "crossing"
      },
      "geometry": {
        "type": "Point",
        "coordinates": [
          2.4801727,
          48.8947098
        ]
      },
      "id": "node/14136915356"
    },
    {
      "type": "Feature",
      "properties": {
        "@id": "node/14136915357",
        "@@id": "node/6750712022",
        "crossing": "uncontrolled",
        "crossing:markings": "zebra",
        "highway": "crossing",
        "kerb": "flush",
        "tactile_paving": "no"
      },
      "geometry": {
        "type": "Point",
        "coordinates": [
          2.4835081,
          48.8940099
        ]
      },
      "id": "node/14136915357"
    },
    {
      "type": "Feature",
      "properties": {
        "@id": "node/14136915358",
        "@@id": "node/6750699881",
        "crossing": "uncontrolled",
        "crossing:markings": "zebra",
        "highway": "crossing",
        "tactile_paving": "yes"
      },
      "geometry": {
        "type": "Point",
        "coordinates": [
          2.4871043,
          48.8938962
        ]
      },
      "id": "node/14136915358"
    },
    {
      "type": "Feature",
      "properties": {
        "@id": "node/14136915359",
        "@@id": "node/6750693425",
        "crossing": "uncontrolled",
        "crossing:markings": "zebra",
        "highway": "crossing"
      },
      "geometry": {
        "type": "Point",
        "coordinates": [
          2.4869368,
          48.8946896
        ]
      },
      "id": "node/14136915359"
    },
    {
      "type": "Feature",
      "properties": {
        "@id": "node/14136915360",
        "@@id": "node/6750692724",
        "crossing": "uncontrolled",
        "crossing:markings": "zebra",
        "highway": "crossing"
      },
      "geometry": {
        "type": "Point",
        "coordinates": [
          2.4869344,
          48.8952704
        ]
      },
      "id": "node/14136915360"
    },
    {
      "type": "Feature",
      "properties": {
        "@id": "node/14136915361",
        "@@id": "node/6750681601",
        "crossing": "uncontrolled",
        "crossing:markings": "zebra",
        "highway": "crossing"
      },
      "geometry": {
        "type": "Point",
        "coordinates": [
          2.4858391,
          48.8968436
        ]
      },
      "id": "node/14136915361"
    },
    {
      "type": "Feature",
      "properties": {
        "@id": "node/14136915362",
        "@@id": "node/6750681560",
        "crossing": "uncontrolled",
        "crossing:markings": "zebra",
        "highway": "crossing"
      },
      "geometry": {
        "type": "Point",
        "coordinates": [
          2.4866797,
          48.8940029
        ]
      },
      "id": "node/14136915362"
    },
    {
      "type": "Feature",
      "properties": {
        "@id": "node/14136915363",
        "@@id": "node/6750681558",
        "crossing": "uncontrolled",
        "crossing:markings": "zebra",
        "highway": "crossing"
      },
      "geometry": {
        "type": "Point",
        "coordinates": [
          2.4875586,
          48.8951828
        ]
      },
      "id": "node/14136915363"
    },
    {
      "type": "Feature",
      "properties": {
        "@id": "node/14136915364",
        "@@id": "node/6750679838",
        "crossing": "uncontrolled",
        "crossing:markings": "zebra",
        "highway": "crossing",
        "tactile_paving": "no"
      },
      "geometry": {
        "type": "Point",
        "coordinates": [
          2.4857421,
          48.8966645
        ]
      },
      "id": "node/14136915364"
    },
    {
      "type": "Feature",
      "properties": {
        "@id": "node/14136915365",
        "@@id": "node/6750679332",
        "crossing": "uncontrolled",
        "crossing:island": "no",
        "crossing:markings": "zebra",
        "highway": "crossing",
        "tactile_paving": "no"
      },
      "geometry": {
        "type": "Point",
        "coordinates": [
          2.48571,
          48.8967367
        ]
      },
      "id": "node/14136915365"
    },
    {
      "type": "Feature",
      "properties": {
        "@id": "node/14136915366",
        "@@id": "node/6750674481",
        "crossing": "uncontrolled",
        "crossing:markings": "zebra",
        "highway": "crossing",
        "kerb": "lowered",
        "tactile_paving": "no"
      },
      "geometry": {
        "type": "Point",
        "coordinates": [
          2.4851779,
          48.8955584
        ]
      },
      "id": "node/14136915366"
    },
    {
      "type": "Feature",
      "properties": {
        "@id": "node/14136915367",
        "@@id": "node/6750670442",
        "crossing": "uncontrolled",
        "crossing:markings": "zebra",
        "highway": "crossing",
        "tactile_paving": "no"
      },
      "geometry": {
        "type": "Point",
        "coordinates": [
          2.4858701,
          48.8967582
        ]
      },
      "id": "node/14136915367"
    },
    {
      "type": "Feature",
      "properties": {
        "@id": "node/14136915368",
        "@@id": "node/6750658410",
        "crossing": "uncontrolled",
        "crossing:island": "no",
        "crossing:markings": "zebra",
        "highway": "crossing",
        "kerb": "lowered",
        "tactile_paving": "no"
      },
      "geometry": {
        "type": "Point",
        "coordinates": [
          2.4850328,
          48.8955281
        ]
      },
      "id": "node/14136915368"
    },
    {
      "type": "Feature",
      "properties": {
        "@id": "node/14136915369",
        "@@id": "node/6750651194",
        "crossing": "uncontrolled",
        "crossing:markings": "zebra",
        "highway": "crossing",
        "tactile_paving": "yes"
      },
      "geometry": {
        "type": "Point",
        "coordinates": [
          2.4873504,
          48.8985192
        ]
      },
      "id": "node/14136915369"
    },
    {
      "type": "Feature",
      "properties": {
        "@id": "node/14136915370",
        "@@id": "node/6750646720",
        "crossing": "uncontrolled",
        "crossing:markings": "zebra",
        "highway": "crossing",
        "tactile_paving": "yes"
      },
      "geometry": {
        "type": "Point",
        "coordinates": [
          2.4875806,
          48.8984828
        ]
      },
      "id": "node/14136915370"
    },
    {
      "type": "Feature",
      "properties": {
        "@id": "node/14136915371",
        "@@id": "node/6750643326",
        "crossing": "uncontrolled",
        "crossing:markings": "zebra",
        "highway": "crossing"
      },
      "geometry": {
        "type": "Point",
        "coordinates": [
          2.4881354,
          48.8998926
        ]
      },
      "id": "node/14136915371"
    },
    {
      "type": "Feature",
      "properties": {
        "@id": "node/14136915372",
        "@@id": "node/6750613739",
        "crossing": "uncontrolled",
        "crossing:markings": "zebra",
        "highway": "crossing",
        "tactile_paving": "yes"
      },
      "geometry": {
        "type": "Point",
        "coordinates": [
          2.4874501,
          48.8985453
        ]
      },
      "id": "node/14136915372"
    },
    {
      "type": "Feature",
      "properties": {
        "@id": "node/14136915373",
        "@@id": "node/6750513313",
        "crossing": "uncontrolled",
        "crossing:markings": "zebra",
        "highway": "crossing",
        "tactile_paving": "yes"
      },
      "geometry": {
        "type": "Point",
        "coordinates": [
          2.4858534,
          48.9002416
        ]
      },
      "id": "node/14136915373"
    },
    {
      "type": "Feature",
      "properties": {
        "@id": "node/14136915374",
        "@@id": "node/6750504636",
        "crossing": "uncontrolled",
        "crossing:markings": "zebra",
        "highway": "crossing",
        "tactile_paving": "yes"
      },
      "geometry": {
        "type": "Point",
        "coordinates": [
          2.4862464,
          48.9016357
        ]
      },
      "id": "node/14136915374"
    },
    {
      "type": "Feature",
      "properties": {
        "@id": "node/14136915375",
        "@@id": "node/6750504417",
        "crossing": "uncontrolled",
        "crossing:markings": "zebra",
        "highway": "crossing"
      },
      "geometry": {
        "type": "Point",
        "coordinates": [
          2.4874027,
          48.9017238
        ]
      },
      "id": "node/14136915375"
    },
    {
      "type": "Feature",
      "properties": {
        "@id": "node/14136915376",
        "@@id": "node/6750504126",
        "crossing": "uncontrolled",
        "crossing:markings": "zebra",
        "highway": "crossing",
        "tactile_paving": "yes"
      },
      "geometry": {
        "type": "Point",
        "coordinates": [
          2.4857057,
          48.9003963
        ]
      },
      "id": "node/14136915376"
    },
    {
      "type": "Feature",
      "properties": {
        "@id": "node/14136915377",
        "@@id": "node/6750387618",
        "crossing": "uncontrolled",
        "crossing:markings": "zebra",
        "highway": "crossing",
        "tactile_paving": "yes"
      },
      "geometry": {
        "type": "Point",
        "coordinates": [
          2.4832309,
          48.9031359
        ]
      },
      "id": "node/14136915377"
    },
    {
      "type": "Feature",
      "properties": {
        "@id": "node/14136915378",
        "@@id": "node/6750379483",
        "crossing": "uncontrolled",
        "crossing:markings": "zebra",
        "highway": "crossing",
        "tactile_paving": "yes"
      },
      "geometry": {
        "type": "Point",
        "coordinates": [
          2.4830805,
          48.9032736
        ]
      },
      "id": "node/14136915378"
    },
    {
      "type": "Feature",
      "properties": {
        "@id": "node/14136915379",
        "@@id": "node/6750378961",
        "crossing": "uncontrolled",
        "crossing:markings": "zebra",
        "highway": "crossing",
        "tactile_paving": "yes"
      },
      "geometry": {
        "type": "Point",
        "coordinates": [
          2.4829984,
          48.9029762
        ]
      },
      "id": "node/14136915379"
    },
    {
      "type": "Feature",
      "properties": {
        "@id": "node/14136915380",
        "@@id": "node/6750294911",
        "crossing": "uncontrolled",
        "crossing:markings": "zebra",
        "highway": "crossing",
        "tactile_paving": "yes"
      },
      "geometry": {
        "type": "Point",
        "coordinates": [
          2.4829472,
          48.9032312
        ]
      },
      "id": "node/14136915380"
    },
    {
      "type": "Feature",
      "properties": {
        "@id": "node/14136915381",
        "@@id": "node/6750139540",
        "crossing": "uncontrolled",
        "crossing:markings": "zebra",
        "highway": "crossing",
        "tactile_paving": "yes"
      },
      "geometry": {
        "type": "Point",
        "coordinates": [
          2.4805193,
          48.9037436
        ]
      },
      "id": "node/14136915381"
    },
    {
      "type": "Feature",
      "properties": {
        "@id": "node/14136915382",
        "@@id": "node/6750087374",
        "crossing": "uncontrolled",
        "crossing:markings": "zebra",
        "highway": "crossing"
      },
      "geometry": {
        "type": "Point",
        "coordinates": [
          2.4765795,
          48.9152458
        ]
      },
      "id": "node/14136915382"
    },
    {
      "type": "Feature",
      "properties": {
        "@id": "node/14136915383",
        "@@id": "node/6746790974",
        "crossing": "uncontrolled",
        "crossing:island": "no",
        "crossing:markings": "zebra",
        "highway": "crossing",
        "kerb": "lowered",
        "tactile_paving": "yes"
      },
      "geometry": {
        "type": "Point",
        "coordinates": [
          2.4756764,
          48.9149324
        ]
      },
      "id": "node/14136915383"
    },
    {
      "type": "Feature",
      "properties": {
        "@id": "node/14136915384",
        "@@id": "node/6746788964",
        "crossing": "uncontrolled",
        "crossing:island": "no",
        "crossing:markings": "zebra",
        "highway": "crossing",
        "kerb": "lowered",
        "tactile_paving": "yes"
      },
      "geometry": {
        "type": "Point",
        "coordinates": [
          2.4756164,
          48.9163799
        ]
      },
      "id": "node/14136915384"
    },
    {
      "type": "Feature",
      "properties": {
        "@id": "node/14136915385",
        "@@id": "node/6746783726",
        "crossing": "uncontrolled",
        "crossing:markings": "zebra",
        "highway": "crossing",
        "tactile_paving": "yes"
      },
      "geometry": {
        "type": "Point",
        "coordinates": [
          2.4774503,
          48.9182396
        ]
      },
      "id": "node/14136915385"
    },
    {
      "type": "Feature",
      "properties": {
        "@id": "node/14136915386",
        "@@id": "node/6746763506",
        "crossing": "uncontrolled",
        "crossing:markings": "zebra",
        "highway": "crossing",
        "tactile_paving": "yes"
      },
      "geometry": {
        "type": "Point",
        "coordinates": [
          2.4772909,
          48.9185148
        ]
      },
      "id": "node/14136915386"
    },
    {
      "type": "Feature",
      "properties": {
        "@id": "node/14136915387",
        "@@id": "node/6746754275",
        "crossing": "uncontrolled",
        "crossing:markings": "zebra",
        "highway": "crossing"
      },
      "geometry": {
        "type": "Point",
        "coordinates": [
          2.4767103,
          48.9180483
        ]
      },
      "id": "node/14136915387"
    },
    {
      "type": "Feature",
      "properties": {
        "@id": "node/14136915388",
        "@@id": "node/6746754274",
        "crossing": "uncontrolled",
        "crossing:markings": "zebra",
        "highway": "crossing",
        "tactile_paving": "yes"
      },
      "geometry": {
        "type": "Point",
        "coordinates": [
          2.4766708,
          48.9185168
        ]
      },
      "id": "node/14136915388"
    },
    {
      "type": "Feature",
      "properties": {
        "@id": "node/14136915389",
        "@@id": "node/6744433754",
        "crossing": "uncontrolled",
        "crossing:markings": "zebra",
        "highway": "crossing"
      },
      "geometry": {
        "type": "Point",
        "coordinates": [
          2.471667,
          48.9077004
        ]
      },
      "id": "node/14136915389"
    },
    {
      "type": "Feature",
      "properties": {
        "@id": "node/14136915390",
        "@@id": "node/6596298917",
        "crossing": "uncontrolled",
        "crossing:markings": "zebra",
        "highway": "crossing",
        "tactile_paving": "yes"
      },
      "geometry": {
        "type": "Point",
        "coordinates": [
          2.4714059,
          48.8892498
        ]
      },
      "id": "node/14136915390"
    },
    {
      "type": "Feature",
      "properties": {
        "@id": "node/14136915391",
        "@@id": "node/6596294941",
        "crossing": "uncontrolled",
        "crossing:markings": "zebra",
        "highway": "crossing",
        "tactile_paving": "yes"
      },
      "geometry": {
        "type": "Point",
        "coordinates": [
          2.4714146,
          48.8891216
        ]
      },
      "id": "node/14136915391"
    },
    {
      "type": "Feature",
      "properties": {
        "@id": "node/14136915392",
        "@@id": "node/6596290533",
        "crossing": "uncontrolled",
        "crossing:markings": "zebra",
        "highway": "crossing",
        "tactile_paving": "yes"
      },
      "geometry": {
        "type": "Point",
        "coordinates": [
          2.4714231,
          48.8890307
        ]
      },
      "id": "node/14136915392"
    },
    {
      "type": "Feature",
      "properties": {
        "@id": "node/14136915393",
        "@@id": "node/6596250254",
        "crossing": "uncontrolled",
        "crossing:markings": "zebra",
        "highway": "crossing"
      },
      "geometry": {
        "type": "Point",
        "coordinates": [
          2.4824582,
          48.8932229
        ]
      },
      "id": "node/14136915393"
    },
    {
      "type": "Feature",
      "properties": {
        "@id": "node/14136915394",
        "@@id": "node/6594630185",
        "crossing": "uncontrolled",
        "crossing:markings": "zebra",
        "highway": "crossing"
      },
      "geometry": {
        "type": "Point",
        "coordinates": [
          2.4832546,
          48.8931229
        ]
      },
      "id": "node/14136915394"
    },
    {
      "type": "Feature",
      "properties": {
        "@id": "node/14136915395",
        "@@id": "node/6594622608",
        "crossing": "uncontrolled",
        "crossing:markings": "zebra",
        "highway": "crossing"
      },
      "geometry": {
        "type": "Point",
        "coordinates": [
          2.4935302,
          48.890783
        ]
      },
      "id": "node/14136915395"
    },
    {
      "type": "Feature",
      "properties": {
        "@id": "node/14136915396",
        "@@id": "node/6594621424",
        "crossing": "uncontrolled",
        "crossing:markings": "zebra",
        "highway": "crossing"
      },
      "geometry": {
        "type": "Point",
        "coordinates": [
          2.4936118,
          48.8907122
        ]
      },
      "id": "node/14136915396"
    },
    {
      "type": "Feature",
      "properties": {
        "@id": "node/14136915397",
        "@@id": "node/6594619833",
        "crossing": "uncontrolled",
        "crossing:markings": "zebra",
        "highway": "crossing"
      },
      "geometry": {
        "type": "Point",
        "coordinates": [
          2.4953316,
          48.8904699
        ]
      },
      "id": "node/14136915397"
    },
    {
      "type": "Feature",
      "properties": {
        "@id": "node/14136915398",
        "@@id": "node/6594612218",
        "crossing": "uncontrolled",
        "crossing:markings": "zebra",
        "highway": "crossing"
      },
      "geometry": {
        "type": "Point",
        "coordinates": [
          2.4945816,
          48.8906956
        ]
      },
      "id": "node/14136915398"
    },
    {
      "type": "Feature",
      "properties": {
        "@id": "node/14136915399",
        "@@id": "node/6594608695",
        "crossing": "uncontrolled",
        "crossing:markings": "zebra",
        "highway": "crossing"
      },
      "geometry": {
        "type": "Point",
        "coordinates": [
          2.4945224,
          48.8905888
        ]
      },
      "id": "node/14136915399"
    },
    {
      "type": "Feature",
      "properties": {
        "@id": "node/14136915400",
        "@@id": "node/6594608110",
        "crossing": "uncontrolled",
        "crossing:markings": "zebra",
        "highway": "crossing"
      },
      "geometry": {
        "type": "Point",
        "coordinates": [
          2.4838934,
          48.8930305
        ]
      },
      "id": "node/14136915400"
    },
    {
      "type": "Feature",
      "properties": {
        "@id": "node/14136915401",
        "@@id": "node/6594602171",
        "crossing": "uncontrolled",
        "crossing:markings": "zebra",
        "highway": "crossing"
      },
      "geometry": {
        "type": "Point",
        "coordinates": [
          2.4937692,
          48.8907519
        ]
      },
      "id": "node/14136915401"
    },
    {
      "type": "Feature",
      "properties": {
        "@id": "node/14136915402",
        "@@id": "node/6594590595",
        "crossing": "uncontrolled",
        "crossing:markings": "zebra",
        "highway": "crossing"
      },
      "geometry": {
        "type": "Point",
        "coordinates": [
          2.491079,
          48.8910898
        ]
      },
      "id": "node/14136915402"
    },
    {
      "type": "Feature",
      "properties": {
        "@id": "node/14136915403",
        "@@id": "node/6594588824",
        "crossing": "uncontrolled",
        "crossing:markings": "zebra",
        "highway": "crossing"
      },
      "geometry": {
        "type": "Point",
        "coordinates": [
          2.4959982,
          48.8903022
        ]
      },
      "id": "node/14136915403"
    },
    {
      "type": "Feature",
      "properties": {
        "@id": "node/14136915404",
        "@@id": "node/6594579919",
        "crossing": "uncontrolled",
        "crossing:markings": "zebra",
        "highway": "crossing"
      },
      "geometry": {
        "type": "Point",
        "coordinates": [
          2.4936692,
          48.890815
        ]
      },
      "id": "node/14136915404"
    },
    {
      "type": "Feature",
      "properties": {
        "@id": "node/14136915405",
        "@@id": "node/6553577352",
        "crossing": "uncontrolled",
        "crossing:markings": "zebra",
        "highway": "crossing"
      },
      "geometry": {
        "type": "Point",
        "coordinates": [
          2.4880645,
          48.8903412
        ]
      },
      "id": "node/14136915405"
    },
    {
      "type": "Feature",
      "properties": {
        "@id": "node/14136915406",
        "@@id": "node/6553574385",
        "crossing": "uncontrolled",
        "crossing:markings": "zebra",
        "highway": "crossing",
        "tactile_paving": "yes"
      },
      "geometry": {
        "type": "Point",
        "coordinates": [
          2.4738324,
          48.8932474
        ]
      },
      "id": "node/14136915406"
    },
    {
      "type": "Feature",
      "properties": {
        "@id": "node/14136915407",
        "@@id": "node/6553565403",
        "crossing": "uncontrolled",
        "crossing:markings": "zebra",
        "highway": "crossing",
        "tactile_paving": "yes"
      },
      "geometry": {
        "type": "Point",
        "coordinates": [
          2.4772659,
          48.8939692
        ]
      },
      "id": "node/14136915407"
    },
    {
      "type": "Feature",
      "properties": {
        "@id": "node/14136915408",
        "@@id": "node/6553545659",
        "crossing": "uncontrolled",
        "crossing:markings": "zebra",
        "highway": "crossing",
        "traffic_calming": "table"
      },
      "geometry": {
        "type": "Point",
        "coordinates": [
          2.4799044,
          48.8904737
        ]
      },
      "id": "node/14136915408"
    },
    {
      "type": "Feature",
      "properties": {
        "@id": "node/14136915409",
        "@@id": "node/6553538618",
        "crossing": "uncontrolled",
        "crossing:markings": "zebra",
        "highway": "crossing",
        "tactile_paving": "yes",
        "traffic_calming": "table"
      },
      "geometry": {
        "type": "Point",
        "coordinates": [
          2.4798587,
          48.8905257
        ]
      },
      "id": "node/14136915409"
    },
    {
      "type": "Feature",
      "properties": {
        "@id": "node/14136915410",
        "@@id": "node/6553535255",
        "crossing": "uncontrolled",
        "crossing:markings": "zebra",
        "highway": "crossing"
      },
      "geometry": {
        "type": "Point",
        "coordinates": [
          2.477798,
          48.8906251
        ]
      },
      "id": "node/14136915410"
    },
    {
      "type": "Feature",
      "properties": {
        "@id": "node/14136915411",
        "@@id": "node/6553528194",
        "crossing": "uncontrolled",
        "crossing:markings": "zebra",
        "highway": "crossing",
        "traffic_calming": "table"
      },
      "geometry": {
        "type": "Point",
        "coordinates": [
          2.4798309,
          48.8904302
        ]
      },
      "id": "node/14136915411"
    },
    {
      "type": "Feature",
      "properties": {
        "@id": "node/14136915412",
        "@@id": "node/6553525112",
        "crossing": "uncontrolled",
        "crossing:markings": "zebra",
        "highway": "crossing",
        "tactile_paving": "yes"
      },
      "geometry": {
        "type": "Point",
        "coordinates": [
          2.477749,
          48.8917476
        ]
      },
      "id": "node/14136915412"
    },
    {
      "type": "Feature",
      "properties": {
        "@id": "node/14136915413",
        "@@id": "node/6553525103",
        "crossing": "uncontrolled",
        "crossing:markings": "zebra",
        "highway": "crossing",
        "tactile_paving": "yes"
      },
      "geometry": {
        "type": "Point",
        "coordinates": [
          2.4790712,
          48.8904961
        ]
      },
      "id": "node/14136915413"
    },
    {
      "type": "Feature",
      "properties": {
        "@id": "node/14136915414",
        "@@id": "node/6553525094",
        "crossing": "uncontrolled",
        "crossing:markings": "zebra",
        "highway": "crossing"
      },
      "geometry": {
        "type": "Point",
        "coordinates": [
          2.4852707,
          48.8908238
        ]
      },
      "id": "node/14136915414"
    },
    {
      "type": "Feature",
      "properties": {
        "@id": "node/14136915415",
        "@@id": "node/6553514332",
        "crossing": "uncontrolled",
        "crossing:markings": "zebra",
        "highway": "crossing",
        "traffic_calming": "table"
      },
      "geometry": {
        "type": "Point",
        "coordinates": [
          2.4817528,
          48.8900979
        ]
      },
      "id": "node/14136915415"
    },
    {
      "type": "Feature",
      "properties": {
        "@id": "node/14136915416",
        "@@id": "node/6553513885",
        "crossing": "uncontrolled",
        "crossing:markings": "zebra",
        "highway": "crossing"
      },
      "geometry": {
        "type": "Point",
        "coordinates": [
          2.4958038,
          48.890457
        ]
      },
      "id": "node/14136915416"
    },
    {
      "type": "Feature",
      "properties": {
        "@id": "node/14136915417",
        "@@id": "node/6553508478",
        "crossing": "uncontrolled",
        "crossing:markings": "zebra",
        "highway": "crossing"
      },
      "geometry": {
        "type": "Point",
        "coordinates": [
          2.4975975,
          48.8902568
        ]
      },
      "id": "node/14136915417"
    },
    {
      "type": "Feature",
      "properties": {
        "@id": "node/14136915418",
        "@@id": "node/6553505924",
        "crossing": "uncontrolled",
        "crossing:markings": "zebra",
        "highway": "crossing"
      },
      "geometry": {
        "type": "Point",
        "coordinates": [
          2.4959012,
          48.8905166
        ]
      },
      "id": "node/14136915418"
    },
    {
      "type": "Feature",
      "properties": {
        "@id": "node/14136915419",
        "@@id": "node/6553504806",
        "crossing": "uncontrolled",
        "crossing:markings": "zebra",
        "highway": "crossing"
      },
      "geometry": {
        "type": "Point",
        "coordinates": [
          2.4963819,
          48.8902987
        ]
      },
      "id": "node/14136915419"
    },
    {
      "type": "Feature",
      "properties": {
        "@id": "node/14136915420",
        "@@id": "node/6553504664",
        "crossing": "uncontrolled",
        "crossing:markings": "zebra",
        "highway": "crossing"
      },
      "geometry": {
        "type": "Point",
        "coordinates": [
          2.4853265,
          48.8909369
        ]
      },
      "id": "node/14136915420"
    },
    {
      "type": "Feature",
      "properties": {
        "@id": "node/14136915421",
        "@@id": "node/6553503932",
        "crossing": "uncontrolled",
        "crossing:markings": "zebra",
        "highway": "crossing"
      },
      "geometry": {
        "type": "Point",
        "coordinates": [
          2.4965143,
          48.8903559
        ]
      },
      "id": "node/14136915421"
    },
    {
      "type": "Feature",
      "properties": {
        "@id": "node/14136915422",
        "@@id": "node/6553503441",
        "crossing": "uncontrolled",
        "crossing:markings": "zebra",
        "highway": "crossing"
      },
      "geometry": {
        "type": "Point",
        "coordinates": [
          2.4975679,
          48.8901675
        ]
      },
      "id": "node/14136915422"
    },
    {
      "type": "Feature",
      "properties": {
        "@id": "node/14136915423",
        "@@id": "node/6553502431",
        "crossing": "uncontrolled",
        "crossing:markings": "zebra",
        "highway": "crossing"
      },
      "geometry": {
        "type": "Point",
        "coordinates": [
          2.4963076,
          48.8903865
        ]
      },
      "id": "node/14136915423"
    },
    {
      "type": "Feature",
      "properties": {
        "@id": "node/14136915424",
        "@@id": "node/6553501983",
        "crossing": "uncontrolled",
        "crossing:markings": "zebra",
        "highway": "crossing",
        "tactile_paving": "yes"
      },
      "geometry": {
        "type": "Point",
        "coordinates": [
          2.4790939,
          48.8937405
        ]
      },
      "id": "node/14136915424"
    },
    {
      "type": "Feature",
      "properties": {
        "@id": "node/14136915425",
        "@@id": "node/6553501905",
        "crossing": "uncontrolled",
        "crossing:markings": "zebra",
        "highway": "crossing"
      },
      "geometry": {
        "type": "Point",
        "coordinates": [
          2.4861675,
          48.8926421
        ]
      },
      "id": "node/14136915425"
    },
    {
      "type": "Feature",
      "properties": {
        "@id": "node/14136915426",
        "@@id": "node/6553501904",
        "crossing": "uncontrolled",
        "crossing:markings": "zebra",
        "highway": "crossing",
        "tactile_paving": "yes"
      },
      "geometry": {
        "type": "Point",
        "coordinates": [
          2.4903188,
          48.8913348
        ]
      },
      "id": "node/14136915426"
    },
    {
      "type": "Feature",
      "properties": {
        "@id": "node/14136915427",
        "@@id": "node/6553490329",
        "crossing": "uncontrolled",
        "crossing:markings": "zebra",
        "highway": "crossing"
      },
      "geometry": {
        "type": "Point",
        "coordinates": [
          2.4910038,
          48.8909418
        ]
      },
      "id": "node/14136915427"
    },
    {
      "type": "Feature",
      "properties": {
        "@id": "node/14136915428",
        "@@id": "node/6553489322",
        "crossing": "uncontrolled",
        "crossing:markings": "zebra",
        "highway": "crossing",
        "tactile_paving": "yes",
        "traffic_calming": "table"
      },
      "geometry": {
        "type": "Point",
        "coordinates": [
          2.4797838,
          48.8904863
        ]
      },
      "id": "node/14136915428"
    },
    {
      "type": "Feature",
      "properties": {
        "@id": "node/14136915429",
        "@@id": "node/6553486626",
        "crossing": "uncontrolled",
        "crossing:markings": "zebra",
        "highway": "crossing"
      },
      "geometry": {
        "type": "Point",
        "coordinates": [
          2.4978161,
          48.8909312
        ]
      },
      "id": "node/14136915429"
    },
    {
      "type": "Feature",
      "properties": {
        "@id": "node/14136915430",
        "@@id": "node/6553485257",
        "crossing": "uncontrolled",
        "crossing:markings": "zebra",
        "highway": "crossing"
      },
      "geometry": {
        "type": "Point",
        "coordinates": [
          2.4964563,
          48.8904139
        ]
      },
      "id": "node/14136915430"
    },
    {
      "type": "Feature",
      "properties": {
        "@id": "node/14136915431",
        "@@id": "node/6553482523",
        "crossing": "uncontrolled",
        "crossing:markings": "zebra",
        "highway": "crossing"
      },
      "geometry": {
        "type": "Point",
        "coordinates": [
          2.4906147,
          48.8911204
        ]
      },
      "id": "node/14136915431"
    },
    {
      "type": "Feature",
      "properties": {
        "@id": "node/14136915432",
        "@@id": "node/6518110112",
        "crossing": "uncontrolled",
        "crossing:markings": "zebra",
        "highway": "crossing"
      },
      "geometry": {
        "type": "Point",
        "coordinates": [
          2.4872868,
          48.9016447
        ]
      },
      "id": "node/14136915432"
    },
    {
      "type": "Feature",
      "properties": {
        "@id": "node/14136915433",
        "@@id": "node/6518110111",
        "crossing": "uncontrolled",
        "crossing:markings": "zebra",
        "highway": "crossing"
      },
      "geometry": {
        "type": "Point",
        "coordinates": [
          2.4873019,
          48.9016887
        ]
      },
      "id": "node/14136915433"
    },
    {
      "type": "Feature",
      "properties": {
        "@id": "node/14136915434",
        "@@id": "node/6518100771",
        "crossing": "uncontrolled",
        "crossing:markings": "zebra",
        "highway": "crossing",
        "tactile_paving": "yes"
      },
      "geometry": {
        "type": "Point",
        "coordinates": [
          2.47995,
          48.9029344
        ]
      },
      "id": "node/14136915434"
    },
    {
      "type": "Feature",
      "properties": {
        "@id": "node/14136915435",
        "@@id": "node/6461297795",
        "crossing": "uncontrolled",
        "crossing:markings": "zebra",
        "highway": "crossing"
      },
      "geometry": {
        "type": "Point",
        "coordinates": [
          2.4882852,
          48.9069457
        ]
      },
      "id": "node/14136915435"
    },
    {
      "type": "Feature",
      "properties": {
        "@id": "node/14136915436",
        "@@id": "node/6461297794",
        "crossing": "uncontrolled",
        "crossing:markings": "zebra",
        "highway": "crossing"
      },
      "geometry": {
        "type": "Point",
        "coordinates": [
          2.4882692,
          48.9069901
        ]
      },
      "id": "node/14136915436"
    },
    {
      "type": "Feature",
      "properties": {
        "@id": "node/14136915437",
        "@@id": "node/6461297791",
        "crossing": "uncontrolled",
        "crossing:markings": "zebra",
        "highway": "crossing"
      },
      "geometry": {
        "type": "Point",
        "coordinates": [
          2.4883838,
          48.9070925
        ]
      },
      "id": "node/14136915437"
    },
    {
      "type": "Feature",
      "properties": {
        "@id": "node/14136915438",
        "@@id": "node/6378699437",
        "crossing": "uncontrolled",
        "crossing:markings": "zebra",
        "highway": "crossing",
        "source": "BDOrtho IGN"
      },
      "geometry": {
        "type": "Point",
        "coordinates": [
          2.4814033,
          48.8998661
        ]
      },
      "id": "node/14136915438"
    },
    {
      "type": "Feature",
      "properties": {
        "@id": "node/14136915439",
        "@@id": "node/6378699436",
        "crossing": "uncontrolled",
        "crossing:markings": "zebra",
        "highway": "crossing",
        "source": "BDOrtho IGN"
      },
      "geometry": {
        "type": "Point",
        "coordinates": [
          2.4814681,
          48.8997957
        ]
      },
      "id": "node/14136915439"
    },
    {
      "type": "Feature",
      "properties": {
        "@id": "node/14136915440",
        "@@id": "node/6360430012",
        "crossing": "uncontrolled",
        "crossing:markings": "zebra",
        "highway": "crossing"
      },
      "geometry": {
        "type": "Point",
        "coordinates": [
          2.4852983,
          48.9018284
        ]
      },
      "id": "node/14136915440"
    },
    {
      "type": "Feature",
      "properties": {
        "@id": "node/14136915441",
        "@@id": "node/6360430011",
        "crossing": "uncontrolled",
        "crossing:markings": "zebra",
        "highway": "crossing"
      },
      "geometry": {
        "type": "Point",
        "coordinates": [
          2.4853073,
          48.9018775
        ]
      },
      "id": "node/14136915441"
    },
    {
      "type": "Feature",
      "properties": {
        "@id": "node/14136915442",
        "@@id": "node/6360430010",
        "crossing": "uncontrolled",
        "crossing:markings": "zebra",
        "highway": "crossing"
      },
      "geometry": {
        "type": "Point",
        "coordinates": [
          2.4834665,
          48.9020341
        ]
      },
      "id": "node/14136915442"
    },
    {
      "type": "Feature",
      "properties": {
        "@id": "node/14136915443",
        "@@id": "node/6360430009",
        "crossing": "uncontrolled",
        "crossing:markings": "zebra",
        "highway": "crossing"
      },
      "geometry": {
        "type": "Point",
        "coordinates": [
          2.4834819,
          48.9020839
        ]
      },
      "id": "node/14136915443"
    },
    {
      "type": "Feature",
      "properties": {
        "@id": "node/14136915444",
        "@@id": "node/6238620570",
        "crossing": "uncontrolled",
        "crossing:markings": "zebra",
        "highway": "crossing"
      },
      "geometry": {
        "type": "Point",
        "coordinates": [
          2.4763573,
          48.9104421
        ]
      },
      "id": "node/14136915444"
    },
    {
      "type": "Feature",
      "properties": {
        "@id": "node/14136915445",
        "@@id": "node/5934658415",
        "crossing": "uncontrolled",
        "crossing:markings": "zebra",
        "highway": "crossing",
        "kerb": "lowered",
        "tactile_paving": "yes",
        "traffic_calming": "table"
      },
      "geometry": {
        "type": "Point",
        "coordinates": [
          2.4978051,
          48.8925839
        ]
      },
      "id": "node/14136915445"
    },
    {
      "type": "Feature",
      "properties": {
        "@id": "node/14136915446",
        "@@id": "node/5934658160",
        "crossing": "uncontrolled",
        "crossing:markings": "zebra",
        "highway": "crossing",
        "kerb": "lowered",
        "tactile_paving": "yes",
        "traffic_calming": "table"
      },
      "geometry": {
        "type": "Point",
        "coordinates": [
          2.4976876,
          48.8925424
        ]
      },
      "id": "node/14136915446"
    },
    {
      "type": "Feature",
      "properties": {
        "@id": "node/14136915447",
        "@@id": "node/5934651489",
        "crossing": "uncontrolled",
        "crossing:markings": "zebra",
        "highway": "crossing"
      },
      "geometry": {
        "type": "Point",
        "coordinates": [
          2.4985932,
          48.8937483
        ]
      },
      "id": "node/14136915447"
    },
    {
      "type": "Feature",
      "properties": {
        "@id": "node/14136915448",
        "@@id": "node/5934651129",
        "crossing": "uncontrolled",
        "crossing:markings": "zebra",
        "highway": "crossing",
        "kerb": "lowered"
      },
      "geometry": {
        "type": "Point",
        "coordinates": [
          2.4984463,
          48.8936797
        ]
      },
      "id": "node/14136915448"
    },
    {
      "type": "Feature",
      "properties": {
        "@id": "node/14136915449",
        "@@id": "node/5924041074",
        "crossing": "uncontrolled",
        "crossing:markings": "zebra",
        "highway": "crossing",
        "kerb": "lowered"
      },
      "geometry": {
        "type": "Point",
        "coordinates": [
          2.4916834,
          48.9141319
        ]
      },
      "id": "node/14136915449"
    },
    {
      "type": "Feature",
      "properties": {
        "@id": "node/14136915450",
        "@@id": "node/5924040558",
        "crossing": "uncontrolled",
        "crossing:island": "yes",
        "crossing:markings": "zebra",
        "highway": "crossing",
        "kerb": "lowered",
        "tactile_paving": "yes"
      },
      "geometry": {
        "type": "Point",
        "coordinates": [
          2.4915939,
          48.9138415
        ]
      },
      "id": "node/14136915450"
    },
    {
      "type": "Feature",
      "properties": {
        "@id": "node/14136915451",
        "@@id": "node/5924036653",
        "crossing": "uncontrolled",
        "crossing:markings": "zebra",
        "highway": "crossing",
        "kerb": "lowered"
      },
      "geometry": {
        "type": "Point",
        "coordinates": [
          2.4911497,
          48.9119465
        ]
      },
      "id": "node/14136915451"
    },
    {
      "type": "Feature",
      "properties": {
        "@id": "node/14136915452",
        "@@id": "node/5924021390",
        "crossing": "uncontrolled",
        "crossing:markings": "zebra",
        "highway": "crossing",
        "kerb": "lowered",
        "tactile_paving": "yes"
      },
      "geometry": {
        "type": "Point",
        "coordinates": [
          2.4851702,
          48.9109413
        ]
      },
      "id": "node/14136915452"
    },
    {
      "type": "Feature",
      "properties": {
        "@id": "node/14136915453",
        "@@id": "node/5922580993",
        "crossing": "uncontrolled",
        "crossing:markings": "zebra",
        "highway": "crossing",
        "kerb": "lowered"
      },
      "geometry": {
        "type": "Point",
        "coordinates": [
          2.4828726,
          48.9117353
        ]
      },
      "id": "node/14136915453"
    },
    {
      "type": "Feature",
      "properties": {
        "@id": "node/14136915454",
        "@@id": "node/5922580147",
        "crossing": "uncontrolled",
        "crossing:markings": "zebra",
        "highway": "crossing",
        "kerb": "lowered"
      },
      "geometry": {
        "type": "Point",
        "coordinates": [
          2.4827872,
          48.9118294
        ]
      },
      "id": "node/14136915454"
    },
    {
      "type": "Feature",
      "properties": {
        "@id": "node/14136915455",
        "@@id": "node/5922580135",
        "crossing": "uncontrolled",
        "crossing:markings": "zebra",
        "highway": "crossing",
        "kerb": "lowered"
      },
      "geometry": {
        "type": "Point",
        "coordinates": [
          2.4826679,
          48.911796
        ]
      },
      "id": "node/14136915455"
    },
    {
      "type": "Feature",
      "properties": {
        "@id": "node/14136915456",
        "@@id": "node/5922578283",
        "crossing": "uncontrolled",
        "crossing:markings": "zebra",
        "highway": "crossing",
        "kerb": "lowered"
      },
      "geometry": {
        "type": "Point",
        "coordinates": [
          2.4804508,
          48.9122928
        ]
      },
      "id": "node/14136915456"
    },
    {
      "type": "Feature",
      "properties": {
        "@id": "node/14136915457",
        "@@id": "node/5922577331",
        "crossing": "uncontrolled",
        "crossing:markings": "zebra",
        "highway": "crossing",
        "kerb": "lowered"
      },
      "geometry": {
        "type": "Point",
        "coordinates": [
          2.4801116,
          48.9123303
        ]
      },
      "id": "node/14136915457"
    },
    {
      "type": "Feature",
      "properties": {
        "@id": "node/14136915458",
        "@@id": "node/5922565404",
        "crossing": "uncontrolled",
        "crossing:markings": "zebra",
        "highway": "crossing",
        "kerb": "lowered"
      },
      "geometry": {
        "type": "Point",
        "coordinates": [
          2.4776391,
          48.9118535
        ]
      },
      "id": "node/14136915458"
    },
    {
      "type": "Feature",
      "properties": {
        "@id": "node/14136915459",
        "@@id": "node/5922562613",
        "crossing": "uncontrolled",
        "crossing:markings": "zebra",
        "highway": "crossing",
        "kerb": "lowered",
        "tactile_paving": "yes"
      },
      "geometry": {
        "type": "Point",
        "coordinates": [
          2.477343,
          48.9108954
        ]
      },
      "id": "node/14136915459"
    },
    {
      "type": "Feature",
      "properties": {
        "@id": "node/14136915460",
        "@@id": "node/5922562000",
        "crossing": "uncontrolled",
        "crossing:markings": "zebra",
        "highway": "crossing",
        "kerb": "lowered",
        "tactile_paving": "yes"
      },
      "geometry": {
        "type": "Point",
        "coordinates": [
          2.4772553,
          48.9109552
        ]
      },
      "id": "node/14136915460"
    },
    {
      "type": "Feature",
      "properties": {
        "@id": "node/14136915461",
        "@@id": "node/5922560921",
        "crossing": "uncontrolled",
        "crossing:markings": "zebra",
        "highway": "crossing",
        "kerb": "lowered"
      },
      "geometry": {
        "type": "Point",
        "coordinates": [
          2.4743792,
          48.9107955
        ]
      },
      "id": "node/14136915461"
    },
    {
      "type": "Feature",
      "properties": {
        "@id": "node/14136915462",
        "@@id": "node/5633369665",
        "crossing": "uncontrolled",
        "crossing:markings": "zebra",
        "highway": "crossing"
      },
      "geometry": {
        "type": "Point",
        "coordinates": [
          2.4865497,
          48.9126486
        ]
      },
      "id": "node/14136915462"
    },
    {
      "type": "Feature",
      "properties": {
        "@id": "node/14136915463",
        "@@id": "node/5633369664",
        "crossing": "uncontrolled",
        "crossing:markings": "zebra",
        "highway": "crossing"
      },
      "geometry": {
        "type": "Point",
        "coordinates": [
          2.4860072,
          48.9120425
        ]
      },
      "id": "node/14136915463"
    },
    {
      "type": "Feature",
      "properties": {
        "@id": "node/14136915464",
        "@@id": "node/5633369663",
        "crossing": "uncontrolled",
        "crossing:markings": "zebra",
        "highway": "crossing"
      },
      "geometry": {
        "type": "Point",
        "coordinates": [
          2.4861162,
          48.9120718
        ]
      },
      "id": "node/14136915464"
    },
    {
      "type": "Feature",
      "properties": {
        "@id": "node/14136915465",
        "@@id": "node/5417063195",
        "crossing": "uncontrolled",
        "crossing:markings": "zebra",
        "highway": "crossing"
      },
      "geometry": {
        "type": "Point",
        "coordinates": [
          2.4882225,
          48.8944454
        ]
      },
      "id": "node/14136915465"
    },
    {
      "type": "Feature",
      "properties": {
        "@id": "node/14136915466",
        "@@id": "node/5417046213",
        "crossing": "uncontrolled",
        "crossing:markings": "zebra",
        "highway": "crossing",
        "kerb": "lowered",
        "tactile_paving": "yes",
        "traffic_calming": "table"
      },
      "geometry": {
        "type": "Point",
        "coordinates": [
          2.4976291,
          48.8921442
        ]
      },
      "id": "node/14136915466"
    },
    {
      "type": "Feature",
      "properties": {
        "@id": "node/14136915467",
        "@@id": "node/5416905522",
        "crossing": "uncontrolled",
        "crossing:island": "no",
        "crossing:markings": "zebra",
        "highway": "crossing",
        "kerb": "lowered",
        "tactile_paving": "yes"
      },
      "geometry": {
        "type": "Point",
        "coordinates": [
          2.4757198,
          48.9142548
        ]
      },
      "id": "node/14136915467"
    },
    {
      "type": "Feature",
      "properties": {
        "@id": "node/14136915468",
        "@@id": "node/5416904410",
        "crossing": "uncontrolled",
        "crossing:markings": "zebra",
        "highway": "crossing"
      },
      "geometry": {
        "type": "Point",
        "coordinates": [
          2.4786287,
          48.913726
        ]
      },
      "id": "node/14136915468"
    },
    {
      "type": "Feature",
      "properties": {
        "@id": "node/14136915469",
        "@@id": "node/5416862715",
        "crossing": "uncontrolled",
        "crossing:markings": "zebra",
        "highway": "crossing"
      },
      "geometry": {
        "type": "Point",
        "coordinates": [
          2.4887185,
          48.9134571
        ]
      },
      "id": "node/14136915469"
    },
    {
      "type": "Feature",
      "properties": {
        "@id": "node/14136915470",
        "@@id": "node/5416862709",
        "crossing": "uncontrolled",
        "crossing:markings": "yes",
        "highway": "crossing"
      },
      "geometry": {
        "type": "Point",
        "coordinates": [
          2.4853302,
          48.9123577
        ]
      },
      "id": "node/14136915470"
    },
    {
      "type": "Feature",
      "properties": {
        "@id": "node/14136915471",
        "@@id": "node/5416862703",
        "crossing": "uncontrolled",
        "crossing:markings": "zebra",
        "highway": "crossing"
      },
      "geometry": {
        "type": "Point",
        "coordinates": [
          2.4866706,
          48.9130183
        ]
      },
      "id": "node/14136915471"
    },
    {
      "type": "Feature",
      "properties": {
        "@id": "node/14136915472",
        "@@id": "node/5416862699",
        "crossing": "uncontrolled",
        "crossing:markings": "zebra",
        "highway": "crossing"
      },
      "geometry": {
        "type": "Point",
        "coordinates": [
          2.4870339,
          48.9132367
        ]
      },
      "id": "node/14136915472"
    },
    {
      "type": "Feature",
      "properties": {
        "@id": "node/14136915473",
        "@@id": "node/5289559779",
        "crossing": "uncontrolled",
        "crossing:markings": "zebra",
        "highway": "crossing"
      },
      "geometry": {
        "type": "Point",
        "coordinates": [
          2.4920831,
          48.9036049
        ]
      },
      "id": "node/14136915473"
    },
    {
      "type": "Feature",
      "properties": {
        "@id": "node/14136915474",
        "@@id": "node/5289270270",
        "crossing": "uncontrolled",
        "crossing:markings": "zebra",
        "highway": "crossing",
        "kerb": "lowered",
        "tactile_paving": "yes"
      },
      "geometry": {
        "type": "Point",
        "coordinates": [
          2.4977284,
          48.8923388
        ]
      },
      "id": "node/14136915474"
    },
    {
      "type": "Feature",
      "properties": {
        "@id": "node/14136915475",
        "@@id": "node/4739446760",
        "crossing": "uncontrolled",
        "crossing:markings": "zebra",
        "highway": "crossing",
        "tactile_paving": "no"
      },
      "geometry": {
        "type": "Point",
        "coordinates": [
          2.4862512,
          48.9066471
        ]
      },
      "id": "node/14136915475"
    },
    {
      "type": "Feature",
      "properties": {
        "@id": "node/14136915476",
        "@@id": "node/4739446759",
        "crossing": "uncontrolled",
        "crossing:markings": "zebra",
        "highway": "crossing"
      },
      "geometry": {
        "type": "Point",
        "coordinates": [
          2.4862439,
          48.9067553
        ]
      },
      "id": "node/14136915476"
    },
    {
      "type": "Feature",
      "properties": {
        "@id": "node/14136915477",
        "@@id": "node/4739446758",
        "crossing": "uncontrolled",
        "crossing:markings": "zebra",
        "highway": "crossing",
        "tactile_paving": "no"
      },
      "geometry": {
        "type": "Point",
        "coordinates": [
          2.4818268,
          48.9059724
        ]
      },
      "id": "node/14136915477"
    },
    {
      "type": "Feature",
      "properties": {
        "@id": "node/14136915478",
        "@@id": "node/4739446757",
        "crossing": "uncontrolled",
        "crossing:markings": "zebra",
        "highway": "crossing"
      },
      "geometry": {
        "type": "Point",
        "coordinates": [
          2.4817322,
          48.9062051
        ]
      },
      "id": "node/14136915478"
    },
    {
      "type": "Feature",
      "properties": {
        "@id": "node/14136915479",
        "@@id": "node/4629553209",
        "bicycle": "yes",
        "crossing": "uncontrolled",
        "crossing:markings": "zebra",
        "highway": "crossing"
      },
      "geometry": {
        "type": "Point",
        "coordinates": [
          2.485572,
          48.8935714
        ]
      },
      "id": "node/14136915479"
    },
    {
      "type": "Feature",
      "properties": {
        "@id": "node/14136915480",
        "@@id": "node/4629553193",
        "crossing": "uncontrolled",
        "crossing:markings": "zebra",
        "highway": "crossing"
      },
      "geometry": {
        "type": "Point",
        "coordinates": [
          2.4796234,
          48.8936625
        ]
      },
      "id": "node/14136915480"
    },
    {
      "type": "Feature",
      "properties": {
        "@id": "node/14136915481",
        "@@id": "node/4240152729",
        "crossing": "uncontrolled",
        "crossing:markings": "yes",
        "highway": "crossing"
      },
      "geometry": {
        "type": "Point",
        "coordinates": [
          2.4906895,
          48.90966
        ]
      },
      "id": "node/14136915481"
    },
    {
      "type": "Feature",
      "properties": {
        "@id": "node/14136915482",
        "@@id": "node/4011927295",
        "crossing": "uncontrolled",
        "crossing:markings": "zebra",
        "highway": "crossing",
        "source": "Bing",
        "supervised": "no"
      },
      "geometry": {
        "type": "Point",
        "coordinates": [
          2.4814967,
          48.9133653
        ]
      },
      "id": "node/14136915482"
    },
    {
      "type": "Feature",
      "properties": {
        "@id": "node/14136915483",
        "@@id": "node/4011926960",
        "crossing": "uncontrolled",
        "crossing:markings": "zebra",
        "highway": "crossing",
        "source": "Bing",
        "supervised": "no"
      },
      "geometry": {
        "type": "Point",
        "coordinates": [
          2.4812118,
          48.9122893
        ]
      },
      "id": "node/14136915483"
    },
    {
      "type": "Feature",
      "properties": {
        "@id": "node/14136915484",
        "@@id": "node/3640855777",
        "crossing": "uncontrolled",
        "crossing:markings": "zebra",
        "highway": "crossing"
      },
      "geometry": {
        "type": "Point",
        "coordinates": [
          2.4707732,
          48.9025806
        ]
      },
      "id": "node/14136915484"
    },
    {
      "type": "Feature",
      "properties": {
        "@id": "node/14136915485",
        "@@id": "node/3640855732",
        "crossing": "uncontrolled",
        "crossing:island": "no",
        "crossing:markings": "zebra",
        "highway": "crossing",
        "kerb": "lowered",
        "tactile_paving": "yes"
      },
      "geometry": {
        "type": "Point",
        "coordinates": [
          2.471012,
          48.899127
        ]
      },
      "id": "node/14136915485"
    },
    {
      "type": "Feature",
      "properties": {
        "@id": "node/14136915486",
        "@@id": "node/3640855581",
        "crossing": "uncontrolled",
        "crossing:island": "no",
        "crossing:markings": "zebra",
        "highway": "crossing",
        "kerb": "lowered",
        "tactile_paving": "yes"
      },
      "geometry": {
        "type": "Point",
        "coordinates": [
          2.4711357,
          48.898997
        ]
      },
      "id": "node/14136915486"
    },
    {
      "type": "Feature",
      "properties": {
        "@id": "node/14136915487",
        "@@id": "node/3640855557",
        "crossing": "uncontrolled",
        "crossing:island": "no",
        "crossing:markings": "zebra",
        "highway": "crossing",
        "tactile_paving": "yes"
      },
      "geometry": {
        "type": "Point",
        "coordinates": [
          2.4706096,
          48.9026476
        ]
      },
      "id": "node/14136915487"
    },
    {
      "type": "Feature",
      "properties": {
        "@id": "node/14136915488",
        "@@id": "node/3640855552",
        "crossing": "uncontrolled",
        "crossing:markings": "zebra",
        "highway": "crossing"
      },
      "geometry": {
        "type": "Point",
        "coordinates": [
          2.4733292,
          48.8962243
        ]
      },
      "id": "node/14136915488"
    },
    {
      "type": "Feature",
      "properties": {
        "@id": "node/14136915489",
        "@@id": "node/3640855538",
        "crossing": "uncontrolled",
        "crossing:markings": "zebra",
        "highway": "crossing"
      },
      "geometry": {
        "type": "Point",
        "coordinates": [
          2.4732807,
          48.8962835
        ]
      },
      "id": "node/14136915489"
    },
    {
      "type": "Feature",
      "properties": {
        "@id": "node/14136915490",
        "@@id": "node/3640855534",
        "crossing": "uncontrolled",
        "crossing:island": "no",
        "crossing:markings": "zebra",
        "highway": "crossing",
        "kerb": "lowered",
        "tactile_paving": "yes"
      },
      "geometry": {
        "type": "Point",
        "coordinates": [
          2.470908,
          48.8990628
        ]
      },
      "id": "node/14136915490"
    },
    {
      "type": "Feature",
      "properties": {
        "@id": "node/14136915491",
        "@@id": "node/3640855518",
        "crossing": "uncontrolled",
        "crossing:markings": "zebra",
        "highway": "crossing"
      },
      "geometry": {
        "type": "Point",
        "coordinates": [
          2.4732173,
          48.8961955
        ]
      },
      "id": "node/14136915491"
    },
    {
      "type": "Feature",
      "properties": {
        "@id": "node/14136915492",
        "@@id": "node/3640855510",
        "crossing": "uncontrolled",
        "crossing:island": "no",
        "crossing:markings": "zebra",
        "highway": "crossing",
        "tactile_paving": "yes"
      },
      "geometry": {
        "type": "Point",
        "coordinates": [
          2.4706736,
          48.9026943
        ]
      },
      "id": "node/14136915492"
    },
    {
      "type": "Feature",
      "properties": {
        "@id": "node/14136915493",
        "@@id": "node/3640855246",
        "crossing": "uncontrolled",
        "crossing:island": "no",
        "crossing:markings": "zebra",
        "highway": "crossing",
        "tactile_paving": "yes"
      },
      "geometry": {
        "type": "Point",
        "coordinates": [
          2.4706887,
          48.9025287
        ]
      },
      "id": "node/14136915493"
    },
    {
      "type": "Feature",
      "properties": {
        "@id": "node/14136915494",
        "@@id": "node/3640616982",
        "crossing": "uncontrolled",
        "crossing:markings": "zebra",
        "highway": "crossing",
        "tactile_paving": "yes"
      },
      "geometry": {
        "type": "Point",
        "coordinates": [
          2.4804486,
          48.9038849
        ]
      },
      "id": "node/14136915494"
    },
    {
      "type": "Feature",
      "properties": {
        "@id": "node/14136915495",
        "@@id": "node/3640616980",
        "crossing": "uncontrolled",
        "crossing:markings": "zebra",
        "highway": "crossing",
        "tactile_paving": "yes"
      },
      "geometry": {
        "type": "Point",
        "coordinates": [
          2.4778644,
          48.9034666
        ]
      },
      "id": "node/14136915495"
    },
    {
      "type": "Feature",
      "properties": {
        "@id": "node/14136915496",
        "@@id": "node/3640616973",
        "crossing": "uncontrolled",
        "crossing:markings": "zebra",
        "highway": "crossing",
        "tactile_paving": "yes"
      },
      "geometry": {
        "type": "Point",
        "coordinates": [
          2.480396,
          48.9038857
        ]
      },
      "id": "node/14136915496"
    },
    {
      "type": "Feature",
      "properties": {
        "@id": "node/14136915497",
        "@@id": "node/3640616961",
        "crossing": "uncontrolled",
        "crossing:markings": "zebra",
        "highway": "crossing"
      },
      "geometry": {
        "type": "Point",
        "coordinates": [
          2.48031,
          48.9038291
        ]
      },
      "id": "node/14136915497"
    },
    {
      "type": "Feature",
      "properties": {
        "@id": "node/14136915498",
        "@@id": "node/3640616952",
        "crossing": "uncontrolled",
        "crossing:markings": "zebra",
        "highway": "crossing",
        "tactile_paving": "yes"
      },
      "geometry": {
        "type": "Point",
        "coordinates": [
          2.4770634,
          48.9037008
        ]
      },
      "id": "node/14136915498"
    },
    {
      "type": "Feature",
      "properties": {
        "@id": "node/14136915499",
        "@@id": "node/3640616950",
        "crossing": "uncontrolled",
        "crossing:markings": "zebra",
        "highway": "crossing"
      },
      "geometry": {
        "type": "Point",
        "coordinates": [
          2.4769877,
          48.9051315
        ]
      },
      "id": "node/14136915499"
    },
    {
      "type": "Feature",
      "properties": {
        "@id": "node/14136915500",
        "@@id": "node/3640616945",
        "crossing": "uncontrolled",
        "crossing:markings": "zebra",
        "highway": "crossing",
        "tactile_paving": "yes"
      },
      "geometry": {
        "type": "Point",
        "coordinates": [
          2.4803135,
          48.9034281
        ]
      },
      "id": "node/14136915500"
    },
    {
      "type": "Feature",
      "properties": {
        "@id": "node/14136915501",
        "@@id": "node/3322812480",
        "crossing": "uncontrolled",
        "crossing:markings": "zebra",
        "highway": "crossing"
      },
      "geometry": {
        "type": "Point",
        "coordinates": [
          2.4905168,
          48.9008573
        ]
      },
      "id": "node/14136915501"
    },
    {
      "type": "Feature",
      "properties": {
        "@id": "node/14136915502",
        "@@id": "node/3322812479",
        "crossing": "uncontrolled",
        "crossing:markings": "zebra",
        "highway": "crossing"
      },
      "geometry": {
        "type": "Point",
        "coordinates": [
          2.4904402,
          48.9008277
        ]
      },
      "id": "node/14136915502"
    },
    {
      "type": "Feature",
      "properties": {
        "@id": "node/14136915503",
        "@@id": "node/3322812475",
        "crossing": "uncontrolled",
        "crossing:markings": "zebra",
        "highway": "crossing"
      },
      "geometry": {
        "type": "Point",
        "coordinates": [
          2.4910071,
          48.9006754
        ]
      },
      "id": "node/14136915503"
    },
    {
      "type": "Feature",
      "properties": {
        "@id": "node/14136915504",
        "@@id": "node/3322812473",
        "crossing": "uncontrolled",
        "crossing:markings": "zebra",
        "highway": "crossing"
      },
      "geometry": {
        "type": "Point",
        "coordinates": [
          2.4909339,
          48.9006472
        ]
      },
      "id": "node/14136915504"
    },
    {
      "type": "Feature",
      "properties": {
        "@id": "node/14136915505",
        "@@id": "node/3060817176",
        "crossing": "uncontrolled",
        "crossing:markings": "zebra",
        "highway": "crossing"
      },
      "geometry": {
        "type": "Point",
        "coordinates": [
          2.4852211,
          48.9174734
        ]
      },
      "id": "node/14136915505"
    },
    {
      "type": "Feature",
      "properties": {
        "@id": "node/14136915506",
        "@@id": "node/3060817175",
        "crossing": "uncontrolled",
        "crossing:markings": "zebra",
        "highway": "crossing"
      },
      "geometry": {
        "type": "Point",
        "coordinates": [
          2.4852052,
          48.9177424
        ]
      },
      "id": "node/14136915506"
    },
    {
      "type": "Feature",
      "properties": {
        "@id": "node/14136915507",
        "@@id": "node/3060817174",
        "crossing": "uncontrolled",
        "crossing:markings": "zebra",
        "highway": "crossing",
        "tactile_paving": "yes"
      },
      "geometry": {
        "type": "Point",
        "coordinates": [
          2.4852564,
          48.9179045
        ]
      },
      "id": "node/14136915507"
    },
    {
      "type": "Feature",
      "properties": {
        "@id": "node/14136915508",
        "@@id": "node/2830954897",
        "crossing": "uncontrolled",
        "crossing:markings": "zebra",
        "highway": "crossing"
      },
      "geometry": {
        "type": "Point",
        "coordinates": [
          2.4774555,
          48.8953483
        ]
      },
      "id": "node/14136915508"
    },
    {
      "type": "Feature",
      "properties": {
        "@id": "node/14136915509",
        "@@id": "node/2830954894",
        "crossing": "uncontrolled",
        "crossing:island": "no",
        "crossing:markings": "zebra",
        "highway": "crossing"
      },
      "geometry": {
        "type": "Point",
        "coordinates": [
          2.4772932,
          48.8950939
        ]
      },
      "id": "node/14136915509"
    },
    {
      "type": "Feature",
      "properties": {
        "@id": "node/14136915510",
        "@@id": "node/2830954886",
        "crossing": "uncontrolled",
        "crossing:markings": "zebra",
        "highway": "crossing",
        "tactile_paving": "yes"
      },
      "geometry": {
        "type": "Point",
        "coordinates": [
          2.4774052,
          48.8938584
        ]
      },
      "id": "node/14136915510"
    },
    {
      "type": "Feature",
      "properties": {
        "@id": "node/14136915511",
        "@@id": "node/2830954885",
        "crossing": "uncontrolled",
        "crossing:island": "no",
        "crossing:markings": "zebra",
        "highway": "crossing",
        "tactile_paving": "yes"
      },
      "geometry": {
        "type": "Point",
        "coordinates": [
          2.4787377,
          48.8937899
        ]
      },
      "id": "node/14136915511"
    },
    {
      "type": "Feature",
      "properties": {
        "@id": "node/14136915512",
        "@@id": "node/2830954880",
        "crossing": "uncontrolled",
        "crossing:markings": "zebra",
        "highway": "crossing",
        "tactile_paving": "yes"
      },
      "geometry": {
        "type": "Point",
        "coordinates": [
          2.4787448,
          48.8936908
        ]
      },
      "id": "node/14136915512"
    },
    {
      "type": "Feature",
      "properties": {
        "@id": "node/14136915513",
        "@@id": "node/2830954878",
        "crossing": "uncontrolled",
        "crossing:markings": "zebra",
        "highway": "crossing",
        "tactile_paving": "yes"
      },
      "geometry": {
        "type": "Point",
        "coordinates": [
          2.4795611,
          48.893621
        ]
      },
      "id": "node/14136915513"
    },
    {
      "type": "Feature",
      "properties": {
        "@id": "node/14136915514",
        "@@id": "node/2830954876",
        "crossing": "uncontrolled",
        "crossing:markings": "zebra",
        "highway": "crossing"
      },
      "geometry": {
        "type": "Point",
        "coordinates": [
          2.48018,
          48.8935817
        ]
      },
      "id": "node/14136915514"
    },
    {
      "type": "Feature",
      "properties": {
        "@id": "node/14136915515",
        "@@id": "node/2830954875",
        "crossing": "uncontrolled",
        "crossing:markings": "zebra",
        "highway": "crossing"
      },
      "geometry": {
        "type": "Point",
        "coordinates": [
          2.4807972,
          48.8934507
        ]
      },
      "id": "node/14136915515"
    },
    {
      "type": "Feature",
      "properties": {
        "@id": "node/14136915516",
        "@@id": "node/2619784485",
        "crossing": "uncontrolled",
        "crossing:markings": "zebra",
        "highway": "crossing"
      },
      "geometry": {
        "type": "Point",
        "coordinates": [
          2.4867148,
          48.8943803
        ]
      },
      "id": "node/14136915516"
    },
    {
      "type": "Feature",
      "properties": {
        "@id": "node/14136915517",
        "@@id": "node/2619193158",
        "crossing": "uncontrolled",
        "crossing:markings": "zebra",
        "highway": "crossing"
      },
      "geometry": {
        "type": "Point",
        "coordinates": [
          2.4844369,
          48.9039769
        ]
      },
      "id": "node/14136915517"
    },
    {
      "type": "Feature",
      "properties": {
        "@id": "node/14136915518",
        "@@id": "node/2555501150",
        "crossing": "uncontrolled",
        "crossing:markings": "zebra",
        "highway": "crossing",
        "kerb": "lowered",
        "tactile_paving": "yes"
      },
      "geometry": {
        "type": "Point",
        "coordinates": [
          2.4850194,
          48.9110997
        ]
      },
      "id": "node/14136915518"
    },
    {
      "type": "Feature",
      "properties": {
        "@id": "node/14136915519",
        "@@id": "node/2555501149",
        "crossing": "uncontrolled",
        "crossing:island": "no",
        "crossing:markings": "zebra",
        "highway": "crossing",
        "kerb": "lowered",
        "tactile_paving": "yes"
      },
      "geometry": {
        "type": "Point",
        "coordinates": [
          2.4842641,
          48.9113205
        ]
      },
      "id": "node/14136915519"
    },
    {
      "type": "Feature",
      "properties": {
        "@id": "node/14136915520",
        "@@id": "node/2555501144",
        "crossing": "uncontrolled",
        "crossing:markings": "zebra",
        "highway": "crossing"
      },
      "geometry": {
        "type": "Point",
        "coordinates": [
          2.4870081,
          48.913099
        ]
      },
      "id": "node/14136915520"
    },
    {
      "type": "Feature",
      "properties": {
        "@id": "node/14136915521",
        "@@id": "node/2555501143",
        "crossing": "uncontrolled",
        "crossing:island": "no",
        "crossing:markings": "zebra",
        "highway": "crossing",
        "kerb": "lowered"
      },
      "geometry": {
        "type": "Point",
        "coordinates": [
          2.4844595,
          48.911334
        ]
      },
      "id": "node/14136915521"
    },
    {
      "type": "Feature",
      "properties": {
        "@id": "node/14136915522",
        "@@id": "node/2555501135",
        "crossing": "uncontrolled",
        "crossing:markings": "zebra",
        "highway": "crossing",
        "kerb": "lowered",
        "tactile_paving": "yes"
      },
      "geometry": {
        "type": "Point",
        "coordinates": [
          2.4845382,
          48.9112625
        ]
      },
      "id": "node/14136915522"
    },
    {
      "type": "Feature",
      "properties": {
        "@id": "node/14136915523",
        "@@id": "node/2555501134",
        "crossing": "uncontrolled",
        "crossing:markings": "zebra",
        "highway": "crossing",
        "kerb": "lowered",
        "tactile_paving": "yes"
      },
      "geometry": {
        "type": "Point",
        "coordinates": [
          2.4852583,
          48.9109891
        ]
      },
      "id": "node/14136915523"
    },
    {
      "type": "Feature",
      "properties": {
        "@id": "node/14136915524",
        "@@id": "node/2555501131",
        "crossing": "uncontrolled",
        "crossing:markings": "zebra",
        "highway": "crossing",
        "kerb": "lowered",
        "tactile_paving": "yes"
      },
      "geometry": {
        "type": "Point",
        "coordinates": [
          2.4851728,
          48.9111429
        ]
      },
      "id": "node/14136915524"
    },
    {
      "type": "Feature",
      "properties": {
        "@id": "node/14136915525",
        "@@id": "node/2555501129",
        "crossing": "uncontrolled",
        "crossing:markings": "zebra",
        "highway": "crossing",
        "kerb": "lowered",
        "tactile_paving": "yes"
      },
      "geometry": {
        "type": "Point",
        "coordinates": [
          2.4850425,
          48.9111409
        ]
      },
      "id": "node/14136915525"
    },
    {
      "type": "Feature",
      "properties": {
        "@id": "node/14136915526",
        "@@id": "node/2555501128",
        "crossing": "uncontrolled",
        "crossing:markings": "zebra",
        "highway": "crossing",
        "kerb": "lowered",
        "tactile_paving": "yes"
      },
      "geometry": {
        "type": "Point",
        "coordinates": [
          2.4845168,
          48.9112309
        ]
      },
      "id": "node/14136915526"
    },
    {
      "type": "Feature",
      "properties": {
        "@id": "node/14136915527",
        "@@id": "node/2520201524",
        "crossing": "uncontrolled",
        "crossing:markings": "zebra",
        "highway": "crossing"
      },
      "geometry": {
        "type": "Point",
        "coordinates": [
          2.4889427,
          48.8919022
        ]
      },
      "id": "node/14136915527"
    },
    {
      "type": "Feature",
      "properties": {
        "@id": "node/14136915528",
        "@@id": "node/1776363912",
        "crossing": "uncontrolled",
        "crossing:markings": "zebra",
        "highway": "crossing"
      },
      "geometry": {
        "type": "Point",
        "coordinates": [
          2.4825941,
          48.9136991
        ]
      },
      "id": "node/14136915528"
    },
    {
      "type": "Feature",
      "properties": {
        "@id": "node/14136915529",
        "@@id": "node/1776363864",
        "crossing": "uncontrolled",
        "crossing:markings": "zebra",
        "highway": "crossing",
        "kerb": "lowered"
      },
      "geometry": {
        "type": "Point",
        "coordinates": [
          2.4914753,
          48.9139761
        ]
      },
      "id": "node/14136915529"
    },
    {
      "type": "Feature",
      "properties": {
        "@id": "node/14136915530",
        "@@id": "node/1776363811",
        "crossing": "uncontrolled",
        "crossing:markings": "zebra",
        "highway": "crossing",
        "kerb": "lowered"
      },
      "geometry": {
        "type": "Point",
        "coordinates": [
          2.4815592,
          48.9122785
        ]
      },
      "id": "node/14136915530"
    },
    {
      "type": "Feature",
      "properties": {
        "@id": "node/14136915531",
        "@@id": "node/1776363802",
        "crossing": "uncontrolled",
        "crossing:markings": "zebra",
        "highway": "crossing"
      },
      "geometry": {
        "type": "Point",
        "coordinates": [
          2.4789858,
          48.9151091
        ]
      },
      "id": "node/14136915531"
    },
    {
      "type": "Feature",
      "properties": {
        "@id": "node/14136915532",
        "@@id": "node/1776363796",
        "crossing": "uncontrolled",
        "crossing:markings": "zebra",
        "highway": "crossing"
      },
      "geometry": {
        "type": "Point",
        "coordinates": [
          2.4823929,
          48.9135349
        ]
      },
      "id": "node/14136915532"
    },
    {
      "type": "Feature",
      "properties": {
        "@id": "node/14136915533",
        "@@id": "node/1776363794",
        "crossing": "uncontrolled",
        "crossing:markings": "zebra",
        "highway": "crossing",
        "kerb": "lowered"
      },
      "geometry": {
        "type": "Point",
        "coordinates": [
          2.4813679,
          48.9121766
        ]
      },
      "id": "node/14136915533"
    },
    {
      "type": "Feature",
      "properties": {
        "@id": "node/14136915534",
        "@@id": "node/1776363787",
        "crossing": "uncontrolled",
        "crossing:markings": "zebra",
        "highway": "crossing",
        "kerb": "lowered"
      },
      "geometry": {
        "type": "Point",
        "coordinates": [
          2.4813293,
          48.9119518
        ]
      },
      "id": "node/14136915534"
    },
    {
      "type": "Feature",
      "properties": {
        "@id": "node/14136915535",
        "@@id": "node/1760851194",
        "crossing": "uncontrolled",
        "crossing:markings": "zebra",
        "highway": "crossing",
        "tactile_paving": "yes"
      },
      "geometry": {
        "type": "Point",
        "coordinates": [
          2.4733156,
          48.9042569
        ]
      },
      "id": "node/14136915535"
    },
    {
      "type": "Feature",
      "properties": {
        "@id": "node/14136915536",
        "@@id": "node/1737186074",
        "crossing": "uncontrolled",
        "crossing:markings": "zebra",
        "highway": "crossing"
      },
      "geometry": {
        "type": "Point",
        "coordinates": [
          2.4852802,
          48.9177143
        ]
      },
      "id": "node/14136915536"
    },
    {
      "type": "Feature",
      "properties": {
        "@id": "node/14136915537",
        "@@id": "node/1737185991",
        "crossing": "uncontrolled",
        "crossing:markings": "zebra",
        "highway": "crossing",
        "tactile_paving": "yes"
      },
      "geometry": {
        "type": "Point",
        "coordinates": [
          2.4850659,
          48.91773
        ]
      },
      "id": "node/14136915537"
    },
    {
      "type": "Feature",
      "properties": {
        "@id": "node/14136915538",
        "@@id": "node/1737185985",
        "crossing": "uncontrolled",
        "crossing:markings": "zebra",
        "highway": "crossing",
        "source": "BDOrtho IGN 2021"
      },
      "geometry": {
        "type": "Point",
        "coordinates": [
          2.484565,
          48.9170373
        ]
      },
      "id": "node/14136915538"
    },
    {
      "type": "Feature",
      "properties": {
        "@id": "node/14136915539",
        "@@id": "node/1737185971",
        "crossing": "uncontrolled",
        "crossing:markings": "zebra",
        "highway": "crossing"
      },
      "geometry": {
        "type": "Point",
        "coordinates": [
          2.4873599,
          48.9169139
        ]
      },
      "id": "node/14136915539"
    },
    {
      "type": "Feature",
      "properties": {
        "@id": "node/14136915540",
        "@@id": "node/1737185965",
        "crossing": "uncontrolled",
        "crossing:markings": "zebra",
        "highway": "crossing"
      },
      "geometry": {
        "type": "Point",
        "coordinates": [
          2.4847888,
          48.9176361
        ]
      },
      "id": "node/14136915540"
    },
    {
      "type": "Feature",
      "properties": {
        "@id": "node/14136915541",
        "@@id": "node/1268873795",
        "crossing": "uncontrolled",
        "crossing:markings": "zebra",
        "highway": "crossing"
      },
      "geometry": {
        "type": "Point",
        "coordinates": [
          2.4846739,
          48.9174122
        ]
      },
      "id": "node/14136915541"
    },
    {
      "type": "Feature",
      "properties": {
        "@id": "node/14136915542",
        "@@id": "node/1268873715",
        "crossing": "uncontrolled",
        "crossing:markings": "zebra",
        "highway": "crossing",
        "source": "BD Ortho 2022"
      },
      "geometry": {
        "type": "Point",
        "coordinates": [
          2.4846191,
          48.9170261
        ]
      },
      "id": "node/14136915542"
    },
    {
      "type": "Feature",
      "properties": {
        "@id": "node/14136915543",
        "@@id": "node/1254049357",
        "bicycle": "yes",
        "crossing": "uncontrolled",
        "highway": "crossing"
      },
      "geometry": {
        "type": "Point",
        "coordinates": [
          2.4822121,
          48.9012544
        ]
      },
      "id": "node/14136915543"
    },
    {
      "type": "Feature",
      "properties": {
        "@id": "node/14136915544",
        "@@id": "node/1245995390",
        "crossing": "uncontrolled",
        "crossing:markings": "zebra",
        "highway": "crossing"
      },
      "geometry": {
        "type": "Point",
        "coordinates": [
          2.4874866,
          48.9066986
        ]
      },
      "id": "node/14136915544"
    },
    {
      "type": "Feature",
      "properties": {
        "@id": "node/14136915545",
        "@@id": "node/1245868025",
        "crossing": "uncontrolled",
        "crossing:markings": "zebra",
        "highway": "crossing",
        "kerb": "lowered"
      },
      "geometry": {
        "type": "Point",
        "coordinates": [
          2.4744354,
          48.9107832
        ]
      },
      "id": "node/14136915545"
    },
    {
      "type": "Feature",
      "properties": {
        "@id": "node/14136915546",
        "@@id": "node/1240964319",
        "crossing": "uncontrolled",
        "crossing:markings": "zebra",
        "highway": "crossing"
      },
      "geometry": {
        "type": "Point",
        "coordinates": [
          2.4805083,
          48.9030982
        ]
      },
      "id": "node/14136915546"
    },
    {
      "type": "Feature",
      "properties": {
        "@id": "node/14136915547",
        "@@id": "node/1240964303",
        "crossing": "uncontrolled",
        "crossing:markings": "zebra",
        "highway": "crossing"
      },
      "geometry": {
        "type": "Point",
        "coordinates": [
          2.4824148,
          48.9023761
        ]
      },
      "id": "node/14136915547"
    },
    {
      "type": "Feature",
      "properties": {
        "@id": "node/14136915548",
        "@@id": "node/1240949580",
        "crossing": "uncontrolled",
        "crossing:markings": "zebra",
        "highway": "crossing"
      },
      "geometry": {
        "type": "Point",
        "coordinates": [
          2.4844912,
          48.8937695
        ]
      },
      "id": "node/14136915548"
    },
    {
      "type": "Feature",
      "properties": {
        "@id": "node/14136915549",
        "@@id": "node/1240944170",
        "crossing": "uncontrolled",
        "crossing:markings": "zebra",
        "highway": "crossing",
        "tactile_paving": "yes"
      },
      "geometry": {
        "type": "Point",
        "coordinates": [
          2.4776322,
          48.8939515
        ]
      },
      "id": "node/14136915549"
    },
    {
      "type": "Feature",
      "properties": {
        "@id": "node/14136915550",
        "@@id": "node/1240944141",
        "crossing": "uncontrolled",
        "crossing:markings": "zebra",
        "highway": "crossing"
      },
      "geometry": {
        "type": "Point",
        "coordinates": [
          2.4773266,
          48.8934088
        ]
      },
      "id": "node/14136915550"
    },
    {
      "type": "Feature",
      "properties": {
        "@id": "node/14136915551",
        "@@id": "node/1225441204",
        "crossing": "uncontrolled",
        "crossing:markings": "zebra",
        "highway": "crossing"
      },
      "geometry": {
        "type": "Point",
        "coordinates": [
          2.4858261,
          48.9048606
        ]
      },
      "id": "node/14136915551"
    },
    {
      "type": "Feature",
      "properties": {
        "@id": "node/14136915552",
        "@@id": "node/1223683607",
        "crossing": "uncontrolled",
        "crossing:markings": "zebra",
        "highway": "crossing"
      },
      "geometry": {
        "type": "Point",
        "coordinates": [
          2.4865905,
          48.9017722
        ]
      },
      "id": "node/14136915552"
    },
    {
      "type": "Feature",
      "properties": {
        "@id": "node/14136915553",
        "@@id": "node/1223683594",
        "crossing": "uncontrolled",
        "crossing:markings": "zebra",
        "highway": "crossing"
      },
      "geometry": {
        "type": "Point",
        "coordinates": [
          2.490854,
          48.9010379
        ]
      },
      "id": "node/14136915553"
    },
    {
      "type": "Feature",
      "properties": {
        "@id": "node/14136915554",
        "@@id": "node/1223683593",
        "crossing": "uncontrolled",
        "crossing:markings": "zebra",
        "highway": "crossing"
      },
      "geometry": {
        "type": "Point",
        "coordinates": [
          2.4909506,
          48.9009991
        ]
      },
      "id": "node/14136915554"
    },
    {
      "type": "Feature",
      "properties": {
        "@id": "node/14136915555",
        "@@id": "node/1223683547",
        "crossing": "uncontrolled",
        "crossing:markings": "zebra",
        "highway": "crossing"
      },
      "geometry": {
        "type": "Point",
        "coordinates": [
          2.4865821,
          48.9017246
        ]
      },
      "id": "node/14136915555"
    },
    {
      "type": "Feature",
      "properties": {
        "@id": "node/14136915556",
        "@@id": "node/1215472757",
        "crossing": "uncontrolled",
        "crossing:markings": "zebra",
        "highway": "crossing"
      },
      "geometry": {
        "type": "Point",
        "coordinates": [
          2.491301,
          48.9042193
        ]
      },
      "id": "node/14136915556"
    },
    {
      "type": "Feature",
      "properties": {
        "@id": "node/14136915557",
        "@@id": "node/1215472753",
        "crossing": "uncontrolled",
        "crossing:markings": "zebra",
        "highway": "crossing"
      },
      "geometry": {
        "type": "Point",
        "coordinates": [
          2.491506,
          48.904067
        ]
      },
      "id": "node/14136915557"
    },
    {
      "type": "Feature",
      "properties": {
        "@id": "node/14136915558",
        "@@id": "node/1215472748",
        "crossing": "uncontrolled",
        "crossing:markings": "zebra",
        "highway": "crossing"
      },
      "geometry": {
        "type": "Point",
        "coordinates": [
          2.4915082,
          48.904138
        ]
      },
      "id": "node/14136915558"
    },
    {
      "type": "Feature",
      "properties": {
        "@id": "node/14136915559",
        "@@id": "node/974102262",
        "crossing": "uncontrolled",
        "crossing:markings": "yes",
        "highway": "crossing"
      },
      "geometry": {
        "type": "Point",
        "coordinates": [
          2.4804666,
          48.9066176
        ]
      },
      "id": "node/14136915559"
    },
    {
      "type": "Feature",
      "properties": {
        "@id": "node/14136915560",
        "@@id": "node/790504638",
        "crossing": "uncontrolled",
        "crossing:markings": "zebra",
        "highway": "crossing"
      },
      "geometry": {
        "type": "Point",
        "coordinates": [
          2.4976995,
          48.8922824
        ]
      },
      "id": "node/14136915560"
    },
    {
      "type": "Feature",
      "properties": {
        "@id": "node/14136915561",
        "@@id": "node/413588605",
        "crossing": "uncontrolled",
        "crossing:markings": "zebra",
        "highway": "crossing"
      },
      "geometry": {
        "type": "Point",
        "coordinates": [
          2.4873388,
          48.9168603
        ]
      },
      "id": "node/14136915561"
    },
    {
      "type": "Feature",
      "properties": {
        "@id": "node/14136915562",
        "@@id": "node/413588582",
        "crossing": "uncontrolled",
        "crossing:markings": "zebra",
        "highway": "crossing"
      },
      "geometry": {
        "type": "Point",
        "coordinates": [
          2.4889005,
          48.9135442
        ]
      },
      "id": "node/14136915562"
    },
    {
      "type": "Feature",
      "properties": {
        "@id": "node/14136915563",
        "@@id": "node/413587793",
        "crossing": "uncontrolled",
        "crossing:markings": "zebra",
        "highway": "crossing"
      },
      "geometry": {
        "type": "Point",
        "coordinates": [
          2.4826992,
          48.8995063
        ]
      },
      "id": "node/14136915563"
    },
    {
      "type": "Feature",
      "properties": {
        "@id": "node/14136915564",
        "@@id": "node/392271851",
        "crossing": "uncontrolled",
        "crossing:markings": "zebra",
        "highway": "crossing"
      },
      "geometry": {
        "type": "Point",
        "coordinates": [
          2.4731334,
          48.9092482
        ]
      },
      "id": "node/14136915564"
    },
    {
      "type": "Feature",
      "properties": {
        "@id": "node/14136915565",
        "@@id": "node/365019508",
        "crossing": "uncontrolled",
        "crossing:island": "no",
        "crossing:markings": "zebra",
        "highway": "crossing",
        "tactile_paving": "yes"
      },
      "geometry": {
        "type": "Point",
        "coordinates": [
          2.4757366,
          48.9140698
        ]
      },
      "id": "node/14136915565"
    },
    {
      "type": "Feature",
      "properties": {
        "@id": "node/14136915566",
        "@@id": "node/331668597",
        "crossing": "uncontrolled",
        "crossing:markings": "zebra",
        "highway": "crossing",
        "tactile_paving": "no"
      },
      "geometry": {
        "type": "Point",
        "coordinates": [
          2.4772026,
          48.9180263
        ]
      },
      "id": "node/14136915566"
    },
    {
      "type": "Feature",
      "properties": {
        "@id": "node/14136915567",
        "@@id": "node/331668459",
        "crossing": "uncontrolled",
        "crossing:island": "no",
        "crossing:markings": "zebra",
        "highway": "crossing",
        "kerb": "lowered",
        "tactile_paving": "yes"
      },
      "geometry": {
        "type": "Point",
        "coordinates": [
          2.4754421,
          48.917031
        ]
      },
      "id": "node/14136915567"
    },
    {
      "type": "Feature",
      "properties": {
        "@id": "node/14136915568",
        "@@id": "node/331668444",
        "crossing": "uncontrolled",
        "crossing:markings": "zebra",
        "highway": "crossing"
      },
      "geometry": {
        "type": "Point",
        "coordinates": [
          2.4746776,
          48.9112485
        ]
      },
      "id": "node/14136915568"
    },
    {
      "type": "Feature",
      "properties": {
        "@id": "node/14136915569",
        "@@id": "node/331367582",
        "crossing": "uncontrolled",
        "crossing:markings": "zebra",
        "highway": "crossing",
        "tactile_paving": "yes"
      },
      "geometry": {
        "type": "Point",
        "coordinates": [
          2.472625,
          48.9042554
        ]
      },
      "id": "node/14136915569"
    },
    {
      "type": "Feature",
      "properties": {
        "@id": "node/14136915570",
        "@@id": "node/291144225",
        "crossing": "uncontrolled",
        "crossing:markings": "zebra",
        "highway": "crossing"
      },
      "geometry": {
        "type": "Point",
        "coordinates": [
          2.4736415,
          48.8961465
        ]
      },
      "id": "node/14136915570"
    },
    {
      "type": "Feature",
      "properties": {
        "@id": "node/14136915571",
        "@@id": "node/291142154",
        "crossing": "uncontrolled",
        "crossing:markings": "zebra",
        "highway": "crossing"
      },
      "geometry": {
        "type": "Point",
        "coordinates": [
          2.4850586,
          48.917312
        ]
      },
      "id": "node/14136915571"
    },
    {
      "type": "Feature",
      "properties": {
        "@id": "node/14136915572",
        "@@id": "node/282944695",
        "crossing": "uncontrolled",
        "crossing:markings": "zebra",
        "highway": "crossing"
      },
      "geometry": {
        "type": "Point",
        "coordinates": [
          2.4913232,
          48.9040941
        ]
      },
      "id": "node/14136915572"
    },
    {
      "type": "Feature",
      "properties": {
        "@id": "node/14136915573",
        "@@id": "node/277003285",
        "crossing": "uncontrolled",
        "crossing:markings": "zebra",
        "highway": "crossing",
        "tactile_paving": "yes"
      },
      "geometry": {
        "type": "Point",
        "coordinates": [
          2.4778129,
          48.8954153
        ]
      },
      "id": "node/14136915573"
    },
    {
      "type": "Feature",
      "properties": {
        "@id": "node/14136915574",
        "@@id": "node/276997016",
        "crossing": "uncontrolled",
        "crossing:markings": "yes",
        "highway": "crossing"
      },
      "geometry": {
        "type": "Point",
        "coordinates": [
          2.4801416,
          48.9103321
        ]
      },
      "id": "node/14136915574"
    },
    {
      "type": "Feature",
      "properties": {
        "@id": "node/14136915575",
        "@@id": "node/276996633",
        "crossing": "uncontrolled",
        "crossing:markings": "zebra",
        "highway": "crossing",
        "kerb": "lowered",
        "tactile_paving": "yes"
      },
      "geometry": {
        "type": "Point",
        "coordinates": [
          2.4853019,
          48.9110779
        ]
      },
      "id": "node/14136915575"
    },
    {
      "type": "Feature",
      "properties": {
        "@id": "node/14136915576",
        "@@id": "node/276996187",
        "crossing": "uncontrolled",
        "crossing:markings": "zebra",
        "highway": "crossing"
      },
      "geometry": {
        "type": "Point",
        "coordinates": [
          2.4759987,
          48.9103657
        ]
      },
      "id": "node/14136915576"
    },
    {
      "type": "Feature",
      "properties": {
        "@id": "node/14136915577",
        "@@id": "node/276992660",
        "crossing": "uncontrolled",
        "crossing:markings": "zebra",
        "highway": "crossing"
      },
      "geometry": {
        "type": "Point",
        "coordinates": [
          2.4829876,
          48.9140235
        ]
      },
      "id": "node/14136915577"
    },
    {
      "type": "Feature",
      "properties": {
        "@id": "node/14136915578",
        "@@id": "node/276992659",
        "crossing": "uncontrolled",
        "crossing:markings": "zebra",
        "highway": "crossing"
      },
      "geometry": {
        "type": "Point",
        "coordinates": [
          2.4836316,
          48.9145458
        ]
      },
      "id": "node/14136915578"
    },
    {
      "type": "Feature",
      "properties": {
        "@id": "node/14136915579",
        "@@id": "node/268697061",
        "crossing": "uncontrolled",
        "crossing:markings": "zebra",
        "highway": "crossing",
        "tactile_paving": "yes"
      },
      "geometry": {
        "type": "Point",
        "coordinates": [
          2.4919741,
          48.9075906
        ]
      },
      "id": "node/14136915579"
    },
    {
      "type": "Feature",
      "properties": {
        "@id": "node/14136915580",
        "@@id": "node/254433587",
        "crossing": "uncontrolled",
        "crossing:markings": "zebra",
        "highway": "crossing"
      },
      "geometry": {
        "type": "Point",
        "coordinates": [
          2.475907,
          48.8992985
        ]
      },
      "id": "node/14136915580"
    },
    {
      "type": "Feature",
      "properties": {
        "@id": "node/14136915581",
        "@@id": "node/254433349",
        "crossing": "uncontrolled",
        "crossing:markings": "zebra",
        "highway": "crossing"
      },
      "geometry": {
        "type": "Point",
        "coordinates": [
          2.4758639,
          48.899421
        ]
      },
      "id": "node/14136915581"
    },
    {
      "type": "Feature",
      "properties": {
        "@id": "node/14136915582",
        "@@id": "node/254433239",
        "crossing": "uncontrolled",
        "crossing:markings": "zebra",
        "highway": "crossing"
      },
      "geometry": {
        "type": "Point",
        "coordinates": [
          2.4770338,
          48.8993455
        ]
      },
      "id": "node/14136915582"
    },
    {
      "type": "Feature",
      "properties": {
        "@id": "node/14136915583",
        "@@id": "node/254295307",
        "crossing": "uncontrolled",
        "crossing:markings": "zebra",
        "highway": "crossing",
        "tactile_paving": "yes"
      },
      "geometry": {
        "type": "Point",
        "coordinates": [
          2.493497,
          48.8997575
        ]
      },
      "id": "node/14136915583"
    },
    {
      "type": "Feature",
      "properties": {
        "@id": "node/14136915584",
        "@@id": "node/254294796",
        "crossing": "uncontrolled",
        "crossing:markings": "zebra",
        "highway": "crossing",
        "tactile_paving": "yes"
      },
      "geometry": {
        "type": "Point",
        "coordinates": [
          2.4802474,
          48.9034377
        ]
      },
      "id": "node/14136915584"
    },
    {
      "type": "Feature",
      "properties": {
        "@id": "node/14136915585",
        "@@id": "node/254294731",
        "crossing": "uncontrolled",
        "crossing:markings": "yes",
        "highway": "crossing"
      },
      "geometry": {
        "type": "Point",
        "coordinates": [
          2.4894663,
          48.905645
        ]
      },
      "id": "node/14136915585"
    },
    {
      "type": "Feature",
      "properties": {
        "@id": "node/14136915586",
        "@@id": "node/254292971",
        "crossing": "uncontrolled",
        "crossing:markings": "zebra",
        "highway": "crossing"
      },
      "geometry": {
        "type": "Point",
        "coordinates": [
          2.4775933,
          48.8908813
        ]
      },
      "id": "node/14136915586"
    },
    {
      "type": "Feature",
      "properties": {
        "@id": "node/14136915587",
        "@@id": "node/254292960",
        "crossing": "uncontrolled",
        "crossing:markings": "zebra",
        "highway": "crossing"
      },
      "geometry": {
        "type": "Point",
        "coordinates": [
          2.4772877,
          48.893161
        ]
      },
      "id": "node/14136915587"
    },
    {
      "type": "Feature",
      "properties": {
        "@id": "node/14136915588",
        "@@id": "node/254292902",
        "crossing": "uncontrolled",
        "crossing:markings": "zebra",
        "highway": "crossing",
        "tactile_paving": "yes"
      },
      "geometry": {
        "type": "Point",
        "coordinates": [
          2.4763223,
          48.8939252
        ]
      },
      "id": "node/14136915588"
    },
    {
      "type": "Feature",
      "properties": {
        "@id": "node/14136915589",
        "@@id": "node/254292864",
        "crossing": "uncontrolled",
        "crossing:markings": "zebra",
        "highway": "crossing",
        "tactile_paving": "yes"
      },
      "geometry": {
        "type": "Point",
        "coordinates": [
          2.4758678,
          48.8941131
        ]
      },
      "id": "node/14136915589"
    },
    {
      "type": "Feature",
      "properties": {
        "@id": "node/14136915590",
        "@@id": "node/254292858",
        "crossing": "uncontrolled",
        "crossing:island": "yes",
        "crossing:markings": "zebra",
        "highway": "crossing"
      },
      "geometry": {
        "type": "Point",
        "coordinates": [
          2.4758317,
          48.8937899
        ]
      },
      "id": "node/14136915590"
    },
    {
      "type": "Feature",
      "properties": {
        "@id": "node/14136915591",
        "@@id": "node/254292825",
        "crossing": "uncontrolled",
        "crossing:markings": "zebra",
        "highway": "crossing"
      },
      "geometry": {
        "type": "Point",
        "coordinates": [
          2.4771245,
          48.8931738
        ]
      },
      "id": "node/14136915591"
    },
    {
      "type": "Feature",
      "properties": {
        "@id": "node/14136915595",
        "@@id": "node/6958250766",
        "crossing": "uncontrolled",
        "crossing:island": "no",
        "crossing:markings": "zebra",
        "highway": "crossing",
        "tactile_paving": "yes"
      },
      "geometry": {
        "type": "Point",
        "coordinates": [
          2.4708996,
          48.9004346
        ]
      },
      "id": "node/14136915595"
    },
    {
      "type": "Feature",
      "properties": {
        "@id": "node/14136915599",
        "@@id": "node/1760851200",
        "crossing": "uncontrolled",
        "crossing:markings": "zebra",
        "highway": "crossing"
      },
      "geometry": {
        "type": "Point",
        "coordinates": [
          2.4708918,
          48.9041989
        ]
      },
      "id": "node/14136915599"
    },
    {
      "type": "Feature",
      "properties": {
        "@id": "node/14136915603",
        "@@id": "node/1760851237",
        "crossing": "uncontrolled",
        "crossing:markings": "zebra",
        "highway": "crossing"
      },
      "geometry": {
        "type": "Point",
        "coordinates": [
          2.4710073,
          48.9038672
        ]
      },
      "id": "node/14136915603"
    },
    {
      "type": "Feature",
      "properties": {
        "@id": "node/14136915604",
        "@@id": "node/12252984556",
        "crossing": "uncontrolled",
        "highway": "crossing"
      },
      "geometry": {
        "type": "Point",
        "coordinates": [
          2.4709962,
          48.9038998
        ]
      },
      "id": "node/14136915604"
    },
    {
      "type": "Feature",
      "properties": {
        "@id": "node/14136915607",
        "@@id": "node/1260774322",
        "crossing": "uncontrolled",
        "crossing:markings": "zebra",
        "highway": "crossing"
      },
      "geometry": {
        "type": "Point",
        "coordinates": [
          2.4708209,
          48.903739
        ]
      },
      "id": "node/14136915607"
    },
    {
      "type": "Feature",
      "properties": {
        "@id": "node/14136915614",
        "@@id": "node/4629553229",
        "crossing": "uncontrolled",
        "crossing:markings": "zebra",
        "highway": "crossing",
        "tactile_paving": "no"
      },
      "geometry": {
        "type": "Point",
        "coordinates": [
          2.4818937,
          48.8944488
        ]
      },
      "id": "node/14136915614"
    },
    {
      "type": "Feature",
      "properties": {
        "@id": "node/14136915626",
        "@@id": "node/4629553203",
        "crossing": "uncontrolled",
        "crossing:markings": "zebra",
        "highway": "crossing"
      },
      "geometry": {
        "type": "Point",
        "coordinates": [
          2.4853985,
          48.8936072
        ]
      },
      "id": "node/14136915626"
    },
    {
      "type": "Feature",
      "properties": {
        "@id": "node/14136915638",
        "@@id": "node/6750868306",
        "crossing": "uncontrolled",
        "crossing:markings": "zebra",
        "highway": "crossing"
      },
      "geometry": {
        "type": "Point",
        "coordinates": [
          2.4821642,
          48.8958806
        ]
      },
      "id": "node/14136915638"
    },
    {
      "type": "Feature",
      "properties": {
        "@id": "node/14136915641",
        "@@id": "node/6750653262",
        "crossing": "uncontrolled",
        "crossing:markings": "zebra;yes",
        "highway": "crossing"
      },
      "geometry": {
        "type": "Point",
        "coordinates": [
          2.4864067,
          48.8952897
        ]
      },
      "id": "node/14136915641"
    },
    {
      "type": "Feature",
      "properties": {
        "@id": "node/14136915644",
        "@@id": "node/6750643410",
        "crossing": "uncontrolled",
        "crossing:markings": "zebra",
        "highway": "crossing"
      },
      "geometry": {
        "type": "Point",
        "coordinates": [
          2.4862687,
          48.8953539
        ]
      },
      "id": "node/14136915644"
    },
    {
      "type": "Feature",
      "properties": {
        "@id": "node/14136915647",
        "@@id": "node/5417067250",
        "crossing": "uncontrolled",
        "crossing:markings": "zebra",
        "highway": "crossing"
      },
      "geometry": {
        "type": "Point",
        "coordinates": [
          2.4874523,
          48.8952491
        ]
      },
      "id": "node/14136915647"
    },
    {
      "type": "Feature",
      "properties": {
        "@id": "node/14136915653",
        "@@id": "node/4011926314",
        "crossing": "uncontrolled",
        "crossing:markings": "zebra",
        "highway": "crossing",
        "source": "Bing",
        "supervised": "no"
      },
      "geometry": {
        "type": "Point",
        "coordinates": [
          2.4876874,
          48.894603
        ]
      },
      "id": "node/14136915653"
    },
    {
      "type": "Feature",
      "properties": {
        "@id": "node/14136915656",
        "@@id": "node/4011926319",
        "crossing": "uncontrolled",
        "crossing:markings": "zebra",
        "highway": "crossing",
        "source": "Bing",
        "supervised": "no"
      },
      "geometry": {
        "type": "Point",
        "coordinates": [
          2.4883561,
          48.8946596
        ]
      },
      "id": "node/14136915656"
    },
    {
      "type": "Feature",
      "properties": {
        "@id": "node/14136915665",
        "@@id": "node/2830954895",
        "crossing": "uncontrolled",
        "crossing:markings": "zebra",
        "highway": "crossing"
      },
      "geometry": {
        "type": "Point",
        "coordinates": [
          2.4780347,
          48.895113
        ]
      },
      "id": "node/14136915665"
    },
    {
      "type": "Feature",
      "properties": {
        "@id": "node/14136915668",
        "@@id": "node/1245401463",
        "crossing": "uncontrolled",
        "crossing:markings": "zebra",
        "highway": "crossing",
        "tactile_paving": "yes"
      },
      "geometry": {
        "type": "Point",
        "coordinates": [
          2.4779576,
          48.8952684
        ]
      },
      "id": "node/14136915668"
    },
    {
      "type": "Feature",
      "properties": {
        "@id": "node/14136915672",
        "@@id": "node/5417095929",
        "crossing": "uncontrolled",
        "crossing:markings": "yes",
        "highway": "crossing"
      },
      "geometry": {
        "type": "Point",
        "coordinates": [
          2.4790598,
          48.8949586
        ]
      },
      "id": "node/14136915672"
    },
    {
      "type": "Feature",
      "properties": {
        "@id": "node/14136915675",
        "@@id": "node/6750702263",
        "crossing": "uncontrolled",
        "crossing:markings": "zebra",
        "highway": "crossing"
      },
      "geometry": {
        "type": "Point",
        "coordinates": [
          2.4803081,
          48.8947981
        ]
      },
      "id": "node/14136915675"
    },
    {
      "type": "Feature",
      "properties": {
        "@id": "node/14136915679",
        "@@id": "node/2830954893",
        "crossing": "uncontrolled",
        "crossing:markings": "zebra",
        "highway": "crossing"
      },
      "geometry": {
        "type": "Point",
        "coordinates": [
          2.4791491,
          48.8948346
        ]
      },
      "id": "node/14136915679"
    },
    {
      "type": "Feature",
      "properties": {
        "@id": "node/14136915683",
        "@@id": "node/5924043718",
        "crossing": "uncontrolled",
        "crossing:markings": "zebra",
        "highway": "crossing",
        "kerb": "lowered"
      },
      "geometry": {
        "type": "Point",
        "coordinates": [
          2.4920441,
          48.916078
        ]
      },
      "id": "node/14136915683"
    },
    {
      "type": "Feature",
      "properties": {
        "@id": "node/14136915685",
        "@@id": "node/5924043717",
        "crossing": "uncontrolled",
        "crossing:markings": "zebra",
        "highway": "crossing",
        "kerb": "lowered"
      },
      "geometry": {
        "type": "Point",
        "coordinates": [
          2.4920613,
          48.915994
        ]
      },
      "id": "node/14136915685"
    }
  ]
}