{
  "type": "FeatureCollection",
  "generator": "overpass-turbo",
  "copyright": "The data included in this document is from www.openstreetmap.org. The data is made available under ODbL.",
  "timestamp": "2026-09-02T05:53:51Z",
  "features": [
    {
      "type": "Feature",
      "properties": {
        "@id": "relation/5987105",
        "area": "yes",
        "footway": "sidewalk",
        "highway": "footway",
        "surface": "concrete",
        "type": "multipolygon"
      },
      "geometry": {
        "type": "Polygon",
        "coordinates": [
          [
            [
              2.4889831,
              48.8940277
            ],
            [
              2.4892724,
              48.8939835
            ],
            [
              2.4893227,
              48.8941267
            ],
            [
              2.4893315,
              48.8941519
            ],
            [
              2.4890422,
              48.8941961
            ],
            [
              2.4890146,
              48.8941175
            ],
            [
              2.48901,
              48.8941043
            ],
            [
              2.4889831,
              48.8940277
            ]
          ],
          [
            [
              2.4891907,
              48.8940886
            ],
            [
              2.4891846,
              48.8940833
            ],
            [
              2.4891734,
              48.8940793
            ],
            [
              2.4891608,
              48.8940786
            ],
            [
              2.4891487,
              48.8940813
            ],
            [
              2.4891395,
              48.8940871
            ],
            [
              2.4891346,
              48.8940948
            ],
            [
              2.4891346,
              48.8940959
            ],
            [
              2.4891365,
              48.8940986
            ],
            [
              2.4891462,
              48.8941041
            ],
            [
              2.4891584,
              48.8941065
            ],
            [
              2.489171,
              48.8941054
            ],
            [
              2.4891819,
              48.894101
            ],
            [
              2.4891891,
              48.8940941
            ],
            [
              2.4891907,
              48.8940886
            ]
          ],
          [
            [
              2.4891176,
              48.8941085
            ],
            [
              2.4891223,
              48.894115
            ],
            [
              2.4891395,
              48.8941247
            ],
            [
              2.4891612,
              48.894129
            ],
            [
              2.4891837,
              48.8941271
            ],
            [
              2.4892031,
              48.8941194
            ],
            [
              2.4892161,
              48.8941071
            ],
            [
              2.4892203,
              48.8940924
            ],
            [
              2.4892197,
              48.8940908
            ],
            [
              2.4892131,
              48.8940919
            ],
            [
              2.4892133,
              48.8940925
            ],
            [
              2.4892096,
              48.8941053
            ],
            [
              2.4891984,
              48.894116
            ],
            [
              2.4891814,
              48.8941228
            ],
            [
              2.4891618,
              48.8941245
            ],
            [
              2.4891428,
              48.8941207
            ],
            [
              2.4891278,
              48.8941122
            ],
            [
              2.4891243,
              48.8941073
            ],
            [
              2.4891176,
              48.8941085
            ]
          ],
          [
            [
              2.4892149,
              48.8940777
            ],
            [
              2.4892013,
              48.8940659
            ],
            [
              2.4891814,
              48.8940587
            ],
            [
              2.4891588,
              48.8940575
            ],
            [
              2.4891374,
              48.8940624
            ],
            [
              2.4891208,
              48.8940727
            ],
            [
              2.4891121,
              48.8940865
            ],
            [
              2.4891124,
              48.8940955
            ],
            [
              2.4891192,
              48.8940943
            ],
            [
              2.4891189,
              48.8940873
            ],
            [
              2.4891266,
              48.8940753
            ],
            [
              2.489141,
              48.8940663
            ],
            [
              2.4891597,
              48.894062
            ],
            [
              2.4891794,
              48.8940631
            ],
            [
              2.4891968,
              48.8940694
            ],
            [
              2.4892078,
              48.8940789
            ],
            [
              2.4892149,
              48.8940777
            ]
          ],
          [
            [
              2.4890464,
              48.8941221
            ],
            [
              2.489066,
              48.8941777
            ],
            [
              2.4893043,
              48.8941413
            ],
            [
              2.489255,
              48.8940008
            ],
            [
              2.4890166,
              48.8940372
            ],
            [
              2.4890401,
              48.8941039
            ],
            [
              2.4890467,
              48.8941029
            ],
            [
              2.4890248,
              48.8940406
            ],
            [
              2.4892498,
              48.8940062
            ],
            [
              2.4892961,
              48.894138
            ],
            [
              2.4890711,
              48.8941723
            ],
            [
              2.4890531,
              48.8941211
            ],
            [
              2.4890464,
              48.8941221
            ]
          ]
        ]
      },
      "id": "relation/5987105"
    },
    {
      "type": "Feature",
      "properties": {
        "@id": "way/1552497981",
        "highway": "footway",
        "landuse": "grass"
      },
      "geometry": {
        "type": "Polygon",
        "coordinates": [
          [
            [
              2.4773265,
              48.9092886
            ],
            [
              2.4773268,
              48.9092853
            ],
            [
              2.4773414,
              48.9091341
            ],
            [
              2.4773439,
              48.9091269
            ],
            [
              2.4773494,
              48.9091204
            ],
            [
              2.4773577,
              48.9091155
            ],
            [
              2.4773679,
              48.9091123
            ],
            [
              2.4773789,
              48.9091113
            ],
            [
              2.4774698,
              48.9091126
            ],
            [
              2.4775767,
              48.9091215
            ],
            [
              2.4775877,
              48.9091233
            ],
            [
              2.4775973,
              48.9091272
            ],
            [
              2.4776045,
              48.909133
            ],
            [
              2.477609,
              48.9091398
            ],
            [
              2.4776099,
              48.9091473
            ],
            [
              2.4775946,
              48.9092876
            ],
            [
              2.4775933,
              48.9092992
            ],
            [
              2.4775908,
              48.9093066
            ],
            [
              2.477585,
              48.9093131
            ],
            [
              2.4775763,
              48.909318
            ],
            [
              2.4775659,
              48.909321
            ],
            [
              2.4775546,
              48.9093218
            ],
            [
              2.477361,
              48.9093143
            ],
            [
              2.477359,
              48.9093141
            ],
            [
              2.4773498,
              48.9093127
            ],
            [
              2.4773398,
              48.9093089
            ],
            [
              2.4773322,
              48.9093032
            ],
            [
              2.4773276,
              48.9092962
            ],
            [
              2.4773265,
              48.9092886
            ]
          ]
        ]
      },
      "id": "way/1552497981"
    },
    {
      "type": "Feature",
      "properties": {
        "@id": "way/1554195464",
        "boundary": "administrative",
        "code_iris": "930100304",
        "dep": "93",
        "highway": "footway",
        "id": "IRIS____0000000930100304",
        "insee_com": "93010",
        "iris": "0304",
        "nom_com": "Bondy",
        "nom_iris": "Le Saule Blanc",
        "typ_iris": "H"
      },
      "geometry": {
        "type": "Polygon",
        "coordinates": [
          [
            [
              2.4864228,
              48.8953345
            ],
            [
              2.4889194,
              48.8949953
            ],
            [
              2.4897513,
              48.8966752
            ],
            [
              2.4899573,
              48.8966725
            ],
            [
              2.4899814,
              48.8967166
            ],
            [
              2.4904094,
              48.898143
            ],
            [
              2.4886481,
              48.8983153
            ],
            [
              2.4874186,
              48.8985106
            ],
            [
              2.4839787,
              48.8990462
            ],
            [
              2.4823376,
              48.8959059
            ],
            [
              2.4864228,
              48.8953345
            ]
          ]
        ]
      },
      "id": "way/1554195464"
    },
    {
      "type": "Feature",
      "properties": {
        "@id": "way/23481437",
        "highway": "footway",
        "name": "Rue Jean Monnet"
      },
      "geometry": {
        "type": "LineString",
        "coordinates": [
          [
            2.4880212,
            48.8899961
          ],
          [
            2.4877817,
            48.8896367
          ]
        ]
      },
      "id": "way/23481437"
    },
    {
      "type": "Feature",
      "properties": {
        "@id": "way/25416169",
        "bicycle": "yes",
        "bridge": "yes",
        "foot": "yes",
        "highway": "footway",
        "horse": "no",
        "layer": "1",
        "name": "Passerelle des Écoles",
        "source": "survey",
        "surface": "asphalt"
      },
      "geometry": {
        "type": "LineString",
        "coordinates": [
          [
            2.4867227,
            48.9087951
          ],
          [
            2.4868652,
            48.9084744
          ],
          [
            2.4869261,
            48.9083571
          ],
          [
            2.486953,
            48.9082996
          ]
        ]
      },
      "id": "way/25416169"
    },
    {
      "type": "Feature",
      "properties": {
        "@id": "way/26270092",
        "alt_name": "ruelle ste barbe",
        "highway": "footway",
        "name": "Ruelle Sainte-Barbe"
      },
      "geometry": {
        "type": "LineString",
        "coordinates": [
          [
            2.4760488,
            48.9032944
          ],
          [
            2.4768495,
            48.9031301
          ],
          [
            2.4768923,
            48.9030965
          ]
        ]
      },
      "id": "way/26270092"
    },
    {
      "type": "Feature",
      "properties": {
        "@id": "way/32468349",
        "bicycle": "designated",
        "foot": "designated",
        "highway": "footway",
        "name": "Passage des Deux-Villes",
        "segregated": "no",
        "surface": "asphalt"
      },
      "geometry": {
        "type": "LineString",
        "coordinates": [
          [
            2.4757366,
            48.9140698
          ],
          [
            2.4765627,
            48.9140438
          ],
          [
            2.4769444,
            48.9140009
          ]
        ]
      },
      "id": "way/32468349"
    },
    {
      "type": "Feature",
      "properties": {
        "@id": "way/35284593",
        "highway": "footway",
        "name": "Place de la République"
      },
      "geometry": {
        "type": "LineString",
        "coordinates": [
          [
            2.4776992,
            48.895019
          ],
          [
            2.4777322,
            48.8949841
          ],
          [
            2.4778499,
            48.8948924
          ],
          [
            2.4779032,
            48.8948546
          ],
          [
            2.4779898,
            48.8947933
          ],
          [
            2.4781309,
            48.8947532
          ],
          [
            2.4788456,
            48.894659
          ],
          [
            2.4789708,
            48.8946431
          ],
          [
            2.4789981,
            48.8946389
          ]
        ]
      },
      "id": "way/35284593"
    },
    {
      "type": "Feature",
      "properties": {
        "@id": "way/35284722",
        "bridge": "yes",
        "highway": "footway",
        "layer": "1",
        "wheelchair": "yes"
      },
      "geometry": {
        "type": "LineString",
        "coordinates": [
          [
            2.4766344,
            48.9056384
          ],
          [
            2.4764631,
            48.905619
          ],
          [
            2.4766601,
            48.9050685
          ],
          [
            2.4768367,
            48.9051082
          ]
        ]
      },
      "id": "way/35284722"
    },
    {
      "type": "Feature",
      "properties": {
        "@id": "way/35284737",
        "foot": "yes",
        "highway": "footway",
        "surface": "asphalt"
      },
      "geometry": {
        "type": "LineString",
        "coordinates": [
          [
            2.4766344,
            48.9056384
          ],
          [
            2.4766457,
            48.9056068
          ]
        ]
      },
      "id": "way/35284737"
    },
    {
      "type": "Feature",
      "properties": {
        "@id": "way/35284738",
        "foot": "yes",
        "highway": "footway"
      },
      "geometry": {
        "type": "LineString",
        "coordinates": [
          [
            2.4768367,
            48.9051082
          ],
          [
            2.4768187,
            48.9051411
          ],
          [
            2.4768949,
            48.9051544
          ],
          [
            2.4769062,
            48.9051272
          ],
          [
            2.4769877,
            48.9051315
          ]
        ]
      },
      "id": "way/35284738"
    },
    {
      "type": "Feature",
      "properties": {
        "@id": "way/35284751",
        "foot": "permissive",
        "highway": "footway"
      },
      "geometry": {
        "type": "LineString",
        "coordinates": [
          [
            2.4873787,
            48.9168213
          ],
          [
            2.4873974,
            48.9167919
          ],
          [
            2.4873969,
            48.9167017
          ],
          [
            2.4876632,
            48.916485
          ],
          [
            2.4877525,
            48.9163587
          ],
          [
            2.4877647,
            48.9163363
          ],
          [
            2.4879052,
            48.9160792
          ],
          [
            2.4880537,
            48.915811
          ],
          [
            2.4881767,
            48.9156842
          ],
          [
            2.4887074,
            48.9155778
          ],
          [
            2.4891155,
            48.9154556
          ],
          [
            2.4893438,
            48.9153505
          ],
          [
            2.4894529,
            48.9153145
          ],
          [
            2.4895635,
            48.915308
          ],
          [
            2.4896903,
            48.9153205
          ],
          [
            2.4898403,
            48.915305
          ],
          [
            2.4902695,
            48.9151827
          ],
          [
            2.490758,
            48.9150746
          ],
          [
            2.4910595,
            48.9149703
          ],
          [
            2.4912447,
            48.9148653
          ],
          [
            2.4913092,
            48.9147927
          ],
          [
            2.4913358,
            48.9146968
          ],
          [
            2.4912948,
            48.914605
          ],
          [
            2.490977,
            48.9143762
          ],
          [
            2.4907615,
            48.9142635
          ],
          [
            2.4904651,
            48.9141315
          ],
          [
            2.4894553,
            48.9137553
          ],
          [
            2.4888647,
            48.9136408
          ],
          [
            2.4888034,
            48.9137217
          ],
          [
            2.4887315,
            48.9139332
          ],
          [
            2.4885662,
            48.9143782
          ],
          [
            2.4880359,
            48.9148361
          ],
          [
            2.4879134,
            48.9151136
          ],
          [
            2.4878559,
            48.9151958
          ],
          [
            2.4874349,
            48.9154865
          ],
          [
            2.4873748,
            48.91556
          ],
          [
            2.4873133,
            48.9156554
          ],
          [
            2.4873153,
            48.9157174
          ],
          [
            2.4873319,
            48.9158033
          ],
          [
            2.4873715,
            48.9159445
          ],
          [
            2.4874507,
            48.9161689
          ],
          [
            2.4875299,
            48.916272
          ]
        ]
      },
      "id": "way/35284751"
    },
    {
      "type": "Feature",
      "properties": {
        "@id": "way/35284752",
        "foot": "permissive",
        "highway": "footway"
      },
      "geometry": {
        "type": "LineString",
        "coordinates": [
          [
            2.4913225,
            48.9139532
          ],
          [
            2.4911785,
            48.9141826
          ],
          [
            2.4910731,
            48.9143043
          ],
          [
            2.490977,
            48.9143762
          ],
          [
            2.4905506,
            48.9144881
          ],
          [
            2.4897538,
            48.914716
          ],
          [
            2.4891059,
            48.9148888
          ],
          [
            2.4882582,
            48.9150463
          ],
          [
            2.4879134,
            48.9151136
          ]
        ]
      },
      "id": "way/35284752"
    },
    {
      "type": "Feature",
      "properties": {
        "@id": "way/35284753",
        "foot": "permissive",
        "highway": "footway"
      },
      "geometry": {
        "type": "LineString",
        "coordinates": [
          [
            2.4875299,
            48.916272
          ],
          [
            2.4875824,
            48.9161642
          ],
          [
            2.4877831,
            48.9157518
          ],
          [
            2.4878415,
            48.9156039
          ],
          [
            2.4880675,
            48.9153175
          ],
          [
            2.4882582,
            48.9150463
          ],
          [
            2.4885662,
            48.9143782
          ]
        ]
      },
      "id": "way/35284753"
    },
    {
      "type": "Feature",
      "properties": {
        "@id": "way/35284754",
        "foot": "permissive",
        "highway": "footway"
      },
      "geometry": {
        "type": "LineString",
        "coordinates": [
          [
            2.4881767,
            48.9156842
          ],
          [
            2.4878373,
            48.9157495
          ],
          [
            2.4877831,
            48.9157518
          ],
          [
            2.4873133,
            48.9156554
          ],
          [
            2.4870482,
            48.9155908
          ],
          [
            2.486584,
            48.9154092
          ],
          [
            2.4879134,
            48.9151136
          ]
        ]
      },
      "id": "way/35284754"
    },
    {
      "type": "Feature",
      "properties": {
        "@id": "way/35284760",
        "foot": "permissive",
        "highway": "footway"
      },
      "geometry": {
        "type": "LineString",
        "coordinates": [
          [
            2.4888647,
            48.9136408
          ],
          [
            2.4889005,
            48.9135442
          ]
        ]
      },
      "id": "way/35284760"
    },
    {
      "type": "Feature",
      "properties": {
        "@id": "way/35284761",
        "highway": "footway"
      },
      "geometry": {
        "type": "LineString",
        "coordinates": [
          [
            2.4842714,
            48.9160084
          ],
          [
            2.4843363,
            48.9159847
          ],
          [
            2.4851908,
            48.9157638
          ],
          [
            2.4864864,
            48.915429
          ]
        ]
      },
      "id": "way/35284761"
    },
    {
      "type": "Feature",
      "properties": {
        "@id": "way/35284762",
        "foot": "permissive",
        "highway": "footway"
      },
      "geometry": {
        "type": "LineString",
        "coordinates": [
          [
            2.4864864,
            48.915429
          ],
          [
            2.486584,
            48.9154092
          ]
        ]
      },
      "id": "way/35284762"
    },
    {
      "type": "Feature",
      "properties": {
        "@id": "way/35537116",
        "footway": "sidewalk",
        "highway": "footway"
      },
      "geometry": {
        "type": "LineString",
        "coordinates": [
          [
            2.4855673,
            48.8935379
          ],
          [
            2.4853834,
            48.8935709
          ],
          [
            2.4853243,
            48.8935814
          ],
          [
            2.4848823,
            48.8936607
          ],
          [
            2.4846647,
            48.8936997
          ],
          [
            2.4844739,
            48.8937468
          ]
        ]
      },
      "id": "way/35537116"
    },
    {
      "type": "Feature",
      "properties": {
        "@id": "way/35549695",
        "access": "restricted",
        "foot": "yes",
        "highway": "footway"
      },
      "geometry": {
        "type": "LineString",
        "coordinates": [
          [
            2.4772659,
            48.8939692
          ],
          [
            2.4772655,
            48.8940109
          ],
          [
            2.4773407,
            48.89401
          ],
          [
            2.4773463,
            48.8940231
          ]
        ]
      },
      "id": "way/35549695"
    },
    {
      "type": "Feature",
      "properties": {
        "@id": "way/45269967",
        "access": "permissive",
        "bicycle": "yes",
        "highway": "footway",
        "surface": "gravel"
      },
      "geometry": {
        "type": "LineString",
        "coordinates": [
          [
            2.4857001,
            48.9002984
          ],
          [
            2.4855772,
            48.9002588
          ],
          [
            2.4854968,
            48.9002554
          ],
          [
            2.4854591,
            48.9002398
          ],
          [
            2.4854082,
            48.9001076
          ]
        ]
      },
      "id": "way/45269967"
    },
    {
      "type": "Feature",
      "properties": {
        "@id": "way/45269984",
        "bicycle": "yes",
        "highway": "footway",
        "name": "Quai Hubertine Auclert",
        "surface": "compacted"
      },
      "geometry": {
        "type": "LineString",
        "coordinates": [
          [
            2.4911858,
            48.9095986
          ],
          [
            2.4907018,
            48.9095007
          ],
          [
            2.4905952,
            48.9094755
          ],
          [
            2.490416,
            48.9094385
          ],
          [
            2.4898486,
            48.9093203
          ],
          [
            2.4892833,
            48.909183
          ],
          [
            2.4868731,
            48.9086862
          ],
          [
            2.4868359,
            48.9086712
          ],
          [
            2.4868243,
            48.9086665
          ],
          [
            2.4868132,
            48.9086645
          ],
          [
            2.4867601,
            48.9086552
          ],
          [
            2.4867237,
            48.9086488
          ],
          [
            2.4866534,
            48.9086503
          ],
          [
            2.4812822,
            48.9075627
          ],
          [
            2.4810324,
            48.9075491
          ],
          [
            2.4804968,
            48.9074513
          ],
          [
            2.4803926,
            48.9074569
          ],
          [
            2.480346,
            48.9074953
          ]
        ]
      },
      "id": "way/45269984"
    },
    {
      "type": "Feature",
      "properties": {
        "@id": "way/45272167",
        "highway": "footway",
        "name": "Square du 8 Mai 1945"
      },
      "geometry": {
        "type": "LineString",
        "coordinates": [
          [
            2.4821524,
            48.9012679
          ],
          [
            2.4821209,
            48.9012747
          ],
          [
            2.4821078,
            48.9012775
          ],
          [
            2.480849,
            48.9015434
          ],
          [
            2.4801058,
            48.9017004
          ],
          [
            2.4799979,
            48.9016741
          ]
        ]
      },
      "id": "way/45272167"
    },
    {
      "type": "Feature",
      "properties": {
        "@id": "way/45272168",
        "highway": "footway"
      },
      "geometry": {
        "type": "LineString",
        "coordinates": [
          [
            2.480836,
            48.9027561
          ],
          [
            2.4809542,
            48.9027285
          ],
          [
            2.4810168,
            48.9027138
          ],
          [
            2.4812735,
            48.9024773
          ],
          [
            2.4813732,
            48.9023855
          ],
          [
            2.481449,
            48.9022833
          ],
          [
            2.4815218,
            48.902185
          ],
          [
            2.4813826,
            48.9019058
          ],
          [
            2.482255,
            48.9017234
          ]
        ]
      },
      "id": "way/45272168"
    },
    {
      "type": "Feature",
      "properties": {
        "@id": "way/45272175",
        "highway": "footway",
        "name": "Place de la Division Leclerc",
        "surface": "asphalt"
      },
      "geometry": {
        "type": "LineString",
        "coordinates": [
          [
            2.4804768,
            48.9028269
          ],
          [
            2.4805018,
            48.902822
          ],
          [
            2.480836,
            48.9027561
          ],
          [
            2.4809643,
            48.9028323
          ],
          [
            2.4810591,
            48.9029453
          ],
          [
            2.4810776,
            48.9029673
          ]
        ]
      },
      "id": "way/45272175"
    },
    {
      "type": "Feature",
      "properties": {
        "@id": "way/51353022",
        "bicycle": "designated",
        "foot": "designated",
        "highway": "footway",
        "layer": "-1",
        "name": "Passage des Deux-Villes",
        "tunnel": "yes"
      },
      "geometry": {
        "type": "LineString",
        "coordinates": [
          [
            2.4769444,
            48.9140009
          ],
          [
            2.4774513,
            48.9139327
          ]
        ]
      },
      "id": "way/51353022"
    },
    {
      "type": "Feature",
      "properties": {
        "@id": "way/51353023",
        "bicycle": "designated",
        "foot": "designated",
        "highway": "footway",
        "name": "Passage des Deux-Villes"
      },
      "geometry": {
        "type": "LineString",
        "coordinates": [
          [
            2.4774513,
            48.9139327
          ],
          [
            2.4775082,
            48.9139287
          ],
          [
            2.4775339,
            48.9139312
          ],
          [
            2.4775618,
            48.913934
          ],
          [
            2.4776369,
            48.9139543
          ],
          [
            2.4777147,
            48.9139569
          ],
          [
            2.4777898,
            48.9139508
          ],
          [
            2.4778743,
            48.9139243
          ],
          [
            2.4779387,
            48.9138864
          ],
          [
            2.4779816,
            48.9138529
          ],
          [
            2.4780487,
            48.9138168
          ],
          [
            2.4781036,
            48.9137957
          ],
          [
            2.4782015,
            48.913786
          ],
          [
            2.4783464,
            48.9137675
          ],
          [
            2.4785739,
            48.9137341
          ],
          [
            2.4786287,
            48.913726
          ]
        ]
      },
      "id": "way/51353023"
    },
    {
      "type": "Feature",
      "properties": {
        "@id": "way/52755101",
        "bicycle": "yes",
        "highway": "footway",
        "surface": "concrete"
      },
      "geometry": {
        "type": "LineString",
        "coordinates": [
          [
            2.4869167,
            48.9084382
          ],
          [
            2.4869501,
            48.908361
          ],
          [
            2.4869783,
            48.9083051
          ],
          [
            2.486953,
            48.9082996
          ],
          [
            2.4869288,
            48.9082952
          ],
          [
            2.4868637,
            48.9084308
          ]
        ]
      },
      "id": "way/52755101"
    },
    {
      "type": "Feature",
      "properties": {
        "@id": "way/59307202",
        "highway": "footway"
      },
      "geometry": {
        "type": "LineString",
        "coordinates": [
          [
            2.4799362,
            48.8936183
          ],
          [
            2.479946,
            48.8936509
          ],
          [
            2.4799506,
            48.8936655
          ]
        ]
      },
      "id": "way/59307202"
    },
    {
      "type": "Feature",
      "properties": {
        "@id": "way/59307209",
        "highway": "footway",
        "indoor": "yes",
        "layer": "-1",
        "level": "-1",
        "tunnel": "yes"
      },
      "geometry": {
        "type": "LineString",
        "coordinates": [
          [
            2.4796033,
            48.8937489
          ],
          [
            2.4796562,
            48.8937418
          ],
          [
            2.47966,
            48.8937551
          ],
          [
            2.4796832,
            48.8938366
          ],
          [
            2.47972,
            48.8939596
          ],
          [
            2.4797582,
            48.8940777
          ],
          [
            2.4797375,
            48.8940807
          ],
          [
            2.4797063,
            48.8940846
          ]
        ]
      },
      "id": "way/59307209"
    },
    {
      "type": "Feature",
      "properties": {
        "@id": "way/59307252",
        "access": "restricted",
        "bridge": "yes",
        "foot": "yes",
        "highway": "footway",
        "layer": "1"
      },
      "geometry": {
        "type": "LineString",
        "coordinates": [
          [
            2.4773155,
            48.8940617
          ],
          [
            2.4774764,
            48.8945273
          ]
        ]
      },
      "id": "way/59307252"
    },
    {
      "type": "Feature",
      "properties": {
        "@id": "way/59307254",
        "crossing": "uncontrolled",
        "crossing:markings": "yes",
        "footway": "crossing",
        "highway": "footway"
      },
      "geometry": {
        "type": "LineString",
        "coordinates": [
          [
            2.479036,
            48.8945025
          ],
          [
            2.4790322,
            48.8944875
          ],
          [
            2.4790248,
            48.8944607
          ]
        ]
      },
      "id": "way/59307254"
    },
    {
      "type": "Feature",
      "properties": {
        "@id": "way/64122046",
        "highway": "footway",
        "name": "Allée Louise Weiss"
      },
      "geometry": {
        "type": "LineString",
        "coordinates": [
          [
            2.4899181,
            48.8948568
          ],
          [
            2.4899042,
            48.8948113
          ],
          [
            2.4898625,
            48.8946752
          ],
          [
            2.4898817,
            48.8946228
          ],
          [
            2.4898,
            48.894405
          ]
        ]
      },
      "id": "way/64122046"
    },
    {
      "type": "Feature",
      "properties": {
        "@id": "way/64122050",
        "bicycle": "yes",
        "highway": "footway"
      },
      "geometry": {
        "type": "LineString",
        "coordinates": [
          [
            2.4868778,
            48.8933138
          ],
          [
            2.4869191,
            48.8934033
          ]
        ]
      },
      "id": "way/64122050"
    },
    {
      "type": "Feature",
      "properties": {
        "@id": "way/76914218",
        "bicycle": "yes",
        "highway": "footway",
        "surface": "asphalt"
      },
      "geometry": {
        "type": "LineString",
        "coordinates": [
          [
            2.4857719,
            48.9081121
          ],
          [
            2.4858813,
            48.907861
          ]
        ]
      },
      "id": "way/76914218"
    },
    {
      "type": "Feature",
      "properties": {
        "@id": "way/96467500",
        "access": "private",
        "highway": "footway"
      },
      "geometry": {
        "type": "LineString",
        "coordinates": [
          [
            2.4813783,
            48.8966181
          ],
          [
            2.481389,
            48.8966378
          ],
          [
            2.4814398,
            48.8967308
          ],
          [
            2.4814765,
            48.8967979
          ],
          [
            2.4815196,
            48.8968767
          ],
          [
            2.481558,
            48.896947
          ],
          [
            2.4815754,
            48.8969734
          ],
          [
            2.4816089,
            48.8969946
          ],
          [
            2.4816452,
            48.8970069
          ],
          [
            2.4816827,
            48.8970061
          ],
          [
            2.4817337,
            48.8969972
          ],
          [
            2.4817466,
            48.8970175
          ]
        ]
      },
      "id": "way/96467500"
    },
    {
      "type": "Feature",
      "properties": {
        "@id": "way/96468062",
        "access": "private",
        "highway": "footway"
      },
      "geometry": {
        "type": "LineString",
        "coordinates": [
          [
            2.4815196,
            48.8968767
          ],
          [
            2.4816396,
            48.8968474
          ]
        ]
      },
      "id": "way/96468062"
    },
    {
      "type": "Feature",
      "properties": {
        "@id": "way/96468063",
        "access": "private",
        "highway": "footway"
      },
      "geometry": {
        "type": "LineString",
        "coordinates": [
          [
            2.4818565,
            48.8967972
          ],
          [
            2.4819711,
            48.896771
          ]
        ]
      },
      "id": "way/96468063"
    },
    {
      "type": "Feature",
      "properties": {
        "@id": "way/96468064",
        "access": "private",
        "highway": "footway"
      },
      "geometry": {
        "type": "LineString",
        "coordinates": [
          [
            2.4815033,
            48.89661
          ],
          [
            2.481389,
            48.8966378
          ]
        ]
      },
      "id": "way/96468064"
    },
    {
      "type": "Feature",
      "properties": {
        "@id": "way/96468068",
        "access": "private",
        "highway": "footway"
      },
      "geometry": {
        "type": "LineString",
        "coordinates": [
          [
            2.4814398,
            48.8967308
          ],
          [
            2.4814614,
            48.8967257
          ],
          [
            2.4814869,
            48.8967266
          ],
          [
            2.4815097,
            48.8967345
          ],
          [
            2.4815245,
            48.896746
          ],
          [
            2.4815285,
            48.8967627
          ],
          [
            2.4815204,
            48.8967786
          ],
          [
            2.4814976,
            48.8967918
          ],
          [
            2.4814765,
            48.8967979
          ]
        ]
      },
      "id": "way/96468068"
    },
    {
      "type": "Feature",
      "properties": {
        "@id": "way/96468069",
        "access": "private",
        "highway": "footway"
      },
      "geometry": {
        "type": "LineString",
        "coordinates": [
          [
            2.4817337,
            48.8969972
          ],
          [
            2.4819107,
            48.8969549
          ]
        ]
      },
      "id": "way/96468069"
    },
    {
      "type": "Feature",
      "properties": {
        "@id": "way/96468072",
        "access": "private",
        "highway": "footway"
      },
      "geometry": {
        "type": "LineString",
        "coordinates": [
          [
            2.481922,
            48.8969744
          ],
          [
            2.4819107,
            48.8969549
          ],
          [
            2.4819617,
            48.8969382
          ],
          [
            2.4819925,
            48.896917
          ],
          [
            2.4820113,
            48.8968941
          ],
          [
            2.4820153,
            48.8968676
          ],
          [
            2.4820099,
            48.8968394
          ],
          [
            2.4819711,
            48.896771
          ],
          [
            2.4818235,
            48.8965106
          ]
        ]
      },
      "id": "way/96468072"
    },
    {
      "type": "Feature",
      "properties": {
        "@id": "way/101973916",
        "highway": "footway",
        "indoor": "yes",
        "layer": "-1",
        "level": "-1",
        "tunnel": "yes"
      },
      "geometry": {
        "type": "LineString",
        "coordinates": [
          [
            2.47972,
            48.8939596
          ],
          [
            2.4797536,
            48.8939546
          ],
          [
            2.479768,
            48.8939525
          ]
        ]
      },
      "id": "way/101973916"
    },
    {
      "type": "Feature",
      "properties": {
        "@id": "way/101974001",
        "foot": "yes",
        "highway": "footway"
      },
      "geometry": {
        "type": "LineString",
        "coordinates": [
          [
            2.4789541,
            48.8938284
          ],
          [
            2.4789763,
            48.8938248
          ],
          [
            2.4789584,
            48.8937589
          ]
        ]
      },
      "id": "way/101974001"
    },
    {
      "type": "Feature",
      "properties": {
        "@id": "way/101987608",
        "highway": "footway",
        "indoor": "yes",
        "layer": "-1",
        "level": "-1",
        "tunnel": "yes"
      },
      "geometry": {
        "type": "LineString",
        "coordinates": [
          [
            2.4796832,
            48.8938366
          ],
          [
            2.4796658,
            48.8938389
          ],
          [
            2.4796352,
            48.893843
          ]
        ]
      },
      "id": "way/101987608"
    },
    {
      "type": "Feature",
      "properties": {
        "@id": "way/101987609",
        "highway": "footway",
        "indoor": "yes",
        "layer": "-1",
        "level": "-1",
        "tunnel": "yes"
      },
      "geometry": {
        "type": "LineString",
        "coordinates": [
          [
            2.47972,
            48.8939596
          ],
          [
            2.4797024,
            48.8939622
          ],
          [
            2.4796768,
            48.893966
          ]
        ]
      },
      "id": "way/101987609"
    },
    {
      "type": "Feature",
      "properties": {
        "@id": "way/102315888",
        "highway": "footway",
        "indoor": "yes",
        "layer": "-1",
        "level": "-1"
      },
      "geometry": {
        "type": "LineString",
        "coordinates": [
          [
            2.4789432,
            48.8942
          ],
          [
            2.4789621,
            48.8941975
          ]
        ]
      },
      "id": "way/102315888"
    },
    {
      "type": "Feature",
      "properties": {
        "@id": "way/102315895",
        "foot": "yes",
        "highway": "footway",
        "indoor": "yes",
        "layer": "-1",
        "level": "-1",
        "tunnel": "yes"
      },
      "geometry": {
        "type": "LineString",
        "coordinates": [
          [
            2.4788488,
            48.8939071
          ],
          [
            2.4788366,
            48.8938964
          ],
          [
            2.4788297,
            48.8938916
          ],
          [
            2.4788285,
            48.8938871
          ]
        ]
      },
      "id": "way/102315895"
    },
    {
      "type": "Feature",
      "properties": {
        "@id": "way/108118385",
        "access": "yes",
        "bridge": "yes",
        "highway": "footway",
        "layer": "1",
        "wheelchair": "no"
      },
      "geometry": {
        "type": "LineString",
        "coordinates": [
          [
            2.4849425,
            48.8929768
          ],
          [
            2.4851365,
            48.8935629
          ]
        ]
      },
      "id": "way/108118385"
    },
    {
      "type": "Feature",
      "properties": {
        "@id": "way/108118392",
        "bicycle": "yes",
        "foot": "yes",
        "highway": "footway"
      },
      "geometry": {
        "type": "LineString",
        "coordinates": [
          [
            2.4820991,
            48.8906481
          ],
          [
            2.4819025,
            48.8900392
          ]
        ]
      },
      "id": "way/108118392"
    },
    {
      "type": "Feature",
      "properties": {
        "@id": "way/108649330",
        "bicycle": "yes",
        "highway": "footway",
        "name": "Quai Hubertine Auclert"
      },
      "geometry": {
        "type": "LineString",
        "coordinates": [
          [
            2.4780105,
            48.9068982
          ],
          [
            2.4764555,
            48.9066477
          ],
          [
            2.4764582,
            48.9065944
          ],
          [
            2.4763347,
            48.906568
          ],
          [
            2.4738107,
            48.9060725
          ],
          [
            2.4737325,
            48.9060577
          ],
          [
            2.4730971,
            48.9059377
          ],
          [
            2.4723087,
            48.9057587
          ],
          [
            2.4718205,
            48.9056547
          ],
          [
            2.4710897,
            48.9054907
          ],
          [
            2.470878,
            48.9054415
          ],
          [
            2.4702595,
            48.9053855
          ],
          [
            2.4701062,
            48.9053897
          ]
        ]
      },
      "id": "way/108649330"
    },
    {
      "type": "Feature",
      "properties": {
        "@id": "way/110390792",
        "bridge": "yes",
        "footway": "sidewalk",
        "highway": "footway",
        "layer": "1",
        "surface": "asphalt",
        "wheelchair": "yes"
      },
      "geometry": {
        "type": "LineString",
        "coordinates": [
          [
            2.4703973,
            48.9049484
          ],
          [
            2.4702121,
            48.9053385
          ]
        ]
      },
      "id": "way/110390792"
    },
    {
      "type": "Feature",
      "properties": {
        "@id": "way/110390802",
        "footway": "sidewalk",
        "highway": "footway",
        "wheelchair": "yes"
      },
      "geometry": {
        "type": "LineString",
        "coordinates": [
          [
            2.470851,
            48.9042932
          ],
          [
            2.470772,
            48.9042961
          ],
          [
            2.4707194,
            48.9043214
          ],
          [
            2.4706836,
            48.9043532
          ],
          [
            2.4704585,
            48.9048039
          ],
          [
            2.4703973,
            48.9049484
          ]
        ]
      },
      "id": "way/110390802"
    },
    {
      "type": "Feature",
      "properties": {
        "@id": "way/111352532",
        "highway": "footway"
      },
      "geometry": {
        "type": "LineString",
        "coordinates": [
          [
            2.486619,
            48.9166809
          ],
          [
            2.4866227,
            48.9167501
          ],
          [
            2.4867187,
            48.9169358
          ]
        ]
      },
      "id": "way/111352532"
    },
    {
      "type": "Feature",
      "properties": {
        "@id": "way/165856575",
        "highway": "footway"
      },
      "geometry": {
        "type": "LineString",
        "coordinates": [
          [
            2.4767625,
            48.9188606
          ],
          [
            2.4768054,
            48.9189585
          ],
          [
            2.4768497,
            48.9190633
          ],
          [
            2.4769167,
            48.9193005
          ],
          [
            2.4769408,
            48.9193698
          ],
          [
            2.4769878,
            48.919407
          ]
        ]
      },
      "id": "way/165856575"
    },
    {
      "type": "Feature",
      "properties": {
        "@id": "way/165856576",
        "highway": "footway"
      },
      "geometry": {
        "type": "LineString",
        "coordinates": [
          [
            2.4775779,
            48.919838
          ],
          [
            2.4776141,
            48.9198592
          ],
          [
            2.4776637,
            48.919861
          ],
          [
            2.4777107,
            48.9198486
          ],
          [
            2.4777764,
            48.9198178
          ],
          [
            2.4778113,
            48.9197833
          ],
          [
            2.4778193,
            48.9197375
          ],
          [
            2.4778099,
            48.9196723
          ],
          [
            2.4777724,
            48.9195727
          ],
          [
            2.4777294,
            48.9195533
          ],
          [
            2.4776906,
            48.9195569
          ],
          [
            2.4774934,
            48.9196115
          ],
          [
            2.4774411,
            48.9196185
          ],
          [
            2.4773969,
            48.9196115
          ],
          [
            2.4773727,
            48.9195877
          ],
          [
            2.4773405,
            48.9193885
          ],
          [
            2.4773258,
            48.9192845
          ],
          [
            2.4771863,
            48.9189171
          ],
          [
            2.4771796,
            48.9188977
          ],
          [
            2.4771342,
            48.9187922
          ]
        ]
      },
      "id": "way/165856576"
    },
    {
      "type": "Feature",
      "properties": {
        "@id": "way/165856577",
        "highway": "footway"
      },
      "geometry": {
        "type": "LineString",
        "coordinates": [
          [
            2.4775779,
            48.919838
          ],
          [
            2.4769538,
            48.9200078
          ]
        ]
      },
      "id": "way/165856577"
    },
    {
      "type": "Feature",
      "properties": {
        "@id": "way/165856578",
        "highway": "footway"
      },
      "geometry": {
        "type": "LineString",
        "coordinates": [
          [
            2.4771863,
            48.9189171
          ],
          [
            2.4771246,
            48.9189885
          ],
          [
            2.4771152,
            48.9190343
          ],
          [
            2.4771541,
            48.9191991
          ],
          [
            2.4771152,
            48.9192237
          ],
          [
            2.4771581,
            48.9193304
          ],
          [
            2.4770052,
            48.9193823
          ],
          [
            2.4769878,
            48.919407
          ],
          [
            2.4770736,
            48.919593
          ],
          [
            2.4772963,
            48.9196696
          ],
          [
            2.4773311,
            48.9197367
          ],
          [
            2.4775256,
            48.9197015
          ]
        ]
      },
      "id": "way/165856578"
    },
    {
      "type": "Feature",
      "properties": {
        "@id": "way/165856581",
        "highway": "footway"
      },
      "geometry": {
        "type": "LineString",
        "coordinates": [
          [
            2.4774934,
            48.9196115
          ],
          [
            2.4775256,
            48.9197015
          ],
          [
            2.4775779,
            48.919838
          ]
        ]
      },
      "id": "way/165856581"
    },
    {
      "type": "Feature",
      "properties": {
        "@id": "way/165856583",
        "highway": "footway"
      },
      "geometry": {
        "type": "LineString",
        "coordinates": [
          [
            2.4768054,
            48.9189585
          ],
          [
            2.4771796,
            48.9188977
          ]
        ]
      },
      "id": "way/165856583"
    },
    {
      "type": "Feature",
      "properties": {
        "@id": "way/165856586",
        "highway": "footway"
      },
      "geometry": {
        "type": "LineString",
        "coordinates": [
          [
            2.4775092,
            48.9193569
          ],
          [
            2.4773405,
            48.9193885
          ]
        ]
      },
      "id": "way/165856586"
    },
    {
      "type": "Feature",
      "properties": {
        "@id": "way/166156594",
        "foot": "permissive",
        "highway": "footway"
      },
      "geometry": {
        "type": "LineString",
        "coordinates": [
          [
            2.4867813,
            48.9137166
          ],
          [
            2.4867306,
            48.9136122
          ],
          [
            2.4867896,
            48.9135473
          ],
          [
            2.4868691,
            48.9135072
          ],
          [
            2.4869784,
            48.9134958
          ],
          [
            2.4881467,
            48.9135809
          ],
          [
            2.488558,
            48.9135904
          ],
          [
            2.4888647,
            48.9136408
          ]
        ]
      },
      "id": "way/166156594"
    },
    {
      "type": "Feature",
      "properties": {
        "@id": "way/200344496",
        "bicycle": "designated",
        "foot": "designated",
        "highway": "footway",
        "segregated": "no",
        "surface": "asphalt"
      },
      "geometry": {
        "type": "LineString",
        "coordinates": [
          [
            2.4808133,
            48.8941662
          ],
          [
            2.4808673,
            48.8941346
          ],
          [
            2.4809498,
            48.8941108
          ],
          [
            2.4822028,
            48.8939343
          ],
          [
            2.4825534,
            48.8938711
          ],
          [
            2.4829236,
            48.8937794
          ],
          [
            2.4836848,
            48.8936597
          ],
          [
            2.4847245,
            48.8935145
          ],
          [
            2.4858045,
            48.893452
          ],
          [
            2.4859441,
            48.8934131
          ],
          [
            2.4863665,
            48.8933779
          ],
          [
            2.4868778,
            48.8933138
          ],
          [
            2.4869441,
            48.8933039
          ],
          [
            2.4870009,
            48.8933103
          ],
          [
            2.4872172,
            48.8932837
          ],
          [
            2.4872515,
            48.8932865
          ],
          [
            2.4872844,
            48.8932891
          ],
          [
            2.4888023,
            48.8930691
          ],
          [
            2.4891074,
            48.8929757
          ],
          [
            2.4895875,
            48.8929056
          ],
          [
            2.4908348,
            48.8927232
          ],
          [
            2.4911472,
            48.8926829
          ],
          [
            2.4914443,
            48.8926552
          ],
          [
            2.4917863,
            48.8926305
          ],
          [
            2.4921007,
            48.8926199
          ],
          [
            2.4934807,
            48.8926089
          ],
          [
            2.493867,
            48.8925965
          ],
          [
            2.494213,
            48.8925754
          ],
          [
            2.4948051,
            48.8925317
          ]
        ]
      },
      "id": "way/200344496"
    },
    {
      "type": "Feature",
      "properties": {
        "@id": "way/244699694",
        "bicycle": "designated",
        "foot": "designated",
        "highway": "footway",
        "segregated": "no",
        "surface": "asphalt"
      },
      "geometry": {
        "type": "LineString",
        "coordinates": [
          [
            2.4948051,
            48.8925317
          ],
          [
            2.4951316,
            48.8924841
          ],
          [
            2.4954636,
            48.8924409
          ],
          [
            2.4958055,
            48.8923933
          ],
          [
            2.4962414,
            48.892332
          ],
          [
            2.4967162,
            48.8922985
          ],
          [
            2.4969797,
            48.8922839
          ],
          [
            2.4972727,
            48.8922782
          ],
          [
            2.497494,
            48.8922916
          ],
          [
            2.4975703,
            48.8922779
          ]
        ]
      },
      "id": "way/244699694"
    },
    {
      "type": "Feature",
      "properties": {
        "@id": "way/244700447",
        "highway": "footway"
      },
      "geometry": {
        "type": "LineString",
        "coordinates": [
          [
            2.4894312,
            48.8906763
          ],
          [
            2.4896581,
            48.8911675
          ],
          [
            2.4891525,
            48.8912718
          ],
          [
            2.4892209,
            48.8914089
          ],
          [
            2.4899017,
            48.8912586
          ],
          [
            2.4899585,
            48.8912469
          ],
          [
            2.4900826,
            48.8915083
          ]
        ]
      },
      "id": "way/244700447"
    },
    {
      "type": "Feature",
      "properties": {
        "@id": "way/244700451",
        "highway": "footway"
      },
      "geometry": {
        "type": "LineString",
        "coordinates": [
          [
            2.4899017,
            48.8912586
          ],
          [
            2.4898401,
            48.8911293
          ],
          [
            2.4896098,
            48.8906455
          ],
          [
            2.4894312,
            48.8906763
          ]
        ]
      },
      "id": "way/244700451"
    },
    {
      "type": "Feature",
      "properties": {
        "@id": "way/244819461",
        "highway": "footway"
      },
      "geometry": {
        "type": "LineString",
        "coordinates": [
          [
            2.4896581,
            48.8911675
          ],
          [
            2.4898401,
            48.8911293
          ]
        ]
      },
      "id": "way/244819461"
    },
    {
      "type": "Feature",
      "properties": {
        "@id": "way/245314916",
        "foot": "yes",
        "highway": "footway",
        "horse": "no",
        "motor_vehicle": "no",
        "name": "Sente René Char"
      },
      "geometry": {
        "type": "LineString",
        "coordinates": [
          [
            2.4850413,
            48.8903603
          ],
          [
            2.4851232,
            48.8903545
          ],
          [
            2.4854064,
            48.8903357
          ],
          [
            2.4855036,
            48.890312
          ],
          [
            2.4857077,
            48.8902702
          ],
          [
            2.4857293,
            48.8902512
          ],
          [
            2.4859915,
            48.8903347
          ]
        ]
      },
      "id": "way/245314916"
    },
    {
      "type": "Feature",
      "properties": {
        "@id": "way/245315690",
        "foot": "yes",
        "highway": "footway",
        "motor_vehicle": "no"
      },
      "geometry": {
        "type": "LineString",
        "coordinates": [
          [
            2.4875119,
            48.8883693
          ],
          [
            2.4874386,
            48.8883937
          ],
          [
            2.48742,
            48.8884226
          ],
          [
            2.4873786,
            48.8884269
          ],
          [
            2.4874494,
            48.8886716
          ],
          [
            2.4875358,
            48.8889486
          ],
          [
            2.4875898,
            48.889119
          ],
          [
            2.4875346,
            48.889138
          ],
          [
            2.4875527,
            48.8893034
          ]
        ]
      },
      "id": "way/245315690"
    },
    {
      "type": "Feature",
      "properties": {
        "@id": "way/253459318",
        "highway": "footway"
      },
      "geometry": {
        "type": "LineString",
        "coordinates": [
          [
            2.4894394,
            48.8885542
          ],
          [
            2.4894505,
            48.8885517
          ],
          [
            2.4899409,
            48.888449
          ],
          [
            2.4899431,
            48.8883303
          ]
        ]
      },
      "id": "way/253459318"
    },
    {
      "type": "Feature",
      "properties": {
        "@id": "way/256243991",
        "highway": "footway"
      },
      "geometry": {
        "type": "LineString",
        "coordinates": [
          [
            2.4799561,
            48.9015906
          ],
          [
            2.4799315,
            48.9016639
          ],
          [
            2.4797672,
            48.9017103
          ],
          [
            2.4796054,
            48.9017559
          ],
          [
            2.4795647,
            48.9017784
          ],
          [
            2.4795257,
            48.9018362
          ],
          [
            2.4794166,
            48.9018648
          ],
          [
            2.4792604,
            48.9019057
          ]
        ]
      },
      "id": "way/256243991"
    },
    {
      "type": "Feature",
      "properties": {
        "@id": "way/256243992",
        "highway": "footway"
      },
      "geometry": {
        "type": "LineString",
        "coordinates": [
          [
            2.4797028,
            48.900789
          ],
          [
            2.4795531,
            48.9008167
          ],
          [
            2.479537,
            48.9008196
          ]
        ]
      },
      "id": "way/256243992"
    },
    {
      "type": "Feature",
      "properties": {
        "@id": "way/256243993",
        "highway": "footway"
      },
      "geometry": {
        "type": "LineString",
        "coordinates": [
          [
            2.4793395,
            48.9008611
          ],
          [
            2.4793398,
            48.9008715
          ],
          [
            2.4793347,
            48.9008819
          ],
          [
            2.4793247,
            48.9008905
          ],
          [
            2.4793109,
            48.9008965
          ],
          [
            2.4793019,
            48.900898
          ],
          [
            2.4792949,
            48.9008991
          ],
          [
            2.4792784,
            48.9008981
          ],
          [
            2.4792634,
            48.9008936
          ],
          [
            2.4792515,
            48.9008861
          ],
          [
            2.4792483,
            48.9008829
          ],
          [
            2.4792418,
            48.9008657
          ],
          [
            2.4792452,
            48.900855
          ],
          [
            2.4792533,
            48.900846
          ],
          [
            2.4792653,
            48.9008392
          ],
          [
            2.4792736,
            48.900837
          ],
          [
            2.47928,
            48.9008353
          ],
          [
            2.4792958,
            48.9008346
          ],
          [
            2.4793112,
            48.9008373
          ],
          [
            2.4793244,
            48.900843
          ],
          [
            2.4793342,
            48.9008513
          ],
          [
            2.4793381,
            48.9008586
          ],
          [
            2.4793395,
            48.9008611
          ]
        ]
      },
      "id": "way/256243993"
    },
    {
      "type": "Feature",
      "properties": {
        "@id": "way/256243994",
        "highway": "footway"
      },
      "geometry": {
        "type": "LineString",
        "coordinates": [
          [
            2.4790605,
            48.9009325
          ],
          [
            2.4790989,
            48.9010144
          ],
          [
            2.4792102,
            48.9012077
          ],
          [
            2.4789078,
            48.9012789
          ]
        ]
      },
      "id": "way/256243994"
    },
    {
      "type": "Feature",
      "properties": {
        "@id": "way/256243995",
        "highway": "footway"
      },
      "geometry": {
        "type": "LineString",
        "coordinates": [
          [
            2.4790605,
            48.9009325
          ],
          [
            2.4790069,
            48.9008464
          ],
          [
            2.4789981,
            48.9008298
          ],
          [
            2.4786979,
            48.9008911
          ]
        ]
      },
      "id": "way/256243995"
    },
    {
      "type": "Feature",
      "properties": {
        "@id": "way/256245723",
        "highway": "footway",
        "source": "Bing"
      },
      "geometry": {
        "type": "LineString",
        "coordinates": [
          [
            2.492439,
            48.9033202
          ],
          [
            2.4923984,
            48.9032595
          ],
          [
            2.4916702,
            48.9021716
          ]
        ]
      },
      "id": "way/256245723"
    },
    {
      "type": "Feature",
      "properties": {
        "@id": "way/256312903",
        "highway": "footway"
      },
      "geometry": {
        "type": "LineString",
        "coordinates": [
          [
            2.4874148,
            48.8942592
          ],
          [
            2.4874332,
            48.8942878
          ],
          [
            2.4874653,
            48.8943105
          ],
          [
            2.4875073,
            48.8943248
          ],
          [
            2.4875541,
            48.8943288
          ],
          [
            2.487579,
            48.8943252
          ],
          [
            2.4876002,
            48.8943222
          ],
          [
            2.4876401,
            48.8943057
          ],
          [
            2.4876611,
            48.8942881
          ],
          [
            2.4876692,
            48.8942812
          ],
          [
            2.4876839,
            48.8942517
          ],
          [
            2.4876826,
            48.8942207
          ],
          [
            2.4876653,
            48.8941918
          ],
          [
            2.4876407,
            48.8941723
          ],
          [
            2.4876258,
            48.8941656
          ],
          [
            2.4876089,
            48.894158
          ],
          [
            2.4875723,
            48.8941501
          ],
          [
            2.4875338,
            48.8941492
          ],
          [
            2.4875153,
            48.8941522
          ],
          [
            2.4874964,
            48.8941554
          ],
          [
            2.4874631,
            48.8941682
          ],
          [
            2.4874366,
            48.8941866
          ],
          [
            2.4874189,
            48.8942091
          ],
          [
            2.4874114,
            48.8942339
          ],
          [
            2.4874148,
            48.8942592
          ]
        ]
      },
      "id": "way/256312903"
    },
    {
      "type": "Feature",
      "properties": {
        "@id": "way/256312904",
        "highway": "footway"
      },
      "geometry": {
        "type": "LineString",
        "coordinates": [
          [
            2.4876826,
            48.8942207
          ],
          [
            2.4877441,
            48.8942102
          ],
          [
            2.4880101,
            48.8941647
          ],
          [
            2.488046,
            48.8941596
          ],
          [
            2.488121,
            48.8941458
          ]
        ]
      },
      "id": "way/256312904"
    },
    {
      "type": "Feature",
      "properties": {
        "@id": "way/256312906",
        "highway": "footway"
      },
      "geometry": {
        "type": "LineString",
        "coordinates": [
          [
            2.487579,
            48.8943252
          ],
          [
            2.4876684,
            48.8945372
          ],
          [
            2.4876767,
            48.894554
          ]
        ]
      },
      "id": "way/256312906"
    },
    {
      "type": "Feature",
      "properties": {
        "@id": "way/256312907",
        "highway": "footway"
      },
      "geometry": {
        "type": "LineString",
        "coordinates": [
          [
            2.4875153,
            48.8941522
          ],
          [
            2.4874258,
            48.8939261
          ],
          [
            2.4874062,
            48.8938767
          ]
        ]
      },
      "id": "way/256312907"
    },
    {
      "type": "Feature",
      "properties": {
        "@id": "way/256312908",
        "highway": "footway"
      },
      "geometry": {
        "type": "LineString",
        "coordinates": [
          [
            2.4875153,
            48.8941522
          ],
          [
            2.4875477,
            48.8942401
          ],
          [
            2.487579,
            48.8943252
          ]
        ]
      },
      "id": "way/256312908"
    },
    {
      "type": "Feature",
      "properties": {
        "@id": "way/256312909",
        "highway": "footway"
      },
      "geometry": {
        "type": "LineString",
        "coordinates": [
          [
            2.4874148,
            48.8942592
          ],
          [
            2.4875477,
            48.8942401
          ],
          [
            2.4876826,
            48.8942207
          ]
        ]
      },
      "id": "way/256312909"
    },
    {
      "type": "Feature",
      "properties": {
        "@id": "way/256312914",
        "highway": "footway"
      },
      "geometry": {
        "type": "LineString",
        "coordinates": [
          [
            2.4876258,
            48.8941656
          ],
          [
            2.4876518,
            48.8941294
          ],
          [
            2.4876554,
            48.8941081
          ],
          [
            2.4876446,
            48.8940836
          ],
          [
            2.4876289,
            48.8940694
          ],
          [
            2.4876085,
            48.8940521
          ],
          [
            2.4876013,
            48.894026
          ],
          [
            2.4875953,
            48.8939866
          ],
          [
            2.4876061,
            48.8939014
          ]
        ]
      },
      "id": "way/256312914"
    },
    {
      "type": "Feature",
      "properties": {
        "@id": "way/256312915",
        "highway": "footway"
      },
      "geometry": {
        "type": "LineString",
        "coordinates": [
          [
            2.4876611,
            48.8942881
          ],
          [
            2.4877094,
            48.8943133
          ],
          [
            2.4877394,
            48.8943378
          ],
          [
            2.4877598,
            48.8943638
          ],
          [
            2.4877646,
            48.8944104
          ],
          [
            2.4877802,
            48.8944498
          ],
          [
            2.4878042,
            48.8944774
          ],
          [
            2.4878216,
            48.8944936
          ],
          [
            2.4878612,
            48.8945054
          ],
          [
            2.487898,
            48.8945166
          ]
        ]
      },
      "id": "way/256312915"
    },
    {
      "type": "Feature",
      "properties": {
        "@id": "way/256312916",
        "highway": "footway"
      },
      "geometry": {
        "type": "LineString",
        "coordinates": [
          [
            2.4874148,
            48.8942592
          ],
          [
            2.4873481,
            48.8942694
          ],
          [
            2.4867724,
            48.8943714
          ],
          [
            2.4867148,
            48.8943803
          ]
        ]
      },
      "id": "way/256312916"
    },
    {
      "type": "Feature",
      "properties": {
        "@id": "way/256315128",
        "bicycle": "yes",
        "highway": "footway",
        "name": "Rue Marguerite Duras",
        "@relations": [
          {
            "role": "outer",
            "rel": 5987105,
            "reltags": {
              "area": "yes",
              "footway": "sidewalk",
              "highway": "footway",
              "surface": "concrete",
              "type": "multipolygon"
            }
          }
        ]
      },
      "geometry": {
        "type": "LineString",
        "coordinates": [
          [
            2.4889831,
            48.8940277
          ],
          [
            2.48901,
            48.8941043
          ],
          [
            2.4890146,
            48.8941175
          ],
          [
            2.4890422,
            48.8941961
          ]
        ]
      },
      "id": "way/256315128"
    },
    {
      "type": "Feature",
      "properties": {
        "@id": "way/280612335",
        "highway": "footway",
        "wheelchair": "yes"
      },
      "geometry": {
        "type": "LineString",
        "coordinates": [
          [
            2.4872764,
            48.8932507
          ],
          [
            2.4873092,
            48.8932459
          ],
          [
            2.4873028,
            48.8932255
          ],
          [
            2.4872994,
            48.8932155
          ],
          [
            2.4872948,
            48.8932016
          ],
          [
            2.4872855,
            48.8931738
          ],
          [
            2.4872812,
            48.8931609
          ],
          [
            2.4872798,
            48.8931569
          ],
          [
            2.4876766,
            48.8930993
          ],
          [
            2.4886051,
            48.8929602
          ],
          [
            2.4886064,
            48.8929639
          ],
          [
            2.4886106,
            48.8929763
          ],
          [
            2.4886207,
            48.8930047
          ],
          [
            2.4886252,
            48.8930178
          ],
          [
            2.4886292,
            48.8930296
          ],
          [
            2.487837,
            48.8931466
          ]
        ]
      },
      "id": "way/280612335"
    },
    {
      "type": "Feature",
      "properties": {
        "@id": "way/280617119",
        "highway": "footway"
      },
      "geometry": {
        "type": "LineString",
        "coordinates": [
          [
            2.4873092,
            48.8932459
          ],
          [
            2.4873157,
            48.8932672
          ],
          [
            2.4872833,
            48.8932715
          ]
        ]
      },
      "id": "way/280617119"
    },
    {
      "type": "Feature",
      "properties": {
        "@id": "way/325657531",
        "highway": "footway"
      },
      "geometry": {
        "type": "LineString",
        "coordinates": [
          [
            2.4780232,
            48.8950768
          ],
          [
            2.4779032,
            48.8948546
          ]
        ]
      },
      "id": "way/325657531"
    },
    {
      "type": "Feature",
      "properties": {
        "@id": "way/398434516",
        "highway": "footway",
        "lit": "yes",
        "name": "Allée Louise Michel",
        "smoothness": "good",
        "surface": "asphalt"
      },
      "geometry": {
        "type": "LineString",
        "coordinates": [
          [
            2.4892389,
            48.8941138
          ],
          [
            2.4893227,
            48.8941267
          ],
          [
            2.4896484,
            48.8940644
          ],
          [
            2.4896792,
            48.8940585
          ],
          [
            2.4899848,
            48.8939828
          ],
          [
            2.4902562,
            48.8939296
          ]
        ]
      },
      "id": "way/398434516"
    },
    {
      "type": "Feature",
      "properties": {
        "@id": "way/398434517",
        "highway": "footway",
        "name": "Passage Lucie Aubrac"
      },
      "geometry": {
        "type": "LineString",
        "coordinates": [
          [
            2.4788278,
            48.9124846
          ],
          [
            2.478708,
            48.9120249
          ],
          [
            2.4786874,
            48.9119456
          ]
        ]
      },
      "id": "way/398434517"
    },
    {
      "type": "Feature",
      "properties": {
        "@id": "way/398434523",
        "highway": "footway",
        "lit": "yes",
        "name": "Impasse Joseph Haydn",
        "smoothness": "good",
        "surface": "asphalt"
      },
      "geometry": {
        "type": "LineString",
        "coordinates": [
          [
            2.4897334,
            48.8942553
          ],
          [
            2.4894208,
            48.8943126
          ]
        ]
      },
      "id": "way/398434523"
    },
    {
      "type": "Feature",
      "properties": {
        "@id": "way/398434526",
        "bicycle": "yes",
        "highway": "footway",
        "name": "Rue Marguerite Duras"
      },
      "geometry": {
        "type": "LineString",
        "coordinates": [
          [
            2.4890422,
            48.8941961
          ],
          [
            2.4892637,
            48.8948267
          ],
          [
            2.4892829,
            48.8948813
          ]
        ]
      },
      "id": "way/398434526"
    },
    {
      "type": "Feature",
      "properties": {
        "@id": "way/398434527",
        "bicycle": "yes",
        "highway": "footway",
        "name": "Rue Marguerite Duras"
      },
      "geometry": {
        "type": "LineString",
        "coordinates": [
          [
            2.4887739,
            48.8934319
          ],
          [
            2.4887853,
            48.8934643
          ],
          [
            2.4889831,
            48.8940277
          ]
        ]
      },
      "id": "way/398434527"
    },
    {
      "type": "Feature",
      "properties": {
        "@id": "way/398434696",
        "footway": "sidewalk",
        "highway": "footway",
        "lit": "yes",
        "smoothness": "good",
        "surface": "concrete"
      },
      "geometry": {
        "type": "LineString",
        "coordinates": [
          [
            2.4891592,
            48.8941458
          ],
          [
            2.4891276,
            48.8941395
          ],
          [
            2.4891025,
            48.8941253
          ],
          [
            2.4890884,
            48.8941057
          ],
          [
            2.4890877,
            48.8940839
          ],
          [
            2.4891004,
            48.8940638
          ],
          [
            2.4891244,
            48.8940489
          ],
          [
            2.4891556,
            48.8940417
          ],
          [
            2.4891885,
            48.8940435
          ],
          [
            2.4892174,
            48.894054
          ],
          [
            2.4892374,
            48.8940713
          ],
          [
            2.489245,
            48.8940924
          ],
          [
            2.4892389,
            48.8941138
          ],
          [
            2.4892201,
            48.8941317
          ],
          [
            2.4891919,
            48.894143
          ],
          [
            2.4891592,
            48.8941458
          ]
        ]
      },
      "id": "way/398434696"
    },
    {
      "type": "Feature",
      "properties": {
        "@id": "way/398434702",
        "footway": "sidewalk",
        "highway": "footway",
        "lit": "yes",
        "smoothness": "good",
        "surface": "concrete"
      },
      "geometry": {
        "type": "LineString",
        "coordinates": [
          [
            2.4890884,
            48.8941057
          ],
          [
            2.4890146,
            48.8941175
          ]
        ]
      },
      "id": "way/398434702"
    },
    {
      "type": "Feature",
      "properties": {
        "@id": "way/409725640",
        "access": "permissive",
        "bicycle": "yes",
        "foot": "yes",
        "highway": "footway",
        "horse": "yes"
      },
      "geometry": {
        "type": "LineString",
        "coordinates": [
          [
            2.4825182,
            48.8995779
          ],
          [
            2.4825361,
            48.8996291
          ],
          [
            2.4825859,
            48.8997712
          ],
          [
            2.4827335,
            48.9001926
          ],
          [
            2.482998,
            48.9003164
          ],
          [
            2.4832362,
            48.9003373
          ],
          [
            2.4833243,
            48.9003271
          ]
        ]
      },
      "id": "way/409725640"
    },
    {
      "type": "Feature",
      "properties": {
        "@id": "way/417286284",
        "foot": "yes",
        "highway": "footway",
        "indoor": "yes",
        "layer": "-1",
        "level": "-1",
        "tunnel": "yes"
      },
      "geometry": {
        "type": "LineString",
        "coordinates": [
          [
            2.4789173,
            48.8942036
          ],
          [
            2.478905,
            48.8942054
          ]
        ]
      },
      "id": "way/417286284"
    },
    {
      "type": "Feature",
      "properties": {
        "@id": "way/417286294",
        "highway": "footway",
        "indoor": "yes",
        "layer": "-1",
        "level": "-1",
        "tunnel": "yes"
      },
      "geometry": {
        "type": "LineString",
        "coordinates": [
          [
            2.4788297,
            48.8938916
          ],
          [
            2.478824,
            48.8939021
          ],
          [
            2.4789173,
            48.8942036
          ],
          [
            2.4789376,
            48.894271
          ]
        ]
      },
      "id": "way/417286294"
    },
    {
      "type": "Feature",
      "properties": {
        "@id": "way/417286297",
        "highway": "footway",
        "indoor": "yes",
        "layer": "-1",
        "level": "-1",
        "tunnel": "yes"
      },
      "geometry": {
        "type": "LineString",
        "coordinates": [
          [
            2.4789644,
            48.894267
          ],
          [
            2.4789432,
            48.8942
          ],
          [
            2.4789047,
            48.8940804
          ],
          [
            2.4788652,
            48.8939579
          ],
          [
            2.4788488,
            48.8939071
          ]
        ]
      },
      "id": "way/417286297"
    },
    {
      "type": "Feature",
      "properties": {
        "@id": "way/420331252",
        "crossing:markings": "zebra",
        "footway": "crossing",
        "highway": "footway"
      },
      "geometry": {
        "type": "LineString",
        "coordinates": [
          [
            2.4964875,
            48.8913012
          ],
          [
            2.4966457,
            48.891251
          ]
        ]
      },
      "id": "way/420331252"
    },
    {
      "type": "Feature",
      "properties": {
        "@id": "way/420331254",
        "crossing:markings": "zebra",
        "footway": "crossing",
        "highway": "footway"
      },
      "geometry": {
        "type": "LineString",
        "coordinates": [
          [
            2.4970332,
            48.891084
          ],
          [
            2.4968868,
            48.8911976
          ],
          [
            2.4967098,
            48.8912355
          ]
        ]
      },
      "id": "way/420331254"
    },
    {
      "type": "Feature",
      "properties": {
        "@id": "way/424614829",
        "highway": "footway"
      },
      "geometry": {
        "type": "LineString",
        "coordinates": [
          [
            2.490522,
            48.9096361
          ],
          [
            2.4905485,
            48.9095779
          ]
        ]
      },
      "id": "way/424614829"
    },
    {
      "type": "Feature",
      "properties": {
        "@id": "way/468419871",
        "footway": "crossing",
        "highway": "footway"
      },
      "geometry": {
        "type": "LineString",
        "coordinates": [
          [
            2.4796234,
            48.8936625
          ],
          [
            2.4796343,
            48.8936969
          ]
        ]
      },
      "id": "way/468419871"
    },
    {
      "type": "Feature",
      "properties": {
        "@id": "way/468419872",
        "footway": "crossing",
        "highway": "footway"
      },
      "geometry": {
        "type": "LineString",
        "coordinates": [
          [
            2.48018,
            48.8935817
          ],
          [
            2.480191,
            48.8936152
          ]
        ]
      },
      "id": "way/468419872"
    },
    {
      "type": "Feature",
      "properties": {
        "@id": "way/468419876",
        "bicycle": "yes",
        "footway": "crossing",
        "highway": "footway"
      },
      "geometry": {
        "type": "LineString",
        "coordinates": [
          [
            2.4802377,
            48.8936085
          ],
          [
            2.4802901,
            48.8936012
          ]
        ]
      },
      "id": "way/468419876"
    },
    {
      "type": "Feature",
      "properties": {
        "@id": "way/468419878",
        "footway": "sidewalk",
        "highway": "footway"
      },
      "geometry": {
        "type": "LineString",
        "coordinates": [
          [
            2.4796343,
            48.8936969
          ],
          [
            2.479672,
            48.8936916
          ],
          [
            2.4798633,
            48.8936632
          ],
          [
            2.479946,
            48.8936509
          ],
          [
            2.480191,
            48.8936152
          ],
          [
            2.4802377,
            48.8936085
          ]
        ]
      },
      "id": "way/468419878"
    },
    {
      "type": "Feature",
      "properties": {
        "@id": "way/468419886",
        "footway": "sidewalk",
        "highway": "footway",
        "surface": "asphalt"
      },
      "geometry": {
        "type": "LineString",
        "coordinates": [
          [
            2.4818684,
            48.8944127
          ],
          [
            2.4819201,
            48.8944011
          ],
          [
            2.4819677,
            48.8943998
          ],
          [
            2.4820177,
            48.894375
          ],
          [
            2.4820881,
            48.8943569
          ]
        ]
      },
      "id": "way/468419886"
    },
    {
      "type": "Feature",
      "properties": {
        "@id": "way/468419887",
        "bicycle": "yes",
        "crossing": "marked",
        "crossing:island": "no",
        "crossing:markings": "zebra",
        "footway": "crossing",
        "highway": "footway",
        "surface": "asphalt"
      },
      "geometry": {
        "type": "LineString",
        "coordinates": [
          [
            2.4846223,
            48.8929954
          ],
          [
            2.4846111,
            48.8929629
          ]
        ]
      },
      "id": "way/468419887"
    },
    {
      "type": "Feature",
      "properties": {
        "@id": "way/468419896",
        "highway": "footway"
      },
      "geometry": {
        "type": "LineString",
        "coordinates": [
          [
            2.4846595,
            48.8929973
          ],
          [
            2.4846657,
            48.8930164
          ]
        ]
      },
      "id": "way/468419896"
    },
    {
      "type": "Feature",
      "properties": {
        "@id": "way/468419901",
        "highway": "footway"
      },
      "geometry": {
        "type": "LineString",
        "coordinates": [
          [
            2.4853243,
            48.8935814
          ],
          [
            2.4853198,
            48.8935679
          ],
          [
            2.4853031,
            48.8935714
          ]
        ]
      },
      "id": "way/468419901"
    },
    {
      "type": "Feature",
      "properties": {
        "@id": "way/468419902",
        "bicycle": "yes",
        "highway": "footway"
      },
      "geometry": {
        "type": "LineString",
        "coordinates": [
          [
            2.485572,
            48.8935714
          ],
          [
            2.4855673,
            48.8935379
          ]
        ]
      },
      "id": "way/468419902"
    },
    {
      "type": "Feature",
      "properties": {
        "@id": "way/468419904",
        "bicycle": "yes",
        "highway": "footway"
      },
      "geometry": {
        "type": "LineString",
        "coordinates": [
          [
            2.4857032,
            48.8935195
          ],
          [
            2.4858045,
            48.893452
          ]
        ]
      },
      "id": "way/468419904"
    },
    {
      "type": "Feature",
      "properties": {
        "@id": "way/468419909",
        "highway": "footway",
        "name": "Allée Paul Lafargue"
      },
      "geometry": {
        "type": "LineString",
        "coordinates": [
          [
            2.4844739,
            48.8937468
          ],
          [
            2.4844912,
            48.8937695
          ]
        ]
      },
      "id": "way/468419909"
    },
    {
      "type": "Feature",
      "properties": {
        "@id": "way/468419911",
        "footway": "sidewalk",
        "highway": "footway"
      },
      "geometry": {
        "type": "LineString",
        "coordinates": [
          [
            2.4820881,
            48.8943569
          ],
          [
            2.4826715,
            48.8941885
          ],
          [
            2.4841494,
            48.8938094
          ],
          [
            2.4841909,
            48.8937997
          ],
          [
            2.4842633,
            48.8937975
          ],
          [
            2.4844739,
            48.8937468
          ]
        ]
      },
      "id": "way/468419911"
    },
    {
      "type": "Feature",
      "properties": {
        "@id": "way/468419913",
        "access": "private",
        "highway": "footway",
        "name": "Allée Paul Lafargue"
      },
      "geometry": {
        "type": "LineString",
        "coordinates": [
          [
            2.4820881,
            48.8943569
          ],
          [
            2.4820277,
            48.8941991
          ],
          [
            2.4827057,
            48.8940144
          ],
          [
            2.4828994,
            48.8939663
          ],
          [
            2.483051,
            48.8939253
          ],
          [
            2.4834748,
            48.8938147
          ],
          [
            2.4841145,
            48.8936639
          ],
          [
            2.4841534,
            48.8937318
          ]
        ]
      },
      "id": "way/468419913"
    },
    {
      "type": "Feature",
      "properties": {
        "@id": "way/552688425",
        "bicycle": "yes",
        "footway": "sidewalk",
        "highway": "footway"
      },
      "geometry": {
        "type": "LineString",
        "coordinates": [
          [
            2.4857032,
            48.8935195
          ],
          [
            2.4855673,
            48.8935379
          ]
        ]
      },
      "id": "way/552688425"
    },
    {
      "type": "Feature",
      "properties": {
        "@id": "way/561828292",
        "highway": "footway"
      },
      "geometry": {
        "type": "LineString",
        "coordinates": [
          [
            2.4859605,
            48.9129363
          ],
          [
            2.4860403,
            48.9129209
          ],
          [
            2.4866706,
            48.9130183
          ],
          [
            2.4869724,
            48.9130712
          ],
          [
            2.4870081,
            48.913099
          ],
          [
            2.4870488,
            48.9131571
          ],
          [
            2.487049,
            48.9131791
          ],
          [
            2.4870339,
            48.9132367
          ]
        ]
      },
      "id": "way/561828292"
    },
    {
      "type": "Feature",
      "properties": {
        "@id": "way/561848816",
        "highway": "footway"
      },
      "geometry": {
        "type": "LineString",
        "coordinates": [
          [
            2.4965854,
            48.8914895
          ],
          [
            2.4966478,
            48.8914595
          ]
        ]
      },
      "id": "way/561848816"
    },
    {
      "type": "Feature",
      "properties": {
        "@id": "way/561851520",
        "highway": "footway"
      },
      "geometry": {
        "type": "LineString",
        "coordinates": [
          [
            2.4892931,
            48.8970334
          ],
          [
            2.4892366,
            48.8970439
          ],
          [
            2.4890786,
            48.8970346
          ],
          [
            2.4888989,
            48.8969825
          ],
          [
            2.488866,
            48.8969773
          ],
          [
            2.4885187,
            48.8970311
          ],
          [
            2.4884731,
            48.8968697
          ],
          [
            2.4880087,
            48.8969437
          ],
          [
            2.4878883,
            48.8969602
          ],
          [
            2.4879044,
            48.8970028
          ]
        ]
      },
      "id": "way/561851520"
    },
    {
      "type": "Feature",
      "properties": {
        "@id": "way/615438354",
        "footway": "sidewalk",
        "highway": "footway",
        "surface": "asphalt"
      },
      "geometry": {
        "type": "LineString",
        "coordinates": [
          [
            2.4888501,
            48.894767
          ],
          [
            2.4888126,
            48.894754
          ],
          [
            2.4887655,
            48.894732
          ],
          [
            2.4887296,
            48.8947183
          ],
          [
            2.4886746,
            48.8947047
          ],
          [
            2.488634,
            48.8946974
          ],
          [
            2.4885718,
            48.894679
          ],
          [
            2.4883737,
            48.8946304
          ],
          [
            2.4882908,
            48.8944313
          ],
          [
            2.4882096,
            48.8942312
          ],
          [
            2.4881794,
            48.8941464
          ],
          [
            2.488178,
            48.8941166
          ],
          [
            2.4881918,
            48.8940838
          ],
          [
            2.4882236,
            48.8940546
          ],
          [
            2.4882827,
            48.8940268
          ],
          [
            2.4883184,
            48.8940032
          ],
          [
            2.488333,
            48.8939678
          ],
          [
            2.4883413,
            48.8938947
          ],
          [
            2.4883517,
            48.8937736
          ],
          [
            2.488358,
            48.8936494
          ],
          [
            2.4883612,
            48.8935948
          ],
          [
            2.4883884,
            48.893555
          ],
          [
            2.4884245,
            48.8935331
          ],
          [
            2.4887853,
            48.8934643
          ]
        ]
      },
      "id": "way/615438354"
    },
    {
      "type": "Feature",
      "properties": {
        "@id": "way/615440233",
        "crossing:markings": "zebra",
        "footway": "crossing",
        "highway": "footway"
      },
      "geometry": {
        "type": "LineString",
        "coordinates": [
          [
            2.4882601,
            48.8944376
          ],
          [
            2.4882225,
            48.8944454
          ],
          [
            2.4881794,
            48.8944543
          ]
        ]
      },
      "id": "way/615440233"
    },
    {
      "type": "Feature",
      "properties": {
        "@id": "way/615440792",
        "footway": "sidewalk",
        "highway": "footway"
      },
      "geometry": {
        "type": "LineString",
        "coordinates": [
          [
            2.4887061,
            48.8949443
          ],
          [
            2.488701,
            48.8949273
          ],
          [
            2.4887218,
            48.894919
          ],
          [
            2.4887444,
            48.8948984
          ],
          [
            2.4887602,
            48.8948657
          ],
          [
            2.4887486,
            48.8948465
          ],
          [
            2.4887268,
            48.8948238
          ],
          [
            2.4886582,
            48.8947999
          ],
          [
            2.488562,
            48.8947725
          ],
          [
            2.4884739,
            48.89475
          ],
          [
            2.4884339,
            48.8947409
          ],
          [
            2.4883503,
            48.8947184
          ],
          [
            2.4883315,
            48.8946993
          ],
          [
            2.4879539,
            48.8945988
          ],
          [
            2.48771,
            48.8946395
          ]
        ]
      },
      "id": "way/615440792"
    },
    {
      "type": "Feature",
      "properties": {
        "@id": "way/615441053",
        "footway": "sidewalk",
        "highway": "footway"
      },
      "geometry": {
        "type": "LineString",
        "coordinates": [
          [
            2.4876767,
            48.894554
          ],
          [
            2.487898,
            48.8945166
          ],
          [
            2.4881226,
            48.8944787
          ],
          [
            2.4881476,
            48.8944608
          ],
          [
            2.4881575,
            48.8944351
          ],
          [
            2.4880898,
            48.8942627
          ],
          [
            2.488046,
            48.8941596
          ],
          [
            2.4880475,
            48.8941336
          ],
          [
            2.4880639,
            48.8940794
          ],
          [
            2.488075,
            48.8940582
          ],
          [
            2.4881595,
            48.8939982
          ],
          [
            2.4882306,
            48.8939674
          ],
          [
            2.4882427,
            48.8939559
          ],
          [
            2.4882578,
            48.8937549
          ],
          [
            2.4882708,
            48.8936032
          ],
          [
            2.4882815,
            48.8935591
          ],
          [
            2.4883049,
            48.8935345
          ],
          [
            2.4883238,
            48.8935148
          ],
          [
            2.488348,
            48.8934996
          ],
          [
            2.4884103,
            48.8934754
          ],
          [
            2.489223,
            48.893329
          ],
          [
            2.4899414,
            48.8932291
          ]
        ]
      },
      "id": "way/615441053"
    },
    {
      "type": "Feature",
      "properties": {
        "@id": "way/615441165",
        "highway": "footway"
      },
      "geometry": {
        "type": "LineString",
        "coordinates": [
          [
            2.487941,
            48.8937858
          ],
          [
            2.4880639,
            48.8940794
          ]
        ]
      },
      "id": "way/615441165"
    },
    {
      "type": "Feature",
      "properties": {
        "@id": "way/615441478",
        "footway": "sidewalk",
        "highway": "footway"
      },
      "geometry": {
        "type": "LineString",
        "coordinates": [
          [
            2.4906965,
            48.8945858
          ],
          [
            2.4906644,
            48.8945911
          ],
          [
            2.4906306,
            48.8945967
          ],
          [
            2.4905585,
            48.8946113
          ],
          [
            2.4904973,
            48.8946527
          ],
          [
            2.4904505,
            48.8947318
          ],
          [
            2.4902024,
            48.8947659
          ],
          [
            2.4899042,
            48.8948113
          ],
          [
            2.4896272,
            48.8948534
          ],
          [
            2.4894513,
            48.8948401
          ],
          [
            2.4893408,
            48.8948267
          ],
          [
            2.4892637,
            48.8948267
          ],
          [
            2.4889176,
            48.894861
          ]
        ]
      },
      "id": "way/615441478"
    },
    {
      "type": "Feature",
      "properties": {
        "@id": "way/616747817",
        "footway": "sidewalk",
        "highway": "footway",
        "surface": "asphalt"
      },
      "geometry": {
        "type": "LineString",
        "coordinates": [
          [
            2.4889176,
            48.894861
          ],
          [
            2.4888942,
            48.8948539
          ],
          [
            2.4888765,
            48.8948248
          ],
          [
            2.4888501,
            48.894767
          ],
          [
            2.4888062,
            48.8946402
          ],
          [
            2.4885718,
            48.894679
          ]
        ]
      },
      "id": "way/616747817"
    },
    {
      "type": "Feature",
      "properties": {
        "@id": "way/679242524",
        "crossing": "marked",
        "footway": "crossing",
        "highway": "footway"
      },
      "geometry": {
        "type": "LineString",
        "coordinates": [
          [
            2.4834819,
            48.9020839
          ],
          [
            2.4834665,
            48.9020341
          ]
        ]
      },
      "id": "way/679242524"
    },
    {
      "type": "Feature",
      "properties": {
        "@id": "way/679242527",
        "crossing": "marked",
        "footway": "crossing",
        "highway": "footway"
      },
      "geometry": {
        "type": "LineString",
        "coordinates": [
          [
            2.4853073,
            48.9018775
          ],
          [
            2.4852983,
            48.9018284
          ]
        ]
      },
      "id": "way/679242527"
    },
    {
      "type": "Feature",
      "properties": {
        "@id": "way/684865276",
        "highway": "footway",
        "name": "Passage du Vercors"
      },
      "geometry": {
        "type": "LineString",
        "coordinates": [
          [
            2.4795092,
            48.9143422
          ],
          [
            2.4795797,
            48.9146557
          ],
          [
            2.4796407,
            48.9149272
          ]
        ]
      },
      "id": "way/684865276"
    },
    {
      "type": "Feature",
      "properties": {
        "@id": "way/688858039",
        "crossing": "marked",
        "footway": "crossing",
        "highway": "footway"
      },
      "geometry": {
        "type": "LineString",
        "coordinates": [
          [
            2.4862439,
            48.9067553
          ],
          [
            2.486259,
            48.9067131
          ],
          [
            2.4862295,
            48.9066981
          ],
          [
            2.4862512,
            48.9066471
          ]
        ]
      },
      "id": "way/688858039"
    },
    {
      "type": "Feature",
      "properties": {
        "@id": "way/688858040",
        "crossing": "marked",
        "footway": "crossing",
        "highway": "footway"
      },
      "geometry": {
        "type": "LineString",
        "coordinates": [
          [
            2.4883838,
            48.9070925
          ],
          [
            2.4884048,
            48.9070392
          ],
          [
            2.4882586,
            48.9070172
          ],
          [
            2.4882692,
            48.9069901
          ]
        ]
      },
      "id": "way/688858040"
    },
    {
      "type": "Feature",
      "properties": {
        "@id": "way/688858041",
        "crossing": "marked",
        "footway": "crossing",
        "highway": "footway"
      },
      "geometry": {
        "type": "LineString",
        "coordinates": [
          [
            2.4882692,
            48.9069901
          ],
          [
            2.4882852,
            48.9069457
          ]
        ]
      },
      "id": "way/688858041"
    },
    {
      "type": "Feature",
      "properties": {
        "@id": "way/688860255",
        "crossing": "marked",
        "footway": "crossing",
        "highway": "footway",
        "lit": "no",
        "surface": "asphalt"
      },
      "geometry": {
        "type": "LineString",
        "coordinates": [
          [
            2.4919459,
            48.9075042
          ],
          [
            2.4919297,
            48.9075465
          ],
          [
            2.4919874,
            48.9075551
          ],
          [
            2.4919741,
            48.9075906
          ]
        ]
      },
      "id": "way/688860255"
    },
    {
      "type": "Feature",
      "properties": {
        "@id": "way/694260277",
        "crossing": "marked",
        "footway": "crossing",
        "highway": "footway"
      },
      "geometry": {
        "type": "LineString",
        "coordinates": [
          [
            2.4799169,
            48.9030632
          ],
          [
            2.4799818,
            48.9030474
          ]
        ]
      },
      "id": "way/694260277"
    },
    {
      "type": "Feature",
      "properties": {
        "@id": "way/694260278",
        "crossing": "marked",
        "footway": "crossing",
        "highway": "footway"
      },
      "geometry": {
        "type": "LineString",
        "coordinates": [
          [
            2.47995,
            48.9029344
          ],
          [
            2.4799782,
            48.9029831
          ]
        ]
      },
      "id": "way/694260278"
    },
    {
      "type": "Feature",
      "properties": {
        "@id": "way/694260279",
        "crossing": "marked",
        "footway": "crossing",
        "highway": "footway"
      },
      "geometry": {
        "type": "LineString",
        "coordinates": [
          [
            2.4804942,
            48.9030806
          ],
          [
            2.4805083,
            48.9030982
          ]
        ]
      },
      "id": "way/694260279"
    },
    {
      "type": "Feature",
      "properties": {
        "@id": "way/694260280",
        "crossing": "marked",
        "footway": "crossing",
        "highway": "footway"
      },
      "geometry": {
        "type": "LineString",
        "coordinates": [
          [
            2.4805083,
            48.9030982
          ],
          [
            2.4805366,
            48.9031582
          ]
        ]
      },
      "id": "way/694260280"
    },
    {
      "type": "Feature",
      "properties": {
        "@id": "way/694260523",
        "crossing": "marked",
        "footway": "crossing",
        "highway": "footway"
      },
      "geometry": {
        "type": "LineString",
        "coordinates": [
          [
            2.4823647,
            48.9023273
          ],
          [
            2.4824148,
            48.9023761
          ]
        ]
      },
      "id": "way/694260523"
    },
    {
      "type": "Feature",
      "properties": {
        "@id": "way/694260592",
        "crossing": "marked",
        "footway": "crossing",
        "highway": "footway"
      },
      "geometry": {
        "type": "LineString",
        "coordinates": [
          [
            2.4873019,
            48.9016887
          ],
          [
            2.4872868,
            48.9016447
          ]
        ]
      },
      "id": "way/694260592"
    },
    {
      "type": "Feature",
      "properties": {
        "@id": "way/694261811",
        "footway": "sidewalk",
        "highway": "footway",
        "surface": "asphalt"
      },
      "geometry": {
        "type": "LineString",
        "coordinates": [
          [
            2.4758727,
            48.9055129
          ],
          [
            2.4766457,
            48.9056068
          ]
        ]
      },
      "id": "way/694261811"
    },
    {
      "type": "Feature",
      "properties": {
        "@id": "way/694261812",
        "footway": "sidewalk",
        "highway": "footway",
        "surface": "asphalt"
      },
      "geometry": {
        "type": "LineString",
        "coordinates": [
          [
            2.4766457,
            48.9056068
          ],
          [
            2.4772376,
            48.9056749
          ],
          [
            2.4776372,
            48.9057268
          ],
          [
            2.4781519,
            48.9057935
          ]
        ]
      },
      "id": "way/694261812"
    },
    {
      "type": "Feature",
      "properties": {
        "@id": "way/724225859",
        "crossing": "marked",
        "crossing:markings": "yes",
        "footway": "crossing",
        "highway": "footway",
        "surface": "asphalt"
      },
      "geometry": {
        "type": "LineString",
        "coordinates": [
          [
            2.4714059,
            48.8892498
          ],
          [
            2.4714146,
            48.8891216
          ],
          [
            2.4714231,
            48.8890307
          ]
        ]
      },
      "id": "way/724225859"
    },
    {
      "type": "Feature",
      "properties": {
        "@id": "way/724312727",
        "highway": "footway"
      },
      "geometry": {
        "type": "LineString",
        "coordinates": [
          [
            2.487251,
            48.8922612
          ],
          [
            2.4874049,
            48.8922234
          ],
          [
            2.487479,
            48.8923629
          ]
        ]
      },
      "id": "way/724312727"
    },
    {
      "type": "Feature",
      "properties": {
        "@id": "way/724312964",
        "highway": "footway"
      },
      "geometry": {
        "type": "LineString",
        "coordinates": [
          [
            2.4848966,
            48.893697
          ],
          [
            2.4848823,
            48.8936607
          ]
        ]
      },
      "id": "way/724312964"
    },
    {
      "type": "Feature",
      "properties": {
        "@id": "way/724321028",
        "highway": "footway"
      },
      "geometry": {
        "type": "LineString",
        "coordinates": [
          [
            2.4926453,
            48.9013304
          ],
          [
            2.4927039,
            48.9013095
          ],
          [
            2.4927089,
            48.9013077
          ]
        ]
      },
      "id": "way/724321028"
    },
    {
      "type": "Feature",
      "properties": {
        "@id": "way/724322347",
        "highway": "footway"
      },
      "geometry": {
        "type": "LineString",
        "coordinates": [
          [
            2.4913161,
            48.9002553
          ],
          [
            2.4915963,
            48.900346
          ],
          [
            2.4916811,
            48.9003143
          ],
          [
            2.4917104,
            48.900348
          ]
        ]
      },
      "id": "way/724322347"
    },
    {
      "type": "Feature",
      "properties": {
        "@id": "way/724322348",
        "footway": "sidewalk",
        "highway": "footway"
      },
      "geometry": {
        "type": "LineString",
        "coordinates": [
          [
            2.4909339,
            48.9006472
          ],
          [
            2.4909031,
            48.900616
          ],
          [
            2.4908528,
            48.9006309
          ],
          [
            2.4908054,
            48.9006387
          ],
          [
            2.4907541,
            48.9006322
          ],
          [
            2.4906989,
            48.9006271
          ],
          [
            2.4906693,
            48.900594
          ],
          [
            2.4906187,
            48.9006083
          ]
        ]
      },
      "id": "way/724322348"
    },
    {
      "type": "Feature",
      "properties": {
        "@id": "way/724322349",
        "crossing": "marked",
        "footway": "crossing",
        "highway": "footway"
      },
      "geometry": {
        "type": "LineString",
        "coordinates": [
          [
            2.4917104,
            48.900348
          ],
          [
            2.4917499,
            48.9003942
          ]
        ]
      },
      "id": "way/724322349"
    },
    {
      "type": "Feature",
      "properties": {
        "@id": "way/724322350",
        "highway": "footway"
      },
      "geometry": {
        "type": "LineString",
        "coordinates": [
          [
            2.4900924,
            48.9007176
          ],
          [
            2.4902096,
            48.9008934
          ],
          [
            2.4902221,
            48.9009122
          ]
        ]
      },
      "id": "way/724322350"
    },
    {
      "type": "Feature",
      "properties": {
        "@id": "way/724322351",
        "highway": "footway"
      },
      "geometry": {
        "type": "LineString",
        "coordinates": [
          [
            2.4899399,
            48.8992629
          ],
          [
            2.4899535,
            48.8992816
          ],
          [
            2.4901073,
            48.8992426
          ],
          [
            2.4903427,
            48.89941
          ],
          [
            2.4905888,
            48.899592
          ],
          [
            2.490588,
            48.8996442
          ]
        ]
      },
      "id": "way/724322351"
    },
    {
      "type": "Feature",
      "properties": {
        "@id": "way/724322353",
        "highway": "footway"
      },
      "geometry": {
        "type": "LineString",
        "coordinates": [
          [
            2.4905888,
            48.899592
          ],
          [
            2.4904424,
            48.8988902
          ],
          [
            2.4905373,
            48.8988708
          ]
        ]
      },
      "id": "way/724322353"
    },
    {
      "type": "Feature",
      "properties": {
        "@id": "way/724322354",
        "highway": "footway"
      },
      "geometry": {
        "type": "LineString",
        "coordinates": [
          [
            2.4896879,
            48.8985205
          ],
          [
            2.4897981,
            48.8986118
          ],
          [
            2.4900394,
            48.8989754
          ],
          [
            2.4902019,
            48.8992201
          ],
          [
            2.4901073,
            48.8992426
          ]
        ]
      },
      "id": "way/724322354"
    },
    {
      "type": "Feature",
      "properties": {
        "@id": "way/724322355",
        "highway": "footway"
      },
      "geometry": {
        "type": "LineString",
        "coordinates": [
          [
            2.4904424,
            48.8988902
          ],
          [
            2.4900394,
            48.8989754
          ]
        ]
      },
      "id": "way/724322355"
    },
    {
      "type": "Feature",
      "properties": {
        "@id": "way/724322357",
        "highway": "footway"
      },
      "geometry": {
        "type": "LineString",
        "coordinates": [
          [
            2.4895092,
            48.8999239
          ],
          [
            2.4890683,
            48.8995599
          ],
          [
            2.4888288,
            48.8993473
          ],
          [
            2.488802,
            48.8993235
          ],
          [
            2.4886284,
            48.8991694
          ],
          [
            2.4884816,
            48.8992046
          ]
        ]
      },
      "id": "way/724322357"
    },
    {
      "type": "Feature",
      "properties": {
        "@id": "way/724322358",
        "highway": "footway"
      },
      "geometry": {
        "type": "LineString",
        "coordinates": [
          [
            2.4883175,
            48.8995896
          ],
          [
            2.4884621,
            48.8995542
          ],
          [
            2.488469,
            48.8994388
          ],
          [
            2.4886193,
            48.8994006
          ],
          [
            2.4888288,
            48.8993473
          ]
        ]
      },
      "id": "way/724322358"
    },
    {
      "type": "Feature",
      "properties": {
        "@id": "way/724322359",
        "highway": "footway"
      },
      "geometry": {
        "type": "LineString",
        "coordinates": [
          [
            2.488802,
            48.8993235
          ],
          [
            2.488859,
            48.8993135
          ],
          [
            2.4889327,
            48.8993223
          ],
          [
            2.4890979,
            48.8993531
          ],
          [
            2.4891995,
            48.8993736
          ],
          [
            2.4892654,
            48.8993714
          ],
          [
            2.4893358,
            48.8993502
          ],
          [
            2.489395,
            48.8994265
          ],
          [
            2.4896222,
            48.8993566
          ]
        ]
      },
      "id": "way/724322359"
    },
    {
      "type": "Feature",
      "properties": {
        "@id": "way/724322623",
        "highway": "footway"
      },
      "geometry": {
        "type": "LineString",
        "coordinates": [
          [
            2.4881879,
            48.8986987
          ],
          [
            2.4882293,
            48.8986571
          ],
          [
            2.4887796,
            48.8985264
          ]
        ]
      },
      "id": "way/724322623"
    },
    {
      "type": "Feature",
      "properties": {
        "@id": "way/725076364",
        "highway": "footway"
      },
      "geometry": {
        "type": "LineString",
        "coordinates": [
          [
            2.4810315,
            48.9111782
          ],
          [
            2.480883,
            48.9112161
          ],
          [
            2.4808433,
            48.9112262
          ]
        ]
      },
      "id": "way/725076364"
    },
    {
      "type": "Feature",
      "properties": {
        "@id": "way/731253578",
        "crossing": "marked",
        "footway": "crossing",
        "highway": "footway"
      },
      "geometry": {
        "type": "LineString",
        "coordinates": [
          [
            2.4732358,
            48.9030038
          ],
          [
            2.4732748,
            48.9030085
          ]
        ]
      },
      "id": "way/731253578"
    },
    {
      "type": "Feature",
      "properties": {
        "@id": "way/731253579",
        "bicycle": "yes",
        "crossing": "marked",
        "footway": "crossing",
        "highway": "footway"
      },
      "geometry": {
        "type": "LineString",
        "coordinates": [
          [
            2.4732812,
            48.9041777
          ],
          [
            2.473386,
            48.9041962
          ],
          [
            2.4732976,
            48.904213
          ],
          [
            2.4733156,
            48.9042569
          ],
          [
            2.4733266,
            48.9042879
          ]
        ]
      },
      "id": "way/731253579"
    },
    {
      "type": "Feature",
      "properties": {
        "@id": "way/731253582",
        "highway": "footway"
      },
      "geometry": {
        "type": "LineString",
        "coordinates": [
          [
            2.4727281,
            48.9038307
          ],
          [
            2.4728148,
            48.9038063
          ],
          [
            2.4728629,
            48.9038072
          ]
        ]
      },
      "id": "way/731253582"
    },
    {
      "type": "Feature",
      "properties": {
        "@id": "way/745386825",
        "highway": "footway"
      },
      "geometry": {
        "type": "LineString",
        "coordinates": [
          [
            2.4823107,
            48.901712
          ],
          [
            2.4825246,
            48.9021761
          ],
          [
            2.4825938,
            48.902161
          ],
          [
            2.4826661,
            48.9021453
          ],
          [
            2.4827338,
            48.9021554
          ],
          [
            2.4827488,
            48.9021786
          ],
          [
            2.4827703,
            48.9022232
          ]
        ]
      },
      "id": "way/745386825"
    },
    {
      "type": "Feature",
      "properties": {
        "@id": "way/745386826",
        "highway": "footway"
      },
      "geometry": {
        "type": "LineString",
        "coordinates": [
          [
            2.4821078,
            48.9012775
          ],
          [
            2.4821404,
            48.9013522
          ],
          [
            2.4821568,
            48.9013863
          ],
          [
            2.4823107,
            48.901712
          ]
        ]
      },
      "id": "way/745386826"
    },
    {
      "type": "Feature",
      "properties": {
        "@id": "way/745386827",
        "highway": "footway"
      },
      "geometry": {
        "type": "LineString",
        "coordinates": [
          [
            2.4823107,
            48.901712
          ],
          [
            2.4822955,
            48.9017148
          ]
        ]
      },
      "id": "way/745386827"
    },
    {
      "type": "Feature",
      "properties": {
        "@id": "way/762702895",
        "access": "permissive",
        "highway": "footway"
      },
      "geometry": {
        "type": "LineString",
        "coordinates": [
          [
            2.4860336,
            48.9173466
          ],
          [
            2.4864078,
            48.9172754
          ],
          [
            2.4867074,
            48.9172184
          ],
          [
            2.4867761,
            48.9172053
          ],
          [
            2.4873685,
            48.9170926
          ],
          [
            2.4874322,
            48.9170805
          ],
          [
            2.4880276,
            48.9169673
          ],
          [
            2.4880975,
            48.916954
          ],
          [
            2.4883884,
            48.9168986
          ],
          [
            2.4886838,
            48.9168424
          ],
          [
            2.4887554,
            48.9168288
          ],
          [
            2.4888041,
            48.9169302
          ]
        ]
      },
      "id": "way/762702895"
    },
    {
      "type": "Feature",
      "properties": {
        "@id": "way/762702896",
        "access": "permissive",
        "highway": "footway"
      },
      "geometry": {
        "type": "LineString",
        "coordinates": [
          [
            2.4856473,
            48.9174215
          ],
          [
            2.4859592,
            48.9173611
          ]
        ]
      },
      "id": "way/762702896"
    },
    {
      "type": "Feature",
      "properties": {
        "@id": "way/762702897",
        "access": "permissive",
        "highway": "footway"
      },
      "geometry": {
        "type": "LineString",
        "coordinates": [
          [
            2.485984,
            48.9174221
          ],
          [
            2.4856675,
            48.9174805
          ]
        ]
      },
      "id": "way/762702897"
    },
    {
      "type": "Feature",
      "properties": {
        "@id": "way/762702898",
        "access": "permissive",
        "highway": "footway"
      },
      "geometry": {
        "type": "LineString",
        "coordinates": [
          [
            2.4860771,
            48.9174489
          ],
          [
            2.4860336,
            48.9173466
          ],
          [
            2.4859592,
            48.9173611
          ],
          [
            2.485984,
            48.9174221
          ],
          [
            2.4860011,
            48.9174641
          ],
          [
            2.4860336,
            48.9174576
          ]
        ]
      },
      "id": "way/762702898"
    },
    {
      "type": "Feature",
      "properties": {
        "@id": "way/777266616",
        "highway": "footway",
        "level": "0"
      },
      "geometry": {
        "type": "LineString",
        "coordinates": [
          [
            2.4800374,
            48.8941307
          ],
          [
            2.4800336,
            48.8941173
          ],
          [
            2.4800235,
            48.894086
          ],
          [
            2.4800188,
            48.894071
          ],
          [
            2.4800097,
            48.8940412
          ],
          [
            2.4799329,
            48.894052
          ]
        ]
      },
      "id": "way/777266616"
    },
    {
      "type": "Feature",
      "properties": {
        "@id": "way/859157786",
        "highway": "footway"
      },
      "geometry": {
        "type": "LineString",
        "coordinates": [
          [
            2.4910682,
            48.9006511
          ],
          [
            2.4910874,
            48.9006743
          ],
          [
            2.4912297,
            48.9008455
          ]
        ]
      },
      "id": "way/859157786"
    },
    {
      "type": "Feature",
      "properties": {
        "@id": "way/859157787",
        "highway": "footway"
      },
      "geometry": {
        "type": "LineString",
        "coordinates": [
          [
            2.4912782,
            48.9005706
          ],
          [
            2.4913029,
            48.900596
          ],
          [
            2.4913564,
            48.900651
          ],
          [
            2.4912297,
            48.9008455
          ]
        ]
      },
      "id": "way/859157787"
    },
    {
      "type": "Feature",
      "properties": {
        "@id": "way/859157788",
        "highway": "footway"
      },
      "geometry": {
        "type": "LineString",
        "coordinates": [
          [
            2.4908618,
            48.9008695
          ],
          [
            2.4909092,
            48.9008608
          ],
          [
            2.4909903,
            48.9008524
          ],
          [
            2.4910741,
            48.9008564
          ],
          [
            2.4911351,
            48.9008626
          ],
          [
            2.4911935,
            48.9008555
          ],
          [
            2.4912297,
            48.9008455
          ],
          [
            2.491284,
            48.9008304
          ],
          [
            2.4914242,
            48.9007832
          ],
          [
            2.4914596,
            48.9007719
          ],
          [
            2.4914919,
            48.9007616
          ],
          [
            2.4915501,
            48.9007462
          ]
        ]
      },
      "id": "way/859157788"
    },
    {
      "type": "Feature",
      "properties": {
        "@id": "way/859202885",
        "highway": "footway"
      },
      "geometry": {
        "type": "LineString",
        "coordinates": [
          [
            2.4892556,
            48.8982473
          ],
          [
            2.4895003,
            48.8986333
          ]
        ]
      },
      "id": "way/859202885"
    },
    {
      "type": "Feature",
      "properties": {
        "@id": "way/859202886",
        "highway": "footway"
      },
      "geometry": {
        "type": "LineString",
        "coordinates": [
          [
            2.4891812,
            48.8987239
          ],
          [
            2.4888992,
            48.8982807
          ]
        ]
      },
      "id": "way/859202886"
    },
    {
      "type": "Feature",
      "properties": {
        "@id": "way/859202887",
        "highway": "footway"
      },
      "geometry": {
        "type": "LineString",
        "coordinates": [
          [
            2.4880728,
            48.8962711
          ],
          [
            2.4880278,
            48.8961371
          ]
        ]
      },
      "id": "way/859202887"
    },
    {
      "type": "Feature",
      "properties": {
        "@id": "way/859202888",
        "highway": "footway"
      },
      "geometry": {
        "type": "LineString",
        "coordinates": [
          [
            2.4878334,
            48.8961868
          ],
          [
            2.4878266,
            48.8961635
          ],
          [
            2.4880278,
            48.8961371
          ],
          [
            2.4880922,
            48.8961286
          ],
          [
            2.4881566,
            48.896081
          ],
          [
            2.4882024,
            48.8960686
          ]
        ]
      },
      "id": "way/859202888"
    },
    {
      "type": "Feature",
      "properties": {
        "@id": "way/859202889",
        "highway": "footway"
      },
      "geometry": {
        "type": "LineString",
        "coordinates": [
          [
            2.487708,
            48.8962873
          ],
          [
            2.4876671,
            48.8961586
          ],
          [
            2.4878334,
            48.8961868
          ],
          [
            2.4878709,
            48.8962993
          ],
          [
            2.4880728,
            48.8962711
          ],
          [
            2.488178,
            48.8962565
          ],
          [
            2.4882728,
            48.8962771
          ]
        ]
      },
      "id": "way/859202889"
    },
    {
      "type": "Feature",
      "properties": {
        "@id": "way/859202890",
        "highway": "footway"
      },
      "geometry": {
        "type": "LineString",
        "coordinates": [
          [
            2.4876094,
            48.8962948
          ],
          [
            2.487708,
            48.8962873
          ]
        ]
      },
      "id": "way/859202890"
    },
    {
      "type": "Feature",
      "properties": {
        "@id": "way/859202891",
        "highway": "footway"
      },
      "geometry": {
        "type": "LineString",
        "coordinates": [
          [
            2.4874636,
            48.8961674
          ],
          [
            2.4874753,
            48.8961952
          ],
          [
            2.4876094,
            48.8962948
          ],
          [
            2.4875437,
            48.8963751
          ],
          [
            2.4877261,
            48.8963473
          ],
          [
            2.487708,
            48.8962873
          ]
        ]
      },
      "id": "way/859202891"
    },
    {
      "type": "Feature",
      "properties": {
        "@id": "way/859202893",
        "highway": "footway"
      },
      "geometry": {
        "type": "LineString",
        "coordinates": [
          [
            2.4877331,
            48.8956729
          ],
          [
            2.4877408,
            48.8957015
          ],
          [
            2.4877039,
            48.8957182
          ],
          [
            2.4876369,
            48.8957579
          ],
          [
            2.4875638,
            48.8957429
          ]
        ]
      },
      "id": "way/859202893"
    },
    {
      "type": "Feature",
      "properties": {
        "@id": "way/859202894",
        "highway": "footway"
      },
      "geometry": {
        "type": "LineString",
        "coordinates": [
          [
            2.4874072,
            48.8960071
          ],
          [
            2.4873707,
            48.8959616
          ],
          [
            2.4873512,
            48.8959188
          ],
          [
            2.487362,
            48.8958584
          ],
          [
            2.487366,
            48.8958267
          ],
          [
            2.4873834,
            48.8957799
          ],
          [
            2.4873888,
            48.8957694
          ]
        ]
      },
      "id": "way/859202894"
    },
    {
      "type": "Feature",
      "properties": {
        "@id": "way/859202901",
        "highway": "footway"
      },
      "geometry": {
        "type": "LineString",
        "coordinates": [
          [
            2.4880087,
            48.8969437
          ],
          [
            2.4883097,
            48.8978303
          ]
        ]
      },
      "id": "way/859202901"
    },
    {
      "type": "Feature",
      "properties": {
        "@id": "way/859202902",
        "highway": "footway"
      },
      "geometry": {
        "type": "LineString",
        "coordinates": [
          [
            2.4881731,
            48.895982
          ],
          [
            2.4882024,
            48.8960686
          ],
          [
            2.4882728,
            48.8962771
          ],
          [
            2.4884731,
            48.8968697
          ]
        ]
      },
      "id": "way/859202902"
    },
    {
      "type": "Feature",
      "properties": {
        "@id": "way/859202905",
        "highway": "footway"
      },
      "geometry": {
        "type": "LineString",
        "coordinates": [
          [
            2.4881823,
            48.8978518
          ],
          [
            2.4883097,
            48.8978303
          ],
          [
            2.4887668,
            48.8977531
          ],
          [
            2.4891456,
            48.8976912
          ]
        ]
      },
      "id": "way/859202905"
    },
    {
      "type": "Feature",
      "properties": {
        "@id": "way/859202906",
        "highway": "footway"
      },
      "geometry": {
        "type": "LineString",
        "coordinates": [
          [
            2.4885187,
            48.8970311
          ],
          [
            2.4887668,
            48.8977531
          ]
        ]
      },
      "id": "way/859202906"
    },
    {
      "type": "Feature",
      "properties": {
        "@id": "way/870839997",
        "highway": "footway",
        "name": "Rue Marcel Dassault",
        "source": "BDOrtho IGN 2020 / Connaissance locale",
        "surface": "asphalt"
      },
      "geometry": {
        "type": "LineString",
        "coordinates": [
          [
            2.4792872,
            48.888718
          ],
          [
            2.4792889,
            48.8886701
          ]
        ]
      },
      "id": "way/870839997"
    },
    {
      "type": "Feature",
      "properties": {
        "@id": "way/870839998",
        "highway": "footway",
        "name": "Rue du Midi",
        "source": "BDOrtho IGN 2020 / Connaissance locale",
        "surface": "asphalt"
      },
      "geometry": {
        "type": "LineString",
        "coordinates": [
          [
            2.4791819,
            48.8887749
          ],
          [
            2.4792872,
            48.888718
          ]
        ]
      },
      "id": "way/870839998"
    },
    {
      "type": "Feature",
      "properties": {
        "@id": "way/870839999",
        "highway": "footway",
        "name": "Rue du Midi",
        "source": "BDOrtho IGN 2020 / Connaissance locale",
        "surface": "asphalt"
      },
      "geometry": {
        "type": "LineString",
        "coordinates": [
          [
            2.4788836,
            48.8887151
          ],
          [
            2.4789412,
            48.8887546
          ],
          [
            2.4789814,
            48.888767
          ]
        ]
      },
      "id": "way/870839999"
    },
    {
      "type": "Feature",
      "properties": {
        "@id": "way/880700340",
        "highway": "footway",
        "name": "Allée Louise Weiss"
      },
      "geometry": {
        "type": "LineString",
        "coordinates": [
          [
            2.4898,
            48.894405
          ],
          [
            2.4897334,
            48.8942553
          ],
          [
            2.4896484,
            48.8940644
          ]
        ]
      },
      "id": "way/880700340"
    },
    {
      "type": "Feature",
      "properties": {
        "@id": "way/880700341",
        "highway": "footway",
        "name": "Allée Louise Weiss"
      },
      "geometry": {
        "type": "LineString",
        "coordinates": [
          [
            2.4896484,
            48.8940644
          ],
          [
            2.4895405,
            48.8938151
          ],
          [
            2.4894464,
            48.893808
          ]
        ]
      },
      "id": "way/880700341"
    },
    {
      "type": "Feature",
      "properties": {
        "@id": "way/880700343",
        "highway": "footway",
        "name": "Place Gauguin"
      },
      "geometry": {
        "type": "LineString",
        "coordinates": [
          [
            2.4849071,
            48.8951319
          ],
          [
            2.4851471,
            48.8950711
          ]
        ]
      },
      "id": "way/880700343"
    },
    {
      "type": "Feature",
      "properties": {
        "@id": "way/880700344",
        "highway": "footway",
        "name": "Allée Goya"
      },
      "geometry": {
        "type": "LineString",
        "coordinates": [
          [
            2.4846911,
            48.8948868
          ],
          [
            2.4847931,
            48.8950711
          ],
          [
            2.4849071,
            48.8951319
          ]
        ]
      },
      "id": "way/880700344"
    },
    {
      "type": "Feature",
      "properties": {
        "@id": "way/880700346",
        "highway": "footway",
        "name": "Place Gauguin"
      },
      "geometry": {
        "type": "LineString",
        "coordinates": [
          [
            2.4851471,
            48.8950711
          ],
          [
            2.4851967,
            48.8951707
          ],
          [
            2.4849674,
            48.8952218
          ]
        ]
      },
      "id": "way/880700346"
    },
    {
      "type": "Feature",
      "properties": {
        "@id": "way/880700347",
        "highway": "footway",
        "name": "Allée Watteau"
      },
      "geometry": {
        "type": "LineString",
        "coordinates": [
          [
            2.4853832,
            48.8948171
          ],
          [
            2.4854335,
            48.894903
          ],
          [
            2.4855374,
            48.8950808
          ],
          [
            2.4856246,
            48.8951072
          ]
        ]
      },
      "id": "way/880700347"
    },
    {
      "type": "Feature",
      "properties": {
        "@id": "way/880700348",
        "highway": "footway",
        "name": "Allée Delacroix"
      },
      "geometry": {
        "type": "LineString",
        "coordinates": [
          [
            2.4856246,
            48.8951072
          ],
          [
            2.4855226,
            48.8951257
          ],
          [
            2.4853161,
            48.8951777
          ],
          [
            2.485296,
            48.8951451
          ],
          [
            2.4851967,
            48.8951707
          ]
        ]
      },
      "id": "way/880700348"
    },
    {
      "type": "Feature",
      "properties": {
        "@id": "way/880700349",
        "highway": "footway",
        "name": "Allée Mignard"
      },
      "geometry": {
        "type": "LineString",
        "coordinates": [
          [
            2.4850425,
            48.8947916
          ],
          [
            2.4851672,
            48.8949979
          ]
        ]
      },
      "id": "way/880700349"
    },
    {
      "type": "Feature",
      "properties": {
        "@id": "way/880700351",
        "highway": "footway",
        "name": "Allée Ingres"
      },
      "geometry": {
        "type": "LineString",
        "coordinates": [
          [
            2.4847931,
            48.8950711
          ],
          [
            2.4844819,
            48.8951495
          ]
        ]
      },
      "id": "way/880700351"
    },
    {
      "type": "Feature",
      "properties": {
        "@id": "way/880700352",
        "highway": "footway",
        "name": "Allée Manet",
        "surface": "asphalt"
      },
      "geometry": {
        "type": "LineString",
        "coordinates": [
          [
            2.4847189,
            48.8955696
          ],
          [
            2.4846981,
            48.8955327
          ],
          [
            2.4846899,
            48.8955181
          ],
          [
            2.4844819,
            48.8951495
          ]
        ]
      },
      "id": "way/880700352"
    },
    {
      "type": "Feature",
      "properties": {
        "@id": "way/880700353",
        "highway": "footway"
      },
      "geometry": {
        "type": "LineString",
        "coordinates": [
          [
            2.4842258,
            48.8947334
          ],
          [
            2.4842311,
            48.8946611
          ],
          [
            2.4845379,
            48.8945801
          ]
        ]
      },
      "id": "way/880700353"
    },
    {
      "type": "Feature",
      "properties": {
        "@id": "way/880700354",
        "highway": "footway"
      },
      "geometry": {
        "type": "LineString",
        "coordinates": [
          [
            2.4840434,
            48.8947898
          ],
          [
            2.4842258,
            48.8947334
          ],
          [
            2.4843459,
            48.8947883
          ],
          [
            2.4844444,
            48.8948524
          ],
          [
            2.4845235,
            48.8948522
          ],
          [
            2.4847609,
            48.894796
          ],
          [
            2.4847515,
            48.8947237
          ]
        ]
      },
      "id": "way/880700354"
    },
    {
      "type": "Feature",
      "properties": {
        "@id": "way/880700355",
        "highway": "footway",
        "surface": "paving_stones"
      },
      "geometry": {
        "type": "LineString",
        "coordinates": [
          [
            2.4839857,
            48.8947739
          ],
          [
            2.4840434,
            48.8947898
          ],
          [
            2.4839642,
            48.8949044
          ]
        ]
      },
      "id": "way/880700355"
    },
    {
      "type": "Feature",
      "properties": {
        "@id": "way/881311364",
        "highway": "footway"
      },
      "geometry": {
        "type": "LineString",
        "coordinates": [
          [
            2.4821673,
            48.9175954
          ],
          [
            2.4819984,
            48.917009
          ]
        ]
      },
      "id": "way/881311364"
    },
    {
      "type": "Feature",
      "properties": {
        "@id": "way/881311365",
        "highway": "footway"
      },
      "geometry": {
        "type": "LineString",
        "coordinates": [
          [
            2.4830624,
            48.9170242
          ],
          [
            2.4835652,
            48.9171393
          ],
          [
            2.4835864,
            48.9172038
          ],
          [
            2.4836563,
            48.9174166
          ]
        ]
      },
      "id": "way/881311365"
    },
    {
      "type": "Feature",
      "properties": {
        "@id": "way/881311366",
        "highway": "footway"
      },
      "geometry": {
        "type": "LineString",
        "coordinates": [
          [
            2.4831903,
            48.9174783
          ],
          [
            2.4830624,
            48.9170242
          ],
          [
            2.4830241,
            48.9168883
          ],
          [
            2.4829825,
            48.9168557
          ]
        ]
      },
      "id": "way/881311366"
    },
    {
      "type": "Feature",
      "properties": {
        "@id": "way/884289865",
        "highway": "footway"
      },
      "geometry": {
        "type": "LineString",
        "coordinates": [
          [
            2.4842663,
            48.9125444
          ],
          [
            2.4842374,
            48.9125055
          ],
          [
            2.4844761,
            48.912434
          ],
          [
            2.4844414,
            48.9123852
          ]
        ]
      },
      "id": "way/884289865"
    },
    {
      "type": "Feature",
      "properties": {
        "@id": "way/884291877",
        "highway": "footway",
        "name": "Mail Marie-Madeleine Fourcade"
      },
      "geometry": {
        "type": "LineString",
        "coordinates": [
          [
            2.4786615,
            48.9118317
          ],
          [
            2.4786443,
            48.9117245
          ]
        ]
      },
      "id": "way/884291877"
    },
    {
      "type": "Feature",
      "properties": {
        "@id": "way/884291879",
        "highway": "footway"
      },
      "geometry": {
        "type": "LineString",
        "coordinates": [
          [
            2.4801116,
            48.9123303
          ],
          [
            2.4800911,
            48.9122565
          ],
          [
            2.4800868,
            48.9122411
          ]
        ]
      },
      "id": "way/884291879"
    },
    {
      "type": "Feature",
      "properties": {
        "@id": "way/884293842",
        "highway": "footway"
      },
      "geometry": {
        "type": "LineString",
        "coordinates": [
          [
            2.4760045,
            48.9101612
          ],
          [
            2.4760401,
            48.9101504
          ],
          [
            2.4760757,
            48.9101373
          ],
          [
            2.476113,
            48.9101236
          ],
          [
            2.4761484,
            48.9101725
          ],
          [
            2.4762056,
            48.9102491
          ]
        ]
      },
      "id": "way/884293842"
    },
    {
      "type": "Feature",
      "properties": {
        "@id": "way/884314845",
        "highway": "footway",
        "surface": "concrete"
      },
      "geometry": {
        "type": "LineString",
        "coordinates": [
          [
            2.4866288,
            48.9088797
          ],
          [
            2.4867237,
            48.9086488
          ]
        ]
      },
      "id": "way/884314845"
    },
    {
      "type": "Feature",
      "properties": {
        "@id": "way/902043087",
        "crossing": "marked",
        "footway": "crossing",
        "highway": "footway",
        "lit": "no",
        "surface": "asphalt"
      },
      "geometry": {
        "type": "LineString",
        "coordinates": [
          [
            2.489196,
            48.9072157
          ],
          [
            2.4892003,
            48.9071594
          ],
          [
            2.4892125,
            48.9070922
          ]
        ]
      },
      "id": "way/902043087"
    },
    {
      "type": "Feature",
      "properties": {
        "@id": "way/902047427",
        "highway": "footway"
      },
      "geometry": {
        "type": "LineString",
        "coordinates": [
          [
            2.4833612,
            48.9044698
          ],
          [
            2.4836234,
            48.9044613
          ],
          [
            2.4840877,
            48.9045442
          ]
        ]
      },
      "id": "way/902047427"
    },
    {
      "type": "Feature",
      "properties": {
        "@id": "way/902047428",
        "crossing": "marked",
        "footway": "crossing",
        "highway": "footway"
      },
      "geometry": {
        "type": "LineString",
        "coordinates": [
          [
            2.4854416,
            48.9046789
          ],
          [
            2.4855024,
            48.9046382
          ]
        ]
      },
      "id": "way/902047428"
    },
    {
      "type": "Feature",
      "properties": {
        "@id": "way/902047431",
        "highway": "footway"
      },
      "geometry": {
        "type": "LineString",
        "coordinates": [
          [
            2.482194,
            48.9034228
          ],
          [
            2.4821897,
            48.9034039
          ]
        ]
      },
      "id": "way/902047431"
    },
    {
      "type": "Feature",
      "properties": {
        "@id": "way/902047432",
        "highway": "footway"
      },
      "geometry": {
        "type": "LineString",
        "coordinates": [
          [
            2.4835932,
            48.9033885
          ],
          [
            2.4837097,
            48.9033746
          ],
          [
            2.4840915,
            48.903386
          ],
          [
            2.4841319,
            48.9033831
          ],
          [
            2.4844431,
            48.9033481
          ],
          [
            2.4847774,
            48.9033244
          ],
          [
            2.4852717,
            48.903314
          ],
          [
            2.4853164,
            48.9033045
          ],
          [
            2.4856679,
            48.9032297
          ],
          [
            2.4858505,
            48.9030887
          ]
        ]
      },
      "id": "way/902047432"
    },
    {
      "type": "Feature",
      "properties": {
        "@id": "way/902047433",
        "highway": "footway"
      },
      "geometry": {
        "type": "LineString",
        "coordinates": [
          [
            2.4853164,
            48.9033045
          ],
          [
            2.4854244,
            48.9035195
          ],
          [
            2.4854705,
            48.9035953
          ],
          [
            2.4855829,
            48.9036824
          ],
          [
            2.4857054,
            48.9037743
          ],
          [
            2.4857731,
            48.9038207
          ],
          [
            2.4857874,
            48.9038483
          ]
        ]
      },
      "id": "way/902047433"
    },
    {
      "type": "Feature",
      "properties": {
        "@id": "way/902047434",
        "highway": "footway",
        "name": "Allée des Iris"
      },
      "geometry": {
        "type": "LineString",
        "coordinates": [
          [
            2.4857874,
            48.9038483
          ],
          [
            2.4858678,
            48.9038056
          ],
          [
            2.4858242,
            48.9037701
          ],
          [
            2.4858574,
            48.9037525
          ]
        ]
      },
      "id": "way/902047434"
    },
    {
      "type": "Feature",
      "properties": {
        "@id": "way/902047435",
        "highway": "footway"
      },
      "geometry": {
        "type": "LineString",
        "coordinates": [
          [
            2.4856679,
            48.9032297
          ],
          [
            2.4857539,
            48.9033111
          ],
          [
            2.4862065,
            48.903426
          ],
          [
            2.4863283,
            48.9034374
          ],
          [
            2.4865217,
            48.9034663
          ],
          [
            2.4867262,
            48.903346
          ],
          [
            2.4867029,
            48.90326
          ]
        ]
      },
      "id": "way/902047435"
    },
    {
      "type": "Feature",
      "properties": {
        "@id": "way/902047436",
        "highway": "footway"
      },
      "geometry": {
        "type": "LineString",
        "coordinates": [
          [
            2.4858161,
            48.903065
          ],
          [
            2.4861519,
            48.9028369
          ],
          [
            2.4862174,
            48.9027619
          ],
          [
            2.4862015,
            48.9026993
          ],
          [
            2.4862233,
            48.9025048
          ],
          [
            2.4862511,
            48.9023913
          ],
          [
            2.4862402,
            48.9022426
          ],
          [
            2.486251,
            48.9021143
          ]
        ]
      },
      "id": "way/902047436"
    },
    {
      "type": "Feature",
      "properties": {
        "@id": "way/902047437",
        "highway": "footway"
      },
      "geometry": {
        "type": "LineString",
        "coordinates": [
          [
            2.4847809,
            48.9037793
          ],
          [
            2.4847285,
            48.9037473
          ],
          [
            2.4846599,
            48.9036978
          ],
          [
            2.4845756,
            48.9036225
          ],
          [
            2.4844914,
            48.9035449
          ],
          [
            2.4844588,
            48.9034784
          ],
          [
            2.4844431,
            48.9033481
          ]
        ]
      },
      "id": "way/902047437"
    },
    {
      "type": "Feature",
      "properties": {
        "@id": "way/902047438",
        "highway": "footway"
      },
      "geometry": {
        "type": "LineString",
        "coordinates": [
          [
            2.4855931,
            48.9047005
          ],
          [
            2.48561,
            48.904655
          ],
          [
            2.4856133,
            48.9046099
          ],
          [
            2.4856084,
            48.904242
          ],
          [
            2.4856708,
            48.9040468
          ]
        ]
      },
      "id": "way/902047438"
    },
    {
      "type": "Feature",
      "properties": {
        "@id": "way/902047439",
        "crossing": "marked",
        "footway": "crossing",
        "highway": "footway"
      },
      "geometry": {
        "type": "LineString",
        "coordinates": [
          [
            2.4860103,
            48.9018137
          ],
          [
            2.4860026,
            48.9017598
          ]
        ]
      },
      "id": "way/902047439"
    },
    {
      "type": "Feature",
      "properties": {
        "@id": "way/902047440",
        "crossing": "marked",
        "footway": "crossing",
        "highway": "footway"
      },
      "geometry": {
        "type": "LineString",
        "coordinates": [
          [
            2.4865905,
            48.9017722
          ],
          [
            2.4865821,
            48.9017246
          ]
        ]
      },
      "id": "way/902047440"
    },
    {
      "type": "Feature",
      "properties": {
        "@id": "way/902047441",
        "highway": "footway"
      },
      "geometry": {
        "type": "LineString",
        "coordinates": [
          [
            2.4855829,
            48.9036824
          ],
          [
            2.4855949,
            48.9035839
          ],
          [
            2.4856679,
            48.9032297
          ]
        ]
      },
      "id": "way/902047441"
    },
    {
      "type": "Feature",
      "properties": {
        "@id": "way/902047442",
        "footway": "sidewalk",
        "highway": "footway"
      },
      "geometry": {
        "type": "LineString",
        "coordinates": [
          [
            2.4835758,
            48.9033762
          ],
          [
            2.4834558,
            48.9034075
          ],
          [
            2.4832623,
            48.9034675
          ],
          [
            2.4831611,
            48.903499
          ]
        ]
      },
      "id": "way/902047442"
    },
    {
      "type": "Feature",
      "properties": {
        "@id": "way/902047443",
        "highway": "footway",
        "layer": "-1",
        "lit": "no",
        "surface": "asphalt",
        "tunnel": "yes"
      },
      "geometry": {
        "type": "LineString",
        "coordinates": [
          [
            2.4817537,
            48.9061522
          ],
          [
            2.4818021,
            48.9060325
          ]
        ]
      },
      "id": "way/902047443"
    },
    {
      "type": "Feature",
      "properties": {
        "@id": "way/902047444",
        "highway": "footway",
        "lit": "no",
        "surface": "asphalt"
      },
      "geometry": {
        "type": "LineString",
        "coordinates": [
          [
            2.4818021,
            48.9060325
          ],
          [
            2.4818268,
            48.9059724
          ]
        ]
      },
      "id": "way/902047444"
    },
    {
      "type": "Feature",
      "properties": {
        "@id": "way/902047445",
        "highway": "footway",
        "lit": "no",
        "surface": "asphalt"
      },
      "geometry": {
        "type": "LineString",
        "coordinates": [
          [
            2.4817322,
            48.9062051
          ],
          [
            2.4817537,
            48.9061522
          ]
        ]
      },
      "id": "way/902047445"
    },
    {
      "type": "Feature",
      "properties": {
        "@id": "way/902047548",
        "highway": "footway",
        "lit": "no",
        "surface": "concrete"
      },
      "geometry": {
        "type": "LineString",
        "coordinates": [
          [
            2.4803706,
            48.9070931
          ],
          [
            2.4803803,
            48.9070278
          ],
          [
            2.4802809,
            48.9070214
          ]
        ]
      },
      "id": "way/902047548"
    },
    {
      "type": "Feature",
      "properties": {
        "@id": "way/903305882",
        "crossing": "marked",
        "footway": "crossing",
        "highway": "footway"
      },
      "geometry": {
        "type": "LineString",
        "coordinates": [
          [
            2.4787377,
            48.8937899
          ],
          [
            2.4787292,
            48.8937453
          ],
          [
            2.4787448,
            48.8936908
          ]
        ]
      },
      "id": "way/903305882"
    },
    {
      "type": "Feature",
      "properties": {
        "@id": "way/903305883",
        "highway": "footway"
      },
      "geometry": {
        "type": "LineString",
        "coordinates": [
          [
            2.4779464,
            48.8952595
          ],
          [
            2.4780445,
            48.8951438
          ]
        ]
      },
      "id": "way/903305883"
    },
    {
      "type": "Feature",
      "properties": {
        "@id": "way/903305886",
        "access": "private",
        "highway": "footway",
        "motor_vehicle": "no"
      },
      "geometry": {
        "type": "LineString",
        "coordinates": [
          [
            2.4748304,
            48.8954394
          ],
          [
            2.4748589,
            48.8954761
          ],
          [
            2.4750419,
            48.8957698
          ]
        ]
      },
      "id": "way/903305886"
    },
    {
      "type": "Feature",
      "properties": {
        "@id": "way/903305887",
        "highway": "footway"
      },
      "geometry": {
        "type": "LineString",
        "coordinates": [
          [
            2.4750419,
            48.8957698
          ],
          [
            2.4749903,
            48.8958226
          ]
        ]
      },
      "id": "way/903305887"
    },
    {
      "type": "Feature",
      "properties": {
        "@id": "way/903305894",
        "access": "private",
        "highway": "footway"
      },
      "geometry": {
        "type": "LineString",
        "coordinates": [
          [
            2.4759776,
            48.8952442
          ],
          [
            2.4758391,
            48.8952109
          ],
          [
            2.4756927,
            48.8948791
          ],
          [
            2.4759605,
            48.8948232
          ],
          [
            2.4760515,
            48.8948562
          ]
        ]
      },
      "id": "way/903305894"
    },
    {
      "type": "Feature",
      "properties": {
        "@id": "way/903305895",
        "access": "private",
        "highway": "footway"
      },
      "geometry": {
        "type": "LineString",
        "coordinates": [
          [
            2.4759776,
            48.8952442
          ],
          [
            2.4759802,
            48.8951734
          ],
          [
            2.4761169,
            48.8951328
          ],
          [
            2.4760834,
            48.8949299
          ]
        ]
      },
      "id": "way/903305895"
    },
    {
      "type": "Feature",
      "properties": {
        "@id": "way/903305897",
        "access": "private",
        "highway": "footway"
      },
      "geometry": {
        "type": "LineString",
        "coordinates": [
          [
            2.4760575,
            48.8948776
          ],
          [
            2.4760515,
            48.8948562
          ]
        ]
      },
      "id": "way/903305897"
    },
    {
      "type": "Feature",
      "properties": {
        "@id": "way/903305899",
        "highway": "footway"
      },
      "geometry": {
        "type": "LineString",
        "coordinates": [
          [
            2.4760753,
            48.8948438
          ],
          [
            2.4761305,
            48.8948132
          ]
        ]
      },
      "id": "way/903305899"
    },
    {
      "type": "Feature",
      "properties": {
        "@id": "way/903307315",
        "highway": "footway"
      },
      "geometry": {
        "type": "LineString",
        "coordinates": [
          [
            2.4731529,
            48.904116
          ],
          [
            2.4730674,
            48.9040826
          ]
        ]
      },
      "id": "way/903307315"
    },
    {
      "type": "Feature",
      "properties": {
        "@id": "way/903307808",
        "footway": "sidewalk",
        "highway": "footway"
      },
      "geometry": {
        "type": "LineString",
        "coordinates": [
          [
            2.4803768,
            48.9028993
          ],
          [
            2.4803577,
            48.9028526
          ]
        ]
      },
      "id": "way/903307808"
    },
    {
      "type": "Feature",
      "properties": {
        "@id": "way/903307809",
        "crossing": "marked",
        "footway": "crossing",
        "highway": "footway"
      },
      "geometry": {
        "type": "LineString",
        "coordinates": [
          [
            2.4821163,
            48.9011928
          ],
          [
            2.4821776,
            48.9011805
          ]
        ]
      },
      "id": "way/903307809"
    },
    {
      "type": "Feature",
      "properties": {
        "@id": "way/903307881",
        "crossing": "marked",
        "crossing:markings": "yes",
        "footway": "crossing",
        "highway": "footway",
        "lit": "no",
        "surface": "asphalt"
      },
      "geometry": {
        "type": "LineString",
        "coordinates": [
          [
            2.4771978,
            48.9036761
          ],
          [
            2.4771783,
            48.9036091
          ],
          [
            2.4771572,
            48.9035512
          ]
        ]
      },
      "id": "way/903307881"
    },
    {
      "type": "Feature",
      "properties": {
        "@id": "way/903307882",
        "crossing": "marked",
        "crossing:island": "no",
        "crossing:markings": "yes",
        "footway": "crossing",
        "highway": "footway",
        "surface": "asphalt"
      },
      "geometry": {
        "type": "LineString",
        "coordinates": [
          [
            2.4764151,
            48.9037607
          ],
          [
            2.4764065,
            48.9037237
          ],
          [
            2.4763922,
            48.903663
          ]
        ]
      },
      "id": "way/903307882"
    },
    {
      "type": "Feature",
      "properties": {
        "@id": "way/903553270",
        "highway": "footway"
      },
      "geometry": {
        "type": "LineString",
        "coordinates": [
          [
            2.494096,
            48.9057052
          ],
          [
            2.4940647,
            48.9056884
          ],
          [
            2.4940199,
            48.905683
          ],
          [
            2.4940335,
            48.9054695
          ],
          [
            2.4940362,
            48.9054274
          ]
        ]
      },
      "id": "way/903553270"
    },
    {
      "type": "Feature",
      "properties": {
        "@id": "way/903553271",
        "highway": "footway"
      },
      "geometry": {
        "type": "LineString",
        "coordinates": [
          [
            2.497167,
            48.9050646
          ],
          [
            2.4971811,
            48.9050247
          ],
          [
            2.4971626,
            48.904895
          ],
          [
            2.4971413,
            48.9047623
          ],
          [
            2.4971355,
            48.9047258
          ]
        ]
      },
      "id": "way/903553271"
    },
    {
      "type": "Feature",
      "properties": {
        "@id": "way/911135017",
        "highway": "footway"
      },
      "geometry": {
        "type": "LineString",
        "coordinates": [
          [
            2.4774417,
            48.9112778
          ],
          [
            2.4777418,
            48.9112397
          ],
          [
            2.4778864,
            48.9112214
          ],
          [
            2.4779027,
            48.9112193
          ],
          [
            2.4779521,
            48.9113874
          ],
          [
            2.4784753,
            48.911321
          ]
        ]
      },
      "id": "way/911135017"
    },
    {
      "type": "Feature",
      "properties": {
        "@id": "way/913033850",
        "highway": "footway"
      },
      "geometry": {
        "type": "LineString",
        "coordinates": [
          [
            2.4866656,
            48.8970014
          ],
          [
            2.4864794,
            48.8966031
          ],
          [
            2.4866917,
            48.896207
          ]
        ]
      },
      "id": "way/913033850"
    },
    {
      "type": "Feature",
      "properties": {
        "@id": "way/913033851",
        "highway": "footway"
      },
      "geometry": {
        "type": "LineString",
        "coordinates": [
          [
            2.4878883,
            48.8969602
          ],
          [
            2.4868052,
            48.8971356
          ]
        ]
      },
      "id": "way/913033851"
    },
    {
      "type": "Feature",
      "properties": {
        "@id": "way/934168826",
        "bicycle": "yes",
        "crossing": "uncontrolled",
        "crossing:markings": "zebra",
        "footway": "crossing",
        "highway": "footway",
        "source": "BDOrtho IGN"
      },
      "geometry": {
        "type": "LineString",
        "coordinates": [
          [
            2.4920464,
            48.9159325
          ],
          [
            2.4920613,
            48.915994
          ],
          [
            2.4920765,
            48.9160544
          ],
          [
            2.4920441,
            48.916078
          ],
          [
            2.4920074,
            48.9161015
          ]
        ]
      },
      "id": "way/934168826"
    },
    {
      "type": "Feature",
      "properties": {
        "@id": "way/934168827",
        "bicycle": "yes",
        "highway": "footway",
        "source": "BDOrtho IGN"
      },
      "geometry": {
        "type": "LineString",
        "coordinates": [
          [
            2.4920464,
            48.9159325
          ],
          [
            2.4920706,
            48.9158895
          ],
          [
            2.4921527,
            48.9158692
          ],
          [
            2.4922684,
            48.9158536
          ],
          [
            2.4923086,
            48.9159404
          ],
          [
            2.4923059,
            48.9159678
          ]
        ]
      },
      "id": "way/934168827"
    },
    {
      "type": "Feature",
      "properties": {
        "@id": "way/935148327",
        "crossing": "marked",
        "footway": "crossing",
        "highway": "footway"
      },
      "geometry": {
        "type": "LineString",
        "coordinates": [
          [
            2.4887769,
            48.906784
          ],
          [
            2.4886946,
            48.9067451
          ]
        ]
      },
      "id": "way/935148327"
    },
    {
      "type": "Feature",
      "properties": {
        "@id": "way/935148328",
        "crossing": "marked",
        "crossing:island": "yes",
        "crossing:markings": "yes",
        "footway": "crossing",
        "highway": "footway"
      },
      "geometry": {
        "type": "LineString",
        "coordinates": [
          [
            2.4887545,
            48.9069375
          ],
          [
            2.4885858,
            48.9069241
          ],
          [
            2.4885142,
            48.9069144
          ],
          [
            2.4884749,
            48.9068901
          ]
        ]
      },
      "id": "way/935148328"
    },
    {
      "type": "Feature",
      "properties": {
        "@id": "way/935148334",
        "bicycle": "designated",
        "cycleway": "crossing",
        "foot": "designated",
        "footway": "crossing",
        "highway": "path",
        "lit": "yes",
        "segregated": "yes",
        "surface": "asphalt"
      },
      "geometry": {
        "type": "LineString",
        "coordinates": [
          [
            2.4857039,
            48.9047766
          ],
          [
            2.4857435,
            48.9048038
          ],
          [
            2.4858261,
            48.9048606
          ],
          [
            2.4858851,
            48.9049016
          ]
        ]
      },
      "id": "way/935148334"
    },
    {
      "type": "Feature",
      "properties": {
        "@id": "way/935148336",
        "bicycle": "yes",
        "crossing": "marked",
        "cycleway": "crossing",
        "footway": "crossing",
        "highway": "footway"
      },
      "geometry": {
        "type": "LineString",
        "coordinates": [
          [
            2.4884245,
            48.906755
          ],
          [
            2.4884949,
            48.9067174
          ]
        ]
      },
      "id": "way/935148336"
    },
    {
      "type": "Feature",
      "properties": {
        "@id": "way/987738034",
        "footway": "sidewalk",
        "highway": "footway"
      },
      "geometry": {
        "type": "LineString",
        "coordinates": [
          [
            2.476147,
            48.8937282
          ],
          [
            2.4760488,
            48.8937648
          ],
          [
            2.4759876,
            48.893765
          ],
          [
            2.4758794,
            48.8937382
          ]
        ]
      },
      "id": "way/987738034"
    },
    {
      "type": "Feature",
      "properties": {
        "@id": "way/992240842",
        "highway": "footway",
        "indoor": "yes",
        "layer": "-1",
        "level": "-1",
        "tunnel": "yes"
      },
      "geometry": {
        "type": "LineString",
        "coordinates": [
          [
            2.4797582,
            48.8940777
          ],
          [
            2.4797888,
            48.8940732
          ],
          [
            2.4798053,
            48.8940707
          ]
        ]
      },
      "id": "way/992240842"
    },
    {
      "type": "Feature",
      "properties": {
        "@id": "way/992240843",
        "highway": "footway",
        "indoor": "yes",
        "layer": "-1",
        "level": "-1",
        "tunnel": "yes"
      },
      "geometry": {
        "type": "LineString",
        "coordinates": [
          [
            2.4796832,
            48.8938366
          ],
          [
            2.4797174,
            48.893832
          ],
          [
            2.4797304,
            48.8938303
          ]
        ]
      },
      "id": "way/992240843"
    },
    {
      "type": "Feature",
      "properties": {
        "@id": "way/992240844",
        "highway": "footway"
      },
      "geometry": {
        "type": "LineString",
        "coordinates": [
          [
            2.4798654,
            48.8936779
          ],
          [
            2.4798633,
            48.8936632
          ]
        ]
      },
      "id": "way/992240844"
    },
    {
      "type": "Feature",
      "properties": {
        "@id": "way/992240845",
        "highway": "footway",
        "indoor": "yes",
        "level": "0"
      },
      "geometry": {
        "type": "LineString",
        "coordinates": [
          [
            2.4799506,
            48.8936655
          ],
          [
            2.4799602,
            48.8936957
          ],
          [
            2.4799115,
            48.8937024
          ]
        ]
      },
      "id": "way/992240845"
    },
    {
      "type": "Feature",
      "properties": {
        "@id": "way/992240846",
        "highway": "footway",
        "indoor": "yes",
        "level": "0"
      },
      "geometry": {
        "type": "LineString",
        "coordinates": [
          [
            2.4798748,
            48.8937074
          ],
          [
            2.4798654,
            48.8936779
          ]
        ]
      },
      "id": "way/992240846"
    },
    {
      "type": "Feature",
      "properties": {
        "@id": "way/992240847",
        "highway": "footway",
        "indoor": "yes",
        "level": "0"
      },
      "geometry": {
        "type": "LineString",
        "coordinates": [
          [
            2.4796758,
            48.8937055
          ],
          [
            2.4796859,
            48.8937378
          ],
          [
            2.4796223,
            48.8937464
          ],
          [
            2.4796033,
            48.8937489
          ]
        ]
      },
      "id": "way/992240847"
    },
    {
      "type": "Feature",
      "properties": {
        "@id": "way/992240848",
        "highway": "footway",
        "indoor": "yes",
        "level": "0"
      },
      "geometry": {
        "type": "LineString",
        "coordinates": [
          [
            2.4798363,
            48.8937127
          ],
          [
            2.4798748,
            48.8937074
          ],
          [
            2.4799115,
            48.8937024
          ]
        ]
      },
      "id": "way/992240848"
    },
    {
      "type": "Feature",
      "properties": {
        "@id": "way/997271644",
        "highway": "footway"
      },
      "geometry": {
        "type": "LineString",
        "coordinates": [
          [
            2.479672,
            48.8936916
          ],
          [
            2.4796758,
            48.8937055
          ]
        ]
      },
      "id": "way/997271644"
    },
    {
      "type": "Feature",
      "properties": {
        "@id": "way/1027033322",
        "highway": "footway",
        "name": "Quai Hubertine Auclert"
      },
      "geometry": {
        "type": "LineString",
        "coordinates": [
          [
            2.4780105,
            48.9068982
          ],
          [
            2.4784874,
            48.9070452
          ],
          [
            2.4791145,
            48.9071683
          ],
          [
            2.479261,
            48.9072105
          ],
          [
            2.4792665,
            48.9072516
          ],
          [
            2.4793278,
            48.9072852
          ],
          [
            2.4798259,
            48.9073891
          ],
          [
            2.4800523,
            48.9074363
          ],
          [
            2.4801122,
            48.9074483
          ]
        ]
      },
      "id": "way/1027033322"
    },
    {
      "type": "Feature",
      "properties": {
        "@id": "way/1041828494",
        "crossing": "marked",
        "footway": "crossing",
        "highway": "footway"
      },
      "geometry": {
        "type": "LineString",
        "coordinates": [
          [
            2.4817682,
            48.9026676
          ],
          [
            2.4817296,
            48.9025787
          ]
        ]
      },
      "id": "way/1041828494"
    },
    {
      "type": "Feature",
      "properties": {
        "@id": "way/1047479794",
        "highway": "footway"
      },
      "geometry": {
        "type": "LineString",
        "coordinates": [
          [
            2.4893781,
            48.8936432
          ],
          [
            2.4897044,
            48.8935864
          ],
          [
            2.4897688,
            48.8935817
          ]
        ]
      },
      "id": "way/1047479794"
    },
    {
      "type": "Feature",
      "properties": {
        "@id": "way/1047481954",
        "highway": "footway",
        "name": "Allée Millet"
      },
      "geometry": {
        "type": "LineString",
        "coordinates": [
          [
            2.4854335,
            48.894903
          ],
          [
            2.4852804,
            48.8949379
          ],
          [
            2.4852938,
            48.8949687
          ],
          [
            2.4851672,
            48.8949979
          ],
          [
            2.4851176,
            48.8950085
          ],
          [
            2.4851471,
            48.8950711
          ]
        ]
      },
      "id": "way/1047481954"
    },
    {
      "type": "Feature",
      "properties": {
        "@id": "way/1047481955",
        "highway": "footway",
        "name": "Allée Watteau"
      },
      "geometry": {
        "type": "LineString",
        "coordinates": [
          [
            2.4856246,
            48.8951072
          ],
          [
            2.4857391,
            48.8952941
          ],
          [
            2.4857824,
            48.8953718
          ],
          [
            2.4857867,
            48.8953782
          ],
          [
            2.4858114,
            48.8954185
          ]
        ]
      },
      "id": "way/1047481955"
    },
    {
      "type": "Feature",
      "properties": {
        "@id": "way/1047481956",
        "highway": "footway",
        "name": "Place Gauguin"
      },
      "geometry": {
        "type": "LineString",
        "coordinates": [
          [
            2.4849071,
            48.8951319
          ],
          [
            2.4849674,
            48.8952218
          ]
        ]
      },
      "id": "way/1047481956"
    },
    {
      "type": "Feature",
      "properties": {
        "@id": "way/1047485557",
        "access": "private",
        "highway": "footway"
      },
      "geometry": {
        "type": "LineString",
        "coordinates": [
          [
            2.4919572,
            48.8968755
          ],
          [
            2.4919894,
            48.8968649
          ],
          [
            2.4920457,
            48.8968464
          ],
          [
            2.4920623,
            48.8968698
          ]
        ]
      },
      "id": "way/1047485557"
    },
    {
      "type": "Feature",
      "properties": {
        "@id": "way/1047494579",
        "highway": "footway"
      },
      "geometry": {
        "type": "LineString",
        "coordinates": [
          [
            2.4849003,
            48.905697
          ],
          [
            2.4852496,
            48.9058561
          ]
        ]
      },
      "id": "way/1047494579"
    },
    {
      "type": "Feature",
      "properties": {
        "@id": "way/1047699874",
        "highway": "footway"
      },
      "geometry": {
        "type": "LineString",
        "coordinates": [
          [
            2.478558,
            48.905239
          ],
          [
            2.478544,
            48.905239
          ],
          [
            2.4785011,
            48.9052391
          ]
        ]
      },
      "id": "way/1047699874"
    },
    {
      "type": "Feature",
      "properties": {
        "@id": "way/1047699875",
        "crossing": "marked",
        "footway": "crossing",
        "highway": "footway"
      },
      "geometry": {
        "type": "LineString",
        "coordinates": [
          [
            2.4788883,
            48.9049493
          ],
          [
            2.4788854,
            48.9049128
          ]
        ]
      },
      "id": "way/1047699875"
    },
    {
      "type": "Feature",
      "properties": {
        "@id": "way/1047699876",
        "crossing": "marked",
        "footway": "crossing",
        "highway": "footway"
      },
      "geometry": {
        "type": "LineString",
        "coordinates": [
          [
            2.4785487,
            48.9054224
          ],
          [
            2.4784936,
            48.9054135
          ]
        ]
      },
      "id": "way/1047699876"
    },
    {
      "type": "Feature",
      "properties": {
        "@id": "way/1047734558",
        "highway": "footway",
        "name": "Sente Gustave Douchy"
      },
      "geometry": {
        "type": "LineString",
        "coordinates": [
          [
            2.4786612,
            48.9008178
          ],
          [
            2.4789723,
            48.9007635
          ],
          [
            2.4790089,
            48.9007571
          ],
          [
            2.4792054,
            48.9007228
          ],
          [
            2.4793734,
            48.9007169
          ],
          [
            2.4796483,
            48.9006714
          ]
        ]
      },
      "id": "way/1047734558"
    },
    {
      "type": "Feature",
      "properties": {
        "@id": "way/1047734559",
        "highway": "footway"
      },
      "geometry": {
        "type": "LineString",
        "coordinates": [
          [
            2.4789981,
            48.9008298
          ],
          [
            2.4789768,
            48.9007769
          ],
          [
            2.4789723,
            48.9007635
          ]
        ]
      },
      "id": "way/1047734559"
    },
    {
      "type": "Feature",
      "properties": {
        "@id": "way/1047734560",
        "highway": "footway"
      },
      "geometry": {
        "type": "LineString",
        "coordinates": [
          [
            2.479507,
            48.9023476
          ],
          [
            2.4795942,
            48.902323
          ],
          [
            2.4796222,
            48.9022809
          ],
          [
            2.479647,
            48.9022487
          ],
          [
            2.4796521,
            48.9022422
          ],
          [
            2.4797637,
            48.9021688
          ],
          [
            2.4797761,
            48.9021389
          ],
          [
            2.4797617,
            48.9021076
          ],
          [
            2.4796872,
            48.9020437
          ],
          [
            2.479662,
            48.9020088
          ],
          [
            2.4795911,
            48.9019105
          ],
          [
            2.4795257,
            48.9018362
          ]
        ]
      },
      "id": "way/1047734560"
    },
    {
      "type": "Feature",
      "properties": {
        "@id": "way/1047734561",
        "highway": "footway"
      },
      "geometry": {
        "type": "LineString",
        "coordinates": [
          [
            2.4794166,
            48.9018648
          ],
          [
            2.4795383,
            48.9020498
          ],
          [
            2.4795724,
            48.9021049
          ],
          [
            2.4795714,
            48.9021429
          ],
          [
            2.4796159,
            48.9022061
          ],
          [
            2.479647,
            48.9022487
          ],
          [
            2.4796665,
            48.9022789
          ],
          [
            2.479711,
            48.9022911
          ],
          [
            2.4797803,
            48.902285
          ],
          [
            2.4798175,
            48.9022687
          ],
          [
            2.4798196,
            48.902236
          ],
          [
            2.4798133,
            48.9022
          ],
          [
            2.4797958,
            48.9021572
          ],
          [
            2.4797761,
            48.9021389
          ]
        ]
      },
      "id": "way/1047734561"
    },
    {
      "type": "Feature",
      "properties": {
        "@id": "way/1047734562",
        "highway": "footway"
      },
      "geometry": {
        "type": "LineString",
        "coordinates": [
          [
            2.4795724,
            48.9021049
          ],
          [
            2.479662,
            48.9020088
          ]
        ]
      },
      "id": "way/1047734562"
    },
    {
      "type": "Feature",
      "properties": {
        "@id": "way/1047734563",
        "highway": "footway"
      },
      "geometry": {
        "type": "LineString",
        "coordinates": [
          [
            2.4797672,
            48.9017103
          ],
          [
            2.4798082,
            48.9015795
          ],
          [
            2.4797027,
            48.901483
          ],
          [
            2.4796293,
            48.9014286
          ],
          [
            2.4795145,
            48.9013688
          ],
          [
            2.4794132,
            48.9013158
          ],
          [
            2.4793543,
            48.9012709
          ],
          [
            2.4792571,
            48.9012893
          ],
          [
            2.4792102,
            48.9012077
          ]
        ]
      },
      "id": "way/1047734563"
    },
    {
      "type": "Feature",
      "properties": {
        "@id": "way/1047734564",
        "highway": "footway"
      },
      "geometry": {
        "type": "LineString",
        "coordinates": [
          [
            2.4792102,
            48.9012077
          ],
          [
            2.4793336,
            48.9011771
          ],
          [
            2.4793801,
            48.9011656
          ],
          [
            2.4793987,
            48.9012247
          ],
          [
            2.4795848,
            48.9012424
          ],
          [
            2.4796851,
            48.9012363
          ],
          [
            2.4797079,
            48.9012064
          ],
          [
            2.479651,
            48.9010738
          ],
          [
            2.4796055,
            48.9009535
          ],
          [
            2.4795827,
            48.9009047
          ],
          [
            2.479537,
            48.9008196
          ]
        ]
      },
      "id": "way/1047734564"
    },
    {
      "type": "Feature",
      "properties": {
        "@id": "way/1047734565",
        "highway": "footway"
      },
      "geometry": {
        "type": "LineString",
        "coordinates": [
          [
            2.4790989,
            48.9010144
          ],
          [
            2.4793357,
            48.9009607
          ],
          [
            2.4795827,
            48.9009047
          ]
        ]
      },
      "id": "way/1047734565"
    },
    {
      "type": "Feature",
      "properties": {
        "@id": "way/1047736002",
        "highway": "footway"
      },
      "geometry": {
        "type": "LineString",
        "coordinates": [
          [
            2.4776794,
            48.9012287
          ],
          [
            2.4777219,
            48.90122
          ],
          [
            2.4777721,
            48.9012096
          ],
          [
            2.4778248,
            48.9011819
          ],
          [
            2.4779218,
            48.9011082
          ]
        ]
      },
      "id": "way/1047736002"
    },
    {
      "type": "Feature",
      "properties": {
        "@id": "way/1047736003",
        "highway": "footway"
      },
      "geometry": {
        "type": "LineString",
        "coordinates": [
          [
            2.4776082,
            48.9010539
          ],
          [
            2.4776559,
            48.9010468
          ],
          [
            2.4777589,
            48.9010314
          ],
          [
            2.4779098,
            48.9010566
          ]
        ]
      },
      "id": "way/1047736003"
    },
    {
      "type": "Feature",
      "properties": {
        "@id": "way/1047736319",
        "highway": "footway",
        "name": "Place Albert Thomas"
      },
      "geometry": {
        "type": "LineString",
        "coordinates": [
          [
            2.4791378,
            48.8988122
          ],
          [
            2.4796083,
            48.8987288
          ]
        ]
      },
      "id": "way/1047736319"
    },
    {
      "type": "Feature",
      "properties": {
        "@id": "way/1047736320",
        "access": "permissive",
        "highway": "footway"
      },
      "geometry": {
        "type": "LineString",
        "coordinates": [
          [
            2.4803155,
            48.8986396
          ],
          [
            2.480371,
            48.8987537
          ],
          [
            2.4804513,
            48.8989189
          ],
          [
            2.4805787,
            48.8988924
          ],
          [
            2.4805009,
            48.898732
          ],
          [
            2.480371,
            48.8987537
          ]
        ]
      },
      "id": "way/1047736320"
    },
    {
      "type": "Feature",
      "properties": {
        "@id": "way/1047736321",
        "access": "permissive",
        "highway": "footway"
      },
      "geometry": {
        "type": "LineString",
        "coordinates": [
          [
            2.4801021,
            48.8986843
          ],
          [
            2.4801965,
            48.898881
          ]
        ]
      },
      "id": "way/1047736321"
    },
    {
      "type": "Feature",
      "properties": {
        "@id": "way/1047736514",
        "highway": "footway"
      },
      "geometry": {
        "type": "LineString",
        "coordinates": [
          [
            2.4770943,
            48.9096166
          ],
          [
            2.4771037,
            48.9095464
          ]
        ]
      },
      "id": "way/1047736514"
    },
    {
      "type": "Feature",
      "properties": {
        "@id": "way/1047736515",
        "highway": "footway"
      },
      "geometry": {
        "type": "LineString",
        "coordinates": [
          [
            2.4777542,
            48.9096487
          ],
          [
            2.4777627,
            48.9095757
          ]
        ]
      },
      "id": "way/1047736515"
    },
    {
      "type": "Feature",
      "properties": {
        "@id": "way/1047736516",
        "highway": "footway"
      },
      "geometry": {
        "type": "LineString",
        "coordinates": [
          [
            2.4783876,
            48.9096033
          ],
          [
            2.4783799,
            48.9096791
          ]
        ]
      },
      "id": "way/1047736516"
    },
    {
      "type": "Feature",
      "properties": {
        "@id": "way/1047736517",
        "highway": "footway"
      },
      "geometry": {
        "type": "LineString",
        "coordinates": [
          [
            2.4790504,
            48.9096288
          ],
          [
            2.479041,
            48.9096842
          ],
          [
            2.4790365,
            48.909711
          ]
        ]
      },
      "id": "way/1047736517"
    },
    {
      "type": "Feature",
      "properties": {
        "@id": "way/1049253962",
        "crossing": "marked",
        "footway": "crossing",
        "highway": "footway"
      },
      "geometry": {
        "type": "LineString",
        "coordinates": [
          [
            2.4955436,
            48.8895161
          ],
          [
            2.4956064,
            48.8895768
          ]
        ]
      },
      "id": "way/1049253962"
    },
    {
      "type": "Feature",
      "properties": {
        "@id": "way/1049253963",
        "crossing": "marked",
        "footway": "crossing",
        "highway": "footway"
      },
      "geometry": {
        "type": "LineString",
        "coordinates": [
          [
            2.4954224,
            48.8893466
          ],
          [
            2.4954706,
            48.8893941
          ]
        ]
      },
      "id": "way/1049253963"
    },
    {
      "type": "Feature",
      "properties": {
        "@id": "way/1049256542",
        "crossing": "marked",
        "footway": "crossing",
        "highway": "footway"
      },
      "geometry": {
        "type": "LineString",
        "coordinates": [
          [
            2.4788169,
            48.9154973
          ],
          [
            2.478867,
            48.9154906
          ]
        ]
      },
      "id": "way/1049256542"
    },
    {
      "type": "Feature",
      "properties": {
        "@id": "way/1049256543",
        "crossing": "marked",
        "footway": "crossing",
        "highway": "footway"
      },
      "geometry": {
        "type": "LineString",
        "coordinates": [
          [
            2.4789858,
            48.9151091
          ],
          [
            2.4790497,
            48.9151033
          ]
        ]
      },
      "id": "way/1049256543"
    },
    {
      "type": "Feature",
      "properties": {
        "@id": "way/1049260513",
        "highway": "footway",
        "layer": "-1",
        "name": "Mail Marie-Madeleine Fourcade"
      },
      "geometry": {
        "type": "LineString",
        "coordinates": [
          [
            2.4786874,
            48.9119456
          ],
          [
            2.4786828,
            48.9119064
          ]
        ]
      },
      "id": "way/1049260513"
    },
    {
      "type": "Feature",
      "properties": {
        "@id": "way/1049260514",
        "covered": "yes",
        "highway": "footway",
        "name": "Mail Marie-Madeleine Fourcade"
      },
      "geometry": {
        "type": "LineString",
        "coordinates": [
          [
            2.4786828,
            48.9119064
          ],
          [
            2.4786615,
            48.9118317
          ]
        ]
      },
      "id": "way/1049260514"
    },
    {
      "type": "Feature",
      "properties": {
        "@id": "way/1049292125",
        "highway": "footway",
        "surface": "concrete"
      },
      "geometry": {
        "type": "LineString",
        "coordinates": [
          [
            2.4868359,
            48.9086712
          ],
          [
            2.4867735,
            48.9088243
          ],
          [
            2.4866601,
            48.9088993
          ]
        ]
      },
      "id": "way/1049292125"
    },
    {
      "type": "Feature",
      "properties": {
        "@id": "way/1049292126",
        "highway": "footway",
        "surface": "concrete"
      },
      "geometry": {
        "type": "LineString",
        "coordinates": [
          [
            2.4868132,
            48.9086645
          ],
          [
            2.4867464,
            48.9088003
          ],
          [
            2.4867227,
            48.9087951
          ],
          [
            2.4867002,
            48.9087901
          ],
          [
            2.4867601,
            48.9086552
          ]
        ]
      },
      "id": "way/1049292126"
    },
    {
      "type": "Feature",
      "properties": {
        "@id": "way/1049292127",
        "highway": "footway",
        "surface": "concrete"
      },
      "geometry": {
        "type": "LineString",
        "coordinates": [
          [
            2.486953,
            48.9082996
          ],
          [
            2.4869637,
            48.9082723
          ]
        ]
      },
      "id": "way/1049292127"
    },
    {
      "type": "Feature",
      "properties": {
        "@id": "way/1049298444",
        "access": "private",
        "highway": "footway"
      },
      "geometry": {
        "type": "LineString",
        "coordinates": [
          [
            2.4850425,
            48.9111409
          ],
          [
            2.4850194,
            48.9110997
          ],
          [
            2.484992,
            48.9110371
          ],
          [
            2.484812,
            48.9109518
          ],
          [
            2.4848165,
            48.9108798
          ],
          [
            2.4848646,
            48.9107696
          ],
          [
            2.4849406,
            48.9106836
          ],
          [
            2.484973,
            48.9106212
          ],
          [
            2.4849574,
            48.9105649
          ],
          [
            2.4849484,
            48.910533
          ],
          [
            2.4848782,
            48.9104458
          ],
          [
            2.4848579,
            48.9104206
          ],
          [
            2.4847315,
            48.9102993
          ],
          [
            2.4847034,
            48.9102817
          ],
          [
            2.4845694,
            48.9101979
          ],
          [
            2.4844666,
            48.9101987
          ],
          [
            2.4843414,
            48.9102244
          ],
          [
            2.4838763,
            48.9103112
          ],
          [
            2.4835263,
            48.9103765
          ],
          [
            2.4834967,
            48.9103819
          ],
          [
            2.4833105,
            48.9104162
          ],
          [
            2.4832669,
            48.9104595
          ],
          [
            2.4832457,
            48.9105168
          ],
          [
            2.4832882,
            48.910605
          ],
          [
            2.4833754,
            48.9108034
          ],
          [
            2.4833564,
            48.9109548
          ],
          [
            2.4833318,
            48.9110092
          ],
          [
            2.4832267,
            48.9110297
          ],
          [
            2.4831093,
            48.9110474
          ],
          [
            2.4830478,
            48.9110922
          ],
          [
            2.4830187,
            48.9112333
          ]
        ]
      },
      "id": "way/1049298444"
    },
    {
      "type": "Feature",
      "properties": {
        "@id": "way/1049298445",
        "access": "private",
        "highway": "footway"
      },
      "geometry": {
        "type": "LineString",
        "coordinates": [
          [
            2.4834967,
            48.9103819
          ],
          [
            2.483921,
            48.9105771
          ],
          [
            2.4841524,
            48.9105977
          ],
          [
            2.4844084,
            48.9105822
          ],
          [
            2.4845806,
            48.9105396
          ],
          [
            2.4847908,
            48.9104735
          ],
          [
            2.4848782,
            48.9104458
          ]
        ]
      },
      "id": "way/1049298445"
    },
    {
      "type": "Feature",
      "properties": {
        "@id": "way/1049298446",
        "access": "private",
        "highway": "footway"
      },
      "geometry": {
        "type": "LineString",
        "coordinates": [
          [
            2.4838763,
            48.9103112
          ],
          [
            2.484054,
            48.9104661
          ],
          [
            2.4847034,
            48.9102817
          ]
        ]
      },
      "id": "way/1049298446"
    },
    {
      "type": "Feature",
      "properties": {
        "@id": "way/1049298447",
        "access": "private",
        "highway": "footway"
      },
      "geometry": {
        "type": "LineString",
        "coordinates": [
          [
            2.4849574,
            48.9105649
          ],
          [
            2.4853449,
            48.9106053
          ],
          [
            2.4854172,
            48.9106128
          ]
        ]
      },
      "id": "way/1049298447"
    },
    {
      "type": "Feature",
      "properties": {
        "@id": "way/1049298452",
        "highway": "footway"
      },
      "geometry": {
        "type": "LineString",
        "coordinates": [
          [
            2.4857307,
            48.9098679
          ],
          [
            2.4855472,
            48.9098112
          ],
          [
            2.4853238,
            48.9097425
          ]
        ]
      },
      "id": "way/1049298452"
    },
    {
      "type": "Feature",
      "properties": {
        "@id": "way/1049299885",
        "highway": "footway"
      },
      "geometry": {
        "type": "LineString",
        "coordinates": [
          [
            2.4853215,
            48.9107401
          ],
          [
            2.4854784,
            48.9106685
          ],
          [
            2.4856415,
            48.9105891
          ],
          [
            2.485758,
            48.9105451
          ],
          [
            2.4859135,
            48.9105032
          ],
          [
            2.4860592,
            48.9105046
          ],
          [
            2.486137,
            48.9105082
          ],
          [
            2.4862557,
            48.9105004
          ],
          [
            2.486341,
            48.9104663
          ],
          [
            2.4864371,
            48.9104124
          ],
          [
            2.4865094,
            48.9104152
          ],
          [
            2.4867264,
            48.9104514
          ],
          [
            2.4867944,
            48.910477
          ],
          [
            2.48687,
            48.9105607
          ],
          [
            2.4869227,
            48.9107055
          ]
        ]
      },
      "id": "way/1049299885"
    },
    {
      "type": "Feature",
      "properties": {
        "@id": "way/1049306780",
        "highway": "footway"
      },
      "geometry": {
        "type": "LineString",
        "coordinates": [
          [
            2.4827335,
            48.9001926
          ],
          [
            2.4830129,
            48.9001408
          ],
          [
            2.4853401,
            48.899782
          ],
          [
            2.4855014,
            48.8997245
          ]
        ]
      },
      "id": "way/1049306780"
    },
    {
      "type": "Feature",
      "properties": {
        "@id": "way/1049306784",
        "access": "private",
        "highway": "footway"
      },
      "geometry": {
        "type": "LineString",
        "coordinates": [
          [
            2.4876097,
            48.9009607
          ],
          [
            2.4879086,
            48.9009032
          ]
        ]
      },
      "id": "way/1049306784"
    },
    {
      "type": "Feature",
      "properties": {
        "@id": "way/1049306791",
        "access": "private",
        "highway": "footway"
      },
      "geometry": {
        "type": "LineString",
        "coordinates": [
          [
            2.4866092,
            48.9007495
          ],
          [
            2.4863351,
            48.9008047
          ],
          [
            2.486203,
            48.9008313
          ]
        ]
      },
      "id": "way/1049306791"
    },
    {
      "type": "Feature",
      "properties": {
        "@id": "way/1049306792",
        "access": "private",
        "highway": "footway"
      },
      "geometry": {
        "type": "LineString",
        "coordinates": [
          [
            2.4863797,
            48.9010874
          ],
          [
            2.4863351,
            48.9008047
          ],
          [
            2.4863094,
            48.9006417
          ],
          [
            2.4862852,
            48.9004886
          ],
          [
            2.4862725,
            48.9004083
          ],
          [
            2.4867603,
            48.9003243
          ]
        ]
      },
      "id": "way/1049306792"
    },
    {
      "type": "Feature",
      "properties": {
        "@id": "way/1049306793",
        "access": "private",
        "highway": "footway"
      },
      "geometry": {
        "type": "LineString",
        "coordinates": [
          [
            2.486407,
            48.9004733
          ],
          [
            2.4862852,
            48.9004886
          ]
        ]
      },
      "id": "way/1049306793"
    },
    {
      "type": "Feature",
      "properties": {
        "@id": "way/1049306794",
        "access": "private",
        "highway": "footway"
      },
      "geometry": {
        "type": "LineString",
        "coordinates": [
          [
            2.4864175,
            48.9006282
          ],
          [
            2.4863094,
            48.9006417
          ]
        ]
      },
      "id": "way/1049306794"
    },
    {
      "type": "Feature",
      "properties": {
        "@id": "way/1049310063",
        "highway": "footway"
      },
      "geometry": {
        "type": "LineString",
        "coordinates": [
          [
            2.4862174,
            48.9027619
          ],
          [
            2.4862669,
            48.902925
          ],
          [
            2.4863225,
            48.9030088
          ],
          [
            2.4863925,
            48.9030654
          ],
          [
            2.4864445,
            48.9030772
          ]
        ]
      },
      "id": "way/1049310063"
    },
    {
      "type": "Feature",
      "properties": {
        "@id": "way/1049310064",
        "highway": "footway"
      },
      "geometry": {
        "type": "LineString",
        "coordinates": [
          [
            2.4864284,
            48.9030371
          ],
          [
            2.486423,
            48.902938
          ],
          [
            2.4864445,
            48.9028885
          ],
          [
            2.4865289,
            48.9028755
          ],
          [
            2.4866796,
            48.9028814
          ],
          [
            2.4868787,
            48.902912
          ],
          [
            2.4870007,
            48.9029439
          ],
          [
            2.4870274,
            48.9029817
          ],
          [
            2.4870348,
            48.9029922
          ],
          [
            2.4870492,
            48.9030618
          ],
          [
            2.4870187,
            48.9031267
          ],
          [
            2.4869505,
            48.9031986
          ],
          [
            2.4868482,
            48.9032529
          ],
          [
            2.4867675,
            48.90326
          ],
          [
            2.4867029,
            48.90326
          ],
          [
            2.4866329,
            48.9032258
          ],
          [
            2.4865414,
            48.9031574
          ],
          [
            2.4864445,
            48.9030772
          ],
          [
            2.4864284,
            48.9030371
          ]
        ]
      },
      "id": "way/1049310064"
    },
    {
      "type": "Feature",
      "properties": {
        "@id": "way/1049310066",
        "highway": "footway"
      },
      "geometry": {
        "type": "LineString",
        "coordinates": [
          [
            2.4868235,
            48.9038111
          ],
          [
            2.4869684,
            48.9039263
          ],
          [
            2.4870599,
            48.9039522
          ],
          [
            2.4871353,
            48.9039381
          ],
          [
            2.4871927,
            48.9039157
          ],
          [
            2.4872537,
            48.9038638
          ],
          [
            2.4873021,
            48.9037541
          ],
          [
            2.487347,
            48.9036975
          ],
          [
            2.487408,
            48.903655
          ],
          [
            2.4875515,
            48.9036149
          ],
          [
            2.4876305,
            48.9035689
          ],
          [
            2.487661,
            48.9035005
          ],
          [
            2.4876681,
            48.9034274
          ],
          [
            2.4876305,
            48.903372
          ],
          [
            2.4875049,
            48.903306
          ],
          [
            2.4873833,
            48.9032307
          ]
        ]
      },
      "id": "way/1049310066"
    },
    {
      "type": "Feature",
      "properties": {
        "@id": "way/1049310067",
        "highway": "footway"
      },
      "geometry": {
        "type": "LineString",
        "coordinates": [
          [
            2.4870274,
            48.9029817
          ],
          [
            2.4870707,
            48.9029345
          ],
          [
            2.4869989,
            48.9028708
          ],
          [
            2.4868931,
            48.9027705
          ],
          [
            2.4868285,
            48.9026325
          ],
          [
            2.4867603,
            48.9023141
          ],
          [
            2.4868087,
            48.9021419
          ],
          [
            2.4868687,
            48.9020536
          ]
        ]
      },
      "id": "way/1049310067"
    },
    {
      "type": "Feature",
      "properties": {
        "@id": "way/1049310068",
        "highway": "footway"
      },
      "geometry": {
        "type": "LineString",
        "coordinates": [
          [
            2.4862174,
            48.9027619
          ],
          [
            2.4864858,
            48.9025264
          ],
          [
            2.4867603,
            48.9023141
          ]
        ]
      },
      "id": "way/1049310068"
    },
    {
      "type": "Feature",
      "properties": {
        "@id": "way/1049310069",
        "highway": "footway"
      },
      "geometry": {
        "type": "LineString",
        "coordinates": [
          [
            2.4862511,
            48.9023913
          ],
          [
            2.4864104,
            48.9023271
          ],
          [
            2.4866939,
            48.9021903
          ],
          [
            2.4868087,
            48.9021419
          ]
        ]
      },
      "id": "way/1049310069"
    },
    {
      "type": "Feature",
      "properties": {
        "@id": "way/1049319787",
        "highway": "footway"
      },
      "geometry": {
        "type": "LineString",
        "coordinates": [
          [
            2.4837358,
            48.8998043
          ],
          [
            2.4836655,
            48.8996114
          ]
        ]
      },
      "id": "way/1049319787"
    },
    {
      "type": "Feature",
      "properties": {
        "@id": "way/1049319788",
        "highway": "footway"
      },
      "geometry": {
        "type": "LineString",
        "coordinates": [
          [
            2.4834548,
            48.8996408
          ],
          [
            2.4828404,
            48.8997335
          ]
        ]
      },
      "id": "way/1049319788"
    },
    {
      "type": "Feature",
      "properties": {
        "@id": "way/1049319789",
        "highway": "footway"
      },
      "geometry": {
        "type": "LineString",
        "coordinates": [
          [
            2.4828172,
            48.8997362
          ],
          [
            2.4825859,
            48.8997712
          ]
        ]
      },
      "id": "way/1049319789"
    },
    {
      "type": "Feature",
      "properties": {
        "@id": "way/1049319790",
        "covered": "yes",
        "highway": "footway"
      },
      "geometry": {
        "type": "LineString",
        "coordinates": [
          [
            2.4828404,
            48.8997335
          ],
          [
            2.4828172,
            48.8997362
          ]
        ]
      },
      "id": "way/1049319790"
    },
    {
      "type": "Feature",
      "properties": {
        "@id": "way/1049319791",
        "covered": "yes",
        "highway": "footway"
      },
      "geometry": {
        "type": "LineString",
        "coordinates": [
          [
            2.4837195,
            48.8994163
          ],
          [
            2.4837641,
            48.8995516
          ],
          [
            2.4837624,
            48.8995849
          ],
          [
            2.4837315,
            48.8996029
          ],
          [
            2.4836655,
            48.8996114
          ],
          [
            2.4834779,
            48.8996373
          ],
          [
            2.4834548,
            48.8996408
          ]
        ]
      },
      "id": "way/1049319791"
    },
    {
      "type": "Feature",
      "properties": {
        "@id": "way/1049319795",
        "highway": "footway"
      },
      "geometry": {
        "type": "LineString",
        "coordinates": [
          [
            2.4839588,
            48.8980651
          ],
          [
            2.4841814,
            48.8984031
          ],
          [
            2.4841273,
            48.8984167
          ],
          [
            2.4839996,
            48.8984457
          ],
          [
            2.4837482,
            48.8984942
          ],
          [
            2.4836678,
            48.8985097
          ]
        ]
      },
      "id": "way/1049319795"
    },
    {
      "type": "Feature",
      "properties": {
        "@id": "way/1049319796",
        "highway": "footway"
      },
      "geometry": {
        "type": "LineString",
        "coordinates": [
          [
            2.4839996,
            48.8984457
          ],
          [
            2.4840896,
            48.8982346
          ],
          [
            2.4844541,
            48.897602
          ]
        ]
      },
      "id": "way/1049319796"
    },
    {
      "type": "Feature",
      "properties": {
        "@id": "way/1049319797",
        "highway": "footway"
      },
      "geometry": {
        "type": "LineString",
        "coordinates": [
          [
            2.4843934,
            48.8974405
          ],
          [
            2.4844541,
            48.897602
          ],
          [
            2.4847441,
            48.8984382
          ],
          [
            2.4845912,
            48.898461
          ]
        ]
      },
      "id": "way/1049319797"
    },
    {
      "type": "Feature",
      "properties": {
        "@id": "way/1049319802",
        "highway": "footway"
      },
      "geometry": {
        "type": "LineString",
        "coordinates": [
          [
            2.4870558,
            48.8974717
          ],
          [
            2.4869822,
            48.8974868
          ]
        ]
      },
      "id": "way/1049319802"
    },
    {
      "type": "Feature",
      "properties": {
        "@id": "way/1049322722",
        "highway": "footway"
      },
      "geometry": {
        "type": "LineString",
        "coordinates": [
          [
            2.4812735,
            48.9024773
          ],
          [
            2.4812078,
            48.9024642
          ],
          [
            2.4811707,
            48.9024567
          ],
          [
            2.4810805,
            48.9024477
          ],
          [
            2.4809824,
            48.9024047
          ],
          [
            2.4809457,
            48.9023643
          ],
          [
            2.48091,
            48.902258
          ],
          [
            2.4808019,
            48.9022007
          ],
          [
            2.4807947,
            48.9021901
          ],
          [
            2.480784,
            48.9021746
          ],
          [
            2.4807513,
            48.9021485
          ],
          [
            2.4807335,
            48.9021394
          ],
          [
            2.4807176,
            48.9020788
          ],
          [
            2.4806948,
            48.9020455
          ],
          [
            2.480669,
            48.901996
          ],
          [
            2.4807047,
            48.9019595
          ],
          [
            2.4807811,
            48.9019536
          ],
          [
            2.4809615,
            48.9019569
          ],
          [
            2.4811648,
            48.9023648
          ],
          [
            2.4812078,
            48.9024642
          ]
        ]
      },
      "id": "way/1049322722"
    },
    {
      "type": "Feature",
      "properties": {
        "@id": "way/1049322723",
        "highway": "footway"
      },
      "geometry": {
        "type": "LineString",
        "coordinates": [
          [
            2.4810168,
            48.9027138
          ],
          [
            2.4809586,
            48.9026198
          ],
          [
            2.4809605,
            48.9025637
          ],
          [
            2.48091,
            48.9025533
          ],
          [
            2.4808713,
            48.902522
          ],
          [
            2.4808584,
            48.9024783
          ],
          [
            2.4808445,
            48.9024588
          ],
          [
            2.4807969,
            48.9024379
          ],
          [
            2.4807603,
            48.9023864
          ],
          [
            2.4807414,
            48.9023538
          ],
          [
            2.4807186,
            48.9022222
          ],
          [
            2.4807682,
            48.9022013
          ],
          [
            2.4807947,
            48.9021901
          ]
        ]
      },
      "id": "way/1049322723"
    },
    {
      "type": "Feature",
      "properties": {
        "@id": "way/1049322724",
        "highway": "footway"
      },
      "geometry": {
        "type": "LineString",
        "coordinates": [
          [
            2.4809605,
            48.9025637
          ],
          [
            2.481019,
            48.902537
          ],
          [
            2.4810528,
            48.9025051
          ],
          [
            2.4810805,
            48.9024477
          ]
        ]
      },
      "id": "way/1049322724"
    },
    {
      "type": "Feature",
      "properties": {
        "@id": "way/1049322725",
        "highway": "footway"
      },
      "geometry": {
        "type": "LineString",
        "coordinates": [
          [
            2.4808584,
            48.9024783
          ],
          [
            2.48091,
            48.9024451
          ],
          [
            2.4809635,
            48.9024249
          ],
          [
            2.4809824,
            48.9024047
          ]
        ]
      },
      "id": "way/1049322725"
    },
    {
      "type": "Feature",
      "properties": {
        "@id": "way/1049328422",
        "access": "private",
        "highway": "footway"
      },
      "geometry": {
        "type": "LineString",
        "coordinates": [
          [
            2.4712526,
            48.9027182
          ],
          [
            2.4713153,
            48.9027326
          ],
          [
            2.471411,
            48.9027547
          ],
          [
            2.4715,
            48.9027563
          ],
          [
            2.4715561,
            48.9027651
          ],
          [
            2.4716292,
            48.902818
          ],
          [
            2.4716951,
            48.9028428
          ],
          [
            2.4717536,
            48.9028428
          ],
          [
            2.4718553,
            48.902829
          ],
          [
            2.4721633,
            48.9032436
          ],
          [
            2.4722182,
            48.9033558
          ],
          [
            2.4722048,
            48.9034672
          ],
          [
            2.4721865,
            48.9035626
          ],
          [
            2.4721987,
            48.903654
          ],
          [
            2.4722645,
            48.9037871
          ],
          [
            2.4723828,
            48.9039554
          ],
          [
            2.472467,
            48.9040812
          ],
          [
            2.4725106,
            48.9041579
          ]
        ]
      },
      "id": "way/1049328422"
    },
    {
      "type": "Feature",
      "properties": {
        "@id": "way/1049328423",
        "access": "private",
        "highway": "footway"
      },
      "geometry": {
        "type": "LineString",
        "coordinates": [
          [
            2.4714341,
            48.9029294
          ],
          [
            2.4715244,
            48.9028789
          ],
          [
            2.4716402,
            48.9028661
          ],
          [
            2.4717536,
            48.9028428
          ]
        ]
      },
      "id": "way/1049328423"
    },
    {
      "type": "Feature",
      "properties": {
        "@id": "way/1049328424",
        "access": "private",
        "highway": "footway"
      },
      "geometry": {
        "type": "LineString",
        "coordinates": [
          [
            2.4728148,
            48.9038063
          ],
          [
            2.4728018,
            48.9037255
          ],
          [
            2.4728197,
            48.9036683
          ],
          [
            2.4728209,
            48.9036187
          ],
          [
            2.4727813,
            48.9035313
          ],
          [
            2.4727429,
            48.9034632
          ],
          [
            2.4727288,
            48.903395
          ],
          [
            2.4727058,
            48.9033589
          ],
          [
            2.4727084,
            48.9033059
          ],
          [
            2.4727276,
            48.9032403
          ],
          [
            2.4727352,
            48.903194
          ],
          [
            2.4727045,
            48.9031528
          ],
          [
            2.4727058,
            48.903099
          ],
          [
            2.4726687,
            48.9030973
          ],
          [
            2.4726649,
            48.9028753
          ],
          [
            2.4726022,
            48.9028493
          ],
          [
            2.4724307,
            48.9028753
          ],
          [
            2.472357,
            48.9028987
          ]
        ]
      },
      "id": "way/1049328424"
    },
    {
      "type": "Feature",
      "properties": {
        "@id": "way/1049328425",
        "access": "private",
        "highway": "footway"
      },
      "geometry": {
        "type": "LineString",
        "coordinates": [
          [
            2.4727288,
            48.903395
          ],
          [
            2.4727941,
            48.9034001
          ],
          [
            2.4728516,
            48.9033891
          ],
          [
            2.4728683,
            48.9033488
          ],
          [
            2.4728657,
            48.9033252
          ],
          [
            2.472835,
            48.9033
          ],
          [
            2.4727979,
            48.9032983
          ],
          [
            2.4727339,
            48.9032992
          ],
          [
            2.4727084,
            48.9033059
          ]
        ]
      },
      "id": "way/1049328425"
    },
    {
      "type": "Feature",
      "properties": {
        "@id": "way/1049328426",
        "highway": "footway"
      },
      "geometry": {
        "type": "LineString",
        "coordinates": [
          [
            2.4720914,
            48.9027746
          ],
          [
            2.472253,
            48.9027411
          ]
        ]
      },
      "id": "way/1049328426"
    },
    {
      "type": "Feature",
      "properties": {
        "@id": "way/1049328427",
        "highway": "footway"
      },
      "geometry": {
        "type": "LineString",
        "coordinates": [
          [
            2.4718553,
            48.902829
          ],
          [
            2.4719351,
            48.9028113
          ]
        ]
      },
      "id": "way/1049328427"
    },
    {
      "type": "Feature",
      "properties": {
        "@id": "way/1049328428",
        "access": "private",
        "covered": "yes",
        "highway": "footway"
      },
      "geometry": {
        "type": "LineString",
        "coordinates": [
          [
            2.4719351,
            48.9028113
          ],
          [
            2.4720914,
            48.9027746
          ]
        ]
      },
      "id": "way/1049328428"
    },
    {
      "type": "Feature",
      "properties": {
        "@id": "way/1081828454",
        "highway": "footway",
        "wheelchair": "yes"
      },
      "geometry": {
        "type": "LineString",
        "coordinates": [
          [
            2.4804021,
            48.8941623
          ],
          [
            2.480399,
            48.894154
          ],
          [
            2.4804327,
            48.8941299
          ],
          [
            2.4804263,
            48.894108
          ]
        ]
      },
      "id": "way/1081828454"
    },
    {
      "type": "Feature",
      "properties": {
        "@id": "way/1081828455",
        "highway": "footway"
      },
      "geometry": {
        "type": "LineString",
        "coordinates": [
          [
            2.480399,
            48.894154
          ],
          [
            2.4803916,
            48.8941357
          ],
          [
            2.4803835,
            48.894114
          ]
        ]
      },
      "id": "way/1081828455"
    },
    {
      "type": "Feature",
      "properties": {
        "@id": "way/1086882499",
        "crossing": "marked",
        "crossing:markings": "zebra",
        "footway": "crossing",
        "highway": "footway",
        "surface": "asphalt"
      },
      "geometry": {
        "type": "LineString",
        "coordinates": [
          [
            2.485963,
            48.8927741
          ],
          [
            2.4859446,
            48.8927346
          ],
          [
            2.4859308,
            48.8927068
          ]
        ]
      },
      "id": "way/1086882499"
    },
    {
      "type": "Feature",
      "properties": {
        "@id": "way/1086882501",
        "highway": "footway",
        "incline": "up",
        "wheelchair": "yes"
      },
      "geometry": {
        "type": "LineString",
        "coordinates": [
          [
            2.4869441,
            48.8933039
          ],
          [
            2.4869921,
            48.8932896
          ],
          [
            2.4872764,
            48.8932507
          ]
        ]
      },
      "id": "way/1086882501"
    },
    {
      "type": "Feature",
      "properties": {
        "@id": "way/1086882502",
        "highway": "footway"
      },
      "geometry": {
        "type": "LineString",
        "coordinates": [
          [
            2.4872515,
            48.8932865
          ],
          [
            2.4872712,
            48.8932733
          ]
        ]
      },
      "id": "way/1086882502"
    },
    {
      "type": "Feature",
      "properties": {
        "@id": "way/1086882503",
        "highway": "footway",
        "wheelchair": "yes"
      },
      "geometry": {
        "type": "LineString",
        "coordinates": [
          [
            2.4876993,
            48.8931669
          ],
          [
            2.4873028,
            48.8932255
          ]
        ]
      },
      "id": "way/1086882503"
    },
    {
      "type": "Feature",
      "properties": {
        "@id": "way/1086882504",
        "covered": "yes",
        "highway": "footway",
        "wheelchair": "yes"
      },
      "geometry": {
        "type": "LineString",
        "coordinates": [
          [
            2.487837,
            48.8931466
          ],
          [
            2.4876993,
            48.8931669
          ]
        ]
      },
      "id": "way/1086882504"
    },
    {
      "type": "Feature",
      "properties": {
        "@id": "way/1090938417",
        "footway": "sidewalk",
        "highway": "footway"
      },
      "geometry": {
        "type": "LineString",
        "coordinates": [
          [
            2.4790248,
            48.8944607
          ],
          [
            2.4789617,
            48.894467
          ],
          [
            2.4788201,
            48.8944962
          ],
          [
            2.4788456,
            48.894659
          ]
        ]
      },
      "id": "way/1090938417"
    },
    {
      "type": "Feature",
      "properties": {
        "@id": "way/1090938418",
        "footway": "sidewalk",
        "highway": "footway",
        "surface": "asphalt"
      },
      "geometry": {
        "type": "LineString",
        "coordinates": [
          [
            2.4818684,
            48.8944127
          ],
          [
            2.481066,
            48.8945343
          ],
          [
            2.481012,
            48.8944989
          ],
          [
            2.4809116,
            48.8941977
          ],
          [
            2.4808673,
            48.8941346
          ],
          [
            2.4808026,
            48.8941043
          ],
          [
            2.4806375,
            48.8941282
          ],
          [
            2.4804021,
            48.8941623
          ],
          [
            2.4798285,
            48.8942513
          ],
          [
            2.4796763,
            48.8943348
          ],
          [
            2.4796091,
            48.8943478
          ],
          [
            2.4795139,
            48.8943662
          ],
          [
            2.4790248,
            48.8944607
          ]
        ]
      },
      "id": "way/1090938418"
    },
    {
      "type": "Feature",
      "properties": {
        "@id": "way/1090958565",
        "footway": "crossing",
        "highway": "footway",
        "surface": "asphalt"
      },
      "geometry": {
        "type": "LineString",
        "coordinates": [
          [
            2.4976513,
            48.8923529
          ],
          [
            2.4977284,
            48.8923388
          ],
          [
            2.4978009,
            48.8923237
          ]
        ]
      },
      "id": "way/1090958565"
    },
    {
      "type": "Feature",
      "properties": {
        "@id": "way/1090958566",
        "footway": "sidewalk",
        "highway": "footway",
        "surface": "asphalt"
      },
      "geometry": {
        "type": "LineString",
        "coordinates": [
          [
            2.4975703,
            48.8922779
          ],
          [
            2.4976237,
            48.8922977
          ],
          [
            2.4976513,
            48.8923529
          ]
        ]
      },
      "id": "way/1090958566"
    },
    {
      "type": "Feature",
      "properties": {
        "@id": "way/1138975434",
        "access": "permissive",
        "highway": "footway",
        "motor_vehicle": "no"
      },
      "geometry": {
        "type": "LineString",
        "coordinates": [
          [
            2.4889334,
            48.9175432
          ],
          [
            2.4883607,
            48.9176507
          ]
        ]
      },
      "id": "way/1138975434"
    },
    {
      "type": "Feature",
      "properties": {
        "@id": "way/1138975435",
        "access": "permissive",
        "highway": "footway",
        "motor_vehicle": "no"
      },
      "geometry": {
        "type": "LineString",
        "coordinates": [
          [
            2.4889458,
            48.9175718
          ],
          [
            2.4883734,
            48.9176798
          ]
        ]
      },
      "id": "way/1138975435"
    },
    {
      "type": "Feature",
      "properties": {
        "@id": "way/1138975436",
        "access": "permissive",
        "highway": "footway",
        "motor_vehicle": "no"
      },
      "geometry": {
        "type": "LineString",
        "coordinates": [
          [
            2.4872239,
            48.9183255
          ],
          [
            2.4867132,
            48.9184243
          ]
        ]
      },
      "id": "way/1138975436"
    },
    {
      "type": "Feature",
      "properties": {
        "@id": "way/1138975437",
        "access": "permissive",
        "highway": "footway",
        "motor_vehicle": "no"
      },
      "geometry": {
        "type": "LineString",
        "coordinates": [
          [
            2.487203,
            48.9182769
          ],
          [
            2.4866924,
            48.9183756
          ]
        ]
      },
      "id": "way/1138975437"
    },
    {
      "type": "Feature",
      "properties": {
        "@id": "way/1138975438",
        "access": "permissive",
        "highway": "footway",
        "motor_vehicle": "no"
      },
      "geometry": {
        "type": "LineString",
        "coordinates": [
          [
            2.4871819,
            48.9182279
          ],
          [
            2.4866719,
            48.9183273
          ]
        ]
      },
      "id": "way/1138975438"
    },
    {
      "type": "Feature",
      "properties": {
        "@id": "way/1138975439",
        "access": "permissive",
        "highway": "footway",
        "motor_vehicle": "no"
      },
      "geometry": {
        "type": "LineString",
        "coordinates": [
          [
            2.4871604,
            48.9181781
          ],
          [
            2.4866512,
            48.9182786
          ]
        ]
      },
      "id": "way/1138975439"
    },
    {
      "type": "Feature",
      "properties": {
        "@id": "way/1138975440",
        "access": "permissive",
        "highway": "footway",
        "motor_vehicle": "no"
      },
      "geometry": {
        "type": "LineString",
        "coordinates": [
          [
            2.4878056,
            48.9180064
          ],
          [
            2.4871402,
            48.9181313
          ],
          [
            2.4866305,
            48.9182301
          ]
        ]
      },
      "id": "way/1138975440"
    },
    {
      "type": "Feature",
      "properties": {
        "@id": "way/1138975441",
        "access": "permissive",
        "highway": "footway",
        "motor_vehicle": "no"
      },
      "geometry": {
        "type": "LineString",
        "coordinates": [
          [
            2.4871204,
            48.9180853
          ],
          [
            2.4870653,
            48.9180924
          ],
          [
            2.4866099,
            48.9181817
          ]
        ]
      },
      "id": "way/1138975441"
    },
    {
      "type": "Feature",
      "properties": {
        "@id": "way/1138975442",
        "access": "permissive",
        "highway": "footway",
        "motor_vehicle": "no"
      },
      "geometry": {
        "type": "LineString",
        "coordinates": [
          [
            2.4874729,
            48.9172288
          ],
          [
            2.4868063,
            48.9173573
          ],
          [
            2.4860509,
            48.9175008
          ]
        ]
      },
      "id": "way/1138975442"
    },
    {
      "type": "Feature",
      "properties": {
        "@id": "way/1138975443",
        "access": "permissive",
        "highway": "footway",
        "motor_vehicle": "no"
      },
      "geometry": {
        "type": "LineString",
        "coordinates": [
          [
            2.4874943,
            48.917279
          ],
          [
            2.4868271,
            48.9174055
          ],
          [
            2.4860705,
            48.9175497
          ]
        ]
      },
      "id": "way/1138975443"
    },
    {
      "type": "Feature",
      "properties": {
        "@id": "way/1138975444",
        "access": "permissive",
        "highway": "footway",
        "motor_vehicle": "no"
      },
      "geometry": {
        "type": "LineString",
        "coordinates": [
          [
            2.4875145,
            48.9173261
          ],
          [
            2.4868485,
            48.917455
          ],
          [
            2.4860903,
            48.917599
          ]
        ]
      },
      "id": "way/1138975444"
    },
    {
      "type": "Feature",
      "properties": {
        "@id": "way/1138975445",
        "access": "permissive",
        "highway": "footway",
        "motor_vehicle": "no"
      },
      "geometry": {
        "type": "LineString",
        "coordinates": [
          [
            2.4875358,
            48.917376
          ],
          [
            2.4868691,
            48.9175028
          ],
          [
            2.4861102,
            48.9176486
          ]
        ]
      },
      "id": "way/1138975445"
    },
    {
      "type": "Feature",
      "properties": {
        "@id": "way/1138975446",
        "access": "permissive",
        "highway": "footway",
        "motor_vehicle": "no"
      },
      "geometry": {
        "type": "LineString",
        "coordinates": [
          [
            2.4875563,
            48.9174239
          ],
          [
            2.4868902,
            48.9175517
          ],
          [
            2.4861294,
            48.9176967
          ]
        ]
      },
      "id": "way/1138975446"
    },
    {
      "type": "Feature",
      "properties": {
        "@id": "way/1138975447",
        "access": "permissive",
        "highway": "footway",
        "motor_vehicle": "no"
      },
      "geometry": {
        "type": "LineString",
        "coordinates": [
          [
            2.4875779,
            48.9174743
          ],
          [
            2.486911,
            48.9176
          ],
          [
            2.4861486,
            48.9177445
          ]
        ]
      },
      "id": "way/1138975447"
    },
    {
      "type": "Feature",
      "properties": {
        "@id": "way/1138975448",
        "access": "permissive",
        "highway": "footway",
        "motor_vehicle": "no"
      },
      "geometry": {
        "type": "LineString",
        "coordinates": [
          [
            2.4875983,
            48.9175221
          ],
          [
            2.4869318,
            48.9176482
          ],
          [
            2.4861682,
            48.9177934
          ]
        ]
      },
      "id": "way/1138975448"
    },
    {
      "type": "Feature",
      "properties": {
        "@id": "way/1138975449",
        "access": "permissive",
        "highway": "footway",
        "motor_vehicle": "no"
      },
      "geometry": {
        "type": "LineString",
        "coordinates": [
          [
            2.487619,
            48.9175702
          ],
          [
            2.486953,
            48.9176974
          ],
          [
            2.4861877,
            48.9178419
          ]
        ]
      },
      "id": "way/1138975449"
    },
    {
      "type": "Feature",
      "properties": {
        "@id": "way/1138975450",
        "access": "permissive",
        "highway": "footway",
        "motor_vehicle": "no"
      },
      "geometry": {
        "type": "LineString",
        "coordinates": [
          [
            2.4876399,
            48.9176193
          ],
          [
            2.486974,
            48.9177459
          ],
          [
            2.4862069,
            48.9178899
          ]
        ]
      },
      "id": "way/1138975450"
    },
    {
      "type": "Feature",
      "properties": {
        "@id": "way/1138975451",
        "access": "permissive",
        "highway": "footway",
        "motor_vehicle": "no"
      },
      "geometry": {
        "type": "LineString",
        "coordinates": [
          [
            2.4869947,
            48.917794
          ],
          [
            2.487659,
            48.9176639
          ]
        ]
      },
      "id": "way/1138975451"
    },
    {
      "type": "Feature",
      "properties": {
        "@id": "way/1138975452",
        "access": "permissive",
        "highway": "footway",
        "motor_vehicle": "no"
      },
      "geometry": {
        "type": "LineString",
        "coordinates": [
          [
            2.4876806,
            48.9177143
          ],
          [
            2.4870569,
            48.9178348
          ],
          [
            2.4870151,
            48.9178413
          ],
          [
            2.4869573,
            48.9178502
          ],
          [
            2.4865261,
            48.9179335
          ],
          [
            2.4864611,
            48.917974
          ]
        ]
      },
      "id": "way/1138975452"
    },
    {
      "type": "Feature",
      "properties": {
        "@id": "way/1138975453",
        "access": "permissive",
        "highway": "footway",
        "motor_vehicle": "no"
      },
      "geometry": {
        "type": "LineString",
        "coordinates": [
          [
            2.486515,
            48.9179895
          ],
          [
            2.4869844,
            48.9178991
          ],
          [
            2.4870364,
            48.9178908
          ],
          [
            2.4870843,
            48.9178828
          ],
          [
            2.4877012,
            48.9177624
          ]
        ]
      },
      "id": "way/1138975453"
    },
    {
      "type": "Feature",
      "properties": {
        "@id": "way/1138975454",
        "access": "permissive",
        "highway": "footway",
        "motor_vehicle": "no"
      },
      "geometry": {
        "type": "LineString",
        "coordinates": [
          [
            2.4877228,
            48.9178129
          ],
          [
            2.4871051,
            48.9179317
          ],
          [
            2.4870574,
            48.9179393
          ],
          [
            2.4869965,
            48.9179489
          ],
          [
            2.4865477,
            48.9180356
          ]
        ]
      },
      "id": "way/1138975454"
    },
    {
      "type": "Feature",
      "properties": {
        "@id": "way/1138975455",
        "access": "permissive",
        "highway": "footway",
        "motor_vehicle": "no"
      },
      "geometry": {
        "type": "LineString",
        "coordinates": [
          [
            2.4865681,
            48.9180835
          ],
          [
            2.4870267,
            48.9179939
          ],
          [
            2.4870779,
            48.9179868
          ],
          [
            2.4871259,
            48.9179802
          ],
          [
            2.4877434,
            48.9178611
          ],
          [
            2.4883971,
            48.917734
          ]
        ]
      },
      "id": "way/1138975455"
    },
    {
      "type": "Feature",
      "properties": {
        "@id": "way/1138975456",
        "access": "permissive",
        "highway": "footway",
        "motor_vehicle": "no"
      },
      "geometry": {
        "type": "LineString",
        "coordinates": [
          [
            2.4884187,
            48.9177833
          ],
          [
            2.4877637,
            48.9179085
          ],
          [
            2.4871453,
            48.9180289
          ],
          [
            2.4870992,
            48.9180362
          ],
          [
            2.4870414,
            48.9180454
          ],
          [
            2.4865889,
            48.9181323
          ]
        ]
      },
      "id": "way/1138975456"
    },
    {
      "type": "Feature",
      "properties": {
        "@id": "way/1138975457",
        "access": "permissive",
        "highway": "footway",
        "motor_vehicle": "no"
      },
      "geometry": {
        "type": "LineString",
        "coordinates": [
          [
            2.4884407,
            48.9178335
          ],
          [
            2.4877855,
            48.9179595
          ],
          [
            2.4871729,
            48.9180785
          ],
          [
            2.4871204,
            48.9180853
          ]
        ]
      },
      "id": "way/1138975457"
    },
    {
      "type": "Feature",
      "properties": {
        "@id": "way/1138975458",
        "access": "permissive",
        "highway": "footway",
        "motor_vehicle": "no"
      },
      "geometry": {
        "type": "LineString",
        "coordinates": [
          [
            2.4881255,
            48.9171134
          ],
          [
            2.4887872,
            48.9169799
          ],
          [
            2.4894367,
            48.9168576
          ]
        ]
      },
      "id": "way/1138975458"
    },
    {
      "type": "Feature",
      "properties": {
        "@id": "way/1138975459",
        "access": "permissive",
        "highway": "footway",
        "motor_vehicle": "no"
      },
      "geometry": {
        "type": "LineString",
        "coordinates": [
          [
            2.488982,
            48.9176554
          ],
          [
            2.4884098,
            48.9177631
          ]
        ]
      },
      "id": "way/1138975459"
    },
    {
      "type": "Feature",
      "properties": {
        "@id": "way/1138975460",
        "access": "permissive",
        "highway": "footway",
        "motor_vehicle": "no"
      },
      "geometry": {
        "type": "LineString",
        "coordinates": [
          [
            2.4882992,
            48.9175102
          ],
          [
            2.4888714,
            48.9173999
          ]
        ]
      },
      "id": "way/1138975460"
    },
    {
      "type": "Feature",
      "properties": {
        "@id": "way/1138975461",
        "access": "permissive",
        "highway": "footway",
        "motor_vehicle": "no"
      },
      "geometry": {
        "type": "LineString",
        "coordinates": [
          [
            2.4888837,
            48.9174283
          ],
          [
            2.4883116,
            48.9175386
          ]
        ]
      },
      "id": "way/1138975461"
    },
    {
      "type": "Feature",
      "properties": {
        "@id": "way/1138975462",
        "access": "permissive",
        "highway": "footway",
        "motor_vehicle": "no"
      },
      "geometry": {
        "type": "LineString",
        "coordinates": [
          [
            2.4888961,
            48.9174569
          ],
          [
            2.488324,
            48.917567
          ]
        ]
      },
      "id": "way/1138975462"
    },
    {
      "type": "Feature",
      "properties": {
        "@id": "way/1138975463",
        "access": "permissive",
        "highway": "footway",
        "motor_vehicle": "no"
      },
      "geometry": {
        "type": "LineString",
        "coordinates": [
          [
            2.4889088,
            48.9174863
          ],
          [
            2.4883365,
            48.9175954
          ]
        ]
      },
      "id": "way/1138975463"
    },
    {
      "type": "Feature",
      "properties": {
        "@id": "way/1138975464",
        "access": "permissive",
        "highway": "footway",
        "motor_vehicle": "no"
      },
      "geometry": {
        "type": "LineString",
        "coordinates": [
          [
            2.4889211,
            48.9175147
          ],
          [
            2.4883491,
            48.9176243
          ]
        ]
      },
      "id": "way/1138975464"
    },
    {
      "type": "Feature",
      "properties": {
        "@id": "way/1138975465",
        "access": "permissive",
        "highway": "footway",
        "motor_vehicle": "no"
      },
      "geometry": {
        "type": "LineString",
        "coordinates": [
          [
            2.4896797,
            48.9173971
          ],
          [
            2.4890278,
            48.9175247
          ]
        ]
      },
      "id": "way/1138975465"
    },
    {
      "type": "Feature",
      "properties": {
        "@id": "way/1138975466",
        "access": "permissive",
        "highway": "footway",
        "motor_vehicle": "no"
      },
      "geometry": {
        "type": "LineString",
        "coordinates": [
          [
            2.4896953,
            48.9174317
          ],
          [
            2.4890408,
            48.917554
          ]
        ]
      },
      "id": "way/1138975466"
    },
    {
      "type": "Feature",
      "properties": {
        "@id": "way/1138975467",
        "access": "permissive",
        "highway": "footway",
        "motor_vehicle": "no"
      },
      "geometry": {
        "type": "LineString",
        "coordinates": [
          [
            2.4889583,
            48.9176006
          ],
          [
            2.4883865,
            48.9177098
          ]
        ]
      },
      "id": "way/1138975467"
    },
    {
      "type": "Feature",
      "properties": {
        "@id": "way/1138975468",
        "access": "permissive",
        "highway": "footway",
        "motor_vehicle": "no"
      },
      "geometry": {
        "type": "LineString",
        "coordinates": [
          [
            2.4889699,
            48.9176276
          ],
          [
            2.4883985,
            48.9177372
          ]
        ]
      },
      "id": "way/1138975468"
    },
    {
      "type": "Feature",
      "properties": {
        "@id": "way/1138975469",
        "access": "permissive",
        "highway": "footway",
        "motor_vehicle": "no"
      },
      "geometry": {
        "type": "LineString",
        "coordinates": [
          [
            2.4886756,
            48.9173712
          ],
          [
            2.488271,
            48.9174459
          ]
        ]
      },
      "id": "way/1138975469"
    },
    {
      "type": "Feature",
      "properties": {
        "@id": "way/1138975470",
        "access": "permissive",
        "highway": "footway",
        "motor_vehicle": "no"
      },
      "geometry": {
        "type": "LineString",
        "coordinates": [
          [
            2.4886568,
            48.9173214
          ],
          [
            2.4882499,
            48.9173978
          ]
        ]
      },
      "id": "way/1138975470"
    },
    {
      "type": "Feature",
      "properties": {
        "@id": "way/1138975471",
        "access": "permissive",
        "highway": "footway",
        "motor_vehicle": "no"
      },
      "geometry": {
        "type": "LineString",
        "coordinates": [
          [
            2.4895511,
            48.9171116
          ],
          [
            2.4888987,
            48.9172323
          ],
          [
            2.4888352,
            48.9172346
          ],
          [
            2.4882291,
            48.9173502
          ]
        ]
      },
      "id": "way/1138975471"
    },
    {
      "type": "Feature",
      "properties": {
        "@id": "way/1138975472",
        "access": "permissive",
        "highway": "footway",
        "motor_vehicle": "no"
      },
      "geometry": {
        "type": "LineString",
        "coordinates": [
          [
            2.4882072,
            48.9173001
          ],
          [
            2.4888751,
            48.917179
          ],
          [
            2.4895281,
            48.9170606
          ]
        ]
      },
      "id": "way/1138975472"
    },
    {
      "type": "Feature",
      "properties": {
        "@id": "way/1138975473",
        "access": "permissive",
        "highway": "footway",
        "motor_vehicle": "no"
      },
      "geometry": {
        "type": "LineString",
        "coordinates": [
          [
            2.4895055,
            48.9170104
          ],
          [
            2.4888537,
            48.9171304
          ],
          [
            2.4881867,
            48.9172533
          ]
        ]
      },
      "id": "way/1138975473"
    },
    {
      "type": "Feature",
      "properties": {
        "@id": "way/1138975474",
        "access": "permissive",
        "highway": "footway",
        "motor_vehicle": "no"
      },
      "geometry": {
        "type": "LineString",
        "coordinates": [
          [
            2.488166,
            48.917206
          ],
          [
            2.4888321,
            48.9170817
          ],
          [
            2.4894829,
            48.9169603
          ]
        ]
      },
      "id": "way/1138975474"
    },
    {
      "type": "Feature",
      "properties": {
        "@id": "way/1138975475",
        "access": "permissive",
        "highway": "footway",
        "motor_vehicle": "no"
      },
      "geometry": {
        "type": "LineString",
        "coordinates": [
          [
            2.4894596,
            48.9169084
          ],
          [
            2.4888099,
            48.9170314
          ],
          [
            2.4881448,
            48.9171575
          ]
        ]
      },
      "id": "way/1138975475"
    },
    {
      "type": "Feature",
      "properties": {
        "@id": "way/1138975476",
        "access": "permissive",
        "highway": "footway"
      },
      "geometry": {
        "type": "LineString",
        "coordinates": [
          [
            2.4886838,
            48.9168424
          ],
          [
            2.488732,
            48.9169434
          ]
        ]
      },
      "id": "way/1138975476"
    },
    {
      "type": "Feature",
      "properties": {
        "@id": "way/1138975477",
        "access": "permissive",
        "highway": "footway"
      },
      "geometry": {
        "type": "LineString",
        "coordinates": [
          [
            2.4883884,
            48.9168986
          ],
          [
            2.4884358,
            48.9169987
          ]
        ]
      },
      "id": "way/1138975477"
    },
    {
      "type": "Feature",
      "properties": {
        "@id": "way/1138975478",
        "access": "permissive",
        "highway": "footway"
      },
      "geometry": {
        "type": "LineString",
        "coordinates": [
          [
            2.4880975,
            48.916954
          ],
          [
            2.4881391,
            48.9170541
          ]
        ]
      },
      "id": "way/1138975478"
    },
    {
      "type": "Feature",
      "properties": {
        "@id": "way/1138975479",
        "access": "permissive",
        "highway": "footway"
      },
      "geometry": {
        "type": "LineString",
        "coordinates": [
          [
            2.4880276,
            48.9169673
          ],
          [
            2.4880714,
            48.9170667
          ]
        ]
      },
      "id": "way/1138975479"
    },
    {
      "type": "Feature",
      "properties": {
        "@id": "way/1138975480",
        "access": "permissive",
        "highway": "footway"
      },
      "geometry": {
        "type": "LineString",
        "coordinates": [
          [
            2.4874322,
            48.9170805
          ],
          [
            2.4874716,
            48.9171787
          ]
        ]
      },
      "id": "way/1138975480"
    },
    {
      "type": "Feature",
      "properties": {
        "@id": "way/1138975481",
        "access": "permissive",
        "highway": "footway"
      },
      "geometry": {
        "type": "LineString",
        "coordinates": [
          [
            2.4873685,
            48.9170926
          ],
          [
            2.4874025,
            48.9171916
          ]
        ]
      },
      "id": "way/1138975481"
    },
    {
      "type": "Feature",
      "properties": {
        "@id": "way/1138975482",
        "access": "permissive",
        "highway": "footway"
      },
      "geometry": {
        "type": "LineString",
        "coordinates": [
          [
            2.4867074,
            48.9172184
          ],
          [
            2.4867452,
            48.9173148
          ]
        ]
      },
      "id": "way/1138975482"
    },
    {
      "type": "Feature",
      "properties": {
        "@id": "way/1138975483",
        "access": "permissive",
        "highway": "footway"
      },
      "geometry": {
        "type": "LineString",
        "coordinates": [
          [
            2.4867761,
            48.9172053
          ],
          [
            2.4868099,
            48.9173022
          ]
        ]
      },
      "id": "way/1138975483"
    },
    {
      "type": "Feature",
      "properties": {
        "@id": "way/1138975484",
        "access": "permissive",
        "highway": "footway"
      },
      "geometry": {
        "type": "LineString",
        "coordinates": [
          [
            2.4864506,
            48.9173739
          ],
          [
            2.4864078,
            48.9172754
          ]
        ]
      },
      "id": "way/1138975484"
    },
    {
      "type": "Feature",
      "properties": {
        "@id": "way/1209062668",
        "access": "permissive",
        "bicycle": "dismount",
        "highway": "footway"
      },
      "geometry": {
        "type": "LineString",
        "coordinates": [
          [
            2.4865176,
            48.9184799
          ],
          [
            2.4865479,
            48.9186438
          ],
          [
            2.4868279,
            48.9186405
          ],
          [
            2.4868242,
            48.9184941
          ]
        ]
      },
      "id": "way/1209062668"
    },
    {
      "type": "Feature",
      "properties": {
        "@id": "way/1210310837",
        "highway": "footway"
      },
      "geometry": {
        "type": "LineString",
        "coordinates": [
          [
            2.4812822,
            48.9075627
          ],
          [
            2.4811473,
            48.9075199
          ],
          [
            2.4804635,
            48.9073868
          ],
          [
            2.4798544,
            48.9072683
          ],
          [
            2.479723,
            48.9072775
          ],
          [
            2.4794367,
            48.9072207
          ],
          [
            2.479261,
            48.9072105
          ]
        ]
      },
      "id": "way/1210310837"
    },
    {
      "type": "Feature",
      "properties": {
        "@id": "way/1238347001",
        "highway": "footway"
      },
      "geometry": {
        "type": "LineString",
        "coordinates": [
          [
            2.4830051,
            48.9130037
          ],
          [
            2.4829969,
            48.9130454
          ],
          [
            2.4830786,
            48.9131444
          ],
          [
            2.4831711,
            48.9132757
          ]
        ]
      },
      "id": "way/1238347001"
    },
    {
      "type": "Feature",
      "properties": {
        "@id": "way/1238347002",
        "highway": "footway"
      },
      "geometry": {
        "type": "LineString",
        "coordinates": [
          [
            2.4829969,
            48.9130454
          ],
          [
            2.4828473,
            48.9130843
          ],
          [
            2.4830398,
            48.913403
          ]
        ]
      },
      "id": "way/1238347002"
    },
    {
      "type": "Feature",
      "properties": {
        "@id": "way/1238347003",
        "highway": "footway"
      },
      "geometry": {
        "type": "LineString",
        "coordinates": [
          [
            2.4830398,
            48.913403
          ],
          [
            2.4831526,
            48.9133705
          ],
          [
            2.4831537,
            48.9133526
          ],
          [
            2.4831503,
            48.9133232
          ],
          [
            2.4831967,
            48.9133012
          ],
          [
            2.4831711,
            48.9132757
          ]
        ]
      },
      "id": "way/1238347003"
    },
    {
      "type": "Feature",
      "properties": {
        "@id": "way/1238865644",
        "highway": "footway"
      },
      "geometry": {
        "type": "LineString",
        "coordinates": [
          [
            2.4836157,
            48.9033048
          ],
          [
            2.4837474,
            48.9032706
          ],
          [
            2.4839169,
            48.90328
          ],
          [
            2.4843852,
            48.9032569
          ],
          [
            2.4851763,
            48.9032137
          ],
          [
            2.4851587,
            48.9031313
          ],
          [
            2.4849973,
            48.9030685
          ],
          [
            2.4849759,
            48.9029521
          ],
          [
            2.4852326,
            48.902927
          ],
          [
            2.4853273,
            48.9031849
          ]
        ]
      },
      "id": "way/1238865644"
    },
    {
      "type": "Feature",
      "properties": {
        "@id": "way/1245455046",
        "highway": "footway",
        "tunnel": "building_passage"
      },
      "geometry": {
        "type": "LineString",
        "coordinates": [
          [
            2.4889541,
            48.8886529
          ],
          [
            2.4894394,
            48.8885542
          ]
        ]
      },
      "id": "way/1245455046"
    },
    {
      "type": "Feature",
      "properties": {
        "@id": "way/1245455047",
        "highway": "footway"
      },
      "geometry": {
        "type": "LineString",
        "coordinates": [
          [
            2.4888534,
            48.8886767
          ],
          [
            2.4889541,
            48.8886529
          ]
        ]
      },
      "id": "way/1245455047"
    },
    {
      "type": "Feature",
      "properties": {
        "@id": "way/1249441786",
        "access": "restricted",
        "foot": "yes",
        "highway": "footway",
        "level": "1"
      },
      "geometry": {
        "type": "LineString",
        "coordinates": [
          [
            2.4773463,
            48.8940231
          ],
          [
            2.4773593,
            48.8940547
          ],
          [
            2.4773155,
            48.8940617
          ]
        ]
      },
      "id": "way/1249441786"
    },
    {
      "type": "Feature",
      "properties": {
        "@id": "way/1249559402",
        "embankment": "yes",
        "highway": "footway"
      },
      "geometry": {
        "type": "LineString",
        "coordinates": [
          [
            2.4793203,
            48.9009357
          ],
          [
            2.4793257,
            48.9009445
          ],
          [
            2.4793357,
            48.9009607
          ]
        ]
      },
      "id": "way/1249559402"
    },
    {
      "type": "Feature",
      "properties": {
        "@id": "way/1249559403",
        "highway": "footway"
      },
      "geometry": {
        "type": "LineString",
        "coordinates": [
          [
            2.4793019,
            48.900898
          ],
          [
            2.47931,
            48.900916
          ]
        ]
      },
      "id": "way/1249559403"
    },
    {
      "type": "Feature",
      "properties": {
        "@id": "way/1249559405",
        "highway": "footway"
      },
      "geometry": {
        "type": "LineString",
        "coordinates": [
          [
            2.4790069,
            48.9008464
          ],
          [
            2.4792464,
            48.9007922
          ],
          [
            2.4794907,
            48.900737
          ],
          [
            2.479537,
            48.9008196
          ]
        ]
      },
      "id": "way/1249559405"
    },
    {
      "type": "Feature",
      "properties": {
        "@id": "way/1249559406",
        "embankment": "yes",
        "highway": "footway"
      },
      "geometry": {
        "type": "LineString",
        "coordinates": [
          [
            2.4792464,
            48.9007922
          ],
          [
            2.47926,
            48.9008142
          ]
        ]
      },
      "id": "way/1249559406"
    },
    {
      "type": "Feature",
      "properties": {
        "@id": "way/1249559410",
        "highway": "footway"
      },
      "geometry": {
        "type": "LineString",
        "coordinates": [
          [
            2.4792483,
            48.9008829
          ],
          [
            2.4791246,
            48.9009173
          ]
        ]
      },
      "id": "way/1249559410"
    },
    {
      "type": "Feature",
      "properties": {
        "@id": "way/1249559412",
        "embankment": "yes",
        "highway": "footway"
      },
      "geometry": {
        "type": "LineString",
        "coordinates": [
          [
            2.47909,
            48.9009236
          ],
          [
            2.4790753,
            48.9009281
          ],
          [
            2.4790605,
            48.9009325
          ]
        ]
      },
      "id": "way/1249559412"
    },
    {
      "type": "Feature",
      "properties": {
        "@id": "way/1249559415",
        "highway": "footway"
      },
      "geometry": {
        "type": "LineString",
        "coordinates": [
          [
            2.4793381,
            48.9008586
          ],
          [
            2.4794623,
            48.9008341
          ]
        ]
      },
      "id": "way/1249559415"
    },
    {
      "type": "Feature",
      "properties": {
        "@id": "way/1254352455",
        "highway": "footway"
      },
      "geometry": {
        "type": "LineString",
        "coordinates": [
          [
            2.4776845,
            48.9125238
          ],
          [
            2.477586,
            48.9125996
          ],
          [
            2.4774827,
            48.9126173
          ],
          [
            2.4772235,
            48.9125875
          ],
          [
            2.4772064,
            48.9125855
          ],
          [
            2.4770603,
            48.9125943
          ]
        ]
      },
      "id": "way/1254352455"
    },
    {
      "type": "Feature",
      "properties": {
        "@id": "way/1254352457",
        "highway": "footway"
      },
      "geometry": {
        "type": "LineString",
        "coordinates": [
          [
            2.4779521,
            48.9113874
          ],
          [
            2.4779774,
            48.9114753
          ]
        ]
      },
      "id": "way/1254352457"
    },
    {
      "type": "Feature",
      "properties": {
        "@id": "way/1254352458",
        "highway": "footway"
      },
      "geometry": {
        "type": "LineString",
        "coordinates": [
          [
            2.4778675,
            48.9111481
          ],
          [
            2.477422,
            48.9111999
          ]
        ]
      },
      "id": "way/1254352458"
    },
    {
      "type": "Feature",
      "properties": {
        "@id": "way/1254352459",
        "highway": "footway"
      },
      "geometry": {
        "type": "LineString",
        "coordinates": [
          [
            2.4778864,
            48.9112214
          ],
          [
            2.4778675,
            48.9111481
          ],
          [
            2.4777107,
            48.9105433
          ],
          [
            2.4772652,
            48.9105984
          ]
        ]
      },
      "id": "way/1254352459"
    },
    {
      "type": "Feature",
      "properties": {
        "@id": "way/1254352460",
        "highway": "footway"
      },
      "geometry": {
        "type": "LineString",
        "coordinates": [
          [
            2.4784996,
            48.9114109
          ],
          [
            2.4779774,
            48.9114753
          ],
          [
            2.4778019,
            48.911497
          ],
          [
            2.4777418,
            48.9112397
          ]
        ]
      },
      "id": "way/1254352460"
    },
    {
      "type": "Feature",
      "properties": {
        "@id": "way/1255518640",
        "embankment": "yes",
        "highway": "footway"
      },
      "geometry": {
        "type": "LineString",
        "coordinates": [
          [
            2.479537,
            48.9008196
          ],
          [
            2.4794965,
            48.9008271
          ],
          [
            2.4794821,
            48.9008297
          ]
        ]
      },
      "id": "way/1255518640"
    },
    {
      "type": "Feature",
      "properties": {
        "@id": "way/1265174442",
        "footway": "sidewalk",
        "highway": "footway"
      },
      "geometry": {
        "type": "LineString",
        "coordinates": [
          [
            2.4791604,
            48.8948676
          ],
          [
            2.4791681,
            48.8948901
          ]
        ]
      },
      "id": "way/1265174442"
    },
    {
      "type": "Feature",
      "properties": {
        "@id": "way/1265174443",
        "crossing": "uncontrolled",
        "crossing:markings": "yes",
        "footway": "crossing",
        "highway": "footway"
      },
      "geometry": {
        "type": "LineString",
        "coordinates": [
          [
            2.4791365,
            48.8947977
          ],
          [
            2.4791451,
            48.894823
          ],
          [
            2.4791491,
            48.8948346
          ],
          [
            2.4791583,
            48.8948616
          ],
          [
            2.4791604,
            48.8948676
          ]
        ]
      },
      "id": "way/1265174443"
    },
    {
      "type": "Feature",
      "properties": {
        "@id": "way/1265174444",
        "footway": "sidewalk",
        "highway": "footway"
      },
      "geometry": {
        "type": "LineString",
        "coordinates": [
          [
            2.4803445,
            48.8947888
          ],
          [
            2.4803584,
            48.8947857
          ]
        ]
      },
      "id": "way/1265174444"
    },
    {
      "type": "Feature",
      "properties": {
        "@id": "way/1265174445",
        "crossing": "uncontrolled",
        "crossing:markings": "yes",
        "footway": "crossing",
        "highway": "footway"
      },
      "geometry": {
        "type": "LineString",
        "coordinates": [
          [
            2.4802769,
            48.8948063
          ],
          [
            2.4803081,
            48.8947981
          ],
          [
            2.4803445,
            48.8947888
          ]
        ]
      },
      "id": "way/1265174445"
    },
    {
      "type": "Feature",
      "properties": {
        "@id": "way/1265174446",
        "footway": "sidewalk",
        "highway": "footway"
      },
      "geometry": {
        "type": "LineString",
        "coordinates": [
          [
            2.4802585,
            48.894811
          ],
          [
            2.4802769,
            48.8948063
          ]
        ]
      },
      "id": "way/1265174446"
    },
    {
      "type": "Feature",
      "properties": {
        "@id": "way/1265174447",
        "footway": "sidewalk",
        "highway": "footway"
      },
      "geometry": {
        "type": "LineString",
        "coordinates": [
          [
            2.4791329,
            48.894937
          ],
          [
            2.4791162,
            48.8948978
          ],
          [
            2.4791681,
            48.8948901
          ],
          [
            2.4793955,
            48.8948564
          ],
          [
            2.4802058,
            48.8947404
          ],
          [
            2.4802585,
            48.894811
          ],
          [
            2.4809548,
            48.896033
          ],
          [
            2.4809179,
            48.8960616
          ],
          [
            2.4798846,
            48.8961972
          ],
          [
            2.4798444,
            48.896178
          ],
          [
            2.479427,
            48.8954469
          ],
          [
            2.4791588,
            48.894982
          ],
          [
            2.4791329,
            48.894937
          ]
        ]
      },
      "id": "way/1265174447"
    },
    {
      "type": "Feature",
      "properties": {
        "@id": "way/1265174448",
        "footway": "sidewalk",
        "highway": "footway"
      },
      "geometry": {
        "type": "LineString",
        "coordinates": [
          [
            2.4791242,
            48.894939
          ],
          [
            2.4791329,
            48.894937
          ]
        ]
      },
      "id": "way/1265174448"
    },
    {
      "type": "Feature",
      "properties": {
        "@id": "way/1265174449",
        "crossing": "uncontrolled",
        "crossing:markings": "yes",
        "footway": "crossing",
        "highway": "footway"
      },
      "geometry": {
        "type": "LineString",
        "coordinates": [
          [
            2.4790402,
            48.8949646
          ],
          [
            2.4790598,
            48.8949586
          ],
          [
            2.4791043,
            48.8949451
          ],
          [
            2.4791242,
            48.894939
          ]
        ]
      },
      "id": "way/1265174449"
    },
    {
      "type": "Feature",
      "properties": {
        "@id": "way/1265174450",
        "footway": "sidewalk",
        "highway": "footway"
      },
      "geometry": {
        "type": "LineString",
        "coordinates": [
          [
            2.4790277,
            48.8949686
          ],
          [
            2.4790402,
            48.8949646
          ]
        ]
      },
      "id": "way/1265174450"
    },
    {
      "type": "Feature",
      "properties": {
        "@id": "way/1265174451",
        "footway": "sidewalk",
        "highway": "footway"
      },
      "geometry": {
        "type": "LineString",
        "coordinates": [
          [
            2.4780101,
            48.8953122
          ],
          [
            2.47835,
            48.895172
          ],
          [
            2.4784694,
            48.8951105
          ],
          [
            2.478908,
            48.8949448
          ],
          [
            2.4790277,
            48.8949686
          ]
        ]
      },
      "id": "way/1265174451"
    },
    {
      "type": "Feature",
      "properties": {
        "@id": "way/1265174452",
        "footway": "sidewalk",
        "highway": "footway"
      },
      "geometry": {
        "type": "LineString",
        "coordinates": [
          [
            2.4779801,
            48.8952864
          ],
          [
            2.4780101,
            48.8953122
          ]
        ]
      },
      "id": "way/1265174452"
    },
    {
      "type": "Feature",
      "properties": {
        "@id": "way/1265174453",
        "crossing": "uncontrolled",
        "crossing:markings": "yes",
        "footway": "crossing",
        "highway": "footway"
      },
      "geometry": {
        "type": "LineString",
        "coordinates": [
          [
            2.4779464,
            48.8952595
          ],
          [
            2.4779576,
            48.8952684
          ],
          [
            2.4779801,
            48.8952864
          ]
        ]
      },
      "id": "way/1265174453"
    },
    {
      "type": "Feature",
      "properties": {
        "@id": "way/1265174454",
        "crossing": "uncontrolled",
        "crossing:markings": "yes",
        "footway": "crossing",
        "highway": "footway"
      },
      "geometry": {
        "type": "LineString",
        "coordinates": [
          [
            2.4780445,
            48.8951438
          ],
          [
            2.4780347,
            48.895113
          ],
          [
            2.4780232,
            48.8950768
          ]
        ]
      },
      "id": "way/1265174454"
    },
    {
      "type": "Feature",
      "properties": {
        "@id": "way/1265174455",
        "highway": "footway"
      },
      "geometry": {
        "type": "LineString",
        "coordinates": [
          [
            2.4791365,
            48.8947977
          ],
          [
            2.479036,
            48.8945025
          ]
        ]
      },
      "id": "way/1265174455"
    },
    {
      "type": "Feature",
      "properties": {
        "@id": "way/1265174456",
        "highway": "footway"
      },
      "geometry": {
        "type": "LineString",
        "coordinates": [
          [
            2.4790248,
            48.8944607
          ],
          [
            2.4789947,
            48.894351
          ]
        ]
      },
      "id": "way/1265174456"
    },
    {
      "type": "Feature",
      "properties": {
        "@id": "way/1265174457",
        "footway": "sidewalk",
        "highway": "footway"
      },
      "geometry": {
        "type": "LineString",
        "coordinates": [
          [
            2.4885526,
            48.8950921
          ],
          [
            2.488758,
            48.8950076
          ],
          [
            2.4888018,
            48.8950058
          ],
          [
            2.4888548,
            48.8950401
          ],
          [
            2.4888683,
            48.8950489
          ]
        ]
      },
      "id": "way/1265174457"
    },
    {
      "type": "Feature",
      "properties": {
        "@id": "way/1265174458",
        "footway": "sidewalk",
        "highway": "footway"
      },
      "geometry": {
        "type": "LineString",
        "coordinates": [
          [
            2.4887446,
            48.8949912
          ],
          [
            2.488758,
            48.8950076
          ]
        ]
      },
      "id": "way/1265174458"
    },
    {
      "type": "Feature",
      "properties": {
        "@id": "way/1265174459",
        "crossing": "uncontrolled",
        "crossing:markings": "yes",
        "footway": "crossing",
        "highway": "footway"
      },
      "geometry": {
        "type": "LineString",
        "coordinates": [
          [
            2.4887061,
            48.8949443
          ],
          [
            2.4887236,
            48.8949656
          ],
          [
            2.4887446,
            48.8949912
          ]
        ]
      },
      "id": "way/1265174459"
    },
    {
      "type": "Feature",
      "properties": {
        "@id": "way/1265174460",
        "footway": "sidewalk",
        "highway": "footway"
      },
      "geometry": {
        "type": "LineString",
        "coordinates": [
          [
            2.4888643,
            48.8948268
          ],
          [
            2.4888765,
            48.8948248
          ]
        ]
      },
      "id": "way/1265174460"
    },
    {
      "type": "Feature",
      "properties": {
        "@id": "way/1265174461",
        "crossing": "uncontrolled",
        "crossing:markings": "yes",
        "footway": "crossing",
        "highway": "footway"
      },
      "geometry": {
        "type": "LineString",
        "coordinates": [
          [
            2.4887849,
            48.8948394
          ],
          [
            2.4888346,
            48.8948315
          ],
          [
            2.4888643,
            48.8948268
          ]
        ]
      },
      "id": "way/1265174461"
    },
    {
      "type": "Feature",
      "properties": {
        "@id": "way/1265174462",
        "footway": "sidewalk",
        "highway": "footway"
      },
      "geometry": {
        "type": "LineString",
        "coordinates": [
          [
            2.4887486,
            48.8948465
          ],
          [
            2.4887849,
            48.8948394
          ]
        ]
      },
      "id": "way/1265174462"
    },
    {
      "type": "Feature",
      "properties": {
        "@id": "way/1265174463",
        "footway": "sidewalk",
        "highway": "footway"
      },
      "geometry": {
        "type": "LineString",
        "coordinates": [
          [
            2.4883688,
            48.8946397
          ],
          [
            2.4883737,
            48.8946304
          ]
        ]
      },
      "id": "way/1265174463"
    },
    {
      "type": "Feature",
      "properties": {
        "@id": "way/1265174464",
        "crossing": "uncontrolled",
        "crossing:markings": "yes",
        "footway": "crossing",
        "highway": "footway"
      },
      "geometry": {
        "type": "LineString",
        "coordinates": [
          [
            2.4883386,
            48.8946871
          ],
          [
            2.4883561,
            48.8946596
          ],
          [
            2.4883688,
            48.8946397
          ]
        ]
      },
      "id": "way/1265174464"
    },
    {
      "type": "Feature",
      "properties": {
        "@id": "way/1265174465",
        "footway": "sidewalk",
        "highway": "footway"
      },
      "geometry": {
        "type": "LineString",
        "coordinates": [
          [
            2.4883315,
            48.8946993
          ],
          [
            2.4883386,
            48.8946871
          ]
        ]
      },
      "id": "way/1265174465"
    },
    {
      "type": "Feature",
      "properties": {
        "@id": "way/1265174466",
        "footway": "sidewalk",
        "highway": "footway"
      },
      "geometry": {
        "type": "LineString",
        "coordinates": [
          [
            2.4876996,
            48.8946293
          ],
          [
            2.48771,
            48.8946395
          ]
        ]
      },
      "id": "way/1265174466"
    },
    {
      "type": "Feature",
      "properties": {
        "@id": "way/1265174467",
        "crossing": "uncontrolled",
        "crossing:markings": "yes",
        "footway": "crossing",
        "highway": "footway"
      },
      "geometry": {
        "type": "LineString",
        "coordinates": [
          [
            2.4876774,
            48.8945815
          ],
          [
            2.4876874,
            48.894603
          ],
          [
            2.4876996,
            48.8946293
          ]
        ]
      },
      "id": "way/1265174467"
    },
    {
      "type": "Feature",
      "properties": {
        "@id": "way/1265174468",
        "footway": "sidewalk",
        "highway": "footway"
      },
      "geometry": {
        "type": "LineString",
        "coordinates": [
          [
            2.4876767,
            48.894554
          ],
          [
            2.4876774,
            48.8945815
          ]
        ]
      },
      "id": "way/1265174468"
    },
    {
      "type": "Feature",
      "properties": {
        "@id": "way/1265174469",
        "footway": "sidewalk",
        "highway": "footway"
      },
      "geometry": {
        "type": "LineString",
        "coordinates": [
          [
            2.4882908,
            48.8944313
          ],
          [
            2.4882601,
            48.8944376
          ]
        ]
      },
      "id": "way/1265174469"
    },
    {
      "type": "Feature",
      "properties": {
        "@id": "way/1265174470",
        "footway": "sidewalk",
        "highway": "footway"
      },
      "geometry": {
        "type": "LineString",
        "coordinates": [
          [
            2.4881794,
            48.8944543
          ],
          [
            2.4881476,
            48.8944608
          ]
        ]
      },
      "id": "way/1265174470"
    },
    {
      "type": "Feature",
      "properties": {
        "@id": "way/1265174471",
        "footway": "sidewalk",
        "highway": "footway"
      },
      "geometry": {
        "type": "LineString",
        "coordinates": [
          [
            2.4917024,
            48.8961212
          ],
          [
            2.4924414,
            48.8958813
          ],
          [
            2.4929215,
            48.8957297
          ],
          [
            2.4930127,
            48.8956627
          ],
          [
            2.4928182,
            48.8953479
          ],
          [
            2.4927398,
            48.8952009
          ],
          [
            2.4927042,
            48.8951795
          ],
          [
            2.4926294,
            48.8952046
          ],
          [
            2.4921155,
            48.8953162
          ],
          [
            2.4915777,
            48.8954396
          ],
          [
            2.4915335,
            48.8953638
          ],
          [
            2.4917219,
            48.8953176
          ],
          [
            2.4921115,
            48.8952377
          ],
          [
            2.4926747,
            48.8950927
          ],
          [
            2.4924313,
            48.8946919
          ],
          [
            2.4924072,
            48.8946456
          ],
          [
            2.4923602,
            48.8945819
          ],
          [
            2.4923294,
            48.8945751
          ],
          [
            2.4922007,
            48.8946002
          ],
          [
            2.4919009,
            48.8946386
          ],
          [
            2.4918761,
            48.8946584
          ],
          [
            2.4914858,
            48.8947127
          ],
          [
            2.491449,
            48.8947034
          ],
          [
            2.4910922,
            48.8947528
          ],
          [
            2.4909923,
            48.8947479
          ],
          [
            2.4908343,
            48.8947703
          ],
          [
            2.4890645,
            48.8950208
          ],
          [
            2.4890015,
            48.8950402
          ],
          [
            2.4890058,
            48.8950744
          ],
          [
            2.4894916,
            48.8960365
          ],
          [
            2.4901649,
            48.8959069
          ],
          [
            2.4902373,
            48.8959942
          ],
          [
            2.4902849,
            48.8960043
          ],
          [
            2.4908274,
            48.8958747
          ],
          [
            2.490883,
            48.8959554
          ],
          [
            2.4917829,
            48.8971562
          ]
        ]
      },
      "id": "way/1265174471"
    },
    {
      "type": "Feature",
      "properties": {
        "@id": "way/1265174472",
        "footway": "sidewalk",
        "highway": "footway"
      },
      "geometry": {
        "type": "LineString",
        "coordinates": [
          [
            2.488984,
            48.895079
          ],
          [
            2.489002,
            48.8950752
          ],
          [
            2.4890058,
            48.8950744
          ]
        ]
      },
      "id": "way/1265174472"
    },
    {
      "type": "Feature",
      "properties": {
        "@id": "way/1265174473",
        "crossing": "uncontrolled",
        "crossing:markings": "yes",
        "footway": "crossing",
        "highway": "footway"
      },
      "geometry": {
        "type": "LineString",
        "coordinates": [
          [
            2.4889183,
            48.8950924
          ],
          [
            2.488958,
            48.8950841
          ],
          [
            2.488984,
            48.895079
          ]
        ]
      },
      "id": "way/1265174473"
    },
    {
      "type": "Feature",
      "properties": {
        "@id": "way/1265174474",
        "footway": "sidewalk",
        "highway": "footway"
      },
      "geometry": {
        "type": "LineString",
        "coordinates": [
          [
            2.4889015,
            48.8950962
          ],
          [
            2.4889183,
            48.8950924
          ]
        ]
      },
      "id": "way/1265174474"
    },
    {
      "type": "Feature",
      "properties": {
        "@id": "way/1265174475",
        "footway": "sidewalk",
        "highway": "footway"
      },
      "geometry": {
        "type": "LineString",
        "coordinates": [
          [
            2.4875517,
            48.8952291
          ],
          [
            2.4885526,
            48.8950921
          ],
          [
            2.4888683,
            48.8950489
          ],
          [
            2.4888901,
            48.8950799
          ],
          [
            2.4889015,
            48.8950962
          ]
        ]
      },
      "id": "way/1265174475"
    },
    {
      "type": "Feature",
      "properties": {
        "@id": "way/1265174476",
        "footway": "sidewalk",
        "highway": "footway"
      },
      "geometry": {
        "type": "LineString",
        "coordinates": [
          [
            2.4874998,
            48.8952421
          ],
          [
            2.4875517,
            48.8952291
          ]
        ]
      },
      "id": "way/1265174476"
    },
    {
      "type": "Feature",
      "properties": {
        "@id": "way/1265174477",
        "crossing": "uncontrolled",
        "crossing:markings": "yes",
        "footway": "crossing",
        "highway": "footway"
      },
      "geometry": {
        "type": "LineString",
        "coordinates": [
          [
            2.4874099,
            48.8952553
          ],
          [
            2.4874523,
            48.8952491
          ],
          [
            2.4874998,
            48.8952421
          ]
        ]
      },
      "id": "way/1265174477"
    },
    {
      "type": "Feature",
      "properties": {
        "@id": "way/1265174478",
        "footway": "sidewalk",
        "highway": "footway"
      },
      "geometry": {
        "type": "LineString",
        "coordinates": [
          [
            2.4862901,
            48.8954021
          ],
          [
            2.4874099,
            48.8952553
          ]
        ]
      },
      "id": "way/1265174478"
    },
    {
      "type": "Feature",
      "properties": {
        "@id": "way/1265174479",
        "footway": "sidewalk",
        "highway": "footway"
      },
      "geometry": {
        "type": "LineString",
        "coordinates": [
          [
            2.4862844,
            48.8953876
          ],
          [
            2.4862901,
            48.8954021
          ]
        ]
      },
      "id": "way/1265174479"
    },
    {
      "type": "Feature",
      "properties": {
        "@id": "way/1265174480",
        "crossing": "uncontrolled",
        "crossing:markings": "yes",
        "footway": "crossing",
        "highway": "footway"
      },
      "geometry": {
        "type": "LineString",
        "coordinates": [
          [
            2.4862606,
            48.8953365
          ],
          [
            2.4862687,
            48.8953539
          ],
          [
            2.4862844,
            48.8953876
          ]
        ]
      },
      "id": "way/1265174480"
    },
    {
      "type": "Feature",
      "properties": {
        "@id": "way/1265174481",
        "footway": "sidewalk",
        "highway": "footway"
      },
      "geometry": {
        "type": "LineString",
        "coordinates": [
          [
            2.4862503,
            48.8953129
          ],
          [
            2.4862606,
            48.8953365
          ]
        ]
      },
      "id": "way/1265174481"
    },
    {
      "type": "Feature",
      "properties": {
        "@id": "way/1265174482",
        "crossing": "uncontrolled",
        "crossing:markings": "yes",
        "footway": "crossing",
        "highway": "footway"
      },
      "geometry": {
        "type": "LineString",
        "coordinates": [
          [
            2.48636,
            48.8952966
          ],
          [
            2.4864067,
            48.8952897
          ],
          [
            2.4864378,
            48.8952852
          ]
        ]
      },
      "id": "way/1265174482"
    },
    {
      "type": "Feature",
      "properties": {
        "@id": "way/1265174483",
        "footway": "sidewalk",
        "highway": "footway"
      },
      "geometry": {
        "type": "LineString",
        "coordinates": [
          [
            2.4863447,
            48.8952988
          ],
          [
            2.48636,
            48.8952966
          ]
        ]
      },
      "id": "way/1265174483"
    },
    {
      "type": "Feature",
      "properties": {
        "@id": "way/1265174485",
        "footway": "sidewalk",
        "highway": "footway"
      },
      "geometry": {
        "type": "LineString",
        "coordinates": [
          [
            2.4821048,
            48.8958888
          ],
          [
            2.4820646,
            48.8959012
          ],
          [
            2.481586,
            48.8959694
          ],
          [
            2.4810675,
            48.8960376
          ],
          [
            2.4803584,
            48.8947857
          ],
          [
            2.4803453,
            48.8947625
          ],
          [
            2.4803815,
            48.8947155
          ],
          [
            2.4810966,
            48.8946095
          ]
        ]
      },
      "id": "way/1265174485"
    },
    {
      "type": "Feature",
      "properties": {
        "@id": "way/1265174486",
        "crossing": "uncontrolled",
        "crossing:markings": "yes",
        "footway": "crossing",
        "highway": "footway"
      },
      "geometry": {
        "type": "LineString",
        "coordinates": [
          [
            2.4822101,
            48.8958743
          ],
          [
            2.4821642,
            48.8958806
          ],
          [
            2.4821048,
            48.8958888
          ]
        ]
      },
      "id": "way/1265174486"
    },
    {
      "type": "Feature",
      "properties": {
        "@id": "way/1265174487",
        "footway": "sidewalk",
        "highway": "footway"
      },
      "geometry": {
        "type": "LineString",
        "coordinates": [
          [
            2.4828723,
            48.895783
          ],
          [
            2.4822101,
            48.8958743
          ]
        ]
      },
      "id": "way/1265174487"
    },
    {
      "type": "Feature",
      "properties": {
        "@id": "way/1265174488",
        "crossing": "uncontrolled",
        "crossing:markings": "yes",
        "footway": "crossing",
        "highway": "footway"
      },
      "geometry": {
        "type": "LineString",
        "coordinates": [
          [
            2.4829661,
            48.8957691
          ],
          [
            2.482921,
            48.8957759
          ],
          [
            2.4828723,
            48.895783
          ]
        ]
      },
      "id": "way/1265174488"
    },
    {
      "type": "Feature",
      "properties": {
        "@id": "way/1265174489",
        "footway": "sidewalk",
        "highway": "footway"
      },
      "geometry": {
        "type": "LineString",
        "coordinates": [
          [
            2.4835958,
            48.8956843
          ],
          [
            2.4829661,
            48.8957691
          ]
        ]
      },
      "id": "way/1265174489"
    },
    {
      "type": "Feature",
      "properties": {
        "@id": "way/1265174490",
        "crossing": "uncontrolled",
        "crossing:markings": "yes",
        "footway": "crossing",
        "highway": "footway"
      },
      "geometry": {
        "type": "LineString",
        "coordinates": [
          [
            2.4836907,
            48.8956726
          ],
          [
            2.4836442,
            48.8956783
          ],
          [
            2.4835958,
            48.8956843
          ]
        ]
      },
      "id": "way/1265174490"
    },
    {
      "type": "Feature",
      "properties": {
        "@id": "way/1265174491",
        "footway": "sidewalk",
        "highway": "footway"
      },
      "geometry": {
        "type": "LineString",
        "coordinates": [
          [
            2.4843126,
            48.8955858
          ],
          [
            2.4836907,
            48.8956726
          ]
        ]
      },
      "id": "way/1265174491"
    },
    {
      "type": "Feature",
      "properties": {
        "@id": "way/1265174492",
        "crossing": "uncontrolled",
        "crossing:markings": "yes",
        "footway": "crossing",
        "highway": "footway",
        "surface": "paving_stones"
      },
      "geometry": {
        "type": "LineString",
        "coordinates": [
          [
            2.4844353,
            48.8955692
          ],
          [
            2.4843772,
            48.8955776
          ],
          [
            2.4843126,
            48.8955858
          ]
        ]
      },
      "id": "way/1265174492"
    },
    {
      "type": "Feature",
      "properties": {
        "@id": "way/1265174493",
        "footway": "sidewalk",
        "highway": "footway"
      },
      "geometry": {
        "type": "LineString",
        "coordinates": [
          [
            2.485406,
            48.8936275
          ],
          [
            2.4854066,
            48.8936334
          ]
        ]
      },
      "id": "way/1265174493"
    },
    {
      "type": "Feature",
      "properties": {
        "@id": "way/1265174494",
        "crossing": "uncontrolled",
        "crossing:markings": "yes",
        "footway": "crossing",
        "highway": "footway"
      },
      "geometry": {
        "type": "LineString",
        "coordinates": [
          [
            2.4853915,
            48.8935922
          ],
          [
            2.4853985,
            48.8936072
          ],
          [
            2.485406,
            48.8936275
          ]
        ]
      },
      "id": "way/1265174494"
    },
    {
      "type": "Feature",
      "properties": {
        "@id": "way/1265174495",
        "footway": "sidewalk",
        "highway": "footway"
      },
      "geometry": {
        "type": "LineString",
        "coordinates": [
          [
            2.4853834,
            48.8935709
          ],
          [
            2.4853915,
            48.8935922
          ]
        ]
      },
      "id": "way/1265174495"
    },
    {
      "type": "Feature",
      "properties": {
        "@id": "way/1265174496",
        "footway": "sidewalk",
        "highway": "footway"
      },
      "geometry": {
        "type": "LineString",
        "coordinates": [
          [
            2.4844313,
            48.893836
          ],
          [
            2.4846558,
            48.8937786
          ],
          [
            2.4849802,
            48.8937218
          ],
          [
            2.4850516,
            48.8936912
          ],
          [
            2.4854066,
            48.8936334
          ],
          [
            2.4854314,
            48.8936555
          ],
          [
            2.486337,
            48.8952668
          ],
          [
            2.4863447,
            48.8952988
          ],
          [
            2.4862503,
            48.8953129
          ],
          [
            2.4862257,
            48.8953166
          ],
          [
            2.4858815,
            48.8953701
          ],
          [
            2.4857867,
            48.8953782
          ],
          [
            2.4851659,
            48.8954674
          ],
          [
            2.4851042,
            48.8954756
          ],
          [
            2.4846981,
            48.8955327
          ],
          [
            2.4844353,
            48.8955692
          ]
        ]
      },
      "id": "way/1265174496"
    },
    {
      "type": "Feature",
      "properties": {
        "@id": "way/1265174497",
        "crossing": "uncontrolled",
        "crossing:markings": "yes",
        "footway": "crossing",
        "highway": "footway"
      },
      "geometry": {
        "type": "LineString",
        "coordinates": [
          [
            2.4843334,
            48.8938603
          ],
          [
            2.4843871,
            48.8938473
          ],
          [
            2.4844313,
            48.893836
          ]
        ]
      },
      "id": "way/1265174497"
    },
    {
      "type": "Feature",
      "properties": {
        "@id": "way/1265174498",
        "footway": "sidewalk",
        "highway": "footway"
      },
      "geometry": {
        "type": "LineString",
        "coordinates": [
          [
            2.4837266,
            48.8940051
          ],
          [
            2.4837949,
            48.8939969
          ],
          [
            2.4843334,
            48.8938603
          ]
        ]
      },
      "id": "way/1265174498"
    },
    {
      "type": "Feature",
      "properties": {
        "@id": "way/1265174499",
        "crossing": "uncontrolled",
        "crossing:markings": "yes",
        "footway": "crossing",
        "highway": "footway"
      },
      "geometry": {
        "type": "LineString",
        "coordinates": [
          [
            2.4836152,
            48.8940353
          ],
          [
            2.4836561,
            48.8940242
          ],
          [
            2.4837266,
            48.8940051
          ]
        ]
      },
      "id": "way/1265174499"
    },
    {
      "type": "Feature",
      "properties": {
        "@id": "way/1265174500",
        "footway": "sidewalk",
        "highway": "footway"
      },
      "geometry": {
        "type": "LineString",
        "coordinates": [
          [
            2.4819201,
            48.8944861
          ],
          [
            2.4819073,
            48.8944678
          ]
        ]
      },
      "id": "way/1265174500"
    },
    {
      "type": "Feature",
      "properties": {
        "@id": "way/1265174501",
        "footway": "sidewalk",
        "highway": "footway"
      },
      "geometry": {
        "type": "LineString",
        "coordinates": [
          [
            2.4810966,
            48.8946095
          ],
          [
            2.4818297,
            48.8945022
          ],
          [
            2.4819201,
            48.8944861
          ],
          [
            2.4820659,
            48.894464
          ],
          [
            2.4827308,
            48.8942689
          ],
          [
            2.4836152,
            48.8940353
          ]
        ]
      },
      "id": "way/1265174501"
    },
    {
      "type": "Feature",
      "properties": {
        "@id": "way/1265174502",
        "footway": "sidewalk",
        "highway": "footway",
        "surface": "asphalt"
      },
      "geometry": {
        "type": "LineString",
        "coordinates": [
          [
            2.4810906,
            48.8945916
          ],
          [
            2.4810966,
            48.8946095
          ]
        ]
      },
      "id": "way/1265174502"
    },
    {
      "type": "Feature",
      "properties": {
        "@id": "way/1265174503",
        "crossing": "uncontrolled",
        "crossing:markings": "yes",
        "footway": "crossing",
        "highway": "footway",
        "surface": "asphalt"
      },
      "geometry": {
        "type": "LineString",
        "coordinates": [
          [
            2.4810836,
            48.8945555
          ],
          [
            2.4810868,
            48.8945722
          ],
          [
            2.4810906,
            48.8945916
          ]
        ]
      },
      "id": "way/1265174503"
    },
    {
      "type": "Feature",
      "properties": {
        "@id": "way/1265174504",
        "footway": "sidewalk",
        "highway": "footway",
        "surface": "asphalt"
      },
      "geometry": {
        "type": "LineString",
        "coordinates": [
          [
            2.481066,
            48.8945343
          ],
          [
            2.4810836,
            48.8945555
          ]
        ]
      },
      "id": "way/1265174504"
    },
    {
      "type": "Feature",
      "properties": {
        "@id": "way/1265174505",
        "crossing": "uncontrolled",
        "crossing:markings": "yes",
        "footway": "crossing",
        "highway": "footway"
      },
      "geometry": {
        "type": "LineString",
        "coordinates": [
          [
            2.4818861,
            48.8944383
          ],
          [
            2.4818937,
            48.8944488
          ],
          [
            2.4819073,
            48.8944678
          ]
        ]
      },
      "id": "way/1265174505"
    },
    {
      "type": "Feature",
      "properties": {
        "@id": "way/1265174506",
        "footway": "sidewalk",
        "highway": "footway"
      },
      "geometry": {
        "type": "LineString",
        "coordinates": [
          [
            2.4818684,
            48.8944127
          ],
          [
            2.4818861,
            48.8944383
          ]
        ]
      },
      "id": "way/1265174506"
    },
    {
      "type": "Feature",
      "properties": {
        "@id": "way/1323476271",
        "access": "private",
        "highway": "footway"
      },
      "geometry": {
        "type": "LineString",
        "coordinates": [
          [
            2.4772097,
            48.8911995
          ],
          [
            2.4771673,
            48.8910192
          ]
        ]
      },
      "id": "way/1323476271"
    },
    {
      "type": "Feature",
      "properties": {
        "@id": "way/1323476272",
        "access": "private",
        "highway": "footway"
      },
      "geometry": {
        "type": "LineString",
        "coordinates": [
          [
            2.4759744,
            48.8913378
          ],
          [
            2.4759241,
            48.8911785
          ],
          [
            2.4761675,
            48.8911473
          ],
          [
            2.4766277,
            48.8910884
          ],
          [
            2.4767379,
            48.8910743
          ],
          [
            2.4771673,
            48.8910192
          ],
          [
            2.4774293,
            48.8909862
          ]
        ]
      },
      "id": "way/1323476272"
    },
    {
      "type": "Feature",
      "properties": {
        "@id": "way/1323476273",
        "access": "private",
        "highway": "footway"
      },
      "geometry": {
        "type": "LineString",
        "coordinates": [
          [
            2.4759012,
            48.8913248
          ],
          [
            2.4759744,
            48.8913378
          ],
          [
            2.4760795,
            48.8913518
          ],
          [
            2.4761358,
            48.8913468
          ]
        ]
      },
      "id": "way/1323476273"
    },
    {
      "type": "Feature",
      "properties": {
        "@id": "way/1323476275",
        "access": "private",
        "highway": "footway"
      },
      "geometry": {
        "type": "LineString",
        "coordinates": [
          [
            2.4762968,
            48.8913247
          ],
          [
            2.4762471,
            48.8911675
          ],
          [
            2.4762105,
            48.8911535
          ],
          [
            2.4761675,
            48.8911473
          ]
        ]
      },
      "id": "way/1323476275"
    },
    {
      "type": "Feature",
      "properties": {
        "@id": "way/1323476276",
        "access": "private",
        "highway": "footway"
      },
      "geometry": {
        "type": "LineString",
        "coordinates": [
          [
            2.4767887,
            48.8912573
          ],
          [
            2.4767379,
            48.8910743
          ]
        ]
      },
      "id": "way/1323476276"
    },
    {
      "type": "Feature",
      "properties": {
        "@id": "way/1323476320",
        "footway": "sidewalk",
        "highway": "footway"
      },
      "geometry": {
        "type": "LineString",
        "coordinates": [
          [
            2.4757741,
            48.8938481
          ],
          [
            2.4758264,
            48.8939354
          ],
          [
            2.4758305,
            48.8940456
          ],
          [
            2.4758221,
            48.8941113
          ]
        ]
      },
      "id": "way/1323476320"
    },
    {
      "type": "Feature",
      "properties": {
        "@id": "way/1323476321",
        "footway": "sidewalk",
        "highway": "footway"
      },
      "geometry": {
        "type": "LineString",
        "coordinates": [
          [
            2.4759221,
            48.8941125
          ],
          [
            2.4759607,
            48.894062
          ],
          [
            2.4760179,
            48.894019
          ],
          [
            2.4761124,
            48.8939895
          ],
          [
            2.4761985,
            48.8939786
          ],
          [
            2.4763146,
            48.8939775
          ]
        ]
      },
      "id": "way/1323476321"
    },
    {
      "type": "Feature",
      "properties": {
        "@id": "way/1323476322",
        "footway": "crossing",
        "highway": "footway"
      },
      "geometry": {
        "type": "LineString",
        "coordinates": [
          [
            2.4758221,
            48.8941113
          ],
          [
            2.4758678,
            48.8941131
          ],
          [
            2.4759221,
            48.8941125
          ]
        ]
      },
      "id": "way/1323476322"
    },
    {
      "type": "Feature",
      "properties": {
        "@id": "way/1323476323",
        "footway": "crossing",
        "highway": "footway"
      },
      "geometry": {
        "type": "LineString",
        "coordinates": [
          [
            2.4763146,
            48.8939775
          ],
          [
            2.4763223,
            48.8939252
          ],
          [
            2.4763338,
            48.8938513
          ]
        ]
      },
      "id": "way/1323476323"
    },
    {
      "type": "Feature",
      "properties": {
        "@id": "way/1323476324",
        "footway": "crossing",
        "highway": "footway"
      },
      "geometry": {
        "type": "LineString",
        "coordinates": [
          [
            2.4758794,
            48.8937382
          ],
          [
            2.4758317,
            48.8937899
          ],
          [
            2.4757741,
            48.8938481
          ]
        ]
      },
      "id": "way/1323476324"
    },
    {
      "type": "Feature",
      "properties": {
        "@id": "way/1323476325",
        "footway": "crossing",
        "highway": "footway"
      },
      "geometry": {
        "type": "LineString",
        "coordinates": [
          [
            2.4762878,
            48.8937705
          ],
          [
            2.4762171,
            48.8937497
          ],
          [
            2.476147,
            48.8937282
          ]
        ]
      },
      "id": "way/1323476325"
    },
    {
      "type": "Feature",
      "properties": {
        "@id": "way/1323476326",
        "footway": "sidewalk",
        "highway": "footway"
      },
      "geometry": {
        "type": "LineString",
        "coordinates": [
          [
            2.4763338,
            48.8938513
          ],
          [
            2.4762878,
            48.8937705
          ]
        ]
      },
      "id": "way/1323476326"
    },
    {
      "type": "Feature",
      "properties": {
        "@id": "way/1324127751",
        "crossing": "uncontrolled",
        "crossing:markings": "yes",
        "footway": "crossing",
        "highway": "footway"
      },
      "geometry": {
        "type": "LineString",
        "coordinates": [
          [
            2.4705414,
            48.9037039
          ],
          [
            2.4705784,
            48.9037125
          ],
          [
            2.4706265,
            48.9037238
          ]
        ]
      },
      "id": "way/1324127751"
    },
    {
      "type": "Feature",
      "properties": {
        "@id": "way/1324127752",
        "footway": "traffic_island",
        "highway": "footway"
      },
      "geometry": {
        "type": "LineString",
        "coordinates": [
          [
            2.4706265,
            48.9037238
          ],
          [
            2.4706737,
            48.9037279
          ]
        ]
      },
      "id": "way/1324127752"
    },
    {
      "type": "Feature",
      "properties": {
        "@id": "way/1324127753",
        "crossing": "uncontrolled",
        "crossing:markings": "yes",
        "footway": "crossing",
        "highway": "footway"
      },
      "geometry": {
        "type": "LineString",
        "coordinates": [
          [
            2.4706737,
            48.9037279
          ],
          [
            2.4707157,
            48.9037311
          ],
          [
            2.4708209,
            48.903739
          ],
          [
            2.4708486,
            48.9037411
          ]
        ]
      },
      "id": "way/1324127753"
    },
    {
      "type": "Feature",
      "properties": {
        "@id": "way/1324127760",
        "footway": "sidewalk",
        "highway": "footway"
      },
      "geometry": {
        "type": "LineString",
        "coordinates": [
          [
            2.4708752,
            48.9035977
          ],
          [
            2.4708974,
            48.9037471
          ],
          [
            2.4709029,
            48.9037837
          ],
          [
            2.4710114,
            48.9037976
          ],
          [
            2.471147,
            48.903815
          ],
          [
            2.4719002,
            48.9039789
          ]
        ]
      },
      "id": "way/1324127760"
    },
    {
      "type": "Feature",
      "properties": {
        "@id": "way/1324127761",
        "footway": "sidewalk",
        "highway": "footway"
      },
      "geometry": {
        "type": "LineString",
        "coordinates": [
          [
            2.4708486,
            48.9037411
          ],
          [
            2.4708974,
            48.9037471
          ]
        ]
      },
      "id": "way/1324127761"
    },
    {
      "type": "Feature",
      "properties": {
        "@id": "way/1324127762",
        "footway": "traffic_island",
        "highway": "footway"
      },
      "geometry": {
        "type": "LineString",
        "coordinates": [
          [
            2.4709796,
            48.903949
          ],
          [
            2.4709609,
            48.9040423
          ]
        ]
      },
      "id": "way/1324127762"
    },
    {
      "type": "Feature",
      "properties": {
        "@id": "way/1324127763",
        "crossing": "uncontrolled",
        "crossing:markings": "yes",
        "footway": "crossing",
        "highway": "footway"
      },
      "geometry": {
        "type": "LineString",
        "coordinates": [
          [
            2.4709796,
            48.903949
          ],
          [
            2.4709962,
            48.9038998
          ],
          [
            2.4710073,
            48.9038672
          ],
          [
            2.4710133,
            48.9038423
          ]
        ]
      },
      "id": "way/1324127763"
    },
    {
      "type": "Feature",
      "properties": {
        "@id": "way/1324127764",
        "footway": "sidewalk",
        "highway": "footway"
      },
      "geometry": {
        "type": "LineString",
        "coordinates": [
          [
            2.4710133,
            48.9038423
          ],
          [
            2.4710114,
            48.9037976
          ]
        ]
      },
      "id": "way/1324127764"
    },
    {
      "type": "Feature",
      "properties": {
        "@id": "way/1324127765",
        "crossing": "uncontrolled",
        "crossing:markings": "yes",
        "footway": "crossing",
        "highway": "footway"
      },
      "geometry": {
        "type": "LineString",
        "coordinates": [
          [
            2.4708591,
            48.9042729
          ],
          [
            2.4708716,
            48.9042447
          ],
          [
            2.4708918,
            48.9041989
          ],
          [
            2.4709265,
            48.9041077
          ],
          [
            2.4709609,
            48.9040423
          ]
        ]
      },
      "id": "way/1324127765"
    },
    {
      "type": "Feature",
      "properties": {
        "@id": "way/1324127766",
        "footway": "sidewalk",
        "highway": "footway"
      },
      "geometry": {
        "type": "LineString",
        "coordinates": [
          [
            2.470851,
            48.9042932
          ],
          [
            2.4708875,
            48.9042974
          ],
          [
            2.4719898,
            48.9045171
          ],
          [
            2.4723549,
            48.9046358
          ]
        ]
      },
      "id": "way/1324127766"
    },
    {
      "type": "Feature",
      "properties": {
        "@id": "way/1324127767",
        "footway": "sidewalk",
        "highway": "footway"
      },
      "geometry": {
        "type": "LineString",
        "coordinates": [
          [
            2.4708591,
            48.9042729
          ],
          [
            2.470851,
            48.9042932
          ]
        ]
      },
      "id": "way/1324127767"
    },
    {
      "type": "Feature",
      "properties": {
        "@id": "way/1324127769",
        "footway": "sidewalk",
        "highway": "footway"
      },
      "geometry": {
        "type": "LineString",
        "coordinates": [
          [
            2.4706836,
            48.9043532
          ],
          [
            2.4706548,
            48.904345
          ]
        ]
      },
      "id": "way/1324127769"
    },
    {
      "type": "Feature",
      "properties": {
        "@id": "way/1324127770",
        "crossing": "traffic_signals",
        "crossing:markings": "yes",
        "footway": "crossing",
        "highway": "footway"
      },
      "geometry": {
        "type": "LineString",
        "coordinates": [
          [
            2.470321,
            48.9042779
          ],
          [
            2.470383,
            48.9042904
          ],
          [
            2.4704864,
            48.9043112
          ]
        ]
      },
      "id": "way/1324127770"
    },
    {
      "type": "Feature",
      "properties": {
        "@id": "way/1324127771",
        "crossing": "traffic_signals",
        "crossing:markings": "yes",
        "footway": "crossing",
        "highway": "footway"
      },
      "geometry": {
        "type": "LineString",
        "coordinates": [
          [
            2.4705288,
            48.9043197
          ],
          [
            2.4705713,
            48.9043282
          ],
          [
            2.4706548,
            48.904345
          ]
        ]
      },
      "id": "way/1324127771"
    },
    {
      "type": "Feature",
      "properties": {
        "@id": "way/1324127772",
        "crossing:markings": "yes",
        "footway": "traffic_island",
        "highway": "footway"
      },
      "geometry": {
        "type": "LineString",
        "coordinates": [
          [
            2.4704864,
            48.9043112
          ],
          [
            2.4705288,
            48.9043197
          ]
        ]
      },
      "id": "way/1324127772"
    },
    {
      "type": "Feature",
      "properties": {
        "@id": "way/1327555053",
        "highway": "footway"
      },
      "geometry": {
        "type": "LineString",
        "coordinates": [
          [
            2.4867813,
            48.9137166
          ],
          [
            2.4870745,
            48.9138807
          ],
          [
            2.4872018,
            48.9139385
          ],
          [
            2.4872976,
            48.9140094
          ],
          [
            2.4874067,
            48.9141035
          ],
          [
            2.4874683,
            48.9141567
          ],
          [
            2.4880359,
            48.9148361
          ]
        ]
      },
      "id": "way/1327555053"
    },
    {
      "type": "Feature",
      "properties": {
        "@id": "way/1327555054",
        "highway": "footway"
      },
      "geometry": {
        "type": "LineString",
        "coordinates": [
          [
            2.4881467,
            48.9135809
          ],
          [
            2.4880477,
            48.9138196
          ]
        ]
      },
      "id": "way/1327555054"
    },
    {
      "type": "Feature",
      "properties": {
        "@id": "way/1327555055",
        "highway": "footway"
      },
      "geometry": {
        "type": "LineString",
        "coordinates": [
          [
            2.4888647,
            48.9136408
          ],
          [
            2.4880477,
            48.9138196
          ],
          [
            2.4872976,
            48.9140094
          ]
        ]
      },
      "id": "way/1327555055"
    },
    {
      "type": "Feature",
      "properties": {
        "@id": "way/1327555057",
        "highway": "footway"
      },
      "geometry": {
        "type": "LineString",
        "coordinates": [
          [
            2.4875299,
            48.916272
          ],
          [
            2.4877136,
            48.9163176
          ]
        ]
      },
      "id": "way/1327555057"
    },
    {
      "type": "Feature",
      "properties": {
        "@id": "way/1327555059",
        "highway": "footway"
      },
      "geometry": {
        "type": "LineString",
        "coordinates": [
          [
            2.4873595,
            48.9168564
          ],
          [
            2.4873717,
            48.9168057
          ],
          [
            2.4873969,
            48.9167017
          ]
        ]
      },
      "id": "way/1327555059"
    },
    {
      "type": "Feature",
      "properties": {
        "@id": "way/1327555060",
        "highway": "footway"
      },
      "geometry": {
        "type": "LineString",
        "coordinates": [
          [
            2.4875027,
            48.9163255
          ],
          [
            2.4875144,
            48.9163026
          ],
          [
            2.4875299,
            48.916272
          ]
        ]
      },
      "id": "way/1327555060"
    },
    {
      "type": "Feature",
      "properties": {
        "@id": "way/1327555061",
        "highway": "footway"
      },
      "geometry": {
        "type": "LineString",
        "coordinates": [
          [
            2.4874518,
            48.9164432
          ],
          [
            2.4873933,
            48.9166188
          ],
          [
            2.4873969,
            48.9167017
          ]
        ]
      },
      "id": "way/1327555061"
    },
    {
      "type": "Feature",
      "properties": {
        "@id": "way/1327555062",
        "highway": "footway"
      },
      "geometry": {
        "type": "LineString",
        "coordinates": [
          [
            2.4891059,
            48.9148888
          ],
          [
            2.4891536,
            48.9149426
          ],
          [
            2.4893341,
            48.9150332
          ],
          [
            2.4893669,
            48.9151044
          ],
          [
            2.4894529,
            48.9153145
          ]
        ]
      },
      "id": "way/1327555062"
    },
    {
      "type": "Feature",
      "properties": {
        "@id": "way/1327555063",
        "highway": "footway"
      },
      "geometry": {
        "type": "LineString",
        "coordinates": [
          [
            2.4887315,
            48.9139332
          ],
          [
            2.4880477,
            48.9138196
          ]
        ]
      },
      "id": "way/1327555063"
    },
    {
      "type": "Feature",
      "properties": {
        "@id": "way/1327555065",
        "highway": "footway"
      },
      "geometry": {
        "type": "LineString",
        "coordinates": [
          [
            2.4893341,
            48.9150332
          ],
          [
            2.4894259,
            48.9150122
          ],
          [
            2.4895601,
            48.9150321
          ]
        ]
      },
      "id": "way/1327555065"
    },
    {
      "type": "Feature",
      "properties": {
        "@id": "way/1344520981",
        "bicycle": "no",
        "foot": "yes",
        "highway": "footway",
        "horse": "no",
        "motor_vehicle": "no",
        "name": "Quai de Lyon",
        "surface": "dirt"
      },
      "geometry": {
        "type": "LineString",
        "coordinates": [
          [
            2.4905282,
            48.9092126
          ],
          [
            2.4901901,
            48.9091399
          ],
          [
            2.4897327,
            48.9089993
          ],
          [
            2.4870491,
            48.9084951
          ],
          [
            2.4861618,
            48.9083007
          ],
          [
            2.4829236,
            48.9076395
          ],
          [
            2.4800096,
            48.9070523
          ],
          [
            2.4765516,
            48.9063567
          ]
        ]
      },
      "id": "way/1344520981"
    },
    {
      "type": "Feature",
      "properties": {
        "@id": "way/1344520982",
        "bicycle": "no",
        "foot": "yes",
        "highway": "footway",
        "horse": "yes",
        "motor_vehicle": "no",
        "name": "Chemin de halage du canal de l'Ourcq",
        "surface": "asphalt"
      },
      "geometry": {
        "type": "LineString",
        "coordinates": [
          [
            2.4749316,
            48.9059958
          ],
          [
            2.4745497,
            48.905928
          ],
          [
            2.4740593,
            48.9058408
          ],
          [
            2.4739243,
            48.9057952
          ],
          [
            2.4738142,
            48.905758
          ],
          [
            2.4737494,
            48.9056941
          ],
          [
            2.4736834,
            48.905629
          ],
          [
            2.4728802,
            48.9054663
          ],
          [
            2.4723021,
            48.9053624
          ]
        ]
      },
      "id": "way/1344520982"
    },
    {
      "type": "Feature",
      "properties": {
        "@id": "way/1348753664",
        "bicycle": "no",
        "foot": "yes",
        "highway": "footway",
        "horse": "no",
        "motor_vehicle": "no",
        "name": "Quai de Lyon",
        "surface": "dirt"
      },
      "geometry": {
        "type": "LineString",
        "coordinates": [
          [
            2.4763717,
            48.9063203
          ],
          [
            2.4763053,
            48.9063067
          ],
          [
            2.4749649,
            48.9060317
          ],
          [
            2.4749316,
            48.9059958
          ]
        ]
      },
      "id": "way/1348753664"
    },
    {
      "type": "Feature",
      "properties": {
        "@id": "way/1348753665",
        "access": "no",
        "highway": "footway",
        "name": "Chemin de halage du canal de l'Ourcq",
        "surface": "dirt"
      },
      "geometry": {
        "type": "LineString",
        "coordinates": [
          [
            2.4765516,
            48.9063567
          ],
          [
            2.4763717,
            48.9063203
          ]
        ]
      },
      "id": "way/1348753665"
    },
    {
      "type": "Feature",
      "properties": {
        "@id": "way/1354243814",
        "highway": "footway"
      },
      "geometry": {
        "type": "LineString",
        "coordinates": [
          [
            2.4798127,
            48.9078844
          ],
          [
            2.4797974,
            48.9075202
          ],
          [
            2.4798259,
            48.9073891
          ]
        ]
      },
      "id": "way/1354243814"
    },
    {
      "type": "Feature",
      "properties": {
        "@id": "way/1354243815",
        "highway": "footway"
      },
      "geometry": {
        "type": "LineString",
        "coordinates": [
          [
            2.4797974,
            48.9075202
          ],
          [
            2.4792274,
            48.9073919
          ],
          [
            2.4791678,
            48.907379
          ],
          [
            2.4791476,
            48.9073741
          ],
          [
            2.4790951,
            48.9073605
          ],
          [
            2.4779318,
            48.9071177
          ],
          [
            2.4769958,
            48.9069339
          ],
          [
            2.4764472,
            48.9069196
          ]
        ]
      },
      "id": "way/1354243815"
    },
    {
      "type": "Feature",
      "properties": {
        "@id": "way/1416125879",
        "footway": "sidewalk",
        "highway": "footway"
      },
      "geometry": {
        "type": "LineString",
        "coordinates": [
          [
            2.4899861,
            48.89329
          ],
          [
            2.4892978,
            48.8933846
          ],
          [
            2.4892728,
            48.8933891
          ],
          [
            2.4888672,
            48.8934622
          ],
          [
            2.4887853,
            48.8934643
          ]
        ]
      },
      "id": "way/1416125879"
    },
    {
      "type": "Feature",
      "properties": {
        "@id": "way/1416125880",
        "footway": "sidewalk",
        "highway": "footway"
      },
      "geometry": {
        "type": "LineString",
        "coordinates": [
          [
            2.4902562,
            48.8939296
          ],
          [
            2.4904141,
            48.8942876
          ],
          [
            2.4905086,
            48.8945019
          ],
          [
            2.4905585,
            48.8946113
          ]
        ]
      },
      "id": "way/1416125880"
    },
    {
      "type": "Feature",
      "properties": {
        "@id": "way/1418305890",
        "footway": "sidewalk",
        "highway": "footway"
      },
      "geometry": {
        "type": "LineString",
        "coordinates": [
          [
            2.4902562,
            48.8939296
          ],
          [
            2.4900828,
            48.8935156
          ],
          [
            2.4899861,
            48.89329
          ]
        ]
      },
      "id": "way/1418305890"
    },
    {
      "type": "Feature",
      "properties": {
        "@id": "way/1418305891",
        "footway": "sidewalk",
        "highway": "footway"
      },
      "geometry": {
        "type": "LineString",
        "coordinates": [
          [
            2.4906965,
            48.8945858
          ],
          [
            2.4906511,
            48.8944679
          ],
          [
            2.4905569,
            48.8942594
          ],
          [
            2.4903968,
            48.8939078
          ],
          [
            2.4902315,
            48.8934912
          ],
          [
            2.490144,
            48.8932665
          ]
        ]
      },
      "id": "way/1418305891"
    },
    {
      "type": "Feature",
      "properties": {
        "@id": "way/1418305892",
        "footway": "sidewalk",
        "highway": "footway"
      },
      "geometry": {
        "type": "LineString",
        "coordinates": [
          [
            2.490144,
            48.8932665
          ],
          [
            2.4900672,
            48.8932779
          ],
          [
            2.4899861,
            48.89329
          ]
        ]
      },
      "id": "way/1418305892"
    },
    {
      "type": "Feature",
      "properties": {
        "@id": "way/1446011876",
        "bicycle": "no",
        "foot": "yes",
        "highway": "footway",
        "horse": "no",
        "motor_vehicle": "no",
        "name": "Chemin de halage du canal de l'Ourcq",
        "surface": "dirt"
      },
      "geometry": {
        "type": "LineString",
        "coordinates": [
          [
            2.4953629,
            48.9101254
          ],
          [
            2.4953375,
            48.9101109
          ],
          [
            2.4952409,
            48.9100558
          ],
          [
            2.4943997,
            48.9098824
          ],
          [
            2.4943388,
            48.9098284
          ],
          [
            2.4934962,
            48.9096554
          ],
          [
            2.4923634,
            48.9094228
          ],
          [
            2.4921665,
            48.9093823
          ],
          [
            2.4920527,
            48.9093844
          ],
          [
            2.4913602,
            48.9092572
          ],
          [
            2.4911041,
            48.9093274
          ],
          [
            2.4909115,
            48.909295
          ],
          [
            2.4905282,
            48.9092126
          ]
        ]
      },
      "id": "way/1446011876"
    },
    {
      "type": "Feature",
      "properties": {
        "@id": "way/1446011877",
        "bicycle": "no",
        "foot": "yes",
        "highway": "footway",
        "horse": "yes",
        "motor_vehicle": "no",
        "name": "Quai de Lyon",
        "surface": "asphalt"
      },
      "geometry": {
        "type": "LineString",
        "coordinates": [
          [
            2.4719213,
            48.9052855
          ],
          [
            2.472198,
            48.9053414
          ],
          [
            2.4723021,
            48.9053624
          ],
          [
            2.4736654,
            48.9056377
          ],
          [
            2.4737494,
            48.9056941
          ],
          [
            2.4738627,
            48.9057702
          ],
          [
            2.4739243,
            48.9057952
          ],
          [
            2.4745497,
            48.905928
          ],
          [
            2.4748069,
            48.9059826
          ],
          [
            2.4749316,
            48.9059958
          ],
          [
            2.4750465,
            48.9060079
          ]
        ]
      },
      "id": "way/1446011877"
    },
    {
      "type": "Feature",
      "properties": {
        "@id": "way/1446015463",
        "bicycle": "no",
        "foot": "yes",
        "highway": "footway",
        "horse": "yes",
        "motor_vehicle": "no",
        "name": "Quai de Lyon",
        "surface": "asphalt"
      },
      "geometry": {
        "type": "LineString",
        "coordinates": [
          [
            2.4701298,
            48.9049937
          ],
          [
            2.4702809,
            48.9050257
          ],
          [
            2.4704159,
            48.9049843
          ],
          [
            2.4711422,
            48.9051288
          ],
          [
            2.4716094,
            48.9052226
          ],
          [
            2.4719213,
            48.9052855
          ]
        ]
      },
      "id": "way/1446015463"
    },
    {
      "type": "Feature",
      "properties": {
        "@id": "way/1447185300",
        "highway": "footway"
      },
      "geometry": {
        "type": "LineString",
        "coordinates": [
          [
            2.4795139,
            48.8943662
          ],
          [
            2.4795007,
            48.8943256
          ]
        ]
      },
      "id": "way/1447185300"
    },
    {
      "type": "Feature",
      "properties": {
        "@id": "way/1447185301",
        "highway": "footway"
      },
      "geometry": {
        "type": "LineString",
        "coordinates": [
          [
            2.4796091,
            48.8943478
          ],
          [
            2.4795969,
            48.8943112
          ]
        ]
      },
      "id": "way/1447185301"
    },
    {
      "type": "Feature",
      "properties": {
        "@id": "way/1453773361",
        "access": "customers",
        "highway": "footway"
      },
      "geometry": {
        "type": "LineString",
        "coordinates": [
          [
            2.4896003,
            48.9076634
          ],
          [
            2.4895658,
            48.9076185
          ],
          [
            2.4893279,
            48.9076994
          ]
        ]
      },
      "id": "way/1453773361"
    },
    {
      "type": "Feature",
      "properties": {
        "@id": "way/1458118404",
        "crossing": "uncontrolled",
        "crossing:markings": "yes",
        "footway": "crossing",
        "highway": "footway"
      },
      "geometry": {
        "type": "LineString",
        "coordinates": [
          [
            2.4708542,
            48.9004312
          ],
          [
            2.4708996,
            48.9004346
          ],
          [
            2.4709454,
            48.900438
          ]
        ]
      },
      "id": "way/1458118404"
    },
    {
      "type": "Feature",
      "properties": {
        "@id": "way/1460701926",
        "highway": "footway"
      },
      "geometry": {
        "type": "LineString",
        "coordinates": [
          [
            2.4763053,
            48.9063067
          ],
          [
            2.4763167,
            48.9062757
          ],
          [
            2.4763208,
            48.9062648
          ]
        ]
      },
      "id": "way/1460701926"
    },
    {
      "type": "Feature",
      "properties": {
        "@id": "way/1478746418",
        "crossing": "marked",
        "crossing:island": "no",
        "crossing:markings": "yes",
        "footway": "crossing",
        "highway": "footway",
        "surface": "asphalt"
      },
      "geometry": {
        "type": "LineString",
        "coordinates": [
          [
            2.4760091,
            48.903702
          ],
          [
            2.4760223,
            48.9037567
          ],
          [
            2.4760342,
            48.9038102
          ]
        ]
      },
      "id": "way/1478746418"
    },
    {
      "type": "Feature",
      "properties": {
        "@id": "way/1500325470",
        "highway": "footway"
      },
      "geometry": {
        "type": "LineString",
        "coordinates": [
          [
            2.4866991,
            48.9016704
          ],
          [
            2.4865751,
            48.9016855
          ],
          [
            2.486581,
            48.9017184
          ],
          [
            2.4865821,
            48.9017246
          ]
        ]
      },
      "id": "way/1500325470"
    },
    {
      "type": "Feature",
      "properties": {
        "@id": "way/1524373495",
        "highway": "footway"
      },
      "geometry": {
        "type": "LineString",
        "coordinates": [
          [
            2.4782758,
            48.913473
          ],
          [
            2.4785471,
            48.9134262
          ]
        ]
      },
      "id": "way/1524373495"
    },
    {
      "type": "Feature",
      "properties": {
        "@id": "way/1524373496",
        "highway": "footway"
      },
      "geometry": {
        "type": "LineString",
        "coordinates": [
          [
            2.4782227,
            48.9132578
          ],
          [
            2.4784698,
            48.9131563
          ]
        ]
      },
      "id": "way/1524373496"
    },
    {
      "type": "Feature",
      "properties": {
        "@id": "way/1524373497",
        "highway": "footway"
      },
      "geometry": {
        "type": "LineString",
        "coordinates": [
          [
            2.4781737,
            48.9130592
          ],
          [
            2.4784416,
            48.9130576
          ]
        ]
      },
      "id": "way/1524373497"
    },
    {
      "type": "Feature",
      "properties": {
        "@id": "way/1547939620",
        "footway": "sidewalk",
        "highway": "footway"
      },
      "geometry": {
        "type": "LineString",
        "coordinates": [
          [
            2.4806505,
            48.9079404
          ],
          [
            2.4806576,
            48.9080922
          ],
          [
            2.4806945,
            48.9080973
          ],
          [
            2.480721,
            48.9080825
          ],
          [
            2.4807552,
            48.9080746
          ],
          [
            2.4807887,
            48.9080836
          ],
          [
            2.4808145,
            48.9081134
          ],
          [
            2.480836,
            48.9080806
          ],
          [
            2.4810398,
            48.9080852
          ],
          [
            2.4810472,
            48.9080006
          ],
          [
            2.4810425,
            48.9079351
          ]
        ]
      },
      "id": "way/1547939620"
    },
    {
      "type": "Feature",
      "properties": {
        "@id": "way/1547939621",
        "footway": "sidewalk",
        "highway": "footway"
      },
      "geometry": {
        "type": "LineString",
        "coordinates": [
          [
            2.4803037,
            48.9079137
          ],
          [
            2.4803447,
            48.9079173
          ],
          [
            2.4803766,
            48.9079197
          ],
          [
            2.4806505,
            48.9079404
          ],
          [
            2.4810425,
            48.9079351
          ],
          [
            2.4810339,
            48.9078794
          ],
          [
            2.4811251,
            48.9077022
          ]
        ]
      },
      "id": "way/1547939621"
    },
    {
      "type": "Feature",
      "properties": {
        "@id": "way/1547939622",
        "footway": "crossing",
        "highway": "footway",
        "surface": "asphalt"
      },
      "geometry": {
        "type": "LineString",
        "coordinates": [
          [
            2.4801334,
            48.9079078
          ],
          [
            2.480204,
            48.9079122
          ],
          [
            2.4803037,
            48.9079137
          ]
        ]
      },
      "id": "way/1547939622"
    },
    {
      "type": "Feature",
      "properties": {
        "@id": "way/1547939623",
        "highway": "footway",
        "name": "Rue Nadia Murad",
        "surface": "paving_stones"
      },
      "geometry": {
        "type": "LineString",
        "coordinates": [
          [
            2.4788281,
            48.9078397
          ],
          [
            2.4798127,
            48.9078844
          ],
          [
            2.479915,
            48.9078917
          ],
          [
            2.4800911,
            48.9079042
          ],
          [
            2.4801334,
            48.9079078
          ]
        ]
      },
      "id": "way/1547939623"
    },
    {
      "type": "Feature",
      "properties": {
        "@id": "way/1547939624",
        "footway": "sidewalk",
        "highway": "footway"
      },
      "geometry": {
        "type": "LineString",
        "coordinates": [
          [
            2.480346,
            48.9074953
          ],
          [
            2.4803447,
            48.9079173
          ],
          [
            2.4803446,
            48.9079316
          ],
          [
            2.4803205,
            48.9082401
          ],
          [
            2.4803302,
            48.9082511
          ],
          [
            2.4803426,
            48.9082652
          ],
          [
            2.4813545,
            48.9082648
          ]
        ]
      },
      "id": "way/1547939624"
    },
    {
      "type": "Feature",
      "properties": {
        "@id": "way/1547939625",
        "footway": "sidewalk",
        "highway": "footway"
      },
      "geometry": {
        "type": "LineString",
        "coordinates": [
          [
            2.4763904,
            48.9077187
          ],
          [
            2.4764308,
            48.9077209
          ]
        ]
      },
      "id": "way/1547939625"
    },
    {
      "type": "Feature",
      "properties": {
        "@id": "way/1547939626",
        "footway": "crossing",
        "highway": "footway",
        "surface": "asphalt"
      },
      "geometry": {
        "type": "LineString",
        "coordinates": [
          [
            2.4763314,
            48.9077178
          ],
          [
            2.4763516,
            48.9077193
          ],
          [
            2.4763904,
            48.9077187
          ]
        ]
      },
      "id": "way/1547939626"
    },
    {
      "type": "Feature",
      "properties": {
        "@id": "way/1547939627",
        "footway": "sidewalk",
        "highway": "footway"
      },
      "geometry": {
        "type": "LineString",
        "coordinates": [
          [
            2.4762797,
            48.9077147
          ],
          [
            2.4763314,
            48.9077178
          ]
        ]
      },
      "id": "way/1547939627"
    },
    {
      "type": "Feature",
      "properties": {
        "@id": "way/1547939628",
        "footway": "sidewalk",
        "highway": "footway"
      },
      "geometry": {
        "type": "LineString",
        "coordinates": [
          [
            2.4735165,
            48.9080891
          ],
          [
            2.4748903,
            48.9081599
          ],
          [
            2.4761818,
            48.9082242
          ],
          [
            2.4762087,
            48.9081996
          ],
          [
            2.4762797,
            48.9077147
          ],
          [
            2.4762804,
            48.907683
          ],
          [
            2.4763347,
            48.906568
          ]
        ]
      },
      "id": "way/1547939628"
    },
    {
      "type": "Feature",
      "properties": {
        "@id": "way/1547939629",
        "footway": "sidewalk",
        "highway": "footway"
      },
      "geometry": {
        "type": "LineString",
        "coordinates": [
          [
            2.4764308,
            48.9077209
          ],
          [
            2.4763729,
            48.9081775
          ],
          [
            2.4764071,
            48.9082004
          ],
          [
            2.4774961,
            48.9082542
          ]
        ]
      },
      "id": "way/1547939629"
    },
    {
      "type": "Feature",
      "properties": {
        "@id": "way/1547939633",
        "footway": "crossing",
        "highway": "footway",
        "surface": "asphalt"
      },
      "geometry": {
        "type": "LineString",
        "coordinates": [
          [
            2.4800853,
            48.9084106
          ],
          [
            2.4800829,
            48.9084561
          ],
          [
            2.4800778,
            48.9085013
          ]
        ]
      },
      "id": "way/1547939633"
    },
    {
      "type": "Feature",
      "properties": {
        "@id": "way/1547939634",
        "footway": "sidewalk",
        "highway": "footway"
      },
      "geometry": {
        "type": "LineString",
        "coordinates": [
          [
            2.4800348,
            48.9083891
          ],
          [
            2.4800853,
            48.9084106
          ]
        ]
      },
      "id": "way/1547939634"
    },
    {
      "type": "Feature",
      "properties": {
        "@id": "way/1547939635",
        "footway": "sidewalk",
        "highway": "footway"
      },
      "geometry": {
        "type": "LineString",
        "coordinates": [
          [
            2.4776386,
            48.9082599
          ],
          [
            2.4776543,
            48.9082609
          ],
          [
            2.4781885,
            48.9082931
          ],
          [
            2.4800348,
            48.9083891
          ],
          [
            2.4800697,
            48.9083653
          ],
          [
            2.4800911,
            48.9079042
          ],
          [
            2.4801122,
            48.9074483
          ]
        ]
      },
      "id": "way/1547939635"
    },
    {
      "type": "Feature",
      "properties": {
        "@id": "way/1547940490",
        "footway": "sidewalk",
        "highway": "footway"
      },
      "geometry": {
        "type": "LineString",
        "coordinates": [
          [
            2.4726889,
            48.9081356
          ],
          [
            2.4726946,
            48.9081452
          ]
        ]
      },
      "id": "way/1547940490"
    },
    {
      "type": "Feature",
      "properties": {
        "@id": "way/1547940491",
        "footway": "crossing",
        "highway": "footway"
      },
      "geometry": {
        "type": "LineString",
        "coordinates": [
          [
            2.4726688,
            48.9080828
          ],
          [
            2.4726724,
            48.9080922
          ],
          [
            2.4726889,
            48.9081356
          ]
        ]
      },
      "id": "way/1547940491"
    },
    {
      "type": "Feature",
      "properties": {
        "@id": "way/1547940492",
        "footway": "sidewalk",
        "highway": "footway"
      },
      "geometry": {
        "type": "LineString",
        "coordinates": [
          [
            2.4726607,
            48.9080673
          ],
          [
            2.4726688,
            48.9080828
          ]
        ]
      },
      "id": "way/1547940492"
    },
    {
      "type": "Feature",
      "properties": {
        "@id": "way/1547940493",
        "footway": "sidewalk",
        "highway": "footway"
      },
      "geometry": {
        "type": "LineString",
        "coordinates": [
          [
            2.4728363,
            48.9080735
          ],
          [
            2.4726607,
            48.9080673
          ],
          [
            2.4726132,
            48.9080647
          ],
          [
            2.4724361,
            48.9080347
          ],
          [
            2.4723396,
            48.9079713
          ],
          [
            2.4720392,
            48.9078337
          ]
        ]
      },
      "id": "way/1547940493"
    },
    {
      "type": "Feature",
      "properties": {
        "@id": "way/1548606041",
        "footway": "sidewalk",
        "highway": "footway"
      },
      "geometry": {
        "type": "LineString",
        "coordinates": [
          [
            2.4775477,
            48.9077425
          ],
          [
            2.4770294,
            48.9077165
          ],
          [
            2.4763937,
            48.9076716
          ],
          [
            2.4763978,
            48.9072013
          ],
          [
            2.4766653,
            48.9072092
          ],
          [
            2.4766693,
            48.9071823
          ],
          [
            2.4769215,
            48.9071837
          ],
          [
            2.4773479,
            48.9072727
          ],
          [
            2.4774022,
            48.907285
          ],
          [
            2.4774016,
            48.9073022
          ],
          [
            2.4777335,
            48.9073692
          ],
          [
            2.4775477,
            48.9077425
          ],
          [
            2.4775394,
            48.9077612
          ],
          [
            2.4775323,
            48.9077773
          ],
          [
            2.4775638,
            48.907806
          ],
          [
            2.477541,
            48.9080814
          ],
          [
            2.4775167,
            48.9082476
          ],
          [
            2.4774961,
            48.9082542
          ]
        ]
      },
      "id": "way/1548606041"
    },
    {
      "type": "Feature",
      "properties": {
        "@id": "way/1548606042",
        "highway": "footway"
      },
      "geometry": {
        "type": "LineString",
        "coordinates": [
          [
            2.4778745,
            48.9073562
          ],
          [
            2.4790034,
            48.9075749
          ]
        ]
      },
      "id": "way/1548606042"
    },
    {
      "type": "Feature",
      "properties": {
        "@id": "way/1548606043",
        "footway": "sidewalk",
        "highway": "footway"
      },
      "geometry": {
        "type": "LineString",
        "coordinates": [
          [
            2.4790404,
            48.9077932
          ],
          [
            2.4792274,
            48.9073919
          ]
        ]
      },
      "id": "way/1548606043"
    },
    {
      "type": "Feature",
      "properties": {
        "@id": "way/1548606044",
        "footway": "sidewalk",
        "highway": "footway"
      },
      "geometry": {
        "type": "LineString",
        "coordinates": [
          [
            2.4775729,
            48.9077826
          ],
          [
            2.477616,
            48.9077899
          ],
          [
            2.4776725,
            48.9077861
          ],
          [
            2.4776986,
            48.9077931
          ],
          [
            2.4782565,
            48.9078188
          ],
          [
            2.4788281,
            48.9078397
          ]
        ]
      },
      "id": "way/1548606044"
    },
    {
      "type": "Feature",
      "properties": {
        "@id": "way/1548606045",
        "footway": "sidewalk",
        "highway": "footway"
      },
      "geometry": {
        "type": "LineString",
        "coordinates": [
          [
            2.4764308,
            48.9077209
          ],
          [
            2.4775323,
            48.9077773
          ],
          [
            2.4775729,
            48.9077826
          ]
        ]
      },
      "id": "way/1548606045"
    },
    {
      "type": "Feature",
      "properties": {
        "@id": "way/1548606046",
        "footway": "sidewalk",
        "highway": "footway"
      },
      "geometry": {
        "type": "LineString",
        "coordinates": [
          [
            2.4778342,
            48.9073099
          ],
          [
            2.4778897,
            48.9073203
          ],
          [
            2.4778745,
            48.9073562
          ],
          [
            2.4777362,
            48.9076821
          ],
          [
            2.4777375,
            48.90772
          ],
          [
            2.4782337,
            48.9077438
          ],
          [
            2.4788305,
            48.9077773
          ],
          [
            2.4788989,
            48.907765
          ],
          [
            2.4790034,
            48.9075749
          ]
        ]
      },
      "id": "way/1548606046"
    },
    {
      "type": "Feature",
      "properties": {
        "@id": "way/1548606048",
        "footway": "sidewalk",
        "highway": "footway"
      },
      "geometry": {
        "type": "LineString",
        "coordinates": [
          [
            2.4778342,
            48.9073099
          ],
          [
            2.4769704,
            48.90714
          ],
          [
            2.4764192,
            48.9071321
          ],
          [
            2.4764555,
            48.9066477
          ]
        ]
      },
      "id": "way/1548606048"
    },
    {
      "type": "Feature",
      "properties": {
        "@id": "way/1548606049",
        "highway": "footway",
        "name": "Rue Simone Veil"
      },
      "geometry": {
        "type": "LineString",
        "coordinates": [
          [
            2.4778342,
            48.9073099
          ],
          [
            2.4779318,
            48.9071177
          ],
          [
            2.4780105,
            48.9068982
          ]
        ]
      },
      "id": "way/1548606049"
    },
    {
      "type": "Feature",
      "properties": {
        "@id": "way/1548606050",
        "footway": "sidewalk",
        "highway": "footway"
      },
      "geometry": {
        "type": "LineString",
        "coordinates": [
          [
            2.4790034,
            48.9075749
          ],
          [
            2.4790951,
            48.9073605
          ]
        ]
      },
      "id": "way/1548606050"
    },
    {
      "type": "Feature",
      "properties": {
        "@id": "way/1548612935",
        "footway": "sidewalk",
        "highway": "footway"
      },
      "geometry": {
        "type": "LineString",
        "coordinates": [
          [
            2.477624,
            48.9083529
          ],
          [
            2.477623,
            48.9083674
          ]
        ]
      },
      "id": "way/1548612935"
    },
    {
      "type": "Feature",
      "properties": {
        "@id": "way/1548612936",
        "footway": "crossing",
        "highway": "footway",
        "surface": "asphalt"
      },
      "geometry": {
        "type": "LineString",
        "coordinates": [
          [
            2.4776505,
            48.9082717
          ],
          [
            2.4776305,
            48.9083346
          ],
          [
            2.477624,
            48.9083529
          ]
        ]
      },
      "id": "way/1548612936"
    },
    {
      "type": "Feature",
      "properties": {
        "@id": "way/1548612938",
        "footway": "crossing",
        "highway": "footway",
        "surface": "asphalt"
      },
      "geometry": {
        "type": "LineString",
        "coordinates": [
          [
            2.4775004,
            48.9082755
          ],
          [
            2.4774984,
            48.908329
          ],
          [
            2.4775016,
            48.9083409
          ]
        ]
      },
      "id": "way/1548612938"
    },
    {
      "type": "Feature",
      "properties": {
        "@id": "way/1548612939",
        "footway": "sidewalk",
        "highway": "footway"
      },
      "geometry": {
        "type": "LineString",
        "coordinates": [
          [
            2.4776505,
            48.9082717
          ],
          [
            2.4776543,
            48.9082609
          ],
          [
            2.4776513,
            48.90825
          ],
          [
            2.4776986,
            48.9077931
          ]
        ]
      },
      "id": "way/1548612939"
    },
    {
      "type": "Feature",
      "properties": {
        "@id": "way/1548612940",
        "footway": "crossing",
        "highway": "footway"
      },
      "geometry": {
        "type": "LineString",
        "coordinates": [
          [
            2.4775385,
            48.908252
          ],
          [
            2.4775838,
            48.9082595
          ],
          [
            2.4776386,
            48.9082599
          ]
        ]
      },
      "id": "way/1548612940"
    },
    {
      "type": "Feature",
      "properties": {
        "@id": "way/1548623689",
        "footway": "sidewalk",
        "highway": "footway"
      },
      "geometry": {
        "type": "LineString",
        "coordinates": [
          [
            2.4748867,
            48.9082009
          ],
          [
            2.4748854,
            48.908206
          ]
        ]
      },
      "id": "way/1548623689"
    },
    {
      "type": "Feature",
      "properties": {
        "@id": "way/1548623690",
        "footway": "crossing",
        "highway": "footway",
        "surface": "asphalt"
      },
      "geometry": {
        "type": "LineString",
        "coordinates": [
          [
            2.4748883,
            48.9081678
          ],
          [
            2.4748885,
            48.9081791
          ],
          [
            2.4748867,
            48.9082009
          ]
        ]
      },
      "id": "way/1548623690"
    },
    {
      "type": "Feature",
      "properties": {
        "@id": "way/1548623691",
        "footway": "sidewalk",
        "highway": "footway"
      },
      "geometry": {
        "type": "LineString",
        "coordinates": [
          [
            2.4748903,
            48.9081599
          ],
          [
            2.4748883,
            48.9081678
          ]
        ]
      },
      "id": "way/1548623691"
    },
    {
      "type": "Feature",
      "properties": {
        "@id": "way/1548623692",
        "footway": "crossing",
        "highway": "footway"
      },
      "geometry": {
        "type": "LineString",
        "coordinates": [
          [
            2.4749762,
            48.9082253
          ],
          [
            2.4749642,
            48.908225
          ],
          [
            2.4749539,
            48.9082243
          ]
        ]
      },
      "id": "way/1548623692"
    },
    {
      "type": "Feature",
      "properties": {
        "@id": "way/1548868907",
        "highway": "footway"
      },
      "geometry": {
        "type": "LineString",
        "coordinates": [
          [
            2.4803131,
            48.9083058
          ],
          [
            2.4803233,
            48.9083167
          ]
        ]
      },
      "id": "way/1548868907"
    },
    {
      "type": "Feature",
      "properties": {
        "@id": "way/1548868908",
        "footway": "crossing",
        "highway": "footway"
      },
      "geometry": {
        "type": "LineString",
        "coordinates": [
          [
            2.4803124,
            48.9082639
          ],
          [
            2.4803127,
            48.9082778
          ],
          [
            2.4803131,
            48.9083058
          ]
        ]
      },
      "id": "way/1548868908"
    },
    {
      "type": "Feature",
      "properties": {
        "@id": "way/1548868909",
        "footway": "sidewalk",
        "highway": "footway"
      },
      "geometry": {
        "type": "LineString",
        "coordinates": [
          [
            2.4803302,
            48.9082511
          ],
          [
            2.4803124,
            48.9082639
          ]
        ]
      },
      "id": "way/1548868909"
    },
    {
      "type": "Feature",
      "properties": {
        "@id": "way/1548868910",
        "highway": "footway"
      },
      "geometry": {
        "type": "LineString",
        "coordinates": [
          [
            2.4813464,
            48.9083111
          ],
          [
            2.4803299,
            48.9083141
          ],
          [
            2.4803233,
            48.9083167
          ],
          [
            2.4802602,
            48.9083409
          ],
          [
            2.4802121,
            48.909032
          ]
        ]
      },
      "id": "way/1548868910"
    },
    {
      "type": "Feature",
      "properties": {
        "@id": "way/1549568292",
        "bicycle": "yes",
        "footway": "crossing",
        "highway": "footway"
      },
      "geometry": {
        "type": "LineString",
        "coordinates": [
          [
            2.4846246,
            48.8930021
          ],
          [
            2.4846223,
            48.8929954
          ]
        ]
      },
      "id": "way/1549568292"
    },
    {
      "type": "Feature",
      "properties": {
        "@id": "way/1552318046",
        "footway": "sidewalk",
        "highway": "footway"
      },
      "geometry": {
        "type": "LineString",
        "coordinates": [
          [
            2.4750952,
            48.90932
          ],
          [
            2.4750889,
            48.9093204
          ],
          [
            2.4750831,
            48.9093208
          ],
          [
            2.4750718,
            48.9093239
          ],
          [
            2.4750625,
            48.909329
          ],
          [
            2.4750558,
            48.9093358
          ],
          [
            2.4750525,
            48.9093435
          ],
          [
            2.4750528,
            48.9093515
          ],
          [
            2.4750546,
            48.9093553
          ],
          [
            2.4750566,
            48.9093591
          ],
          [
            2.4750986,
            48.9094137
          ],
          [
            2.4751241,
            48.9094468
          ],
          [
            2.4751326,
            48.9094543
          ],
          [
            2.4751445,
            48.9094594
          ],
          [
            2.4751583,
            48.9094615
          ],
          [
            2.4751985,
            48.909463
          ],
          [
            2.4756247,
            48.9094791
          ],
          [
            2.475762,
            48.9094843
          ],
          [
            2.4757746,
            48.9094835
          ],
          [
            2.4757862,
            48.9094802
          ],
          [
            2.4757958,
            48.9094746
          ],
          [
            2.4758023,
            48.9094675
          ],
          [
            2.4758051,
            48.9094593
          ],
          [
            2.4758147,
            48.9093721
          ],
          [
            2.4758136,
            48.9093636
          ],
          [
            2.4758085,
            48.9093557
          ],
          [
            2.4757999,
            48.9093493
          ],
          [
            2.4757887,
            48.909345
          ],
          [
            2.475776,
            48.9093432
          ],
          [
            2.4757502,
            48.9093423
          ],
          [
            2.4750952,
            48.90932
          ]
        ]
      },
      "id": "way/1552318046"
    },
    {
      "type": "Feature",
      "properties": {
        "@id": "way/1552318047",
        "footway": "sidewalk",
        "highway": "footway"
      },
      "geometry": {
        "type": "LineString",
        "coordinates": [
          [
            2.4749772,
            48.9089351
          ],
          [
            2.4748873,
            48.908931
          ],
          [
            2.4748692,
            48.9089302
          ],
          [
            2.4748561,
            48.908931
          ],
          [
            2.4748441,
            48.9089345
          ],
          [
            2.4748344,
            48.9089403
          ],
          [
            2.474828,
            48.9089478
          ],
          [
            2.4748255,
            48.9089563
          ],
          [
            2.4748247,
            48.9089732
          ],
          [
            2.4748211,
            48.9090464
          ]
        ]
      },
      "id": "way/1552318047"
    },
    {
      "type": "Feature",
      "properties": {
        "@id": "way/1552318048",
        "footway": "sidewalk",
        "highway": "footway"
      },
      "geometry": {
        "type": "LineString",
        "coordinates": [
          [
            2.4750251,
            48.9091312
          ],
          [
            2.4750366,
            48.9090043
          ]
        ]
      },
      "id": "way/1552318048"
    },
    {
      "type": "Feature",
      "properties": {
        "@id": "way/1552318049",
        "footway": "sidewalk",
        "highway": "footway"
      },
      "geometry": {
        "type": "LineString",
        "coordinates": [
          [
            2.4748211,
            48.9090464
          ],
          [
            2.4748221,
            48.9090531
          ],
          [
            2.4748255,
            48.9090594
          ],
          [
            2.4749423,
            48.909211
          ],
          [
            2.4749496,
            48.9092176
          ]
        ]
      },
      "id": "way/1552318049"
    },
    {
      "type": "Feature",
      "properties": {
        "@id": "way/1552318050",
        "footway": "sidewalk",
        "highway": "footway"
      },
      "geometry": {
        "type": "LineString",
        "coordinates": [
          [
            2.475091,
            48.9090077
          ],
          [
            2.4750883,
            48.9090371
          ]
        ]
      },
      "id": "way/1552318050"
    },
    {
      "type": "Feature",
      "properties": {
        "@id": "way/1552318051",
        "footway": "sidewalk",
        "highway": "footway"
      },
      "geometry": {
        "type": "LineString",
        "coordinates": [
          [
            2.4750799,
            48.9091296
          ],
          [
            2.4750738,
            48.909197
          ],
          [
            2.4750732,
            48.9091988
          ],
          [
            2.4750704,
            48.9091989
          ],
          [
            2.4750464,
            48.909198
          ],
          [
            2.4750224,
            48.9091971
          ],
          [
            2.4750195,
            48.9091966
          ],
          [
            2.4750194,
            48.9091948
          ],
          [
            2.4750251,
            48.9091312
          ]
        ]
      },
      "id": "way/1552318051"
    },
    {
      "type": "Feature",
      "properties": {
        "@id": "way/1552318052",
        "footway": "sidewalk",
        "highway": "footway"
      },
      "geometry": {
        "type": "LineString",
        "coordinates": [
          [
            2.4749496,
            48.9092176
          ],
          [
            2.4749531,
            48.9092219
          ],
          [
            2.4749571,
            48.9092301
          ],
          [
            2.4749599,
            48.9092337
          ],
          [
            2.4749853,
            48.9092667
          ],
          [
            2.4749938,
            48.9092742
          ],
          [
            2.4750057,
            48.9092793
          ],
          [
            2.4750196,
            48.9092814
          ],
          [
            2.4750599,
            48.9092828
          ],
          [
            2.4752976,
            48.9092909
          ]
        ]
      },
      "id": "way/1552318052"
    },
    {
      "type": "Feature",
      "properties": {
        "@id": "way/1552318053",
        "footway": "sidewalk",
        "highway": "footway"
      },
      "geometry": {
        "type": "LineString",
        "coordinates": [
          [
            2.4750853,
            48.9090709
          ],
          [
            2.4750827,
            48.9090987
          ]
        ]
      },
      "id": "way/1552318053"
    },
    {
      "type": "Feature",
      "properties": {
        "@id": "way/1552318054",
        "footway": "sidewalk",
        "highway": "footway"
      },
      "geometry": {
        "type": "LineString",
        "coordinates": [
          [
            2.4750827,
            48.9090987
          ],
          [
            2.4750799,
            48.9091296
          ]
        ]
      },
      "id": "way/1552318054"
    },
    {
      "type": "Feature",
      "properties": {
        "@id": "way/1552318055",
        "footway": "sidewalk",
        "highway": "footway"
      },
      "geometry": {
        "type": "LineString",
        "coordinates": [
          [
            2.4752976,
            48.9092909
          ],
          [
            2.4753184,
            48.9092916
          ],
          [
            2.475623,
            48.909302
          ]
        ]
      },
      "id": "way/1552318055"
    },
    {
      "type": "Feature",
      "properties": {
        "@id": "way/1552318056",
        "footway": "sidewalk",
        "highway": "footway"
      },
      "geometry": {
        "type": "LineString",
        "coordinates": [
          [
            2.4750883,
            48.9090371
          ],
          [
            2.4750853,
            48.9090709
          ]
        ]
      },
      "id": "way/1552318056"
    },
    {
      "type": "Feature",
      "properties": {
        "@id": "way/1552318057",
        "footway": "sidewalk",
        "highway": "footway"
      },
      "geometry": {
        "type": "LineString",
        "coordinates": [
          [
            2.4750366,
            48.9090043
          ],
          [
            2.4750386,
            48.9089829
          ],
          [
            2.4750402,
            48.9089648
          ],
          [
            2.475039,
            48.9089564
          ],
          [
            2.4750339,
            48.9089487
          ],
          [
            2.4750255,
            48.9089424
          ],
          [
            2.4750146,
            48.9089381
          ],
          [
            2.4750022,
            48.9089362
          ],
          [
            2.4749772,
            48.9089351
          ]
        ]
      },
      "id": "way/1552318057"
    },
    {
      "type": "Feature",
      "properties": {
        "@id": "way/1552318058",
        "footway": "sidewalk",
        "highway": "footway"
      },
      "geometry": {
        "type": "LineString",
        "coordinates": [
          [
            2.4752214,
            48.9089466
          ],
          [
            2.4751651,
            48.9089439
          ],
          [
            2.4751384,
            48.9089426
          ],
          [
            2.4751256,
            48.9089433
          ],
          [
            2.4751137,
            48.9089467
          ],
          [
            2.475104,
            48.9089523
          ],
          [
            2.4750974,
            48.9089596
          ],
          [
            2.4750946,
            48.9089679
          ],
          [
            2.475093,
            48.9089855
          ],
          [
            2.475091,
            48.9090077
          ]
        ]
      },
      "id": "way/1552318058"
    },
    {
      "type": "Feature",
      "properties": {
        "@id": "way/1552318059",
        "footway": "sidewalk",
        "highway": "footway"
      },
      "geometry": {
        "type": "LineString",
        "coordinates": [
          [
            2.4755298,
            48.9089613
          ],
          [
            2.4752214,
            48.9089466
          ]
        ]
      },
      "id": "way/1552318059"
    },
    {
      "type": "Feature",
      "properties": {
        "@id": "way/1552318060",
        "footway": "sidewalk",
        "highway": "footway"
      },
      "geometry": {
        "type": "LineString",
        "coordinates": [
          [
            2.4758388,
            48.9091432
          ],
          [
            2.4758514,
            48.9090218
          ],
          [
            2.4758533,
            48.9090038
          ],
          [
            2.4758522,
            48.9089954
          ],
          [
            2.4758472,
            48.9089876
          ],
          [
            2.4758388,
            48.9089813
          ],
          [
            2.4758279,
            48.9089769
          ],
          [
            2.4758154,
            48.908975
          ],
          [
            2.4757879,
            48.9089737
          ],
          [
            2.4755298,
            48.9089613
          ]
        ]
      },
      "id": "way/1552318060"
    },
    {
      "type": "Feature",
      "properties": {
        "@id": "way/1552318061",
        "footway": "sidewalk",
        "highway": "footway"
      },
      "geometry": {
        "type": "LineString",
        "coordinates": [
          [
            2.4756542,
            48.909303
          ],
          [
            2.475753,
            48.9093064
          ],
          [
            2.4757814,
            48.9093074
          ],
          [
            2.475794,
            48.9093065
          ],
          [
            2.4758056,
            48.9093032
          ],
          [
            2.4758151,
            48.9092976
          ],
          [
            2.4758215,
            48.9092904
          ],
          [
            2.4758243,
            48.9092823
          ],
          [
            2.4758263,
            48.9092635
          ],
          [
            2.4758315,
            48.909213
          ]
        ]
      },
      "id": "way/1552318061"
    },
    {
      "type": "Feature",
      "properties": {
        "@id": "way/1552318062",
        "footway": "sidewalk",
        "highway": "footway"
      },
      "geometry": {
        "type": "LineString",
        "coordinates": [
          [
            2.4758315,
            48.909213
          ],
          [
            2.4758388,
            48.9091432
          ]
        ]
      },
      "id": "way/1552318062"
    },
    {
      "type": "Feature",
      "properties": {
        "@id": "way/1552318063",
        "footway": "sidewalk",
        "highway": "footway"
      },
      "geometry": {
        "type": "LineString",
        "coordinates": [
          [
            2.475623,
            48.909302
          ],
          [
            2.4756542,
            48.909303
          ]
        ]
      },
      "id": "way/1552318063"
    },
    {
      "type": "Feature",
      "properties": {
        "@id": "way/1552318065",
        "footway": "sidewalk",
        "highway": "footway"
      },
      "geometry": {
        "type": "LineString",
        "coordinates": [
          [
            2.4749915,
            48.9083459
          ],
          [
            2.474977,
            48.9084797
          ],
          [
            2.4749756,
            48.908493
          ],
          [
            2.4749581,
            48.9086546
          ],
          [
            2.4749377,
            48.9088432
          ],
          [
            2.4749368,
            48.9088521
          ],
          [
            2.4749379,
            48.9088605
          ],
          [
            2.4749429,
            48.9088683
          ],
          [
            2.4749513,
            48.9088747
          ],
          [
            2.4749623,
            48.908879
          ],
          [
            2.4749747,
            48.9088809
          ],
          [
            2.4749896,
            48.9088816
          ],
          [
            2.4750753,
            48.9088855
          ],
          [
            2.47517,
            48.90889
          ],
          [
            2.4755361,
            48.9089076
          ],
          [
            2.4757938,
            48.9089199
          ],
          [
            2.4759022,
            48.9089251
          ],
          [
            2.4760114,
            48.9089295
          ]
        ]
      },
      "id": "way/1552318065"
    },
    {
      "type": "Feature",
      "properties": {
        "@id": "way/1552318069",
        "footway": "sidewalk",
        "highway": "footway"
      },
      "geometry": {
        "type": "LineString",
        "coordinates": [
          [
            2.4760114,
            48.9089295
          ],
          [
            2.4760875,
            48.9089325
          ],
          [
            2.4761152,
            48.9089336
          ],
          [
            2.4761279,
            48.9089328
          ],
          [
            2.4761396,
            48.9089295
          ],
          [
            2.4761492,
            48.9089239
          ],
          [
            2.4761557,
            48.9089167
          ],
          [
            2.4761585,
            48.9089085
          ],
          [
            2.4761603,
            48.9088902
          ],
          [
            2.4761666,
            48.9088283
          ],
          [
            2.4761756,
            48.9087395
          ],
          [
            2.4761899,
            48.9085983
          ],
          [
            2.4762109,
            48.9083915
          ]
        ]
      },
      "id": "way/1552318069"
    },
    {
      "type": "Feature",
      "properties": {
        "@id": "way/1552318073",
        "footway": "sidewalk",
        "highway": "footway"
      },
      "geometry": {
        "type": "LineString",
        "coordinates": [
          [
            2.4753139,
            48.9082273
          ],
          [
            2.4751357,
            48.9082184
          ]
        ]
      },
      "id": "way/1552318073"
    },
    {
      "type": "Feature",
      "properties": {
        "@id": "way/1552318074",
        "footway": "sidewalk",
        "highway": "footway"
      },
      "geometry": {
        "type": "LineString",
        "coordinates": [
          [
            2.4762109,
            48.9083915
          ],
          [
            2.4762172,
            48.9083291
          ],
          [
            2.476218,
            48.9083182
          ],
          [
            2.4762224,
            48.9083169
          ],
          [
            2.4762266,
            48.9083115
          ],
          [
            2.4762312,
            48.9083031
          ],
          [
            2.4762314,
            48.9082941
          ],
          [
            2.4762272,
            48.9082856
          ],
          [
            2.476219,
            48.9082785
          ],
          [
            2.4762077,
            48.9082736
          ],
          [
            2.4761945,
            48.9082713
          ],
          [
            2.4761754,
            48.9082702
          ],
          [
            2.4760589,
            48.9082644
          ]
        ]
      },
      "id": "way/1552318074"
    },
    {
      "type": "Feature",
      "properties": {
        "@id": "way/1552318075",
        "footway": "sidewalk",
        "highway": "footway"
      },
      "geometry": {
        "type": "LineString",
        "coordinates": [
          [
            2.4757827,
            48.9082507
          ],
          [
            2.4757178,
            48.9082474
          ],
          [
            2.4753139,
            48.9082273
          ]
        ]
      },
      "id": "way/1552318075"
    },
    {
      "type": "Feature",
      "properties": {
        "@id": "way/1552318076",
        "footway": "sidewalk",
        "highway": "footway"
      },
      "geometry": {
        "type": "LineString",
        "coordinates": [
          [
            2.4760589,
            48.9082644
          ],
          [
            2.4757827,
            48.9082507
          ]
        ]
      },
      "id": "way/1552318076"
    },
    {
      "type": "Feature",
      "properties": {
        "@id": "way/1552318078",
        "footway": "sidewalk",
        "highway": "footway"
      },
      "geometry": {
        "type": "LineString",
        "coordinates": [
          [
            2.4751357,
            48.9082184
          ],
          [
            2.4750215,
            48.9082128
          ],
          [
            2.4750094,
            48.9082133
          ],
          [
            2.4749981,
            48.9082162
          ],
          [
            2.4749886,
            48.9082212
          ],
          [
            2.4749817,
            48.9082277
          ],
          [
            2.474978,
            48.9082353
          ],
          [
            2.4749779,
            48.9082433
          ],
          [
            2.4749813,
            48.908251
          ],
          [
            2.4749879,
            48.9082577
          ],
          [
            2.4749973,
            48.9082628
          ],
          [
            2.4749999,
            48.9082638
          ]
        ]
      },
      "id": "way/1552318078"
    },
    {
      "type": "Feature",
      "properties": {
        "@id": "way/1552318079",
        "footway": "sidewalk",
        "highway": "footway"
      },
      "geometry": {
        "type": "LineString",
        "coordinates": [
          [
            2.4749999,
            48.9082638
          ],
          [
            2.4750002,
            48.9082657
          ],
          [
            2.4749915,
            48.9083459
          ]
        ]
      },
      "id": "way/1552318079"
    },
    {
      "type": "Feature",
      "properties": {
        "@id": "way/1552318080",
        "footway": "sidewalk",
        "highway": "footway"
      },
      "geometry": {
        "type": "LineString",
        "coordinates": [
          [
            2.4758818,
            48.9095084
          ],
          [
            2.4758819,
            48.9095095
          ],
          [
            2.475882,
            48.9095115
          ],
          [
            2.4758829,
            48.9095169
          ],
          [
            2.4758881,
            48.9095248
          ],
          [
            2.4758967,
            48.9095312
          ],
          [
            2.4759079,
            48.9095355
          ],
          [
            2.4759207,
            48.9095373
          ],
          [
            2.4760388,
            48.909541
          ],
          [
            2.4761486,
            48.9095444
          ],
          [
            2.4762185,
            48.9095466
          ],
          [
            2.4762473,
            48.9095475
          ],
          [
            2.4762599,
            48.9095466
          ],
          [
            2.4762714,
            48.9095432
          ],
          [
            2.4762809,
            48.9095377
          ],
          [
            2.4762873,
            48.9095305
          ],
          [
            2.4762901,
            48.9095224
          ],
          [
            2.476292,
            48.9095031
          ],
          [
            2.4763384,
            48.909043
          ],
          [
            2.4763403,
            48.9090247
          ],
          [
            2.4763391,
            48.9090164
          ],
          [
            2.4763341,
            48.9090086
          ],
          [
            2.4763257,
            48.9090023
          ],
          [
            2.4763148,
            48.9089979
          ],
          [
            2.4763024,
            48.908996
          ],
          [
            2.4761914,
            48.9089907
          ],
          [
            2.4760825,
            48.9089864
          ],
          [
            2.4760058,
            48.9089833
          ],
          [
            2.4759783,
            48.9089822
          ],
          [
            2.4759656,
            48.908983
          ],
          [
            2.4759539,
            48.9089863
          ],
          [
            2.4759443,
            48.9089919
          ],
          [
            2.4759378,
            48.9089991
          ],
          [
            2.475935,
            48.9090073
          ],
          [
            2.4759331,
            48.9090257
          ],
          [
            2.475908,
            48.9092671
          ],
          [
            2.4759014,
            48.9093299
          ],
          [
            2.4758819,
            48.9095073
          ],
          [
            2.4758818,
            48.9095084
          ]
        ]
      },
      "id": "way/1552318080"
    },
    {
      "type": "Feature",
      "properties": {
        "@id": "way/1552318081",
        "footway": "sidewalk",
        "highway": "footway"
      },
      "geometry": {
        "type": "LineString",
        "coordinates": [
          [
            2.4763988,
            48.9092576
          ],
          [
            2.4763935,
            48.90931
          ],
          [
            2.4763825,
            48.9094191
          ]
        ]
      },
      "id": "way/1552318081"
    },
    {
      "type": "Feature",
      "properties": {
        "@id": "way/1552318082",
        "footway": "sidewalk",
        "highway": "footway"
      },
      "geometry": {
        "type": "LineString",
        "coordinates": [
          [
            2.4772609,
            48.9092302
          ],
          [
            2.477265,
            48.9091875
          ]
        ]
      },
      "id": "way/1552318082"
    },
    {
      "type": "Feature",
      "properties": {
        "@id": "way/1552318083",
        "footway": "sidewalk",
        "highway": "footway"
      },
      "geometry": {
        "type": "LineString",
        "coordinates": [
          [
            2.4765491,
            48.9090079
          ],
          [
            2.4764926,
            48.9090052
          ],
          [
            2.4764657,
            48.9090039
          ],
          [
            2.4764529,
            48.9090046
          ],
          [
            2.476441,
            48.9090079
          ],
          [
            2.4764313,
            48.9090135
          ],
          [
            2.4764247,
            48.9090207
          ],
          [
            2.4764219,
            48.909029
          ],
          [
            2.4764201,
            48.9090466
          ],
          [
            2.4764132,
            48.9091147
          ]
        ]
      },
      "id": "way/1552318083"
    },
    {
      "type": "Feature",
      "properties": {
        "@id": "way/1552318084",
        "footway": "sidewalk",
        "highway": "footway"
      },
      "geometry": {
        "type": "LineString",
        "coordinates": [
          [
            2.4763825,
            48.9094191
          ],
          [
            2.47638,
            48.9094446
          ],
          [
            2.4763736,
            48.9095073
          ],
          [
            2.4763718,
            48.9095256
          ],
          [
            2.4763729,
            48.9095339
          ],
          [
            2.4763779,
            48.9095416
          ],
          [
            2.4763862,
            48.909548
          ],
          [
            2.4763971,
            48.9095523
          ],
          [
            2.4764094,
            48.9095543
          ],
          [
            2.4764371,
            48.9095557
          ],
          [
            2.4766669,
            48.9095675
          ]
        ]
      },
      "id": "way/1552318084"
    },
    {
      "type": "Feature",
      "properties": {
        "@id": "way/1552318085",
        "footway": "sidewalk",
        "highway": "footway"
      },
      "geometry": {
        "type": "LineString",
        "coordinates": [
          [
            2.4764122,
            48.9091244
          ],
          [
            2.4763996,
            48.90925
          ],
          [
            2.4763988,
            48.9092576
          ]
        ]
      },
      "id": "way/1552318085"
    },
    {
      "type": "Feature",
      "properties": {
        "@id": "way/1552318086",
        "footway": "sidewalk",
        "highway": "footway"
      },
      "geometry": {
        "type": "LineString",
        "coordinates": [
          [
            2.4764132,
            48.9091147
          ],
          [
            2.4764122,
            48.9091244
          ]
        ]
      },
      "id": "way/1552318086"
    },
    {
      "type": "Feature",
      "properties": {
        "@id": "way/1552318087",
        "footway": "sidewalk",
        "highway": "footway"
      },
      "geometry": {
        "type": "LineString",
        "coordinates": [
          [
            2.47684,
            48.909022
          ],
          [
            2.4765491,
            48.9090079
          ]
        ]
      },
      "id": "way/1552318087"
    },
    {
      "type": "Feature",
      "properties": {
        "@id": "way/1552318088",
        "footway": "sidewalk",
        "highway": "footway"
      },
      "geometry": {
        "type": "LineString",
        "coordinates": [
          [
            2.4772671,
            48.9091662
          ],
          [
            2.4772689,
            48.9091471
          ]
        ]
      },
      "id": "way/1552318088"
    },
    {
      "type": "Feature",
      "properties": {
        "@id": "way/1552318089",
        "footway": "sidewalk",
        "highway": "footway"
      },
      "geometry": {
        "type": "LineString",
        "coordinates": [
          [
            2.4770805,
            48.9094435
          ],
          [
            2.4770848,
            48.9093965
          ]
        ]
      },
      "id": "way/1552318089"
    },
    {
      "type": "Feature",
      "properties": {
        "@id": "way/1552318090",
        "footway": "sidewalk",
        "highway": "footway"
      },
      "geometry": {
        "type": "LineString",
        "coordinates": [
          [
            2.4770776,
            48.9094764
          ],
          [
            2.4770805,
            48.9094435
          ]
        ]
      },
      "id": "way/1552318090"
    },
    {
      "type": "Feature",
      "properties": {
        "@id": "way/1552318091",
        "footway": "sidewalk",
        "highway": "footway"
      },
      "geometry": {
        "type": "LineString",
        "coordinates": [
          [
            2.4767836,
            48.9095735
          ],
          [
            2.4770338,
            48.9095864
          ],
          [
            2.4770458,
            48.9095859
          ],
          [
            2.477057,
            48.9095831
          ],
          [
            2.4770665,
            48.9095782
          ],
          [
            2.4770735,
            48.9095718
          ],
          [
            2.4770773,
            48.9095642
          ],
          [
            2.4770776,
            48.9095563
          ],
          [
            2.4770744,
            48.9095487
          ],
          [
            2.4770721,
            48.9095451
          ],
          [
            2.4770717,
            48.9095431
          ],
          [
            2.4770761,
            48.909493
          ],
          [
            2.4770776,
            48.9094764
          ]
        ]
      },
      "id": "way/1552318091"
    },
    {
      "type": "Feature",
      "properties": {
        "@id": "way/1552318092",
        "footway": "sidewalk",
        "highway": "footway"
      },
      "geometry": {
        "type": "LineString",
        "coordinates": [
          [
            2.4770848,
            48.9093965
          ],
          [
            2.4770866,
            48.9093908
          ],
          [
            2.4770876,
            48.9093887
          ],
          [
            2.4770905,
            48.9093842
          ],
          [
            2.4770998,
            48.9093695
          ],
          [
            2.4771012,
            48.9093676
          ],
          [
            2.477104,
            48.9093647
          ],
          [
            2.4771081,
            48.9093615
          ],
          [
            2.4771121,
            48.9093593
          ],
          [
            2.4771147,
            48.909358
          ],
          [
            2.4771313,
            48.9093514
          ]
        ]
      },
      "id": "way/1552318092"
    },
    {
      "type": "Feature",
      "properties": {
        "@id": "way/1552318093",
        "footway": "sidewalk",
        "highway": "footway"
      },
      "geometry": {
        "type": "LineString",
        "coordinates": [
          [
            2.477265,
            48.9091875
          ],
          [
            2.4772671,
            48.9091662
          ]
        ]
      },
      "id": "way/1552318093"
    },
    {
      "type": "Feature",
      "properties": {
        "@id": "way/1552318094",
        "footway": "sidewalk",
        "highway": "footway"
      },
      "geometry": {
        "type": "LineString",
        "coordinates": [
          [
            2.4772689,
            48.9091471
          ],
          [
            2.4772723,
            48.9091126
          ],
          [
            2.4772727,
            48.9091107
          ],
          [
            2.4772736,
            48.9091076
          ],
          [
            2.4772744,
            48.9091058
          ],
          [
            2.4772773,
            48.9091005
          ],
          [
            2.4772849,
            48.9090866
          ],
          [
            2.4772864,
            48.9090845
          ],
          [
            2.4772883,
            48.9090823
          ],
          [
            2.4772929,
            48.9090738
          ],
          [
            2.4772931,
            48.9090648
          ],
          [
            2.4772888,
            48.9090563
          ],
          [
            2.4772838,
            48.909052
          ],
          [
            2.4772804,
            48.9090492
          ],
          [
            2.4772689,
            48.9090442
          ],
          [
            2.4772557,
            48.9090421
          ],
          [
            2.47684,
            48.909022
          ]
        ]
      },
      "id": "way/1552318094"
    },
    {
      "type": "Feature",
      "properties": {
        "@id": "way/1552318095",
        "footway": "sidewalk",
        "highway": "footway"
      },
      "geometry": {
        "type": "LineString",
        "coordinates": [
          [
            2.4771313,
            48.9093514
          ],
          [
            2.4771429,
            48.9093467
          ],
          [
            2.4771448,
            48.909346
          ],
          [
            2.477149,
            48.9093447
          ],
          [
            2.477151,
            48.9093441
          ],
          [
            2.4772022,
            48.9093323
          ],
          [
            2.4772276,
            48.9093259
          ],
          [
            2.4772378,
            48.9093222
          ],
          [
            2.477246,
            48.9093167
          ],
          [
            2.4772515,
            48.9093099
          ],
          [
            2.4772539,
            48.9093024
          ],
          [
            2.4772561,
            48.9092796
          ],
          [
            2.4772573,
            48.9092675
          ],
          [
            2.4772609,
            48.9092302
          ]
        ]
      },
      "id": "way/1552318095"
    },
    {
      "type": "Feature",
      "properties": {
        "@id": "way/1552318096",
        "footway": "sidewalk",
        "highway": "footway"
      },
      "geometry": {
        "type": "LineString",
        "coordinates": [
          [
            2.4766669,
            48.9095675
          ],
          [
            2.4767836,
            48.9095735
          ]
        ]
      },
      "id": "way/1552318096"
    },
    {
      "type": "Feature",
      "properties": {
        "@id": "way/1552318097",
        "footway": "sidewalk",
        "highway": "footway"
      },
      "geometry": {
        "type": "LineString",
        "coordinates": [
          [
            2.47637,
            48.9103203
          ],
          [
            2.4763732,
            48.9103388
          ],
          [
            2.4763752,
            48.9103434
          ],
          [
            2.4763816,
            48.9103543
          ],
          [
            2.4763883,
            48.9103605
          ],
          [
            2.476408,
            48.9104288
          ],
          [
            2.4765602,
            48.9106798
          ]
        ]
      },
      "id": "way/1552318097"
    },
    {
      "type": "Feature",
      "properties": {
        "@id": "way/1552318098",
        "footway": "sidewalk",
        "highway": "footway"
      },
      "geometry": {
        "type": "LineString",
        "coordinates": [
          [
            2.4767772,
            48.9102144
          ],
          [
            2.4765813,
            48.9102057
          ],
          [
            2.4765773,
            48.9102056
          ],
          [
            2.4765482,
            48.9102063
          ],
          [
            2.4765442,
            48.9102065
          ],
          [
            2.4765153,
            48.910209
          ],
          [
            2.4765115,
            48.9102095
          ],
          [
            2.4764602,
            48.9102172
          ],
          [
            2.4764579,
            48.9102176
          ],
          [
            2.4764323,
            48.9102287
          ],
          [
            2.4764237,
            48.9102393
          ],
          [
            2.476376,
            48.9102809
          ],
          [
            2.4763704,
            48.910288
          ]
        ]
      },
      "id": "way/1552318098"
    },
    {
      "type": "Feature",
      "properties": {
        "@id": "way/1552318099",
        "footway": "sidewalk",
        "highway": "footway"
      },
      "geometry": {
        "type": "LineString",
        "coordinates": [
          [
            2.4763704,
            48.910288
          ],
          [
            2.47637,
            48.9103203
          ]
        ]
      },
      "id": "way/1552318099"
    },
    {
      "type": "Feature",
      "properties": {
        "@id": "way/1552318100",
        "footway": "sidewalk",
        "highway": "footway"
      },
      "geometry": {
        "type": "LineString",
        "coordinates": [
          [
            2.4769698,
            48.9102229
          ],
          [
            2.4767772,
            48.9102144
          ]
        ]
      },
      "id": "way/1552318100"
    },
    {
      "type": "Feature",
      "properties": {
        "@id": "way/1552318101",
        "footway": "sidewalk",
        "highway": "footway"
      },
      "geometry": {
        "type": "LineString",
        "coordinates": [
          [
            2.4769548,
            48.9109668
          ],
          [
            2.4772513,
            48.9109374
          ],
          [
            2.4772832,
            48.9109343
          ],
          [
            2.4772957,
            48.9109316
          ],
          [
            2.4773063,
            48.9109265
          ],
          [
            2.4773139,
            48.9109194
          ],
          [
            2.4773177,
            48.9109112
          ],
          [
            2.4773173,
            48.9109025
          ],
          [
            2.4773162,
            48.9108987
          ],
          [
            2.4772817,
            48.910767
          ]
        ]
      },
      "id": "way/1552318101"
    },
    {
      "type": "Feature",
      "properties": {
        "@id": "way/1552318102",
        "footway": "sidewalk",
        "highway": "footway"
      },
      "geometry": {
        "type": "LineString",
        "coordinates": [
          [
            2.4765602,
            48.9106798
          ],
          [
            2.4766701,
            48.9108608
          ],
          [
            2.4767348,
            48.9109675
          ],
          [
            2.4767419,
            48.9109752
          ],
          [
            2.4767524,
            48.9109809
          ],
          [
            2.4767652,
            48.910984
          ],
          [
            2.4767789,
            48.9109842
          ],
          [
            2.4769548,
            48.9109668
          ]
        ]
      },
      "id": "way/1552318102"
    },
    {
      "type": "Feature",
      "properties": {
        "@id": "way/1552318103",
        "footway": "sidewalk",
        "highway": "footway"
      },
      "geometry": {
        "type": "LineString",
        "coordinates": [
          [
            2.4772817,
            48.910767
          ],
          [
            2.4772383,
            48.9106015
          ],
          [
            2.477181,
            48.9103826
          ]
        ]
      },
      "id": "way/1552318103"
    },
    {
      "type": "Feature",
      "properties": {
        "@id": "way/1552318104",
        "footway": "sidewalk",
        "highway": "footway"
      },
      "geometry": {
        "type": "LineString",
        "coordinates": [
          [
            2.477181,
            48.9103826
          ],
          [
            2.4771477,
            48.9102555
          ],
          [
            2.4771467,
            48.9102514
          ],
          [
            2.4771422,
            48.910243
          ],
          [
            2.4771337,
            48.910236
          ],
          [
            2.4771223,
            48.9102312
          ],
          [
            2.4771091,
            48.9102291
          ],
          [
            2.477064,
            48.9102271
          ],
          [
            2.4769698,
            48.9102229
          ]
        ]
      },
      "id": "way/1552318104"
    },
    {
      "type": "Feature",
      "properties": {
        "@id": "way/1552318105",
        "footway": "sidewalk",
        "highway": "footway"
      },
      "geometry": {
        "type": "LineString",
        "coordinates": [
          [
            2.4772639,
            48.9089884
          ],
          [
            2.4772907,
            48.9089897
          ],
          [
            2.4774197,
            48.9089959
          ],
          [
            2.4774325,
            48.9089952
          ],
          [
            2.4774443,
            48.9089919
          ],
          [
            2.477454,
            48.9089864
          ],
          [
            2.4774607,
            48.9089792
          ],
          [
            2.4774636,
            48.9089709
          ],
          [
            2.4774654,
            48.9089534
          ],
          [
            2.4774752,
            48.9088622
          ],
          [
            2.4774772,
            48.9088434
          ],
          [
            2.4774828,
            48.9087908
          ],
          [
            2.4774905,
            48.9087188
          ],
          [
            2.4775008,
            48.908623
          ],
          [
            2.477507,
            48.9085646
          ],
          [
            2.4775165,
            48.908476
          ],
          [
            2.4775253,
            48.9083937
          ]
        ]
      },
      "id": "way/1552318105"
    },
    {
      "type": "Feature",
      "properties": {
        "@id": "way/1552318108",
        "footway": "sidewalk",
        "highway": "footway"
      },
      "geometry": {
        "type": "LineString",
        "coordinates": [
          [
            2.4775253,
            48.9083937
          ],
          [
            2.4775262,
            48.9083806
          ],
          [
            2.477527,
            48.9083794
          ],
          [
            2.4775231,
            48.9083706
          ],
          [
            2.4775151,
            48.9083632
          ],
          [
            2.4775037,
            48.908358
          ],
          [
            2.4774904,
            48.9083556
          ],
          [
            2.477317,
            48.9083442
          ]
        ]
      },
      "id": "way/1552318108"
    },
    {
      "type": "Feature",
      "properties": {
        "@id": "way/1552318109",
        "footway": "sidewalk",
        "highway": "footway"
      },
      "geometry": {
        "type": "LineString",
        "coordinates": [
          [
            2.4770412,
            48.9083261
          ],
          [
            2.4768133,
            48.9083112
          ]
        ]
      },
      "id": "way/1552318109"
    },
    {
      "type": "Feature",
      "properties": {
        "@id": "way/1552318110",
        "footway": "sidewalk",
        "highway": "footway"
      },
      "geometry": {
        "type": "LineString",
        "coordinates": [
          [
            2.477317,
            48.9083442
          ],
          [
            2.4770412,
            48.9083261
          ]
        ]
      },
      "id": "way/1552318110"
    },
    {
      "type": "Feature",
      "properties": {
        "@id": "way/1552318112",
        "footway": "sidewalk",
        "highway": "footway"
      },
      "geometry": {
        "type": "LineString",
        "coordinates": [
          [
            2.476867,
            48.9089692
          ],
          [
            2.4772639,
            48.9089884
          ]
        ]
      },
      "id": "way/1552318112"
    },
    {
      "type": "Feature",
      "properties": {
        "@id": "way/1552318119",
        "footway": "sidewalk",
        "highway": "footway"
      },
      "geometry": {
        "type": "LineString",
        "coordinates": [
          [
            2.4764886,
            48.9082899
          ],
          [
            2.4763622,
            48.9082816
          ],
          [
            2.4763499,
            48.908282
          ],
          [
            2.4763383,
            48.9082849
          ],
          [
            2.4763286,
            48.9082898
          ],
          [
            2.4763215,
            48.9082965
          ],
          [
            2.4763178,
            48.9083043
          ],
          [
            2.4763157,
            48.9083129
          ],
          [
            2.4763148,
            48.9083152
          ],
          [
            2.4763112,
            48.908322
          ],
          [
            2.4763097,
            48.9083243
          ],
          [
            2.476303,
            48.9083241
          ],
          [
            2.4762978,
            48.9083435
          ],
          [
            2.4762848,
            48.9084712
          ],
          [
            2.4762816,
            48.9085036
          ],
          [
            2.4762662,
            48.9086555
          ],
          [
            2.4762572,
            48.9087437
          ],
          [
            2.4762513,
            48.9088021
          ],
          [
            2.4762453,
            48.9088611
          ],
          [
            2.476242,
            48.9088938
          ],
          [
            2.4762402,
            48.9089121
          ],
          [
            2.4762413,
            48.9089204
          ],
          [
            2.4762463,
            48.9089282
          ],
          [
            2.4762547,
            48.9089345
          ],
          [
            2.4762656,
            48.9089389
          ],
          [
            2.476278,
            48.9089408
          ],
          [
            2.4764981,
            48.9089513
          ],
          [
            2.4765415,
            48.9089535
          ],
          [
            2.476867,
            48.9089692
          ]
        ]
      },
      "id": "way/1552318119"
    },
    {
      "type": "Feature",
      "properties": {
        "@id": "way/1552318121",
        "footway": "sidewalk",
        "highway": "footway"
      },
      "geometry": {
        "type": "LineString",
        "coordinates": [
          [
            2.4768133,
            48.9083112
          ],
          [
            2.4764886,
            48.9082899
          ]
        ]
      },
      "id": "way/1552318121"
    },
    {
      "type": "Feature",
      "properties": {
        "@id": "way/1552318122",
        "footway": "sidewalk",
        "highway": "footway"
      },
      "geometry": {
        "type": "LineString",
        "coordinates": [
          [
            2.4773091,
            48.9092974
          ],
          [
            2.4773103,
            48.9093058
          ],
          [
            2.4773154,
            48.9093136
          ],
          [
            2.4773239,
            48.9093199
          ],
          [
            2.477335,
            48.9093242
          ],
          [
            2.4773452,
            48.9093257
          ],
          [
            2.4773475,
            48.909326
          ],
          [
            2.4774209,
            48.9093288
          ],
          [
            2.4775629,
            48.9093343
          ],
          [
            2.4775755,
            48.9093334
          ],
          [
            2.4775871,
            48.9093301
          ],
          [
            2.4775967,
            48.9093246
          ],
          [
            2.4776032,
            48.9093174
          ],
          [
            2.477606,
            48.9093092
          ],
          [
            2.4776074,
            48.9092963
          ],
          [
            2.4776244,
            48.9091401
          ],
          [
            2.4776234,
            48.9091318
          ],
          [
            2.4776185,
            48.9091242
          ],
          [
            2.4776104,
            48.9091178
          ],
          [
            2.4775997,
            48.9091134
          ],
          [
            2.4775875,
            48.9091114
          ],
          [
            2.4774903,
            48.9091053
          ],
          [
            2.4774853,
            48.9091044
          ],
          [
            2.4774795,
            48.9091026
          ],
          [
            2.4774685,
            48.9091015
          ],
          [
            2.4773674,
            48.9091001
          ],
          [
            2.4773551,
            48.9091012
          ],
          [
            2.4773438,
            48.9091047
          ],
          [
            2.4773346,
            48.9091102
          ],
          [
            2.4773284,
            48.9091174
          ],
          [
            2.4773257,
            48.9091254
          ],
          [
            2.4773094,
            48.9092937
          ],
          [
            2.4773091,
            48.9092974
          ]
        ]
      },
      "id": "way/1552318122"
    },
    {
      "type": "Feature",
      "properties": {
        "@id": "way/1552318123",
        "footway": "sidewalk",
        "highway": "footway"
      },
      "geometry": {
        "type": "LineString",
        "coordinates": [
          [
            2.4777388,
            48.9094677
          ],
          [
            2.4777413,
            48.9094338
          ],
          [
            2.4777411,
            48.9094293
          ],
          [
            2.4777409,
            48.909428
          ],
          [
            2.4777375,
            48.90942
          ],
          [
            2.4777305,
            48.9094131
          ],
          [
            2.4777271,
            48.9094113
          ],
          [
            2.4777207,
            48.9094079
          ],
          [
            2.4776561,
            48.9093832
          ],
          [
            2.477638,
            48.9093796
          ],
          [
            2.4775467,
            48.9093761
          ]
        ]
      },
      "id": "way/1552318123"
    },
    {
      "type": "Feature",
      "properties": {
        "@id": "way/1552318124",
        "footway": "sidewalk",
        "highway": "footway"
      },
      "geometry": {
        "type": "LineString",
        "coordinates": [
          [
            2.4775237,
            48.9096104
          ],
          [
            2.4776292,
            48.9096156
          ]
        ]
      },
      "id": "way/1552318124"
    },
    {
      "type": "Feature",
      "properties": {
        "@id": "way/1552318125",
        "footway": "sidewalk",
        "highway": "footway"
      },
      "geometry": {
        "type": "LineString",
        "coordinates": [
          [
            2.4774956,
            48.9093742
          ],
          [
            2.4774883,
            48.9093739
          ],
          [
            2.4774276,
            48.9093716
          ]
        ]
      },
      "id": "way/1552318125"
    },
    {
      "type": "Feature",
      "properties": {
        "@id": "way/1552318126",
        "footway": "sidewalk",
        "highway": "footway"
      },
      "geometry": {
        "type": "LineString",
        "coordinates": [
          [
            2.4773748,
            48.9093696
          ],
          [
            2.4773415,
            48.9093683
          ],
          [
            2.4772618,
            48.9093653
          ],
          [
            2.4772448,
            48.909367
          ],
          [
            2.4772254,
            48.9093719
          ],
          [
            2.477214,
            48.9093745
          ]
        ]
      },
      "id": "way/1552318126"
    },
    {
      "type": "Feature",
      "properties": {
        "@id": "way/1552318127",
        "footway": "sidewalk",
        "highway": "footway"
      },
      "geometry": {
        "type": "LineString",
        "coordinates": [
          [
            2.4772313,
            48.9095962
          ],
          [
            2.4773467,
            48.9096018
          ]
        ]
      },
      "id": "way/1552318127"
    },
    {
      "type": "Feature",
      "properties": {
        "@id": "way/1552318128",
        "footway": "sidewalk",
        "highway": "footway"
      },
      "geometry": {
        "type": "LineString",
        "coordinates": [
          [
            2.4771708,
            48.9093852
          ],
          [
            2.4771667,
            48.9093873
          ],
          [
            2.4771576,
            48.9093921
          ],
          [
            2.4771505,
            48.9094006
          ]
        ]
      },
      "id": "way/1552318128"
    },
    {
      "type": "Feature",
      "properties": {
        "@id": "way/1552318129",
        "footway": "sidewalk",
        "highway": "footway"
      },
      "geometry": {
        "type": "LineString",
        "coordinates": [
          [
            2.4771505,
            48.9094006
          ],
          [
            2.4771481,
            48.9094079
          ],
          [
            2.477144,
            48.9094546
          ]
        ]
      },
      "id": "way/1552318129"
    },
    {
      "type": "Feature",
      "properties": {
        "@id": "way/1552318130",
        "footway": "sidewalk",
        "highway": "footway"
      },
      "geometry": {
        "type": "LineString",
        "coordinates": [
          [
            2.4777381,
            48.9094763
          ],
          [
            2.4777388,
            48.9094677
          ]
        ]
      },
      "id": "way/1552318130"
    },
    {
      "type": "Feature",
      "properties": {
        "@id": "way/1552318131",
        "footway": "sidewalk",
        "highway": "footway"
      },
      "geometry": {
        "type": "LineString",
        "coordinates": [
          [
            2.4774276,
            48.9093716
          ],
          [
            2.4773748,
            48.9093696
          ]
        ]
      },
      "id": "way/1552318131"
    },
    {
      "type": "Feature",
      "properties": {
        "@id": "way/1552318132",
        "footway": "sidewalk",
        "highway": "footway"
      },
      "geometry": {
        "type": "LineString",
        "coordinates": [
          [
            2.4773467,
            48.9096018
          ],
          [
            2.4774316,
            48.909606
          ]
        ]
      },
      "id": "way/1552318132"
    },
    {
      "type": "Feature",
      "properties": {
        "@id": "way/1552318133",
        "footway": "sidewalk",
        "highway": "footway"
      },
      "geometry": {
        "type": "LineString",
        "coordinates": [
          [
            2.477144,
            48.9094546
          ],
          [
            2.477136,
            48.9095455
          ],
          [
            2.4771354,
            48.9095475
          ],
          [
            2.4771334,
            48.9095498
          ],
          [
            2.4771296,
            48.9095528
          ],
          [
            2.4771251,
            48.9095613
          ],
          [
            2.477125,
            48.9095703
          ],
          [
            2.4771294,
            48.9095788
          ],
          [
            2.4771377,
            48.9095858
          ],
          [
            2.4771491,
            48.9095907
          ],
          [
            2.4771624,
            48.9095929
          ],
          [
            2.4772313,
            48.9095962
          ]
        ]
      },
      "id": "way/1552318133"
    },
    {
      "type": "Feature",
      "properties": {
        "@id": "way/1552318134",
        "footway": "sidewalk",
        "highway": "footway"
      },
      "geometry": {
        "type": "LineString",
        "coordinates": [
          [
            2.4777363,
            48.9095005
          ],
          [
            2.4777381,
            48.9094763
          ]
        ]
      },
      "id": "way/1552318134"
    },
    {
      "type": "Feature",
      "properties": {
        "@id": "way/1552318135",
        "footway": "sidewalk",
        "highway": "footway"
      },
      "geometry": {
        "type": "LineString",
        "coordinates": [
          [
            2.477214,
            48.9093745
          ],
          [
            2.4771786,
            48.9093827
          ],
          [
            2.4771708,
            48.9093852
          ]
        ]
      },
      "id": "way/1552318135"
    },
    {
      "type": "Feature",
      "properties": {
        "@id": "way/1552318136",
        "footway": "sidewalk",
        "highway": "footway"
      },
      "geometry": {
        "type": "LineString",
        "coordinates": [
          [
            2.4775467,
            48.9093761
          ],
          [
            2.4774956,
            48.9093742
          ]
        ]
      },
      "id": "way/1552318136"
    },
    {
      "type": "Feature",
      "properties": {
        "@id": "way/1552318137",
        "footway": "sidewalk",
        "highway": "footway"
      },
      "geometry": {
        "type": "LineString",
        "coordinates": [
          [
            2.4774316,
            48.909606
          ],
          [
            2.4775237,
            48.9096104
          ]
        ]
      },
      "id": "way/1552318137"
    },
    {
      "type": "Feature",
      "properties": {
        "@id": "way/1552318138",
        "footway": "sidewalk",
        "highway": "footway"
      },
      "geometry": {
        "type": "LineString",
        "coordinates": [
          [
            2.4776292,
            48.9096156
          ],
          [
            2.4776969,
            48.9096189
          ],
          [
            2.477709,
            48.9096183
          ],
          [
            2.4777203,
            48.9096154
          ],
          [
            2.4777298,
            48.9096104
          ],
          [
            2.4777367,
            48.9096038
          ],
          [
            2.4777403,
            48.9095962
          ],
          [
            2.4777404,
            48.9095882
          ],
          [
            2.477737,
            48.9095805
          ],
          [
            2.4777315,
            48.9095751
          ],
          [
            2.4777308,
            48.9095725
          ],
          [
            2.4777342,
            48.9095276
          ],
          [
            2.4777363,
            48.9095005
          ]
        ]
      },
      "id": "way/1552318138"
    },
    {
      "type": "Feature",
      "properties": {
        "@id": "way/1552318139",
        "footway": "sidewalk",
        "highway": "footway"
      },
      "geometry": {
        "type": "LineString",
        "coordinates": [
          [
            2.4776782,
            48.9092424
          ],
          [
            2.4776774,
            48.9092502
          ]
        ]
      },
      "id": "way/1552318139"
    },
    {
      "type": "Feature",
      "properties": {
        "@id": "way/1552318140",
        "footway": "sidewalk",
        "highway": "footway"
      },
      "geometry": {
        "type": "LineString",
        "coordinates": [
          [
            2.4776879,
            48.9091536
          ],
          [
            2.4776844,
            48.9091857
          ]
        ]
      },
      "id": "way/1552318140"
    },
    {
      "type": "Feature",
      "properties": {
        "@id": "way/1552318141",
        "footway": "sidewalk",
        "highway": "footway"
      },
      "geometry": {
        "type": "LineString",
        "coordinates": [
          [
            2.4776774,
            48.9092502
          ],
          [
            2.4776734,
            48.909287
          ]
        ]
      },
      "id": "way/1552318141"
    },
    {
      "type": "Feature",
      "properties": {
        "@id": "way/1552318142",
        "footway": "sidewalk",
        "highway": "footway"
      },
      "geometry": {
        "type": "LineString",
        "coordinates": [
          [
            2.4776734,
            48.909287
          ],
          [
            2.4776721,
            48.9092988
          ],
          [
            2.4776696,
            48.9093219
          ],
          [
            2.4776704,
            48.9093294
          ],
          [
            2.4776743,
            48.9093365
          ],
          [
            2.477681,
            48.9093426
          ],
          [
            2.4776899,
            48.9093472
          ],
          [
            2.4777599,
            48.9093739
          ],
          [
            2.4777675,
            48.9093768
          ],
          [
            2.4777708,
            48.9093784
          ],
          [
            2.4777775,
            48.9093823
          ],
          [
            2.4777803,
            48.9093844
          ],
          [
            2.4777883,
            48.9093915
          ],
          [
            2.4777951,
            48.9093976
          ],
          [
            2.4777966,
            48.9093991
          ],
          [
            2.4777987,
            48.9094016
          ],
          [
            2.4778006,
            48.9094048
          ],
          [
            2.4778017,
            48.9094075
          ],
          [
            2.4778021,
            48.9094093
          ],
          [
            2.4778055,
            48.9094277
          ],
          [
            2.4778056,
            48.9094289
          ],
          [
            2.4778056,
            48.9094343
          ]
        ]
      },
      "id": "way/1552318142"
    },
    {
      "type": "Feature",
      "properties": {
        "@id": "way/1552318144",
        "footway": "sidewalk",
        "highway": "footway"
      },
      "geometry": {
        "type": "LineString",
        "coordinates": [
          [
            2.4778056,
            48.9094343
          ],
          [
            2.4778024,
            48.9094762
          ]
        ]
      },
      "id": "way/1552318144"
    },
    {
      "type": "Feature",
      "properties": {
        "@id": "way/1552318146",
        "footway": "sidewalk",
        "highway": "footway"
      },
      "geometry": {
        "type": "LineString",
        "coordinates": [
          [
            2.4778024,
            48.9094762
          ],
          [
            2.4778006,
            48.9094995
          ]
        ]
      },
      "id": "way/1552318146"
    },
    {
      "type": "Feature",
      "properties": {
        "@id": "way/1552318148",
        "footway": "sidewalk",
        "highway": "footway"
      },
      "geometry": {
        "type": "LineString",
        "coordinates": [
          [
            2.4780774,
            48.9096374
          ],
          [
            2.4783262,
            48.9096494
          ],
          [
            2.4783382,
            48.9096489
          ],
          [
            2.4783494,
            48.909646
          ],
          [
            2.4783589,
            48.9096411
          ],
          [
            2.4783658,
            48.9096346
          ],
          [
            2.4783696,
            48.909627
          ],
          [
            2.4783698,
            48.9096191
          ],
          [
            2.4783665,
            48.9096114
          ],
          [
            2.47836,
            48.9096048
          ],
          [
            2.478356,
            48.9096018
          ],
          [
            2.4783557,
            48.9095998
          ],
          [
            2.4783601,
            48.9095555
          ],
          [
            2.4783632,
            48.9095251
          ]
        ]
      },
      "id": "way/1552318148"
    },
    {
      "type": "Feature",
      "properties": {
        "@id": "way/1552318150",
        "footway": "sidewalk",
        "highway": "footway"
      },
      "geometry": {
        "type": "LineString",
        "coordinates": [
          [
            2.4778006,
            48.9094995
          ],
          [
            2.4777982,
            48.909531
          ],
          [
            2.4777949,
            48.9095746
          ],
          [
            2.4777943,
            48.9095766
          ],
          [
            2.4777923,
            48.9095778
          ],
          [
            2.4777839,
            48.9095848
          ],
          [
            2.4777794,
            48.9095933
          ],
          [
            2.4777794,
            48.9096022
          ],
          [
            2.4777838,
            48.9096107
          ],
          [
            2.4777922,
            48.9096177
          ],
          [
            2.4778036,
            48.9096226
          ],
          [
            2.4778167,
            48.9096247
          ],
          [
            2.4780774,
            48.9096374
          ]
        ]
      },
      "id": "way/1552318150"
    },
    {
      "type": "Feature",
      "properties": {
        "@id": "way/1552318153",
        "footway": "sidewalk",
        "highway": "footway"
      },
      "geometry": {
        "type": "LineString",
        "coordinates": [
          [
            2.4783632,
            48.9095251
          ],
          [
            2.4783667,
            48.9094901
          ],
          [
            2.4783693,
            48.9094637
          ],
          [
            2.4783702,
            48.9094542
          ],
          [
            2.4783705,
            48.9094526
          ],
          [
            2.4783715,
            48.9094493
          ],
          [
            2.4783721,
            48.9094477
          ],
          [
            2.478379,
            48.9094332
          ],
          [
            2.4783801,
            48.9094314
          ],
          [
            2.4783822,
            48.9094285
          ],
          [
            2.4783855,
            48.9094253
          ],
          [
            2.4783878,
            48.9094236
          ],
          [
            2.4783924,
            48.9094212
          ],
          [
            2.4783966,
            48.9094195
          ],
          [
            2.4783992,
            48.9094186
          ],
          [
            2.4784147,
            48.9094144
          ],
          [
            2.4784679,
            48.9094
          ],
          [
            2.4785146,
            48.9093873
          ],
          [
            2.4785245,
            48.9093835
          ],
          [
            2.4785323,
            48.9093781
          ],
          [
            2.4785376,
            48.9093714
          ],
          [
            2.4785399,
            48.9093641
          ],
          [
            2.478543,
            48.9093328
          ],
          [
            2.4785437,
            48.9093256
          ],
          [
            2.4785471,
            48.9092917
          ],
          [
            2.4785511,
            48.9092507
          ],
          [
            2.4785556,
            48.9092055
          ],
          [
            2.47856,
            48.9091604
          ],
          [
            2.4785671,
            48.9091247
          ],
          [
            2.4785659,
            48.9091163
          ],
          [
            2.4785619,
            48.9091102
          ],
          [
            2.4785523,
            48.9091022
          ],
          [
            2.4785413,
            48.9090979
          ],
          [
            2.4785288,
            48.9090961
          ],
          [
            2.4783692,
            48.9090895
          ],
          [
            2.4782111,
            48.909083
          ],
          [
            2.4781497,
            48.9090805
          ],
          [
            2.4781416,
            48.9090802
          ],
          [
            2.4780615,
            48.9090769
          ],
          [
            2.4779101,
            48.9090707
          ],
          [
            2.4777251,
            48.9090631
          ],
          [
            2.477713,
            48.9090638
          ],
          [
            2.4777018,
            48.9090668
          ],
          [
            2.4776919,
            48.9090719
          ],
          [
            2.4776918,
            48.9090721
          ],
          [
            2.4776856,
            48.9090785
          ],
          [
            2.4776821,
            48.9090862
          ],
          [
            2.4776822,
            48.9090942
          ],
          [
            2.4776858,
            48.9091019
          ],
          [
            2.4776892,
            48.9091064
          ],
          [
            2.4776911,
            48.9091109
          ],
          [
            2.4776917,
            48.9091147
          ],
          [
            2.4776918,
            48.909117
          ],
          [
            2.4776898,
            48.909136
          ],
          [
            2.4776879,
            48.9091536
          ]
        ]
      },
      "id": "way/1552318153"
    },
    {
      "type": "Feature",
      "properties": {
        "@id": "way/1552318159",
        "footway": "sidewalk",
        "highway": "footway"
      },
      "geometry": {
        "type": "LineString",
        "coordinates": [
          [
            2.4776844,
            48.9091857
          ],
          [
            2.4776782,
            48.9092424
          ]
        ]
      },
      "id": "way/1552318159"
    },
    {
      "type": "Feature",
      "properties": {
        "@id": "way/1552318160",
        "footway": "sidewalk",
        "highway": "footway"
      },
      "geometry": {
        "type": "LineString",
        "coordinates": [
          [
            2.4787584,
            48.9088881
          ],
          [
            2.4787665,
            48.908815
          ]
        ]
      },
      "id": "way/1552318160"
    },
    {
      "type": "Feature",
      "properties": {
        "@id": "way/1552318161",
        "footway": "sidewalk",
        "highway": "footway"
      },
      "geometry": {
        "type": "LineString",
        "coordinates": [
          [
            2.4785682,
            48.9090436
          ],
          [
            2.4787,
            48.909049
          ],
          [
            2.4787127,
            48.9090482
          ],
          [
            2.4787244,
            48.9090449
          ],
          [
            2.4787339,
            48.9090394
          ],
          [
            2.4787405,
            48.9090322
          ],
          [
            2.4787434,
            48.9090241
          ],
          [
            2.4787453,
            48.9090069
          ],
          [
            2.4787584,
            48.9088881
          ]
        ]
      },
      "id": "way/1552318161"
    },
    {
      "type": "Feature",
      "properties": {
        "@id": "way/1552318162",
        "footway": "sidewalk",
        "highway": "footway"
      },
      "geometry": {
        "type": "LineString",
        "coordinates": [
          [
            2.4787665,
            48.908815
          ],
          [
            2.4787874,
            48.9086263
          ]
        ]
      },
      "id": "way/1552318162"
    },
    {
      "type": "Feature",
      "properties": {
        "@id": "way/1552318164",
        "footway": "sidewalk",
        "highway": "footway"
      },
      "geometry": {
        "type": "LineString",
        "coordinates": [
          [
            2.4787874,
            48.9086263
          ],
          [
            2.4788063,
            48.9084626
          ]
        ]
      },
      "id": "way/1552318164"
    },
    {
      "type": "Feature",
      "properties": {
        "@id": "way/1552318171",
        "footway": "sidewalk",
        "highway": "footway"
      },
      "geometry": {
        "type": "LineString",
        "coordinates": [
          [
            2.4784555,
            48.9083863
          ],
          [
            2.4781165,
            48.9083674
          ],
          [
            2.4781137,
            48.9083673
          ],
          [
            2.4780089,
            48.9083661
          ]
        ]
      },
      "id": "way/1552318171"
    },
    {
      "type": "Feature",
      "properties": {
        "@id": "way/1552318172",
        "footway": "sidewalk",
        "highway": "footway"
      },
      "geometry": {
        "type": "LineString",
        "coordinates": [
          [
            2.4788063,
            48.9084626
          ],
          [
            2.4788066,
            48.9084525
          ],
          [
            2.4788068,
            48.9084505
          ],
          [
            2.4788085,
            48.9084325
          ],
          [
            2.4788073,
            48.9084242
          ],
          [
            2.4788024,
            48.9084165
          ],
          [
            2.4787941,
            48.9084102
          ],
          [
            2.4787834,
            48.9084059
          ],
          [
            2.4787711,
            48.9084039
          ],
          [
            2.4786432,
            48.9083968
          ]
        ]
      },
      "id": "way/1552318172"
    },
    {
      "type": "Feature",
      "properties": {
        "@id": "way/1552318173",
        "footway": "sidewalk",
        "highway": "footway"
      },
      "geometry": {
        "type": "LineString",
        "coordinates": [
          [
            2.4786432,
            48.9083968
          ],
          [
            2.4784555,
            48.9083863
          ]
        ]
      },
      "id": "way/1552318173"
    },
    {
      "type": "Feature",
      "properties": {
        "@id": "way/1552318174",
        "footway": "sidewalk",
        "highway": "footway"
      },
      "geometry": {
        "type": "LineString",
        "coordinates": [
          [
            2.4780089,
            48.9083661
          ],
          [
            2.4778348,
            48.908364
          ],
          [
            2.4776486,
            48.9083618
          ],
          [
            2.4776351,
            48.9083631
          ],
          [
            2.477623,
            48.9083674
          ],
          [
            2.4776137,
            48.9083739
          ],
          [
            2.4776082,
            48.9083821
          ],
          [
            2.4776071,
            48.9083832
          ],
          [
            2.4776074,
            48.9083935
          ],
          [
            2.4776024,
            48.9084402
          ],
          [
            2.477596,
            48.9084997
          ],
          [
            2.4775864,
            48.9085895
          ],
          [
            2.4775753,
            48.9086934
          ],
          [
            2.4775604,
            48.9088322
          ],
          [
            2.4775471,
            48.9089567
          ],
          [
            2.4775452,
            48.9089744
          ],
          [
            2.4775464,
            48.9089829
          ],
          [
            2.4775514,
            48.9089907
          ],
          [
            2.4775599,
            48.9089971
          ],
          [
            2.477571,
            48.9090014
          ],
          [
            2.4775835,
            48.9090033
          ],
          [
            2.4776989,
            48.909008
          ],
          [
            2.4777195,
            48.9090088
          ],
          [
            2.4782326,
            48.9090299
          ],
          [
            2.4785682,
            48.9090436
          ]
        ]
      },
      "id": "way/1552318174"
    },
    {
      "type": "Feature",
      "properties": {
        "@id": "way/1552318177",
        "footway": "sidewalk",
        "highway": "footway"
      },
      "geometry": {
        "type": "LineString",
        "coordinates": [
          [
            2.4796555,
            48.9091423
          ],
          [
            2.479496,
            48.9091357
          ],
          [
            2.4794393,
            48.9091334
          ],
          [
            2.4793306,
            48.9091289
          ],
          [
            2.4792142,
            48.9091242
          ],
          [
            2.4790241,
            48.9091164
          ],
          [
            2.4790123,
            48.909117
          ],
          [
            2.4790014,
            48.9091198
          ],
          [
            2.4789921,
            48.9091246
          ],
          [
            2.4789903,
            48.9091261
          ],
          [
            2.4789852,
            48.9091309
          ],
          [
            2.4789813,
            48.9091382
          ],
          [
            2.4789808,
            48.9091459
          ],
          [
            2.4789815,
            48.9091508
          ],
          [
            2.4789816,
            48.9091529
          ],
          [
            2.4789798,
            48.9091722
          ],
          [
            2.4789754,
            48.9092208
          ],
          [
            2.4789676,
            48.9093067
          ],
          [
            2.4789646,
            48.9093395
          ],
          [
            2.4789633,
            48.9093535
          ],
          [
            2.478961,
            48.9093793
          ],
          [
            2.478962,
            48.9093871
          ],
          [
            2.4789663,
            48.9093943
          ],
          [
            2.4789736,
            48.9094005
          ],
          [
            2.4789833,
            48.909405
          ],
          [
            2.4790346,
            48.9094222
          ],
          [
            2.4790669,
            48.909433
          ],
          [
            2.4790692,
            48.9094339
          ],
          [
            2.4790726,
            48.9094354
          ],
          [
            2.4790766,
            48.9094378
          ],
          [
            2.4790783,
            48.9094392
          ],
          [
            2.4790812,
            48.9094422
          ],
          [
            2.479083,
            48.9094447
          ],
          [
            2.4790854,
            48.9094494
          ],
          [
            2.4790942,
            48.9094681
          ],
          [
            2.479095,
            48.9094705
          ],
          [
            2.4790958,
            48.9094754
          ],
          [
            2.4790959,
            48.9094778
          ],
          [
            2.479094,
            48.9094981
          ],
          [
            2.4790865,
            48.9095751
          ],
          [
            2.479086,
            48.9095802
          ],
          [
            2.4790814,
            48.909628
          ],
          [
            2.4790808,
            48.9096298
          ],
          [
            2.479078,
            48.90963
          ],
          [
            2.4790504,
            48.9096288
          ],
          [
            2.4790228,
            48.9096276
          ],
          [
            2.4790201,
            48.9096272
          ],
          [
            2.4790198,
            48.9096254
          ],
          [
            2.4790241,
            48.9095814
          ],
          [
            2.4790305,
            48.9095159
          ]
        ]
      },
      "id": "way/1552318177"
    },
    {
      "type": "Feature",
      "properties": {
        "@id": "way/1552318207",
        "footway": "sidewalk",
        "highway": "footway"
      },
      "geometry": {
        "type": "LineString",
        "coordinates": [
          [
            2.4800446,
            48.9096608
          ],
          [
            2.4800323,
            48.9093959
          ],
          [
            2.4800321,
            48.9093897
          ],
          [
            2.4800322,
            48.909383
          ],
          [
            2.4800353,
            48.9093371
          ],
          [
            2.4800367,
            48.9093172
          ],
          [
            2.4800389,
            48.9092874
          ],
          [
            2.4800411,
            48.9092579
          ],
          [
            2.4800433,
            48.9092273
          ],
          [
            2.4800464,
            48.9091849
          ],
          [
            2.480045,
            48.9091766
          ],
          [
            2.4800399,
            48.9091689
          ],
          [
            2.4800314,
            48.9091627
          ],
          [
            2.4800205,
            48.9091585
          ],
          [
            2.4800081,
            48.9091567
          ],
          [
            2.4799729,
            48.9091552
          ],
          [
            2.4799582,
            48.9091546
          ],
          [
            2.4799456,
            48.9091554
          ],
          [
            2.4799339,
            48.9091587
          ],
          [
            2.4799243,
            48.9091643
          ],
          [
            2.4799178,
            48.9091715
          ],
          [
            2.4799149,
            48.9091796
          ],
          [
            2.4799129,
            48.9091978
          ],
          [
            2.4799104,
            48.9092214
          ],
          [
            2.4799065,
            48.9092564
          ],
          [
            2.4799026,
            48.9092927
          ],
          [
            2.4798973,
            48.9093409
          ],
          [
            2.4798918,
            48.9093912
          ],
          [
            2.4798871,
            48.9094345
          ],
          [
            2.4798868,
            48.9094362
          ],
          [
            2.4798861,
            48.9094385
          ],
          [
            2.4798845,
            48.9094417
          ],
          [
            2.479883,
            48.9094437
          ],
          [
            2.4798817,
            48.9094452
          ],
          [
            2.4798702,
            48.9094569
          ],
          [
            2.4798674,
            48.9094591
          ],
          [
            2.4798616,
            48.9094629
          ],
          [
            2.4798582,
            48.9094647
          ],
          [
            2.4798396,
            48.9094724
          ],
          [
            2.4798364,
            48.9094735
          ],
          [
            2.4797574,
            48.9094979
          ],
          [
            2.4797436,
            48.9095041
          ],
          [
            2.4797354,
            48.9095121
          ],
          [
            2.4797335,
            48.9095173
          ],
          [
            2.4797281,
            48.9095721
          ],
          [
            2.4797242,
            48.9096214
          ],
          [
            2.4797228,
            48.9096394
          ],
          [
            2.4797222,
            48.9096412
          ],
          [
            2.4797194,
            48.9096414
          ],
          [
            2.4796935,
            48.9096405
          ],
          [
            2.4796676,
            48.9096396
          ],
          [
            2.4796648,
            48.9096392
          ],
          [
            2.4796645,
            48.9096374
          ],
          [
            2.4796663,
            48.9096143
          ],
          [
            2.4796701,
            48.909565
          ],
          [
            2.4796742,
            48.9095129
          ],
          [
            2.4796752,
            48.9095066
          ],
          [
            2.4796756,
            48.9095052
          ],
          [
            2.4796828,
            48.9094869
          ],
          [
            2.4796837,
            48.9094851
          ],
          [
            2.4796853,
            48.9094826
          ],
          [
            2.4796884,
            48.9094793
          ],
          [
            2.47969,
            48.909478
          ],
          [
            2.4796944,
            48.9094754
          ],
          [
            2.4796978,
            48.9094739
          ],
          [
            2.4797004,
            48.9094729
          ],
          [
            2.4797221,
            48.9094663
          ],
          [
            2.4798069,
            48.9094402
          ],
          [
            2.4798187,
            48.9094347
          ],
          [
            2.4798269,
            48.9094269
          ],
          [
            2.4798304,
            48.9094177
          ],
          [
            2.4798335,
            48.9093892
          ],
          [
            2.4798386,
            48.9093424
          ],
          [
            2.4798438,
            48.909295
          ],
          [
            2.4798481,
            48.9092558
          ],
          [
            2.4798521,
            48.9092188
          ],
          [
            2.4798546,
            48.9091955
          ],
          [
            2.4798566,
            48.9091778
          ],
          [
            2.4798554,
            48.9091693
          ],
          [
            2.4798504,
            48.9091615
          ],
          [
            2.4798419,
            48.9091551
          ],
          [
            2.4798308,
            48.9091508
          ],
          [
            2.4798183,
            48.9091489
          ],
          [
            2.4797918,
            48.9091478
          ],
          [
            2.4796555,
            48.9091423
          ]
        ]
      },
      "id": "way/1552318207"
    },
    {
      "type": "Feature",
      "properties": {
        "@id": "way/1552318208",
        "footway": "sidewalk",
        "highway": "footway"
      },
      "geometry": {
        "type": "LineString",
        "coordinates": [
          [
            2.4793757,
            48.9097005
          ],
          [
            2.4796778,
            48.9097152
          ],
          [
            2.4800025,
            48.9097309
          ],
          [
            2.4800159,
            48.9097299
          ],
          [
            2.4800281,
            48.9097262
          ],
          [
            2.4800378,
            48.90972
          ],
          [
            2.4800439,
            48.9097122
          ],
          [
            2.4800459,
            48.9097034
          ],
          [
            2.4800446,
            48.9096608
          ]
        ]
      },
      "id": "way/1552318208"
    },
    {
      "type": "Feature",
      "properties": {
        "@id": "way/1552318221",
        "footway": "sidewalk",
        "highway": "footway"
      },
      "geometry": {
        "type": "LineString",
        "coordinates": [
          [
            2.4790305,
            48.9095159
          ],
          [
            2.4790334,
            48.9094857
          ],
          [
            2.4790312,
            48.9094758
          ],
          [
            2.4790281,
            48.9094706
          ],
          [
            2.4790208,
            48.9094644
          ],
          [
            2.4790111,
            48.9094599
          ],
          [
            2.4790067,
            48.9094584
          ],
          [
            2.4790035,
            48.9094574
          ],
          [
            2.4789413,
            48.9094365
          ],
          [
            2.4789301,
            48.909434
          ],
          [
            2.4789239,
            48.9094339
          ],
          [
            2.478823,
            48.9094304
          ],
          [
            2.4787949,
            48.9094295
          ],
          [
            2.4787236,
            48.9094272
          ],
          [
            2.4786624,
            48.9094252
          ],
          [
            2.4785656,
            48.9094221
          ],
          [
            2.478548,
            48.9094241
          ],
          [
            2.4784911,
            48.9094395
          ],
          [
            2.4784633,
            48.9094471
          ],
          [
            2.4784542,
            48.90945
          ],
          [
            2.4784405,
            48.9094577
          ],
          [
            2.4784353,
            48.9094643
          ],
          [
            2.4784328,
            48.9094725
          ],
          [
            2.478431,
            48.9094906
          ],
          [
            2.4784268,
            48.9095335
          ],
          [
            2.4784242,
            48.9095598
          ],
          [
            2.4784199,
            48.9096026
          ],
          [
            2.4784192,
            48.9096045
          ],
          [
            2.4784153,
            48.9096068
          ],
          [
            2.4784125,
            48.909608
          ],
          [
            2.4784041,
            48.909615
          ],
          [
            2.4783997,
            48.9096234
          ],
          [
            2.4783997,
            48.9096324
          ],
          [
            2.4784041,
            48.9096408
          ],
          [
            2.4784125,
            48.9096479
          ],
          [
            2.4784239,
            48.9096527
          ],
          [
            2.478437,
            48.9096548
          ],
          [
            2.4785344,
            48.9096596
          ],
          [
            2.4786313,
            48.9096643
          ],
          [
            2.4786959,
            48.9096674
          ],
          [
            2.478839,
            48.9096744
          ],
          [
            2.479041,
            48.9096842
          ]
        ]
      },
      "id": "way/1552318221"
    },
    {
      "type": "Feature",
      "properties": {
        "@id": "way/1552318225",
        "footway": "sidewalk",
        "highway": "footway"
      },
      "geometry": {
        "type": "LineString",
        "coordinates": [
          [
            2.479041,
            48.9096842
          ],
          [
            2.4793757,
            48.9097005
          ]
        ]
      },
      "id": "way/1552318225"
    },
    {
      "type": "Feature",
      "properties": {
        "@id": "way/1552318230",
        "footway": "sidewalk",
        "highway": "footway"
      },
      "geometry": {
        "type": "LineString",
        "coordinates": [
          [
            2.4797988,
            48.9090941
          ],
          [
            2.4798941,
            48.909098
          ]
        ]
      },
      "id": "way/1552318230"
    },
    {
      "type": "Feature",
      "properties": {
        "@id": "way/1552318231",
        "footway": "sidewalk",
        "highway": "footway"
      },
      "geometry": {
        "type": "LineString",
        "coordinates": [
          [
            2.4798941,
            48.909098
          ],
          [
            2.4799779,
            48.9091014
          ],
          [
            2.4800117,
            48.9091028
          ],
          [
            2.4800245,
            48.909102
          ],
          [
            2.4800362,
            48.9090986
          ],
          [
            2.4800458,
            48.909093
          ],
          [
            2.4800523,
            48.9090857
          ],
          [
            2.4800551,
            48.9090774
          ],
          [
            2.4800589,
            48.9090336
          ]
        ]
      },
      "id": "way/1552318231"
    },
    {
      "type": "Feature",
      "properties": {
        "@id": "way/1552318232",
        "footway": "sidewalk",
        "highway": "footway"
      },
      "geometry": {
        "type": "LineString",
        "coordinates": [
          [
            2.4800589,
            48.9090336
          ],
          [
            2.4800675,
            48.9089358
          ]
        ]
      },
      "id": "way/1552318232"
    },
    {
      "type": "Feature",
      "properties": {
        "@id": "way/1552318233",
        "footway": "sidewalk",
        "highway": "footway"
      },
      "geometry": {
        "type": "LineString",
        "coordinates": [
          [
            2.4800675,
            48.9089358
          ],
          [
            2.4800786,
            48.9088096
          ]
        ]
      },
      "id": "way/1552318233"
    },
    {
      "type": "Feature",
      "properties": {
        "@id": "way/1552318234",
        "footway": "sidewalk",
        "highway": "footway"
      },
      "geometry": {
        "type": "LineString",
        "coordinates": [
          [
            2.4800786,
            48.9088096
          ],
          [
            2.480085,
            48.9087371
          ],
          [
            2.4800891,
            48.9086907
          ]
        ]
      },
      "id": "way/1552318234"
    },
    {
      "type": "Feature",
      "properties": {
        "@id": "way/1552318235",
        "footway": "sidewalk",
        "highway": "footway"
      },
      "geometry": {
        "type": "LineString",
        "coordinates": [
          [
            2.4800906,
            48.908629
          ],
          [
            2.4800909,
            48.9085833
          ]
        ]
      },
      "id": "way/1552318235"
    },
    {
      "type": "Feature",
      "properties": {
        "@id": "way/1552318236",
        "footway": "sidewalk",
        "highway": "footway"
      },
      "geometry": {
        "type": "LineString",
        "coordinates": [
          [
            2.4800891,
            48.9086907
          ],
          [
            2.4800903,
            48.9086769
          ],
          [
            2.4800903,
            48.9086755
          ],
          [
            2.4800906,
            48.908629
          ]
        ]
      },
      "id": "way/1552318236"
    },
    {
      "type": "Feature",
      "properties": {
        "@id": "way/1552318237",
        "footway": "sidewalk",
        "highway": "footway"
      },
      "geometry": {
        "type": "LineString",
        "coordinates": [
          [
            2.4800909,
            48.9085833
          ],
          [
            2.4800912,
            48.9085749
          ],
          [
            2.4800953,
            48.9085326
          ]
        ]
      },
      "id": "way/1552318237"
    },
    {
      "type": "Feature",
      "properties": {
        "@id": "way/1552318238",
        "footway": "sidewalk",
        "highway": "footway"
      },
      "geometry": {
        "type": "LineString",
        "coordinates": [
          [
            2.4800953,
            48.9085326
          ],
          [
            2.4800638,
            48.9085087
          ],
          [
            2.47982,
            48.9084573
          ]
        ]
      },
      "id": "way/1552318238"
    },
    {
      "type": "Feature",
      "properties": {
        "@id": "way/1552318239",
        "footway": "sidewalk",
        "highway": "footway"
      },
      "geometry": {
        "type": "LineString",
        "coordinates": [
          [
            2.4788288,
            48.9089649
          ],
          [
            2.4788237,
            48.9090101
          ],
          [
            2.4788219,
            48.9090267
          ],
          [
            2.478823,
            48.9090352
          ],
          [
            2.4788281,
            48.909043
          ],
          [
            2.4788365,
            48.9090494
          ],
          [
            2.4788476,
            48.9090537
          ],
          [
            2.4788602,
            48.9090556
          ],
          [
            2.4789975,
            48.9090612
          ],
          [
            2.4791293,
            48.9090666
          ]
        ]
      },
      "id": "way/1552318239"
    },
    {
      "type": "Feature",
      "properties": {
        "@id": "way/1552318240",
        "footway": "sidewalk",
        "highway": "footway"
      },
      "geometry": {
        "type": "LineString",
        "coordinates": [
          [
            2.4788518,
            48.9087566
          ],
          [
            2.4788372,
            48.9088885
          ]
        ]
      },
      "id": "way/1552318240"
    },
    {
      "type": "Feature",
      "properties": {
        "@id": "way/1552318241",
        "footway": "sidewalk",
        "highway": "footway"
      },
      "geometry": {
        "type": "LineString",
        "coordinates": [
          [
            2.4791293,
            48.9090666
          ],
          [
            2.4793513,
            48.9090757
          ]
        ]
      },
      "id": "way/1552318241"
    },
    {
      "type": "Feature",
      "properties": {
        "@id": "way/1552318242",
        "footway": "sidewalk",
        "highway": "footway"
      },
      "geometry": {
        "type": "LineString",
        "coordinates": [
          [
            2.4788372,
            48.9088885
          ],
          [
            2.4788288,
            48.9089649
          ]
        ]
      },
      "id": "way/1552318242"
    },
    {
      "type": "Feature",
      "properties": {
        "@id": "way/1552318243",
        "footway": "sidewalk",
        "highway": "footway"
      },
      "geometry": {
        "type": "LineString",
        "coordinates": [
          [
            2.4788662,
            48.9086263
          ],
          [
            2.4788587,
            48.908694
          ],
          [
            2.4788518,
            48.9087566
          ]
        ]
      },
      "id": "way/1552318243"
    },
    {
      "type": "Feature",
      "properties": {
        "@id": "way/1552318244",
        "footway": "sidewalk",
        "highway": "footway"
      },
      "geometry": {
        "type": "LineString",
        "coordinates": [
          [
            2.4788833,
            48.9084632
          ],
          [
            2.4788725,
            48.9085693
          ],
          [
            2.4788662,
            48.9086263
          ]
        ]
      },
      "id": "way/1552318244"
    },
    {
      "type": "Feature",
      "properties": {
        "@id": "way/1552318245",
        "footway": "sidewalk",
        "highway": "footway"
      },
      "geometry": {
        "type": "LineString",
        "coordinates": [
          [
            2.4793047,
            48.9084249
          ],
          [
            2.47893,
            48.9084112
          ],
          [
            2.4789173,
            48.9084121
          ],
          [
            2.4789057,
            48.9084155
          ],
          [
            2.4788961,
            48.908421
          ],
          [
            2.4788897,
            48.9084283
          ],
          [
            2.4788869,
            48.9084365
          ],
          [
            2.4788852,
            48.9084538
          ],
          [
            2.478885,
            48.9084558
          ],
          [
            2.4788833,
            48.9084632
          ]
        ]
      },
      "id": "way/1552318245"
    },
    {
      "type": "Feature",
      "properties": {
        "@id": "way/1552318246",
        "footway": "sidewalk",
        "highway": "footway"
      },
      "geometry": {
        "type": "LineString",
        "coordinates": [
          [
            2.4796629,
            48.9084479
          ],
          [
            2.4793047,
            48.9084249
          ]
        ]
      },
      "id": "way/1552318246"
    },
    {
      "type": "Feature",
      "properties": {
        "@id": "way/1552318247",
        "footway": "sidewalk",
        "highway": "footway"
      },
      "geometry": {
        "type": "LineString",
        "coordinates": [
          [
            2.4793513,
            48.9090757
          ],
          [
            2.4797969,
            48.909094
          ],
          [
            2.4797988,
            48.9090941
          ]
        ]
      },
      "id": "way/1552318247"
    },
    {
      "type": "Feature",
      "properties": {
        "@id": "way/1552318248",
        "footway": "sidewalk",
        "highway": "footway"
      },
      "geometry": {
        "type": "LineString",
        "coordinates": [
          [
            2.47982,
            48.9084573
          ],
          [
            2.4796629,
            48.9084479
          ]
        ]
      },
      "id": "way/1552318248"
    },
    {
      "type": "Feature",
      "properties": {
        "@id": "way/1552318249",
        "footway": "sidewalk",
        "highway": "footway"
      },
      "geometry": {
        "type": "LineString",
        "coordinates": [
          [
            2.4776764,
            48.9102001
          ],
          [
            2.4777903,
            48.9102052
          ]
        ]
      },
      "id": "way/1552318249"
    },
    {
      "type": "Feature",
      "properties": {
        "@id": "way/1552318250",
        "footway": "sidewalk",
        "highway": "footway"
      },
      "geometry": {
        "type": "LineString",
        "coordinates": [
          [
            2.4778894,
            48.9102095
          ],
          [
            2.4780154,
            48.9102151
          ]
        ]
      },
      "id": "way/1552318250"
    },
    {
      "type": "Feature",
      "properties": {
        "@id": "way/1552318252",
        "footway": "sidewalk",
        "highway": "footway"
      },
      "geometry": {
        "type": "LineString",
        "coordinates": [
          [
            2.4783749,
            48.9102311
          ],
          [
            2.4785512,
            48.9102389
          ],
          [
            2.4785582,
            48.9102392
          ],
          [
            2.4785725,
            48.9102398
          ]
        ]
      },
      "id": "way/1552318252"
    },
    {
      "type": "Feature",
      "properties": {
        "@id": "way/1552318254",
        "footway": "sidewalk",
        "highway": "footway"
      },
      "geometry": {
        "type": "LineString",
        "coordinates": [
          [
            2.4788519,
            48.9102522
          ],
          [
            2.4789648,
            48.9102571
          ]
        ]
      },
      "id": "way/1552318254"
    },
    {
      "type": "Feature",
      "properties": {
        "@id": "way/1552318256",
        "footway": "sidewalk",
        "highway": "footway"
      },
      "geometry": {
        "type": "LineString",
        "coordinates": [
          [
            2.4782649,
            48.9102262
          ],
          [
            2.4783749,
            48.9102311
          ]
        ]
      },
      "id": "way/1552318256"
    },
    {
      "type": "Feature",
      "properties": {
        "@id": "way/1552318257",
        "footway": "sidewalk",
        "highway": "footway"
      },
      "geometry": {
        "type": "LineString",
        "coordinates": [
          [
            2.4785725,
            48.9102398
          ],
          [
            2.4787427,
            48.9102473
          ]
        ]
      },
      "id": "way/1552318257"
    },
    {
      "type": "Feature",
      "properties": {
        "@id": "way/1552318258",
        "footway": "sidewalk",
        "highway": "footway"
      },
      "geometry": {
        "type": "LineString",
        "coordinates": [
          [
            2.4784064,
            48.9097074
          ],
          [
            2.4783769,
            48.909706
          ],
          [
            2.478362,
            48.9097053
          ],
          [
            2.478225,
            48.9096986
          ]
        ]
      },
      "id": "way/1552318258"
    },
    {
      "type": "Feature",
      "properties": {
        "@id": "way/1552318260",
        "footway": "sidewalk",
        "highway": "footway"
      },
      "geometry": {
        "type": "LineString",
        "coordinates": [
          [
            2.4767969,
            48.9096283
          ],
          [
            2.4766525,
            48.9096209
          ]
        ]
      },
      "id": "way/1552318260"
    },
    {
      "type": "Feature",
      "properties": {
        "@id": "way/1552318261",
        "footway": "sidewalk",
        "highway": "footway"
      },
      "geometry": {
        "type": "LineString",
        "coordinates": [
          [
            2.4767083,
            48.9101573
          ],
          [
            2.4768579,
            48.9101639
          ]
        ]
      },
      "id": "way/1552318261"
    },
    {
      "type": "Feature",
      "properties": {
        "@id": "way/1552318262",
        "footway": "sidewalk",
        "highway": "footway"
      },
      "geometry": {
        "type": "LineString",
        "coordinates": [
          [
            2.4772387,
            48.9096507
          ],
          [
            2.4770927,
            48.9096436
          ]
        ]
      },
      "id": "way/1552318262"
    },
    {
      "type": "Feature",
      "properties": {
        "@id": "way/1552318263",
        "footway": "sidewalk",
        "highway": "footway"
      },
      "geometry": {
        "type": "LineString",
        "coordinates": [
          [
            2.4776997,
            48.9096731
          ],
          [
            2.4773648,
            48.9096568
          ]
        ]
      },
      "id": "way/1552318263"
    },
    {
      "type": "Feature",
      "properties": {
        "@id": "way/1552318264",
        "footway": "sidewalk",
        "highway": "footway"
      },
      "geometry": {
        "type": "LineString",
        "coordinates": [
          [
            2.4773648,
            48.9096568
          ],
          [
            2.4772387,
            48.9096507
          ]
        ]
      },
      "id": "way/1552318264"
    },
    {
      "type": "Feature",
      "properties": {
        "@id": "way/1552318267",
        "footway": "sidewalk",
        "highway": "footway"
      },
      "geometry": {
        "type": "LineString",
        "coordinates": [
          [
            2.4766525,
            48.9096209
          ],
          [
            2.4764317,
            48.9096095
          ],
          [
            2.4764017,
            48.909608
          ],
          [
            2.4763236,
            48.909604
          ],
          [
            2.4762146,
            48.9096005
          ],
          [
            2.476143,
            48.9095983
          ],
          [
            2.4761149,
            48.9095974
          ],
          [
            2.4761023,
            48.9095983
          ],
          [
            2.4760908,
            48.9096016
          ],
          [
            2.4760813,
            48.9096072
          ],
          [
            2.4760749,
            48.9096143
          ],
          [
            2.4760721,
            48.9096224
          ],
          [
            2.4760701,
            48.9096415
          ],
          [
            2.4760456,
            48.9098738
          ],
          [
            2.476034,
            48.9099841
          ]
        ]
      },
      "id": "way/1552318267"
    },
    {
      "type": "Feature",
      "properties": {
        "@id": "way/1552318268",
        "footway": "sidewalk",
        "highway": "footway"
      },
      "geometry": {
        "type": "LineString",
        "coordinates": [
          [
            2.4771972,
            48.9101789
          ],
          [
            2.4773213,
            48.9101844
          ]
        ]
      },
      "id": "way/1552318268"
    },
    {
      "type": "Feature",
      "properties": {
        "@id": "way/1552318269",
        "footway": "sidewalk",
        "highway": "footway"
      },
      "geometry": {
        "type": "LineString",
        "coordinates": [
          [
            2.4773213,
            48.9101844
          ],
          [
            2.4774272,
            48.9101891
          ]
        ]
      },
      "id": "way/1552318269"
    },
    {
      "type": "Feature",
      "properties": {
        "@id": "way/1552318270",
        "footway": "sidewalk",
        "highway": "footway"
      },
      "geometry": {
        "type": "LineString",
        "coordinates": [
          [
            2.4775408,
            48.9101941
          ],
          [
            2.4776764,
            48.9102001
          ]
        ]
      },
      "id": "way/1552318270"
    },
    {
      "type": "Feature",
      "properties": {
        "@id": "way/1552318271",
        "footway": "sidewalk",
        "highway": "footway"
      },
      "geometry": {
        "type": "LineString",
        "coordinates": [
          [
            2.4774272,
            48.9101891
          ],
          [
            2.4775408,
            48.9101941
          ]
        ]
      },
      "id": "way/1552318271"
    },
    {
      "type": "Feature",
      "properties": {
        "@id": "way/1552318272",
        "footway": "sidewalk",
        "highway": "footway"
      },
      "geometry": {
        "type": "LineString",
        "coordinates": [
          [
            2.4753604,
            48.9105645
          ],
          [
            2.4754225,
            48.9105303
          ],
          [
            2.4754303,
            48.9105266
          ],
          [
            2.4755019,
            48.9104953
          ],
          [
            2.4758539,
            48.9103508
          ],
          [
            2.4758619,
            48.9103487
          ],
          [
            2.4758717,
            48.9103465
          ],
          [
            2.4758763,
            48.9103459
          ],
          [
            2.4758889,
            48.9103451
          ],
          [
            2.4759736,
            48.9103401
          ],
          [
            2.4759838,
            48.9103386
          ],
          [
            2.4759932,
            48.9103354
          ],
          [
            2.4760842,
            48.910294
          ],
          [
            2.4760867,
            48.910293
          ],
          [
            2.4760933,
            48.9102908
          ],
          [
            2.4760988,
            48.9102896
          ],
          [
            2.4761059,
            48.9102888
          ],
          [
            2.4761088,
            48.9102886
          ],
          [
            2.4761342,
            48.9102881
          ],
          [
            2.4761448,
            48.9102869
          ],
          [
            2.4761546,
            48.910284
          ],
          [
            2.4761628,
            48.9102795
          ],
          [
            2.4761976,
            48.9102548
          ],
          [
            2.4762056,
            48.9102491
          ],
          [
            2.4762411,
            48.910224
          ],
          [
            2.4762433,
            48.9102226
          ],
          [
            2.4762504,
            48.9102189
          ],
          [
            2.476253,
            48.9102177
          ],
          [
            2.4762753,
            48.9102094
          ],
          [
            2.4763744,
            48.910178
          ],
          [
            2.4763822,
            48.9101761
          ],
          [
            2.4764369,
            48.9101655
          ],
          [
            2.476468,
            48.9101607
          ],
          [
            2.4765003,
            48.9101559
          ],
          [
            2.476541,
            48.9101525
          ],
          [
            2.4765822,
            48.9101517
          ],
          [
            2.4766768,
            48.9101559
          ],
          [
            2.4767083,
            48.9101573
          ]
        ]
      },
      "id": "way/1552318272"
    },
    {
      "type": "Feature",
      "properties": {
        "@id": "way/1552318273",
        "footway": "sidewalk",
        "highway": "footway"
      },
      "geometry": {
        "type": "LineString",
        "coordinates": [
          [
            2.4768579,
            48.9101639
          ],
          [
            2.4769621,
            48.9101685
          ]
        ]
      },
      "id": "way/1552318273"
    },
    {
      "type": "Feature",
      "properties": {
        "@id": "way/1552318274",
        "footway": "sidewalk",
        "highway": "footway"
      },
      "geometry": {
        "type": "LineString",
        "coordinates": [
          [
            2.4769621,
            48.9101685
          ],
          [
            2.4770695,
            48.9101733
          ],
          [
            2.4770767,
            48.9101736
          ]
        ]
      },
      "id": "way/1552318274"
    },
    {
      "type": "Feature",
      "properties": {
        "@id": "way/1552318275",
        "footway": "sidewalk",
        "highway": "footway"
      },
      "geometry": {
        "type": "LineString",
        "coordinates": [
          [
            2.4770927,
            48.9096436
          ],
          [
            2.4769998,
            48.9096388
          ],
          [
            2.4767969,
            48.9096283
          ]
        ]
      },
      "id": "way/1552318275"
    },
    {
      "type": "Feature",
      "properties": {
        "@id": "way/1552318276",
        "footway": "sidewalk",
        "highway": "footway"
      },
      "geometry": {
        "type": "LineString",
        "coordinates": [
          [
            2.4770767,
            48.9101736
          ],
          [
            2.4771647,
            48.9101775
          ],
          [
            2.4771972,
            48.9101789
          ]
        ]
      },
      "id": "way/1552318276"
    },
    {
      "type": "Feature",
      "properties": {
        "@id": "way/1552318282",
        "footway": "sidewalk",
        "highway": "footway"
      },
      "geometry": {
        "type": "LineString",
        "coordinates": [
          [
            2.4787427,
            48.9102473
          ],
          [
            2.4788519,
            48.9102522
          ]
        ]
      },
      "id": "way/1552318282"
    },
    {
      "type": "Feature",
      "properties": {
        "@id": "way/1552318283",
        "footway": "sidewalk",
        "highway": "footway"
      },
      "geometry": {
        "type": "LineString",
        "coordinates": [
          [
            2.4789648,
            48.9102571
          ],
          [
            2.479019,
            48.9102595
          ],
          [
            2.4790257,
            48.9102605
          ],
          [
            2.4790321,
            48.9102612
          ],
          [
            2.4790831,
            48.9102634
          ]
        ]
      },
      "id": "way/1552318283"
    },
    {
      "type": "Feature",
      "properties": {
        "@id": "way/1552318286",
        "footway": "sidewalk",
        "highway": "footway"
      },
      "geometry": {
        "type": "LineString",
        "coordinates": [
          [
            2.4735346,
            48.9096695
          ],
          [
            2.4736032,
            48.9097551
          ],
          [
            2.4736042,
            48.9097564
          ],
          [
            2.4736366,
            48.9097921
          ],
          [
            2.4736432,
            48.9097976
          ],
          [
            2.4736518,
            48.9098019
          ],
          [
            2.4736532,
            48.9098022
          ],
          [
            2.4736563,
            48.9098035
          ],
          [
            2.4736583,
            48.9098051
          ],
          [
            2.4739707,
            48.9101505
          ]
        ]
      },
      "id": "way/1552318286"
    },
    {
      "type": "Feature",
      "properties": {
        "@id": "way/1552318288",
        "footway": "sidewalk",
        "highway": "footway"
      },
      "geometry": {
        "type": "LineString",
        "coordinates": [
          [
            2.4739707,
            48.9101505
          ],
          [
            2.4740951,
            48.910288
          ],
          [
            2.4742064,
            48.9104111
          ],
          [
            2.4742083,
            48.9104133
          ],
          [
            2.4742438,
            48.9104598
          ],
          [
            2.4742965,
            48.9105286
          ],
          [
            2.4743332,
            48.9105793
          ],
          [
            2.4743343,
            48.9105816
          ],
          [
            2.4743368,
            48.9105859
          ],
          [
            2.4743385,
            48.910588
          ],
          [
            2.4743568,
            48.9106269
          ],
          [
            2.4743597,
            48.9106315
          ],
          [
            2.4743977,
            48.9106787
          ]
        ]
      },
      "id": "way/1552318288"
    },
    {
      "type": "Feature",
      "properties": {
        "@id": "way/1552318294",
        "footway": "sidewalk",
        "highway": "footway"
      },
      "geometry": {
        "type": "LineString",
        "coordinates": [
          [
            2.4745375,
            48.9108021
          ],
          [
            2.474547,
            48.9108059
          ],
          [
            2.4745568,
            48.9108079
          ],
          [
            2.4746492,
            48.9108181
          ],
          [
            2.4746603,
            48.9108183
          ],
          [
            2.4747577,
            48.9108115
          ],
          [
            2.4747677,
            48.9108099
          ],
          [
            2.474775,
            48.9108082
          ]
        ]
      },
      "id": "way/1552318294"
    },
    {
      "type": "Feature",
      "properties": {
        "@id": "way/1552318295",
        "footway": "sidewalk",
        "highway": "footway"
      },
      "geometry": {
        "type": "LineString",
        "coordinates": [
          [
            2.474775,
            48.9108082
          ],
          [
            2.4750273,
            48.9107462
          ],
          [
            2.4750393,
            48.9107416
          ],
          [
            2.4753604,
            48.9105645
          ]
        ]
      },
      "id": "way/1552318295"
    },
    {
      "type": "Feature",
      "properties": {
        "@id": "way/1552318296",
        "footway": "sidewalk",
        "highway": "footway"
      },
      "geometry": {
        "type": "LineString",
        "coordinates": [
          [
            2.4752993,
            48.9096742
          ],
          [
            2.4753962,
            48.9097999
          ],
          [
            2.4754048,
            48.9098074
          ],
          [
            2.4754166,
            48.9098125
          ],
          [
            2.4754304,
            48.9098146
          ],
          [
            2.4754854,
            48.9098166
          ],
          [
            2.475555,
            48.9098192
          ],
          [
            2.4755578,
            48.9098196
          ],
          [
            2.4755581,
            48.9098215
          ],
          [
            2.4755567,
            48.9098373
          ],
          [
            2.4755553,
            48.9098531
          ],
          [
            2.4755548,
            48.9098549
          ],
          [
            2.4755519,
            48.9098551
          ],
          [
            2.4753899,
            48.9098491
          ],
          [
            2.4753864,
            48.9098488
          ],
          [
            2.4753824,
            48.9098482
          ],
          [
            2.475376,
            48.9098463
          ],
          [
            2.475374,
            48.9098455
          ],
          [
            2.4753689,
            48.9098423
          ],
          [
            2.4753664,
            48.9098402
          ],
          [
            2.4753646,
            48.9098382
          ],
          [
            2.4753603,
            48.9098327
          ],
          [
            2.4752441,
            48.9096819
          ],
          [
            2.4751292,
            48.9095329
          ],
          [
            2.4750934,
            48.9094864
          ],
          [
            2.4750498,
            48.90943
          ],
          [
            2.4749906,
            48.9093531
          ],
          [
            2.4749546,
            48.9093064
          ],
          [
            2.4749112,
            48.90925
          ],
          [
            2.4747696,
            48.9090662
          ],
          [
            2.4747685,
            48.9090646
          ],
          [
            2.4747675,
            48.9090628
          ],
          [
            2.4747664,
            48.9090595
          ],
          [
            2.4747662,
            48.9090576
          ],
          [
            2.4747661,
            48.9090559
          ],
          [
            2.4747702,
            48.9089708
          ],
          [
            2.4747711,
            48.9089518
          ],
          [
            2.4747696,
            48.9089436
          ],
          [
            2.4747644,
            48.9089361
          ],
          [
            2.474756,
            48.90893
          ],
          [
            2.4747452,
            48.9089259
          ],
          [
            2.474733,
            48.9089241
          ],
          [
            2.474608,
            48.9089184
          ],
          [
            2.4746052,
            48.9089179
          ],
          [
            2.474605,
            48.9089161
          ],
          [
            2.4746076,
            48.9088913
          ],
          [
            2.4746102,
            48.9088665
          ],
          [
            2.4746108,
            48.9088647
          ],
          [
            2.4746136,
            48.9088645
          ],
          [
            2.4748037,
            48.9088732
          ],
          [
            2.4748115,
            48.9088735
          ],
          [
            2.4748242,
            48.9088728
          ],
          [
            2.474836,
            48.9088695
          ],
          [
            2.4748456,
            48.908864
          ],
          [
            2.4748522,
            48.9088567
          ],
          [
            2.4748551,
            48.9088485
          ],
          [
            2.4748561,
            48.9088394
          ],
          [
            2.4748572,
            48.9088291
          ],
          [
            2.4748721,
            48.9086914
          ],
          [
            2.4748775,
            48.908641
          ],
          [
            2.4748804,
            48.9086147
          ],
          [
            2.4748886,
            48.9085384
          ],
          [
            2.4748947,
            48.9084826
          ],
          [
            2.4749073,
            48.9083661
          ],
          [
            2.4749163,
            48.9082826
          ],
          [
            2.4749186,
            48.9082619
          ],
          [
            2.4749192,
            48.90826
          ],
          [
            2.474923,
            48.908259
          ],
          [
            2.4749344,
            48.9082542
          ],
          [
            2.4749429,
            48.9082472
          ],
          [
            2.4749474,
            48.9082387
          ],
          [
            2.4749474,
            48.9082298
          ],
          [
            2.474943,
            48.9082213
          ],
          [
            2.4749347,
            48.9082142
          ],
          [
            2.4749233,
            48.9082094
          ],
          [
            2.474904,
            48.9082069
          ],
          [
            2.4748854,
            48.908206
          ],
          [
            2.4747774,
            48.9082006
          ],
          [
            2.4746005,
            48.9081918
          ],
          [
            2.4745011,
            48.9081868
          ],
          [
            2.4741204,
            48.9081678
          ]
        ]
      },
      "id": "way/1552318296"
    },
    {
      "type": "Feature",
      "properties": {
        "@id": "way/1552318305",
        "footway": "sidewalk",
        "highway": "footway"
      },
      "geometry": {
        "type": "LineString",
        "coordinates": [
          [
            2.476034,
            48.9099841
          ],
          [
            2.4760258,
            48.9100625
          ],
          [
            2.4760265,
            48.9100697
          ],
          [
            2.47603,
            48.9100764
          ],
          [
            2.4760511,
            48.9101044
          ]
        ]
      },
      "id": "way/1552318305"
    },
    {
      "type": "Feature",
      "properties": {
        "@id": "way/1552318311",
        "footway": "sidewalk",
        "highway": "footway"
      },
      "geometry": {
        "type": "LineString",
        "coordinates": [
          [
            2.4760045,
            48.9101612
          ],
          [
            2.4759474,
            48.9100881
          ],
          [
            2.4759463,
            48.9100865
          ],
          [
            2.4759441,
            48.9100823
          ],
          [
            2.4759431,
            48.9100788
          ],
          [
            2.4759427,
            48.9100743
          ],
          [
            2.4759427,
            48.9100725
          ],
          [
            2.4759527,
            48.9099768
          ],
          [
            2.4759654,
            48.9098566
          ],
          [
            2.4759822,
            48.9096971
          ],
          [
            2.4759865,
            48.9096556
          ],
          [
            2.4759884,
            48.9096378
          ],
          [
            2.4759902,
            48.9096211
          ],
          [
            2.475989,
            48.9096125
          ],
          [
            2.4759839,
            48.9096047
          ],
          [
            2.4759752,
            48.9095983
          ],
          [
            2.475964,
            48.909594
          ],
          [
            2.4759513,
            48.9095922
          ],
          [
            2.4758362,
            48.9095886
          ],
          [
            2.4758332,
            48.9095882
          ],
          [
            2.4758193,
            48.9095812
          ],
          [
            2.4758038,
            48.9095786
          ],
          [
            2.4757607,
            48.9095773
          ],
          [
            2.4756331,
            48.9095733
          ],
          [
            2.4756304,
            48.9095729
          ],
          [
            2.4756301,
            48.909571
          ],
          [
            2.4756312,
            48.9095552
          ],
          [
            2.4756321,
            48.9095422
          ],
          [
            2.4756308,
            48.9095339
          ],
          [
            2.4756256,
            48.9095262
          ],
          [
            2.475621,
            48.9095228
          ],
          [
            2.475617,
            48.90952
          ],
          [
            2.475606,
            48.9095158
          ],
          [
            2.4755936,
            48.909514
          ],
          [
            2.4755808,
            48.9095135
          ],
          [
            2.4752344,
            48.9095004
          ],
          [
            2.4752277,
            48.9095008
          ],
          [
            2.4752222,
            48.9095012
          ],
          [
            2.4752109,
            48.9095043
          ],
          [
            2.4752015,
            48.9095094
          ],
          [
            2.4751948,
            48.9095161
          ],
          [
            2.4751915,
            48.9095239
          ],
          [
            2.4751917,
            48.9095319
          ],
          [
            2.4751934,
            48.9095353
          ],
          [
            2.4751956,
            48.9095396
          ],
          [
            2.4752993,
            48.9096742
          ]
        ]
      },
      "id": "way/1552318311"
    },
    {
      "type": "Feature",
      "properties": {
        "@id": "way/1552318312",
        "footway": "sidewalk",
        "highway": "footway"
      },
      "geometry": {
        "type": "LineString",
        "coordinates": [
          [
            2.4731898,
            48.9092506
          ],
          [
            2.4732421,
            48.9093059
          ],
          [
            2.4732498,
            48.909314
          ],
          [
            2.4732543,
            48.9093193
          ],
          [
            2.4732849,
            48.9093574
          ]
        ]
      },
      "id": "way/1552318312"
    },
    {
      "type": "Feature",
      "properties": {
        "@id": "way/1552318313",
        "footway": "sidewalk",
        "highway": "footway"
      },
      "geometry": {
        "type": "LineString",
        "coordinates": [
          [
            2.4732849,
            48.9093574
          ],
          [
            2.4733154,
            48.9093956
          ]
        ]
      },
      "id": "way/1552318313"
    },
    {
      "type": "Feature",
      "properties": {
        "@id": "way/1552318314",
        "footway": "sidewalk",
        "highway": "footway"
      },
      "geometry": {
        "type": "LineString",
        "coordinates": [
          [
            2.4742149,
            48.9085229
          ],
          [
            2.4743213,
            48.908632
          ],
          [
            2.4743223,
            48.9086337
          ],
          [
            2.4743201,
            48.9086349
          ],
          [
            2.4742993,
            48.9086428
          ],
          [
            2.4742785,
            48.9086507
          ],
          [
            2.4742758,
            48.9086514
          ],
          [
            2.4742741,
            48.9086499
          ],
          [
            2.4741778,
            48.9085402
          ]
        ]
      },
      "id": "way/1552318314"
    },
    {
      "type": "Feature",
      "properties": {
        "@id": "way/1552318315",
        "footway": "sidewalk",
        "highway": "footway"
      },
      "geometry": {
        "type": "LineString",
        "coordinates": [
          [
            2.4733154,
            48.9093956
          ],
          [
            2.4733742,
            48.909469
          ],
          [
            2.4734121,
            48.9095164
          ]
        ]
      },
      "id": "way/1552318315"
    },
    {
      "type": "Feature",
      "properties": {
        "@id": "way/1552318316",
        "footway": "sidewalk",
        "highway": "footway"
      },
      "geometry": {
        "type": "LineString",
        "coordinates": [
          [
            2.4743977,
            48.9106787
          ],
          [
            2.4744635,
            48.9107606
          ],
          [
            2.4744743,
            48.9107691
          ],
          [
            2.4745375,
            48.9108021
          ]
        ]
      },
      "id": "way/1552318316"
    },
    {
      "type": "Feature",
      "properties": {
        "@id": "way/1552318317",
        "footway": "sidewalk",
        "highway": "footway"
      },
      "geometry": {
        "type": "LineString",
        "coordinates": [
          [
            2.4734121,
            48.9095164
          ],
          [
            2.4734168,
            48.9095222
          ],
          [
            2.4734664,
            48.9095842
          ]
        ]
      },
      "id": "way/1552318317"
    },
    {
      "type": "Feature",
      "properties": {
        "@id": "way/1552318318",
        "footway": "sidewalk",
        "highway": "footway"
      },
      "geometry": {
        "type": "LineString",
        "coordinates": [
          [
            2.4734664,
            48.9095842
          ],
          [
            2.4735346,
            48.9096695
          ]
        ]
      },
      "id": "way/1552318318"
    },
    {
      "type": "Feature",
      "properties": {
        "@id": "way/1552318319",
        "footway": "sidewalk",
        "highway": "footway"
      },
      "geometry": {
        "type": "LineString",
        "coordinates": [
          [
            2.4741778,
            48.9085402
          ],
          [
            2.4741041,
            48.9084572
          ]
        ]
      },
      "id": "way/1552318319"
    },
    {
      "type": "Feature",
      "properties": {
        "@id": "way/1552318320",
        "footway": "sidewalk",
        "highway": "footway"
      },
      "geometry": {
        "type": "LineString",
        "coordinates": [
          [
            2.474154,
            48.9084475
          ],
          [
            2.4742149,
            48.9085229
          ]
        ]
      },
      "id": "way/1552318320"
    },
    {
      "type": "Feature",
      "properties": {
        "@id": "way/1552318321",
        "footway": "sidewalk",
        "highway": "footway"
      },
      "geometry": {
        "type": "LineString",
        "coordinates": [
          [
            2.4726956,
            48.9085245
          ],
          [
            2.4727182,
            48.9085585
          ],
          [
            2.4728199,
            48.9087141
          ]
        ]
      },
      "id": "way/1552318321"
    },
    {
      "type": "Feature",
      "properties": {
        "@id": "way/1552318322",
        "footway": "sidewalk",
        "highway": "footway"
      },
      "geometry": {
        "type": "LineString",
        "coordinates": [
          [
            2.472847,
            48.908128
          ],
          [
            2.4728411,
            48.9081279
          ],
          [
            2.4728154,
            48.9081283
          ],
          [
            2.4726729,
            48.9081502
          ]
        ]
      },
      "id": "way/1552318322"
    },
    {
      "type": "Feature",
      "properties": {
        "@id": "way/1552318323",
        "footway": "sidewalk",
        "highway": "footway"
      },
      "geometry": {
        "type": "LineString",
        "coordinates": [
          [
            2.4726729,
            48.9081502
          ],
          [
            2.4726455,
            48.9081586
          ],
          [
            2.4725572,
            48.9082395
          ],
          [
            2.4725554,
            48.9082512
          ],
          [
            2.4725505,
            48.9082647
          ],
          [
            2.4726193,
            48.9084097
          ]
        ]
      },
      "id": "way/1552318323"
    },
    {
      "type": "Feature",
      "properties": {
        "@id": "way/1552318325",
        "footway": "sidewalk",
        "highway": "footway"
      },
      "geometry": {
        "type": "LineString",
        "coordinates": [
          [
            2.4726193,
            48.9084097
          ],
          [
            2.4726956,
            48.9085245
          ]
        ]
      },
      "id": "way/1552318325"
    },
    {
      "type": "Feature",
      "properties": {
        "@id": "way/1552318326",
        "footway": "sidewalk",
        "highway": "footway"
      },
      "geometry": {
        "type": "LineString",
        "coordinates": [
          [
            2.4741041,
            48.9084572
          ],
          [
            2.4740725,
            48.9084216
          ],
          [
            2.4740718,
            48.9084207
          ],
          [
            2.4740707,
            48.9084192
          ],
          [
            2.47407,
            48.9084182
          ],
          [
            2.4739609,
            48.9082367
          ],
          [
            2.4739601,
            48.9082351
          ],
          [
            2.4739594,
            48.9082332
          ],
          [
            2.4739587,
            48.90823
          ],
          [
            2.4739587,
            48.908228
          ],
          [
            2.4739589,
            48.9082264
          ],
          [
            2.4739628,
            48.9082042
          ],
          [
            2.4739657,
            48.9081883
          ],
          [
            2.4739651,
            48.9081796
          ],
          [
            2.4739604,
            48.9081716
          ],
          [
            2.4739521,
            48.9081649
          ],
          [
            2.4739409,
            48.9081603
          ],
          [
            2.4739282,
            48.9081582
          ],
          [
            2.4736968,
            48.9081455
          ],
          [
            2.4736151,
            48.9081439
          ]
        ]
      },
      "id": "way/1552318326"
    },
    {
      "type": "Feature",
      "properties": {
        "@id": "way/1552318327",
        "footway": "sidewalk",
        "highway": "footway"
      },
      "geometry": {
        "type": "LineString",
        "coordinates": [
          [
            2.4741204,
            48.9081678
          ],
          [
            2.4740643,
            48.908165
          ],
          [
            2.4740519,
            48.9081657
          ],
          [
            2.4740403,
            48.9081687
          ],
          [
            2.4740307,
            48.9081739
          ],
          [
            2.4740239,
            48.9081808
          ],
          [
            2.4740206,
            48.9081887
          ],
          [
            2.474017,
            48.9082085
          ],
          [
            2.4740149,
            48.9082201
          ],
          [
            2.474015,
            48.9082268
          ],
          [
            2.4740175,
            48.9082332
          ],
          [
            2.4741003,
            48.9084027
          ],
          [
            2.4741182,
            48.9084252
          ],
          [
            2.474154,
            48.9084475
          ]
        ]
      },
      "id": "way/1552318327"
    },
    {
      "type": "Feature",
      "properties": {
        "@id": "way/1552318328",
        "footway": "sidewalk",
        "highway": "footway"
      },
      "geometry": {
        "type": "LineString",
        "coordinates": [
          [
            2.4728199,
            48.9087141
          ],
          [
            2.4728773,
            48.9088018
          ]
        ]
      },
      "id": "way/1552318328"
    },
    {
      "type": "Feature",
      "properties": {
        "@id": "way/1552318329",
        "footway": "sidewalk",
        "highway": "footway"
      },
      "geometry": {
        "type": "LineString",
        "coordinates": [
          [
            2.4728773,
            48.9088018
          ],
          [
            2.4730016,
            48.9089919
          ]
        ]
      },
      "id": "way/1552318329"
    },
    {
      "type": "Feature",
      "properties": {
        "@id": "way/1552318330",
        "footway": "sidewalk",
        "highway": "footway"
      },
      "geometry": {
        "type": "LineString",
        "coordinates": [
          [
            2.4731181,
            48.9091656
          ],
          [
            2.4731726,
            48.9092322
          ],
          [
            2.4731739,
            48.9092337
          ],
          [
            2.4731898,
            48.9092506
          ]
        ]
      },
      "id": "way/1552318330"
    },
    {
      "type": "Feature",
      "properties": {
        "@id": "way/1552318331",
        "footway": "sidewalk",
        "highway": "footway"
      },
      "geometry": {
        "type": "LineString",
        "coordinates": [
          [
            2.4730016,
            48.9089919
          ],
          [
            2.4730554,
            48.9090742
          ]
        ]
      },
      "id": "way/1552318331"
    },
    {
      "type": "Feature",
      "properties": {
        "@id": "way/1552318332",
        "footway": "sidewalk",
        "highway": "footway"
      },
      "geometry": {
        "type": "LineString",
        "coordinates": [
          [
            2.4730554,
            48.9090742
          ],
          [
            2.4731028,
            48.9091467
          ],
          [
            2.4731044,
            48.9091488
          ],
          [
            2.4731181,
            48.9091656
          ]
        ]
      },
      "id": "way/1552318332"
    },
    {
      "type": "Feature",
      "properties": {
        "@id": "way/1552318335",
        "footway": "sidewalk",
        "highway": "footway"
      },
      "geometry": {
        "type": "LineString",
        "coordinates": [
          [
            2.479197,
            48.9102684
          ],
          [
            2.4793116,
            48.9102735
          ]
        ]
      },
      "id": "way/1552318335"
    },
    {
      "type": "Feature",
      "properties": {
        "@id": "way/1552318336",
        "footway": "sidewalk",
        "highway": "footway"
      },
      "geometry": {
        "type": "LineString",
        "coordinates": [
          [
            2.480068,
            48.909904
          ],
          [
            2.4800653,
            48.9098932
          ],
          [
            2.4800641,
            48.9098866
          ],
          [
            2.4800539,
            48.90981
          ],
          [
            2.4800512,
            48.9098025
          ],
          [
            2.4800455,
            48.9097959
          ],
          [
            2.4800372,
            48.9097905
          ],
          [
            2.4800269,
            48.909787
          ],
          [
            2.4800155,
            48.9097854
          ],
          [
            2.4799854,
            48.9097842
          ],
          [
            2.4799035,
            48.9097803
          ],
          [
            2.4797254,
            48.9097716
          ],
          [
            2.4796718,
            48.909769
          ],
          [
            2.4794881,
            48.9097601
          ],
          [
            2.4791739,
            48.9097447
          ],
          [
            2.4790335,
            48.9097379
          ],
          [
            2.4790256,
            48.9097375
          ],
          [
            2.4788703,
            48.90973
          ],
          [
            2.4787414,
            48.9097237
          ],
          [
            2.4784064,
            48.9097074
          ]
        ]
      },
      "id": "way/1552318336"
    },
    {
      "type": "Feature",
      "properties": {
        "@id": "way/1552318337",
        "footway": "sidewalk",
        "highway": "footway"
      },
      "geometry": {
        "type": "LineString",
        "coordinates": [
          [
            2.4790831,
            48.9102634
          ],
          [
            2.479197,
            48.9102684
          ]
        ]
      },
      "id": "way/1552318337"
    },
    {
      "type": "Feature",
      "properties": {
        "@id": "way/1552318338",
        "footway": "sidewalk",
        "highway": "footway"
      },
      "geometry": {
        "type": "LineString",
        "coordinates": [
          [
            2.4793116,
            48.9102735
          ],
          [
            2.4794416,
            48.9102792
          ]
        ]
      },
      "id": "way/1552318338"
    },
    {
      "type": "Feature",
      "properties": {
        "@id": "way/1552318339",
        "footway": "sidewalk",
        "highway": "footway"
      },
      "geometry": {
        "type": "LineString",
        "coordinates": [
          [
            2.4794416,
            48.9102792
          ],
          [
            2.4796428,
            48.9102882
          ]
        ]
      },
      "id": "way/1552318339"
    },
    {
      "type": "Feature",
      "properties": {
        "@id": "way/1552318341",
        "footway": "sidewalk",
        "highway": "footway"
      },
      "geometry": {
        "type": "LineString",
        "coordinates": [
          [
            2.4796428,
            48.9102882
          ],
          [
            2.4798472,
            48.9102986
          ],
          [
            2.4798981,
            48.9103009
          ]
        ]
      },
      "id": "way/1552318341"
    },
    {
      "type": "Feature",
      "properties": {
        "@id": "way/1552318343",
        "footway": "sidewalk",
        "highway": "footway"
      },
      "geometry": {
        "type": "LineString",
        "coordinates": [
          [
            2.4798981,
            48.9103009
          ],
          [
            2.4799757,
            48.9103193
          ]
        ]
      },
      "id": "way/1552318343"
    },
    {
      "type": "Feature",
      "properties": {
        "@id": "way/1552318344",
        "footway": "sidewalk",
        "highway": "footway"
      },
      "geometry": {
        "type": "LineString",
        "coordinates": [
          [
            2.4799757,
            48.9103193
          ],
          [
            2.4800588,
            48.9103084
          ],
          [
            2.4800884,
            48.9102903
          ],
          [
            2.4800977,
            48.9102817
          ],
          [
            2.4801087,
            48.9102714
          ],
          [
            2.4801471,
            48.9101877
          ],
          [
            2.48014,
            48.9101636
          ]
        ]
      },
      "id": "way/1552318344"
    },
    {
      "type": "Feature",
      "properties": {
        "@id": "way/1552318345",
        "footway": "sidewalk",
        "highway": "footway"
      },
      "geometry": {
        "type": "LineString",
        "coordinates": [
          [
            2.4800858,
            48.909977
          ],
          [
            2.480068,
            48.909904
          ]
        ]
      },
      "id": "way/1552318345"
    },
    {
      "type": "Feature",
      "properties": {
        "@id": "way/1552318346",
        "footway": "sidewalk",
        "highway": "footway"
      },
      "geometry": {
        "type": "LineString",
        "coordinates": [
          [
            2.48014,
            48.9101636
          ],
          [
            2.4801339,
            48.9101431
          ],
          [
            2.48009,
            48.9099941
          ],
          [
            2.4800897,
            48.9099929
          ],
          [
            2.4800858,
            48.909977
          ]
        ]
      },
      "id": "way/1552318346"
    },
    {
      "type": "Feature",
      "properties": {
        "@id": "way/1552318348",
        "footway": "sidewalk",
        "highway": "footway"
      },
      "geometry": {
        "type": "LineString",
        "coordinates": [
          [
            2.478225,
            48.9096986
          ],
          [
            2.4780499,
            48.9096901
          ]
        ]
      },
      "id": "way/1552318348"
    },
    {
      "type": "Feature",
      "properties": {
        "@id": "way/1552318349",
        "footway": "sidewalk",
        "highway": "footway"
      },
      "geometry": {
        "type": "LineString",
        "coordinates": [
          [
            2.4781481,
            48.910221
          ],
          [
            2.4781884,
            48.9102228
          ],
          [
            2.4782649,
            48.9102262
          ]
        ]
      },
      "id": "way/1552318349"
    },
    {
      "type": "Feature",
      "properties": {
        "@id": "way/1552318350",
        "footway": "sidewalk",
        "highway": "footway"
      },
      "geometry": {
        "type": "LineString",
        "coordinates": [
          [
            2.4780154,
            48.9102151
          ],
          [
            2.4780325,
            48.9102159
          ],
          [
            2.4781481,
            48.910221
          ]
        ]
      },
      "id": "way/1552318350"
    },
    {
      "type": "Feature",
      "properties": {
        "@id": "way/1552318351",
        "footway": "sidewalk",
        "highway": "footway"
      },
      "geometry": {
        "type": "LineString",
        "coordinates": [
          [
            2.4780499,
            48.9096901
          ],
          [
            2.4777512,
            48.9096756
          ],
          [
            2.4776997,
            48.9096731
          ]
        ]
      },
      "id": "way/1552318351"
    },
    {
      "type": "Feature",
      "properties": {
        "@id": "way/1552318352",
        "footway": "sidewalk",
        "highway": "footway"
      },
      "geometry": {
        "type": "LineString",
        "coordinates": [
          [
            2.4777903,
            48.9102052
          ],
          [
            2.4778894,
            48.9102095
          ]
        ]
      },
      "id": "way/1552318352"
    },
    {
      "type": "Feature",
      "properties": {
        "@id": "way/1552318353",
        "footway": "crossing",
        "highway": "footway"
      },
      "geometry": {
        "type": "LineString",
        "coordinates": [
          [
            2.4739628,
            48.9082042
          ],
          [
            2.473971,
            48.9082049
          ],
          [
            2.4739899,
            48.9082063
          ],
          [
            2.4740089,
            48.9082078
          ],
          [
            2.474017,
            48.9082085
          ]
        ]
      },
      "id": "way/1552318353"
    },
    {
      "type": "Feature",
      "properties": {
        "@id": "way/1552318354",
        "footway": "crossing",
        "highway": "footway"
      },
      "geometry": {
        "type": "LineString",
        "coordinates": [
          [
            2.4748247,
            48.9089732
          ],
          [
            2.4748165,
            48.9089729
          ],
          [
            2.4747974,
            48.908972
          ],
          [
            2.4747784,
            48.9089711
          ],
          [
            2.4747702,
            48.9089708
          ]
        ]
      },
      "id": "way/1552318354"
    },
    {
      "type": "Feature",
      "properties": {
        "@id": "way/1552318355",
        "footway": "crossing",
        "highway": "footway"
      },
      "geometry": {
        "type": "LineString",
        "coordinates": [
          [
            2.4749599,
            48.9092337
          ],
          [
            2.4749526,
            48.9092362
          ],
          [
            2.4749356,
            48.9092419
          ],
          [
            2.4749185,
            48.9092476
          ],
          [
            2.4749112,
            48.90925
          ]
        ]
      },
      "id": "way/1552318355"
    },
    {
      "type": "Feature",
      "properties": {
        "@id": "way/1552318356",
        "footway": "crossing",
        "highway": "footway"
      },
      "geometry": {
        "type": "LineString",
        "coordinates": [
          [
            2.4750546,
            48.9093553
          ],
          [
            2.4750449,
            48.9093549
          ],
          [
            2.4750221,
            48.9093542
          ],
          [
            2.475,
            48.9093534
          ],
          [
            2.4749906,
            48.9093531
          ]
        ]
      },
      "id": "way/1552318356"
    },
    {
      "type": "Feature",
      "properties": {
        "@id": "way/1552318357",
        "footway": "crossing",
        "highway": "footway"
      },
      "geometry": {
        "type": "LineString",
        "coordinates": [
          [
            2.4750986,
            48.9094137
          ],
          [
            2.4750913,
            48.9094161
          ],
          [
            2.4750742,
            48.9094218
          ],
          [
            2.4750572,
            48.9094276
          ],
          [
            2.4750498,
            48.90943
          ]
        ]
      },
      "id": "way/1552318357"
    },
    {
      "type": "Feature",
      "properties": {
        "@id": "way/1552318358",
        "footway": "crossing",
        "highway": "footway"
      },
      "geometry": {
        "type": "LineString",
        "coordinates": [
          [
            2.4751934,
            48.9095353
          ],
          [
            2.4751836,
            48.909535
          ],
          [
            2.4751608,
            48.9095341
          ],
          [
            2.4751387,
            48.9095333
          ],
          [
            2.4751292,
            48.9095329
          ]
        ]
      },
      "id": "way/1552318358"
    },
    {
      "type": "Feature",
      "properties": {
        "@id": "way/1552318359",
        "footway": "crossing",
        "highway": "footway"
      },
      "geometry": {
        "type": "LineString",
        "coordinates": [
          [
            2.4750889,
            48.9093204
          ],
          [
            2.4750845,
            48.9093146
          ],
          [
            2.4750742,
            48.9093013
          ],
          [
            2.4750642,
            48.9092883
          ],
          [
            2.4750599,
            48.9092828
          ]
        ]
      },
      "id": "way/1552318359"
    },
    {
      "type": "Feature",
      "properties": {
        "@id": "way/1552318360",
        "footway": "crossing",
        "highway": "footway"
      },
      "geometry": {
        "type": "LineString",
        "coordinates": [
          [
            2.475753,
            48.9093064
          ],
          [
            2.4757526,
            48.9093118
          ],
          [
            2.4757516,
            48.9093244
          ],
          [
            2.4757506,
            48.909337
          ],
          [
            2.4757502,
            48.9093423
          ]
        ]
      },
      "id": "way/1552318360"
    },
    {
      "type": "Feature",
      "properties": {
        "@id": "way/1552318361",
        "footway": "crossing",
        "highway": "footway"
      },
      "geometry": {
        "type": "LineString",
        "coordinates": [
          [
            2.4752277,
            48.9095008
          ],
          [
            2.4752232,
            48.9094951
          ],
          [
            2.4752128,
            48.9094816
          ],
          [
            2.4752028,
            48.9094686
          ],
          [
            2.4751985,
            48.909463
          ]
        ]
      },
      "id": "way/1552318361"
    },
    {
      "type": "Feature",
      "properties": {
        "@id": "way/1552318362",
        "footway": "crossing",
        "highway": "footway"
      },
      "geometry": {
        "type": "LineString",
        "coordinates": [
          [
            2.4756247,
            48.9094791
          ],
          [
            2.4756243,
            48.9094845
          ],
          [
            2.4756232,
            48.9094971
          ],
          [
            2.4756216,
            48.9095151
          ],
          [
            2.475621,
            48.9095228
          ]
        ]
      },
      "id": "way/1552318362"
    },
    {
      "type": "Feature",
      "properties": {
        "@id": "way/1552318363",
        "footway": "crossing",
        "highway": "footway"
      },
      "geometry": {
        "type": "LineString",
        "coordinates": [
          [
            2.475093,
            48.9089855
          ],
          [
            2.4750848,
            48.9089851
          ],
          [
            2.4750658,
            48.9089842
          ],
          [
            2.4750467,
            48.9089833
          ],
          [
            2.4750386,
            48.9089829
          ]
        ]
      },
      "id": "way/1552318363"
    },
    {
      "type": "Feature",
      "properties": {
        "@id": "way/1552318364",
        "footway": "crossing",
        "highway": "footway"
      },
      "geometry": {
        "type": "LineString",
        "coordinates": [
          [
            2.4749377,
            48.9088432
          ],
          [
            2.4749255,
            48.9088427
          ],
          [
            2.4748969,
            48.9088413
          ],
          [
            2.4748683,
            48.90884
          ],
          [
            2.4748561,
            48.9088394
          ]
        ]
      },
      "id": "way/1552318364"
    },
    {
      "type": "Feature",
      "properties": {
        "@id": "way/1552318365",
        "footway": "crossing",
        "highway": "footway"
      },
      "geometry": {
        "type": "LineString",
        "coordinates": [
          [
            2.4762224,
            48.9083169
          ],
          [
            2.4762369,
            48.9083177
          ],
          [
            2.4762668,
            48.9083195
          ],
          [
            2.4762979,
            48.9083213
          ],
          [
            2.4763112,
            48.908322
          ]
        ]
      },
      "id": "way/1552318365"
    },
    {
      "type": "Feature",
      "properties": {
        "@id": "way/1552318366",
        "footway": "crossing",
        "highway": "footway"
      },
      "geometry": {
        "type": "LineString",
        "coordinates": [
          [
            2.476242,
            48.9088938
          ],
          [
            2.4762298,
            48.9088933
          ],
          [
            2.4762012,
            48.908892
          ],
          [
            2.4761726,
            48.9088908
          ],
          [
            2.4761603,
            48.9088902
          ]
        ]
      },
      "id": "way/1552318366"
    },
    {
      "type": "Feature",
      "properties": {
        "@id": "way/1552318367",
        "footway": "crossing",
        "highway": "footway"
      },
      "geometry": {
        "type": "LineString",
        "coordinates": [
          [
            2.4798546,
            48.9091955
          ],
          [
            2.4798634,
            48.9091958
          ],
          [
            2.4798838,
            48.9091967
          ],
          [
            2.4799042,
            48.9091975
          ],
          [
            2.4799129,
            48.9091978
          ]
        ]
      },
      "id": "way/1552318367"
    },
    {
      "type": "Feature",
      "properties": {
        "@id": "way/1552318368",
        "footway": "crossing",
        "highway": "footway"
      },
      "geometry": {
        "type": "LineString",
        "coordinates": [
          [
            2.4777271,
            48.9094113
          ],
          [
            2.4777321,
            48.9094055
          ],
          [
            2.4777438,
            48.9093922
          ],
          [
            2.4777551,
            48.9093794
          ],
          [
            2.4777599,
            48.9093739
          ]
        ]
      },
      "id": "way/1552318368"
    },
    {
      "type": "Feature",
      "properties": {
        "@id": "way/1552318369",
        "footway": "crossing",
        "highway": "footway"
      },
      "geometry": {
        "type": "LineString",
        "coordinates": [
          [
            2.4776074,
            48.9092963
          ],
          [
            2.4776171,
            48.9092967
          ],
          [
            2.4776398,
            48.9092976
          ],
          [
            2.4776624,
            48.9092984
          ],
          [
            2.4776721,
            48.9092988
          ]
        ]
      },
      "id": "way/1552318369"
    },
    {
      "type": "Feature",
      "properties": {
        "@id": "way/1552318370",
        "footway": "crossing",
        "highway": "footway"
      },
      "geometry": {
        "type": "LineString",
        "coordinates": [
          [
            2.4773094,
            48.9092937
          ],
          [
            2.4773014,
            48.9092916
          ],
          [
            2.4772828,
            48.9092867
          ],
          [
            2.4772641,
            48.9092817
          ],
          [
            2.4772561,
            48.9092796
          ]
        ]
      },
      "id": "way/1552318370"
    },
    {
      "type": "Feature",
      "properties": {
        "@id": "way/1552318371",
        "footway": "crossing",
        "highway": "footway"
      },
      "geometry": {
        "type": "LineString",
        "coordinates": [
          [
            2.4771667,
            48.9093873
          ],
          [
            2.4771538,
            48.9093866
          ],
          [
            2.4771245,
            48.9093855
          ],
          [
            2.4771007,
            48.9093846
          ],
          [
            2.4770905,
            48.9093842
          ]
        ]
      },
      "id": "way/1552318371"
    },
    {
      "type": "Feature",
      "properties": {
        "@id": "way/1552318372",
        "footway": "crossing",
        "highway": "footway"
      },
      "geometry": {
        "type": "LineString",
        "coordinates": [
          [
            2.4788276,
            48.9093801
          ],
          [
            2.4788269,
            48.9093877
          ],
          [
            2.4788253,
            48.9094052
          ],
          [
            2.4788237,
            48.9094228
          ],
          [
            2.478823,
            48.9094304
          ]
        ]
      },
      "id": "way/1552318372"
    },
    {
      "type": "Feature",
      "properties": {
        "@id": "way/1552318373",
        "footway": "crossing",
        "highway": "footway"
      },
      "geometry": {
        "type": "LineString",
        "coordinates": [
          [
            2.4786624,
            48.9094252
          ],
          [
            2.4786629,
            48.9094176
          ],
          [
            2.4786642,
            48.9094
          ],
          [
            2.4786655,
            48.9093824
          ],
          [
            2.4786661,
            48.9093749
          ]
        ]
      },
      "id": "way/1552318373"
    },
    {
      "type": "Feature",
      "properties": {
        "@id": "way/1552318374",
        "footway": "crossing",
        "highway": "footway"
      },
      "geometry": {
        "type": "LineString",
        "coordinates": [
          [
            2.4774209,
            48.9093288
          ],
          [
            2.477431,
            48.9093356
          ],
          [
            2.4774546,
            48.9093514
          ],
          [
            2.4774782,
            48.9093672
          ],
          [
            2.4774883,
            48.9093739
          ]
        ]
      },
      "id": "way/1552318374"
    },
    {
      "type": "Feature",
      "properties": {
        "@id": "way/1552318375",
        "footway": "crossing",
        "highway": "footway"
      },
      "geometry": {
        "type": "LineString",
        "coordinates": [
          [
            2.4773415,
            48.9093683
          ],
          [
            2.477342,
            48.909362
          ],
          [
            2.4773433,
            48.9093471
          ],
          [
            2.4773446,
            48.9093321
          ],
          [
            2.4773452,
            48.9093257
          ]
        ]
      },
      "id": "way/1552318375"
    },
    {
      "type": "Feature",
      "properties": {
        "@id": "way/1552318376",
        "footway": "crossing",
        "highway": "footway"
      },
      "geometry": {
        "type": "LineString",
        "coordinates": [
          [
            2.4788237,
            48.9090101
          ],
          [
            2.478812,
            48.9090096
          ],
          [
            2.4787845,
            48.9090085
          ],
          [
            2.478757,
            48.9090074
          ],
          [
            2.4787453,
            48.9090069
          ]
        ]
      },
      "id": "way/1552318376"
    },
    {
      "type": "Feature",
      "properties": {
        "@id": "way/1552318377",
        "footway": "crossing",
        "highway": "footway"
      },
      "geometry": {
        "type": "LineString",
        "coordinates": [
          [
            2.4788068,
            48.9084505
          ],
          [
            2.4788185,
            48.908451
          ],
          [
            2.478846,
            48.9084521
          ],
          [
            2.4788735,
            48.9084533
          ],
          [
            2.4788852,
            48.9084538
          ]
        ]
      },
      "id": "way/1552318377"
    },
    {
      "type": "Feature",
      "properties": {
        "@id": "way/1552318378",
        "footway": "crossing",
        "highway": "footway"
      },
      "geometry": {
        "type": "LineString",
        "coordinates": [
          [
            2.4775471,
            48.9089567
          ],
          [
            2.4775349,
            48.9089562
          ],
          [
            2.4775063,
            48.908955
          ],
          [
            2.4774777,
            48.9089539
          ],
          [
            2.4774654,
            48.9089534
          ]
        ]
      },
      "id": "way/1552318378"
    },
    {
      "type": "Feature",
      "properties": {
        "@id": "way/1552318379",
        "footway": "crossing",
        "highway": "footway"
      },
      "geometry": {
        "type": "LineString",
        "coordinates": [
          [
            2.4790067,
            48.9094584
          ],
          [
            2.4790109,
            48.909453
          ],
          [
            2.4790207,
            48.9094403
          ],
          [
            2.4790304,
            48.9094276
          ],
          [
            2.4790346,
            48.9094222
          ]
        ]
      },
      "id": "way/1552318379"
    },
    {
      "type": "Feature",
      "properties": {
        "@id": "way/1552318380",
        "footway": "crossing",
        "highway": "footway"
      },
      "geometry": {
        "type": "LineString",
        "coordinates": [
          [
            2.4788998,
            48.9093374
          ],
          [
            2.4789095,
            48.9093378
          ],
          [
            2.4789322,
            48.9093385
          ],
          [
            2.4789549,
            48.9093392
          ],
          [
            2.4789646,
            48.9093395
          ]
        ]
      },
      "id": "way/1552318380"
    },
    {
      "type": "Feature",
      "properties": {
        "@id": "way/1552318381",
        "footway": "crossing",
        "highway": "footway"
      },
      "geometry": {
        "type": "LineString",
        "coordinates": [
          [
            2.4785981,
            48.909328
          ],
          [
            2.47859,
            48.9093276
          ],
          [
            2.4785709,
            48.9093268
          ],
          [
            2.4785519,
            48.909326
          ],
          [
            2.4785437,
            48.9093256
          ]
        ]
      },
      "id": "way/1552318381"
    },
    {
      "type": "Feature",
      "properties": {
        "@id": "way/1552318382",
        "footway": "crossing",
        "highway": "footway"
      },
      "geometry": {
        "type": "LineString",
        "coordinates": [
          [
            2.4784679,
            48.9094
          ],
          [
            2.4784672,
            48.909407
          ],
          [
            2.4784656,
            48.9094235
          ],
          [
            2.478464,
            48.90944
          ],
          [
            2.4784633,
            48.9094471
          ]
        ]
      },
      "id": "way/1552318382"
    },
    {
      "type": "Feature",
      "properties": {
        "@id": "way/1552318383",
        "footway": "crossing",
        "highway": "footway"
      },
      "geometry": {
        "type": "LineString",
        "coordinates": [
          [
            2.476143,
            48.9095983
          ],
          [
            2.4761438,
            48.9095902
          ],
          [
            2.4761458,
            48.9095713
          ],
          [
            2.4761478,
            48.9095525
          ],
          [
            2.4761486,
            48.9095444
          ]
        ]
      },
      "id": "way/1552318383"
    },
    {
      "type": "Feature",
      "properties": {
        "@id": "way/1552318384",
        "footway": "crossing",
        "highway": "footway"
      },
      "geometry": {
        "type": "LineString",
        "coordinates": [
          [
            2.4762185,
            48.9095466
          ],
          [
            2.476218,
            48.9095547
          ],
          [
            2.4762166,
            48.9095736
          ],
          [
            2.4762152,
            48.9095924
          ],
          [
            2.4762146,
            48.9096005
          ]
        ]
      },
      "id": "way/1552318384"
    },
    {
      "type": "Feature",
      "properties": {
        "@id": "way/1552318385",
        "footway": "crossing",
        "highway": "footway"
      },
      "geometry": {
        "type": "LineString",
        "coordinates": [
          [
            2.4764371,
            48.9095557
          ],
          [
            2.4764363,
            48.9095638
          ],
          [
            2.4764344,
            48.9095826
          ],
          [
            2.4764325,
            48.9096014
          ],
          [
            2.4764317,
            48.9096095
          ]
        ]
      },
      "id": "way/1552318385"
    },
    {
      "type": "Feature",
      "properties": {
        "@id": "way/1552318386",
        "footway": "crossing",
        "highway": "footway"
      },
      "geometry": {
        "type": "LineString",
        "coordinates": [
          [
            2.4758514,
            48.9090218
          ],
          [
            2.4758637,
            48.9090224
          ],
          [
            2.4758922,
            48.9090238
          ],
          [
            2.4759208,
            48.9090251
          ],
          [
            2.4759331,
            48.9090257
          ]
        ]
      },
      "id": "way/1552318386"
    },
    {
      "type": "Feature",
      "properties": {
        "@id": "way/1552318387",
        "footway": "crossing",
        "highway": "footway"
      },
      "geometry": {
        "type": "LineString",
        "coordinates": [
          [
            2.475908,
            48.9092671
          ],
          [
            2.4758957,
            48.9092666
          ],
          [
            2.4758671,
            48.9092653
          ],
          [
            2.4758385,
            48.909264
          ],
          [
            2.4758263,
            48.9092635
          ]
        ]
      },
      "id": "way/1552318387"
    },
    {
      "type": "Feature",
      "properties": {
        "@id": "way/1552318388",
        "footway": "crossing",
        "highway": "footway"
      },
      "geometry": {
        "type": "LineString",
        "coordinates": [
          [
            2.4763736,
            48.9095073
          ],
          [
            2.4763614,
            48.9095067
          ],
          [
            2.4763328,
            48.9095052
          ],
          [
            2.4763043,
            48.9095037
          ],
          [
            2.476292,
            48.9095031
          ]
        ]
      },
      "id": "way/1552318388"
    },
    {
      "type": "Feature",
      "properties": {
        "@id": "way/1552318389",
        "footway": "crossing",
        "highway": "footway"
      },
      "geometry": {
        "type": "LineString",
        "coordinates": [
          [
            2.4763384,
            48.909043
          ],
          [
            2.4763507,
            48.9090435
          ],
          [
            2.4763793,
            48.9090448
          ],
          [
            2.4764078,
            48.909046
          ],
          [
            2.4764201,
            48.9090466
          ]
        ]
      },
      "id": "way/1552318389"
    },
    {
      "type": "Feature",
      "properties": {
        "@id": "way/1552318390",
        "footway": "crossing",
        "highway": "footway"
      },
      "geometry": {
        "type": "LineString",
        "coordinates": [
          [
            2.4759884,
            48.9096378
          ],
          [
            2.4760007,
            48.9096384
          ],
          [
            2.4760292,
            48.9096397
          ],
          [
            2.4760578,
            48.909641
          ],
          [
            2.4760701,
            48.9096415
          ]
        ]
      },
      "id": "way/1552318390"
    },
    {
      "type": "Feature",
      "properties": {
        "@id": "way/1552318391",
        "footway": "crossing",
        "highway": "footway"
      },
      "geometry": {
        "type": "LineString",
        "coordinates": [
          [
            2.4763704,
            48.910288
          ],
          [
            2.4762878,
            48.9102593
          ],
          [
            2.4762538,
            48.9102546
          ],
          [
            2.4762199,
            48.9102509
          ],
          [
            2.4762056,
            48.9102491
          ]
        ]
      },
      "id": "way/1552318391"
    },
    {
      "type": "Feature",
      "properties": {
        "@id": "way/1552318392",
        "footway": "crossing",
        "highway": "footway"
      },
      "geometry": {
        "type": "LineString",
        "coordinates": [
          [
            2.4770695,
            48.9101733
          ],
          [
            2.4770686,
            48.9101813
          ],
          [
            2.4770667,
            48.9102002
          ],
          [
            2.4770648,
            48.910219
          ],
          [
            2.477064,
            48.9102271
          ]
        ]
      },
      "id": "way/1552318392"
    },
    {
      "type": "Feature",
      "properties": {
        "@id": "way/1552318393",
        "footway": "crossing",
        "highway": "footway"
      },
      "geometry": {
        "type": "LineString",
        "coordinates": [
          [
            2.4751651,
            48.9089439
          ],
          [
            2.4751658,
            48.9089358
          ],
          [
            2.4751675,
            48.908917
          ],
          [
            2.4751693,
            48.9088981
          ],
          [
            2.47517,
            48.90889
          ]
        ]
      },
      "id": "way/1552318393"
    },
    {
      "type": "Feature",
      "properties": {
        "@id": "way/1552318394",
        "footway": "crossing",
        "highway": "footway"
      },
      "geometry": {
        "type": "LineString",
        "coordinates": [
          [
            2.4757938,
            48.9089199
          ],
          [
            2.4757929,
            48.908928
          ],
          [
            2.4757909,
            48.9089468
          ],
          [
            2.4757888,
            48.9089656
          ],
          [
            2.4757879,
            48.9089737
          ]
        ]
      },
      "id": "way/1552318394"
    },
    {
      "type": "Feature",
      "properties": {
        "@id": "way/1552318395",
        "footway": "crossing",
        "highway": "footway"
      },
      "geometry": {
        "type": "LineString",
        "coordinates": [
          [
            2.4760058,
            48.9089833
          ],
          [
            2.4760067,
            48.9089752
          ],
          [
            2.4760086,
            48.9089564
          ],
          [
            2.4760106,
            48.9089375
          ],
          [
            2.4760114,
            48.9089295
          ]
        ]
      },
      "id": "way/1552318395"
    },
    {
      "type": "Feature",
      "properties": {
        "@id": "way/1552318396",
        "footway": "crossing",
        "highway": "footway"
      },
      "geometry": {
        "type": "LineString",
        "coordinates": [
          [
            2.4760875,
            48.9089325
          ],
          [
            2.4760867,
            48.9089406
          ],
          [
            2.476085,
            48.9089594
          ],
          [
            2.4760832,
            48.9089783
          ],
          [
            2.4760825,
            48.9089864
          ]
        ]
      },
      "id": "way/1552318396"
    },
    {
      "type": "Feature",
      "properties": {
        "@id": "way/1552318397",
        "footway": "crossing",
        "highway": "footway"
      },
      "geometry": {
        "type": "LineString",
        "coordinates": [
          [
            2.4764926,
            48.9090052
          ],
          [
            2.4764934,
            48.9089971
          ],
          [
            2.4764953,
            48.9089783
          ],
          [
            2.4764972,
            48.9089594
          ],
          [
            2.4764981,
            48.9089513
          ]
        ]
      },
      "id": "way/1552318397"
    },
    {
      "type": "Feature",
      "properties": {
        "@id": "way/1552318398",
        "footway": "crossing",
        "highway": "footway"
      },
      "geometry": {
        "type": "LineString",
        "coordinates": [
          [
            2.4772907,
            48.9089897
          ],
          [
            2.4772898,
            48.9089978
          ],
          [
            2.4772877,
            48.9090166
          ],
          [
            2.477285,
            48.9090414
          ],
          [
            2.4772838,
            48.909052
          ]
        ]
      },
      "id": "way/1552318398"
    },
    {
      "type": "Feature",
      "properties": {
        "@id": "way/1552318399",
        "footway": "crossing",
        "highway": "footway"
      },
      "geometry": {
        "type": "LineString",
        "coordinates": [
          [
            2.4776989,
            48.909008
          ],
          [
            2.477698,
            48.9090161
          ],
          [
            2.477696,
            48.9090349
          ],
          [
            2.4776932,
            48.909061
          ],
          [
            2.4776918,
            48.9090721
          ]
        ]
      },
      "id": "way/1552318399"
    },
    {
      "type": "Feature",
      "properties": {
        "@id": "way/1552318400",
        "footway": "crossing",
        "highway": "footway"
      },
      "geometry": {
        "type": "LineString",
        "coordinates": [
          [
            2.4785682,
            48.9090436
          ],
          [
            2.4785674,
            48.9090517
          ],
          [
            2.4785657,
            48.9090705
          ],
          [
            2.478563,
            48.9090983
          ],
          [
            2.4785619,
            48.9091102
          ]
        ]
      },
      "id": "way/1552318400"
    },
    {
      "type": "Feature",
      "properties": {
        "@id": "way/1552318401",
        "footway": "crossing",
        "highway": "footway"
      },
      "geometry": {
        "type": "LineString",
        "coordinates": [
          [
            2.4789975,
            48.9090612
          ],
          [
            2.4789966,
            48.9090693
          ],
          [
            2.4789945,
            48.9090881
          ],
          [
            2.4789916,
            48.9091147
          ],
          [
            2.4789903,
            48.9091261
          ]
        ]
      },
      "id": "way/1552318401"
    },
    {
      "type": "Feature",
      "properties": {
        "@id": "way/1552318402",
        "footway": "crossing",
        "highway": "footway"
      },
      "geometry": {
        "type": "LineString",
        "coordinates": [
          [
            2.4797969,
            48.909094
          ],
          [
            2.4797962,
            48.9091021
          ],
          [
            2.4797944,
            48.9091209
          ],
          [
            2.4797926,
            48.9091398
          ],
          [
            2.4797918,
            48.9091478
          ]
        ]
      },
      "id": "way/1552318402"
    },
    {
      "type": "Feature",
      "properties": {
        "@id": "way/1552483207",
        "footway": "sidewalk",
        "highway": "footway",
        "surface": "asphalt"
      },
      "geometry": {
        "type": "LineString",
        "coordinates": [
          [
            2.4774961,
            48.9082542
          ],
          [
            2.4775004,
            48.9082755
          ]
        ]
      },
      "id": "way/1552483207"
    },
    {
      "type": "Feature",
      "properties": {
        "@id": "way/1552483208",
        "footway": "sidewalk",
        "highway": "footway"
      },
      "geometry": {
        "type": "LineString",
        "coordinates": [
          [
            2.4775167,
            48.9082476
          ],
          [
            2.4775385,
            48.908252
          ]
        ]
      },
      "id": "way/1552483208"
    },
    {
      "type": "Feature",
      "properties": {
        "@id": "way/1552483209",
        "footway": "sidewalk",
        "highway": "footway",
        "layer": "-1"
      },
      "geometry": {
        "type": "LineString",
        "coordinates": [
          [
            2.4735165,
            48.9080891
          ],
          [
            2.4728363,
            48.9080735
          ]
        ]
      },
      "id": "way/1552483209"
    },
    {
      "type": "Feature",
      "properties": {
        "@id": "way/1552483210",
        "footway": "sidewalk",
        "highway": "footway"
      },
      "geometry": {
        "type": "LineString",
        "coordinates": [
          [
            2.4728849,
            48.9081274
          ],
          [
            2.472847,
            48.908128
          ]
        ]
      },
      "id": "way/1552483210"
    },
    {
      "type": "Feature",
      "properties": {
        "@id": "way/1552483211",
        "footway": "sidewalk",
        "highway": "footway",
        "layer": "-1"
      },
      "geometry": {
        "type": "LineString",
        "coordinates": [
          [
            2.4736151,
            48.9081439
          ],
          [
            2.4728849,
            48.9081274
          ]
        ]
      },
      "id": "way/1552483211"
    },
    {
      "type": "Feature",
      "properties": {
        "@id": "way/1552483212",
        "footway": "sidewalk",
        "highway": "footway"
      },
      "geometry": {
        "type": "LineString",
        "coordinates": [
          [
            2.4775037,
            48.908358
          ],
          [
            2.4775016,
            48.9083409
          ]
        ]
      },
      "id": "way/1552483212"
    },
    {
      "type": "Feature",
      "properties": {
        "@id": "way/1552483213",
        "footway": "sidewalk",
        "highway": "footway"
      },
      "geometry": {
        "type": "LineString",
        "coordinates": [
          [
            2.4800638,
            48.9085087
          ],
          [
            2.4800778,
            48.9085013
          ]
        ]
      },
      "id": "way/1552483213"
    },
    {
      "type": "Feature",
      "properties": {
        "@id": "way/1552483214",
        "footway": "sidewalk",
        "highway": "footway"
      },
      "geometry": {
        "type": "LineString",
        "coordinates": [
          [
            2.4749817,
            48.9082277
          ],
          [
            2.4749762,
            48.9082253
          ]
        ]
      },
      "id": "way/1552483214"
    },
    {
      "type": "Feature",
      "properties": {
        "@id": "way/1552483215",
        "footway": "sidewalk",
        "highway": "footway"
      },
      "geometry": {
        "type": "LineString",
        "coordinates": [
          [
            2.474943,
            48.9082213
          ],
          [
            2.4749539,
            48.9082243
          ]
        ]
      },
      "id": "way/1552483215"
    },
    {
      "type": "Feature",
      "properties": {
        "@id": "way/1552736963",
        "footway": "sidewalk",
        "highway": "footway"
      },
      "geometry": {
        "type": "LineString",
        "coordinates": [
          [
            2.4760511,
            48.9101044
          ],
          [
            2.4760757,
            48.9101373
          ]
        ]
      },
      "id": "way/1552736963"
    },
    {
      "type": "Feature",
      "properties": {
        "@id": "way/1552951309",
        "footway": "sidewalk",
        "highway": "footway"
      },
      "geometry": {
        "type": "LineString",
        "coordinates": [
          [
            2.4801227,
            48.9102936
          ],
          [
            2.4800977,
            48.9102817
          ]
        ]
      },
      "id": "way/1552951309"
    },
    {
      "type": "Feature",
      "properties": {
        "@id": "way/1552951310",
        "footway": "crossing",
        "highway": "footway",
        "surface": "asphalt"
      },
      "geometry": {
        "type": "LineString",
        "coordinates": [
          [
            2.4801492,
            48.9103613
          ],
          [
            2.4801416,
            48.9103321
          ],
          [
            2.4801227,
            48.9102936
          ]
        ]
      },
      "id": "way/1552951310"
    },
    {
      "type": "Feature",
      "properties": {
        "@id": "way/1552951311",
        "footway": "sidewalk",
        "highway": "footway"
      },
      "geometry": {
        "type": "LineString",
        "coordinates": [
          [
            2.4797492,
            48.9103626
          ],
          [
            2.4801361,
            48.910375
          ],
          [
            2.4801492,
            48.9103613
          ]
        ]
      },
      "id": "way/1552951311"
    },
    {
      "type": "Feature",
      "properties": {
        "@id": "way/1552951312",
        "footway": "sidewalk",
        "highway": "footway"
      },
      "geometry": {
        "type": "LineString",
        "coordinates": [
          [
            2.4790876,
            48.9103606
          ],
          [
            2.4791151,
            48.9103324
          ],
          [
            2.4791249,
            48.9103269
          ]
        ]
      },
      "id": "way/1552951312"
    },
    {
      "type": "Feature",
      "properties": {
        "@id": "way/1552951313",
        "footway": "sidewalk",
        "highway": "footway"
      },
      "geometry": {
        "type": "LineString",
        "coordinates": [
          [
            2.479092,
            48.9103313
          ],
          [
            2.4791151,
            48.9103324
          ],
          [
            2.4796365,
            48.9103569
          ]
        ]
      },
      "id": "way/1552951313"
    },
    {
      "type": "Feature",
      "properties": {
        "@id": "way/1552951314",
        "footway": "sidewalk",
        "highway": "footway"
      },
      "geometry": {
        "type": "LineString",
        "coordinates": [
          [
            2.4791592,
            48.9112718
          ],
          [
            2.4789843,
            48.9103441
          ]
        ]
      },
      "id": "way/1552951314"
    },
    {
      "type": "Feature",
      "properties": {
        "@id": "way/1552951315",
        "footway": "sidewalk",
        "highway": "footway"
      },
      "geometry": {
        "type": "LineString",
        "coordinates": [
          [
            2.4792409,
            48.911276
          ],
          [
            2.4790876,
            48.9103606
          ]
        ]
      },
      "id": "way/1552951315"
    },
    {
      "type": "Feature",
      "properties": {
        "@id": "way/1553804890",
        "crossing": "unmarked",
        "crossing:markings": "no",
        "footway": "crossing",
        "highway": "footway"
      },
      "geometry": {
        "type": "LineString",
        "coordinates": [
          [
            2.474775,
            48.9108082
          ],
          [
            2.4749403,
            48.9109961
          ]
        ]
      },
      "id": "way/1553804890"
    },
    {
      "type": "Feature",
      "properties": {
        "@id": "way/1553806443",
        "footway": "sidewalk",
        "highway": "footway"
      },
      "geometry": {
        "type": "LineString",
        "coordinates": [
          [
            2.4772657,
            48.9109806
          ],
          [
            2.4773179,
            48.9109986
          ],
          [
            2.4773692,
            48.9111951
          ],
          [
            2.4774108,
            48.9113609
          ],
          [
            2.477506,
            48.9116844
          ],
          [
            2.4775288,
            48.9117848
          ],
          [
            2.4775154,
            48.9118166
          ],
          [
            2.4774832,
            48.9118342
          ],
          [
            2.477384,
            48.9118536
          ],
          [
            2.4772968,
            48.9118571
          ],
          [
            2.4772432,
            48.9117848
          ],
          [
            2.4771788,
            48.9116861
          ],
          [
            2.4771426,
            48.9116244
          ]
        ]
      },
      "id": "way/1553806443"
    },
    {
      "type": "Feature",
      "properties": {
        "@id": "way/1554173931",
        "footway": "crossing",
        "highway": "footway",
        "surface": "asphalt"
      },
      "geometry": {
        "type": "LineString",
        "coordinates": [
          [
            2.485701,
            48.8966889
          ],
          [
            2.48571,
            48.8967367
          ],
          [
            2.4857352,
            48.8967824
          ]
        ]
      },
      "id": "way/1554173931"
    },
    {
      "type": "Feature",
      "properties": {
        "@id": "way/1554173932",
        "highway": "footway"
      },
      "geometry": {
        "type": "LineString",
        "coordinates": [
          [
            2.4851015,
            48.8968274
          ],
          [
            2.485701,
            48.8966889
          ],
          [
            2.4854676,
            48.8962693
          ]
        ]
      },
      "id": "way/1554173932"
    },
    {
      "type": "Feature",
      "properties": {
        "@id": "way/1554173933",
        "highway": "footway"
      },
      "geometry": {
        "type": "LineString",
        "coordinates": [
          [
            2.4853671,
            48.8968446
          ],
          [
            2.4855642,
            48.8967992
          ],
          [
            2.4856681,
            48.8967776
          ],
          [
            2.4857352,
            48.8967824
          ],
          [
            2.4857721,
            48.8968111
          ],
          [
            2.4858277,
            48.8969195
          ],
          [
            2.4859223,
            48.8971061
          ],
          [
            2.4859612,
            48.8971827
          ],
          [
            2.4859679,
            48.89721
          ],
          [
            2.4859149,
            48.8972268
          ],
          [
            2.4856326,
            48.8972836
          ],
          [
            2.4854703,
            48.8973277
          ],
          [
            2.4853718,
            48.8973683
          ],
          [
            2.485359,
            48.8974251
          ],
          [
            2.4853791,
            48.8974974
          ],
          [
            2.4854281,
            48.897575
          ],
          [
            2.4854824,
            48.8976755
          ],
          [
            2.4855246,
            48.8977624
          ],
          [
            2.4855409,
            48.8977941
          ],
          [
            2.4855816,
            48.8978735
          ],
          [
            2.4856279,
            48.8979647
          ],
          [
            2.4856916,
            48.8980886
          ],
          [
            2.485764,
            48.8982274
          ],
          [
            2.4858163,
            48.8983354
          ],
          [
            2.4858807,
            48.8984545
          ],
          [
            2.4859102,
            48.898525
          ],
          [
            2.4859504,
            48.8985964
          ],
          [
            2.4859806,
            48.8986493
          ],
          [
            2.4859632,
            48.8986771
          ],
          [
            2.4858814,
            48.898696
          ],
          [
            2.4857131,
            48.8987212
          ],
          [
            2.485526,
            48.8987498
          ],
          [
            2.4853543,
            48.8987749
          ],
          [
            2.4852725,
            48.8987948
          ],
          [
            2.4852316,
            48.8987229
          ],
          [
            2.4852162,
            48.8986202
          ],
          [
            2.4852116,
            48.8985974
          ]
        ]
      },
      "id": "way/1554173933"
    },
    {
      "type": "Feature",
      "properties": {
        "@id": "way/1554195479",
        "footway": "sidewalk",
        "highway": "footway"
      },
      "geometry": {
        "type": "LineString",
        "coordinates": [
          [
            2.485983,
            48.8972929
          ],
          [
            2.4858576,
            48.8973143
          ],
          [
            2.485587,
            48.8973678
          ],
          [
            2.4855025,
            48.8974022
          ],
          [
            2.4854797,
            48.8974507
          ],
          [
            2.4855293,
            48.89756
          ],
          [
            2.4856406,
            48.8977787
          ],
          [
            2.4857654,
            48.8980017
          ],
          [
            2.4858539,
            48.8982019
          ],
          [
            2.4859343,
            48.8983606
          ],
          [
            2.486039,
            48.8985351
          ],
          [
            2.4860792,
            48.8986436
          ],
          [
            2.4861342,
            48.898663
          ],
          [
            2.4863367,
            48.8986365
          ],
          [
            2.4866398,
            48.8985916
          ],
          [
            2.4866331,
            48.8985245
          ],
          [
            2.4865432,
            48.898335
          ],
          [
            2.4864614,
            48.898149
          ],
          [
            2.4863112,
            48.8978377
          ],
          [
            2.4861449,
            48.8974974
          ],
          [
            2.4860229,
            48.8972973
          ],
          [
            2.485983,
            48.8972929
          ]
        ]
      },
      "id": "way/1554195479"
    },
    {
      "type": "Feature",
      "properties": {
        "@id": "way/1554195480",
        "footway": "crossing",
        "highway": "footway",
        "surface": "asphalt"
      },
      "geometry": {
        "type": "LineString",
        "coordinates": [
          [
            2.4870756,
            48.898514
          ],
          [
            2.4871142,
            48.8985047
          ],
          [
            2.4871749,
            48.8984902
          ]
        ]
      },
      "id": "way/1554195480"
    },
    {
      "type": "Feature",
      "properties": {
        "@id": "way/1554195481",
        "footway": "sidewalk",
        "highway": "footway"
      },
      "geometry": {
        "type": "LineString",
        "coordinates": [
          [
            2.4871333,
            48.8984655
          ],
          [
            2.4871749,
            48.8984902
          ],
          [
            2.4872513,
            48.8984919
          ],
          [
            2.4873707,
            48.8984646
          ],
          [
            2.4874109,
            48.898439
          ],
          [
            2.4873827,
            48.898335
          ],
          [
            2.4872741,
            48.8981322
          ],
          [
            2.4871829,
            48.8979462
          ],
          [
            2.4870917,
            48.8977672
          ],
          [
            2.4870247,
            48.8976385
          ],
          [
            2.4869563,
            48.8975168
          ],
          [
            2.4868932,
            48.8973872
          ],
          [
            2.4868155,
            48.8972373
          ],
          [
            2.4867336,
            48.8970875
          ],
          [
            2.4866089,
            48.8970302
          ],
          [
            2.4864453,
            48.8969737
          ],
          [
            2.4861918,
            48.8968909
          ],
          [
            2.4860001,
            48.8968327
          ],
          [
            2.4859531,
            48.8968141
          ],
          [
            2.4859223,
            48.8968335
          ],
          [
            2.4858995,
            48.8968618
          ],
          [
            2.4860591,
            48.8971677
          ],
          [
            2.4861731,
            48.8974004
          ],
          [
            2.4862991,
            48.8976332
          ],
          [
            2.4863903,
            48.897821
          ],
          [
            2.4865043,
            48.8980423
          ],
          [
            2.4866264,
            48.8982927
          ],
          [
            2.4867229,
            48.8984822
          ],
          [
            2.4867685,
            48.8985598
          ],
          [
            2.4868262,
            48.8985633
          ],
          [
            2.486963,
            48.8985404
          ],
          [
            2.4870756,
            48.898514
          ]
        ]
      },
      "id": "way/1554195481"
    },
    {
      "type": "Feature",
      "properties": {
        "@id": "way/1554195482",
        "footway": "sidewalk",
        "highway": "footway"
      },
      "geometry": {
        "type": "LineString",
        "coordinates": [
          [
            2.4851404,
            48.8987961
          ],
          [
            2.4850682,
            48.8988081
          ],
          [
            2.4844605,
            48.8989089
          ],
          [
            2.4842191,
            48.8989513
          ],
          [
            2.4840246,
            48.8989742
          ]
        ]
      },
      "id": "way/1554195482"
    },
    {
      "type": "Feature",
      "properties": {
        "@id": "way/1554195483",
        "footway": "crossing",
        "highway": "footway"
      },
      "geometry": {
        "type": "LineString",
        "coordinates": [
          [
            2.4840246,
            48.8989742
          ],
          [
            2.4839195,
            48.8989897
          ],
          [
            2.4838476,
            48.8989989
          ]
        ]
      },
      "id": "way/1554195483"
    },
    {
      "type": "Feature",
      "properties": {
        "@id": "way/1554195484",
        "footway": "sidewalk",
        "highway": "footway"
      },
      "geometry": {
        "type": "LineString",
        "coordinates": [
          [
            2.4838476,
            48.8989989
          ],
          [
            2.4838382,
            48.8989442
          ],
          [
            2.4838114,
            48.8988781
          ],
          [
            2.4837309,
            48.8987203
          ],
          [
            2.4836518,
            48.8985651
          ],
          [
            2.4835552,
            48.8983861
          ],
          [
            2.4834939,
            48.8982702
          ],
          [
            2.4834251,
            48.8981402
          ]
        ]
      },
      "id": "way/1554195484"
    },
    {
      "type": "Feature",
      "properties": {
        "@id": "way/1554195485",
        "footway": "sidewalk",
        "highway": "footway"
      },
      "geometry": {
        "type": "LineString",
        "coordinates": [
          [
            2.4834251,
            48.8981402
          ],
          [
            2.4832924,
            48.8978906
          ],
          [
            2.4831972,
            48.8976755
          ],
          [
            2.4829987,
            48.8973229
          ],
          [
            2.482837,
            48.897031
          ],
          [
            2.4826848,
            48.8967374
          ],
          [
            2.4825896,
            48.8965444
          ],
          [
            2.4825346,
            48.8964456
          ],
          [
            2.4824354,
            48.896234
          ],
          [
            2.4823549,
            48.8960841
          ],
          [
            2.4822959,
            48.895981
          ],
          [
            2.4822456,
            48.895958
          ]
        ]
      },
      "id": "way/1554195485"
    },
    {
      "type": "Feature",
      "properties": {
        "@id": "way/1554195486",
        "footway": "crossing",
        "highway": "footway"
      },
      "geometry": {
        "type": "LineString",
        "coordinates": [
          [
            2.4822456,
            48.895958
          ],
          [
            2.4823384,
            48.895955
          ],
          [
            2.4824321,
            48.8959285
          ]
        ]
      },
      "id": "way/1554195486"
    },
    {
      "type": "Feature",
      "properties": {
        "@id": "way/1554195487",
        "footway": "sidewalk",
        "highway": "footway"
      },
      "geometry": {
        "type": "LineString",
        "coordinates": [
          [
            2.4824321,
            48.8959285
          ],
          [
            2.4825293,
            48.8959135
          ],
          [
            2.4826222,
            48.8959035
          ],
          [
            2.4826882,
            48.8958963
          ]
        ]
      },
      "id": "way/1554195487"
    },
    {
      "type": "Feature",
      "properties": {
        "@id": "way/1554195488",
        "footway": "sidewalk",
        "highway": "footway"
      },
      "geometry": {
        "type": "LineString",
        "coordinates": [
          [
            2.4826882,
            48.8958963
          ],
          [
            2.4828424,
            48.8958694
          ],
          [
            2.4831361,
            48.8958315
          ],
          [
            2.4832347,
            48.8958148
          ],
          [
            2.4833541,
            48.8957993
          ],
          [
            2.4834949,
            48.895787
          ]
        ]
      },
      "id": "way/1554195488"
    },
    {
      "type": "Feature",
      "properties": {
        "@id": "way/1554195489",
        "footway": "crossing",
        "highway": "footway"
      },
      "geometry": {
        "type": "LineString",
        "coordinates": [
          [
            2.4834949,
            48.895787
          ],
          [
            2.483573,
            48.8957856
          ],
          [
            2.4836572,
            48.8957676
          ]
        ]
      },
      "id": "way/1554195489"
    },
    {
      "type": "Feature",
      "properties": {
        "@id": "way/1554195490",
        "footway": "sidewalk",
        "highway": "footway"
      },
      "geometry": {
        "type": "LineString",
        "coordinates": [
          [
            2.4836572,
            48.8957676
          ],
          [
            2.4837591,
            48.8957429
          ],
          [
            2.4839307,
            48.8957191
          ],
          [
            2.4843096,
            48.8956746
          ]
        ]
      },
      "id": "way/1554195490"
    },
    {
      "type": "Feature",
      "properties": {
        "@id": "way/1554195491",
        "footway": "crossing",
        "highway": "footway",
        "surface": "asphalt"
      },
      "geometry": {
        "type": "LineString",
        "coordinates": [
          [
            2.4843096,
            48.8956746
          ],
          [
            2.4844348,
            48.8956559
          ],
          [
            2.4845657,
            48.8956415
          ]
        ]
      },
      "id": "way/1554195491"
    },
    {
      "type": "Feature",
      "properties": {
        "@id": "way/1554195492",
        "footway": "sidewalk",
        "highway": "footway"
      },
      "geometry": {
        "type": "LineString",
        "coordinates": [
          [
            2.4853761,
            48.8955294
          ],
          [
            2.4855266,
            48.8955053
          ],
          [
            2.4855649,
            48.8954991
          ]
        ]
      },
      "id": "way/1554195492"
    },
    {
      "type": "Feature",
      "properties": {
        "@id": "way/1554195493",
        "footway": "crossing",
        "highway": "footway",
        "surface": "asphalt"
      },
      "geometry": {
        "type": "LineString",
        "coordinates": [
          [
            2.48507,
            48.8955732
          ],
          [
            2.4851779,
            48.8955584
          ],
          [
            2.4853761,
            48.8955294
          ]
        ]
      },
      "id": "way/1554195493"
    },
    {
      "type": "Feature",
      "properties": {
        "@id": "way/1554195494",
        "footway": "sidewalk",
        "highway": "footway"
      },
      "geometry": {
        "type": "LineString",
        "coordinates": [
          [
            2.4845657,
            48.8956415
          ],
          [
            2.4848548,
            48.8956032
          ],
          [
            2.48507,
            48.8955732
          ]
        ]
      },
      "id": "way/1554195494"
    },
    {
      "type": "Feature",
      "properties": {
        "@id": "way/1554195792",
        "footway": "sidewalk",
        "highway": "footway"
      },
      "geometry": {
        "type": "LineString",
        "coordinates": [
          [
            2.4803708,
            48.9061453
          ],
          [
            2.480396,
            48.9061456
          ]
        ]
      },
      "id": "way/1554195792"
    },
    {
      "type": "Feature",
      "properties": {
        "@id": "way/1554195793",
        "footway": "crossing",
        "highway": "footway",
        "surface": "asphalt"
      },
      "geometry": {
        "type": "LineString",
        "coordinates": [
          [
            2.4802447,
            48.9061466
          ],
          [
            2.4803028,
            48.9061385
          ],
          [
            2.4803708,
            48.9061453
          ]
        ]
      },
      "id": "way/1554195793"
    },
    {
      "type": "Feature",
      "properties": {
        "@id": "way/1554195794",
        "footway": "sidewalk",
        "highway": "footway"
      },
      "geometry": {
        "type": "LineString",
        "coordinates": [
          [
            2.4802169,
            48.9061482
          ],
          [
            2.4802447,
            48.9061466
          ]
        ]
      },
      "id": "way/1554195794"
    },
    {
      "type": "Feature",
      "properties": {
        "@id": "way/1554195795",
        "footway": "sidewalk",
        "highway": "footway"
      },
      "geometry": {
        "type": "LineString",
        "coordinates": [
          [
            2.4803916,
            48.9061907
          ],
          [
            2.480396,
            48.9061456
          ],
          [
            2.4803983,
            48.9061228
          ],
          [
            2.4804667,
            48.9061007
          ],
          [
            2.4805833,
            48.9061016
          ]
        ]
      },
      "id": "way/1554195795"
    },
    {
      "type": "Feature",
      "properties": {
        "@id": "way/1554195796",
        "footway": "sidewalk",
        "highway": "footway"
      },
      "geometry": {
        "type": "LineString",
        "coordinates": [
          [
            2.4797907,
            48.9059844
          ],
          [
            2.4801475,
            48.9060329
          ],
          [
            2.4802051,
            48.9060681
          ],
          [
            2.4802169,
            48.9061482
          ],
          [
            2.4802226,
            48.9061871
          ]
        ]
      },
      "id": "way/1554195796"
    },
    {
      "type": "Feature",
      "properties": {
        "@id": "way/1554196052",
        "footway": "crossing",
        "highway": "footway",
        "surface": "asphalt"
      },
      "geometry": {
        "type": "LineString",
        "coordinates": [
          [
            2.4793701,
            48.9001875
          ],
          [
            2.4794234,
            48.9001843
          ],
          [
            2.4795096,
            48.900168
          ]
        ]
      },
      "id": "way/1554196052"
    },
    {
      "type": "Feature",
      "properties": {
        "@id": "way/1554196053",
        "footway": "crossing",
        "highway": "footway",
        "surface": "asphalt"
      },
      "geometry": {
        "type": "LineString",
        "coordinates": [
          [
            2.4782738,
            48.8972928
          ],
          [
            2.4783495,
            48.8972855
          ],
          [
            2.4784225,
            48.8972784
          ]
        ]
      },
      "id": "way/1554196053"
    },
    {
      "type": "Feature",
      "properties": {
        "@id": "way/1554196054",
        "footway": "crossing",
        "highway": "footway",
        "surface": "asphalt"
      },
      "geometry": {
        "type": "LineString",
        "coordinates": [
          [
            2.4780618,
            48.8965735
          ],
          [
            2.4781295,
            48.8965624
          ],
          [
            2.4782256,
            48.8965532
          ]
        ]
      },
      "id": "way/1554196054"
    },
    {
      "type": "Feature",
      "properties": {
        "@id": "way/1554196055",
        "footway": "sidewalk",
        "highway": "footway"
      },
      "geometry": {
        "type": "LineString",
        "coordinates": [
          [
            2.4782042,
            48.8965117
          ],
          [
            2.4783799,
            48.8971104
          ],
          [
            2.4783826,
            48.897121
          ],
          [
            2.4784225,
            48.8972784
          ],
          [
            2.4784409,
            48.8973513
          ],
          [
            2.4786012,
            48.8979841
          ],
          [
            2.4789559,
            48.8988392
          ],
          [
            2.4791819,
            48.8993841
          ],
          [
            2.4791976,
            48.8994227
          ],
          [
            2.4795096,
            48.900168
          ],
          [
            2.4795158,
            48.9002049
          ],
          [
            2.4803674,
            48.9000683
          ],
          [
            2.4814349,
            48.8998117
          ],
          [
            2.4809696,
            48.8988093
          ],
          [
            2.4808404,
            48.8985278
          ],
          [
            2.4806383,
            48.8980873
          ],
          [
            2.4805041,
            48.897812
          ],
          [
            2.4802025,
            48.8971933
          ],
          [
            2.4798001,
            48.8963151
          ],
          [
            2.4796969,
            48.8962966
          ],
          [
            2.4793273,
            48.8963516
          ],
          [
            2.4782042,
            48.8965117
          ]
        ]
      },
      "id": "way/1554196055"
    },
    {
      "type": "Feature",
      "properties": {
        "@id": "way/1554196056",
        "footway": "sidewalk",
        "highway": "footway"
      },
      "geometry": {
        "type": "LineString",
        "coordinates": [
          [
            2.4773446,
            48.897486
          ],
          [
            2.4771836,
            48.8966766
          ],
          [
            2.4772239,
            48.8966378
          ],
          [
            2.47805,
            48.8965382
          ],
          [
            2.4780618,
            48.8965735
          ],
          [
            2.4782941,
            48.8972682
          ],
          [
            2.4782738,
            48.8972928
          ],
          [
            2.4782485,
            48.8973237
          ],
          [
            2.4773446,
            48.897486
          ]
        ]
      },
      "id": "way/1554196056"
    },
    {
      "type": "Feature",
      "properties": {
        "@id": "way/1554196057",
        "footway": "sidewalk",
        "highway": "footway"
      },
      "geometry": {
        "type": "LineString",
        "coordinates": [
          [
            2.4773553,
            48.8978307
          ],
          [
            2.4772654,
            48.8978457
          ],
          [
            2.4767666,
            48.8985157
          ],
          [
            2.4766302,
            48.8986988
          ],
          [
            2.4764962,
            48.8988788
          ],
          [
            2.4761684,
            48.8993189
          ],
          [
            2.4761952,
            48.8993308
          ]
        ]
      },
      "id": "way/1554196057"
    },
    {
      "type": "Feature",
      "properties": {
        "@id": "way/1554196058",
        "footway": "crossing",
        "highway": "footway"
      },
      "geometry": {
        "type": "LineString",
        "coordinates": [
          [
            2.4773553,
            48.8978307
          ],
          [
            2.4773957,
            48.897822
          ],
          [
            2.4774563,
            48.8978044
          ]
        ]
      },
      "id": "way/1554196058"
    },
    {
      "type": "Feature",
      "properties": {
        "@id": "way/1554196059",
        "footway": "sidewalk",
        "highway": "footway"
      },
      "geometry": {
        "type": "LineString",
        "coordinates": [
          [
            2.4787112,
            48.9003116
          ],
          [
            2.479379,
            48.9002102
          ],
          [
            2.4793701,
            48.9001875
          ],
          [
            2.4790531,
            48.8993797
          ],
          [
            2.478974,
            48.8992801
          ],
          [
            2.4788412,
            48.8990077
          ],
          [
            2.4788211,
            48.8988992
          ],
          [
            2.4788117,
            48.8988137
          ],
          [
            2.4787527,
            48.8987494
          ],
          [
            2.478691,
            48.8985898
          ],
          [
            2.4786146,
            48.8983218
          ],
          [
            2.4783088,
            48.8973564
          ],
          [
            2.477358,
            48.8975309
          ],
          [
            2.477404,
            48.897714
          ],
          [
            2.4774563,
            48.8978044
          ],
          [
            2.477704,
            48.8982327
          ],
          [
            2.477999,
            48.898551
          ],
          [
            2.4783504,
            48.8992669
          ],
          [
            2.4784899,
            48.8995754
          ],
          [
            2.4785305,
            48.8997289
          ],
          [
            2.4787112,
            48.9003116
          ]
        ]
      },
      "id": "way/1554196059"
    },
    {
      "type": "Feature",
      "properties": {
        "@id": "way/1554196060",
        "footway": "crossing",
        "highway": "footway",
        "surface": "asphalt"
      },
      "geometry": {
        "type": "LineString",
        "coordinates": [
          [
            2.4768098,
            48.8992709
          ],
          [
            2.4768776,
            48.8992699
          ],
          [
            2.4769349,
            48.8992753
          ]
        ]
      },
      "id": "way/1554196060"
    },
    {
      "type": "Feature",
      "properties": {
        "@id": "way/1554196061",
        "footway": "crossing",
        "highway": "footway",
        "surface": "asphalt"
      },
      "geometry": {
        "type": "LineString",
        "coordinates": [
          [
            2.4770462,
            48.89932
          ],
          [
            2.4770338,
            48.8993455
          ],
          [
            2.477024,
            48.8993753
          ]
        ]
      },
      "id": "way/1554196061"
    },
    {
      "type": "Feature",
      "properties": {
        "@id": "way/1554196062",
        "footway": "crossing",
        "highway": "footway",
        "surface": "asphalt"
      },
      "geometry": {
        "type": "LineString",
        "coordinates": [
          [
            2.478404,
            48.899432
          ],
          [
            2.4782833,
            48.8994547
          ],
          [
            2.4783136,
            48.8995258
          ],
          [
            2.4783155,
            48.8995587
          ]
        ]
      },
      "id": "way/1554196062"
    },
    {
      "type": "Feature",
      "properties": {
        "@id": "way/1554196063",
        "footway": "sidewalk",
        "highway": "footway"
      },
      "geometry": {
        "type": "LineString",
        "coordinates": [
          [
            2.4766302,
            48.8986988
          ],
          [
            2.4768162,
            48.8989323
          ],
          [
            2.4768531,
            48.8990817
          ],
          [
            2.4769349,
            48.8992753
          ],
          [
            2.4769396,
            48.8992863
          ],
          [
            2.4769885,
            48.8993123
          ],
          [
            2.4770462,
            48.89932
          ],
          [
            2.4782317,
            48.8994789
          ],
          [
            2.4782833,
            48.8994547
          ],
          [
            2.4780198,
            48.8988503
          ],
          [
            2.4777704,
            48.8984725
          ],
          [
            2.4777214,
            48.8984214
          ],
          [
            2.4774371,
            48.8979832
          ],
          [
            2.4773553,
            48.8978307
          ]
        ]
      },
      "id": "way/1554196063"
    },
    {
      "type": "Feature",
      "properties": {
        "@id": "way/1554196064",
        "footway": "crossing",
        "highway": "footway"
      },
      "geometry": {
        "type": "LineString",
        "coordinates": [
          [
            2.4777219,
            48.90122
          ],
          [
            2.4776786,
            48.9012268
          ],
          [
            2.4776085,
            48.901238
          ]
        ]
      },
      "id": "way/1554196064"
    },
    {
      "type": "Feature",
      "properties": {
        "@id": "way/1554196065",
        "footway": "sidewalk",
        "highway": "footway"
      },
      "geometry": {
        "type": "LineString",
        "coordinates": [
          [
            2.4777268,
            48.9012329
          ],
          [
            2.4777219,
            48.90122
          ],
          [
            2.4776559,
            48.9010468
          ],
          [
            2.477649,
            48.9010288
          ]
        ]
      },
      "id": "way/1554196065"
    },
    {
      "type": "Feature",
      "properties": {
        "@id": "way/1554196066",
        "footway": "sidewalk",
        "highway": "footway"
      },
      "geometry": {
        "type": "LineString",
        "coordinates": [
          [
            2.4787004,
            48.9010248
          ],
          [
            2.4786843,
            48.901046
          ],
          [
            2.4777268,
            48.9012329
          ]
        ]
      },
      "id": "way/1554196066"
    },
    {
      "type": "Feature",
      "properties": {
        "@id": "way/1554196067",
        "footway": "crossing",
        "highway": "footway"
      },
      "geometry": {
        "type": "LineString",
        "coordinates": [
          [
            2.4785811,
            48.9007727
          ],
          [
            2.4787004,
            48.9010248
          ]
        ]
      },
      "id": "way/1554196067"
    },
    {
      "type": "Feature",
      "properties": {
        "@id": "way/1554196068",
        "footway": "sidewalk",
        "highway": "footway"
      },
      "geometry": {
        "type": "LineString",
        "coordinates": [
          [
            2.477649,
            48.9010288
          ],
          [
            2.4769852,
            48.8994053
          ],
          [
            2.477024,
            48.8993753
          ],
          [
            2.4783155,
            48.8995587
          ],
          [
            2.4783584,
            48.899601
          ],
          [
            2.4785355,
            48.900115
          ],
          [
            2.4785811,
            48.9007727
          ]
        ]
      },
      "id": "way/1554196068"
    },
    {
      "type": "Feature",
      "properties": {
        "@id": "way/1554196069",
        "footway": "crossing",
        "highway": "footway",
        "surface": "asphalt"
      },
      "geometry": {
        "type": "LineString",
        "coordinates": [
          [
            2.4767991,
            48.8992805
          ],
          [
            2.4768392,
            48.8993372
          ],
          [
            2.4768455,
            48.8993734
          ]
        ]
      },
      "id": "way/1554196069"
    },
    {
      "type": "Feature",
      "properties": {
        "@id": "way/1554196070",
        "footway": "crossing",
        "highway": "footway",
        "surface": "asphalt"
      },
      "geometry": {
        "type": "LineString",
        "coordinates": [
          [
            2.4762387,
            48.8993285
          ],
          [
            2.4762435,
            48.899364
          ],
          [
            2.4762451,
            48.8993983
          ]
        ]
      },
      "id": "way/1554196070"
    },
    {
      "type": "Feature",
      "properties": {
        "@id": "way/1554196071",
        "footway": "sidewalk",
        "highway": "footway"
      },
      "geometry": {
        "type": "LineString",
        "coordinates": [
          [
            2.4761952,
            48.8993308
          ],
          [
            2.4762387,
            48.8993285
          ],
          [
            2.476778,
            48.8992995
          ],
          [
            2.4767991,
            48.8992805
          ],
          [
            2.4768098,
            48.8992709
          ],
          [
            2.4768148,
            48.8992664
          ],
          [
            2.4767163,
            48.8990337
          ],
          [
            2.4766499,
            48.8989486
          ],
          [
            2.4764962,
            48.8988788
          ]
        ]
      },
      "id": "way/1554196071"
    },
    {
      "type": "Feature",
      "properties": {
        "@id": "way/1554196072",
        "footway": "crossing",
        "highway": "footway",
        "surface": "asphalt"
      },
      "geometry": {
        "type": "LineString",
        "coordinates": [
          [
            2.4768886,
            48.9013933
          ],
          [
            2.4769358,
            48.9013748
          ],
          [
            2.4770312,
            48.9013589
          ]
        ]
      },
      "id": "way/1554196072"
    },
    {
      "type": "Feature",
      "properties": {
        "@id": "way/1554196073",
        "footway": "crossing",
        "highway": "footway",
        "surface": "asphalt"
      },
      "geometry": {
        "type": "LineString",
        "coordinates": [
          [
            2.476501,
            48.9005166
          ],
          [
            2.4765584,
            48.9005065
          ],
          [
            2.4765971,
            48.900497
          ]
        ]
      },
      "id": "way/1554196073"
    },
    {
      "type": "Feature",
      "properties": {
        "@id": "way/1554196074",
        "footway": "crossing",
        "highway": "footway",
        "surface": "asphalt"
      },
      "geometry": {
        "type": "LineString",
        "coordinates": [
          [
            2.4764065,
            48.9003429
          ],
          [
            2.4764783,
            48.9003277
          ],
          [
            2.4765245,
            48.9003208
          ]
        ]
      },
      "id": "way/1554196074"
    },
    {
      "type": "Feature",
      "properties": {
        "@id": "way/1554196075",
        "footway": "crossing",
        "highway": "footway",
        "surface": "asphalt"
      },
      "geometry": {
        "type": "LineString",
        "coordinates": [
          [
            2.4760394,
            48.8995129
          ],
          [
            2.4761035,
            48.8995012
          ],
          [
            2.4761593,
            48.8994872
          ]
        ]
      },
      "id": "way/1554196075"
    },
    {
      "type": "Feature",
      "properties": {
        "@id": "way/1554196076",
        "footway": "sidewalk",
        "highway": "footway"
      },
      "geometry": {
        "type": "LineString",
        "coordinates": [
          [
            2.477069,
            48.9013666
          ],
          [
            2.4775927,
            48.9012514
          ],
          [
            2.4776085,
            48.901238
          ],
          [
            2.4776235,
            48.9012254
          ],
          [
            2.4768712,
            48.8993885
          ],
          [
            2.4768455,
            48.8993734
          ],
          [
            2.4768333,
            48.8993663
          ],
          [
            2.4762451,
            48.8993983
          ],
          [
            2.4762308,
            48.8993991
          ],
          [
            2.4761496,
            48.8994406
          ],
          [
            2.4761507,
            48.8994674
          ],
          [
            2.4761593,
            48.8994872
          ],
          [
            2.4765245,
            48.9003208
          ],
          [
            2.4765971,
            48.900497
          ],
          [
            2.4766003,
            48.9005047
          ],
          [
            2.4769845,
            48.9013558
          ],
          [
            2.477069,
            48.9013666
          ]
        ]
      },
      "id": "way/1554196076"
    },
    {
      "type": "Feature",
      "properties": {
        "@id": "way/1554196077",
        "footway": "sidewalk",
        "highway": "footway",
        "surface": "asphalt"
      },
      "geometry": {
        "type": "LineString",
        "coordinates": [
          [
            2.4747652,
            48.9007626
          ],
          [
            2.4748045,
            48.9007929
          ],
          [
            2.4748059,
            48.9007943
          ]
        ]
      },
      "id": "way/1554196077"
    },
    {
      "type": "Feature",
      "properties": {
        "@id": "way/1554196078",
        "footway": "crossing",
        "highway": "footway",
        "surface": "asphalt"
      },
      "geometry": {
        "type": "LineString",
        "coordinates": [
          [
            2.4747281,
            48.9007295
          ],
          [
            2.4747652,
            48.9007626
          ]
        ]
      },
      "id": "way/1554196078"
    },
    {
      "type": "Feature",
      "properties": {
        "@id": "way/1554196079",
        "footway": "crossing",
        "highway": "footway",
        "surface": "asphalt"
      },
      "geometry": {
        "type": "LineString",
        "coordinates": [
          [
            2.4763703,
            48.9004355
          ],
          [
            2.4763885,
            48.9004791
          ],
          [
            2.4764159,
            48.9005122
          ]
        ]
      },
      "id": "way/1554196079"
    },
    {
      "type": "Feature",
      "properties": {
        "@id": "way/1554196080",
        "footway": "sidewalk",
        "highway": "footway"
      },
      "geometry": {
        "type": "LineString",
        "coordinates": [
          [
            2.4763656,
            48.9002402
          ],
          [
            2.4764065,
            48.9003429
          ],
          [
            2.4764165,
            48.900368
          ],
          [
            2.476387,
            48.9004324
          ],
          [
            2.4760383,
            48.900487
          ],
          [
            2.4760464,
            48.9005073
          ],
          [
            2.4747267,
            48.900729
          ],
          [
            2.4746986,
            48.9007101
          ],
          [
            2.4742466,
            48.8998822
          ],
          [
            2.474256,
            48.8998373
          ],
          [
            2.4759217,
            48.8994388
          ],
          [
            2.4759713,
            48.8994511
          ],
          [
            2.4760236,
            48.8994776
          ],
          [
            2.4760394,
            48.8995129
          ],
          [
            2.4763656,
            48.9002402
          ]
        ]
      },
      "id": "way/1554196080"
    },
    {
      "type": "Feature",
      "properties": {
        "@id": "way/1554196081",
        "footway": "sidewalk",
        "highway": "footway"
      },
      "geometry": {
        "type": "LineString",
        "coordinates": [
          [
            2.4761543,
            48.9005562
          ],
          [
            2.4764454,
            48.9005064
          ],
          [
            2.476501,
            48.9005166
          ],
          [
            2.4765647,
            48.9006633
          ],
          [
            2.4768886,
            48.9013933
          ],
          [
            2.4768537,
            48.9014109
          ],
          [
            2.4752565,
            48.9017124
          ],
          [
            2.4752404,
            48.9017045
          ],
          [
            2.4749815,
            48.9012549
          ],
          [
            2.4747764,
            48.9008326
          ],
          [
            2.4748045,
            48.9007929
          ],
          [
            2.4761543,
            48.9005562
          ]
        ]
      },
      "id": "way/1554196081"
    },
    {
      "type": "Feature",
      "properties": {
        "@id": "way/1554196082",
        "footway": "crossing",
        "highway": "footway"
      },
      "geometry": {
        "type": "LineString",
        "coordinates": [
          [
            2.4827384,
            48.8995514
          ],
          [
            2.4826992,
            48.8995063
          ],
          [
            2.4826468,
            48.8994784
          ]
        ]
      },
      "id": "way/1554196082"
    },
    {
      "type": "Feature",
      "properties": {
        "@id": "way/1554196083",
        "footway": "sidewalk",
        "highway": "footway"
      },
      "geometry": {
        "type": "LineString",
        "coordinates": [
          [
            2.4822289,
            48.8996283
          ],
          [
            2.4826468,
            48.8994784
          ],
          [
            2.4828349,
            48.8994109
          ],
          [
            2.4829789,
            48.8993593
          ],
          [
            2.48345,
            48.8991902
          ]
        ]
      },
      "id": "way/1554196083"
    },
    {
      "type": "Feature",
      "properties": {
        "@id": "way/1554196084",
        "footway": "sidewalk",
        "highway": "footway"
      },
      "geometry": {
        "type": "LineString",
        "coordinates": [
          [
            2.4823743,
            48.8996912
          ],
          [
            2.4825361,
            48.8996291
          ],
          [
            2.4827384,
            48.8995514
          ],
          [
            2.4835228,
            48.8992501
          ],
          [
            2.4837363,
            48.8991681
          ]
        ]
      },
      "id": "way/1554196084"
    },
    {
      "type": "Feature",
      "properties": {
        "@id": "way/1554196085",
        "footway": "crossing",
        "highway": "footway"
      },
      "geometry": {
        "type": "LineString",
        "coordinates": [
          [
            2.4855699,
            48.898839
          ],
          [
            2.4856388,
            48.8988289
          ],
          [
            2.4856876,
            48.8988218
          ]
        ]
      },
      "id": "way/1554196085"
    },
    {
      "type": "Feature",
      "properties": {
        "@id": "way/1554196086",
        "footway": "sidewalk",
        "highway": "footway"
      },
      "geometry": {
        "type": "LineString",
        "coordinates": [
          [
            2.4858204,
            48.8991267
          ],
          [
            2.4856876,
            48.8988218
          ],
          [
            2.4857144,
            48.8988067
          ],
          [
            2.4860108,
            48.8987635
          ]
        ]
      },
      "id": "way/1554196086"
    },
    {
      "type": "Feature",
      "properties": {
        "@id": "way/1554196087",
        "footway": "sidewalk",
        "highway": "footway"
      },
      "geometry": {
        "type": "LineString",
        "coordinates": [
          [
            2.4853577,
            48.8988604
          ],
          [
            2.4855494,
            48.8988314
          ],
          [
            2.4855699,
            48.898839
          ],
          [
            2.4855964,
            48.898849
          ],
          [
            2.4857117,
            48.8991382
          ]
        ]
      },
      "id": "way/1554196087"
    },
    {
      "type": "Feature",
      "properties": {
        "@id": "way/1554196088",
        "footway": "crossing",
        "highway": "footway"
      },
      "geometry": {
        "type": "LineString",
        "coordinates": [
          [
            2.4838637,
            48.8989953
          ],
          [
            2.4839195,
            48.8989897
          ],
          [
            2.4839814,
            48.8989631
          ]
        ]
      },
      "id": "way/1554196088"
    },
    {
      "type": "Feature",
      "properties": {
        "@id": "way/1554196089",
        "footway": "sidewalk",
        "highway": "footway"
      },
      "geometry": {
        "type": "LineString",
        "coordinates": [
          [
            2.4842191,
            48.8989557
          ],
          [
            2.4840219,
            48.8989777
          ],
          [
            2.4839814,
            48.8989631
          ],
          [
            2.4839535,
            48.898953
          ],
          [
            2.4838637,
            48.8987882
          ]
        ]
      },
      "id": "way/1554196089"
    },
    {
      "type": "Feature",
      "properties": {
        "@id": "way/1554196090",
        "footway": "sidewalk",
        "highway": "footway"
      },
      "geometry": {
        "type": "LineString",
        "coordinates": [
          [
            2.4835271,
            48.8991514
          ],
          [
            2.4838516,
            48.8990315
          ],
          [
            2.4838637,
            48.8989953
          ],
          [
            2.4837644,
            48.8988031
          ]
        ]
      },
      "id": "way/1554196090"
    },
    {
      "type": "Feature",
      "properties": {
        "@id": "way/1554199005",
        "footway": "sidewalk",
        "highway": "footway"
      },
      "geometry": {
        "type": "LineString",
        "coordinates": [
          [
            2.4937402,
            48.8953469
          ],
          [
            2.4937114,
            48.8953365
          ],
          [
            2.493521,
            48.8950583
          ],
          [
            2.4935304,
            48.8950318
          ],
          [
            2.4935565,
            48.8950089
          ],
          [
            2.4945067,
            48.8947924
          ],
          [
            2.494559,
            48.8947951
          ],
          [
            2.494728,
            48.895094
          ],
          [
            2.4946971,
            48.8951284
          ],
          [
            2.4939489,
            48.8952882
          ],
          [
            2.4937402,
            48.8953469
          ]
        ]
      },
      "id": "way/1554199005"
    },
    {
      "type": "Feature",
      "properties": {
        "@id": "way/1554199006",
        "footway": "crossing",
        "highway": "footway",
        "surface": "asphalt"
      },
      "geometry": {
        "type": "LineString",
        "coordinates": [
          [
            2.4937959,
            48.8954294
          ],
          [
            2.4937599,
            48.895376
          ],
          [
            2.4937402,
            48.8953469
          ]
        ]
      },
      "id": "way/1554199006"
    },
    {
      "type": "Feature",
      "properties": {
        "@id": "way/1554199007",
        "footway": "sidewalk",
        "highway": "footway"
      },
      "geometry": {
        "type": "LineString",
        "coordinates": [
          [
            2.4949412,
            48.8970381
          ],
          [
            2.4942318,
            48.8960541
          ],
          [
            2.4937879,
            48.8954546
          ],
          [
            2.4937959,
            48.8954294
          ]
        ]
      },
      "id": "way/1554199007"
    },
    {
      "type": "Feature",
      "properties": {
        "@id": "way/1554199008",
        "footway": "sidewalk",
        "highway": "footway"
      },
      "geometry": {
        "type": "LineString",
        "coordinates": [
          [
            2.4942955,
            48.8973312
          ],
          [
            2.4939904,
            48.8969393
          ],
          [
            2.4935518,
            48.8963574
          ],
          [
            2.4933118,
            48.8959528
          ],
          [
            2.4928345,
            48.8951797
          ],
          [
            2.4928518,
            48.8951442
          ],
          [
            2.4933654,
            48.8950419
          ],
          [
            2.4934148,
            48.8950497
          ],
          [
            2.4937503,
            48.8955198
          ],
          [
            2.49428,
            48.8962746
          ],
          [
            2.4948513,
            48.8970875
          ]
        ]
      },
      "id": "way/1554199008"
    },
    {
      "type": "Feature",
      "properties": {
        "@id": "way/1554199009",
        "footway": "sidewalk",
        "highway": "footway"
      },
      "geometry": {
        "type": "LineString",
        "coordinates": [
          [
            2.4924608,
            48.8959408
          ],
          [
            2.4929678,
            48.895783
          ],
          [
            2.4930348,
            48.8957698
          ],
          [
            2.4930757,
            48.8957826
          ],
          [
            2.4934861,
            48.896435
          ],
          [
            2.4937221,
            48.8967392
          ],
          [
            2.4941862,
            48.8973678
          ]
        ]
      },
      "id": "way/1554199009"
    },
    {
      "type": "Feature",
      "properties": {
        "@id": "way/1554199010",
        "footway": "sidewalk",
        "highway": "footway"
      },
      "geometry": {
        "type": "LineString",
        "coordinates": [
          [
            2.4918433,
            48.8961441
          ],
          [
            2.4923086,
            48.8959898
          ]
        ]
      },
      "id": "way/1554199010"
    },
    {
      "type": "Feature",
      "properties": {
        "@id": "way/1554199011",
        "footway": "sidewalk",
        "highway": "footway"
      },
      "geometry": {
        "type": "LineString",
        "coordinates": [
          [
            2.4924568,
            48.8945689
          ],
          [
            2.4924722,
            48.8945716
          ]
        ]
      },
      "id": "way/1554199011"
    },
    {
      "type": "Feature",
      "properties": {
        "@id": "way/1554199012",
        "footway": "crossing",
        "highway": "footway",
        "surface": "asphalt"
      },
      "geometry": {
        "type": "LineString",
        "coordinates": [
          [
            2.492381,
            48.89458
          ],
          [
            2.4924283,
            48.8945738
          ],
          [
            2.4924568,
            48.8945689
          ]
        ]
      },
      "id": "way/1554199012"
    },
    {
      "type": "Feature",
      "properties": {
        "@id": "way/1554199013",
        "footway": "sidewalk",
        "highway": "footway"
      },
      "geometry": {
        "type": "LineString",
        "coordinates": [
          [
            2.4923602,
            48.8945819
          ],
          [
            2.492381,
            48.89458
          ]
        ]
      },
      "id": "way/1554199013"
    },
    {
      "type": "Feature",
      "properties": {
        "@id": "way/1554199014",
        "footway": "sidewalk",
        "highway": "footway"
      },
      "geometry": {
        "type": "LineString",
        "coordinates": [
          [
            2.4925185,
            48.8946849
          ],
          [
            2.492489,
            48.8946029
          ],
          [
            2.4924722,
            48.8945716
          ],
          [
            2.4924883,
            48.8945504
          ],
          [
            2.4926177,
            48.8945288
          ]
        ]
      },
      "id": "way/1554199014"
    },
    {
      "type": "Feature",
      "properties": {
        "@id": "way/1554204791",
        "footway": "sidewalk",
        "highway": "footway"
      },
      "geometry": {
        "type": "LineString",
        "coordinates": [
          [
            2.4906989,
            48.9006271
          ],
          [
            2.4906232,
            48.9006697
          ],
          [
            2.4905518,
            48.9007616
          ],
          [
            2.4905461,
            48.900776
          ]
        ]
      },
      "id": "way/1554204791"
    },
    {
      "type": "Feature",
      "properties": {
        "@id": "way/1554204792",
        "footway": "crossing",
        "highway": "footway",
        "surface": "asphalt"
      },
      "geometry": {
        "type": "LineString",
        "coordinates": [
          [
            2.4912533,
            48.9041996
          ],
          [
            2.4912973,
            48.9042223
          ],
          [
            2.491364,
            48.9042567
          ]
        ]
      },
      "id": "way/1554204792"
    },
    {
      "type": "Feature",
      "properties": {
        "@id": "way/1554204793",
        "footway": "crossing",
        "highway": "footway"
      },
      "geometry": {
        "type": "LineString",
        "coordinates": [
          [
            2.4913791,
            48.9040696
          ],
          [
            2.4913232,
            48.9040941
          ],
          [
            2.4912809,
            48.904114
          ]
        ]
      },
      "id": "way/1554204793"
    },
    {
      "type": "Feature",
      "properties": {
        "@id": "way/1554204794",
        "footway": "crossing",
        "highway": "footway",
        "surface": "asphalt"
      },
      "geometry": {
        "type": "LineString",
        "coordinates": [
          [
            2.4914402,
            48.904048
          ],
          [
            2.4915025,
            48.9040695
          ],
          [
            2.4915583,
            48.9040887
          ]
        ]
      },
      "id": "way/1554204794"
    },
    {
      "type": "Feature",
      "properties": {
        "@id": "way/1554204795",
        "footway": "sidewalk",
        "highway": "footway"
      },
      "geometry": {
        "type": "LineString",
        "coordinates": [
          [
            2.489898,
            48.9019712
          ],
          [
            2.4912809,
            48.904114
          ],
          [
            2.4912947,
            48.9041354
          ],
          [
            2.491288,
            48.9041729
          ],
          [
            2.4912533,
            48.9041996
          ],
          [
            2.4893756,
            48.9056485
          ],
          [
            2.4887487,
            48.9066891
          ],
          [
            2.4885931,
            48.9067363
          ],
          [
            2.4885021,
            48.9067342
          ]
        ]
      },
      "id": "way/1554204795"
    },
    {
      "type": "Feature",
      "properties": {
        "@id": "way/1554204796",
        "footway": "sidewalk",
        "highway": "footway"
      },
      "geometry": {
        "type": "LineString",
        "coordinates": [
          [
            2.4894587,
            48.9013061
          ],
          [
            2.4898638,
            48.9019077
          ],
          [
            2.4892105,
            48.9020953
          ]
        ]
      },
      "id": "way/1554204796"
    },
    {
      "type": "Feature",
      "properties": {
        "@id": "way/1554204797",
        "footway": "sidewalk",
        "highway": "footway"
      },
      "geometry": {
        "type": "LineString",
        "coordinates": [
          [
            2.4915556,
            48.9008582
          ],
          [
            2.4916193,
            48.9008666
          ]
        ]
      },
      "id": "way/1554204797"
    },
    {
      "type": "Feature",
      "properties": {
        "@id": "way/1554204798",
        "footway": "sidewalk",
        "highway": "footway"
      },
      "geometry": {
        "type": "LineString",
        "coordinates": [
          [
            2.4913029,
            48.900596
          ],
          [
            2.4914596,
            48.9007719
          ],
          [
            2.4914704,
            48.9007841
          ]
        ]
      },
      "id": "way/1554204798"
    },
    {
      "type": "Feature",
      "properties": {
        "@id": "way/1554204799",
        "footway": "sidewalk",
        "highway": "footway"
      },
      "geometry": {
        "type": "LineString",
        "coordinates": [
          [
            2.488687,
            48.9015604
          ],
          [
            2.488744,
            48.9015511
          ],
          [
            2.4893294,
            48.9024309
          ]
        ]
      },
      "id": "way/1554204799"
    },
    {
      "type": "Feature",
      "properties": {
        "@id": "way/1554204800",
        "footway": "crossing",
        "highway": "footway",
        "surface": "asphalt"
      },
      "geometry": {
        "type": "LineString",
        "coordinates": [
          [
            2.4886203,
            48.9014592
          ],
          [
            2.4886636,
            48.9015271
          ],
          [
            2.488687,
            48.9015604
          ]
        ]
      },
      "id": "way/1554204800"
    },
    {
      "type": "Feature",
      "properties": {
        "@id": "way/1554204801",
        "footway": "sidewalk",
        "highway": "footway"
      },
      "geometry": {
        "type": "LineString",
        "coordinates": [
          [
            2.4889471,
            48.9013563
          ],
          [
            2.4887406,
            48.9014268
          ],
          [
            2.4886203,
            48.9014592
          ],
          [
            2.4885777,
            48.9014707
          ],
          [
            2.4879343,
            48.9015505
          ],
          [
            2.486581,
            48.9017184
          ],
          [
            2.4865131,
            48.9017269
          ],
          [
            2.4864446,
            48.9017354
          ]
        ]
      },
      "id": "way/1554204801"
    },
    {
      "type": "Feature",
      "properties": {
        "@id": "way/1554204802",
        "footway": "crossing",
        "highway": "footway"
      },
      "geometry": {
        "type": "LineString",
        "coordinates": [
          [
            2.489098,
            48.9013131
          ],
          [
            2.4889869,
            48.9013449
          ],
          [
            2.4889471,
            48.9013563
          ]
        ]
      },
      "id": "way/1554204802"
    },
    {
      "type": "Feature",
      "properties": {
        "@id": "way/1554204803",
        "footway": "sidewalk",
        "highway": "footway"
      },
      "geometry": {
        "type": "LineString",
        "coordinates": [
          [
            2.4909481,
            48.9006043
          ],
          [
            2.4909031,
            48.900616
          ]
        ]
      },
      "id": "way/1554204803"
    },
    {
      "type": "Feature",
      "properties": {
        "@id": "way/1554204804",
        "footway": "crossing",
        "highway": "footway"
      },
      "geometry": {
        "type": "LineString",
        "coordinates": [
          [
            2.4910216,
            48.9006982
          ],
          [
            2.4909702,
            48.9006325
          ],
          [
            2.4909481,
            48.9006043
          ]
        ]
      },
      "id": "way/1554204804"
    },
    {
      "type": "Feature",
      "properties": {
        "@id": "way/1554204805",
        "footway": "crossing",
        "highway": "footway"
      },
      "geometry": {
        "type": "LineString",
        "coordinates": [
          [
            2.4908052,
            48.9008529
          ],
          [
            2.4907646,
            48.9008917
          ],
          [
            2.4907375,
            48.9008648
          ]
        ]
      },
      "id": "way/1554204805"
    },
    {
      "type": "Feature",
      "properties": {
        "@id": "way/1554204806",
        "footway": "sidewalk",
        "highway": "footway"
      },
      "geometry": {
        "type": "LineString",
        "coordinates": [
          [
            2.4907375,
            48.9008648
          ],
          [
            2.4906953,
            48.9008595
          ],
          [
            2.4906336,
            48.9008626
          ],
          [
            2.4905612,
            48.9008736
          ],
          [
            2.4901621,
            48.9010309
          ],
          [
            2.4895563,
            48.9012696
          ],
          [
            2.4895175,
            48.9012849
          ],
          [
            2.4894587,
            48.9013061
          ],
          [
            2.4888734,
            48.9015167
          ],
          [
            2.488858,
            48.901556
          ],
          [
            2.4892105,
            48.9020953
          ],
          [
            2.4892267,
            48.9021201
          ],
          [
            2.4894179,
            48.9024124
          ]
        ]
      },
      "id": "way/1554204806"
    },
    {
      "type": "Feature",
      "properties": {
        "@id": "way/1554204807",
        "footway": "crossing",
        "highway": "footway"
      },
      "geometry": {
        "type": "LineString",
        "coordinates": [
          [
            2.4908642,
            48.9008172
          ],
          [
            2.4908371,
            48.9008336
          ],
          [
            2.4908052,
            48.9008529
          ]
        ]
      },
      "id": "way/1554204807"
    },
    {
      "type": "Feature",
      "properties": {
        "@id": "way/1554204808",
        "footway": "sidewalk",
        "highway": "footway"
      },
      "geometry": {
        "type": "LineString",
        "coordinates": [
          [
            2.4918526,
            48.9003962
          ],
          [
            2.4914031,
            48.9005596
          ],
          [
            2.4913029,
            48.900596
          ],
          [
            2.4910874,
            48.9006743
          ],
          [
            2.4910216,
            48.9006982
          ],
          [
            2.4909246,
            48.9007334
          ],
          [
            2.4908642,
            48.9008172
          ]
        ]
      },
      "id": "way/1554204808"
    },
    {
      "type": "Feature",
      "properties": {
        "@id": "way/1554204809",
        "footway": "crossing",
        "highway": "footway",
        "surface": "asphalt"
      },
      "geometry": {
        "type": "LineString",
        "coordinates": [
          [
            2.4933448,
            48.9024808
          ],
          [
            2.4933964,
            48.9025081
          ],
          [
            2.4934854,
            48.9025547
          ]
        ]
      },
      "id": "way/1554204809"
    },
    {
      "type": "Feature",
      "properties": {
        "@id": "way/1554204810",
        "footway": "crossing",
        "highway": "footway"
      },
      "geometry": {
        "type": "LineString",
        "coordinates": [
          [
            2.4934673,
            48.9022672
          ],
          [
            2.4934141,
            48.9022803
          ],
          [
            2.4933579,
            48.9022999
          ]
        ]
      },
      "id": "way/1554204810"
    },
    {
      "type": "Feature",
      "properties": {
        "@id": "way/1554204811",
        "footway": "sidewalk",
        "highway": "footway"
      },
      "geometry": {
        "type": "LineString",
        "coordinates": [
          [
            2.4918526,
            48.9003962
          ],
          [
            2.4933579,
            48.9022999
          ],
          [
            2.4934217,
            48.9023807
          ],
          [
            2.4934043,
            48.9024318
          ],
          [
            2.4933448,
            48.9024808
          ],
          [
            2.4930463,
            48.9027264
          ],
          [
            2.4923984,
            48.9032595
          ],
          [
            2.4917704,
            48.9037763
          ],
          [
            2.4914402,
            48.904048
          ],
          [
            2.491402,
            48.9040794
          ],
          [
            2.4913791,
            48.9040696
          ],
          [
            2.4913484,
            48.9040565
          ],
          [
            2.4895563,
            48.9012696
          ]
        ]
      },
      "id": "way/1554204811"
    },
    {
      "type": "Feature",
      "properties": {
        "@id": "way/1554204812",
        "footway": "crossing",
        "highway": "footway"
      },
      "geometry": {
        "type": "LineString",
        "coordinates": [
          [
            2.4919948,
            48.9003327
          ],
          [
            2.4919147,
            48.9003718
          ],
          [
            2.4918526,
            48.9003962
          ]
        ]
      },
      "id": "way/1554204812"
    },
    {
      "type": "Feature",
      "properties": {
        "@id": "way/1554204813",
        "footway": "sidewalk",
        "highway": "footway"
      },
      "geometry": {
        "type": "LineString",
        "coordinates": [
          [
            2.4953227,
            48.9019513
          ],
          [
            2.493529,
            48.9023445
          ],
          [
            2.4934673,
            48.9022672
          ],
          [
            2.4927039,
            48.9013095
          ],
          [
            2.4923532,
            48.9008696
          ],
          [
            2.4919787,
            48.9003997
          ],
          [
            2.4919948,
            48.9003327
          ],
          [
            2.4932635,
            48.8998761
          ],
          [
            2.4937516,
            48.8997773
          ],
          [
            2.4942264,
            48.8997641
          ],
          [
            2.4942934,
            48.8998152
          ],
          [
            2.4953227,
            48.9019513
          ]
        ]
      },
      "id": "way/1554204813"
    },
    {
      "type": "Feature",
      "properties": {
        "@id": "way/1554204814",
        "footway": "crossing",
        "highway": "footway"
      },
      "geometry": {
        "type": "LineString",
        "coordinates": [
          [
            2.4947577,
            48.9021641
          ],
          [
            2.4946591,
            48.902187
          ],
          [
            2.4946032,
            48.9021999
          ]
        ]
      },
      "id": "way/1554204814"
    },
    {
      "type": "Feature",
      "properties": {
        "@id": "way/1554204815",
        "footway": "sidewalk",
        "highway": "footway"
      },
      "geometry": {
        "type": "LineString",
        "coordinates": [
          [
            2.4914543,
            48.9041865
          ],
          [
            2.491364,
            48.9042567
          ],
          [
            2.4908763,
            48.9046357
          ],
          [
            2.490932,
            48.9046793
          ]
        ]
      },
      "id": "way/1554204815"
    },
    {
      "type": "Feature",
      "properties": {
        "@id": "way/1554204816",
        "footway": "crossing",
        "highway": "footway"
      },
      "geometry": {
        "type": "LineString",
        "coordinates": [
          [
            2.4915703,
            48.9041204
          ],
          [
            2.4915082,
            48.904138
          ],
          [
            2.4914543,
            48.9041865
          ]
        ]
      },
      "id": "way/1554204816"
    },
    {
      "type": "Feature",
      "properties": {
        "@id": "way/1554204817",
        "footway": "sidewalk",
        "highway": "footway"
      },
      "geometry": {
        "type": "LineString",
        "coordinates": [
          [
            2.4946032,
            48.9021999
          ],
          [
            2.494559,
            48.9021858
          ],
          [
            2.4937262,
            48.902363
          ],
          [
            2.4934854,
            48.9025547
          ],
          [
            2.4915583,
            48.9040887
          ],
          [
            2.4915703,
            48.9041204
          ]
        ]
      },
      "id": "way/1554204817"
    },
    {
      "type": "Feature",
      "properties": {
        "@id": "way/1554204818",
        "footway": "sidewalk",
        "highway": "footway"
      },
      "geometry": {
        "type": "LineString",
        "coordinates": [
          [
            2.4961583,
            48.9017587
          ],
          [
            2.4952658,
            48.8997491
          ],
          [
            2.4944584,
            48.8997438
          ],
          [
            2.4943873,
            48.8997862
          ],
          [
            2.4954374,
            48.9019117
          ],
          [
            2.4954964,
            48.9019187
          ],
          [
            2.4961241,
            48.90179
          ],
          [
            2.4961583,
            48.9017587
          ]
        ]
      },
      "id": "way/1554204818"
    },
    {
      "type": "Feature",
      "properties": {
        "@id": "way/1554204819",
        "footway": "sidewalk",
        "highway": "footway"
      },
      "geometry": {
        "type": "LineString",
        "coordinates": [
          [
            2.4963192,
            48.9023979
          ],
          [
            2.4948044,
            48.902717
          ],
          [
            2.4947595,
            48.9026888
          ],
          [
            2.4947347,
            48.9021876
          ],
          [
            2.4947577,
            48.9021641
          ],
          [
            2.4947739,
            48.9021475
          ],
          [
            2.4961536,
            48.9018517
          ],
          [
            2.4962005,
            48.9018698
          ],
          [
            2.4963876,
            48.9023701
          ],
          [
            2.4963192,
            48.9023979
          ]
        ]
      },
      "id": "way/1554204819"
    },
    {
      "type": "Feature",
      "properties": {
        "@id": "way/1554204820",
        "footway": "sidewalk",
        "highway": "footway"
      },
      "geometry": {
        "type": "LineString",
        "coordinates": [
          [
            2.4980097,
            48.9025548
          ],
          [
            2.4976422,
            48.9026046
          ],
          [
            2.4966578,
            48.9031
          ],
          [
            2.494848,
            48.9033896
          ],
          [
            2.4947897,
            48.9033724
          ],
          [
            2.4947655,
            48.9028356
          ],
          [
            2.4948326,
            48.902788
          ],
          [
            2.496336,
            48.902453
          ],
          [
            2.4964191,
            48.902486
          ],
          [
            2.496521,
            48.9027615
          ]
        ]
      },
      "id": "way/1554204820"
    },
    {
      "type": "Feature",
      "properties": {
        "@id": "way/1554204821",
        "footway": "sidewalk",
        "highway": "footway"
      },
      "geometry": {
        "type": "LineString",
        "coordinates": [
          [
            2.4992254,
            48.9024077
          ],
          [
            2.4993394,
            48.9030859
          ],
          [
            2.4993336,
            48.9032719
          ]
        ]
      },
      "id": "way/1554204821"
    },
    {
      "type": "Feature",
      "properties": {
        "@id": "way/1554204826",
        "footway": "sidewalk",
        "highway": "footway"
      },
      "geometry": {
        "type": "LineString",
        "coordinates": [
          [
            2.4993682,
            48.904745
          ],
          [
            2.4987929,
            48.9032455
          ],
          [
            2.4987566,
            48.9032358
          ],
          [
            2.4984214,
            48.9032455
          ],
          [
            2.4983664,
            48.9032217
          ],
          [
            2.4981625,
            48.9026363
          ],
          [
            2.4981894,
            48.9025887
          ],
          [
            2.4992254,
            48.9024077
          ],
          [
            2.4992777,
            48.9023985
          ],
          [
            2.5001065,
            48.9022537
          ],
          [
            2.500142,
            48.9022788
          ],
          [
            2.5004417,
            48.9029665
          ]
        ]
      },
      "id": "way/1554204826"
    },
    {
      "type": "Feature",
      "properties": {
        "@id": "way/1554204827",
        "footway": "sidewalk",
        "highway": "footway"
      },
      "geometry": {
        "type": "LineString",
        "coordinates": [
          [
            2.4970242,
            48.9042075
          ],
          [
            2.49899,
            48.9041455
          ],
          [
            2.4990369,
            48.904157
          ],
          [
            2.499226,
            48.904626
          ],
          [
            2.4991992,
            48.9046568
          ],
          [
            2.4971822,
            48.904708
          ],
          [
            2.4971332,
            48.9045435
          ],
          [
            2.4948996,
            48.9044602
          ],
          [
            2.4948641,
            48.9044356
          ],
          [
            2.4948487,
            48.9040151
          ],
          [
            2.4948862,
            48.9039974
          ],
          [
            2.4975872,
            48.9038273
          ],
          [
            2.4988425,
            48.9037912
          ],
          [
            2.4989149,
            48.9038202
          ],
          [
            2.498998,
            48.9040777
          ],
          [
            2.4989592,
            48.9040935
          ],
          [
            2.4970239,
            48.9041526
          ]
        ]
      },
      "id": "way/1554204827"
    },
    {
      "type": "Feature",
      "properties": {
        "@id": "way/1554204828",
        "footway": "sidewalk",
        "highway": "footway"
      },
      "geometry": {
        "type": "LineString",
        "coordinates": [
          [
            2.49715,
            48.9050385
          ],
          [
            2.4949405,
            48.9049737
          ],
          [
            2.4948956,
            48.9049424
          ],
          [
            2.4948822,
            48.9045405
          ],
          [
            2.4949358,
            48.9045167
          ],
          [
            2.4970091,
            48.9045969
          ],
          [
            2.4970588,
            48.9046401
          ],
          [
            2.4970897,
            48.9047635
          ],
          [
            2.4971413,
            48.9047623
          ],
          [
            2.4992381,
            48.9047141
          ],
          [
            2.4992716,
            48.9047785
          ],
          [
            2.4987459,
            48.9052986
          ]
        ]
      },
      "id": "way/1554204828"
    },
    {
      "type": "Feature",
      "properties": {
        "@id": "way/1554204829",
        "footway": "sidewalk",
        "highway": "footway"
      },
      "geometry": {
        "type": "LineString",
        "coordinates": [
          [
            2.4971446,
            48.9050976
          ],
          [
            2.4949922,
            48.9050218
          ],
          [
            2.4949117,
            48.9050271
          ],
          [
            2.494905,
            48.9050606
          ],
          [
            2.4949493,
            48.9054273
          ],
          [
            2.4949747,
            48.9054378
          ],
          [
            2.4971943,
            48.905511
          ],
          [
            2.4972238,
            48.9054828
          ],
          [
            2.497203,
            48.9053069
          ],
          [
            2.497388,
            48.9053061
          ],
          [
            2.4987459,
            48.9052986
          ]
        ]
      },
      "id": "way/1554204829"
    },
    {
      "type": "Feature",
      "properties": {
        "@id": "way/1554204830",
        "footway": "sidewalk",
        "highway": "footway"
      },
      "geometry": {
        "type": "LineString",
        "coordinates": [
          [
            2.494097,
            48.9049997
          ],
          [
            2.4947883,
            48.9050218
          ],
          [
            2.4948306,
            48.9054035
          ],
          [
            2.494795,
            48.905433
          ]
        ]
      },
      "id": "way/1554204830"
    },
    {
      "type": "Feature",
      "properties": {
        "@id": "way/1554204831",
        "footway": "sidewalk",
        "highway": "footway"
      },
      "geometry": {
        "type": "LineString",
        "coordinates": [
          [
            2.494795,
            48.905433
          ],
          [
            2.4939018,
            48.905411
          ],
          [
            2.493875,
            48.9053911
          ],
          [
            2.4938884,
            48.9044942
          ],
          [
            2.4939226,
            48.9044783
          ],
          [
            2.4947179,
            48.9045123
          ],
          [
            2.4947648,
            48.9045409
          ],
          [
            2.4947944,
            48.9049468
          ],
          [
            2.4947414,
            48.9049627
          ],
          [
            2.4940789,
            48.9049429
          ],
          [
            2.4941309,
            48.9049638
          ],
          [
            2.494097,
            48.9049997
          ]
        ]
      },
      "id": "way/1554204831"
    },
    {
      "type": "Feature",
      "properties": {
        "@id": "way/1554204832",
        "footway": "sidewalk",
        "highway": "footway"
      },
      "geometry": {
        "type": "LineString",
        "coordinates": [
          [
            2.4936155,
            48.9071268
          ],
          [
            2.4935592,
            48.9070307
          ],
          [
            2.4933835,
            48.904507
          ],
          [
            2.4934747,
            48.9044695
          ],
          [
            2.4937744,
            48.9044796
          ],
          [
            2.493806,
            48.9045048
          ],
          [
            2.4938073,
            48.9054625
          ],
          [
            2.4940335,
            48.9054695
          ],
          [
            2.4947964,
            48.9054929
          ],
          [
            2.4948366,
            48.905515
          ],
          [
            2.494958,
            48.907347
          ]
        ]
      },
      "id": "way/1554204832"
    },
    {
      "type": "Feature",
      "properties": {
        "@id": "way/1554204833",
        "footway": "sidewalk",
        "highway": "footway"
      },
      "geometry": {
        "type": "LineString",
        "coordinates": [
          [
            2.4933111,
            48.905065
          ],
          [
            2.4933567,
            48.905031
          ],
          [
            2.4933004,
            48.9044805
          ]
        ]
      },
      "id": "way/1554204833"
    },
    {
      "type": "Feature",
      "properties": {
        "@id": "way/1554204834",
        "footway": "sidewalk",
        "highway": "footway"
      },
      "geometry": {
        "type": "LineString",
        "coordinates": [
          [
            2.4933493,
            48.9051738
          ],
          [
            2.4933835,
            48.9052523
          ],
          [
            2.4934003,
            48.9057909
          ],
          [
            2.4933694,
            48.9058204
          ]
        ]
      },
      "id": "way/1554204834"
    },
    {
      "type": "Feature",
      "properties": {
        "@id": "way/1554204835",
        "footway": "crossing",
        "highway": "footway",
        "surface": "asphalt"
      },
      "geometry": {
        "type": "LineString",
        "coordinates": [
          [
            2.4933111,
            48.905065
          ],
          [
            2.4933493,
            48.9051738
          ]
        ]
      },
      "id": "way/1554204835"
    },
    {
      "type": "Feature",
      "properties": {
        "@id": "way/1554204836",
        "footway": "sidewalk",
        "highway": "footway"
      },
      "geometry": {
        "type": "LineString",
        "coordinates": [
          [
            2.490932,
            48.9046793
          ],
          [
            2.4932883,
            48.9050773
          ],
          [
            2.4933111,
            48.905065
          ]
        ]
      },
      "id": "way/1554204836"
    },
    {
      "type": "Feature",
      "properties": {
        "@id": "way/1554204837",
        "footway": "crossing",
        "highway": "footway",
        "surface": "asphalt"
      },
      "geometry": {
        "type": "LineString",
        "coordinates": [
          [
            2.4934807,
            48.9070545
          ],
          [
            2.4934898,
            48.9070712
          ],
          [
            2.4935243,
            48.9071345
          ],
          [
            2.4936075,
            48.9072872
          ]
        ]
      },
      "id": "way/1554204837"
    },
    {
      "type": "Feature",
      "properties": {
        "@id": "way/1554204838",
        "footway": "sidewalk",
        "highway": "footway"
      },
      "geometry": {
        "type": "LineString",
        "coordinates": [
          [
            2.4934519,
            48.9067848
          ],
          [
            2.4934807,
            48.9070545
          ]
        ]
      },
      "id": "way/1554204838"
    },
    {
      "type": "Feature",
      "properties": {
        "@id": "way/1554204839",
        "footway": "crossing",
        "highway": "footway",
        "surface": "asphalt"
      },
      "geometry": {
        "type": "LineString",
        "coordinates": [
          [
            2.4934546,
            48.9066803
          ],
          [
            2.4934481,
            48.9067339
          ],
          [
            2.4934519,
            48.9067848
          ]
        ]
      },
      "id": "way/1554204839"
    },
    {
      "type": "Feature",
      "properties": {
        "@id": "way/1554204840",
        "footway": "sidewalk",
        "highway": "footway"
      },
      "geometry": {
        "type": "LineString",
        "coordinates": [
          [
            2.4934217,
            48.9063264
          ],
          [
            2.4934546,
            48.9066803
          ]
        ]
      },
      "id": "way/1554204840"
    },
    {
      "type": "Feature",
      "properties": {
        "@id": "way/1554204841",
        "footway": "crossing",
        "highway": "footway",
        "surface": "asphalt"
      },
      "geometry": {
        "type": "LineString",
        "coordinates": [
          [
            2.4934271,
            48.9062242
          ],
          [
            2.4934229,
            48.9062917
          ],
          [
            2.4934217,
            48.9063264
          ]
        ]
      },
      "id": "way/1554204841"
    },
    {
      "type": "Feature",
      "properties": {
        "@id": "way/1554204842",
        "footway": "sidewalk",
        "highway": "footway"
      },
      "geometry": {
        "type": "LineString",
        "coordinates": [
          [
            2.4912277,
            48.9054621
          ],
          [
            2.4933694,
            48.9058204
          ]
        ]
      },
      "id": "way/1554204842"
    },
    {
      "type": "Feature",
      "properties": {
        "@id": "way/1554204843",
        "footway": "sidewalk",
        "highway": "footway"
      },
      "geometry": {
        "type": "LineString",
        "coordinates": [
          [
            2.4911419,
            48.9055207
          ],
          [
            2.493356,
            48.9058865
          ],
          [
            2.493419,
            48.9059156
          ],
          [
            2.4934271,
            48.9062242
          ],
          [
            2.4933426,
            48.9062656
          ],
          [
            2.4916307,
            48.9059712
          ],
          [
            2.4915744,
            48.9060042
          ],
          [
            2.4914496,
            48.9063617
          ]
        ]
      },
      "id": "way/1554204843"
    },
    {
      "type": "Feature",
      "properties": {
        "@id": "way/1554205374",
        "footway": "sidewalk",
        "highway": "footway"
      },
      "geometry": {
        "type": "LineString",
        "coordinates": [
          [
            2.4732395,
            48.9027117
          ],
          [
            2.4732324,
            48.9026938
          ]
        ]
      },
      "id": "way/1554205374"
    },
    {
      "type": "Feature",
      "properties": {
        "@id": "way/1554205375",
        "footway": "crossing",
        "highway": "footway"
      },
      "geometry": {
        "type": "LineString",
        "coordinates": [
          [
            2.4732187,
            48.9027968
          ],
          [
            2.4732316,
            48.9027478
          ],
          [
            2.4732395,
            48.9027117
          ]
        ]
      },
      "id": "way/1554205375"
    },
    {
      "type": "Feature",
      "properties": {
        "@id": "way/1554205376",
        "footway": "sidewalk",
        "highway": "footway"
      },
      "geometry": {
        "type": "LineString",
        "coordinates": [
          [
            2.4732036,
            48.9028281
          ],
          [
            2.4732187,
            48.9027968
          ]
        ]
      },
      "id": "way/1554205376"
    },
    {
      "type": "Feature",
      "properties": {
        "@id": "way/1554205377",
        "footway": "sidewalk",
        "highway": "footway"
      },
      "geometry": {
        "type": "LineString",
        "coordinates": [
          [
            2.4727513,
            48.9027686
          ],
          [
            2.4731214,
            48.9027818
          ],
          [
            2.4732036,
            48.9028281
          ],
          [
            2.473216,
            48.9028351
          ],
          [
            2.4731972,
            48.9029585
          ],
          [
            2.4731771,
            48.903067
          ],
          [
            2.4731449,
            48.9031961
          ]
        ]
      },
      "id": "way/1554205377"
    },
    {
      "type": "Feature",
      "properties": {
        "@id": "way/1554205378",
        "footway": "sidewalk",
        "highway": "footway"
      },
      "geometry": {
        "type": "LineString",
        "coordinates": [
          [
            2.4732368,
            48.9014215
          ],
          [
            2.4732206,
            48.9014194
          ]
        ]
      },
      "id": "way/1554205378"
    },
    {
      "type": "Feature",
      "properties": {
        "@id": "way/1554205379",
        "footway": "crossing",
        "highway": "footway",
        "surface": "asphalt"
      },
      "geometry": {
        "type": "LineString",
        "coordinates": [
          [
            2.4733233,
            48.9014039
          ],
          [
            2.4732841,
            48.9014069
          ],
          [
            2.4732368,
            48.9014215
          ]
        ]
      },
      "id": "way/1554205379"
    },
    {
      "type": "Feature",
      "properties": {
        "@id": "way/1554205380",
        "footway": "sidewalk",
        "highway": "footway"
      },
      "geometry": {
        "type": "LineString",
        "coordinates": [
          [
            2.4733462,
            48.9013922
          ],
          [
            2.4733233,
            48.9014039
          ]
        ]
      },
      "id": "way/1554205380"
    },
    {
      "type": "Feature",
      "properties": {
        "@id": "way/1554205381",
        "footway": "sidewalk",
        "highway": "footway"
      },
      "geometry": {
        "type": "LineString",
        "coordinates": [
          [
            2.4736223,
            48.9013342
          ],
          [
            2.4733756,
            48.9013977
          ],
          [
            2.4733462,
            48.9013922
          ],
          [
            2.4733166,
            48.9013867
          ],
          [
            2.4732837,
            48.9013267
          ]
        ]
      },
      "id": "way/1554205381"
    },
    {
      "type": "Feature",
      "properties": {
        "@id": "way/1554205382",
        "footway": "sidewalk",
        "highway": "footway"
      },
      "geometry": {
        "type": "LineString",
        "coordinates": [
          [
            2.4730758,
            48.9015476
          ],
          [
            2.4730798,
            48.9015559
          ]
        ]
      },
      "id": "way/1554205382"
    },
    {
      "type": "Feature",
      "properties": {
        "@id": "way/1554205383",
        "footway": "crossing",
        "highway": "footway"
      },
      "geometry": {
        "type": "LineString",
        "coordinates": [
          [
            2.4730457,
            48.9014947
          ],
          [
            2.4730638,
            48.9015265
          ],
          [
            2.4730758,
            48.9015476
          ]
        ]
      },
      "id": "way/1554205383"
    },
    {
      "type": "Feature",
      "properties": {
        "@id": "way/1554205384",
        "footway": "sidewalk",
        "highway": "footway"
      },
      "geometry": {
        "type": "LineString",
        "coordinates": [
          [
            2.4730393,
            48.9014853
          ],
          [
            2.4730457,
            48.9014947
          ]
        ]
      },
      "id": "way/1554205384"
    },
    {
      "type": "Feature",
      "properties": {
        "@id": "way/1554205385",
        "footway": "sidewalk",
        "highway": "footway"
      },
      "geometry": {
        "type": "LineString",
        "coordinates": [
          [
            2.4734285,
            48.9014612
          ],
          [
            2.4730798,
            48.9015559
          ],
          [
            2.473055,
            48.9015626
          ],
          [
            2.472811,
            48.9016278
          ],
          [
            2.4727909,
            48.9016406
          ],
          [
            2.4727909,
            48.90169
          ],
          [
            2.4728894,
            48.9017534
          ],
          [
            2.4729766,
            48.901801
          ]
        ]
      },
      "id": "way/1554205385"
    },
    {
      "type": "Feature",
      "properties": {
        "@id": "way/1554205386",
        "footway": "sidewalk",
        "highway": "footway"
      },
      "geometry": {
        "type": "LineString",
        "coordinates": [
          [
            2.4731147,
            48.9011769
          ],
          [
            2.4731831,
            48.9013065
          ],
          [
            2.4732254,
            48.9014026
          ],
          [
            2.4732206,
            48.9014194
          ],
          [
            2.4732167,
            48.9014334
          ],
          [
            2.4730393,
            48.9014853
          ],
          [
            2.4729726,
            48.9015048
          ],
          [
            2.4728023,
            48.9015551
          ]
        ]
      },
      "id": "way/1554205386"
    },
    {
      "type": "Feature",
      "properties": {
        "@id": "way/1554205387",
        "footway": "sidewalk",
        "highway": "footway"
      },
      "geometry": {
        "type": "LineString",
        "coordinates": [
          [
            2.4743951,
            48.9003605
          ],
          [
            2.4744065,
            48.9003805
          ]
        ]
      },
      "id": "way/1554205387"
    },
    {
      "type": "Feature",
      "properties": {
        "@id": "way/1554205388",
        "footway": "crossing",
        "highway": "footway"
      },
      "geometry": {
        "type": "LineString",
        "coordinates": [
          [
            2.4743707,
            48.9003255
          ],
          [
            2.4743851,
            48.9003462
          ],
          [
            2.4743951,
            48.9003605
          ]
        ]
      },
      "id": "way/1554205388"
    },
    {
      "type": "Feature",
      "properties": {
        "@id": "way/1554205389",
        "footway": "sidewalk",
        "highway": "footway"
      },
      "geometry": {
        "type": "LineString",
        "coordinates": [
          [
            2.4743625,
            48.9003175
          ],
          [
            2.4743707,
            48.9003255
          ]
        ]
      },
      "id": "way/1554205389"
    },
    {
      "type": "Feature",
      "properties": {
        "@id": "way/1554205390",
        "footway": "sidewalk",
        "highway": "footway"
      },
      "geometry": {
        "type": "LineString",
        "coordinates": [
          [
            2.4742037,
            48.9003557
          ],
          [
            2.4743559,
            48.9003235
          ],
          [
            2.4743625,
            48.9003175
          ],
          [
            2.47437,
            48.9003107
          ],
          [
            2.4743177,
            48.9002093
          ],
          [
            2.4742848,
            48.9001582
          ]
        ]
      },
      "id": "way/1554205390"
    },
    {
      "type": "Feature",
      "properties": {
        "@id": "way/1554205391",
        "footway": "sidewalk",
        "highway": "footway"
      },
      "geometry": {
        "type": "LineString",
        "coordinates": [
          [
            2.4741514,
            48.9004315
          ],
          [
            2.4742701,
            48.9004002
          ],
          [
            2.4743894,
            48.9003764
          ],
          [
            2.4744065,
            48.9003805
          ],
          [
            2.474433,
            48.900387
          ]
        ]
      },
      "id": "way/1554205391"
    },
    {
      "type": "Feature",
      "properties": {
        "@id": "way/1554205392",
        "footway": "sidewalk",
        "highway": "footway"
      },
      "geometry": {
        "type": "LineString",
        "coordinates": [
          [
            2.4747401,
            48.9007374
          ],
          [
            2.4747389,
            48.9007172
          ]
        ]
      },
      "id": "way/1554205392"
    },
    {
      "type": "Feature",
      "properties": {
        "@id": "way/1554205393",
        "footway": "crossing",
        "highway": "footway",
        "surface": "asphalt"
      },
      "geometry": {
        "type": "LineString",
        "coordinates": [
          [
            2.4747723,
            48.9007987
          ],
          [
            2.4747652,
            48.9007626
          ],
          [
            2.4747401,
            48.9007374
          ]
        ]
      },
      "id": "way/1554205393"
    },
    {
      "type": "Feature",
      "properties": {
        "@id": "way/1554205394",
        "footway": "sidewalk",
        "highway": "footway"
      },
      "geometry": {
        "type": "LineString",
        "coordinates": [
          [
            2.4748048,
            48.9008182
          ],
          [
            2.4747723,
            48.9007987
          ]
        ]
      },
      "id": "way/1554205394"
    },
    {
      "type": "Feature",
      "properties": {
        "@id": "way/1554205395",
        "footway": "sidewalk",
        "highway": "footway"
      },
      "geometry": {
        "type": "LineString",
        "coordinates": [
          [
            2.4750634,
            48.9006722
          ],
          [
            2.4747549,
            48.9007207
          ],
          [
            2.4747389,
            48.9007172
          ],
          [
            2.4747013,
            48.9007092
          ],
          [
            2.4746744,
            48.9006651
          ],
          [
            2.4746181,
            48.9005655
          ],
          [
            2.4745631,
            48.9004668
          ],
          [
            2.4744957,
            48.9003394
          ],
          [
            2.4743941,
            48.9001503
          ],
          [
            2.4743103,
            48.8999916
          ],
          [
            2.4742641,
            48.8999043
          ],
          [
            2.4742459,
            48.8998761
          ]
        ]
      },
      "id": "way/1554205395"
    },
    {
      "type": "Feature",
      "properties": {
        "@id": "way/1554205396",
        "footway": "crossing",
        "highway": "footway"
      },
      "geometry": {
        "type": "LineString",
        "coordinates": [
          [
            2.4747475,
            48.9010402
          ],
          [
            2.4747617,
            48.9010729
          ],
          [
            2.4747757,
            48.9010872
          ]
        ]
      },
      "id": "way/1554205396"
    },
    {
      "type": "Feature",
      "properties": {
        "@id": "way/1554205397",
        "footway": "sidewalk",
        "highway": "footway"
      },
      "geometry": {
        "type": "LineString",
        "coordinates": [
          [
            2.4747353,
            48.9010243
          ],
          [
            2.4747475,
            48.9010402
          ]
        ]
      },
      "id": "way/1554205397"
    },
    {
      "type": "Feature",
      "properties": {
        "@id": "way/1554205398",
        "footway": "sidewalk",
        "highway": "footway"
      },
      "geometry": {
        "type": "LineString",
        "coordinates": [
          [
            2.4741098,
            48.9012046
          ],
          [
            2.4747281,
            48.9010345
          ],
          [
            2.4747353,
            48.9010243
          ],
          [
            2.4747482,
            48.9010063
          ],
          [
            2.4746483,
            48.9008353
          ],
          [
            2.4745765,
            48.900681
          ],
          [
            2.4745376,
            48.9005994
          ],
          [
            2.4744759,
            48.900461
          ],
          [
            2.4744532,
            48.9004169
          ],
          [
            2.474433,
            48.900387
          ]
        ]
      },
      "id": "way/1554205398"
    },
    {
      "type": "Feature",
      "properties": {
        "@id": "way/1554205399",
        "footway": "sidewalk",
        "highway": "footway"
      },
      "geometry": {
        "type": "LineString",
        "coordinates": [
          [
            2.4747722,
            48.9011105
          ],
          [
            2.4747728,
            48.9011068
          ],
          [
            2.4747757,
            48.9010872
          ]
        ]
      },
      "id": "way/1554205399"
    },
    {
      "type": "Feature",
      "properties": {
        "@id": "way/1554205400",
        "footway": "sidewalk",
        "highway": "footway"
      },
      "geometry": {
        "type": "LineString",
        "coordinates": [
          [
            2.474885,
            48.9010825
          ],
          [
            2.4749062,
            48.901078
          ]
        ]
      },
      "id": "way/1554205400"
    },
    {
      "type": "Feature",
      "properties": {
        "@id": "way/1554205401",
        "footway": "crossing",
        "highway": "footway"
      },
      "geometry": {
        "type": "LineString",
        "coordinates": [
          [
            2.4748199,
            48.901098
          ],
          [
            2.4748515,
            48.9010905
          ],
          [
            2.474885,
            48.9010825
          ]
        ]
      },
      "id": "way/1554205401"
    },
    {
      "type": "Feature",
      "properties": {
        "@id": "way/1554205402",
        "footway": "sidewalk",
        "highway": "footway"
      },
      "geometry": {
        "type": "LineString",
        "coordinates": [
          [
            2.4747859,
            48.9011127
          ],
          [
            2.4747995,
            48.9011008
          ],
          [
            2.4748199,
            48.901098
          ]
        ]
      },
      "id": "way/1554205402"
    },
    {
      "type": "Feature",
      "properties": {
        "@id": "way/1554205403",
        "footway": "sidewalk",
        "highway": "footway"
      },
      "geometry": {
        "type": "LineString",
        "coordinates": [
          [
            2.4752129,
            48.9016952
          ],
          [
            2.4752265,
            48.90169
          ]
        ]
      },
      "id": "way/1554205403"
    },
    {
      "type": "Feature",
      "properties": {
        "@id": "way/1554205404",
        "footway": "crossing",
        "highway": "footway"
      },
      "geometry": {
        "type": "LineString",
        "coordinates": [
          [
            2.4751457,
            48.9017106
          ],
          [
            2.4751825,
            48.9017068
          ],
          [
            2.4752129,
            48.9016952
          ]
        ]
      },
      "id": "way/1554205404"
    },
    {
      "type": "Feature",
      "properties": {
        "@id": "way/1554205405",
        "footway": "sidewalk",
        "highway": "footway"
      },
      "geometry": {
        "type": "LineString",
        "coordinates": [
          [
            2.4751124,
            48.9017136
          ],
          [
            2.4751457,
            48.9017106
          ]
        ]
      },
      "id": "way/1554205405"
    },
    {
      "type": "Feature",
      "properties": {
        "@id": "way/1554205406",
        "footway": "sidewalk",
        "highway": "footway"
      },
      "geometry": {
        "type": "LineString",
        "coordinates": [
          [
            2.4751063,
            48.9018085
          ],
          [
            2.4751158,
            48.9018229
          ]
        ]
      },
      "id": "way/1554205406"
    },
    {
      "type": "Feature",
      "properties": {
        "@id": "way/1554205407",
        "footway": "crossing",
        "highway": "footway"
      },
      "geometry": {
        "type": "LineString",
        "coordinates": [
          [
            2.4750835,
            48.9017675
          ],
          [
            2.4750948,
            48.9017864
          ],
          [
            2.4751063,
            48.9018085
          ]
        ]
      },
      "id": "way/1554205407"
    },
    {
      "type": "Feature",
      "properties": {
        "@id": "way/1554205408",
        "footway": "sidewalk",
        "highway": "footway"
      },
      "geometry": {
        "type": "LineString",
        "coordinates": [
          [
            2.4750648,
            48.901735
          ],
          [
            2.4750835,
            48.9017675
          ]
        ]
      },
      "id": "way/1554205408"
    },
    {
      "type": "Feature",
      "properties": {
        "@id": "way/1554205409",
        "footway": "sidewalk",
        "highway": "footway"
      },
      "geometry": {
        "type": "LineString",
        "coordinates": [
          [
            2.4756514,
            48.9016357
          ],
          [
            2.4752913,
            48.9017111
          ],
          [
            2.4752471,
            48.901712
          ],
          [
            2.4752265,
            48.90169
          ],
          [
            2.4752169,
            48.9016798
          ],
          [
            2.4750882,
            48.9014409
          ],
          [
            2.4749062,
            48.901078
          ],
          [
            2.4747938,
            48.9008538
          ],
          [
            2.4747978,
            48.9008229
          ],
          [
            2.4748048,
            48.9008182
          ],
          [
            2.4748488,
            48.9007885
          ],
          [
            2.4750794,
            48.900748
          ]
        ]
      },
      "id": "way/1554205409"
    },
    {
      "type": "Feature",
      "properties": {
        "@id": "way/1554205410",
        "footway": "sidewalk",
        "highway": "footway"
      },
      "geometry": {
        "type": "LineString",
        "coordinates": [
          [
            2.4747958,
            48.9011143
          ],
          [
            2.4747859,
            48.9011127
          ],
          [
            2.4747722,
            48.9011105
          ],
          [
            2.4747628,
            48.901109
          ],
          [
            2.4747375,
            48.901105
          ],
          [
            2.4744236,
            48.9011927
          ]
        ]
      },
      "id": "way/1554205410"
    },
    {
      "type": "Feature",
      "properties": {
        "@id": "way/1554205411",
        "footway": "sidewalk",
        "highway": "footway"
      },
      "geometry": {
        "type": "LineString",
        "coordinates": [
          [
            2.475113,
            48.9017248
          ],
          [
            2.4751124,
            48.9017136
          ],
          [
            2.4751103,
            48.9016736
          ],
          [
            2.4750399,
            48.9015403
          ],
          [
            2.4747958,
            48.9011143
          ]
        ]
      },
      "id": "way/1554205411"
    },
    {
      "type": "Feature",
      "properties": {
        "@id": "way/1554205412",
        "footway": "sidewalk",
        "highway": "footway"
      },
      "geometry": {
        "type": "LineString",
        "coordinates": [
          [
            2.4744558,
            48.9018694
          ],
          [
            2.4750338,
            48.9017415
          ],
          [
            2.4750648,
            48.901735
          ],
          [
            2.475113,
            48.9017248
          ]
        ]
      },
      "id": "way/1554205412"
    },
    {
      "type": "Feature",
      "properties": {
        "@id": "way/1554205413",
        "footway": "sidewalk",
        "highway": "footway"
      },
      "geometry": {
        "type": "LineString",
        "coordinates": [
          [
            2.4734252,
            48.9021911
          ],
          [
            2.4734983,
            48.902192
          ]
        ]
      },
      "id": "way/1554205413"
    },
    {
      "type": "Feature",
      "properties": {
        "@id": "way/1554205414",
        "footway": "crossing",
        "highway": "footway"
      },
      "geometry": {
        "type": "LineString",
        "coordinates": [
          [
            2.4733709,
            48.9021902
          ],
          [
            2.4734012,
            48.9021909
          ],
          [
            2.4734252,
            48.9021911
          ]
        ]
      },
      "id": "way/1554205414"
    },
    {
      "type": "Feature",
      "properties": {
        "@id": "way/1554205415",
        "footway": "sidewalk",
        "highway": "footway"
      },
      "geometry": {
        "type": "LineString",
        "coordinates": [
          [
            2.4733466,
            48.902187
          ],
          [
            2.4733709,
            48.9021902
          ]
        ]
      },
      "id": "way/1554205415"
    },
    {
      "type": "Feature",
      "properties": {
        "@id": "way/1554205416",
        "footway": "sidewalk",
        "highway": "footway"
      },
      "geometry": {
        "type": "LineString",
        "coordinates": [
          [
            2.4732797,
            48.9020774
          ],
          [
            2.4733353,
            48.9021228
          ],
          [
            2.4733466,
            48.902187
          ],
          [
            2.4733494,
            48.902203
          ],
          [
            2.473338,
            48.9023088
          ],
          [
            2.4732918,
            48.9025288
          ],
          [
            2.4732502,
            48.9026826
          ],
          [
            2.4732324,
            48.9026938
          ],
          [
            2.4732053,
            48.9027108
          ],
          [
            2.4730926,
            48.9027104
          ],
          [
            2.4728217,
            48.9026949
          ]
        ]
      },
      "id": "way/1554205416"
    },
    {
      "type": "Feature",
      "properties": {
        "@id": "way/1554205417",
        "footway": "sidewalk",
        "highway": "footway"
      },
      "geometry": {
        "type": "LineString",
        "coordinates": [
          [
            2.4752565,
            48.9019478
          ],
          [
            2.47518,
            48.9018253
          ],
          [
            2.4751519,
            48.9018156
          ],
          [
            2.4751158,
            48.9018229
          ],
          [
            2.4749561,
            48.9018553
          ],
          [
            2.4747562,
            48.9018984
          ],
          [
            2.4742828,
            48.9019954
          ],
          [
            2.4738302,
            48.9020845
          ],
          [
            2.4735399,
            48.9021422
          ],
          [
            2.4734983,
            48.902192
          ],
          [
            2.4734822,
            48.9022409
          ],
          [
            2.4734741,
            48.9023622
          ]
        ]
      },
      "id": "way/1554205417"
    },
    {
      "type": "Feature",
      "properties": {
        "@id": "way/1554205418",
        "footway": "sidewalk",
        "highway": "footway"
      },
      "geometry": {
        "type": "LineString",
        "coordinates": [
          [
            2.4829584,
            48.903262
          ],
          [
            2.482965,
            48.9032798
          ]
        ]
      },
      "id": "way/1554205418"
    },
    {
      "type": "Feature",
      "properties": {
        "@id": "way/1554205419",
        "footway": "crossing",
        "highway": "footway"
      },
      "geometry": {
        "type": "LineString",
        "coordinates": [
          [
            2.4829273,
            48.9032093
          ],
          [
            2.4829472,
            48.9032312
          ],
          [
            2.4829584,
            48.903262
          ]
        ]
      },
      "id": "way/1554205419"
    },
    {
      "type": "Feature",
      "properties": {
        "@id": "way/1554205420",
        "footway": "sidewalk",
        "highway": "footway"
      },
      "geometry": {
        "type": "LineString",
        "coordinates": [
          [
            2.4829221,
            48.9032028
          ],
          [
            2.4829273,
            48.9032093
          ]
        ]
      },
      "id": "way/1554205420"
    },
    {
      "type": "Feature",
      "properties": {
        "@id": "way/1554205421",
        "footway": "sidewalk",
        "highway": "footway"
      },
      "geometry": {
        "type": "LineString",
        "coordinates": [
          [
            2.4822812,
            48.9033552
          ],
          [
            2.4825172,
            48.9033015
          ],
          [
            2.48265,
            48.9032715
          ],
          [
            2.4828612,
            48.9032199
          ],
          [
            2.4829221,
            48.9032028
          ],
          [
            2.4829397,
            48.9031979
          ],
          [
            2.4829578,
            48.9031758
          ],
          [
            2.4828941,
            48.9030489
          ],
          [
            2.4828646,
            48.9029951
          ],
          [
            2.4827814,
            48.9028682
          ]
        ]
      },
      "id": "way/1554205421"
    },
    {
      "type": "Feature",
      "properties": {
        "@id": "way/1554205422",
        "footway": "sidewalk",
        "highway": "footway"
      },
      "geometry": {
        "type": "LineString",
        "coordinates": [
          [
            2.4820706,
            48.9034985
          ],
          [
            2.4823449,
            48.9034412
          ],
          [
            2.4826218,
            48.9033707
          ],
          [
            2.482965,
            48.9032798
          ],
          [
            2.4829812,
            48.9032755
          ],
          [
            2.4830188,
            48.9032816
          ],
          [
            2.48311,
            48.903521
          ]
        ]
      },
      "id": "way/1554205422"
    },
    {
      "type": "Feature",
      "properties": {
        "@id": "way/1554205423",
        "footway": "sidewalk",
        "highway": "footway"
      },
      "geometry": {
        "type": "LineString",
        "coordinates": [
          [
            2.4812666,
            48.9037175
          ],
          [
            2.4812991,
            48.9037154
          ]
        ]
      },
      "id": "way/1554205423"
    },
    {
      "type": "Feature",
      "properties": {
        "@id": "way/1554205424",
        "footway": "crossing",
        "highway": "footway"
      },
      "geometry": {
        "type": "LineString",
        "coordinates": [
          [
            2.4812023,
            48.9037246
          ],
          [
            2.4812386,
            48.9037156
          ],
          [
            2.4812666,
            48.9037175
          ]
        ]
      },
      "id": "way/1554205424"
    },
    {
      "type": "Feature",
      "properties": {
        "@id": "way/1554205425",
        "footway": "sidewalk",
        "highway": "footway"
      },
      "geometry": {
        "type": "LineString",
        "coordinates": [
          [
            2.4811747,
            48.9037264
          ],
          [
            2.4812023,
            48.9037246
          ]
        ]
      },
      "id": "way/1554205425"
    },
    {
      "type": "Feature",
      "properties": {
        "@id": "way/1554205426",
        "footway": "sidewalk",
        "highway": "footway"
      },
      "geometry": {
        "type": "LineString",
        "coordinates": [
          [
            2.4816442,
            48.9036043
          ],
          [
            2.4812995,
            48.9036933
          ],
          [
            2.4812991,
            48.9037154
          ],
          [
            2.4812955,
            48.9039445
          ],
          [
            2.4812874,
            48.904038
          ]
        ]
      },
      "id": "way/1554205426"
    },
    {
      "type": "Feature",
      "properties": {
        "@id": "way/1554205427",
        "footway": "crossing",
        "highway": "footway"
      },
      "geometry": {
        "type": "LineString",
        "coordinates": [
          [
            2.4805176,
            48.903673
          ],
          [
            2.4805193,
            48.9037436
          ],
          [
            2.4805243,
            48.9038053
          ]
        ]
      },
      "id": "way/1554205427"
    },
    {
      "type": "Feature",
      "properties": {
        "@id": "way/1554205428",
        "footway": "sidewalk",
        "highway": "footway"
      },
      "geometry": {
        "type": "LineString",
        "coordinates": [
          [
            2.4811808,
            48.9038727
          ],
          [
            2.4811835,
            48.9037387
          ],
          [
            2.4811747,
            48.9037264
          ],
          [
            2.4811681,
            48.9037171
          ],
          [
            2.4805243,
            48.9038053
          ],
          [
            2.4805163,
            48.9039472
          ],
          [
            2.4805109,
            48.9043562
          ],
          [
            2.4805056,
            48.9044338
          ],
          [
            2.4805002,
            48.9044664
          ]
        ]
      },
      "id": "way/1554205428"
    },
    {
      "type": "Feature",
      "properties": {
        "@id": "way/1554205429",
        "footway": "sidewalk",
        "highway": "footway"
      },
      "geometry": {
        "type": "LineString",
        "coordinates": [
          [
            2.4808221,
            48.9031503
          ],
          [
            2.4804908,
            48.9032243
          ],
          [
            2.4804103,
            48.9032552
          ],
          [
            2.4803781,
            48.9033028
          ],
          [
            2.4803969,
            48.9034156
          ],
          [
            2.4804533,
            48.9035258
          ],
          [
            2.4805176,
            48.903673
          ],
          [
            2.4805605,
            48.9036889
          ],
          [
            2.4806105,
            48.9036836
          ]
        ]
      },
      "id": "way/1554205429"
    },
    {
      "type": "Feature",
      "properties": {
        "@id": "way/1554205430",
        "footway": "crossing",
        "highway": "footway",
        "surface": "asphalt"
      },
      "geometry": {
        "type": "LineString",
        "coordinates": [
          [
            2.4802906,
            48.9049072
          ],
          [
            2.480363,
            48.9049045
          ],
          [
            2.4804284,
            48.9049072
          ]
        ]
      },
      "id": "way/1554205430"
    },
    {
      "type": "Feature",
      "properties": {
        "@id": "way/1554205431",
        "footway": "sidewalk",
        "highway": "footway"
      },
      "geometry": {
        "type": "LineString",
        "coordinates": [
          [
            2.4804197,
            48.9050275
          ],
          [
            2.4804291,
            48.9049019
          ],
          [
            2.4804419,
            48.9048177
          ],
          [
            2.4804492,
            48.9047657
          ],
          [
            2.4804982,
            48.9047661
          ],
          [
            2.4805136,
            48.9045625
          ]
        ]
      },
      "id": "way/1554205431"
    },
    {
      "type": "Feature",
      "properties": {
        "@id": "way/1554205432",
        "footway": "sidewalk",
        "highway": "footway"
      },
      "geometry": {
        "type": "LineString",
        "coordinates": [
          [
            2.4801766,
            48.9048545
          ],
          [
            2.4802347,
            48.9048558
          ],
          [
            2.4802866,
            48.9048783
          ],
          [
            2.480293,
            48.9049305
          ],
          [
            2.4802856,
            48.9050271
          ]
        ]
      },
      "id": "way/1554205432"
    },
    {
      "type": "Feature",
      "properties": {
        "@id": "way/1554205433",
        "footway": "crossing",
        "highay": "footway"
      },
      "geometry": {
        "type": "LineString",
        "coordinates": [
          [
            2.481586,
            48.8998961
          ],
          [
            2.4815613,
            48.8999014
          ]
        ]
      },
      "id": "way/1554205433"
    },
    {
      "type": "Feature",
      "properties": {
        "@id": "way/1554205434",
        "footway": "crossing",
        "highay": "footway"
      },
      "geometry": {
        "type": "LineString",
        "coordinates": [
          [
            2.4815613,
            48.8999014
          ],
          [
            2.4815187,
            48.8999104
          ]
        ]
      },
      "id": "way/1554205434"
    },
    {
      "type": "Feature",
      "properties": {
        "@id": "way/1554205435",
        "footway": "crossing",
        "highay": "footway"
      },
      "geometry": {
        "type": "LineString",
        "coordinates": [
          [
            2.4814928,
            48.8999158
          ],
          [
            2.4814714,
            48.8999203
          ]
        ]
      },
      "id": "way/1554205435"
    },
    {
      "type": "Feature",
      "properties": {
        "@id": "way/1554205436",
        "footway": "crossing",
        "highay": "footway"
      },
      "geometry": {
        "type": "LineString",
        "coordinates": [
          [
            2.4814928,
            48.8999158
          ],
          [
            2.4815187,
            48.8999104
          ]
        ]
      },
      "id": "way/1554205436"
    },
    {
      "type": "Feature",
      "properties": {
        "@id": "way/1554221497",
        "footway": "sidewalk",
        "highway": "footway"
      },
      "geometry": {
        "type": "LineString",
        "coordinates": [
          [
            2.4851632,
            48.9155989
          ],
          [
            2.4846255,
            48.914672
          ],
          [
            2.484608,
            48.9146418
          ],
          [
            2.4853417,
            48.9144572
          ],
          [
            2.4863257,
            48.9142097
          ],
          [
            2.4867243,
            48.9141094
          ],
          [
            2.4873251,
            48.9150507
          ],
          [
            2.4872875,
            48.9150824
          ],
          [
            2.4852437,
            48.9156112
          ],
          [
            2.4851632,
            48.9155989
          ]
        ]
      },
      "id": "way/1554221497"
    },
    {
      "type": "Feature",
      "properties": {
        "@id": "node/978989077",
        "barrier": "kerb"
      },
      "geometry": {
        "type": "Point",
        "coordinates": [
          2.4770312,
          48.9013589
        ]
      },
      "id": "node/978989077"
    },
    {
      "type": "Feature",
      "properties": {
        "@id": "node/979062129",
        "barrier": "kerb"
      },
      "geometry": {
        "type": "Point",
        "coordinates": [
          2.4782256,
          48.8965532
        ]
      },
      "id": "node/979062129"
    },
    {
      "type": "Feature",
      "properties": {
        "@id": "node/11753004043",
        "barrier": "kerb",
        "kerb": "lowered",
        "tactile_paving": "no"
      },
      "geometry": {
        "type": "Point",
        "coordinates": [
          2.4843126,
          48.8955858
        ]
      },
      "id": "node/11753004043"
    },
    {
      "type": "Feature",
      "properties": {
        "@id": "node/11753004045",
        "barrier": "kerb",
        "kerb": "lowered",
        "tactile_paving": "no"
      },
      "geometry": {
        "type": "Point",
        "coordinates": [
          2.4844353,
          48.8955692
        ]
      },
      "id": "node/11753004045"
    },
    {
      "type": "Feature",
      "properties": {
        "@id": "node/11753004065",
        "barrier": "kerb",
        "kerb": "flush",
        "tactile_paving": "no"
      },
      "geometry": {
        "type": "Point",
        "coordinates": [
          2.4837266,
          48.8940051
        ]
      },
      "id": "node/11753004065"
    },
    {
      "type": "Feature",
      "properties": {
        "@id": "node/11753004067",
        "barrier": "kerb",
        "kerb": "flush",
        "tactile_paving": "no"
      },
      "geometry": {
        "type": "Point",
        "coordinates": [
          2.4836152,
          48.8940353
        ]
      },
      "id": "node/11753004067"
    },
    {
      "type": "Feature",
      "properties": {
        "@id": "node/11753004073",
        "barrier": "kerb",
        "kerb": "lowered",
        "tactile_paving": "yes"
      },
      "geometry": {
        "type": "Point",
        "coordinates": [
          2.4810906,
          48.8945916
        ]
      },
      "id": "node/11753004073"
    },
    {
      "type": "Feature",
      "properties": {
        "@id": "node/11753004075",
        "barrier": "kerb",
        "kerb": "lowered",
        "tactile_paving": "yes"
      },
      "geometry": {
        "type": "Point",
        "coordinates": [
          2.4810836,
          48.8945555
        ]
      },
      "id": "node/11753004075"
    },
    {
      "type": "Feature",
      "properties": {
        "@id": "node/11753004076",
        "barrier": "kerb",
        "kerb": "lowered",
        "tactile_paving": "no"
      },
      "geometry": {
        "type": "Point",
        "coordinates": [
          2.4819073,
          48.8944678
        ]
      },
      "id": "node/11753004076"
    },
    {
      "type": "Feature",
      "properties": {
        "@id": "node/11753004077",
        "barrier": "kerb",
        "kerb": "lowered",
        "tactile_paving": "no"
      },
      "geometry": {
        "type": "Point",
        "coordinates": [
          2.4818861,
          48.8944383
        ]
      },
      "id": "node/11753004077"
    },
    {
      "type": "Feature",
      "properties": {
        "@id": "node/14078880440",
        "barrier": "kerb"
      },
      "geometry": {
        "type": "Point",
        "coordinates": [
          2.4726889,
          48.9081356
        ]
      },
      "id": "node/14078880440"
    },
    {
      "type": "Feature",
      "properties": {
        "@id": "node/14078880441",
        "barrier": "kerb"
      },
      "geometry": {
        "type": "Point",
        "coordinates": [
          2.4726688,
          48.9080828
        ]
      },
      "id": "node/14078880441"
    },
    {
      "type": "Feature",
      "properties": {
        "@id": "node/14078899410",
        "barrier": "kerb"
      },
      "geometry": {
        "type": "Point",
        "coordinates": [
          2.4803037,
          48.9079137
        ]
      },
      "id": "node/14078899410"
    },
    {
      "type": "Feature",
      "properties": {
        "@id": "node/14078899411",
        "barrier": "kerb"
      },
      "geometry": {
        "type": "Point",
        "coordinates": [
          2.4801334,
          48.9079078
        ]
      },
      "id": "node/14078899411"
    },
    {
      "type": "Feature",
      "properties": {
        "@id": "node/14078899418",
        "barrier": "kerb"
      },
      "geometry": {
        "type": "Point",
        "coordinates": [
          2.4763904,
          48.9077187
        ]
      },
      "id": "node/14078899418"
    },
    {
      "type": "Feature",
      "properties": {
        "@id": "node/14078899419",
        "barrier": "kerb"
      },
      "geometry": {
        "type": "Point",
        "coordinates": [
          2.4763314,
          48.9077178
        ]
      },
      "id": "node/14078899419"
    },
    {
      "type": "Feature",
      "properties": {
        "@id": "node/14078899431",
        "barrier": "kerb"
      },
      "geometry": {
        "type": "Point",
        "coordinates": [
          2.4787963,
          48.908434
        ]
      },
      "id": "node/14078899431"
    },
    {
      "type": "Feature",
      "properties": {
        "@id": "node/14078899434",
        "barrier": "kerb"
      },
      "geometry": {
        "type": "Point",
        "coordinates": [
          2.4800778,
          48.9085013
        ]
      },
      "id": "node/14078899434"
    },
    {
      "type": "Feature",
      "properties": {
        "@id": "node/14078899435",
        "barrier": "kerb"
      },
      "geometry": {
        "type": "Point",
        "coordinates": [
          2.4800853,
          48.9084106
        ]
      },
      "id": "node/14078899435"
    },
    {
      "type": "Feature",
      "properties": {
        "@id": "node/14078899442",
        "barrier": "kerb"
      },
      "geometry": {
        "type": "Point",
        "coordinates": [
          2.4776386,
          48.9082599
        ]
      },
      "id": "node/14078899442"
    },
    {
      "type": "Feature",
      "properties": {
        "@id": "node/14085412869",
        "barrier": "kerb"
      },
      "geometry": {
        "type": "Point",
        "coordinates": [
          2.4776725,
          48.9077861
        ]
      },
      "id": "node/14085412869"
    },
    {
      "type": "Feature",
      "properties": {
        "@id": "node/14085412870",
        "barrier": "kerb"
      },
      "geometry": {
        "type": "Point",
        "coordinates": [
          2.4775729,
          48.9077826
        ]
      },
      "id": "node/14085412870"
    },
    {
      "type": "Feature",
      "properties": {
        "@id": "node/14085619778",
        "barrier": "kerb"
      },
      "geometry": {
        "type": "Point",
        "coordinates": [
          2.4788654,
          48.908434
        ]
      },
      "id": "node/14085619778"
    },
    {
      "type": "Feature",
      "properties": {
        "@id": "node/14085619782",
        "barrier": "kerb"
      },
      "geometry": {
        "type": "Point",
        "coordinates": [
          2.477624,
          48.9083529
        ]
      },
      "id": "node/14085619782"
    },
    {
      "type": "Feature",
      "properties": {
        "@id": "node/14085619783",
        "barrier": "kerb"
      },
      "geometry": {
        "type": "Point",
        "coordinates": [
          2.4776505,
          48.9082717
        ]
      },
      "id": "node/14085619783"
    },
    {
      "type": "Feature",
      "properties": {
        "@id": "node/14085619787",
        "barrier": "kerb"
      },
      "geometry": {
        "type": "Point",
        "coordinates": [
          2.4775004,
          48.9082755
        ]
      },
      "id": "node/14085619787"
    },
    {
      "type": "Feature",
      "properties": {
        "@id": "node/14085619788",
        "barrier": "kerb"
      },
      "geometry": {
        "type": "Point",
        "coordinates": [
          2.4775016,
          48.9083409
        ]
      },
      "id": "node/14085619788"
    },
    {
      "type": "Feature",
      "properties": {
        "@id": "node/14085619789",
        "barrier": "kerb"
      },
      "geometry": {
        "type": "Point",
        "coordinates": [
          2.4775385,
          48.908252
        ]
      },
      "id": "node/14085619789"
    },
    {
      "type": "Feature",
      "properties": {
        "@id": "node/14085680191",
        "barrier": "kerb"
      },
      "geometry": {
        "type": "Point",
        "coordinates": [
          2.4748867,
          48.9082009
        ]
      },
      "id": "node/14085680191"
    },
    {
      "type": "Feature",
      "properties": {
        "@id": "node/14085680192",
        "barrier": "kerb"
      },
      "geometry": {
        "type": "Point",
        "coordinates": [
          2.4748883,
          48.9081678
        ]
      },
      "id": "node/14085680192"
    },
    {
      "type": "Feature",
      "properties": {
        "@id": "node/14085680196",
        "barrier": "kerb"
      },
      "geometry": {
        "type": "Point",
        "coordinates": [
          2.4749539,
          48.9082243
        ]
      },
      "id": "node/14085680196"
    },
    {
      "type": "Feature",
      "properties": {
        "@id": "node/14085680197",
        "barrier": "kerb"
      },
      "geometry": {
        "type": "Point",
        "coordinates": [
          2.4749762,
          48.9082253
        ]
      },
      "id": "node/14085680197"
    },
    {
      "type": "Feature",
      "properties": {
        "@id": "node/14087773845",
        "barrier": "kerb"
      },
      "geometry": {
        "type": "Point",
        "coordinates": [
          2.4803131,
          48.9083058
        ]
      },
      "id": "node/14087773845"
    },
    {
      "type": "Feature",
      "properties": {
        "@id": "node/14087773846",
        "barrier": "kerb"
      },
      "geometry": {
        "type": "Point",
        "coordinates": [
          2.4803124,
          48.9082639
        ]
      },
      "id": "node/14087773846"
    },
    {
      "type": "Feature",
      "properties": {
        "@id": "node/14122940256",
        "barrier": "kerb"
      },
      "geometry": {
        "type": "Point",
        "coordinates": [
          2.4740089,
          48.9082078
        ]
      },
      "id": "node/14122940256"
    },
    {
      "type": "Feature",
      "properties": {
        "@id": "node/14122940258",
        "barrier": "kerb"
      },
      "geometry": {
        "type": "Point",
        "coordinates": [
          2.473971,
          48.9082049
        ]
      },
      "id": "node/14122940258"
    },
    {
      "type": "Feature",
      "properties": {
        "@id": "node/14122940261",
        "barrier": "kerb"
      },
      "geometry": {
        "type": "Point",
        "coordinates": [
          2.4747784,
          48.9089711
        ]
      },
      "id": "node/14122940261"
    },
    {
      "type": "Feature",
      "properties": {
        "@id": "node/14122940263",
        "barrier": "kerb"
      },
      "geometry": {
        "type": "Point",
        "coordinates": [
          2.4748165,
          48.9089729
        ]
      },
      "id": "node/14122940263"
    },
    {
      "type": "Feature",
      "properties": {
        "@id": "node/14122940266",
        "barrier": "kerb"
      },
      "geometry": {
        "type": "Point",
        "coordinates": [
          2.4749185,
          48.9092476
        ]
      },
      "id": "node/14122940266"
    },
    {
      "type": "Feature",
      "properties": {
        "@id": "node/14122940268",
        "barrier": "kerb"
      },
      "geometry": {
        "type": "Point",
        "coordinates": [
          2.4749526,
          48.9092362
        ]
      },
      "id": "node/14122940268"
    },
    {
      "type": "Feature",
      "properties": {
        "@id": "node/14122940271",
        "barrier": "kerb"
      },
      "geometry": {
        "type": "Point",
        "coordinates": [
          2.475,
          48.9093534
        ]
      },
      "id": "node/14122940271"
    },
    {
      "type": "Feature",
      "properties": {
        "@id": "node/14122940273",
        "barrier": "kerb"
      },
      "geometry": {
        "type": "Point",
        "coordinates": [
          2.4750449,
          48.9093549
        ]
      },
      "id": "node/14122940273"
    },
    {
      "type": "Feature",
      "properties": {
        "@id": "node/14122940276",
        "barrier": "kerb"
      },
      "geometry": {
        "type": "Point",
        "coordinates": [
          2.4750572,
          48.9094276
        ]
      },
      "id": "node/14122940276"
    },
    {
      "type": "Feature",
      "properties": {
        "@id": "node/14122940278",
        "barrier": "kerb"
      },
      "geometry": {
        "type": "Point",
        "coordinates": [
          2.4750913,
          48.9094161
        ]
      },
      "id": "node/14122940278"
    },
    {
      "type": "Feature",
      "properties": {
        "@id": "node/14122940281",
        "barrier": "kerb"
      },
      "geometry": {
        "type": "Point",
        "coordinates": [
          2.4751387,
          48.9095333
        ]
      },
      "id": "node/14122940281"
    },
    {
      "type": "Feature",
      "properties": {
        "@id": "node/14122940283",
        "barrier": "kerb"
      },
      "geometry": {
        "type": "Point",
        "coordinates": [
          2.4751836,
          48.909535
        ]
      },
      "id": "node/14122940283"
    },
    {
      "type": "Feature",
      "properties": {
        "@id": "node/14122940286",
        "barrier": "kerb"
      },
      "geometry": {
        "type": "Point",
        "coordinates": [
          2.4750642,
          48.9092883
        ]
      },
      "id": "node/14122940286"
    },
    {
      "type": "Feature",
      "properties": {
        "@id": "node/14122940288",
        "barrier": "kerb"
      },
      "geometry": {
        "type": "Point",
        "coordinates": [
          2.4750845,
          48.9093146
        ]
      },
      "id": "node/14122940288"
    },
    {
      "type": "Feature",
      "properties": {
        "@id": "node/14122940291",
        "barrier": "kerb"
      },
      "geometry": {
        "type": "Point",
        "coordinates": [
          2.4757506,
          48.909337
        ]
      },
      "id": "node/14122940291"
    },
    {
      "type": "Feature",
      "properties": {
        "@id": "node/14122940293",
        "barrier": "kerb"
      },
      "geometry": {
        "type": "Point",
        "coordinates": [
          2.4757526,
          48.9093118
        ]
      },
      "id": "node/14122940293"
    },
    {
      "type": "Feature",
      "properties": {
        "@id": "node/14122940296",
        "barrier": "kerb"
      },
      "geometry": {
        "type": "Point",
        "coordinates": [
          2.4752028,
          48.9094686
        ]
      },
      "id": "node/14122940296"
    },
    {
      "type": "Feature",
      "properties": {
        "@id": "node/14122940298",
        "barrier": "kerb"
      },
      "geometry": {
        "type": "Point",
        "coordinates": [
          2.4752232,
          48.9094951
        ]
      },
      "id": "node/14122940298"
    },
    {
      "type": "Feature",
      "properties": {
        "@id": "node/14122940301",
        "barrier": "kerb"
      },
      "geometry": {
        "type": "Point",
        "coordinates": [
          2.4756216,
          48.9095151
        ]
      },
      "id": "node/14122940301"
    },
    {
      "type": "Feature",
      "properties": {
        "@id": "node/14122940303",
        "barrier": "kerb"
      },
      "geometry": {
        "type": "Point",
        "coordinates": [
          2.4756243,
          48.9094845
        ]
      },
      "id": "node/14122940303"
    },
    {
      "type": "Feature",
      "properties": {
        "@id": "node/14122940306",
        "barrier": "kerb"
      },
      "geometry": {
        "type": "Point",
        "coordinates": [
          2.4750467,
          48.9089833
        ]
      },
      "id": "node/14122940306"
    },
    {
      "type": "Feature",
      "properties": {
        "@id": "node/14122940308",
        "barrier": "kerb"
      },
      "geometry": {
        "type": "Point",
        "coordinates": [
          2.4750848,
          48.9089851
        ]
      },
      "id": "node/14122940308"
    },
    {
      "type": "Feature",
      "properties": {
        "@id": "node/14122940311",
        "barrier": "kerb"
      },
      "geometry": {
        "type": "Point",
        "coordinates": [
          2.4748683,
          48.90884
        ]
      },
      "id": "node/14122940311"
    },
    {
      "type": "Feature",
      "properties": {
        "@id": "node/14122940313",
        "barrier": "kerb"
      },
      "geometry": {
        "type": "Point",
        "coordinates": [
          2.4749255,
          48.9088427
        ]
      },
      "id": "node/14122940313"
    },
    {
      "type": "Feature",
      "properties": {
        "@id": "node/14122940316",
        "barrier": "kerb"
      },
      "geometry": {
        "type": "Point",
        "coordinates": [
          2.4762979,
          48.9083213
        ]
      },
      "id": "node/14122940316"
    },
    {
      "type": "Feature",
      "properties": {
        "@id": "node/14122940318",
        "barrier": "kerb"
      },
      "geometry": {
        "type": "Point",
        "coordinates": [
          2.4762369,
          48.9083177
        ]
      },
      "id": "node/14122940318"
    },
    {
      "type": "Feature",
      "properties": {
        "@id": "node/14122940321",
        "barrier": "kerb"
      },
      "geometry": {
        "type": "Point",
        "coordinates": [
          2.4761726,
          48.9088908
        ]
      },
      "id": "node/14122940321"
    },
    {
      "type": "Feature",
      "properties": {
        "@id": "node/14122940323",
        "barrier": "kerb"
      },
      "geometry": {
        "type": "Point",
        "coordinates": [
          2.4762298,
          48.9088933
        ]
      },
      "id": "node/14122940323"
    },
    {
      "type": "Feature",
      "properties": {
        "@id": "node/14122940326",
        "barrier": "kerb"
      },
      "geometry": {
        "type": "Point",
        "coordinates": [
          2.4799042,
          48.9091975
        ]
      },
      "id": "node/14122940326"
    },
    {
      "type": "Feature",
      "properties": {
        "@id": "node/14122940328",
        "barrier": "kerb"
      },
      "geometry": {
        "type": "Point",
        "coordinates": [
          2.4798634,
          48.9091958
        ]
      },
      "id": "node/14122940328"
    },
    {
      "type": "Feature",
      "properties": {
        "@id": "node/14122940331",
        "barrier": "kerb"
      },
      "geometry": {
        "type": "Point",
        "coordinates": [
          2.4777551,
          48.9093794
        ]
      },
      "id": "node/14122940331"
    },
    {
      "type": "Feature",
      "properties": {
        "@id": "node/14122940333",
        "barrier": "kerb"
      },
      "geometry": {
        "type": "Point",
        "coordinates": [
          2.4777321,
          48.9094055
        ]
      },
      "id": "node/14122940333"
    },
    {
      "type": "Feature",
      "properties": {
        "@id": "node/14122940336",
        "barrier": "kerb"
      },
      "geometry": {
        "type": "Point",
        "coordinates": [
          2.4776624,
          48.9092984
        ]
      },
      "id": "node/14122940336"
    },
    {
      "type": "Feature",
      "properties": {
        "@id": "node/14122940338",
        "barrier": "kerb"
      },
      "geometry": {
        "type": "Point",
        "coordinates": [
          2.4776171,
          48.9092967
        ]
      },
      "id": "node/14122940338"
    },
    {
      "type": "Feature",
      "properties": {
        "@id": "node/14122940341",
        "barrier": "kerb"
      },
      "geometry": {
        "type": "Point",
        "coordinates": [
          2.4772641,
          48.9092817
        ]
      },
      "id": "node/14122940341"
    },
    {
      "type": "Feature",
      "properties": {
        "@id": "node/14122940343",
        "barrier": "kerb"
      },
      "geometry": {
        "type": "Point",
        "coordinates": [
          2.4773014,
          48.9092916
        ]
      },
      "id": "node/14122940343"
    },
    {
      "type": "Feature",
      "properties": {
        "@id": "node/14122940346",
        "barrier": "kerb"
      },
      "geometry": {
        "type": "Point",
        "coordinates": [
          2.4771007,
          48.9093846
        ]
      },
      "id": "node/14122940346"
    },
    {
      "type": "Feature",
      "properties": {
        "@id": "node/14122940348",
        "barrier": "kerb"
      },
      "geometry": {
        "type": "Point",
        "coordinates": [
          2.4771538,
          48.9093866
        ]
      },
      "id": "node/14122940348"
    },
    {
      "type": "Feature",
      "properties": {
        "@id": "node/14122940351",
        "barrier": "kerb"
      },
      "geometry": {
        "type": "Point",
        "coordinates": [
          2.4788237,
          48.9094228
        ]
      },
      "id": "node/14122940351"
    },
    {
      "type": "Feature",
      "properties": {
        "@id": "node/14122940353",
        "barrier": "kerb"
      },
      "geometry": {
        "type": "Point",
        "coordinates": [
          2.4788269,
          48.9093877
        ]
      },
      "id": "node/14122940353"
    },
    {
      "type": "Feature",
      "properties": {
        "@id": "node/14122940356",
        "barrier": "kerb"
      },
      "geometry": {
        "type": "Point",
        "coordinates": [
          2.4786655,
          48.9093824
        ]
      },
      "id": "node/14122940356"
    },
    {
      "type": "Feature",
      "properties": {
        "@id": "node/14122940358",
        "barrier": "kerb"
      },
      "geometry": {
        "type": "Point",
        "coordinates": [
          2.4786629,
          48.9094176
        ]
      },
      "id": "node/14122940358"
    },
    {
      "type": "Feature",
      "properties": {
        "@id": "node/14122940361",
        "barrier": "kerb"
      },
      "geometry": {
        "type": "Point",
        "coordinates": [
          2.4774782,
          48.9093672
        ]
      },
      "id": "node/14122940361"
    },
    {
      "type": "Feature",
      "properties": {
        "@id": "node/14122940363",
        "barrier": "kerb"
      },
      "geometry": {
        "type": "Point",
        "coordinates": [
          2.477431,
          48.9093356
        ]
      },
      "id": "node/14122940363"
    },
    {
      "type": "Feature",
      "properties": {
        "@id": "node/14122940366",
        "barrier": "kerb"
      },
      "geometry": {
        "type": "Point",
        "coordinates": [
          2.4773446,
          48.9093321
        ]
      },
      "id": "node/14122940366"
    },
    {
      "type": "Feature",
      "properties": {
        "@id": "node/14122940368",
        "barrier": "kerb"
      },
      "geometry": {
        "type": "Point",
        "coordinates": [
          2.477342,
          48.909362
        ]
      },
      "id": "node/14122940368"
    },
    {
      "type": "Feature",
      "properties": {
        "@id": "node/14122940371",
        "barrier": "kerb"
      },
      "geometry": {
        "type": "Point",
        "coordinates": [
          2.478757,
          48.9090074
        ]
      },
      "id": "node/14122940371"
    },
    {
      "type": "Feature",
      "properties": {
        "@id": "node/14122940373",
        "barrier": "kerb"
      },
      "geometry": {
        "type": "Point",
        "coordinates": [
          2.478812,
          48.9090096
        ]
      },
      "id": "node/14122940373"
    },
    {
      "type": "Feature",
      "properties": {
        "@id": "node/14122940376",
        "barrier": "kerb"
      },
      "geometry": {
        "type": "Point",
        "coordinates": [
          2.4788735,
          48.9084533
        ]
      },
      "id": "node/14122940376"
    },
    {
      "type": "Feature",
      "properties": {
        "@id": "node/14122940378",
        "barrier": "kerb"
      },
      "geometry": {
        "type": "Point",
        "coordinates": [
          2.4788185,
          48.908451
        ]
      },
      "id": "node/14122940378"
    },
    {
      "type": "Feature",
      "properties": {
        "@id": "node/14122940381",
        "barrier": "kerb"
      },
      "geometry": {
        "type": "Point",
        "coordinates": [
          2.4774777,
          48.9089539
        ]
      },
      "id": "node/14122940381"
    },
    {
      "type": "Feature",
      "properties": {
        "@id": "node/14122940383",
        "barrier": "kerb"
      },
      "geometry": {
        "type": "Point",
        "coordinates": [
          2.4775349,
          48.9089562
        ]
      },
      "id": "node/14122940383"
    },
    {
      "type": "Feature",
      "properties": {
        "@id": "node/14122940386",
        "barrier": "kerb"
      },
      "geometry": {
        "type": "Point",
        "coordinates": [
          2.4790304,
          48.9094276
        ]
      },
      "id": "node/14122940386"
    },
    {
      "type": "Feature",
      "properties": {
        "@id": "node/14122940388",
        "barrier": "kerb"
      },
      "geometry": {
        "type": "Point",
        "coordinates": [
          2.4790109,
          48.909453
        ]
      },
      "id": "node/14122940388"
    },
    {
      "type": "Feature",
      "properties": {
        "@id": "node/14122940391",
        "barrier": "kerb"
      },
      "geometry": {
        "type": "Point",
        "coordinates": [
          2.4789549,
          48.9093392
        ]
      },
      "id": "node/14122940391"
    },
    {
      "type": "Feature",
      "properties": {
        "@id": "node/14122940393",
        "barrier": "kerb"
      },
      "geometry": {
        "type": "Point",
        "coordinates": [
          2.4789095,
          48.9093378
        ]
      },
      "id": "node/14122940393"
    },
    {
      "type": "Feature",
      "properties": {
        "@id": "node/14122940396",
        "barrier": "kerb"
      },
      "geometry": {
        "type": "Point",
        "coordinates": [
          2.4785519,
          48.909326
        ]
      },
      "id": "node/14122940396"
    },
    {
      "type": "Feature",
      "properties": {
        "@id": "node/14122940398",
        "barrier": "kerb"
      },
      "geometry": {
        "type": "Point",
        "coordinates": [
          2.47859,
          48.9093276
        ]
      },
      "id": "node/14122940398"
    },
    {
      "type": "Feature",
      "properties": {
        "@id": "node/14122940401",
        "barrier": "kerb"
      },
      "geometry": {
        "type": "Point",
        "coordinates": [
          2.478464,
          48.90944
        ]
      },
      "id": "node/14122940401"
    },
    {
      "type": "Feature",
      "properties": {
        "@id": "node/14122940403",
        "barrier": "kerb"
      },
      "geometry": {
        "type": "Point",
        "coordinates": [
          2.4784672,
          48.909407
        ]
      },
      "id": "node/14122940403"
    },
    {
      "type": "Feature",
      "properties": {
        "@id": "node/14122940406",
        "barrier": "kerb"
      },
      "geometry": {
        "type": "Point",
        "coordinates": [
          2.4761478,
          48.9095525
        ]
      },
      "id": "node/14122940406"
    },
    {
      "type": "Feature",
      "properties": {
        "@id": "node/14122940408",
        "barrier": "kerb"
      },
      "geometry": {
        "type": "Point",
        "coordinates": [
          2.4761438,
          48.9095902
        ]
      },
      "id": "node/14122940408"
    },
    {
      "type": "Feature",
      "properties": {
        "@id": "node/14122940411",
        "barrier": "kerb"
      },
      "geometry": {
        "type": "Point",
        "coordinates": [
          2.4762152,
          48.9095924
        ]
      },
      "id": "node/14122940411"
    },
    {
      "type": "Feature",
      "properties": {
        "@id": "node/14122940413",
        "barrier": "kerb"
      },
      "geometry": {
        "type": "Point",
        "coordinates": [
          2.476218,
          48.9095547
        ]
      },
      "id": "node/14122940413"
    },
    {
      "type": "Feature",
      "properties": {
        "@id": "node/14122940416",
        "barrier": "kerb"
      },
      "geometry": {
        "type": "Point",
        "coordinates": [
          2.4764325,
          48.9096014
        ]
      },
      "id": "node/14122940416"
    },
    {
      "type": "Feature",
      "properties": {
        "@id": "node/14122940418",
        "barrier": "kerb"
      },
      "geometry": {
        "type": "Point",
        "coordinates": [
          2.4764363,
          48.9095638
        ]
      },
      "id": "node/14122940418"
    },
    {
      "type": "Feature",
      "properties": {
        "@id": "node/14122940421",
        "barrier": "kerb"
      },
      "geometry": {
        "type": "Point",
        "coordinates": [
          2.4759208,
          48.9090251
        ]
      },
      "id": "node/14122940421"
    },
    {
      "type": "Feature",
      "properties": {
        "@id": "node/14122940423",
        "barrier": "kerb"
      },
      "geometry": {
        "type": "Point",
        "coordinates": [
          2.4758637,
          48.9090224
        ]
      },
      "id": "node/14122940423"
    },
    {
      "type": "Feature",
      "properties": {
        "@id": "node/14122940426",
        "barrier": "kerb"
      },
      "geometry": {
        "type": "Point",
        "coordinates": [
          2.4758385,
          48.909264
        ]
      },
      "id": "node/14122940426"
    },
    {
      "type": "Feature",
      "properties": {
        "@id": "node/14122940428",
        "barrier": "kerb"
      },
      "geometry": {
        "type": "Point",
        "coordinates": [
          2.4758957,
          48.9092666
        ]
      },
      "id": "node/14122940428"
    },
    {
      "type": "Feature",
      "properties": {
        "@id": "node/14122940431",
        "barrier": "kerb"
      },
      "geometry": {
        "type": "Point",
        "coordinates": [
          2.4763043,
          48.9095037
        ]
      },
      "id": "node/14122940431"
    },
    {
      "type": "Feature",
      "properties": {
        "@id": "node/14122940433",
        "barrier": "kerb"
      },
      "geometry": {
        "type": "Point",
        "coordinates": [
          2.4763614,
          48.9095067
        ]
      },
      "id": "node/14122940433"
    },
    {
      "type": "Feature",
      "properties": {
        "@id": "node/14122940436",
        "barrier": "kerb"
      },
      "geometry": {
        "type": "Point",
        "coordinates": [
          2.4764078,
          48.909046
        ]
      },
      "id": "node/14122940436"
    },
    {
      "type": "Feature",
      "properties": {
        "@id": "node/14122940438",
        "barrier": "kerb"
      },
      "geometry": {
        "type": "Point",
        "coordinates": [
          2.4763507,
          48.9090435
        ]
      },
      "id": "node/14122940438"
    },
    {
      "type": "Feature",
      "properties": {
        "@id": "node/14122940441",
        "barrier": "kerb"
      },
      "geometry": {
        "type": "Point",
        "coordinates": [
          2.4760578,
          48.909641
        ]
      },
      "id": "node/14122940441"
    },
    {
      "type": "Feature",
      "properties": {
        "@id": "node/14122940443",
        "barrier": "kerb"
      },
      "geometry": {
        "type": "Point",
        "coordinates": [
          2.4760007,
          48.9096384
        ]
      },
      "id": "node/14122940443"
    },
    {
      "type": "Feature",
      "properties": {
        "@id": "node/14122940446",
        "barrier": "kerb"
      },
      "geometry": {
        "type": "Point",
        "coordinates": [
          2.4762199,
          48.9102509
        ]
      },
      "id": "node/14122940446"
    },
    {
      "type": "Feature",
      "properties": {
        "@id": "node/14122940448",
        "barrier": "kerb"
      },
      "geometry": {
        "type": "Point",
        "coordinates": [
          2.4762878,
          48.9102593
        ]
      },
      "id": "node/14122940448"
    },
    {
      "type": "Feature",
      "properties": {
        "@id": "node/14122940451",
        "barrier": "kerb"
      },
      "geometry": {
        "type": "Point",
        "coordinates": [
          2.4770648,
          48.910219
        ]
      },
      "id": "node/14122940451"
    },
    {
      "type": "Feature",
      "properties": {
        "@id": "node/14122940453",
        "barrier": "kerb"
      },
      "geometry": {
        "type": "Point",
        "coordinates": [
          2.4770686,
          48.9101813
        ]
      },
      "id": "node/14122940453"
    },
    {
      "type": "Feature",
      "properties": {
        "@id": "node/14122940456",
        "barrier": "kerb"
      },
      "geometry": {
        "type": "Point",
        "coordinates": [
          2.4751693,
          48.9088981
        ]
      },
      "id": "node/14122940456"
    },
    {
      "type": "Feature",
      "properties": {
        "@id": "node/14122940458",
        "barrier": "kerb"
      },
      "geometry": {
        "type": "Point",
        "coordinates": [
          2.4751658,
          48.9089358
        ]
      },
      "id": "node/14122940458"
    },
    {
      "type": "Feature",
      "properties": {
        "@id": "node/14122940461",
        "barrier": "kerb"
      },
      "geometry": {
        "type": "Point",
        "coordinates": [
          2.4757888,
          48.9089656
        ]
      },
      "id": "node/14122940461"
    },
    {
      "type": "Feature",
      "properties": {
        "@id": "node/14122940463",
        "barrier": "kerb"
      },
      "geometry": {
        "type": "Point",
        "coordinates": [
          2.4757929,
          48.908928
        ]
      },
      "id": "node/14122940463"
    },
    {
      "type": "Feature",
      "properties": {
        "@id": "node/14122940466",
        "barrier": "kerb"
      },
      "geometry": {
        "type": "Point",
        "coordinates": [
          2.4760106,
          48.9089375
        ]
      },
      "id": "node/14122940466"
    },
    {
      "type": "Feature",
      "properties": {
        "@id": "node/14122940468",
        "barrier": "kerb"
      },
      "geometry": {
        "type": "Point",
        "coordinates": [
          2.4760067,
          48.9089752
        ]
      },
      "id": "node/14122940468"
    },
    {
      "type": "Feature",
      "properties": {
        "@id": "node/14122940471",
        "barrier": "kerb"
      },
      "geometry": {
        "type": "Point",
        "coordinates": [
          2.4760832,
          48.9089783
        ]
      },
      "id": "node/14122940471"
    },
    {
      "type": "Feature",
      "properties": {
        "@id": "node/14122940473",
        "barrier": "kerb"
      },
      "geometry": {
        "type": "Point",
        "coordinates": [
          2.4760867,
          48.9089406
        ]
      },
      "id": "node/14122940473"
    },
    {
      "type": "Feature",
      "properties": {
        "@id": "node/14122940476",
        "barrier": "kerb"
      },
      "geometry": {
        "type": "Point",
        "coordinates": [
          2.4764972,
          48.9089594
        ]
      },
      "id": "node/14122940476"
    },
    {
      "type": "Feature",
      "properties": {
        "@id": "node/14122940478",
        "barrier": "kerb"
      },
      "geometry": {
        "type": "Point",
        "coordinates": [
          2.4764934,
          48.9089971
        ]
      },
      "id": "node/14122940478"
    },
    {
      "type": "Feature",
      "properties": {
        "@id": "node/14122940481",
        "barrier": "kerb"
      },
      "geometry": {
        "type": "Point",
        "coordinates": [
          2.477285,
          48.9090414
        ]
      },
      "id": "node/14122940481"
    },
    {
      "type": "Feature",
      "properties": {
        "@id": "node/14122940483",
        "barrier": "kerb"
      },
      "geometry": {
        "type": "Point",
        "coordinates": [
          2.4772898,
          48.9089978
        ]
      },
      "id": "node/14122940483"
    },
    {
      "type": "Feature",
      "properties": {
        "@id": "node/14122940486",
        "barrier": "kerb"
      },
      "geometry": {
        "type": "Point",
        "coordinates": [
          2.4776932,
          48.909061
        ]
      },
      "id": "node/14122940486"
    },
    {
      "type": "Feature",
      "properties": {
        "@id": "node/14122940488",
        "barrier": "kerb"
      },
      "geometry": {
        "type": "Point",
        "coordinates": [
          2.477698,
          48.9090161
        ]
      },
      "id": "node/14122940488"
    },
    {
      "type": "Feature",
      "properties": {
        "@id": "node/14122940491",
        "barrier": "kerb"
      },
      "geometry": {
        "type": "Point",
        "coordinates": [
          2.478563,
          48.9090983
        ]
      },
      "id": "node/14122940491"
    },
    {
      "type": "Feature",
      "properties": {
        "@id": "node/14122940493",
        "barrier": "kerb"
      },
      "geometry": {
        "type": "Point",
        "coordinates": [
          2.4785674,
          48.9090517
        ]
      },
      "id": "node/14122940493"
    },
    {
      "type": "Feature",
      "properties": {
        "@id": "node/14122940496",
        "barrier": "kerb"
      },
      "geometry": {
        "type": "Point",
        "coordinates": [
          2.4789916,
          48.9091147
        ]
      },
      "id": "node/14122940496"
    },
    {
      "type": "Feature",
      "properties": {
        "@id": "node/14122940498",
        "barrier": "kerb"
      },
      "geometry": {
        "type": "Point",
        "coordinates": [
          2.4789966,
          48.9090693
        ]
      },
      "id": "node/14122940498"
    },
    {
      "type": "Feature",
      "properties": {
        "@id": "node/14122940501",
        "barrier": "kerb"
      },
      "geometry": {
        "type": "Point",
        "coordinates": [
          2.4797926,
          48.9091398
        ]
      },
      "id": "node/14122940501"
    },
    {
      "type": "Feature",
      "properties": {
        "@id": "node/14122940503",
        "barrier": "kerb"
      },
      "geometry": {
        "type": "Point",
        "coordinates": [
          2.4797962,
          48.9091021
        ]
      },
      "id": "node/14122940503"
    },
    {
      "type": "Feature",
      "properties": {
        "@id": "node/14129057191",
        "barrier": "kerb"
      },
      "geometry": {
        "type": "Point",
        "coordinates": [
          2.4801227,
          48.9102936
        ]
      },
      "id": "node/14129057191"
    },
    {
      "type": "Feature",
      "properties": {
        "@id": "node/14129057192",
        "barrier": "kerb"
      },
      "geometry": {
        "type": "Point",
        "coordinates": [
          2.4801492,
          48.9103613
        ]
      },
      "id": "node/14129057192"
    },
    {
      "type": "Feature",
      "properties": {
        "@id": "node/14139753635",
        "barrier": "kerb"
      },
      "geometry": {
        "type": "Point",
        "coordinates": [
          2.4870756,
          48.898514
        ]
      },
      "id": "node/14139753635"
    },
    {
      "type": "Feature",
      "properties": {
        "@id": "node/14139753665",
        "barrier": "kerb"
      },
      "geometry": {
        "type": "Point",
        "coordinates": [
          2.4871749,
          48.8984902
        ]
      },
      "id": "node/14139753665"
    },
    {
      "type": "Feature",
      "properties": {
        "@id": "node/14139753671",
        "barrier": "kerb"
      },
      "geometry": {
        "type": "Point",
        "coordinates": [
          2.4840246,
          48.8989742
        ]
      },
      "id": "node/14139753671"
    },
    {
      "type": "Feature",
      "properties": {
        "@id": "node/14139753672",
        "barrier": "kerb"
      },
      "geometry": {
        "type": "Point",
        "coordinates": [
          2.4838476,
          48.8989989
        ]
      },
      "id": "node/14139753672"
    },
    {
      "type": "Feature",
      "properties": {
        "@id": "node/14139753689",
        "barrier": "kerb"
      },
      "geometry": {
        "type": "Point",
        "coordinates": [
          2.4822456,
          48.895958
        ]
      },
      "id": "node/14139753689"
    },
    {
      "type": "Feature",
      "properties": {
        "@id": "node/14139753690",
        "barrier": "kerb"
      },
      "geometry": {
        "type": "Point",
        "coordinates": [
          2.4824321,
          48.8959285
        ]
      },
      "id": "node/14139753690"
    },
    {
      "type": "Feature",
      "properties": {
        "@id": "node/14139753698",
        "barrier": "kerb"
      },
      "geometry": {
        "type": "Point",
        "coordinates": [
          2.4834949,
          48.895787
        ]
      },
      "id": "node/14139753698"
    },
    {
      "type": "Feature",
      "properties": {
        "@id": "node/14139753699",
        "barrier": "kerb"
      },
      "geometry": {
        "type": "Point",
        "coordinates": [
          2.4836572,
          48.8957676
        ]
      },
      "id": "node/14139753699"
    },
    {
      "type": "Feature",
      "properties": {
        "@id": "node/14139761102",
        "barrier": "kerb"
      },
      "geometry": {
        "type": "Point",
        "coordinates": [
          2.4843096,
          48.8956746
        ]
      },
      "id": "node/14139761102"
    },
    {
      "type": "Feature",
      "properties": {
        "@id": "node/14139761103",
        "barrier": "kerb"
      },
      "geometry": {
        "type": "Point",
        "coordinates": [
          2.4845657,
          48.8956415
        ]
      },
      "id": "node/14139761103"
    },
    {
      "type": "Feature",
      "properties": {
        "@id": "node/14139761106",
        "barrier": "kerb"
      },
      "geometry": {
        "type": "Point",
        "coordinates": [
          2.4853761,
          48.8955294
        ]
      },
      "id": "node/14139761106"
    },
    {
      "type": "Feature",
      "properties": {
        "@id": "node/14139761107",
        "barrier": "kerb"
      },
      "geometry": {
        "type": "Point",
        "coordinates": [
          2.48507,
          48.8955732
        ]
      },
      "id": "node/14139761107"
    },
    {
      "type": "Feature",
      "properties": {
        "@id": "node/14139761957",
        "barrier": "kerb"
      },
      "geometry": {
        "type": "Point",
        "coordinates": [
          2.4803708,
          48.9061453
        ]
      },
      "id": "node/14139761957"
    },
    {
      "type": "Feature",
      "properties": {
        "@id": "node/14139761958",
        "barrier": "kerb"
      },
      "geometry": {
        "type": "Point",
        "coordinates": [
          2.4802447,
          48.9061466
        ]
      },
      "id": "node/14139761958"
    },
    {
      "type": "Feature",
      "properties": {
        "@id": "node/14139767831",
        "barrier": "kerb"
      },
      "geometry": {
        "type": "Point",
        "coordinates": [
          2.4773553,
          48.8978307
        ]
      },
      "id": "node/14139767831"
    },
    {
      "type": "Feature",
      "properties": {
        "@id": "node/14139767868",
        "barrier": "kerb"
      },
      "geometry": {
        "type": "Point",
        "coordinates": [
          2.4787004,
          48.9010248
        ]
      },
      "id": "node/14139767868"
    },
    {
      "type": "Feature",
      "properties": {
        "@id": "node/14139767869",
        "barrier": "kerb"
      },
      "geometry": {
        "type": "Point",
        "coordinates": [
          2.4785811,
          48.9007727
        ]
      },
      "id": "node/14139767869"
    },
    {
      "type": "Feature",
      "properties": {
        "@id": "node/14139767900",
        "barrier": "kerb"
      },
      "geometry": {
        "type": "Point",
        "coordinates": [
          2.4748059,
          48.9007943
        ]
      },
      "id": "node/14139767900"
    },
    {
      "type": "Feature",
      "properties": {
        "@id": "node/14139767901",
        "barrier": "kerb"
      },
      "geometry": {
        "type": "Point",
        "coordinates": [
          2.4747281,
          48.9007295
        ]
      },
      "id": "node/14139767901"
    },
    {
      "type": "Feature",
      "properties": {
        "@id": "node/14139767902",
        "barrier": "kerb"
      },
      "geometry": {
        "type": "Point",
        "coordinates": [
          2.4763703,
          48.9004355
        ]
      },
      "id": "node/14139767902"
    },
    {
      "type": "Feature",
      "properties": {
        "@id": "node/14139767903",
        "barrier": "kerb"
      },
      "geometry": {
        "type": "Point",
        "coordinates": [
          2.4764159,
          48.9005122
        ]
      },
      "id": "node/14139767903"
    },
    {
      "type": "Feature",
      "properties": {
        "@id": "node/14139773818",
        "barrier": "kerb"
      },
      "geometry": {
        "type": "Point",
        "coordinates": [
          2.4937402,
          48.8953469
        ]
      },
      "id": "node/14139773818"
    },
    {
      "type": "Feature",
      "properties": {
        "@id": "node/14139773819",
        "barrier": "kerb"
      },
      "geometry": {
        "type": "Point",
        "coordinates": [
          2.4937959,
          48.8954294
        ]
      },
      "id": "node/14139773819"
    },
    {
      "type": "Feature",
      "properties": {
        "@id": "node/14139773857",
        "barrier": "kerb"
      },
      "geometry": {
        "type": "Point",
        "coordinates": [
          2.4924568,
          48.8945689
        ]
      },
      "id": "node/14139773857"
    },
    {
      "type": "Feature",
      "properties": {
        "@id": "node/14139773858",
        "barrier": "kerb"
      },
      "geometry": {
        "type": "Point",
        "coordinates": [
          2.492381,
          48.89458
        ]
      },
      "id": "node/14139773858"
    },
    {
      "type": "Feature",
      "properties": {
        "@id": "node/14139825639",
        "barrier": "kerb"
      },
      "geometry": {
        "type": "Point",
        "coordinates": [
          2.4732395,
          48.9027117
        ]
      },
      "id": "node/14139825639"
    },
    {
      "type": "Feature",
      "properties": {
        "@id": "node/14139825640",
        "barrier": "kerb"
      },
      "geometry": {
        "type": "Point",
        "coordinates": [
          2.4732187,
          48.9027968
        ]
      },
      "id": "node/14139825640"
    },
    {
      "type": "Feature",
      "properties": {
        "@id": "node/14139825654",
        "barrier": "kerb"
      },
      "geometry": {
        "type": "Point",
        "coordinates": [
          2.4732368,
          48.9014215
        ]
      },
      "id": "node/14139825654"
    },
    {
      "type": "Feature",
      "properties": {
        "@id": "node/14139825655",
        "barrier": "kerb"
      },
      "geometry": {
        "type": "Point",
        "coordinates": [
          2.4733233,
          48.9014039
        ]
      },
      "id": "node/14139825655"
    },
    {
      "type": "Feature",
      "properties": {
        "@id": "node/14139825663",
        "barrier": "kerb"
      },
      "geometry": {
        "type": "Point",
        "coordinates": [
          2.4730758,
          48.9015476
        ]
      },
      "id": "node/14139825663"
    },
    {
      "type": "Feature",
      "properties": {
        "@id": "node/14139825664",
        "barrier": "kerb"
      },
      "geometry": {
        "type": "Point",
        "coordinates": [
          2.4730457,
          48.9014947
        ]
      },
      "id": "node/14139825664"
    },
    {
      "type": "Feature",
      "properties": {
        "@id": "node/14139825681",
        "barrier": "kerb"
      },
      "geometry": {
        "type": "Point",
        "coordinates": [
          2.4743951,
          48.9003605
        ]
      },
      "id": "node/14139825681"
    },
    {
      "type": "Feature",
      "properties": {
        "@id": "node/14139825682",
        "barrier": "kerb"
      },
      "geometry": {
        "type": "Point",
        "coordinates": [
          2.4743707,
          48.9003255
        ]
      },
      "id": "node/14139825682"
    },
    {
      "type": "Feature",
      "properties": {
        "@id": "node/14139825698",
        "barrier": "kerb"
      },
      "geometry": {
        "type": "Point",
        "coordinates": [
          2.4747401,
          48.9007374
        ]
      },
      "id": "node/14139825698"
    },
    {
      "type": "Feature",
      "properties": {
        "@id": "node/14139825699",
        "barrier": "kerb"
      },
      "geometry": {
        "type": "Point",
        "coordinates": [
          2.4747723,
          48.9007987
        ]
      },
      "id": "node/14139825699"
    },
    {
      "type": "Feature",
      "properties": {
        "@id": "node/14139826109",
        "barrier": "kerb"
      },
      "geometry": {
        "type": "Point",
        "coordinates": [
          2.488687,
          48.9015604
        ]
      },
      "id": "node/14139826109"
    },
    {
      "type": "Feature",
      "properties": {
        "@id": "node/14139826118",
        "barrier": "kerb"
      },
      "geometry": {
        "type": "Point",
        "coordinates": [
          2.4889471,
          48.9013563
        ]
      },
      "id": "node/14139826118"
    },
    {
      "type": "Feature",
      "properties": {
        "@id": "node/14139826124",
        "barrier": "kerb"
      },
      "geometry": {
        "type": "Point",
        "coordinates": [
          2.4909481,
          48.9006043
        ]
      },
      "id": "node/14139826124"
    },
    {
      "type": "Feature",
      "properties": {
        "@id": "node/14139826134",
        "barrier": "kerb"
      },
      "geometry": {
        "type": "Point",
        "coordinates": [
          2.4907375,
          48.9008648
        ]
      },
      "id": "node/14139826134"
    },
    {
      "type": "Feature",
      "properties": {
        "@id": "node/14139826136",
        "barrier": "kerb"
      },
      "geometry": {
        "type": "Point",
        "coordinates": [
          2.4908052,
          48.9008529
        ]
      },
      "id": "node/14139826136"
    },
    {
      "type": "Feature",
      "properties": {
        "@id": "node/14139826137",
        "barrier": "kerb"
      },
      "geometry": {
        "type": "Point",
        "coordinates": [
          2.4908642,
          48.9008172
        ]
      },
      "id": "node/14139826137"
    },
    {
      "type": "Feature",
      "properties": {
        "@id": "node/14139826152",
        "barrier": "kerb"
      },
      "geometry": {
        "type": "Point",
        "coordinates": [
          2.4918526,
          48.9003962
        ]
      },
      "id": "node/14139826152"
    },
    {
      "type": "Feature",
      "properties": {
        "@id": "node/14139826166",
        "barrier": "kerb"
      },
      "geometry": {
        "type": "Point",
        "coordinates": [
          2.4914543,
          48.9041865
        ]
      },
      "id": "node/14139826166"
    },
    {
      "type": "Feature",
      "properties": {
        "@id": "node/14139826167",
        "barrier": "kerb"
      },
      "geometry": {
        "type": "Point",
        "coordinates": [
          2.4915703,
          48.9041204
        ]
      },
      "id": "node/14139826167"
    },
    {
      "type": "Feature",
      "properties": {
        "@id": "node/14139826171",
        "barrier": "kerb"
      },
      "geometry": {
        "type": "Point",
        "coordinates": [
          2.4946032,
          48.9021999
        ]
      },
      "id": "node/14139826171"
    },
    {
      "type": "Feature",
      "properties": {
        "@id": "node/14139826283",
        "barrier": "kerb"
      },
      "geometry": {
        "type": "Point",
        "coordinates": [
          2.4933493,
          48.9051738
        ]
      },
      "id": "node/14139826283"
    },
    {
      "type": "Feature",
      "properties": {
        "@id": "node/14139826284",
        "barrier": "kerb"
      },
      "geometry": {
        "type": "Point",
        "coordinates": [
          2.4933111,
          48.905065
        ]
      },
      "id": "node/14139826284"
    },
    {
      "type": "Feature",
      "properties": {
        "@id": "node/14139826289",
        "barrier": "kerb"
      },
      "geometry": {
        "type": "Point",
        "coordinates": [
          2.4936075,
          48.9072872
        ]
      },
      "id": "node/14139826289"
    },
    {
      "type": "Feature",
      "properties": {
        "@id": "node/14139826290",
        "barrier": "kerb"
      },
      "geometry": {
        "type": "Point",
        "coordinates": [
          2.4934807,
          48.9070545
        ]
      },
      "id": "node/14139826290"
    },
    {
      "type": "Feature",
      "properties": {
        "@id": "node/14139826291",
        "barrier": "kerb"
      },
      "geometry": {
        "type": "Point",
        "coordinates": [
          2.4934519,
          48.9067848
        ]
      },
      "id": "node/14139826291"
    },
    {
      "type": "Feature",
      "properties": {
        "@id": "node/14139826292",
        "barrier": "kerb"
      },
      "geometry": {
        "type": "Point",
        "coordinates": [
          2.4934546,
          48.9066803
        ]
      },
      "id": "node/14139826292"
    },
    {
      "type": "Feature",
      "properties": {
        "@id": "node/14139826293",
        "barrier": "kerb"
      },
      "geometry": {
        "type": "Point",
        "coordinates": [
          2.4934217,
          48.9063264
        ]
      },
      "id": "node/14139826293"
    },
    {
      "type": "Feature",
      "properties": {
        "@id": "node/14139830212",
        "barrier": "kerb"
      },
      "geometry": {
        "type": "Point",
        "coordinates": [
          2.4747475,
          48.9010402
        ]
      },
      "id": "node/14139830212"
    },
    {
      "type": "Feature",
      "properties": {
        "@id": "node/14139830219",
        "barrier": "kerb"
      },
      "geometry": {
        "type": "Point",
        "coordinates": [
          2.4747757,
          48.9010872
        ]
      },
      "id": "node/14139830219"
    },
    {
      "type": "Feature",
      "properties": {
        "@id": "node/14139830223",
        "barrier": "kerb"
      },
      "geometry": {
        "type": "Point",
        "coordinates": [
          2.474885,
          48.9010825
        ]
      },
      "id": "node/14139830223"
    },
    {
      "type": "Feature",
      "properties": {
        "@id": "node/14139830224",
        "barrier": "kerb"
      },
      "geometry": {
        "type": "Point",
        "coordinates": [
          2.4748199,
          48.901098
        ]
      },
      "id": "node/14139830224"
    },
    {
      "type": "Feature",
      "properties": {
        "@id": "node/14139830227",
        "barrier": "kerb"
      },
      "geometry": {
        "type": "Point",
        "coordinates": [
          2.4752129,
          48.9016952
        ]
      },
      "id": "node/14139830227"
    },
    {
      "type": "Feature",
      "properties": {
        "@id": "node/14139830228",
        "barrier": "kerb"
      },
      "geometry": {
        "type": "Point",
        "coordinates": [
          2.4751457,
          48.9017106
        ]
      },
      "id": "node/14139830228"
    },
    {
      "type": "Feature",
      "properties": {
        "@id": "node/14139830230",
        "barrier": "kerb"
      },
      "geometry": {
        "type": "Point",
        "coordinates": [
          2.4751063,
          48.9018085
        ]
      },
      "id": "node/14139830230"
    },
    {
      "type": "Feature",
      "properties": {
        "@id": "node/14139830231",
        "barrier": "kerb"
      },
      "geometry": {
        "type": "Point",
        "coordinates": [
          2.4750835,
          48.9017675
        ]
      },
      "id": "node/14139830231"
    },
    {
      "type": "Feature",
      "properties": {
        "@id": "node/14139830260",
        "barrier": "kerb"
      },
      "geometry": {
        "type": "Point",
        "coordinates": [
          2.4734252,
          48.9021911
        ]
      },
      "id": "node/14139830260"
    },
    {
      "type": "Feature",
      "properties": {
        "@id": "node/14139830261",
        "barrier": "kerb"
      },
      "geometry": {
        "type": "Point",
        "coordinates": [
          2.4733709,
          48.9021902
        ]
      },
      "id": "node/14139830261"
    },
    {
      "type": "Feature",
      "properties": {
        "@id": "node/14139830273",
        "barrier": "kerb"
      },
      "geometry": {
        "type": "Point",
        "coordinates": [
          2.4829584,
          48.903262
        ]
      },
      "id": "node/14139830273"
    },
    {
      "type": "Feature",
      "properties": {
        "@id": "node/14139830274",
        "barrier": "kerb"
      },
      "geometry": {
        "type": "Point",
        "coordinates": [
          2.4829273,
          48.9032093
        ]
      },
      "id": "node/14139830274"
    },
    {
      "type": "Feature",
      "properties": {
        "@id": "node/14139830291",
        "barrier": "kerb"
      },
      "geometry": {
        "type": "Point",
        "coordinates": [
          2.4812666,
          48.9037175
        ]
      },
      "id": "node/14139830291"
    },
    {
      "type": "Feature",
      "properties": {
        "@id": "node/14139830292",
        "barrier": "kerb"
      },
      "geometry": {
        "type": "Point",
        "coordinates": [
          2.4812023,
          48.9037246
        ]
      },
      "id": "node/14139830292"
    },
    {
      "type": "Feature",
      "properties": {
        "@id": "node/14139830315",
        "barrier": "kerb"
      },
      "geometry": {
        "type": "Point",
        "coordinates": [
          2.4804284,
          48.9049072
        ]
      },
      "id": "node/14139830315"
    },
    {
      "type": "Feature",
      "properties": {
        "@id": "node/14139830316",
        "barrier": "kerb"
      },
      "geometry": {
        "type": "Point",
        "coordinates": [
          2.4802906,
          48.9049072
        ]
      },
      "id": "node/14139830316"
    },
    {
      "type": "Feature",
      "properties": {
        "@id": "node/14139830331",
        "barrier": "kerb"
      },
      "geometry": {
        "type": "Point",
        "coordinates": [
          2.481586,
          48.8998961
        ]
      },
      "id": "node/14139830331"
    },
    {
      "type": "Feature",
      "properties": {
        "@id": "node/14139830332",
        "barrier": "kerb"
      },
      "geometry": {
        "type": "Point",
        "coordinates": [
          2.4814714,
          48.8999203
        ]
      },
      "id": "node/14139830332"
    }
  ]
}