{
    "type": "FeatureCollection",
    "generator": "JOSM",
    "features": [
        {
            "type": "Feature",
            "properties": {
                "highway": "footway",
                "footway": "crossing"
            },
            "geometry": {
                "type": "LineString",
                "coordinates": [
                    [
                        2.48052105420,
                        48.91224858861
                    ],
                    [
                        2.48052375428,
                        48.91225923143
                    ],
                    [
                        2.48053005445,
                        48.91228406466
                    ],
                    [
                        2.48053372705,
                        48.91229854086
                    ]
                ]
            }
        },
        {
            "type": "Feature",
            "properties": {
                "highway": "footway",
                "footway": "crossing"
            },
            "geometry": {
                "type": "LineString",
                "coordinates": [
                    [
                        2.47562049614,
                        48.90598994619
                    ],
                    [
                        2.47563221653,
                        48.90599236129
                    ],
                    [
                        2.47565956412,
                        48.90599799654
                    ],
                    [
                        2.47568691171,
                        48.90600363178
                    ],
                    [
                        2.47569863210,
                        48.90600604688
                    ]
                ]
            }
        },
        {
            "type": "Feature",
            "properties": {
                "highway": "footway",
                "footway": "crossing"
            },
            "geometry": {
                "type": "LineString",
                "coordinates": [
                    [
                        2.47847178708,
                        48.91172022792
                    ],
                    [
                        2.47847411115,
                        48.91172817455
                    ],
                    [
                        2.47847953398,
                        48.91174671670
                    ],
                    [
                        2.47848495681,
                        48.91176525886
                    ],
                    [
                        2.47848728088,
                        48.91177320550
                    ]
                ]
            }
        },
        {
            "type": "Feature",
            "properties": {
                "barrier": "kerb"
            },
            "geometry": {
                "type": "Point",
                "coordinates": [
                    2.47736578357,
                    48.91190299437
                ]
            }
        },
        {
            "type": "Feature",
            "properties": {
                "barrier": "kerb"
            },
            "geometry": {
                "type": "Point",
                "coordinates": [
                    2.47855275887,
                    48.91153569398
                ]
            }
        },
        {
            "type": "Feature",
            "properties": {
                "barrier": "kerb"
            },
            "geometry": {
                "type": "Point",
                "coordinates": [
                    2.47833281877,
                    48.90593288580
                ]
            }
        },
        {
            "type": "Feature",
            "properties": {
                "barrier": "kerb"
            },
            "geometry": {
                "type": "Point",
                "coordinates": [
                    2.47869068235,
                    48.90575182976
                ]
            }
        },
        {
            "type": "Feature",
            "properties": {
                "highway": "footway",
                "footway": "crossing"
            },
            "geometry": {
                "type": "LineString",
                "coordinates": [
                    [
                        2.48022756225,
                        48.91039212453
                    ],
                    [
                        2.48024496080,
                        48.91039137694
                    ],
                    [
                        2.48028555740,
                        48.91038963253
                    ],
                    [
                        2.48028755872,
                        48.91038954653
                    ]
                ]
            }
        },
        {
            "type": "Feature",
            "properties": {
                "barrier": "kerb"
            },
            "geometry": {
                "type": "Point",
                "coordinates": [
                    2.47809011769,
                    48.90647622974
                ]
            }
        },
        {
            "type": "Feature",
            "properties": {
                "highway": "footway",
                "footway": "crossing"
            },
            "geometry": {
                "type": "LineString",
                "coordinates": [
                    [
                        2.48018879204,
                        48.90573020666
                    ],
                    [
                        2.48018803617,
                        48.90573885601
                    ],
                    [
                        2.48018467729,
                        48.90577729112
                    ],
                    [
                        2.48018323777,
                        48.90579376331
                    ]
                ]
            }
        },
        {
            "type": "Feature",
            "properties": {
                "highway": "footway",
                "footway": "crossing"
            },
            "geometry": {
                "type": "LineString",
                "coordinates": [
                    [
                        2.47856191850,
                        48.90554790407
                    ],
                    [
                        2.47856725730,
                        48.90553210543
                    ],
                    [
                        2.47857939565,
                        48.90549618547
                    ]
                ]
            }
        },
        {
            "type": "Feature",
            "properties": {
                "barrier": "kerb"
            },
            "geometry": {
                "type": "Point",
                "coordinates": [
                    2.47740379757,
                    48.91101325599
                ]
            }
        },
        {
            "type": "Feature",
            "properties": {
                "highway": "footway",
                "footway": "sidewalk"
            },
            "geometry": {
                "type": "LineString",
                "coordinates": [
                    [
                        2.47722006329,
                        48.91026741688
                    ],
                    [
                        2.47730552989,
                        48.91059381169
                    ],
                    [
                        2.47738319726,
                        48.91089030469
                    ],
                    [
                        2.47739769006,
                        48.91094000561
                    ],
                    [
                        2.47741594148,
                        48.91101205585
                    ],
                    [
                        2.47746237020,
                        48.91119546663
                    ],
                    [
                        2.47748206975,
                        48.91127336447
                    ],
                    [
                        2.47757860339,
                        48.91165450346
                    ],
                    [
                        2.47758286713,
                        48.91167133762
                    ],
                    [
                        2.47758698921,
                        48.91167942307
                    ],
                    [
                        2.47759473511,
                        48.91168625604
                    ],
                    [
                        2.47760533042,
                        48.91169115340
                    ],
                    [
                        2.47761771585,
                        48.91169362551
                    ],
                    [
                        2.47763065311,
                        48.91169342521
                    ],
                    [
                        2.47765611394,
                        48.91169033242
                    ],
                    [
                        2.47845200619,
                        48.91159365015
                    ],
                    [
                        2.47847909983,
                        48.91159035880
                    ],
                    [
                        2.47849113263,
                        48.91158756432
                    ],
                    [
                        2.47850127538,
                        48.91158246348
                    ],
                    [
                        2.47850854250,
                        48.91157555193
                    ],
                    [
                        2.47851222785,
                        48.91156750127
                    ],
                    [
                        2.47851197333,
                        48.91155909379
                    ],
                    [
                        2.47850714243,
                        48.91154123552
                    ],
                    [
                        2.47847273789,
                        48.91141405275
                    ],
                    [
                        2.47844843837,
                        48.91132415437
                    ],
                    [
                        2.47817795241,
                        48.91032367519
                    ],
                    [
                        2.47817063033,
                        48.91029659155
                    ],
                    [
                        2.47816609290,
                        48.91028819732
                    ],
                    [
                        2.47815765409,
                        48.91028123548
                    ],
                    [
                        2.47814623475,
                        48.91027646568
                    ],
                    [
                        2.47813308090,
                        48.91027440839
                    ],
                    [
                        2.47802705847,
                        48.91026971592
                    ],
                    [
                        2.47726313434,
                        48.91023591273
                    ],
                    [
                        2.47725088659,
                        48.91023658999
                    ],
                    [
                        2.47723949622,
                        48.91023963372
                    ],
                    [
                        2.47722999054,
                        48.91024476941
                    ],
                    [
                        2.47722322686,
                        48.91025153388
                    ],
                    [
                        2.47721981521,
                        48.91025931702
                    ],
                    [
                        2.47722006329,
                        48.91026741688
                    ]
                ]
            }
        },
        {
            "type": "Feature",
            "properties": {
                "barrier": "kerb"
            },
            "geometry": {
                "type": "Point",
                "coordinates": [
                    2.48304006542,
                    48.90941435183
                ]
            }
        },
        {
            "type": "Feature",
            "properties": {
                "highway": "footway",
                "footway": "crossing"
            },
            "geometry": {
                "type": "LineString",
                "coordinates": [
                    [
                        2.47963459495,
                        48.91240732914
                    ],
                    [
                        2.47962955584,
                        48.91238878915
                    ],
                    [
                        2.47962281957,
                        48.91236400493
                    ],
                    [
                        2.47961993260,
                        48.91235338312
                    ]
                ]
            }
        },
        {
            "type": "Feature",
            "properties": {
                "barrier": "kerb"
            },
            "geometry": {
                "type": "Point",
                "coordinates": [
                    2.48052375428,
                    48.91225923143
                ]
            }
        },
        {
            "type": "Feature",
            "properties": {
                "barrier": "kerb"
            },
            "geometry": {
                "type": "Point",
                "coordinates": [
                    2.47851519238,
                    48.91154025760
                ]
            }
        },
        {
            "type": "Feature",
            "properties": {
                "barrier": "kerb"
            },
            "geometry": {
                "type": "Point",
                "coordinates": [
                    2.47765833922,
                    48.91169829134
                ]
            }
        },
        {
            "type": "Feature",
            "properties": {
                "barrier": "kerb"
            },
            "geometry": {
                "type": "Point",
                "coordinates": [
                    2.47804898025,
                    48.91255239751
                ]
            }
        },
        {
            "type": "Feature",
            "properties": {
                "highway": "footway",
                "footway": "sidewalk"
            },
            "geometry": {
                "type": "LineString",
                "coordinates": [
                    [
                        2.47753526766,
                        48.91181096801
                    ],
                    [
                        2.47751583314,
                        48.91173433919
                    ],
                    [
                        2.47750763078,
                        48.91170193884
                    ],
                    [
                        2.47749786588,
                        48.91166338465
                    ],
                    [
                        2.47740132938,
                        48.91128223219
                    ],
                    [
                        2.47738163026,
                        48.91120433548
                    ],
                    [
                        2.47733498210,
                        48.91102005676
                    ],
                    [
                        2.47733038227,
                        48.91100188557
                    ],
                    [
                        2.47732638720,
                        48.91099395943
                    ],
                    [
                        2.47731890548,
                        48.91098721865
                    ],
                    [
                        2.47730865429,
                        48.91098230938
                    ],
                    [
                        2.47729661628,
                        48.91097970221
                    ],
                    [
                        2.47728394538,
                        48.91097964705
                    ],
                    [
                        2.47726136825,
                        48.91098187830
                    ],
                    [
                        2.47682396026,
                        48.91102518468
                    ],
                    [
                        2.47681225857,
                        48.91102756438
                    ],
                    [
                        2.47680214881,
                        48.91103211947
                    ],
                    [
                        2.47679453613,
                        48.91103844212
                    ],
                    [
                        2.47679010211,
                        48.91104596628
                    ],
                    [
                        2.47678924372,
                        48.91105401827
                    ],
                    [
                        2.47679203783,
                        48.91106187721
                    ],
                    [
                        2.47688478148,
                        48.91121476726
                    ],
                    [
                        2.47697037652,
                        48.91135605873
                    ],
                    [
                        2.47705066962,
                        48.91148834715
                    ],
                    [
                        2.47726744732,
                        48.91184566861
                    ],
                    [
                        2.47727463010,
                        48.91185340301
                    ],
                    [
                        2.47728529548,
                        48.91185913153
                    ],
                    [
                        2.47729823825,
                        48.91186220685
                    ],
                    [
                        2.47731199584,
                        48.91186228142
                    ],
                    [
                        2.47735465364,
                        48.91185772493
                    ],
                    [
                        2.47747471721,
                        48.91184490023
                    ],
                    [
                        2.47750144771,
                        48.91184204498
                    ],
                    [
                        2.47751364783,
                        48.91183939583
                    ],
                    [
                        2.47752400129,
                        48.91183438459
                    ],
                    [
                        2.47753148824,
                        48.91182750487
                    ],
                    [
                        2.47753537119,
                        48.91181943436
                    ],
                    [
                        2.47753526766,
                        48.91181096801
                    ]
                ]
            }
        },
        {
            "type": "Feature",
            "properties": {
                "barrier": "kerb"
            },
            "geometry": {
                "type": "Point",
                "coordinates": [
                    2.48023795670,
                    48.90985689162
                ]
            }
        },
        {
            "type": "Feature",
            "properties": {
                "barrier": "kerb"
            },
            "geometry": {
                "type": "Point",
                "coordinates": [
                    2.47835524905,
                    48.90550101067
                ]
            }
        },
        {
            "type": "Feature",
            "properties": {
                "highway": "footway",
                "footway": "crossing"
            },
            "geometry": {
                "type": "LineString",
                "coordinates": [
                    [
                        2.47874842635,
                        48.90552076410
                    ],
                    [
                        2.47874978254,
                        48.90555890944
                    ],
                    [
                        2.47875037520,
                        48.90557557911
                    ]
                ]
            }
        },
        {
            "type": "Feature",
            "properties": {
                "barrier": "kerb"
            },
            "geometry": {
                "type": "Point",
                "coordinates": [
                    2.47822361832,
                    48.91031832037
                ]
            }
        },
        {
            "type": "Feature",
            "properties": {
                "highway": "footway",
                "footway": "crossing"
            },
            "geometry": {
                "type": "LineString",
                "coordinates": [
                    [
                        2.47757860339,
                        48.91165450346
                    ],
                    [
                        2.47756649276,
                        48.91165583564
                    ],
                    [
                        2.47753823463,
                        48.91165894406
                    ],
                    [
                        2.47750997650,
                        48.91166205248
                    ],
                    [
                        2.47749786588,
                        48.91166338465
                    ]
                ]
            }
        },
        {
            "type": "Feature",
            "properties": {
                "barrier": "kerb"
            },
            "geometry": {
                "type": "Point",
                "coordinates": [
                    2.48129221926,
                    48.91216313599
                ]
            }
        },
        {
            "type": "Feature",
            "properties": {
                "highway": "footway",
                "footway": "crossing"
            },
            "geometry": {
                "type": "LineString",
                "coordinates": [
                    [
                        2.48294132916,
                        48.90959292800
                    ],
                    [
                        2.48294290518,
                        48.90960014140
                    ],
                    [
                        2.48294658257,
                        48.90961697267
                    ],
                    [
                        2.48294760417,
                        48.90962164849
                    ]
                ]
            }
        },
        {
            "type": "Feature",
            "properties": {
                "barrier": "kerb"
            },
            "geometry": {
                "type": "Point",
                "coordinates": [
                    2.47971139575,
                    48.91038100982
                ]
            }
        },
        {
            "type": "Feature",
            "properties": {
                "barrier": "kerb"
            },
            "geometry": {
                "type": "Point",
                "coordinates": [
                    2.47583803302,
                    48.90565861316
                ]
            }
        },
        {
            "type": "Feature",
            "properties": {
                "barrier": "kerb"
            },
            "geometry": {
                "type": "Point",
                "coordinates": [
                    2.48306954629,
                    48.90918004914
                ]
            }
        },
        {
            "type": "Feature",
            "properties": {
                "barrier": "kerb"
            },
            "geometry": {
                "type": "Point",
                "coordinates": [
                    2.48018467729,
                    48.90577729112
                ]
            }
        },
        {
            "type": "Feature",
            "properties": {
                "barrier": "kerb"
            },
            "geometry": {
                "type": "Point",
                "coordinates": [
                    2.47839039533,
                    48.90589851007
                ]
            }
        },
        {
            "type": "Feature",
            "properties": {
                "highway": "footway",
                "footway": "crossing"
            },
            "geometry": {
                "type": "LineString",
                "coordinates": [
                    [
                        2.47869536142,
                        48.90573594049
                    ],
                    [
                        2.47869068235,
                        48.90575182976
                    ],
                    [
                        2.47867976452,
                        48.90578890473
                    ],
                    [
                        2.47866884667,
                        48.90582597971
                    ],
                    [
                        2.47866416758,
                        48.90584186899
                    ]
                ]
            }
        },
        {
            "type": "Feature",
            "properties": {
                "barrier": "kerb"
            },
            "geometry": {
                "type": "Point",
                "coordinates": [
                    2.48294290518,
                    48.90960014140
                ]
            }
        },
        {
            "type": "Feature",
            "properties": {
                "highway": "footway",
                "footway": "crossing"
            },
            "geometry": {
                "type": "LineString",
                "coordinates": [
                    [
                        2.47846636440,
                        48.91164676750
                    ],
                    [
                        2.47846421067,
                        48.91163879990
                    ],
                    [
                        2.47845918529,
                        48.91162020883
                    ],
                    [
                        2.47845415992,
                        48.91160161775
                    ],
                    [
                        2.47845200619,
                        48.91159365015
                    ]
                ]
            }
        },
        {
            "type": "Feature",
            "properties": {
                "highway": "footway",
                "footway": "crossing"
            },
            "geometry": {
                "type": "LineString",
                "coordinates": [
                    [
                        2.48107471659,
                        48.91218388108
                    ],
                    [
                        2.48107781270,
                        48.91219447767
                    ],
                    [
                        2.48108503696,
                        48.91221920305
                    ],
                    [
                        2.48108860216,
                        48.91223140511
                    ]
                ]
            }
        },
        {
            "type": "Feature",
            "properties": {
                "barrier": "kerb"
            },
            "geometry": {
                "type": "Point",
                "coordinates": [
                    2.48305445639,
                    48.90928961486
                ]
            }
        },
        {
            "type": "Feature",
            "properties": {
                "highway": "footway",
                "footway": "sidewalk"
            },
            "geometry": {
                "type": "LineString",
                "coordinates": [
                    [
                        2.47569221140,
                        48.90603955082
                    ],
                    [
                        2.47569851160,
                        48.90604697120
                    ],
                    [
                        2.47570800273,
                        48.90605273012
                    ],
                    [
                        2.47571974171,
                        48.90605625534
                    ],
                    [
                        2.47584185538,
                        48.90607846334
                    ],
                    [
                        2.47593315260,
                        48.90609805764
                    ],
                    [
                        2.47606427301,
                        48.90612563633
                    ],
                    [
                        2.47613426274,
                        48.90613942035
                    ],
                    [
                        2.47647554974,
                        48.90620793545
                    ],
                    [
                        2.47655100742,
                        48.90622177285
                    ],
                    [
                        2.47798221746,
                        48.90650389096
                    ],
                    [
                        2.47799025565,
                        48.90650540734
                    ],
                    [
                        2.47800421288,
                        48.90650638642
                    ],
                    [
                        2.47801785101,
                        48.90650419896
                    ],
                    [
                        2.47802956566,
                        48.90649910227
                    ],
                    [
                        2.47803797870,
                        48.90649169595
                    ],
                    [
                        2.47804210041,
                        48.90648285128
                    ],
                    [
                        2.47804410448,
                        48.90647239680
                    ],
                    [
                        2.47812213351,
                        48.90606534536
                    ],
                    [
                        2.47815336884,
                        48.90591863791
                    ],
                    [
                        2.47815319439,
                        48.90591039464
                    ],
                    [
                        2.47814925148,
                        48.90590257104
                    ],
                    [
                        2.47814190837,
                        48.90589589776
                    ],
                    [
                        2.47813185084,
                        48.90589099804
                    ],
                    [
                        2.47812001818,
                        48.90588832948
                    ],
                    [
                        2.47590236719,
                        48.90562797588
                    ],
                    [
                        2.47589041732,
                        48.90562774214
                    ],
                    [
                        2.47587887493,
                        48.90562979506
                    ],
                    [
                        2.47586872512,
                        48.90563395942
                    ],
                    [
                        2.47586083416,
                        48.90563987981
                    ],
                    [
                        2.47585587552,
                        48.90564705094
                    ],
                    [
                        2.47584982786,
                        48.90566085821
                    ],
                    [
                        2.47569863210,
                        48.90600604688
                    ],
                    [
                        2.47569130857,
                        48.90602276680
                    ],
                    [
                        2.47568972814,
                        48.90603120631
                    ],
                    [
                        2.47569221140,
                        48.90603955082
                    ]
                ]
            }
        },
        {
            "type": "Feature",
            "properties": {
                "barrier": "kerb"
            },
            "geometry": {
                "type": "Point",
                "coordinates": [
                    2.47854462790,
                    48.91034012839
                ]
            }
        },
        {
            "type": "Feature",
            "properties": {
                "highway": "footway",
                "footway": "crossing"
            },
            "geometry": {
                "type": "LineString",
                "coordinates": [
                    [
                        2.47818047735,
                        48.91252770451
                    ],
                    [
                        2.47818303347,
                        48.91253836277
                    ],
                    [
                        2.47818899774,
                        48.91256323203
                    ],
                    [
                        2.47819145018,
                        48.91257345796
                    ]
                ]
            }
        },
        {
            "type": "Feature",
            "properties": {
                "barrier": "kerb"
            },
            "geometry": {
                "type": "Point",
                "coordinates": [
                    2.47748619048,
                    48.91189013302
                ]
            }
        },
        {
            "type": "Feature",
            "properties": {
                "barrier": "kerb"
            },
            "geometry": {
                "type": "Point",
                "coordinates": [
                    2.47756649276,
                    48.91165583564
                ]
            }
        },
        {
            "type": "Feature",
            "properties": {
                "barrier": "kerb"
            },
            "geometry": {
                "type": "Point",
                "coordinates": [
                    2.47578299050,
                    48.90564813627
                ]
            }
        },
        {
            "type": "Feature",
            "properties": {
                "highway": "footway",
                "footway": "crossing"
            },
            "geometry": {
                "type": "LineString",
                "coordinates": [
                    [
                        2.47747471721,
                        48.91184490023
                    ],
                    [
                        2.47747674190,
                        48.91185288249
                    ],
                    [
                        2.47748146619,
                        48.91187150777
                    ],
                    [
                        2.47748619048,
                        48.91189013302
                    ],
                    [
                        2.47748821518,
                        48.91189811527
                    ]
                ]
            }
        },
        {
            "type": "Feature",
            "properties": {
                "highway": "footway",
                "footway": "crossing"
            },
            "geometry": {
                "type": "LineString",
                "coordinates": [
                    [
                        2.47733498210,
                        48.91102005676
                    ],
                    [
                        2.47734712601,
                        48.91101885663
                    ],
                    [
                        2.47737546179,
                        48.91101605631
                    ],
                    [
                        2.47740379757,
                        48.91101325599
                    ],
                    [
                        2.47741594148,
                        48.91101205585
                    ]
                ]
            }
        },
        {
            "type": "Feature",
            "properties": {
                "highway": "footway",
                "footway": "sidewalk"
            },
            "geometry": {
                "type": "LineString",
                "coordinates": [
                    [
                        2.47428129952,
                        48.90575871845
                    ],
                    [
                        2.47428758602,
                        48.90576587127
                    ],
                    [
                        2.47429686310,
                        48.90577143333
                    ],
                    [
                        2.47430825963,
                        48.90577488232
                    ],
                    [
                        2.47445094934,
                        48.90580158039
                    ],
                    [
                        2.47550295197,
                        48.90601352800
                    ],
                    [
                        2.47550896346,
                        48.90601441938
                    ],
                    [
                        2.47551230956,
                        48.90601474350
                    ],
                    [
                        2.47556165525,
                        48.90602491170
                    ],
                    [
                        2.47557450157,
                        48.90602613704
                    ],
                    [
                        2.47558728379,
                        48.90602464866
                    ],
                    [
                        2.47559871592,
                        48.90602059630
                    ],
                    [
                        2.47560764779,
                        48.90601438766
                    ],
                    [
                        2.47561318080,
                        48.90600664738
                    ],
                    [
                        2.47562049614,
                        48.90598994619
                    ],
                    [
                        2.47577119569,
                        48.90564589122
                    ],
                    [
                        2.47577671608,
                        48.90563328777
                    ],
                    [
                        2.47577827017,
                        48.90562444447
                    ],
                    [
                        2.47577537330,
                        48.90561574926
                    ],
                    [
                        2.47576834096,
                        48.90560814909
                    ],
                    [
                        2.47575793900,
                        48.90560247165
                    ],
                    [
                        2.47574530026,
                        48.90559933525
                    ],
                    [
                        2.47480209972,
                        48.90547699352
                    ],
                    [
                        2.47480014990,
                        48.90547670059
                    ],
                    [
                        2.47444733437,
                        48.90541292095
                    ],
                    [
                        2.47443441584,
                        48.90541199557
                    ],
                    [
                        2.47442170853,
                        48.90541378680
                    ],
                    [
                        2.47441049377,
                        48.90541811401
                    ],
                    [
                        2.47440190241,
                        48.90542454088
                    ],
                    [
                        2.47439680076,
                        48.90543241935
                    ],
                    [
                        2.47427972334,
                        48.90574241352
                    ],
                    [
                        2.47427859394,
                        48.90575064653
                    ],
                    [
                        2.47428129952,
                        48.90575871845
                    ]
                ]
            }
        },
        {
            "type": "Feature",
            "properties": {
                "highway": "footway",
                "footway": "sidewalk"
            },
            "geometry": {
                "type": "LineString",
                "coordinates": [
                    [
                        2.47894456276,
                        48.90918137987
                    ],
                    [
                        2.47894311400,
                        48.90917168780
                    ],
                    [
                        2.47893716411,
                        48.90916277344
                    ],
                    [
                        2.47892730324,
                        48.90915552096
                    ],
                    [
                        2.47891450950,
                        48.90915064975
                    ],
                    [
                        2.47890005189,
                        48.90914864299
                    ],
                    [
                        2.47878113059,
                        48.90914476657
                    ],
                    [
                        2.47877765116,
                        48.90914428613
                    ],
                    [
                        2.47876708776,
                        48.90914128271
                    ],
                    [
                        2.47875618697,
                        48.90914007584
                    ],
                    [
                        2.47864960062,
                        48.90913667803
                    ],
                    [
                        2.47863516278,
                        48.90913770090
                    ],
                    [
                        2.47862189116,
                        48.90914158514
                    ],
                    [
                        2.47861105733,
                        48.90914795855
                    ],
                    [
                        2.47860369932,
                        48.90915621051
                    ],
                    [
                        2.47860052212,
                        48.90916555036
                    ],
                    [
                        2.47858420941,
                        48.90933025691
                    ],
                    [
                        2.47858226588,
                        48.90934997367
                    ],
                    [
                        2.47858365550,
                        48.90935970608
                    ],
                    [
                        2.47858958450,
                        48.90936866626
                    ],
                    [
                        2.47859946034,
                        48.90937595880
                    ],
                    [
                        2.47861229612,
                        48.90938085492
                    ],
                    [
                        2.47862680909,
                        48.90938286536
                    ],
                    [
                        2.47866210405,
                        48.90938399255
                    ],
                    [
                        2.47884681616,
                        48.90938995473
                    ],
                    [
                        2.47887895649,
                        48.90939101002
                    ],
                    [
                        2.47889345501,
                        48.90938999060
                    ],
                    [
                        2.47890677839,
                        48.90938608611
                    ],
                    [
                        2.47891763956,
                        48.90937967376
                    ],
                    [
                        2.47892498929,
                        48.90937137297
                    ],
                    [
                        2.47892811759,
                        48.90936198565
                    ],
                    [
                        2.47893005007,
                        48.90934084903
                    ],
                    [
                        2.47894456276,
                        48.90918137987
                    ]
                ]
            }
        },
        {
            "type": "Feature",
            "properties": {
                "highway": "footway",
                "footway": "sidewalk"
            },
            "geometry": {
                "type": "LineString",
                "coordinates": [
                    [
                        2.47859444700,
                        48.91175958879
                    ],
                    [
                        2.47848728088,
                        48.91177320550
                    ],
                    [
                        2.47770307191,
                        48.91187284517
                    ],
                    [
                        2.47764703486,
                        48.91187996488
                    ],
                    [
                        2.47759713471,
                        48.91188646464
                    ],
                    [
                        2.47759574716,
                        48.91188662906
                    ],
                    [
                        2.47748821518,
                        48.91189811527
                    ],
                    [
                        2.47736774768,
                        48.91191098309
                    ],
                    [
                        2.47736362469,
                        48.91191142349
                    ],
                    [
                        2.47735189782,
                        48.91191391442
                    ],
                    [
                        2.47734182703,
                        48.91191859287
                    ],
                    [
                        2.47733432497,
                        48.91192503486
                    ],
                    [
                        2.47733007154,
                        48.91193265658
                    ],
                    [
                        2.47732945219,
                        48.91194076731
                    ],
                    [
                        2.47733252305,
                        48.91194863202
                    ],
                    [
                        2.47734769650,
                        48.91197209129
                    ],
                    [
                        2.47740328792,
                        48.91205787796
                    ],
                    [
                        2.47745032032,
                        48.91213048457
                    ],
                    [
                        2.47745741924,
                        48.91213784968
                    ],
                    [
                        2.47746771354,
                        48.91214333594
                    ],
                    [
                        2.47748012617,
                        48.91214636933
                    ],
                    [
                        2.47749335848,
                        48.91214663250
                    ],
                    [
                        2.47753919802,
                        48.91214261234
                    ],
                    [
                        2.47760221376,
                        48.91213708579
                    ],
                    [
                        2.47760449605,
                        48.91213684221
                    ],
                    [
                        2.47869727782,
                        48.91199922456
                    ],
                    [
                        2.47870009184,
                        48.91199916573
                    ],
                    [
                        2.47870104626,
                        48.91200091146
                    ],
                    [
                        2.47871495376,
                        48.91204888851
                    ],
                    [
                        2.47871504302,
                        48.91205074323
                    ],
                    [
                        2.47871239447,
                        48.91205137232
                    ],
                    [
                        2.47761764035,
                        48.91218923836
                    ],
                    [
                        2.47761539736,
                        48.91218948324
                    ],
                    [
                        2.47754982170,
                        48.91219523968
                    ],
                    [
                        2.47753674590,
                        48.91219765893
                    ],
                    [
                        2.47752636545,
                        48.91220226778
                    ],
                    [
                        2.47751858352,
                        48.91220872886
                    ],
                    [
                        2.47751412787,
                        48.91221643795
                    ],
                    [
                        2.47751341517,
                        48.91222467412
                    ],
                    [
                        2.47751651207,
                        48.91223266714
                    ],
                    [
                        2.47765535529,
                        48.91244700169
                    ],
                    [
                        2.47766271864,
                        48.91245456015
                    ],
                    [
                        2.47772144853,
                        48.91249711917
                    ],
                    [
                        2.47772454337,
                        48.91249913527
                    ],
                    [
                        2.47777451538,
                        48.91252839615
                    ],
                    [
                        2.47778811250,
                        48.91253367555
                    ],
                    [
                        2.47782951828,
                        48.91254327869
                    ],
                    [
                        2.47783590740,
                        48.91254438787
                    ],
                    [
                        2.47789897288,
                        48.91255181182
                    ],
                    [
                        2.47790908645,
                        48.91255216339
                    ],
                    [
                        2.47794380845,
                        48.91255052763
                    ],
                    [
                        2.47797688913,
                        48.91254892278
                    ],
                    [
                        2.47798030516,
                        48.91254866156
                    ],
                    [
                        2.47804599331,
                        48.91254178437
                    ],
                    [
                        2.47818047735,
                        48.91252770451
                    ],
                    [
                        2.47818939975,
                        48.91252677037
                    ],
                    [
                        2.47828672483,
                        48.91251663440
                    ],
                    [
                        2.47839386651,
                        48.91250308624
                    ],
                    [
                        2.47842790268,
                        48.91249877755
                    ],
                    [
                        2.47881757832,
                        48.91244926847
                    ],
                    [
                        2.47940521091,
                        48.91237946129
                    ],
                    [
                        2.47951225469,
                        48.91236674522
                    ],
                    [
                        2.47961993260,
                        48.91235338312
                    ],
                    [
                        2.48000147435,
                        48.91230603253
                    ],
                    [
                        2.48010258003,
                        48.91229482615
                    ],
                    [
                        2.48044180979,
                        48.91225732281
                    ],
                    [
                        2.48052105420,
                        48.91224858861
                    ],
                    [
                        2.48062869915,
                        48.91223672405
                    ],
                    [
                        2.48073486455,
                        48.91222501892
                    ],
                    [
                        2.48092539248,
                        48.91220401224
                    ],
                    [
                        2.48092684848,
                        48.91220383380
                    ],
                    [
                        2.48107471659,
                        48.91218388108
                    ],
                    [
                        2.48112883849,
                        48.91217657804
                    ],
                    [
                        2.48113036101,
                        48.91217638510
                    ],
                    [
                        2.48117937104,
                        48.91217057507
                    ],
                    [
                        2.48118206797,
                        48.91217019310
                    ],
                    [
                        2.48128971133,
                        48.91215242617
                    ],
                    [
                        2.48134886818,
                        48.91214266207
                    ],
                    [
                        2.48135459386,
                        48.91214142279
                    ],
                    [
                        2.48136794938,
                        48.91213800938
                    ],
                    [
                        2.48137981379,
                        48.91213332516
                    ],
                    [
                        2.48138863388,
                        48.91212630382
                    ],
                    [
                        2.48139340253,
                        48.91211774709
                    ],
                    [
                        2.48139357522,
                        48.91210863204
                    ],
                    [
                        2.48138913223,
                        48.91209999950
                    ],
                    [
                        2.48138230455,
                        48.91209169926
                    ],
                    [
                        2.48128151937,
                        48.91196917693
                    ],
                    [
                        2.48127961182,
                        48.91196664699
                    ],
                    [
                        2.48103828554,
                        48.91160878647
                    ],
                    [
                        2.48079328992,
                        48.91124059217
                    ],
                    [
                        2.48048718282,
                        48.91077903167
                    ],
                    [
                        2.48022756225,
                        48.91039212453
                    ],
                    [
                        2.48021244369,
                        48.91036959350
                    ],
                    [
                        2.48020574868,
                        48.91036269129
                    ],
                    [
                        2.48019621926,
                        48.91035743201
                    ],
                    [
                        2.48018473430,
                        48.91035430068
                    ],
                    [
                        2.48017235299,
                        48.91035358609
                    ],
                    [
                        2.48014445116,
                        48.91035478501
                    ],
                    [
                        2.48014036413,
                        48.91035482441
                    ],
                    [
                        2.47976459215,
                        48.91034161401
                    ],
                    [
                        2.47975287750,
                        48.91034231732
                    ],
                    [
                        2.47974195023,
                        48.91034518795
                    ],
                    [
                        2.47973271307,
                        48.91034998875
                    ],
                    [
                        2.47972592914,
                        48.91035632313
                    ],
                    [
                        2.47972215887,
                        48.91036366778
                    ],
                    [
                        2.47972171375,
                        48.91037141593
                    ],
                    [
                        2.47972313390,
                        48.91038018376
                    ],
                    [
                        2.47985398591,
                        48.91118803528
                    ],
                    [
                        2.47985384318,
                        48.91118988857
                    ],
                    [
                        2.47985112509,
                        48.91119037178
                    ],
                    [
                        2.47977927507,
                        48.91119542820
                    ],
                    [
                        2.47977646330,
                        48.91119533412
                    ],
                    [
                        2.47977573023,
                        48.91119354253
                    ],
                    [
                        2.47964487949,
                        48.91038569082
                    ],
                    [
                        2.47964111605,
                        48.91036245555
                    ],
                    [
                        2.47963718059,
                        48.91035346024
                    ],
                    [
                        2.47962881801,
                        48.91034589320
                    ],
                    [
                        2.47961703545,
                        48.91034066576
                    ],
                    [
                        2.47960325196,
                        48.91033840749
                    ],
                    [
                        2.47954137868,
                        48.91033557988
                    ],
                    [
                        2.47911532577,
                        48.91031681574
                    ],
                    [
                        2.47910340488,
                        48.91031744500
                    ],
                    [
                        2.47909226890,
                        48.91032031886
                    ],
                    [
                        2.47908286871,
                        48.91032519194
                    ],
                    [
                        2.47907600698,
                        48.91033164813
                    ],
                    [
                        2.47907226960,
                        48.91033913614
                    ],
                    [
                        2.47907197571,
                        48.91034701661
                    ],
                    [
                        2.47907340883,
                        48.91035471771
                    ],
                    [
                        2.47924683008,
                        48.91128660825
                    ],
                    [
                        2.47924673151,
                        48.91128846273
                    ],
                    [
                        2.47924402525,
                        48.91128897400
                    ],
                    [
                        2.47916917469,
                        48.91129502594
                    ],
                    [
                        2.47916636120,
                        48.91129496096
                    ],
                    [
                        2.47916558554,
                        48.91129317716
                    ],
                    [
                        2.47899216576,
                        48.91036128650
                    ],
                    [
                        2.47898711859,
                        48.91033416441
                    ],
                    [
                        2.47898303145,
                        48.91032529150
                    ],
                    [
                        2.47897462753,
                        48.91031785506
                    ],
                    [
                        2.47896289980,
                        48.91031273376
                    ],
                    [
                        2.47894923397,
                        48.91031053270
                    ],
                    [
                        2.47865545986,
                        48.91029755349
                    ],
                    [
                        2.47864328434,
                        48.91029822029
                    ],
                    [
                        2.47863194996,
                        48.91030122636
                    ],
                    [
                        2.47862246680,
                        48.91030630382
                    ],
                    [
                        2.47861567999,
                        48.91031300017
                    ],
                    [
                        2.47861219435,
                        48.91032071865
                    ],
                    [
                        2.47861232051,
                        48.91032877141
                    ],
                    [
                        2.47861331091,
                        48.91033281285
                    ],
                    [
                        2.47861615476,
                        48.91034441747
                    ],
                    [
                        2.47878994187,
                        48.91107914661
                    ],
                    [
                        2.47878993509,
                        48.91108100219
                    ],
                    [
                        2.47878725546,
                        48.91108157139
                    ],
                    [
                        2.47871274460,
                        48.91108922863
                    ],
                    [
                        2.47870992920,
                        48.91108922413
                    ],
                    [
                        2.47870906568,
                        48.91108745791
                    ],
                    [
                        2.47853529737,
                        48.91035280332
                    ],
                    [
                        2.47853250730,
                        48.91034141937
                    ],
                    [
                        2.47852547885,
                        48.91031274864
                    ],
                    [
                        2.47852106995,
                        48.91030421212
                    ],
                    [
                        2.47851263913,
                        48.91029711033
                    ],
                    [
                        2.47850112846,
                        48.91029223685
                    ],
                    [
                        2.47848782417,
                        48.91029013624
                    ],
                    [
                        2.47827333597,
                        48.91028062411
                    ],
                    [
                        2.47826105103,
                        48.91028130603
                    ],
                    [
                        2.47824963156,
                        48.91028436850
                    ],
                    [
                        2.47824011382,
                        48.91028953362
                    ],
                    [
                        2.47823336148,
                        48.91029633269
                    ],
                    [
                        2.47822998727,
                        48.91030414872
                    ],
                    [
                        2.47823029740,
                        48.91031227248
                    ],
                    [
                        2.47823167698,
                        48.91031737540
                    ],
                    [
                        2.47850216162,
                        48.91131784597
                    ],
                    [
                        2.47852646171,
                        48.91140774606
                    ],
                    [
                        2.47856080884,
                        48.91153471606
                    ],
                    [
                        2.47856866548,
                        48.91156375938
                    ],
                    [
                        2.47857473095,
                        48.91158624999
                    ],
                    [
                        2.47857796015,
                        48.91159296654
                    ],
                    [
                        2.47858371783,
                        48.91159890285
                    ],
                    [
                        2.47859161124,
                        48.91160365396
                    ],
                    [
                        2.47859395753,
                        48.91160615827
                    ],
                    [
                        2.47861210538,
                        48.91167329417
                    ],
                    [
                        2.47861634143,
                        48.91168132555
                    ],
                    [
                        2.47862415965,
                        48.91168808891
                    ],
                    [
                        2.47863478330,
                        48.91169291230
                    ],
                    [
                        2.47864715695,
                        48.91169531655
                    ],
                    [
                        2.47866005127,
                        48.91169506277
                    ],
                    [
                        2.47868508894,
                        48.91169192125
                    ],
                    [
                        2.47929178204,
                        48.91161579647
                    ],
                    [
                        2.47929459604,
                        48.91161573889
                    ],
                    [
                        2.47929554870,
                        48.91161748509
                    ],
                    [
                        2.47930965134,
                        48.91166631487
                    ],
                    [
                        2.47930973870,
                        48.91166816970
                    ],
                    [
                        2.47930708945,
                        48.91166879763
                    ],
                    [
                        2.47870190372,
                        48.91174473320
                    ],
                    [
                        2.47865334671,
                        48.91175082574
                    ],
                    [
                        2.47865195842,
                        48.91175101642
                    ],
                    [
                        2.47859574167,
                        48.91175940989
                    ]
                ]
            }
        },
        {
            "type": "Feature",
            "properties": {
                "barrier": "kerb"
            },
            "geometry": {
                "type": "Point",
                "coordinates": [
                    2.47856725730,
                    48.90553210543
                ]
            }
        },
        {
            "type": "Feature",
            "properties": {
                "barrier": "kerb"
            },
            "geometry": {
                "type": "Point",
                "coordinates": [
                    2.47568691171,
                    48.90600363178
                ]
            }
        },
        {
            "type": "Feature",
            "properties": {
                "barrier": "kerb"
            },
            "geometry": {
                "type": "Point",
                "coordinates": [
                    2.47563221653,
                    48.90599236129
                ]
            }
        },
        {
            "type": "Feature",
            "properties": {
                "barrier": "kerb"
            },
            "geometry": {
                "type": "Point",
                "coordinates": [
                    2.47874978254,
                    48.90555890944
                ]
            }
        },
        {
            "type": "Feature",
            "properties": {
                "barrier": "kerb"
            },
            "geometry": {
                "type": "Point",
                "coordinates": [
                    2.47766872389,
                    48.91173543297
                ]
            }
        },
        {
            "type": "Feature",
            "properties": {
                "highway": "footway",
                "footway": "crossing"
            },
            "geometry": {
                "type": "LineString",
                "coordinates": [
                    [
                        2.47577119569,
                        48.90564589122
                    ],
                    [
                        2.47578299050,
                        48.90564813627
                    ],
                    [
                        2.47581051173,
                        48.90565337471
                    ],
                    [
                        2.47583803302,
                        48.90565861316
                    ],
                    [
                        2.47584982786,
                        48.90566085821
                    ]
                ]
            }
        },
        {
            "type": "Feature",
            "properties": {
                "barrier": "kerb"
            },
            "geometry": {
                "type": "Point",
                "coordinates": [
                    2.47906122238,
                    48.91035570303
                ]
            }
        },
        {
            "type": "Feature",
            "properties": {
                "highway": "footway",
                "footway": "crossing"
            },
            "geometry": {
                "type": "LineString",
                "coordinates": [
                    [
                        2.48301998081,
                        48.90954149570
                    ],
                    [
                        2.48302825482,
                        48.90954071024
                    ],
                    [
                        2.48304756083,
                        48.90953887748
                    ],
                    [
                        2.48305783529,
                        48.90953790210
                    ]
                ]
            }
        },
        {
            "type": "Feature",
            "properties": {
                "barrier": "kerb"
            },
            "geometry": {
                "type": "Point",
                "coordinates": [
                    2.48024496080,
                    48.91039137694
                ]
            }
        },
        {
            "type": "Feature",
            "properties": {
                "highway": "footway",
                "footway": "crossing"
            },
            "geometry": {
                "type": "LineString",
                "coordinates": [
                    [
                        2.47826581543,
                        48.90579089117
                    ],
                    [
                        2.47827232860,
                        48.90577523662
                    ],
                    [
                        2.47828752600,
                        48.90573870934
                    ],
                    [
                        2.47830272338,
                        48.90570218203
                    ],
                    [
                        2.47830923653,
                        48.90568652747
                    ]
                ]
            }
        },
        {
            "type": "Feature",
            "properties": {
                "barrier": "kerb"
            },
            "geometry": {
                "type": "Point",
                "coordinates": [
                    2.47770104658,
                    48.91186486058
                ]
            }
        },
        {
            "type": "Feature",
            "properties": {
                "highway": "footway",
                "footway": "crossing"
            },
            "geometry": {
                "type": "LineString",
                "coordinates": [
                    [
                        2.47836630129,
                        48.90546519957
                    ],
                    [
                        2.47835524905,
                        48.90550101067
                    ],
                    [
                        2.47835035315,
                        48.90551687420
                    ]
                ]
            }
        },
        {
            "type": "Feature",
            "properties": {
                "barrier": "kerb"
            },
            "geometry": {
                "type": "Point",
                "coordinates": [
                    2.47754822814,
                    48.91218734558
                ]
            }
        },
        {
            "type": "Feature",
            "properties": {
                "barrier": "kerb"
            },
            "geometry": {
                "type": "Point",
                "coordinates": [
                    2.47847411115,
                    48.91172817455
                ]
            }
        },
        {
            "type": "Feature",
            "properties": {
                "highway": "footway",
                "footway": "sidewalk"
            },
            "geometry": {
                "type": "LineString",
                "coordinates": [
                    [
                        2.47371051985,
                        48.90501427912
                    ],
                    [
                        2.47375203141,
                        48.90502860721
                    ],
                    [
                        2.47375497462,
                        48.90502952663
                    ],
                    [
                        2.47423723239,
                        48.90516495920
                    ],
                    [
                        2.47424037707,
                        48.90516574335
                    ],
                    [
                        2.47445947599,
                        48.90521369264
                    ],
                    [
                        2.47471544886,
                        48.90526961048
                    ],
                    [
                        2.47471970863,
                        48.90527037562
                    ],
                    [
                        2.47519689783,
                        48.90533809678
                    ],
                    [
                        2.47519858855,
                        48.90533831228
                    ],
                    [
                        2.47590510119,
                        48.90541823765
                    ],
                    [
                        2.47665797757,
                        48.90550391443
                    ],
                    [
                        2.47720630713,
                        48.90555990293
                    ],
                    [
                        2.47720879610,
                        48.90556010578
                    ],
                    [
                        2.47743604132,
                        48.90557398113
                    ],
                    [
                        2.47743901350,
                        48.90557448025
                    ],
                    [
                        2.47744759455,
                        48.90557529650
                    ],
                    [
                        2.47745065947,
                        48.90557537165
                    ],
                    [
                        2.47819604775,
                        48.90567204217
                    ],
                    [
                        2.47830923653,
                        48.90568652747
                    ],
                    [
                        2.47869536142,
                        48.90573594049
                    ],
                    [
                        2.47878715287,
                        48.90574768698
                    ],
                    [
                        2.47923601689,
                        48.90579529449
                    ],
                    [
                        2.47924654469,
                        48.90579660384
                    ],
                    [
                        2.47963317767,
                        48.90585153451
                    ],
                    [
                        2.48010542148,
                        48.90591772668
                    ],
                    [
                        2.48019877350,
                        48.90593140185
                    ],
                    [
                        2.48021072388,
                        48.90593196833
                    ],
                    [
                        2.48022241095,
                        48.90593022891
                    ],
                    [
                        2.48023283290,
                        48.90592633269
                    ],
                    [
                        2.48024109635,
                        48.90592061366
                    ],
                    [
                        2.48024649297,
                        48.90591356205
                    ],
                    [
                        2.48024856015,
                        48.90590578233
                    ],
                    [
                        2.48024994023,
                        48.90587143986
                    ],
                    [
                        2.48025089760,
                        48.90582655806
                    ],
                    [
                        2.48024883730,
                        48.90581772021
                    ],
                    [
                        2.48024250787,
                        48.90580981180
                    ],
                    [
                        2.48023260470,
                        48.90580370168
                    ],
                    [
                        2.48022021579,
                        48.90580006115
                    ],
                    [
                        2.48018323777,
                        48.90579376331
                    ],
                    [
                        2.48015835894,
                        48.90578952611
                    ],
                    [
                        2.47986589949,
                        48.90573957467
                    ],
                    [
                        2.47891698097,
                        48.90560006030
                    ],
                    [
                        2.47882379014,
                        48.90558636007
                    ],
                    [
                        2.47875037520,
                        48.90557557911
                    ],
                    [
                        2.47856191850,
                        48.90554790407
                    ],
                    [
                        2.47845541464,
                        48.90553226374
                    ],
                    [
                        2.47835035315,
                        48.90551687420
                    ],
                    [
                        2.47721756720,
                        48.90535093565
                    ],
                    [
                        2.47720304756,
                        48.90535055094
                    ],
                    [
                        2.47713337475,
                        48.90535694492
                    ],
                    [
                        2.47713027402,
                        48.90535690658
                    ],
                    [
                        2.47712831600,
                        48.90535646025
                    ],
                    [
                        2.47712284374,
                        48.90535444761
                    ],
                    [
                        2.47711187429,
                        48.90535273498
                    ],
                    [
                        2.47710061220,
                        48.90535306038
                    ],
                    [
                        2.47709466398,
                        48.90535436048
                    ],
                    [
                        2.47709261326,
                        48.90535455675
                    ],
                    [
                        2.47708955676,
                        48.90535421094
                    ],
                    [
                        2.47692778189,
                        48.90531803218
                    ],
                    [
                        2.47692581529,
                        48.90531759672
                    ]
                ]
            }
        },
        {
            "type": "Feature",
            "properties": {
                "highway": "footway",
                "footway": "crossing"
            },
            "geometry": {
                "type": "LineString",
                "coordinates": [
                    [
                        2.48303189585,
                        48.90941402005
                    ],
                    [
                        2.48304006542,
                        48.90941435183
                    ],
                    [
                        2.48305912775,
                        48.90941512599
                    ],
                    [
                        2.48306859381,
                        48.90941551043
                    ]
                ]
            }
        },
        {
            "type": "Feature",
            "properties": {
                "barrier": "kerb"
            },
            "geometry": {
                "type": "Point",
                "coordinates": [
                    2.48073800857,
                    48.91223561277
                ]
            }
        },
        {
            "type": "Feature",
            "properties": {
                "highway": "footway",
                "footway": "crossing"
            },
            "geometry": {
                "type": "LineString",
                "coordinates": [
                    [
                        2.47850714243,
                        48.91154123552
                    ],
                    [
                        2.47851519238,
                        48.91154025760
                    ],
                    [
                        2.47853397561,
                        48.91153797580
                    ],
                    [
                        2.47855275887,
                        48.91153569398
                    ],
                    [
                        2.47856080884,
                        48.91153471606
                    ]
                ]
            }
        },
        {
            "type": "Feature",
            "properties": {
                "highway": "footway",
                "footway": "crossing"
            },
            "geometry": {
                "type": "LineString",
                "coordinates": [
                    [
                        2.48129712200,
                        48.91218407254
                    ],
                    [
                        2.48129221926,
                        48.91216313599
                    ],
                    [
                        2.48128971133,
                        48.91215242617
                    ]
                ]
            }
        },
        {
            "type": "Feature",
            "properties": {
                "barrier": "kerb"
            },
            "geometry": {
                "type": "Point",
                "coordinates": [
                    2.47747674190,
                    48.91185288249
                ]
            }
        },
        {
            "type": "Feature",
            "properties": {
                "highway": "footway",
                "footway": "crossing"
            },
            "geometry": {
                "type": "LineString",
                "coordinates": [
                    [
                        2.47840890341,
                        48.91255562869
                    ],
                    [
                        2.47840398188,
                        48.91253843173
                    ],
                    [
                        2.47839690112,
                        48.91251368989
                    ],
                    [
                        2.47839386651,
                        48.91250308624
                    ]
                ]
            }
        },
        {
            "type": "Feature",
            "properties": {
                "barrier": "kerb"
            },
            "geometry": {
                "type": "Point",
                "coordinates": [
                    2.47750997650,
                    48.91166205248
                ]
            }
        },
        {
            "type": "Feature",
            "properties": {
                "barrier": "kerb"
            },
            "geometry": {
                "type": "Point",
                "coordinates": [
                    2.47754079157,
                    48.91215050644
                ]
            }
        },
        {
            "type": "Feature",
            "properties": {
                "highway": "footway",
                "footway": "crossing"
            },
            "geometry": {
                "type": "LineString",
                "coordinates": [
                    [
                        2.47224215524,
                        48.90500792119
                    ],
                    [
                        2.47355481551,
                        48.90838807566
                    ]
                ]
            }
        },
        {
            "type": "Feature",
            "properties": {
                "highway": "footway",
                "footway": "crossing"
            },
            "geometry": {
                "type": "LineString",
                "coordinates": [
                    [
                        2.47736774768,
                        48.91191098309
                    ],
                    [
                        2.47736578357,
                        48.91190299437
                    ],
                    [
                        2.47736120066,
                        48.91188435401
                    ],
                    [
                        2.47735661774,
                        48.91186571365
                    ],
                    [
                        2.47735465364,
                        48.91185772493
                    ]
                ]
            }
        },
        {
            "type": "Feature",
            "properties": {
                "barrier": "kerb"
            },
            "geometry": {
                "type": "Point",
                "coordinates": [
                    2.47805222446,
                    48.90647307320
                ]
            }
        },
        {
            "type": "Feature",
            "properties": {
                "barrier": "kerb"
            },
            "geometry": {
                "type": "Point",
                "coordinates": [
                    2.47962281957,
                    48.91236400493
                ]
            }
        },
        {
            "type": "Feature",
            "properties": {
                "barrier": "kerb"
            },
            "geometry": {
                "type": "Point",
                "coordinates": [
                    2.47734712601,
                    48.91101885663
                ]
            }
        },
        {
            "type": "Feature",
            "properties": {
                "barrier": "kerb"
            },
            "geometry": {
                "type": "Point",
                "coordinates": [
                    2.47869938151,
                    48.91173681142
                ]
            }
        },
        {
            "type": "Feature",
            "properties": {
                "barrier": "kerb"
            },
            "geometry": {
                "type": "Point",
                "coordinates": [
                    2.48302825482,
                    48.90954071024
                ]
            }
        },
        {
            "type": "Feature",
            "properties": {
                "highway": "footway",
                "footway": "crossing"
            },
            "geometry": {
                "type": "LineString",
                "coordinates": [
                    [
                        2.48135459386,
                        48.91214142279
                    ],
                    [
                        2.48136051246,
                        48.91215148351
                    ],
                    [
                        2.48136858778,
                        48.91216521028
                    ]
                ]
            }
        },
        {
            "type": "Feature",
            "properties": {
                "barrier": "kerb"
            },
            "geometry": {
                "type": "Point",
                "coordinates": [
                    2.47769159508,
                    48.91182759915
                ]
            }
        },
        {
            "type": "Feature",
            "properties": {
                "highway": "footway",
                "footway": "sidewalk"
            },
            "geometry": {
                "type": "LineString",
                "coordinates": [
                    [
                        2.48299609977,
                        48.90958615417
                    ],
                    [
                        2.48300712832,
                        48.90958056592
                    ],
                    [
                        2.48301468013,
                        48.90957286550
                    ],
                    [
                        2.48301788272,
                        48.90956394254
                    ],
                    [
                        2.48301998081,
                        48.90954149570
                    ],
                    [
                        2.48303189585,
                        48.90941402005
                    ],
                    [
                        2.48303776812,
                        48.90935119404
                    ],
                    [
                        2.48304623758,
                        48.90928961580
                    ],
                    [
                        2.48306139479,
                        48.90917956134
                    ],
                    [
                        2.48306229248,
                        48.90917304330
                    ],
                    [
                        2.48306157185,
                        48.90916501443
                    ],
                    [
                        2.48305729233,
                        48.90915748245
                    ],
                    [
                        2.48304983433,
                        48.90915111688
                    ],
                    [
                        2.48303986079,
                        48.90914648356
                    ],
                    [
                        2.48302825828,
                        48.90914399433
                    ],
                    [
                        2.48301605813,
                        48.90914387048
                    ],
                    [
                        2.48017825810,
                        48.90939644394
                    ],
                    [
                        2.48016676190,
                        48.90939863040
                    ],
                    [
                        2.48015671640,
                        48.90940291514
                    ],
                    [
                        2.48014898028,
                        48.90940893190
                    ],
                    [
                        2.48014421480,
                        48.90941616638
                    ],
                    [
                        2.48014282731,
                        48.90942400019
                    ],
                    [
                        2.48015374427,
                        48.90965996752
                    ],
                    [
                        2.48015669300,
                        48.90975894911
                    ],
                    [
                        2.48015684266,
                        48.90976078467
                    ],
                    [
                        2.48016576452,
                        48.90982761653
                    ],
                    [
                        2.48016904626,
                        48.90983607653
                    ],
                    [
                        2.48017625579,
                        48.90984340232
                    ],
                    [
                        2.48018663769,
                        48.90984882633
                    ],
                    [
                        2.48019910416,
                        48.90985178022
                    ],
                    [
                        2.48021234898,
                        48.90985195449
                    ],
                    [
                        2.48022926295,
                        48.90985035372
                    ],
                    [
                        2.48023698605,
                        48.90984962075
                    ],
                    [
                        2.48294132916,
                        48.90959292800
                    ],
                    [
                        2.48298286861,
                        48.90958898461
                    ],
                    [
                        2.48299609977,
                        48.90958615417
                    ]
                ]
            }
        },
        {
            "type": "Feature",
            "properties": {
                "highway": "footway",
                "footway": "crossing"
            },
            "geometry": {
                "type": "LineString",
                "coordinates": [
                    [
                        2.47805656578,
                        48.91257935018
                    ],
                    [
                        2.47805594980,
                        48.91257716150
                    ],
                    [
                        2.47804898025,
                        48.91255239751
                    ],
                    [
                        2.47804599331,
                        48.91254178437
                    ]
                ]
            }
        },
        {
            "type": "Feature",
            "properties": {
                "highway": "footway",
                "footway": "sidewalk"
            },
            "geometry": {
                "type": "LineString",
                "coordinates": [
                    [
                        2.47818915528,
                        48.90580857625
                    ],
                    [
                        2.47818552542,
                        48.90582093929
                    ],
                    [
                        2.47818522600,
                        48.90583003823
                    ],
                    [
                        2.47818953354,
                        48.90583868499
                    ],
                    [
                        2.47819795775,
                        48.90584589540
                    ],
                    [
                        2.47820010195,
                        48.90584719908
                    ],
                    [
                        2.47820068549,
                        48.90584912167
                    ],
                    [
                        2.47820506758,
                        48.90585696277
                    ],
                    [
                        2.47821287950,
                        48.90586354366
                    ],
                    [
                        2.47825507740,
                        48.90589918126
                    ],
                    [
                        2.47826452332,
                        48.90590498194
                    ],
                    [
                        2.47827624036,
                        48.90590855423
                    ],
                    [
                        2.47828906250,
                        48.90590954263
                    ],
                    [
                        2.47830171370,
                        48.90590784878
                    ],
                    [
                        2.47835830684,
                        48.90589385863
                    ],
                    [
                        2.47836244806,
                        48.90589315066
                    ],
                    [
                        2.47836944506,
                        48.90589245959
                    ],
                    [
                        2.47837371924,
                        48.90589233642
                    ],
                    [
                        2.47839547011,
                        48.90589321701
                    ],
                    [
                        2.47839829378,
                        48.90589423957
                    ],
                    [
                        2.47839888000,
                        48.90589392261
                    ],
                    [
                        2.47840129853,
                        48.90589375808
                    ],
                    [
                        2.47860576863,
                        48.90592368297
                    ],
                    [
                        2.47860838751,
                        48.90592436363
                    ],
                    [
                        2.47860821482,
                        48.90592621580
                    ],
                    [
                        2.47859778523,
                        48.90595718420
                    ],
                    [
                        2.47859675271,
                        48.90595891059
                    ],
                    [
                        2.47859394304,
                        48.90595879674
                    ],
                    [
                        2.47839392898,
                        48.90592952407
                    ],
                    [
                        2.47838756890,
                        48.90592893360
                    ],
                    [
                        2.47838274213,
                        48.90592873813
                    ],
                    [
                        2.47836586389,
                        48.90593040501
                    ],
                    [
                        2.47831655929,
                        48.90594259340
                    ],
                    [
                        2.47830086621,
                        48.90594647282
                    ],
                    [
                        2.47829699048,
                        48.90594715346
                    ],
                    [
                        2.47829043809,
                        48.90594785920
                    ],
                    [
                        2.47828643538,
                        48.90594802709
                    ],
                    [
                        2.47827233882,
                        48.90594770302
                    ],
                    [
                        2.47826977509,
                        48.90594753703
                    ],
                    [
                        2.47826682589,
                        48.90594722141
                    ],
                    [
                        2.47826191016,
                        48.90594626482
                    ],
                    [
                        2.47825917413,
                        48.90594547415
                    ],
                    [
                        2.47824551935,
                        48.90594235233
                    ],
                    [
                        2.47823256376,
                        48.90594235810
                    ],
                    [
                        2.47822026017,
                        48.90594503331
                    ],
                    [
                        2.47820984175,
                        48.90595010983
                    ],
                    [
                        2.47820235272,
                        48.90595707885
                    ],
                    [
                        2.47819854371,
                        48.90596524186
                    ],
                    [
                        2.47817628196,
                        48.90606979363
                    ],
                    [
                        2.47809823767,
                        48.90647690614
                    ],
                    [
                        2.47809320275,
                        48.90650317156
                    ],
                    [
                        2.47809382257,
                        48.90651231045
                    ],
                    [
                        2.47809903996,
                        48.90652078733
                    ],
                    [
                        2.47810825494,
                        48.90652762737
                    ],
                    [
                        2.47812040782,
                        48.90653204400
                    ],
                    [
                        2.47838584427,
                        48.90659265612
                    ],
                    [
                        2.47839917061,
                        48.90659414210
                    ],
                    [
                        2.47841250443,
                        48.90659268552
                    ],
                    [
                        2.47842439127,
                        48.90658844525
                    ],
                    [
                        2.47843353453,
                        48.90658188384
                    ],
                    [
                        2.47843893688,
                        48.90657371697
                    ],
                    [
                        2.47844000904,
                        48.90656483550
                    ],
                    [
                        2.47843663406,
                        48.90655620820
                    ],
                    [
                        2.47843247829,
                        48.90655004518
                    ],
                    [
                        2.47843175134,
                        48.90654825240
                    ],
                    [
                        2.47843411313,
                        48.90654724267
                    ],
                    [
                        2.47847808705,
                        48.90653435737
                    ],
                    [
                        2.47848080647,
                        48.90653387818
                    ],
                    [
                        2.47848233817,
                        48.90653543503
                    ],
                    [
                        2.47850409112,
                        48.90656769447
                    ],
                    [
                        2.47851504006,
                        48.90657732365
                    ],
                    [
                        2.47853803040,
                        48.90659015747
                    ],
                    [
                        2.47855047300,
                        48.90659491871
                    ],
                    [
                        2.47856464639,
                        48.90659654702
                    ],
                    [
                        2.47858401645,
                        48.90659649397
                    ],
                    [
                        2.47859470712,
                        48.90659552683
                    ],
                    [
                        2.47860464263,
                        48.90659275124
                    ],
                    [
                        2.47861313216,
                        48.90658836020
                    ],
                    [
                        2.47863669962,
                        48.90657244293
                    ],
                    [
                        2.47864348747,
                        48.90656633828
                    ],
                    [
                        2.47864743552,
                        48.90655923087
                    ],
                    [
                        2.47866705487,
                        48.90649863025
                    ],
                    [
                        2.47866771583,
                        48.90649008063
                    ],
                    [
                        2.47866427988,
                        48.90648182500
                    ],
                    [
                        2.47865709304,
                        48.90647469471
                    ],
                    [
                        2.47864687904,
                        48.90646940783
                    ],
                    [
                        2.47863466650,
                        48.90646649677
                    ],
                    [
                        2.47862168525,
                        48.90646625469
                    ],
                    [
                        2.47861774514,
                        48.90646630425
                    ],
                    [
                        2.47861694520,
                        48.90646452522
                    ],
                    [
                        2.47861065482,
                        48.90643307478
                    ],
                    [
                        2.47861072798,
                        48.90643121981
                    ],
                    [
                        2.47861342692,
                        48.90643069243
                    ],
                    [
                        2.47866506515,
                        48.90642620446
                    ],
                    [
                        2.47867662870,
                        48.90642402429
                    ],
                    [
                        2.47868673138,
                        48.90641972227
                    ],
                    [
                        2.47869450054,
                        48.90641367000
                    ],
                    [
                        2.47869926512,
                        48.90640639027
                    ],
                    [
                        2.47881561905,
                        48.90611787129
                    ],
                    [
                        2.47881699252,
                        48.90611085907
                    ],
                    [
                        2.47881555487,
                        48.90610385245
                    ],
                    [
                        2.47877002873,
                        48.90599364483
                    ],
                    [
                        2.47876522252,
                        48.90598641030
                    ],
                    [
                        2.47870234791,
                        48.90592025518
                    ],
                    [
                        2.47870099393,
                        48.90591857833
                    ],
                    [
                        2.47869963737,
                        48.90591656822
                    ],
                    [
                        2.47869806872,
                        48.90591293742
                    ],
                    [
                        2.47869781183,
                        48.90591170321
                    ],
                    [
                        2.47869783914,
                        48.90590792816
                    ],
                    [
                        2.47869832432,
                        48.90590575112
                    ],
                    [
                        2.47869894303,
                        48.90590389607
                    ],
                    [
                        2.47871058084,
                        48.90587790206
                    ],
                    [
                        2.47871221083,
                        48.90586901953
                    ],
                    [
                        2.47870934399,
                        48.90586027411
                    ],
                    [
                        2.47870229566,
                        48.90585262784
                    ],
                    [
                        2.47869184121,
                        48.90584692185
                    ],
                    [
                        2.47867913067,
                        48.90584378381
                    ],
                    [
                        2.47866416758,
                        48.90584186899
                    ],
                    [
                        2.47826581543,
                        48.90579089117
                    ],
                    [
                        2.47823713067,
                        48.90578722028
                    ],
                    [
                        2.47822433049,
                        48.90578692812
                    ],
                    [
                        2.47821202023,
                        48.90578925867
                    ],
                    [
                        2.47820140577,
                        48.90579398363
                    ],
                    [
                        2.47819352686,
                        48.90580064018
                    ],
                    [
                        2.47818915528,
                        48.90580857625
                    ]
                ]
            }
        },
        {
            "type": "Feature",
            "properties": {
                "highway": "footway",
                "footway": "crossing"
            },
            "geometry": {
                "type": "LineString",
                "coordinates": [
                    [
                        2.48023698605,
                        48.90984962075
                    ],
                    [
                        2.48023795670,
                        48.90985689162
                    ],
                    [
                        2.48023816156,
                        48.90985842620
                    ]
                ]
            }
        },
        {
            "type": "Feature",
            "properties": {
                "barrier": "kerb"
            },
            "geometry": {
                "type": "Point",
                "coordinates": [
                    2.48139669624,
                    48.91208655603
                ]
            }
        },
        {
            "type": "Feature",
            "properties": {
                "highway": "footway",
                "footway": "crossing"
            },
            "geometry": {
                "type": "LineString",
                "coordinates": [
                    [
                        2.47964487949,
                        48.91038569082
                    ],
                    [
                        2.47965661766,
                        48.91038486476
                    ],
                    [
                        2.47968400673,
                        48.91038293729
                    ],
                    [
                        2.47971139575,
                        48.91038100982
                    ],
                    [
                        2.47972313390,
                        48.91038018376
                    ]
                ]
            }
        },
        {
            "type": "Feature",
            "properties": {
                "highway": "footway",
                "footway": "crossing"
            },
            "geometry": {
                "type": "LineString",
                "coordinates": [
                    [
                        2.47809823767,
                        48.90647690614
                    ],
                    [
                        2.47809011769,
                        48.90647622974
                    ],
                    [
                        2.47807117106,
                        48.90647465147
                    ],
                    [
                        2.47805222446,
                        48.90647307320
                    ],
                    [
                        2.47804410448,
                        48.90647239680
                    ]
                ]
            }
        },
        {
            "type": "Feature",
            "properties": {
                "barrier": "kerb"
            },
            "geometry": {
                "type": "Point",
                "coordinates": [
                    2.47860119043,
                    48.91033410383
                ]
            }
        },
        {
            "type": "Feature",
            "properties": {
                "highway": "footway",
                "footway": "crossing"
            },
            "geometry": {
                "type": "LineString",
                "coordinates": [
                    [
                        2.47853250730,
                        48.91034141937
                    ],
                    [
                        2.47854462790,
                        48.91034012839
                    ],
                    [
                        2.47857290928,
                        48.91033711610
                    ],
                    [
                        2.47860119043,
                        48.91033410383
                    ],
                    [
                        2.47861331091,
                        48.91033281285
                    ]
                ]
            }
        },
        {
            "type": "Feature",
            "properties": {
                "barrier": "kerb"
            },
            "geometry": {
                "type": "Point",
                "coordinates": [
                    2.47818303347,
                    48.91253836277
                ]
            }
        },
        {
            "type": "Feature",
            "properties": {
                "highway": "footway",
                "footway": "crossing"
            },
            "geometry": {
                "type": "LineString",
                "coordinates": [
                    [
                        2.47767094918,
                        48.91174339188
                    ],
                    [
                        2.47766872389,
                        48.91173543297
                    ],
                    [
                        2.47766353156,
                        48.91171686217
                    ],
                    [
                        2.47765833922,
                        48.91169829134
                    ],
                    [
                        2.47765611394,
                        48.91169033242
                    ]
                ]
            }
        },
        {
            "type": "Feature",
            "properties": {
                "barrier": "kerb"
            },
            "geometry": {
                "type": "Point",
                "coordinates": [
                    2.47818601112,
                    48.91032273022
                ]
            }
        },
        {
            "type": "Feature",
            "properties": {
                "highway": "footway",
                "footway": "crossing"
            },
            "geometry": {
                "type": "LineString",
                "coordinates": [
                    [
                        2.48140691674,
                        48.91208290347
                    ],
                    [
                        2.48139669624,
                        48.91208655603
                    ],
                    [
                        2.48138230455,
                        48.91209169926
                    ]
                ]
            }
        },
        {
            "type": "Feature",
            "properties": {
                "barrier": "kerb"
            },
            "geometry": {
                "type": "Point",
                "coordinates": [
                    2.48136051246,
                    48.91215148351
                ]
            }
        },
        {
            "type": "Feature",
            "properties": {
                "barrier": "kerb"
            },
            "geometry": {
                "type": "Point",
                "coordinates": [
                    2.47900435223,
                    48.91036030119
                ]
            }
        },
        {
            "type": "Feature",
            "properties": {
                "highway": "footway",
                "footway": "crossing"
            },
            "geometry": {
                "type": "LineString",
                "coordinates": [
                    [
                        2.48307966058,
                        48.90928961198
                    ],
                    [
                        2.48307363361,
                        48.90928961267
                    ],
                    [
                        2.48305445639,
                        48.90928961486
                    ],
                    [
                        2.48304623758,
                        48.90928961580
                    ]
                ]
            }
        },
        {
            "type": "Feature",
            "properties": {
                "barrier": "kerb"
            },
            "geometry": {
                "type": "Point",
                "coordinates": [
                    2.47839690112,
                    48.91251368989
                ]
            }
        },
        {
            "type": "Feature",
            "properties": {
                "barrier": "kerb"
            },
            "geometry": {
                "type": "Point",
                "coordinates": [
                    2.47827232860,
                    48.90577523662
                ]
            }
        },
        {
            "type": "Feature",
            "properties": {
                "barrier": "kerb"
            },
            "geometry": {
                "type": "Point",
                "coordinates": [
                    2.47892232532,
                    48.90558426248
                ]
            }
        },
        {
            "type": "Feature",
            "properties": {
                "highway": "footway",
                "footway": "crossing"
            },
            "geometry": {
                "type": "LineString",
                "coordinates": [
                    [
                        2.48074895582,
                        48.91227249978
                    ],
                    [
                        2.48074534462,
                        48.91226033177
                    ],
                    [
                        2.48073800857,
                        48.91223561277
                    ],
                    [
                        2.48073486455,
                        48.91222501892
                    ]
                ]
            }
        },
        {
            "type": "Feature",
            "properties": {
                "highway": "footway",
                "footway": "crossing"
            },
            "geometry": {
                "type": "LineString",
                "coordinates": [
                    [
                        2.48306139479,
                        48.90917956134
                    ],
                    [
                        2.48306954629,
                        48.90918004914
                    ],
                    [
                        2.48308856645,
                        48.90918118733
                    ],
                    [
                        2.48308918810,
                        48.90918122453
                    ]
                ]
            }
        },
        {
            "type": "Feature",
            "properties": {
                "barrier": "kerb"
            },
            "geometry": {
                "type": "Point",
                "coordinates": [
                    2.47940811464,
                    48.91239008077
                ]
            }
        },
        {
            "type": "Feature",
            "properties": {
                "highway": "footway",
                "footway": "crossing"
            },
            "geometry": {
                "type": "LineString",
                "coordinates": [
                    [
                        2.47831655929,
                        48.90594259340
                    ],
                    [
                        2.47833281877,
                        48.90593288580
                    ],
                    [
                        2.47837075751,
                        48.90591023472
                    ],
                    [
                        2.47839039533,
                        48.90589851007
                    ],
                    [
                        2.47839888000,
                        48.90589392261
                    ]
                ]
            }
        },
        {
            "type": "Feature",
            "properties": {
                "highway": "footway",
                "footway": "crossing"
            },
            "geometry": {
                "type": "LineString",
                "coordinates": [
                    [
                        2.47754982170,
                        48.91219523968
                    ],
                    [
                        2.47754822814,
                        48.91218734558
                    ],
                    [
                        2.47754450985,
                        48.91216892602
                    ],
                    [
                        2.47754079157,
                        48.91215050644
                    ],
                    [
                        2.47753919802,
                        48.91214261234
                    ]
                ]
            }
        },
        {
            "type": "Feature",
            "properties": {
                "barrier": "kerb"
            },
            "geometry": {
                "type": "Point",
                "coordinates": [
                    2.47845415992,
                    48.91160161775
                ]
            }
        },
        {
            "type": "Feature",
            "properties": {
                "highway": "footway",
                "footway": "crossing"
            },
            "geometry": {
                "type": "LineString",
                "coordinates": [
                    [
                        2.47817795241,
                        48.91032367519
                    ],
                    [
                        2.47818601112,
                        48.91032273022
                    ],
                    [
                        2.47820481476,
                        48.91032052529
                    ],
                    [
                        2.47822361832,
                        48.91031832037
                    ],
                    [
                        2.47823167698,
                        48.91031737540
                    ]
                ]
            }
        },
        {
            "type": "Feature",
            "properties": {
                "barrier": "kerb"
            },
            "geometry": {
                "type": "Point",
                "coordinates": [
                    2.47848495681,
                    48.91176525886
                ]
            }
        },
        {
            "type": "Feature",
            "properties": {
                "barrier": "kerb"
            },
            "geometry": {
                "type": "Point",
                "coordinates": [
                    2.47868761116,
                    48.91169984305
                ]
            }
        },
        {
            "type": "Feature",
            "properties": {
                "highway": "footway",
                "footway": "crossing"
            },
            "geometry": {
                "type": "LineString",
                "coordinates": [
                    [
                        2.47899216576,
                        48.91036128650
                    ],
                    [
                        2.47900435223,
                        48.91036030119
                    ],
                    [
                        2.47903278733,
                        48.91035800211
                    ],
                    [
                        2.47906122238,
                        48.91035570303
                    ],
                    [
                        2.47907340883,
                        48.91035471771
                    ]
                ]
            }
        },
        {
            "type": "Feature",
            "properties": {
                "leisure": "garden"
            },
            "geometry": {
                "type": "LineString",
                "coordinates": [
                    [
                        2.47890596793,
                        48.90920098694
                    ],
                    [
                        2.47890475631,
                        48.90919288126
                    ],
                    [
                        2.47889978028,
                        48.90918542598
                    ],
                    [
                        2.47889153343,
                        48.90917936059
                    ],
                    [
                        2.47888083374,
                        48.90917528669
                    ],
                    [
                        2.47886874253,
                        48.90917360840
                    ],
                    [
                        2.47876928610,
                        48.90917036646
                    ],
                    [
                        2.47876637618,
                        48.90916996466
                    ],
                    [
                        2.47875754177,
                        48.90916745284
                    ],
                    [
                        2.47874842522,
                        48.90916644351
                    ],
                    [
                        2.47865928476,
                        48.90916360185
                    ],
                    [
                        2.47864721009,
                        48.90916445730
                    ],
                    [
                        2.47863611074,
                        48.90916770576
                    ],
                    [
                        2.47862705018,
                        48.90917303599
                    ],
                    [
                        2.47862089652,
                        48.90917993727
                    ],
                    [
                        2.47861823936,
                        48.90918774839
                    ],
                    [
                        2.47860459669,
                        48.90932549598
                    ],
                    [
                        2.47860297127,
                        48.90934198554
                    ],
                    [
                        2.47860413344,
                        48.90935012496
                    ],
                    [
                        2.47860909199,
                        48.90935761856
                    ],
                    [
                        2.47861735136,
                        48.90936371747
                    ],
                    [
                        2.47862808620,
                        48.90936781220
                    ],
                    [
                        2.47864022372,
                        48.90936949357
                    ],
                    [
                        2.47866974164,
                        48.90937043627
                    ],
                    [
                        2.47882422035,
                        48.90937542257
                    ],
                    [
                        2.47885110000,
                        48.90937630513
                    ],
                    [
                        2.47886322543,
                        48.90937545256
                    ],
                    [
                        2.47887436805,
                        48.90937218716
                    ],
                    [
                        2.47888345148,
                        48.90936682437
                    ],
                    [
                        2.47888959822,
                        48.90935988224
                    ],
                    [
                        2.47889221448,
                        48.90935203142
                    ],
                    [
                        2.47889383066,
                        48.90933435440
                    ],
                    [
                        2.47890596793,
                        48.90920098694
                    ]
                ]
            }
        },
        {
            "type": "Feature",
            "properties": {
                "barrier": "kerb"
            },
            "geometry": {
                "type": "Point",
                "coordinates": [
                    2.47830272338,
                    48.90570218203
                ]
            }
        },
        {
            "type": "Feature",
            "properties": {
                "highway": "footway",
                "footway": "crossing"
            },
            "geometry": {
                "type": "LineString",
                "coordinates": [
                    [
                        2.47891698097,
                        48.90560006030
                    ],
                    [
                        2.47892232532,
                        48.90558426248
                    ],
                    [
                        2.47893464619,
                        48.90554784220
                    ]
                ]
            }
        },
        {
            "type": "Feature",
            "properties": {
                "barrier": "kerb"
            },
            "geometry": {
                "type": "Point",
                "coordinates": [
                    2.47965661766,
                    48.91038486476
                ]
            }
        },
        {
            "type": "Feature",
            "properties": {
                "barrier": "kerb"
            },
            "geometry": {
                "type": "Point",
                "coordinates": [
                    2.48107781270,
                    48.91219447767
                ]
            }
        },
        {
            "type": "Feature",
            "properties": {
                "barrier": "kerb"
            },
            "geometry": {
                "type": "Point",
                "coordinates": [
                    2.47735661774,
                    48.91186571365
                ]
            }
        },
        {
            "type": "Feature",
            "properties": {
                "highway": "footway",
                "footway": "crossing"
            },
            "geometry": {
                "type": "LineString",
                "coordinates": [
                    [
                        2.47940521091,
                        48.91237946129
                    ],
                    [
                        2.47940811464,
                        48.91239008077
                    ],
                    [
                        2.47941489003,
                        48.91241485957
                    ],
                    [
                        2.47941993275,
                        48.91243330167
                    ]
                ]
            }
        },
        {
            "type": "Feature",
            "properties": {
                "barrier": "kerb"
            },
            "geometry": {
                "type": "Point",
                "coordinates": [
                    2.47866884667,
                    48.90582597971
                ]
            }
        },
        {
            "type": "Feature",
            "properties": {
                "highway": "footway",
                "footway": "crossing"
            },
            "geometry": {
                "type": "LineString",
                "coordinates": [
                    [
                        2.47870190372,
                        48.91174473320
                    ],
                    [
                        2.47869938151,
                        48.91173681142
                    ],
                    [
                        2.47869349634,
                        48.91171832724
                    ],
                    [
                        2.47868761116,
                        48.91169984305
                    ],
                    [
                        2.47868508894,
                        48.91169192125
                    ]
                ]
            }
        },
        {
            "type": "Feature",
            "properties": {
                "barrier": "kerb"
            },
            "geometry": {
                "type": "Point",
                "coordinates": [
                    2.47846421067,
                    48.91163879990
                ]
            }
        },
        {
            "type": "Feature",
            "properties": {
                "highway": "footway",
                "footway": "crossing"
            },
            "geometry": {
                "type": "LineString",
                "coordinates": [
                    [
                        2.47768956975,
                        48.91181961454
                    ],
                    [
                        2.47769159508,
                        48.91182759915
                    ],
                    [
                        2.47769632083,
                        48.91184622988
                    ],
                    [
                        2.47770104658,
                        48.91186486058
                    ],
                    [
                        2.47770307191,
                        48.91187284517
                    ]
                ]
            }
        },
        {
            "type": "Feature",
            "properties": {
                "highway": "footway",
                "footway": "sidewalk"
            },
            "geometry": {
                "type": "LineString",
                "coordinates": [
                    [
                        2.47849970490,
                        48.91171668064
                    ],
                    [
                        2.47851164308,
                        48.91171384299
                    ],
                    [
                        2.47852168853,
                        48.91170873128
                    ],
                    [
                        2.47852887539,
                        48.91170183700
                    ],
                    [
                        2.47853251264,
                        48.91169382304
                    ],
                    [
                        2.47853225055,
                        48.91168545994
                    ],
                    [
                        2.47852725106,
                        48.91166696461
                    ],
                    [
                        2.47852303765,
                        48.91165896102
                    ],
                    [
                        2.47851526605,
                        48.91165221343
                    ],
                    [
                        2.47850470271,
                        48.91164738731
                    ],
                    [
                        2.47849238940,
                        48.91164495861
                    ],
                    [
                        2.47847954048,
                        48.91164516686
                    ],
                    [
                        2.47846636440,
                        48.91164676750
                    ],
                    [
                        2.47767094918,
                        48.91174339188
                    ],
                    [
                        2.47764279192,
                        48.91174681223
                    ],
                    [
                        2.47763083671,
                        48.91174957904
                    ],
                    [
                        2.47762073833,
                        48.91175462346
                    ],
                    [
                        2.47761346469,
                        48.91176146200
                    ],
                    [
                        2.47760971293,
                        48.91176943919
                    ],
                    [
                        2.47760984267,
                        48.91177779046
                    ],
                    [
                        2.47761569127,
                        48.91180084778
                    ],
                    [
                        2.47761984655,
                        48.91180897047
                    ],
                    [
                        2.47762765815,
                        48.91181582384
                    ],
                    [
                        2.47763833733,
                        48.91182071589
                    ],
                    [
                        2.47765080581,
                        48.91182315266
                    ],
                    [
                        2.47766380462,
                        48.91182288810
                    ],
                    [
                        2.47768956975,
                        48.91181961454
                    ],
                    [
                        2.47847178708,
                        48.91172022792
                    ],
                    [
                        2.47849970490,
                        48.91171668064
                    ]
                ]
            }
        }
    ]
}