{
"type": "FeatureCollection",
"name": "crossing_centers_voronois",
"crs": { "type": "name", "properties": { "name": "urn:ogc:def:crs:OGC:1.3:CRS84" } },
"xy_coordinate_resolution": 1e-15,
"features": [
{ "type": "Feature", "properties": { "osm_id": "30115126", "name": "Chemin de Groslay", "highway": "tertiary", "waterway": null, "aerialway": null, "barrier": null, "man_made": null, "railway": null, "z_order": 4, "other_tags": null, "access": null, "bicycle": null, "boundary": null, "bridge": null, "covered": null, "cycleway": null, "cycleway:left": null, "cycleway:right": null, "destination": null, "destination:colour": null, "destination:ref": null, "destination:ref:to": null, "destination:symbol:to": null, "destination:to": null, "foot": null, "footway": null, "horse": null, "int_ref": null, "junction:ref": null, "lane_markings": null, "lanes": null, "layer": null, "lit": null, "maxspeed": null, "maxweight:signed": null, "maxweightrating:signed": null, "motor_vehicle": null, "name:etymology:wikidata": null, "nat_ref": null, "oneway": null, "operator": null, "operator:wikidata": null, "political_division": null, "ref": null, "segregated": null, "service": null, "sidewalk": null, "smoothness": null, "source:maxspeed": null, "surface": null, "toll": null, "tunnel": null, "turn:lanes": null, "was:name": null, "width": null, "zone:maxspeed": null, "osm_id_2": "30091651", "name_2": null, "highway_2": "unclassified", "waterway_2": null, "aerialway_2": null, "barrier_2": null, "man_made_2": null, "railway_2": null, "z_order_2": 3, "other_tags_2": "\"oneway\"=>\"yes\"", "access_2": null, "bicycle_2": null, "boundary_2": null, "bridge_2": null, "covered_2": null, "cycleway_2": null, "cycleway:left_2": null, "cycleway:right_2": null, "destination_2": null, "destination:colour_2": null, "destination:ref_2": null, "destination:ref:to_2": null, "destination:symbol:to_2": null, "destination:to_2": null, "foot_2": null, "footway_2": null, "horse_2": null, "int_ref_2": null, "junction:ref_2": null, "lane_markings_2": null, "lanes_2": null, "layer_2": null, "lit_2": null, "maxspeed_2": null, "maxweight:signed_2": null, "maxweightrating:signed_2": null, "motor_vehicle_2": null, "name:etymology:wikidata_2": null, "nat_ref_2": null, "oneway_2": "yes", "operator_2": null, "operator:wikidata_2": null, "political_division_2": null, "ref_2": null, "segregated_2": null, "service_2": null, "sidewalk_2": null, "smoothness_2": null, "source:maxspeed_2": null, "surface_2": null, "toll_2": null, "tunnel_2": null, "turn:lanes_2": null, "was:name_2": null, "width_2": null, "zone:maxspeed_2": null }, "geometry": { "type": "MultiPolygon", "coordinates": [ [ [ [ 2.47234862897136, 48.908159877132064 ], [ 2.47241039486341, 48.908481042027489 ], [ 2.47257248065301, 48.908765102077979 ], [ 2.472646439993097, 48.908856046640139 ], [ 2.472908838510043, 48.90877702590786 ], [ 2.472913134906897, 48.908749780335853 ], [ 2.472839455007145, 48.908364253556755 ], [ 2.472717134536178, 48.908240301889094 ], [ 2.472356321402162, 48.908104702976935 ], [ 2.47234862897136, 48.908159877132064 ] ] ] ] } },
{ "type": "Feature", "properties": { "osm_id": "30091649", "name": null, "highway": "residential", "waterway": null, "aerialway": null, "barrier": null, "man_made": null, "railway": null, "z_order": -17, "other_tags": "\"layer\"=>\"-1\",\"oneway\"=>\"yes\",\"tunnel\"=>\"yes\"", "access": null, "bicycle": null, "boundary": null, "bridge": null, "covered": null, "cycleway": null, "cycleway:left": null, "cycleway:right": null, "destination": null, "destination:colour": null, "destination:ref": null, "destination:ref:to": null, "destination:symbol:to": null, "destination:to": null, "foot": null, "footway": null, "horse": null, "int_ref": null, "junction:ref": null, "lane_markings": null, "lanes": null, "layer": "-1", "lit": null, "maxspeed": null, "maxweight:signed": null, "maxweightrating:signed": null, "motor_vehicle": null, "name:etymology:wikidata": null, "nat_ref": null, "oneway": "yes", "operator": null, "operator:wikidata": null, "political_division": null, "ref": null, "segregated": null, "service": null, "sidewalk": null, "smoothness": null, "source:maxspeed": null, "surface": null, "toll": null, "tunnel": "yes", "turn:lanes": null, "was:name": null, "width": null, "zone:maxspeed": null, "osm_id_2": "30115136", "name_2": null, "highway_2": "unclassified", "waterway_2": null, "aerialway_2": null, "barrier_2": null, "man_made_2": null, "railway_2": null, "z_order_2": 3, "other_tags_2": "\"oneway\"=>\"yes\"", "access_2": null, "bicycle_2": null, "boundary_2": null, "bridge_2": null, "covered_2": null, "cycleway_2": null, "cycleway:left_2": null, "cycleway:right_2": null, "destination_2": null, "destination:colour_2": null, "destination:ref_2": null, "destination:ref:to_2": null, "destination:symbol:to_2": null, "destination:to_2": null, "foot_2": null, "footway_2": null, "horse_2": null, "int_ref_2": null, "junction:ref_2": null, "lane_markings_2": null, "lanes_2": null, "layer_2": null, "lit_2": null, "maxspeed_2": null, "maxweight:signed_2": null, "maxweightrating:signed_2": null, "motor_vehicle_2": null, "name:etymology:wikidata_2": null, "nat_ref_2": null, "oneway_2": "yes", "operator_2": null, "operator:wikidata_2": null, "political_division_2": null, "ref_2": null, "segregated_2": null, "service_2": null, "sidewalk_2": null, "smoothness_2": null, "source:maxspeed_2": null, "surface_2": null, "toll_2": null, "tunnel_2": null, "turn:lanes_2": null, "was:name_2": null, "width_2": null, "zone:maxspeed_2": null }, "geometry": { "type": "MultiPolygon", "coordinates": [ [ [ [ 2.472831268419264, 48.907287923630719 ], [ 2.472717134536178, 48.908240301889094 ], [ 2.472839455007145, 48.908364253556755 ], [ 2.472964128370652, 48.908203395622884 ], [ 2.473002055137182, 48.907206119953422 ], [ 2.472831268419264, 48.907287923630719 ] ] ] ] } },
{ "type": "Feature", "properties": { "osm_id": "1548606047", "name": "Rue Nadia Murad", "highway": "residential", "waterway": null, "aerialway": null, "barrier": null, "man_made": null, "railway": null, "z_order": 3, "other_tags": "\"surface\"=>\"paving_stones\"", "access": null, "bicycle": null, "boundary": null, "bridge": null, "covered": null, "cycleway": null, "cycleway:left": null, "cycleway:right": null, "destination": null, "destination:colour": null, "destination:ref": null, "destination:ref:to": null, "destination:symbol:to": null, "destination:to": null, "foot": null, "footway": null, "horse": null, "int_ref": null, "junction:ref": null, "lane_markings": null, "lanes": null, "layer": null, "lit": null, "maxspeed": null, "maxweight:signed": null, "maxweightrating:signed": null, "motor_vehicle": null, "name:etymology:wikidata": null, "nat_ref": null, "oneway": null, "operator": null, "operator:wikidata": null, "political_division": null, "ref": null, "segregated": null, "service": null, "sidewalk": null, "smoothness": null, "source:maxspeed": null, "surface": "paving_stones", "toll": null, "tunnel": null, "turn:lanes": null, "was:name": null, "width": null, "zone:maxspeed": null, "osm_id_2": "1038296548", "name_2": "Rue Aretha Franklin", "highway_2": "residential", "waterway_2": null, "aerialway_2": null, "barrier_2": null, "man_made_2": null, "railway_2": null, "z_order_2": 3, "other_tags_2": "\"lane_markings\"=>\"no\",\"surface\"=>\"asphalt\"", "access_2": null, "bicycle_2": null, "boundary_2": null, "bridge_2": null, "covered_2": null, "cycleway_2": null, "cycleway:left_2": null, "cycleway:right_2": null, "destination_2": null, "destination:colour_2": null, "destination:ref_2": null, "destination:ref:to_2": null, "destination:symbol:to_2": null, "destination:to_2": null, "foot_2": null, "footway_2": null, "horse_2": null, "int_ref_2": null, "junction:ref_2": null, "lane_markings_2": "no", "lanes_2": null, "layer_2": null, "lit_2": null, "maxspeed_2": null, "maxweight:signed_2": null, "maxweightrating:signed_2": null, "motor_vehicle_2": null, "name:etymology:wikidata_2": null, "nat_ref_2": null, "oneway_2": null, "operator_2": null, "operator:wikidata_2": null, "political_division_2": null, "ref_2": null, "segregated_2": null, "service_2": null, "sidewalk_2": null, "smoothness_2": null, "source:maxspeed_2": null, "surface_2": "asphalt", "toll_2": null, "tunnel_2": null, "turn:lanes_2": null, "was:name_2": null, "width_2": null, "zone:maxspeed_2": null }, "geometry": { "type": "MultiPolygon", "coordinates": [ [ [ [ 2.474711480354108, 48.907195995378899 ], [ 2.474962296554638, 48.907889970129268 ], [ 2.476958615442331, 48.90799589901556 ], [ 2.477074227940526, 48.907305006268984 ], [ 2.474711480354108, 48.907195995378899 ] ] ] ] } },
{ "type": "Feature", "properties": { "osm_id": "30115136", "name": null, "highway": "unclassified", "waterway": null, "aerialway": null, "barrier": null, "man_made": null, "railway": null, "z_order": 3, "other_tags": "\"oneway\"=>\"yes\"", "access": null, "bicycle": null, "boundary": null, "bridge": null, "covered": null, "cycleway": null, "cycleway:left": null, "cycleway:right": null, "destination": null, "destination:colour": null, "destination:ref": null, "destination:ref:to": null, "destination:symbol:to": null, "destination:to": null, "foot": null, "footway": null, "horse": null, "int_ref": null, "junction:ref": null, "lane_markings": null, "lanes": null, "layer": null, "lit": null, "maxspeed": null, "maxweight:signed": null, "maxweightrating:signed": null, "motor_vehicle": null, "name:etymology:wikidata": null, "nat_ref": null, "oneway": "yes", "operator": null, "operator:wikidata": null, "political_division": null, "ref": null, "segregated": null, "service": null, "sidewalk": null, "smoothness": null, "source:maxspeed": null, "surface": null, "toll": null, "tunnel": null, "turn:lanes": null, "was:name": null, "width": null, "zone:maxspeed": null, "osm_id_2": "30091651", "name_2": null, "highway_2": "unclassified", "waterway_2": null, "aerialway_2": null, "barrier_2": null, "man_made_2": null, "railway_2": null, "z_order_2": 3, "other_tags_2": "\"oneway\"=>\"yes\"", "access_2": null, "bicycle_2": null, "boundary_2": null, "bridge_2": null, "covered_2": null, "cycleway_2": null, "cycleway:left_2": null, "cycleway:right_2": null, "destination_2": null, "destination:colour_2": null, "destination:ref_2": null, "destination:ref:to_2": null, "destination:symbol:to_2": null, "destination:to_2": null, "foot_2": null, "footway_2": null, "horse_2": null, "int_ref_2": null, "junction:ref_2": null, "lane_markings_2": null, "lanes_2": null, "layer_2": null, "lit_2": null, "maxspeed_2": null, "maxweight:signed_2": null, "maxweightrating:signed_2": null, "motor_vehicle_2": null, "name:etymology:wikidata_2": null, "nat_ref_2": null, "oneway_2": "yes", "operator_2": null, "operator:wikidata_2": null, "political_division_2": null, "ref_2": null, "segregated_2": null, "service_2": null, "sidewalk_2": null, "smoothness_2": null, "source:maxspeed_2": null, "surface_2": null, "toll_2": null, "tunnel_2": null, "turn:lanes_2": null, "was:name_2": null, "width_2": null, "zone:maxspeed_2": null }, "geometry": { "type": "MultiPolygon", "coordinates": [ [ [ [ 2.47277464802353, 48.907315043637432 ], [ 2.47254104620961, 48.907543936861451 ], [ 2.47239378957498, 48.907835959804103 ], [ 2.472356321402162, 48.908104702976935 ], [ 2.472717134536178, 48.908240301889094 ], [ 2.472831268419264, 48.907287923630719 ], [ 2.47277464802353, 48.907315043637432 ] ] ] ] } },
{ "type": "Feature", "properties": { "osm_id": "188660420", "name": null, "highway": "motorway", "waterway": null, "aerialway": null, "barrier": null, "man_made": null, "railway": null, "z_order": 19, "other_tags": "\"destination\"=>\"Nantes;Créteil;Montreuil;Paris - Porte de Bagnolet\",\"destination:ref\"=>\"A 3\",\"destination:ref:to\"=>\"A 86;A 10\",\"destination:symbol:to\"=>\"ring_road\",\"destination:to\"=>\"A 4;Bordeaux\",\"int_ref\"=>\"E 15\",\"lanes\"=>\"3\",\"layer\"=>\"1\",\"lit\"=>\"no\",\"maxspeed\"=>\"110\",\"oneway\"=>\"yes\",\"operator\"=>\"DIRIF\",\"operator:wikidata\"=>\"Q3029613\",\"ref\"=>\"A 3\",\"surface\"=>\"asphalt\",\"toll\"=>\"no\"", "access": null, "bicycle": null, "boundary": null, "bridge": null, "covered": null, "cycleway": null, "cycleway:left": null, "cycleway:right": null, "destination": "Nantes;Créteil;Montreuil;Paris - Porte de Bagnolet", "destination:colour": null, "destination:ref": "A 3", "destination:ref:to": "A 86;A 10", "destination:symbol:to": "ring_road", "destination:to": "A 4;Bordeaux", "foot": null, "footway": null, "horse": null, "int_ref": "E 15", "junction:ref": null, "lane_markings": null, "lanes": "3", "layer": "1", "lit": "no", "maxspeed": "110", "maxweight:signed": null, "maxweightrating:signed": null, "motor_vehicle": null, "name:etymology:wikidata": null, "nat_ref": null, "oneway": "yes", "operator": "DIRIF", "operator:wikidata": "Q3029613", "political_division": null, "ref": "A 3", "segregated": null, "service": null, "sidewalk": null, "smoothness": null, "source:maxspeed": null, "surface": "asphalt", "toll": "no", "tunnel": null, "turn:lanes": null, "was:name": null, "width": null, "zone:maxspeed": null, "osm_id_2": "51353155", "name_2": null, "highway_2": "motorway", "waterway_2": null, "aerialway_2": null, "barrier_2": null, "man_made_2": null, "railway_2": null, "z_order_2": 19, "other_tags_2": "\"int_ref\"=>\"E 15\",\"lanes\"=>\"3\",\"layer\"=>\"1\",\"lit\"=>\"no\",\"maxspeed\"=>\"110\",\"oneway\"=>\"yes\",\"operator\"=>\"DIRIF\",\"operator:wikidata\"=>\"Q3029613\",\"ref\"=>\"A 3\",\"surface\"=>\"asphalt\",\"toll\"=>\"no\"", "access_2": null, "bicycle_2": null, "boundary_2": null, "bridge_2": null, "covered_2": null, "cycleway_2": null, "cycleway:left_2": null, "cycleway:right_2": null, "destination_2": null, "destination:colour_2": null, "destination:ref_2": null, "destination:ref:to_2": null, "destination:symbol:to_2": null, "destination:to_2": null, "foot_2": null, "footway_2": null, "horse_2": null, "int_ref_2": "E 15", "junction:ref_2": null, "lane_markings_2": null, "lanes_2": "3", "layer_2": "1", "lit_2": "no", "maxspeed_2": "110", "maxweight:signed_2": null, "maxweightrating:signed_2": null, "motor_vehicle_2": null, "name:etymology:wikidata_2": null, "nat_ref_2": null, "oneway_2": "yes", "operator_2": "DIRIF", "operator:wikidata_2": "Q3029613", "political_division_2": null, "ref_2": "A 3", "segregated_2": null, "service_2": null, "sidewalk_2": null, "smoothness_2": null, "source:maxspeed_2": null, "surface_2": "asphalt", "toll_2": "no", "tunnel_2": null, "turn:lanes_2": null, "was:name_2": null, "width_2": null, "zone:maxspeed_2": null }, "geometry": { "type": "MultiPolygon", "coordinates": [ [ [ [ 2.472839455007145, 48.908364253556755 ], [ 2.472913134906897, 48.908749780335853 ], [ 2.473352914972422, 48.908240005478589 ], [ 2.473201459134664, 48.908131795522429 ], [ 2.47308806513202, 48.908166005341627 ], [ 2.472964128370652, 48.908203395622884 ], [ 2.472839455007145, 48.908364253556755 ] ] ] ] } },
{ "type": "Feature", "properties": { "osm_id": "30091649", "name": null, "highway": "residential", "waterway": null, "aerialway": null, "barrier": null, "man_made": null, "railway": null, "z_order": -17, "other_tags": "\"layer\"=>\"-1\",\"oneway\"=>\"yes\",\"tunnel\"=>\"yes\"", "access": null, "bicycle": null, "boundary": null, "bridge": null, "covered": null, "cycleway": null, "cycleway:left": null, "cycleway:right": null, "destination": null, "destination:colour": null, "destination:ref": null, "destination:ref:to": null, "destination:symbol:to": null, "destination:to": null, "foot": null, "footway": null, "horse": null, "int_ref": null, "junction:ref": null, "lane_markings": null, "lanes": null, "layer": "-1", "lit": null, "maxspeed": null, "maxweight:signed": null, "maxweightrating:signed": null, "motor_vehicle": null, "name:etymology:wikidata": null, "nat_ref": null, "oneway": "yes", "operator": null, "operator:wikidata": null, "political_division": null, "ref": null, "segregated": null, "service": null, "sidewalk": null, "smoothness": null, "source:maxspeed": null, "surface": null, "toll": null, "tunnel": "yes", "turn:lanes": null, "was:name": null, "width": null, "zone:maxspeed": null, "osm_id_2": "30091649", "name_2": null, "highway_2": "residential", "waterway_2": null, "aerialway_2": null, "barrier_2": null, "man_made_2": null, "railway_2": null, "z_order_2": -17, "other_tags_2": "\"layer\"=>\"-1\",\"oneway\"=>\"yes\",\"tunnel\"=>\"yes\"", "access_2": null, "bicycle_2": null, "boundary_2": null, "bridge_2": null, "covered_2": null, "cycleway_2": null, "cycleway:left_2": null, "cycleway:right_2": null, "destination_2": null, "destination:colour_2": null, "destination:ref_2": null, "destination:ref:to_2": null, "destination:symbol:to_2": null, "destination:to_2": null, "foot_2": null, "footway_2": null, "horse_2": null, "int_ref_2": null, "junction:ref_2": null, "lane_markings_2": null, "lanes_2": null, "layer_2": "-1", "lit_2": null, "maxspeed_2": null, "maxweight:signed_2": null, "maxweightrating:signed_2": null, "motor_vehicle_2": null, "name:etymology:wikidata_2": null, "nat_ref_2": null, "oneway_2": "yes", "operator_2": null, "operator:wikidata_2": null, "political_division_2": null, "ref_2": null, "segregated_2": null, "service_2": null, "sidewalk_2": null, "smoothness_2": null, "source:maxspeed_2": null, "surface_2": null, "toll_2": null, "tunnel_2": "yes", "turn:lanes_2": null, "was:name_2": null, "width_2": null, "zone:maxspeed_2": null }, "geometry": { "type": "MultiPolygon", "coordinates": [ [ [ [ 2.47306960851929, 48.907173762989714 ], [ 2.473002055137182, 48.907206119953422 ], [ 2.472964128370652, 48.908203395622884 ], [ 2.47308806513202, 48.908166005341627 ], [ 2.473088166958167, 48.90717155977115 ], [ 2.47306960851929, 48.907173762989714 ] ] ] ] } },
{ "type": "Feature", "properties": { "osm_id": "188660420", "name": null, "highway": "motorway", "waterway": null, "aerialway": null, "barrier": null, "man_made": null, "railway": null, "z_order": 19, "other_tags": "\"destination\"=>\"Nantes;Créteil;Montreuil;Paris - Porte de Bagnolet\",\"destination:ref\"=>\"A 3\",\"destination:ref:to\"=>\"A 86;A 10\",\"destination:symbol:to\"=>\"ring_road\",\"destination:to\"=>\"A 4;Bordeaux\",\"int_ref\"=>\"E 15\",\"lanes\"=>\"3\",\"layer\"=>\"1\",\"lit\"=>\"no\",\"maxspeed\"=>\"110\",\"oneway\"=>\"yes\",\"operator\"=>\"DIRIF\",\"operator:wikidata\"=>\"Q3029613\",\"ref\"=>\"A 3\",\"surface\"=>\"asphalt\",\"toll\"=>\"no\"", "access": null, "bicycle": null, "boundary": null, "bridge": null, "covered": null, "cycleway": null, "cycleway:left": null, "cycleway:right": null, "destination": "Nantes;Créteil;Montreuil;Paris - Porte de Bagnolet", "destination:colour": null, "destination:ref": "A 3", "destination:ref:to": "A 86;A 10", "destination:symbol:to": "ring_road", "destination:to": "A 4;Bordeaux", "foot": null, "footway": null, "horse": null, "int_ref": "E 15", "junction:ref": null, "lane_markings": null, "lanes": "3", "layer": "1", "lit": "no", "maxspeed": "110", "maxweight:signed": null, "maxweightrating:signed": null, "motor_vehicle": null, "name:etymology:wikidata": null, "nat_ref": null, "oneway": "yes", "operator": "DIRIF", "operator:wikidata": "Q3029613", "political_division": null, "ref": "A 3", "segregated": null, "service": null, "sidewalk": null, "smoothness": null, "source:maxspeed": null, "surface": "asphalt", "toll": "no", "tunnel": null, "turn:lanes": null, "was:name": null, "width": null, "zone:maxspeed": null, "osm_id_2": "30091649", "name_2": null, "highway_2": "residential", "waterway_2": null, "aerialway_2": null, "barrier_2": null, "man_made_2": null, "railway_2": null, "z_order_2": -17, "other_tags_2": "\"layer\"=>\"-1\",\"oneway\"=>\"yes\",\"tunnel\"=>\"yes\"", "access_2": null, "bicycle_2": null, "boundary_2": null, "bridge_2": null, "covered_2": null, "cycleway_2": null, "cycleway:left_2": null, "cycleway:right_2": null, "destination_2": null, "destination:colour_2": null, "destination:ref_2": null, "destination:ref:to_2": null, "destination:symbol:to_2": null, "destination:to_2": null, "foot_2": null, "footway_2": null, "horse_2": null, "int_ref_2": null, "junction:ref_2": null, "lane_markings_2": null, "lanes_2": null, "layer_2": "-1", "lit_2": null, "maxspeed_2": null, "maxweight:signed_2": null, "maxweightrating:signed_2": null, "motor_vehicle_2": null, "name:etymology:wikidata_2": null, "nat_ref_2": null, "oneway_2": "yes", "operator_2": null, "operator:wikidata_2": null, "political_division_2": null, "ref_2": null, "segregated_2": null, "service_2": null, "sidewalk_2": null, "smoothness_2": null, "source:maxspeed_2": null, "surface_2": null, "toll_2": null, "tunnel_2": "yes", "turn:lanes_2": null, "was:name_2": null, "width_2": null, "zone:maxspeed_2": null }, "geometry": { "type": "MultiPolygon", "coordinates": [ [ [ [ 2.473088166958167, 48.90717155977115 ], [ 2.47308806513202, 48.908166005341627 ], [ 2.473201459134664, 48.908131795522429 ], [ 2.47323865201209, 48.907153694386857 ], [ 2.473088166958167, 48.90717155977115 ] ] ] ] } },
{ "type": "Feature", "properties": { "osm_id": "338884090", "name": "Chemin de Groslay", "highway": "tertiary", "waterway": null, "aerialway": null, "barrier": null, "man_made": null, "railway": null, "z_order": 4, "other_tags": null, "access": null, "bicycle": null, "boundary": null, "bridge": null, "covered": null, "cycleway": null, "cycleway:left": null, "cycleway:right": null, "destination": null, "destination:colour": null, "destination:ref": null, "destination:ref:to": null, "destination:symbol:to": null, "destination:to": null, "foot": null, "footway": null, "horse": null, "int_ref": null, "junction:ref": null, "lane_markings": null, "lanes": null, "layer": null, "lit": null, "maxspeed": null, "maxweight:signed": null, "maxweightrating:signed": null, "motor_vehicle": null, "name:etymology:wikidata": null, "nat_ref": null, "oneway": null, "operator": null, "operator:wikidata": null, "political_division": null, "ref": null, "segregated": null, "service": null, "sidewalk": null, "smoothness": null, "source:maxspeed": null, "surface": null, "toll": null, "tunnel": null, "turn:lanes": null, "was:name": null, "width": null, "zone:maxspeed": null, "osm_id_2": "30115126", "name_2": "Chemin de Groslay", "highway_2": "tertiary", "waterway_2": null, "aerialway_2": null, "barrier_2": null, "man_made_2": null, "railway_2": null, "z_order_2": 4, "other_tags_2": null, "access_2": null, "bicycle_2": null, "boundary_2": null, "bridge_2": null, "covered_2": null, "cycleway_2": null, "cycleway:left_2": null, "cycleway:right_2": null, "destination_2": null, "destination:colour_2": null, "destination:ref_2": null, "destination:ref:to_2": null, "destination:symbol:to_2": null, "destination:to_2": null, "foot_2": null, "footway_2": null, "horse_2": null, "int_ref_2": null, "junction:ref_2": null, "lane_markings_2": null, "lanes_2": null, "layer_2": null, "lit_2": null, "maxspeed_2": null, "maxweight:signed_2": null, "maxweightrating:signed_2": null, "motor_vehicle_2": null, "name:etymology:wikidata_2": null, "nat_ref_2": null, "oneway_2": null, "operator_2": null, "operator:wikidata_2": null, "political_division_2": null, "ref_2": null, "segregated_2": null, "service_2": null, "sidewalk_2": null, "smoothness_2": null, "source:maxspeed_2": null, "surface_2": null, "toll_2": null, "tunnel_2": null, "turn:lanes_2": null, "was:name_2": null, "width_2": null, "zone:maxspeed_2": null }, "geometry": { "type": "MultiPolygon", "coordinates": [ [ [ [ 2.473272288161674, 48.909625609559463 ], [ 2.474096439905258, 48.909335114917425 ], [ 2.474092872831349, 48.909253871894187 ], [ 2.473869196162702, 48.90889614801501 ], [ 2.472908838510043, 48.90877702590786 ], [ 2.472646439993097, 48.908856046640139 ], [ 2.473272288161674, 48.909625609559463 ] ] ] ] } },
{ "type": "Feature", "properties": { "osm_id": "30091649", "name": null, "highway": "residential", "waterway": null, "aerialway": null, "barrier": null, "man_made": null, "railway": null, "z_order": -17, "other_tags": "\"layer\"=>\"-1\",\"oneway\"=>\"yes\",\"tunnel\"=>\"yes\"", "access": null, "bicycle": null, "boundary": null, "bridge": null, "covered": null, "cycleway": null, "cycleway:left": null, "cycleway:right": null, "destination": null, "destination:colour": null, "destination:ref": null, "destination:ref:to": null, "destination:symbol:to": null, "destination:to": null, "foot": null, "footway": null, "horse": null, "int_ref": null, "junction:ref": null, "lane_markings": null, "lanes": null, "layer": "-1", "lit": null, "maxspeed": null, "maxweight:signed": null, "maxweightrating:signed": null, "motor_vehicle": null, "name:etymology:wikidata": null, "nat_ref": null, "oneway": "yes", "operator": null, "operator:wikidata": null, "political_division": null, "ref": null, "segregated": null, "service": null, "sidewalk": null, "smoothness": null, "source:maxspeed": null, "surface": null, "toll": null, "tunnel": "yes", "turn:lanes": null, "was:name": null, "width": null, "zone:maxspeed": null, "osm_id_2": "30091649", "name_2": null, "highway_2": "residential", "waterway_2": null, "aerialway_2": null, "barrier_2": null, "man_made_2": null, "railway_2": null, "z_order_2": -17, "other_tags_2": "\"layer\"=>\"-1\",\"oneway\"=>\"yes\",\"tunnel\"=>\"yes\"", "access_2": null, "bicycle_2": null, "boundary_2": null, "bridge_2": null, "covered_2": null, "cycleway_2": null, "cycleway:left_2": null, "cycleway:right_2": null, "destination_2": null, "destination:colour_2": null, "destination:ref_2": null, "destination:ref:to_2": null, "destination:symbol:to_2": null, "destination:to_2": null, "foot_2": null, "footway_2": null, "horse_2": null, "int_ref_2": null, "junction:ref_2": null, "lane_markings_2": null, "lanes_2": null, "layer_2": "-1", "lit_2": null, "maxspeed_2": null, "maxweight:signed_2": null, "maxweightrating:signed_2": null, "motor_vehicle_2": null, "name:etymology:wikidata_2": null, "nat_ref_2": null, "oneway_2": "yes", "operator_2": null, "operator:wikidata_2": null, "political_division_2": null, "ref_2": null, "segregated_2": null, "service_2": null, "sidewalk_2": null, "smoothness_2": null, "source:maxspeed_2": null, "surface_2": null, "toll_2": null, "tunnel_2": "yes", "turn:lanes_2": null, "was:name_2": null, "width_2": null, "zone:maxspeed_2": null }, "geometry": { "type": "MultiPolygon", "coordinates": [ [ [ [ 2.47339437815725, 48.907135206566998 ], [ 2.47323865201209, 48.907153694386857 ], [ 2.473201459134664, 48.908131795522429 ], [ 2.473352914972422, 48.908240005478589 ], [ 2.473438602120376, 48.908209966897331 ], [ 2.473479316354279, 48.907139127216119 ], [ 2.47339437815725, 48.907135206566998 ] ] ] ] } },
{ "type": "Feature", "properties": { "osm_id": "188678661", "name": null, "highway": "motorway", "waterway": null, "aerialway": null, "barrier": null, "man_made": null, "railway": null, "z_order": 19, "other_tags": "\"int_ref\"=>\"E 15\",\"lanes\"=>\"4\",\"layer\"=>\"1\",\"lit\"=>\"no\",\"maxspeed\"=>\"90\",\"oneway\"=>\"yes\",\"operator\"=>\"DIRIF\",\"operator:wikidata\"=>\"Q3029613\",\"ref\"=>\"A 3\",\"surface\"=>\"asphalt\",\"toll\"=>\"no\",\"turn:lanes\"=>\"|||merge_to_left\"", "access": null, "bicycle": null, "boundary": null, "bridge": null, "covered": null, "cycleway": null, "cycleway:left": null, "cycleway:right": null, "destination": null, "destination:colour": null, "destination:ref": null, "destination:ref:to": null, "destination:symbol:to": null, "destination:to": null, "foot": null, "footway": null, "horse": null, "int_ref": "E 15", "junction:ref": null, "lane_markings": null, "lanes": "4", "layer": "1", "lit": "no", "maxspeed": "90", "maxweight:signed": null, "maxweightrating:signed": null, "motor_vehicle": null, "name:etymology:wikidata": null, "nat_ref": null, "oneway": "yes", "operator": "DIRIF", "operator:wikidata": "Q3029613", "political_division": null, "ref": "A 3", "segregated": null, "service": null, "sidewalk": null, "smoothness": null, "source:maxspeed": null, "surface": "asphalt", "toll": "no", "tunnel": null, "turn:lanes": "|||merge_to_left", "was:name": null, "width": null, "zone:maxspeed": null, "osm_id_2": "35305689", "name_2": null, "highway_2": "motorway", "waterway_2": null, "aerialway_2": null, "barrier_2": null, "man_made_2": null, "railway_2": null, "z_order_2": 19, "other_tags_2": "\"int_ref\"=>\"E 15\",\"lanes\"=>\"3\",\"layer\"=>\"1\",\"lit\"=>\"no\",\"maxspeed\"=>\"90\",\"oneway\"=>\"yes\",\"operator\"=>\"DIRIF\",\"operator:wikidata\"=>\"Q3029613\",\"ref\"=>\"A 3\",\"surface\"=>\"asphalt\",\"toll\"=>\"no\"", "access_2": null, "bicycle_2": null, "boundary_2": null, "bridge_2": null, "covered_2": null, "cycleway_2": null, "cycleway:left_2": null, "cycleway:right_2": null, "destination_2": null, "destination:colour_2": null, "destination:ref_2": null, "destination:ref:to_2": null, "destination:symbol:to_2": null, "destination:to_2": null, "foot_2": null, "footway_2": null, "horse_2": null, "int_ref_2": "E 15", "junction:ref_2": null, "lane_markings_2": null, "lanes_2": "3", "layer_2": "1", "lit_2": "no", "maxspeed_2": "90", "maxweight:signed_2": null, "maxweightrating:signed_2": null, "motor_vehicle_2": null, "name:etymology:wikidata_2": null, "nat_ref_2": null, "oneway_2": "yes", "operator_2": "DIRIF", "operator:wikidata_2": "Q3029613", "political_division_2": null, "ref_2": "A 3", "segregated_2": null, "service_2": null, "sidewalk_2": null, "smoothness_2": null, "source:maxspeed_2": null, "surface_2": "asphalt", "toll_2": "no", "tunnel_2": null, "turn:lanes_2": null, "was:name_2": null, "width_2": null, "zone:maxspeed_2": null }, "geometry": { "type": "MultiPolygon", "coordinates": [ [ [ [ 2.472908838510043, 48.90877702590786 ], [ 2.473869196162702, 48.90889614801501 ], [ 2.474419211129375, 48.908346824900981 ], [ 2.473438602120376, 48.908209966897331 ], [ 2.473352914972422, 48.908240005478589 ], [ 2.472913134906897, 48.908749780335853 ], [ 2.472908838510043, 48.90877702590786 ] ] ] ] } },
{ "type": "Feature", "properties": { "osm_id": "134577039", "name": null, "highway": "residential", "waterway": null, "aerialway": null, "barrier": null, "man_made": null, "railway": null, "z_order": 3, "other_tags": "\"surface\"=>\"asphalt\"", "access": null, "bicycle": null, "boundary": null, "bridge": null, "covered": null, "cycleway": null, "cycleway:left": null, "cycleway:right": null, "destination": null, "destination:colour": null, "destination:ref": null, "destination:ref:to": null, "destination:symbol:to": null, "destination:to": null, "foot": null, "footway": null, "horse": null, "int_ref": null, "junction:ref": null, "lane_markings": null, "lanes": null, "layer": null, "lit": null, "maxspeed": null, "maxweight:signed": null, "maxweightrating:signed": null, "motor_vehicle": null, "name:etymology:wikidata": null, "nat_ref": null, "oneway": null, "operator": null, "operator:wikidata": null, "political_division": null, "ref": null, "segregated": null, "service": null, "sidewalk": null, "smoothness": null, "source:maxspeed": null, "surface": "asphalt", "toll": null, "tunnel": null, "turn:lanes": null, "was:name": null, "width": null, "zone:maxspeed": null, "osm_id_2": "134577039", "name_2": null, "highway_2": "residential", "waterway_2": null, "aerialway_2": null, "barrier_2": null, "man_made_2": null, "railway_2": null, "z_order_2": 3, "other_tags_2": "\"surface\"=>\"asphalt\"", "access_2": null, "bicycle_2": null, "boundary_2": null, "bridge_2": null, "covered_2": null, "cycleway_2": null, "cycleway:left_2": null, "cycleway:right_2": null, "destination_2": null, "destination:colour_2": null, "destination:ref_2": null, "destination:ref:to_2": null, "destination:symbol:to_2": null, "destination:to_2": null, "foot_2": null, "footway_2": null, "horse_2": null, "int_ref_2": null, "junction:ref_2": null, "lane_markings_2": null, "lanes_2": null, "layer_2": null, "lit_2": null, "maxspeed_2": null, "maxweight:signed_2": null, "maxweightrating:signed_2": null, "motor_vehicle_2": null, "name:etymology:wikidata_2": null, "nat_ref_2": null, "oneway_2": null, "operator_2": null, "operator:wikidata_2": null, "political_division_2": null, "ref_2": null, "segregated_2": null, "service_2": null, "sidewalk_2": null, "smoothness_2": null, "source:maxspeed_2": null, "surface_2": "asphalt", "toll_2": null, "tunnel_2": null, "turn:lanes_2": null, "was:name_2": null, "width_2": null, "zone:maxspeed_2": null }, "geometry": { "type": "MultiPolygon", "coordinates": [ [ [ [ 2.474096439905258, 48.909335114917425 ], [ 2.474346706224241, 48.909619371511802 ], [ 2.474355707066253, 48.909619830508547 ], [ 2.475423689538714, 48.909262266358297 ], [ 2.475432659179884, 48.909148091507234 ], [ 2.474961261535992, 48.90909842666148 ], [ 2.474823850589318, 48.909111871354739 ], [ 2.474092872831349, 48.909253871894187 ], [ 2.474096439905258, 48.909335114917425 ] ] ] ] } },
{ "type": "Feature", "properties": { "osm_id": "134577039", "name": null, "highway": "residential", "waterway": null, "aerialway": null, "barrier": null, "man_made": null, "railway": null, "z_order": 3, "other_tags": "\"surface\"=>\"asphalt\"", "access": null, "bicycle": null, "boundary": null, "bridge": null, "covered": null, "cycleway": null, "cycleway:left": null, "cycleway:right": null, "destination": null, "destination:colour": null, "destination:ref": null, "destination:ref:to": null, "destination:symbol:to": null, "destination:to": null, "foot": null, "footway": null, "horse": null, "int_ref": null, "junction:ref": null, "lane_markings": null, "lanes": null, "layer": null, "lit": null, "maxspeed": null, "maxweight:signed": null, "maxweightrating:signed": null, "motor_vehicle": null, "name:etymology:wikidata": null, "nat_ref": null, "oneway": null, "operator": null, "operator:wikidata": null, "political_division": null, "ref": null, "segregated": null, "service": null, "sidewalk": null, "smoothness": null, "source:maxspeed": null, "surface": "asphalt", "toll": null, "tunnel": null, "turn:lanes": null, "was:name": null, "width": null, "zone:maxspeed": null, "osm_id_2": "25415621", "name_2": "Rue François Martin", "highway_2": "residential", "waterway_2": null, "aerialway_2": null, "barrier_2": null, "man_made_2": null, "railway_2": null, "z_order_2": 3, "other_tags_2": "\"lit\"=>\"yes\",\"surface\"=>\"asphalt\"", "access_2": null, "bicycle_2": null, "boundary_2": null, "bridge_2": null, "covered_2": null, "cycleway_2": null, "cycleway:left_2": null, "cycleway:right_2": null, "destination_2": null, "destination:colour_2": null, "destination:ref_2": null, "destination:ref:to_2": null, "destination:symbol:to_2": null, "destination:to_2": null, "foot_2": null, "footway_2": null, "horse_2": null, "int_ref_2": null, "junction:ref_2": null, "lane_markings_2": null, "lanes_2": null, "layer_2": null, "lit_2": "yes", "maxspeed_2": null, "maxweight:signed_2": null, "maxweightrating:signed_2": null, "motor_vehicle_2": null, "name:etymology:wikidata_2": null, "nat_ref_2": null, "oneway_2": null, "operator_2": null, "operator:wikidata_2": null, "political_division_2": null, "ref_2": null, "segregated_2": null, "service_2": null, "sidewalk_2": null, "smoothness_2": null, "source:maxspeed_2": null, "surface_2": "asphalt", "toll_2": null, "tunnel_2": null, "turn:lanes_2": null, "was:name_2": null, "width_2": null, "zone:maxspeed_2": null }, "geometry": { "type": "MultiPolygon", "coordinates": [ [ [ [ 2.474092872831349, 48.909253871894187 ], [ 2.474823850589318, 48.909111871354739 ], [ 2.474939351035625, 48.907992712539176 ], [ 2.474419211129375, 48.908346824900981 ], [ 2.473869196162702, 48.90889614801501 ], [ 2.474092872831349, 48.909253871894187 ] ] ] ] } },
{ "type": "Feature", "properties": { "osm_id": "25415571", "name": "Avenue Jean-Baptiste Devillers", "highway": "residential", "waterway": null, "aerialway": null, "barrier": null, "man_made": null, "railway": null, "z_order": 3, "other_tags": "\"oneway\"=>\"yes\",\"surface\"=>\"asphalt\",\"was:name\"=>\"Chemin Latéral\"", "access": null, "bicycle": null, "boundary": null, "bridge": null, "covered": null, "cycleway": null, "cycleway:left": null, "cycleway:right": null, "destination": null, "destination:colour": null, "destination:ref": null, "destination:ref:to": null, "destination:symbol:to": null, "destination:to": null, "foot": null, "footway": null, "horse": null, "int_ref": null, "junction:ref": null, "lane_markings": null, "lanes": null, "layer": null, "lit": null, "maxspeed": null, "maxweight:signed": null, "maxweightrating:signed": null, "motor_vehicle": null, "name:etymology:wikidata": null, "nat_ref": null, "oneway": "yes", "operator": null, "operator:wikidata": null, "political_division": null, "ref": null, "segregated": null, "service": null, "sidewalk": null, "smoothness": null, "source:maxspeed": null, "surface": "asphalt", "toll": null, "tunnel": null, "turn:lanes": null, "was:name": "Chemin Latéral", "width": null, "zone:maxspeed": null, "osm_id_2": "30091649", "name_2": null, "highway_2": "residential", "waterway_2": null, "aerialway_2": null, "barrier_2": null, "man_made_2": null, "railway_2": null, "z_order_2": -17, "other_tags_2": "\"layer\"=>\"-1\",\"oneway\"=>\"yes\",\"tunnel\"=>\"yes\"", "access_2": null, "bicycle_2": null, "boundary_2": null, "bridge_2": null, "covered_2": null, "cycleway_2": null, "cycleway:left_2": null, "cycleway:right_2": null, "destination_2": null, "destination:colour_2": null, "destination:ref_2": null, "destination:ref:to_2": null, "destination:symbol:to_2": null, "destination:to_2": null, "foot_2": null, "footway_2": null, "horse_2": null, "int_ref_2": null, "junction:ref_2": null, "lane_markings_2": null, "lanes_2": null, "layer_2": "-1", "lit_2": null, "maxspeed_2": null, "maxweight:signed_2": null, "maxweightrating:signed_2": null, "motor_vehicle_2": null, "name:etymology:wikidata_2": null, "nat_ref_2": null, "oneway_2": "yes", "operator_2": null, "operator:wikidata_2": null, "political_division_2": null, "ref_2": null, "segregated_2": null, "service_2": null, "sidewalk_2": null, "smoothness_2": null, "source:maxspeed_2": null, "surface_2": null, "toll_2": null, "tunnel_2": "yes", "turn:lanes_2": null, "was:name_2": null, "width_2": null, "zone:maxspeed_2": null }, "geometry": { "type": "MultiPolygon", "coordinates": [ [ [ [ 2.473479316354279, 48.907139127216119 ], [ 2.473438602120376, 48.908209966897331 ], [ 2.474419211129375, 48.908346824900981 ], [ 2.474939351035625, 48.907992712539176 ], [ 2.474951450927285, 48.907983923509072 ], [ 2.474962296554638, 48.907889970129268 ], [ 2.474711480354108, 48.907195995378899 ], [ 2.473479316354279, 48.907139127216119 ] ] ] ] } },
{ "type": "Feature", "properties": { "osm_id": "248813240", "name": "Chemin de Groslay", "highway": "tertiary", "waterway": null, "aerialway": null, "barrier": null, "man_made": null, "railway": null, "z_order": 4, "other_tags": null, "access": null, "bicycle": null, "boundary": null, "bridge": null, "covered": null, "cycleway": null, "cycleway:left": null, "cycleway:right": null, "destination": null, "destination:colour": null, "destination:ref": null, "destination:ref:to": null, "destination:symbol:to": null, "destination:to": null, "foot": null, "footway": null, "horse": null, "int_ref": null, "junction:ref": null, "lane_markings": null, "lanes": null, "layer": null, "lit": null, "maxspeed": null, "maxweight:signed": null, "maxweightrating:signed": null, "motor_vehicle": null, "name:etymology:wikidata": null, "nat_ref": null, "oneway": null, "operator": null, "operator:wikidata": null, "political_division": null, "ref": null, "segregated": null, "service": null, "sidewalk": null, "smoothness": null, "source:maxspeed": null, "surface": null, "toll": null, "tunnel": null, "turn:lanes": null, "was:name": null, "width": null, "zone:maxspeed": null, "osm_id_2": "32468355", "name_2": "Rue Jean-Jacques Rousseau", "highway_2": "residential", "waterway_2": null, "aerialway_2": null, "barrier_2": null, "man_made_2": null, "railway_2": null, "z_order_2": 3, "other_tags_2": "\"oneway\"=>\"yes\"", "access_2": null, "bicycle_2": null, "boundary_2": null, "bridge_2": null, "covered_2": null, "cycleway_2": null, "cycleway:left_2": null, "cycleway:right_2": null, "destination_2": null, "destination:colour_2": null, "destination:ref_2": null, "destination:ref:to_2": null, "destination:symbol:to_2": null, "destination:to_2": null, "foot_2": null, "footway_2": null, "horse_2": null, "int_ref_2": null, "junction:ref_2": null, "lane_markings_2": null, "lanes_2": null, "layer_2": null, "lit_2": null, "maxspeed_2": null, "maxweight:signed_2": null, "maxweightrating:signed_2": null, "motor_vehicle_2": null, "name:etymology:wikidata_2": null, "nat_ref_2": null, "oneway_2": "yes", "operator_2": null, "operator:wikidata_2": null, "political_division_2": null, "ref_2": null, "segregated_2": null, "service_2": null, "sidewalk_2": null, "smoothness_2": null, "source:maxspeed_2": null, "surface_2": null, "toll_2": null, "tunnel_2": null, "turn:lanes_2": null, "was:name_2": null, "width_2": null, "zone:maxspeed_2": null }, "geometry": { "type": "MultiPolygon", "coordinates": [ [ [ [ 2.474399874086642, 48.911012056784493 ], [ 2.47472553474715, 48.910921426890724 ], [ 2.474737393331409, 48.910800632736894 ], [ 2.474664614482696, 48.910693141668162 ], [ 2.474232404053776, 48.910806146017499 ], [ 2.474399874086642, 48.911012056784493 ] ] ] ] } },
{ "type": "Feature", "properties": { "osm_id": "195026404", "name": "Chemin de Groslay", "highway": "tertiary", "waterway": null, "aerialway": null, "barrier": null, "man_made": null, "railway": null, "z_order": 4, "other_tags": "\"lane_markings\"=>\"no\",\"surface\"=>\"asphalt\",\"width\"=>\"10\"", "access": null, "bicycle": null, "boundary": null, "bridge": null, "covered": null, "cycleway": null, "cycleway:left": null, "cycleway:right": null, "destination": null, "destination:colour": null, "destination:ref": null, "destination:ref:to": null, "destination:symbol:to": null, "destination:to": null, "foot": null, "footway": null, "horse": null, "int_ref": null, "junction:ref": null, "lane_markings": "no", "lanes": null, "layer": null, "lit": null, "maxspeed": null, "maxweight:signed": null, "maxweightrating:signed": null, "motor_vehicle": null, "name:etymology:wikidata": null, "nat_ref": null, "oneway": null, "operator": null, "operator:wikidata": null, "political_division": null, "ref": null, "segregated": null, "service": null, "sidewalk": null, "smoothness": null, "source:maxspeed": null, "surface": "asphalt", "toll": null, "tunnel": null, "turn:lanes": null, "was:name": null, "width": "10", "zone:maxspeed": null, "osm_id_2": "108634398", "name_2": "Rue Jean-Jacques Rousseau", "highway_2": "residential", "waterway_2": null, "aerialway_2": null, "barrier_2": null, "man_made_2": null, "railway_2": null, "z_order_2": 3, "other_tags_2": "\"oneway\"=>\"yes\"", "access_2": null, "bicycle_2": null, "boundary_2": null, "bridge_2": null, "covered_2": null, "cycleway_2": null, "cycleway:left_2": null, "cycleway:right_2": null, "destination_2": null, "destination:colour_2": null, "destination:ref_2": null, "destination:ref:to_2": null, "destination:symbol:to_2": null, "destination:to_2": null, "foot_2": null, "footway_2": null, "horse_2": null, "int_ref_2": null, "junction:ref_2": null, "lane_markings_2": null, "lanes_2": null, "layer_2": null, "lit_2": null, "maxspeed_2": null, "maxweight:signed_2": null, "maxweightrating:signed_2": null, "motor_vehicle_2": null, "name:etymology:wikidata_2": null, "nat_ref_2": null, "oneway_2": "yes", "operator_2": null, "operator:wikidata_2": null, "political_division_2": null, "ref_2": null, "segregated_2": null, "service_2": null, "sidewalk_2": null, "smoothness_2": null, "source:maxspeed_2": null, "surface_2": null, "toll_2": null, "tunnel_2": null, "turn:lanes_2": null, "was:name_2": null, "width_2": null, "zone:maxspeed_2": null }, "geometry": { "type": "MultiPolygon", "coordinates": [ [ [ [ 2.4746585127266, 48.911330058999972 ], [ 2.47491457226928, 48.911553414988667 ], [ 2.47523064011074, 48.911678136705532 ], [ 2.475563481536946, 48.911689592401309 ], [ 2.475509116331197, 48.911497501406757 ], [ 2.474778840642086, 48.911059015807005 ], [ 2.474494941285377, 48.911128944652141 ], [ 2.4746585127266, 48.911330058999972 ] ] ] ] } },
{ "type": "Feature", "properties": { "osm_id": "338884090", "name": "Chemin de Groslay", "highway": "tertiary", "waterway": null, "aerialway": null, "barrier": null, "man_made": null, "railway": null, "z_order": 4, "other_tags": null, "access": null, "bicycle": null, "boundary": null, "bridge": null, "covered": null, "cycleway": null, "cycleway:left": null, "cycleway:right": null, "destination": null, "destination:colour": null, "destination:ref": null, "destination:ref:to": null, "destination:symbol:to": null, "destination:to": null, "foot": null, "footway": null, "horse": null, "int_ref": null, "junction:ref": null, "lane_markings": null, "lanes": null, "layer": null, "lit": null, "maxspeed": null, "maxweight:signed": null, "maxweightrating:signed": null, "motor_vehicle": null, "name:etymology:wikidata": null, "nat_ref": null, "oneway": null, "operator": null, "operator:wikidata": null, "political_division": null, "ref": null, "segregated": null, "service": null, "sidewalk": null, "smoothness": null, "source:maxspeed": null, "surface": null, "toll": null, "tunnel": null, "turn:lanes": null, "was:name": null, "width": null, "zone:maxspeed": null, "osm_id_2": "859161716", "name_2": "Rue de Bruxelles", "highway_2": "residential", "waterway_2": null, "aerialway_2": null, "barrier_2": null, "man_made_2": null, "railway_2": null, "z_order_2": 3, "other_tags_2": null, "access_2": null, "bicycle_2": null, "boundary_2": null, "bridge_2": null, "covered_2": null, "cycleway_2": null, "cycleway:left_2": null, "cycleway:right_2": null, "destination_2": null, "destination:colour_2": null, "destination:ref_2": null, "destination:ref:to_2": null, "destination:symbol:to_2": null, "destination:to_2": null, "foot_2": null, "footway_2": null, "horse_2": null, "int_ref_2": null, "junction:ref_2": null, "lane_markings_2": null, "lanes_2": null, "layer_2": null, "lit_2": null, "maxspeed_2": null, "maxweight:signed_2": null, "maxweightrating:signed_2": null, "motor_vehicle_2": null, "name:etymology:wikidata_2": null, "nat_ref_2": null, "oneway_2": null, "operator_2": null, "operator:wikidata_2": null, "political_division_2": null, "ref_2": null, "segregated_2": null, "service_2": null, "sidewalk_2": null, "smoothness_2": null, "source:maxspeed_2": null, "surface_2": null, "toll_2": null, "tunnel_2": null, "turn:lanes_2": null, "was:name_2": null, "width_2": null, "zone:maxspeed_2": null }, "geometry": { "type": "MultiPolygon", "coordinates": [ [ [ [ 2.47374697238932, 48.91020927836886 ], [ 2.474215952131521, 48.910027001198422 ], [ 2.474346706224241, 48.909619371511802 ], [ 2.474096439905258, 48.909335114917425 ], [ 2.473272288161674, 48.909625609559463 ], [ 2.47374697238932, 48.91020927836886 ] ] ] ] } },
{ "type": "Feature", "properties": { "osm_id": "338884090", "name": "Chemin de Groslay", "highway": "tertiary", "waterway": null, "aerialway": null, "barrier": null, "man_made": null, "railway": null, "z_order": 4, "other_tags": null, "access": null, "bicycle": null, "boundary": null, "bridge": null, "covered": null, "cycleway": null, "cycleway:left": null, "cycleway:right": null, "destination": null, "destination:colour": null, "destination:ref": null, "destination:ref:to": null, "destination:symbol:to": null, "destination:to": null, "foot": null, "footway": null, "horse": null, "int_ref": null, "junction:ref": null, "lane_markings": null, "lanes": null, "layer": null, "lit": null, "maxspeed": null, "maxweight:signed": null, "maxweightrating:signed": null, "motor_vehicle": null, "name:etymology:wikidata": null, "nat_ref": null, "oneway": null, "operator": null, "operator:wikidata": null, "political_division": null, "ref": null, "segregated": null, "service": null, "sidewalk": null, "smoothness": null, "source:maxspeed": null, "surface": null, "toll": null, "tunnel": null, "turn:lanes": null, "was:name": null, "width": null, "zone:maxspeed": null, "osm_id_2": "338884090", "name_2": "Chemin de Groslay", "highway_2": "tertiary", "waterway_2": null, "aerialway_2": null, "barrier_2": null, "man_made_2": null, "railway_2": null, "z_order_2": 4, "other_tags_2": null, "access_2": null, "bicycle_2": null, "boundary_2": null, "bridge_2": null, "covered_2": null, "cycleway_2": null, "cycleway:left_2": null, "cycleway:right_2": null, "destination_2": null, "destination:colour_2": null, "destination:ref_2": null, "destination:ref:to_2": null, "destination:symbol:to_2": null, "destination:to_2": null, "foot_2": null, "footway_2": null, "horse_2": null, "int_ref_2": null, "junction:ref_2": null, "lane_markings_2": null, "lanes_2": null, "layer_2": null, "lit_2": null, "maxspeed_2": null, "maxweight:signed_2": null, "maxweightrating:signed_2": null, "motor_vehicle_2": null, "name:etymology:wikidata_2": null, "nat_ref_2": null, "oneway_2": null, "operator_2": null, "operator:wikidata_2": null, "political_division_2": null, "ref_2": null, "segregated_2": null, "service_2": null, "sidewalk_2": null, "smoothness_2": null, "source:maxspeed_2": null, "surface_2": null, "toll_2": null, "tunnel_2": null, "turn:lanes_2": null, "was:name_2": null, "width_2": null, "zone:maxspeed_2": null }, "geometry": { "type": "MultiPolygon", "coordinates": [ [ [ [ 2.474060497381746, 48.910594778213465 ], [ 2.474738558913563, 48.910374373514948 ], [ 2.474742244787716, 48.910364560799991 ], [ 2.474215952131521, 48.910027001198422 ], [ 2.47374697238932, 48.91020927836886 ], [ 2.474060497381746, 48.910594778213465 ] ] ] ] } },
{ "type": "Feature", "properties": { "osm_id": "248813240", "name": "Chemin de Groslay", "highway": "tertiary", "waterway": null, "aerialway": null, "barrier": null, "man_made": null, "railway": null, "z_order": 4, "other_tags": null, "access": null, "bicycle": null, "boundary": null, "bridge": null, "covered": null, "cycleway": null, "cycleway:left": null, "cycleway:right": null, "destination": null, "destination:colour": null, "destination:ref": null, "destination:ref:to": null, "destination:symbol:to": null, "destination:to": null, "foot": null, "footway": null, "horse": null, "int_ref": null, "junction:ref": null, "lane_markings": null, "lanes": null, "layer": null, "lit": null, "maxspeed": null, "maxweight:signed": null, "maxweightrating:signed": null, "motor_vehicle": null, "name:etymology:wikidata": null, "nat_ref": null, "oneway": null, "operator": null, "operator:wikidata": null, "political_division": null, "ref": null, "segregated": null, "service": null, "sidewalk": null, "smoothness": null, "source:maxspeed": null, "surface": null, "toll": null, "tunnel": null, "turn:lanes": null, "was:name": null, "width": null, "zone:maxspeed": null, "osm_id_2": "338884090", "name_2": "Chemin de Groslay", "highway_2": "tertiary", "waterway_2": null, "aerialway_2": null, "barrier_2": null, "man_made_2": null, "railway_2": null, "z_order_2": 4, "other_tags_2": null, "access_2": null, "bicycle_2": null, "boundary_2": null, "bridge_2": null, "covered_2": null, "cycleway_2": null, "cycleway:left_2": null, "cycleway:right_2": null, "destination_2": null, "destination:colour_2": null, "destination:ref_2": null, "destination:ref:to_2": null, "destination:symbol:to_2": null, "destination:to_2": null, "foot_2": null, "footway_2": null, "horse_2": null, "int_ref_2": null, "junction:ref_2": null, "lane_markings_2": null, "lanes_2": null, "layer_2": null, "lit_2": null, "maxspeed_2": null, "maxweight:signed_2": null, "maxweightrating:signed_2": null, "motor_vehicle_2": null, "name:etymology:wikidata_2": null, "nat_ref_2": null, "oneway_2": null, "operator_2": null, "operator:wikidata_2": null, "political_division_2": null, "ref_2": null, "segregated_2": null, "service_2": null, "sidewalk_2": null, "smoothness_2": null, "source:maxspeed_2": null, "surface_2": null, "toll_2": null, "tunnel_2": null, "turn:lanes_2": null, "was:name_2": null, "width_2": null, "zone:maxspeed_2": null }, "geometry": { "type": "MultiPolygon", "coordinates": [ [ [ [ 2.474232404053776, 48.910806146017499 ], [ 2.474664614482696, 48.910693141668162 ], [ 2.47471880967812, 48.910587504784694 ], [ 2.474738558913563, 48.910374373514948 ], [ 2.474060497381746, 48.910594778213465 ], [ 2.474232404053776, 48.910806146017499 ] ] ] ] } },
{ "type": "Feature", "properties": { "osm_id": "188678661", "name": null, "highway": "motorway", "waterway": null, "aerialway": null, "barrier": null, "man_made": null, "railway": null, "z_order": 19, "other_tags": "\"int_ref\"=>\"E 15\",\"lanes\"=>\"4\",\"layer\"=>\"1\",\"lit\"=>\"no\",\"maxspeed\"=>\"90\",\"oneway\"=>\"yes\",\"operator\"=>\"DIRIF\",\"operator:wikidata\"=>\"Q3029613\",\"ref\"=>\"A 3\",\"surface\"=>\"asphalt\",\"toll\"=>\"no\",\"turn:lanes\"=>\"|||merge_to_left\"", "access": null, "bicycle": null, "boundary": null, "bridge": null, "covered": null, "cycleway": null, "cycleway:left": null, "cycleway:right": null, "destination": null, "destination:colour": null, "destination:ref": null, "destination:ref:to": null, "destination:symbol:to": null, "destination:to": null, "foot": null, "footway": null, "horse": null, "int_ref": "E 15", "junction:ref": null, "lane_markings": null, "lanes": "4", "layer": "1", "lit": "no", "maxspeed": "90", "maxweight:signed": null, "maxweightrating:signed": null, "motor_vehicle": null, "name:etymology:wikidata": null, "nat_ref": null, "oneway": "yes", "operator": "DIRIF", "operator:wikidata": "Q3029613", "political_division": null, "ref": "A 3", "segregated": null, "service": null, "sidewalk": null, "smoothness": null, "source:maxspeed": null, "surface": "asphalt", "toll": "no", "tunnel": null, "turn:lanes": "|||merge_to_left", "was:name": null, "width": null, "zone:maxspeed": null, "osm_id_2": "1347575417", "name_2": null, "highway_2": "motorway", "waterway_2": null, "aerialway_2": null, "barrier_2": null, "man_made_2": null, "railway_2": null, "z_order_2": 19, "other_tags_2": "\"int_ref\"=>\"E 15\",\"lanes\"=>\"3\",\"layer\"=>\"1\",\"lit\"=>\"no\",\"maxspeed\"=>\"90\",\"oneway\"=>\"yes\",\"operator\"=>\"DIRIF\",\"operator:wikidata\"=>\"Q3029613\",\"ref\"=>\"A 3\",\"surface\"=>\"asphalt\",\"toll\"=>\"no\"", "access_2": null, "bicycle_2": null, "boundary_2": null, "bridge_2": null, "covered_2": null, "cycleway_2": null, "cycleway:left_2": null, "cycleway:right_2": null, "destination_2": null, "destination:colour_2": null, "destination:ref_2": null, "destination:ref:to_2": null, "destination:symbol:to_2": null, "destination:to_2": null, "foot_2": null, "footway_2": null, "horse_2": null, "int_ref_2": "E 15", "junction:ref_2": null, "lane_markings_2": null, "lanes_2": "3", "layer_2": "1", "lit_2": "no", "maxspeed_2": "90", "maxweight:signed_2": null, "maxweightrating:signed_2": null, "motor_vehicle_2": null, "name:etymology:wikidata_2": null, "nat_ref_2": null, "oneway_2": "yes", "operator_2": "DIRIF", "operator:wikidata_2": "Q3029613", "political_division_2": null, "ref_2": "A 3", "segregated_2": null, "service_2": null, "sidewalk_2": null, "smoothness_2": null, "source:maxspeed_2": null, "surface_2": "asphalt", "toll_2": "no", "tunnel_2": null, "turn:lanes_2": null, "was:name_2": null, "width_2": null, "zone:maxspeed_2": null }, "geometry": { "type": "MultiPolygon", "coordinates": [ [ [ [ 2.474215952131521, 48.910027001198422 ], [ 2.474742244787716, 48.910364560799991 ], [ 2.474903158492803, 48.910336724085006 ], [ 2.475388407579099, 48.910180963127232 ], [ 2.475479948095693, 48.91014073316876 ], [ 2.475592957608801, 48.909992312145484 ], [ 2.475398000276655, 48.909811370238813 ], [ 2.474355707066253, 48.909619830508547 ], [ 2.474346706224241, 48.909619371511802 ], [ 2.474215952131521, 48.910027001198422 ] ] ] ] } },
{ "type": "Feature", "properties": { "osm_id": "248813240", "name": "Chemin de Groslay", "highway": "tertiary", "waterway": null, "aerialway": null, "barrier": null, "man_made": null, "railway": null, "z_order": 4, "other_tags": null, "access": null, "bicycle": null, "boundary": null, "bridge": null, "covered": null, "cycleway": null, "cycleway:left": null, "cycleway:right": null, "destination": null, "destination:colour": null, "destination:ref": null, "destination:ref:to": null, "destination:symbol:to": null, "destination:to": null, "foot": null, "footway": null, "horse": null, "int_ref": null, "junction:ref": null, "lane_markings": null, "lanes": null, "layer": null, "lit": null, "maxspeed": null, "maxweight:signed": null, "maxweightrating:signed": null, "motor_vehicle": null, "name:etymology:wikidata": null, "nat_ref": null, "oneway": null, "operator": null, "operator:wikidata": null, "political_division": null, "ref": null, "segregated": null, "service": null, "sidewalk": null, "smoothness": null, "source:maxspeed": null, "surface": null, "toll": null, "tunnel": null, "turn:lanes": null, "was:name": null, "width": null, "zone:maxspeed": null, "osm_id_2": "248836385", "name_2": "Rue Jean-Jacques Rousseau", "highway_2": "residential", "waterway_2": null, "aerialway_2": null, "barrier_2": null, "man_made_2": null, "railway_2": null, "z_order_2": 3, "other_tags_2": "\"oneway\"=>\"yes\"", "access_2": null, "bicycle_2": null, "boundary_2": null, "bridge_2": null, "covered_2": null, "cycleway_2": null, "cycleway:left_2": null, "cycleway:right_2": null, "destination_2": null, "destination:colour_2": null, "destination:ref_2": null, "destination:ref:to_2": null, "destination:symbol:to_2": null, "destination:to_2": null, "foot_2": null, "footway_2": null, "horse_2": null, "int_ref_2": null, "junction:ref_2": null, "lane_markings_2": null, "lanes_2": null, "layer_2": null, "lit_2": null, "maxspeed_2": null, "maxweight:signed_2": null, "maxweightrating:signed_2": null, "motor_vehicle_2": null, "name:etymology:wikidata_2": null, "nat_ref_2": null, "oneway_2": "yes", "operator_2": null, "operator:wikidata_2": null, "political_division_2": null, "ref_2": null, "segregated_2": null, "service_2": null, "sidewalk_2": null, "smoothness_2": null, "source:maxspeed_2": null, "surface_2": null, "toll_2": null, "tunnel_2": null, "turn:lanes_2": null, "was:name_2": null, "width_2": null, "zone:maxspeed_2": null }, "geometry": { "type": "MultiPolygon", "coordinates": [ [ [ [ 2.474494941285377, 48.911128944652141 ], [ 2.474778840642086, 48.911059015807005 ], [ 2.47472553474715, 48.910921426890724 ], [ 2.474399874086642, 48.911012056784493 ], [ 2.474494941285377, 48.911128944652141 ] ] ] ] } },
{ "type": "Feature", "properties": { "osm_id": "51353157", "name": null, "highway": "motorway", "waterway": null, "aerialway": null, "barrier": null, "man_made": null, "railway": null, "z_order": 29, "other_tags": "\"bridge\"=>\"yes\",\"int_ref\"=>\"E 15\",\"lanes\"=>\"3\",\"layer\"=>\"1\",\"lit\"=>\"no\",\"maxspeed\"=>\"110\",\"oneway\"=>\"yes\",\"operator\"=>\"DIRIF\",\"operator:wikidata\"=>\"Q3029613\",\"ref\"=>\"A 3\",\"surface\"=>\"asphalt\",\"toll\"=>\"no\"", "access": null, "bicycle": null, "boundary": null, "bridge": "yes", "covered": null, "cycleway": null, "cycleway:left": null, "cycleway:right": null, "destination": null, "destination:colour": null, "destination:ref": null, "destination:ref:to": null, "destination:symbol:to": null, "destination:to": null, "foot": null, "footway": null, "horse": null, "int_ref": "E 15", "junction:ref": null, "lane_markings": null, "lanes": "3", "layer": "1", "lit": "no", "maxspeed": "110", "maxweight:signed": null, "maxweightrating:signed": null, "motor_vehicle": null, "name:etymology:wikidata": null, "nat_ref": null, "oneway": "yes", "operator": "DIRIF", "operator:wikidata": "Q3029613", "political_division": null, "ref": "A 3", "segregated": null, "service": null, "sidewalk": null, "smoothness": null, "source:maxspeed": null, "surface": "asphalt", "toll": "no", "tunnel": null, "turn:lanes": null, "was:name": null, "width": null, "zone:maxspeed": null, "osm_id_2": "51353155", "name_2": null, "highway_2": "motorway", "waterway_2": null, "aerialway_2": null, "barrier_2": null, "man_made_2": null, "railway_2": null, "z_order_2": 19, "other_tags_2": "\"int_ref\"=>\"E 15\",\"lanes\"=>\"3\",\"layer\"=>\"1\",\"lit\"=>\"no\",\"maxspeed\"=>\"110\",\"oneway\"=>\"yes\",\"operator\"=>\"DIRIF\",\"operator:wikidata\"=>\"Q3029613\",\"ref\"=>\"A 3\",\"surface\"=>\"asphalt\",\"toll\"=>\"no\"", "access_2": null, "bicycle_2": null, "boundary_2": null, "bridge_2": null, "covered_2": null, "cycleway_2": null, "cycleway:left_2": null, "cycleway:right_2": null, "destination_2": null, "destination:colour_2": null, "destination:ref_2": null, "destination:ref:to_2": null, "destination:symbol:to_2": null, "destination:to_2": null, "foot_2": null, "footway_2": null, "horse_2": null, "int_ref_2": "E 15", "junction:ref_2": null, "lane_markings_2": null, "lanes_2": "3", "layer_2": "1", "lit_2": "no", "maxspeed_2": "110", "maxweight:signed_2": null, "maxweightrating:signed_2": null, "motor_vehicle_2": null, "name:etymology:wikidata_2": null, "nat_ref_2": null, "oneway_2": "yes", "operator_2": "DIRIF", "operator:wikidata_2": "Q3029613", "political_division_2": null, "ref_2": "A 3", "segregated_2": null, "service_2": null, "sidewalk_2": null, "smoothness_2": null, "source:maxspeed_2": null, "surface_2": "asphalt", "toll_2": "no", "tunnel_2": null, "turn:lanes_2": null, "was:name_2": null, "width_2": null, "zone:maxspeed_2": null }, "geometry": { "type": "MultiPolygon", "coordinates": [ [ [ [ 2.474738558913563, 48.910374373514948 ], [ 2.47471880967812, 48.910587504784694 ], [ 2.475075573280652, 48.910692315452671 ], [ 2.47519255986576, 48.910654500802643 ], [ 2.475192559865762, 48.910654500802643 ], [ 2.475249978821028, 48.910635940681153 ], [ 2.475241284427251, 48.910603291714345 ], [ 2.474903158492803, 48.910336724085006 ], [ 2.474742244787716, 48.910364560799991 ], [ 2.474738558913563, 48.910374373514948 ] ] ] ] } },
{ "type": "Feature", "properties": { "osm_id": "248836385", "name": "Rue Jean-Jacques Rousseau", "highway": "residential", "waterway": null, "aerialway": null, "barrier": null, "man_made": null, "railway": null, "z_order": 3, "other_tags": "\"oneway\"=>\"yes\"", "access": null, "bicycle": null, "boundary": null, "bridge": null, "covered": null, "cycleway": null, "cycleway:left": null, "cycleway:right": null, "destination": null, "destination:colour": null, "destination:ref": null, "destination:ref:to": null, "destination:symbol:to": null, "destination:to": null, "foot": null, "footway": null, "horse": null, "int_ref": null, "junction:ref": null, "lane_markings": null, "lanes": null, "layer": null, "lit": null, "maxspeed": null, "maxweight:signed": null, "maxweightrating:signed": null, "motor_vehicle": null, "name:etymology:wikidata": null, "nat_ref": null, "oneway": "yes", "operator": null, "operator:wikidata": null, "political_division": null, "ref": null, "segregated": null, "service": null, "sidewalk": null, "smoothness": null, "source:maxspeed": null, "surface": null, "toll": null, "tunnel": null, "turn:lanes": null, "was:name": null, "width": null, "zone:maxspeed": null, "osm_id_2": "108634398", "name_2": "Rue Jean-Jacques Rousseau", "highway_2": "residential", "waterway_2": null, "aerialway_2": null, "barrier_2": null, "man_made_2": null, "railway_2": null, "z_order_2": 3, "other_tags_2": "\"oneway\"=>\"yes\"", "access_2": null, "bicycle_2": null, "boundary_2": null, "bridge_2": null, "covered_2": null, "cycleway_2": null, "cycleway:left_2": null, "cycleway:right_2": null, "destination_2": null, "destination:colour_2": null, "destination:ref_2": null, "destination:ref:to_2": null, "destination:symbol:to_2": null, "destination:to_2": null, "foot_2": null, "footway_2": null, "horse_2": null, "int_ref_2": null, "junction:ref_2": null, "lane_markings_2": null, "lanes_2": null, "layer_2": null, "lit_2": null, "maxspeed_2": null, "maxweight:signed_2": null, "maxweightrating:signed_2": null, "motor_vehicle_2": null, "name:etymology:wikidata_2": null, "nat_ref_2": null, "oneway_2": "yes", "operator_2": null, "operator:wikidata_2": null, "political_division_2": null, "ref_2": null, "segregated_2": null, "service_2": null, "sidewalk_2": null, "smoothness_2": null, "source:maxspeed_2": null, "surface_2": null, "toll_2": null, "tunnel_2": null, "turn:lanes_2": null, "was:name_2": null, "width_2": null, "zone:maxspeed_2": null }, "geometry": { "type": "MultiPolygon", "coordinates": [ [ [ [ 2.475260248494451, 48.910984935451488 ], [ 2.475138070348023, 48.910891268389527 ], [ 2.474737393331409, 48.910800632736894 ], [ 2.47472553474715, 48.910921426890724 ], [ 2.474778840642086, 48.911059015807005 ], [ 2.475509116331197, 48.911497501406757 ], [ 2.475535458464067, 48.911195921578674 ], [ 2.475260248494452, 48.910984935451488 ], [ 2.475260248494451, 48.910984935451488 ] ] ] ] } },
{ "type": "Feature", "properties": { "osm_id": "248836385", "name": "Rue Jean-Jacques Rousseau", "highway": "residential", "waterway": null, "aerialway": null, "barrier": null, "man_made": null, "railway": null, "z_order": 3, "other_tags": "\"oneway\"=>\"yes\"", "access": null, "bicycle": null, "boundary": null, "bridge": null, "covered": null, "cycleway": null, "cycleway:left": null, "cycleway:right": null, "destination": null, "destination:colour": null, "destination:ref": null, "destination:ref:to": null, "destination:symbol:to": null, "destination:to": null, "foot": null, "footway": null, "horse": null, "int_ref": null, "junction:ref": null, "lane_markings": null, "lanes": null, "layer": null, "lit": null, "maxspeed": null, "maxweight:signed": null, "maxweightrating:signed": null, "motor_vehicle": null, "name:etymology:wikidata": null, "nat_ref": null, "oneway": "yes", "operator": null, "operator:wikidata": null, "political_division": null, "ref": null, "segregated": null, "service": null, "sidewalk": null, "smoothness": null, "source:maxspeed": null, "surface": null, "toll": null, "tunnel": null, "turn:lanes": null, "was:name": null, "width": null, "zone:maxspeed": null, "osm_id_2": "51353157", "name_2": null, "highway_2": "motorway", "waterway_2": null, "aerialway_2": null, "barrier_2": null, "man_made_2": null, "railway_2": null, "z_order_2": 29, "other_tags_2": "\"bridge\"=>\"yes\",\"int_ref\"=>\"E 15\",\"lanes\"=>\"3\",\"layer\"=>\"1\",\"lit\"=>\"no\",\"maxspeed\"=>\"110\",\"oneway\"=>\"yes\",\"operator\"=>\"DIRIF\",\"operator:wikidata\"=>\"Q3029613\",\"ref\"=>\"A 3\",\"surface\"=>\"asphalt\",\"toll\"=>\"no\"", "access_2": null, "bicycle_2": null, "boundary_2": null, "bridge_2": "yes", "covered_2": null, "cycleway_2": null, "cycleway:left_2": null, "cycleway:right_2": null, "destination_2": null, "destination:colour_2": null, "destination:ref_2": null, "destination:ref:to_2": null, "destination:symbol:to_2": null, "destination:to_2": null, "foot_2": null, "footway_2": null, "horse_2": null, "int_ref_2": "E 15", "junction:ref_2": null, "lane_markings_2": null, "lanes_2": "3", "layer_2": "1", "lit_2": "no", "maxspeed_2": "110", "maxweight:signed_2": null, "maxweightrating:signed_2": null, "motor_vehicle_2": null, "name:etymology:wikidata_2": null, "nat_ref_2": null, "oneway_2": "yes", "operator_2": "DIRIF", "operator:wikidata_2": "Q3029613", "political_division_2": null, "ref_2": "A 3", "segregated_2": null, "service_2": null, "sidewalk_2": null, "smoothness_2": null, "source:maxspeed_2": null, "surface_2": "asphalt", "toll_2": "no", "tunnel_2": null, "turn:lanes_2": null, "was:name_2": null, "width_2": null, "zone:maxspeed_2": null }, "geometry": { "type": "MultiPolygon", "coordinates": [ [ [ [ 2.475260263739985, 48.910726789508026 ], [ 2.475260248494451, 48.910984935451488 ], [ 2.475260248494452, 48.910984935451488 ], [ 2.475260263739986, 48.910726789508026 ], [ 2.475260263739985, 48.910726789508026 ] ] ] ] } },
{ "type": "Feature", "properties": { "osm_id": "132451776", "name": "Allée des Glycines", "highway": "residential", "waterway": null, "aerialway": null, "barrier": null, "man_made": null, "railway": null, "z_order": 3, "other_tags": null, "access": null, "bicycle": null, "boundary": null, "bridge": null, "covered": null, "cycleway": null, "cycleway:left": null, "cycleway:right": null, "destination": null, "destination:colour": null, "destination:ref": null, "destination:ref:to": null, "destination:symbol:to": null, "destination:to": null, "foot": null, "footway": null, "horse": null, "int_ref": null, "junction:ref": null, "lane_markings": null, "lanes": null, "layer": null, "lit": null, "maxspeed": null, "maxweight:signed": null, "maxweightrating:signed": null, "motor_vehicle": null, "name:etymology:wikidata": null, "nat_ref": null, "oneway": null, "operator": null, "operator:wikidata": null, "political_division": null, "ref": null, "segregated": null, "service": null, "sidewalk": null, "smoothness": null, "source:maxspeed": null, "surface": null, "toll": null, "tunnel": null, "turn:lanes": null, "was:name": null, "width": null, "zone:maxspeed": null, "osm_id_2": "25415621", "name_2": "Rue François Martin", "highway_2": "residential", "waterway_2": null, "aerialway_2": null, "barrier_2": null, "man_made_2": null, "railway_2": null, "z_order_2": 3, "other_tags_2": "\"lit\"=>\"yes\",\"surface\"=>\"asphalt\"", "access_2": null, "bicycle_2": null, "boundary_2": null, "bridge_2": null, "covered_2": null, "cycleway_2": null, "cycleway:left_2": null, "cycleway:right_2": null, "destination_2": null, "destination:colour_2": null, "destination:ref_2": null, "destination:ref:to_2": null, "destination:symbol:to_2": null, "destination:to_2": null, "foot_2": null, "footway_2": null, "horse_2": null, "int_ref_2": null, "junction:ref_2": null, "lane_markings_2": null, "lanes_2": null, "layer_2": null, "lit_2": "yes", "maxspeed_2": null, "maxweight:signed_2": null, "maxweightrating:signed_2": null, "motor_vehicle_2": null, "name:etymology:wikidata_2": null, "nat_ref_2": null, "oneway_2": null, "operator_2": null, "operator:wikidata_2": null, "political_division_2": null, "ref_2": null, "segregated_2": null, "service_2": null, "sidewalk_2": null, "smoothness_2": null, "source:maxspeed_2": null, "surface_2": "asphalt", "toll_2": null, "tunnel_2": null, "turn:lanes_2": null, "was:name_2": null, "width_2": null, "zone:maxspeed_2": null }, "geometry": { "type": "MultiPolygon", "coordinates": [ [ [ [ 2.474939351035625, 48.907992712539176 ], [ 2.474823850589318, 48.909111871354739 ], [ 2.474961261535992, 48.90909842666148 ], [ 2.475066864347354, 48.908091151293902 ], [ 2.474951450927285, 48.907983923509072 ], [ 2.474939351035625, 48.907992712539176 ] ] ] ] } },
{ "type": "Feature", "properties": { "osm_id": "108634383", "name": "Rue Jean-Jacques Rousseau", "highway": "residential", "waterway": null, "aerialway": null, "barrier": null, "man_made": null, "railway": null, "z_order": 3, "other_tags": "\"oneway\"=>\"yes\"", "access": null, "bicycle": null, "boundary": null, "bridge": null, "covered": null, "cycleway": null, "cycleway:left": null, "cycleway:right": null, "destination": null, "destination:colour": null, "destination:ref": null, "destination:ref:to": null, "destination:symbol:to": null, "destination:to": null, "foot": null, "footway": null, "horse": null, "int_ref": null, "junction:ref": null, "lane_markings": null, "lanes": null, "layer": null, "lit": null, "maxspeed": null, "maxweight:signed": null, "maxweightrating:signed": null, "motor_vehicle": null, "name:etymology:wikidata": null, "nat_ref": null, "oneway": "yes", "operator": null, "operator:wikidata": null, "political_division": null, "ref": null, "segregated": null, "service": null, "sidewalk": null, "smoothness": null, "source:maxspeed": null, "surface": null, "toll": null, "tunnel": null, "turn:lanes": null, "was:name": null, "width": null, "zone:maxspeed": null, "osm_id_2": "32468355", "name_2": "Rue Jean-Jacques Rousseau", "highway_2": "residential", "waterway_2": null, "aerialway_2": null, "barrier_2": null, "man_made_2": null, "railway_2": null, "z_order_2": 3, "other_tags_2": "\"oneway\"=>\"yes\"", "access_2": null, "bicycle_2": null, "boundary_2": null, "bridge_2": null, "covered_2": null, "cycleway_2": null, "cycleway:left_2": null, "cycleway:right_2": null, "destination_2": null, "destination:colour_2": null, "destination:ref_2": null, "destination:ref:to_2": null, "destination:symbol:to_2": null, "destination:to_2": null, "foot_2": null, "footway_2": null, "horse_2": null, "int_ref_2": null, "junction:ref_2": null, "lane_markings_2": null, "lanes_2": null, "layer_2": null, "lit_2": null, "maxspeed_2": null, "maxweight:signed_2": null, "maxweightrating:signed_2": null, "motor_vehicle_2": null, "name:etymology:wikidata_2": null, "nat_ref_2": null, "oneway_2": "yes", "operator_2": null, "operator:wikidata_2": null, "political_division_2": null, "ref_2": null, "segregated_2": null, "service_2": null, "sidewalk_2": null, "smoothness_2": null, "source:maxspeed_2": null, "surface_2": null, "toll_2": null, "tunnel_2": null, "turn:lanes_2": null, "was:name_2": null, "width_2": null, "zone:maxspeed_2": null }, "geometry": { "type": "MultiPolygon", "coordinates": [ [ [ [ 2.474737393331409, 48.910800632736894 ], [ 2.475138070348023, 48.910891268389527 ], [ 2.475160329900637, 48.910759092078919 ], [ 2.475075573280652, 48.910692315452671 ], [ 2.47471880967812, 48.910587504784694 ], [ 2.474664614482696, 48.910693141668162 ], [ 2.474737393331409, 48.910800632736894 ] ] ] ] } },
{ "type": "Feature", "properties": { "osm_id": "132451774", "name": "Allée des Glaïeuls", "highway": "residential", "waterway": null, "aerialway": null, "barrier": null, "man_made": null, "railway": null, "z_order": 3, "other_tags": "\"lit\"=>\"yes\",\"surface\"=>\"asphalt\"", "access": null, "bicycle": null, "boundary": null, "bridge": null, "covered": null, "cycleway": null, "cycleway:left": null, "cycleway:right": null, "destination": null, "destination:colour": null, "destination:ref": null, "destination:ref:to": null, "destination:symbol:to": null, "destination:to": null, "foot": null, "footway": null, "horse": null, "int_ref": null, "junction:ref": null, "lane_markings": null, "lanes": null, "layer": null, "lit": "yes", "maxspeed": null, "maxweight:signed": null, "maxweightrating:signed": null, "motor_vehicle": null, "name:etymology:wikidata": null, "nat_ref": null, "oneway": null, "operator": null, "operator:wikidata": null, "political_division": null, "ref": null, "segregated": null, "service": null, "sidewalk": null, "smoothness": null, "source:maxspeed": null, "surface": "asphalt", "toll": null, "tunnel": null, "turn:lanes": null, "was:name": null, "width": null, "zone:maxspeed": null, "osm_id_2": "25415571", "name_2": "Avenue Jean-Baptiste Devillers", "highway_2": "residential", "waterway_2": null, "aerialway_2": null, "barrier_2": null, "man_made_2": null, "railway_2": null, "z_order_2": 3, "other_tags_2": "\"oneway\"=>\"yes\",\"surface\"=>\"asphalt\",\"was:name\"=>\"Chemin Latéral\"", "access_2": null, "bicycle_2": null, "boundary_2": null, "bridge_2": null, "covered_2": null, "cycleway_2": null, "cycleway:left_2": null, "cycleway:right_2": null, "destination_2": null, "destination:colour_2": null, "destination:ref_2": null, "destination:ref:to_2": null, "destination:symbol:to_2": null, "destination:to_2": null, "foot_2": null, "footway_2": null, "horse_2": null, "int_ref_2": null, "junction:ref_2": null, "lane_markings_2": null, "lanes_2": null, "layer_2": null, "lit_2": null, "maxspeed_2": null, "maxweight:signed_2": null, "maxweightrating:signed_2": null, "motor_vehicle_2": null, "name:etymology:wikidata_2": null, "nat_ref_2": null, "oneway_2": "yes", "operator_2": null, "operator:wikidata_2": null, "political_division_2": null, "ref_2": null, "segregated_2": null, "service_2": null, "sidewalk_2": null, "smoothness_2": null, "source:maxspeed_2": null, "surface_2": "asphalt", "toll_2": null, "tunnel_2": null, "turn:lanes_2": null, "was:name_2": "Chemin Latéral", "width_2": null, "zone:maxspeed_2": null }, "geometry": { "type": "MultiPolygon", "coordinates": [ [ [ [ 2.475066864347354, 48.908091151293902 ], [ 2.47553729218248, 48.908466535822768 ], [ 2.476080079495763, 48.908597373850583 ], [ 2.476329397392698, 48.908611846481222 ], [ 2.476888136382756, 48.908579219514898 ], [ 2.476973401628143, 48.908014064055543 ], [ 2.476958615442331, 48.90799589901556 ], [ 2.474962296554638, 48.907889970129268 ], [ 2.474951450927285, 48.907983923509072 ], [ 2.475066864347354, 48.908091151293902 ] ] ] ] } },
{ "type": "Feature", "properties": { "osm_id": "108634383", "name": "Rue Jean-Jacques Rousseau", "highway": "residential", "waterway": null, "aerialway": null, "barrier": null, "man_made": null, "railway": null, "z_order": 3, "other_tags": "\"oneway\"=>\"yes\"", "access": null, "bicycle": null, "boundary": null, "bridge": null, "covered": null, "cycleway": null, "cycleway:left": null, "cycleway:right": null, "destination": null, "destination:colour": null, "destination:ref": null, "destination:ref:to": null, "destination:symbol:to": null, "destination:to": null, "foot": null, "footway": null, "horse": null, "int_ref": null, "junction:ref": null, "lane_markings": null, "lanes": null, "layer": null, "lit": null, "maxspeed": null, "maxweight:signed": null, "maxweightrating:signed": null, "motor_vehicle": null, "name:etymology:wikidata": null, "nat_ref": null, "oneway": "yes", "operator": null, "operator:wikidata": null, "political_division": null, "ref": null, "segregated": null, "service": null, "sidewalk": null, "smoothness": null, "source:maxspeed": null, "surface": null, "toll": null, "tunnel": null, "turn:lanes": null, "was:name": null, "width": null, "zone:maxspeed": null, "osm_id_2": "108634383", "name_2": "Rue Jean-Jacques Rousseau", "highway_2": "residential", "waterway_2": null, "aerialway_2": null, "barrier_2": null, "man_made_2": null, "railway_2": null, "z_order_2": 3, "other_tags_2": "\"oneway\"=>\"yes\"", "access_2": null, "bicycle_2": null, "boundary_2": null, "bridge_2": null, "covered_2": null, "cycleway_2": null, "cycleway:left_2": null, "cycleway:right_2": null, "destination_2": null, "destination:colour_2": null, "destination:ref_2": null, "destination:ref:to_2": null, "destination:symbol:to_2": null, "destination:to_2": null, "foot_2": null, "footway_2": null, "horse_2": null, "int_ref_2": null, "junction:ref_2": null, "lane_markings_2": null, "lanes_2": null, "layer_2": null, "lit_2": null, "maxspeed_2": null, "maxweight:signed_2": null, "maxweightrating:signed_2": null, "motor_vehicle_2": null, "name:etymology:wikidata_2": null, "nat_ref_2": null, "oneway_2": "yes", "operator_2": null, "operator:wikidata_2": null, "political_division_2": null, "ref_2": null, "segregated_2": null, "service_2": null, "sidewalk_2": null, "smoothness_2": null, "source:maxspeed_2": null, "surface_2": null, "toll_2": null, "tunnel_2": null, "turn:lanes_2": null, "was:name_2": null, "width_2": null, "zone:maxspeed_2": null }, "geometry": { "type": "MultiPolygon", "coordinates": [ [ [ [ 2.475160329900637, 48.910759092078919 ], [ 2.475192554176779, 48.910748675931892 ], [ 2.47519255986576, 48.910654500802643 ], [ 2.475075573280652, 48.910692315452671 ], [ 2.475160329900637, 48.910759092078919 ] ] ] ] } },
{ "type": "Feature", "properties": { "osm_id": "134577039", "name": null, "highway": "residential", "waterway": null, "aerialway": null, "barrier": null, "man_made": null, "railway": null, "z_order": 3, "other_tags": "\"surface\"=>\"asphalt\"", "access": null, "bicycle": null, "boundary": null, "bridge": null, "covered": null, "cycleway": null, "cycleway:left": null, "cycleway:right": null, "destination": null, "destination:colour": null, "destination:ref": null, "destination:ref:to": null, "destination:symbol:to": null, "destination:to": null, "foot": null, "footway": null, "horse": null, "int_ref": null, "junction:ref": null, "lane_markings": null, "lanes": null, "layer": null, "lit": null, "maxspeed": null, "maxweight:signed": null, "maxweightrating:signed": null, "motor_vehicle": null, "name:etymology:wikidata": null, "nat_ref": null, "oneway": null, "operator": null, "operator:wikidata": null, "political_division": null, "ref": null, "segregated": null, "service": null, "sidewalk": null, "smoothness": null, "source:maxspeed": null, "surface": "asphalt", "toll": null, "tunnel": null, "turn:lanes": null, "was:name": null, "width": null, "zone:maxspeed": null, "osm_id_2": "134577036", "name_2": null, "highway_2": "residential", "waterway_2": null, "aerialway_2": null, "barrier_2": null, "man_made_2": null, "railway_2": null, "z_order_2": 3, "other_tags_2": null, "access_2": null, "bicycle_2": null, "boundary_2": null, "bridge_2": null, "covered_2": null, "cycleway_2": null, "cycleway:left_2": null, "cycleway:right_2": null, "destination_2": null, "destination:colour_2": null, "destination:ref_2": null, "destination:ref:to_2": null, "destination:symbol:to_2": null, "destination:to_2": null, "foot_2": null, "footway_2": null, "horse_2": null, "int_ref_2": null, "junction:ref_2": null, "lane_markings_2": null, "lanes_2": null, "layer_2": null, "lit_2": null, "maxspeed_2": null, "maxweight:signed_2": null, "maxweightrating:signed_2": null, "motor_vehicle_2": null, "name:etymology:wikidata_2": null, "nat_ref_2": null, "oneway_2": null, "operator_2": null, "operator:wikidata_2": null, "political_division_2": null, "ref_2": null, "segregated_2": null, "service_2": null, "sidewalk_2": null, "smoothness_2": null, "source:maxspeed_2": null, "surface_2": null, "toll_2": null, "tunnel_2": null, "turn:lanes_2": null, "was:name_2": null, "width_2": null, "zone:maxspeed_2": null }, "geometry": { "type": "MultiPolygon", "coordinates": [ [ [ [ 2.474355707066253, 48.909619830508547 ], [ 2.475398000276655, 48.909811370238813 ], [ 2.47547716960858, 48.909516184196157 ], [ 2.475487317321586, 48.909399317313337 ], [ 2.475423689538714, 48.909262266358297 ], [ 2.474355707066253, 48.909619830508547 ] ] ] ] } },
{ "type": "Feature", "properties": { "osm_id": "248836385", "name": "Rue Jean-Jacques Rousseau", "highway": "residential", "waterway": null, "aerialway": null, "barrier": null, "man_made": null, "railway": null, "z_order": 3, "other_tags": "\"oneway\"=>\"yes\"", "access": null, "bicycle": null, "boundary": null, "bridge": null, "covered": null, "cycleway": null, "cycleway:left": null, "cycleway:right": null, "destination": null, "destination:colour": null, "destination:ref": null, "destination:ref:to": null, "destination:symbol:to": null, "destination:to": null, "foot": null, "footway": null, "horse": null, "int_ref": null, "junction:ref": null, "lane_markings": null, "lanes": null, "layer": null, "lit": null, "maxspeed": null, "maxweight:signed": null, "maxweightrating:signed": null, "motor_vehicle": null, "name:etymology:wikidata": null, "nat_ref": null, "oneway": "yes", "operator": null, "operator:wikidata": null, "political_division": null, "ref": null, "segregated": null, "service": null, "sidewalk": null, "smoothness": null, "source:maxspeed": null, "surface": null, "toll": null, "tunnel": null, "turn:lanes": null, "was:name": null, "width": null, "zone:maxspeed": null, "osm_id_2": "248836385", "name_2": "Rue Jean-Jacques Rousseau", "highway_2": "residential", "waterway_2": null, "aerialway_2": null, "barrier_2": null, "man_made_2": null, "railway_2": null, "z_order_2": 3, "other_tags_2": "\"oneway\"=>\"yes\"", "access_2": null, "bicycle_2": null, "boundary_2": null, "bridge_2": null, "covered_2": null, "cycleway_2": null, "cycleway:left_2": null, "cycleway:right_2": null, "destination_2": null, "destination:colour_2": null, "destination:ref_2": null, "destination:ref:to_2": null, "destination:symbol:to_2": null, "destination:to_2": null, "foot_2": null, "footway_2": null, "horse_2": null, "int_ref_2": null, "junction:ref_2": null, "lane_markings_2": null, "lanes_2": null, "layer_2": null, "lit_2": null, "maxspeed_2": null, "maxweight:signed_2": null, "maxweightrating:signed_2": null, "motor_vehicle_2": null, "name:etymology:wikidata_2": null, "nat_ref_2": null, "oneway_2": "yes", "operator_2": null, "operator:wikidata_2": null, "political_division_2": null, "ref_2": null, "segregated_2": null, "service_2": null, "sidewalk_2": null, "smoothness_2": null, "source:maxspeed_2": null, "surface_2": null, "toll_2": null, "tunnel_2": null, "turn:lanes_2": null, "was:name_2": null, "width_2": null, "zone:maxspeed_2": null }, "geometry": { "type": "MultiPolygon", "coordinates": [ [ [ [ 2.475160329900637, 48.910759092078919 ], [ 2.475138070348023, 48.910891268389527 ], [ 2.475260248494451, 48.910984935451488 ], [ 2.475260263739985, 48.910726789508026 ], [ 2.475192554176781, 48.910748675931892 ], [ 2.475192554176779, 48.910748675931892 ], [ 2.475160329900637, 48.910759092078919 ] ] ] ] } },
{ "type": "Feature", "properties": { "osm_id": "134576761", "name": "Allée des Azalées", "highway": "residential", "waterway": null, "aerialway": null, "barrier": null, "man_made": null, "railway": null, "z_order": 3, "other_tags": "\"surface\"=>\"asphalt\"", "access": null, "bicycle": null, "boundary": null, "bridge": null, "covered": null, "cycleway": null, "cycleway:left": null, "cycleway:right": null, "destination": null, "destination:colour": null, "destination:ref": null, "destination:ref:to": null, "destination:symbol:to": null, "destination:to": null, "foot": null, "footway": null, "horse": null, "int_ref": null, "junction:ref": null, "lane_markings": null, "lanes": null, "layer": null, "lit": null, "maxspeed": null, "maxweight:signed": null, "maxweightrating:signed": null, "motor_vehicle": null, "name:etymology:wikidata": null, "nat_ref": null, "oneway": null, "operator": null, "operator:wikidata": null, "political_division": null, "ref": null, "segregated": null, "service": null, "sidewalk": null, "smoothness": null, "source:maxspeed": null, "surface": "asphalt", "toll": null, "tunnel": null, "turn:lanes": null, "was:name": null, "width": null, "zone:maxspeed": null, "osm_id_2": "25415621", "name_2": "Rue François Martin", "highway_2": "residential", "waterway_2": null, "aerialway_2": null, "barrier_2": null, "man_made_2": null, "railway_2": null, "z_order_2": 3, "other_tags_2": "\"lit\"=>\"yes\",\"surface\"=>\"asphalt\"", "access_2": null, "bicycle_2": null, "boundary_2": null, "bridge_2": null, "covered_2": null, "cycleway_2": null, "cycleway:left_2": null, "cycleway:right_2": null, "destination_2": null, "destination:colour_2": null, "destination:ref_2": null, "destination:ref:to_2": null, "destination:symbol:to_2": null, "destination:to_2": null, "foot_2": null, "footway_2": null, "horse_2": null, "int_ref_2": null, "junction:ref_2": null, "lane_markings_2": null, "lanes_2": null, "layer_2": null, "lit_2": "yes", "maxspeed_2": null, "maxweight:signed_2": null, "maxweightrating:signed_2": null, "motor_vehicle_2": null, "name:etymology:wikidata_2": null, "nat_ref_2": null, "oneway_2": null, "operator_2": null, "operator:wikidata_2": null, "political_division_2": null, "ref_2": null, "segregated_2": null, "service_2": null, "sidewalk_2": null, "smoothness_2": null, "source:maxspeed_2": null, "surface_2": "asphalt", "toll_2": null, "tunnel_2": null, "turn:lanes_2": null, "was:name_2": null, "width_2": null, "zone:maxspeed_2": null }, "geometry": { "type": "MultiPolygon", "coordinates": [ [ [ [ 2.47553729218248, 48.908466535822768 ], [ 2.475066864347354, 48.908091151293902 ], [ 2.474961261535992, 48.90909842666148 ], [ 2.475432659179884, 48.909148091507234 ], [ 2.475465170110952, 48.909121303904271 ], [ 2.47553729218248, 48.908466535822768 ] ] ] ] } },
{ "type": "Feature", "properties": { "osm_id": "132451200", "name": "Allée des Tulipes", "highway": "residential", "waterway": null, "aerialway": null, "barrier": null, "man_made": null, "railway": null, "z_order": 3, "other_tags": "\"lit\"=>\"yes\",\"surface\"=>\"asphalt\"", "access": null, "bicycle": null, "boundary": null, "bridge": null, "covered": null, "cycleway": null, "cycleway:left": null, "cycleway:right": null, "destination": null, "destination:colour": null, "destination:ref": null, "destination:ref:to": null, "destination:symbol:to": null, "destination:to": null, "foot": null, "footway": null, "horse": null, "int_ref": null, "junction:ref": null, "lane_markings": null, "lanes": null, "layer": null, "lit": "yes", "maxspeed": null, "maxweight:signed": null, "maxweightrating:signed": null, "motor_vehicle": null, "name:etymology:wikidata": null, "nat_ref": null, "oneway": null, "operator": null, "operator:wikidata": null, "political_division": null, "ref": null, "segregated": null, "service": null, "sidewalk": null, "smoothness": null, "source:maxspeed": null, "surface": "asphalt", "toll": null, "tunnel": null, "turn:lanes": null, "was:name": null, "width": null, "zone:maxspeed": null, "osm_id_2": "25415621", "name_2": "Rue François Martin", "highway_2": "residential", "waterway_2": null, "aerialway_2": null, "barrier_2": null, "man_made_2": null, "railway_2": null, "z_order_2": 3, "other_tags_2": "\"lit\"=>\"yes\",\"surface\"=>\"asphalt\"", "access_2": null, "bicycle_2": null, "boundary_2": null, "bridge_2": null, "covered_2": null, "cycleway_2": null, "cycleway:left_2": null, "cycleway:right_2": null, "destination_2": null, "destination:colour_2": null, "destination:ref_2": null, "destination:ref:to_2": null, "destination:symbol:to_2": null, "destination:to_2": null, "foot_2": null, "footway_2": null, "horse_2": null, "int_ref_2": null, "junction:ref_2": null, "lane_markings_2": null, "lanes_2": null, "layer_2": null, "lit_2": "yes", "maxspeed_2": null, "maxweight:signed_2": null, "maxweightrating:signed_2": null, "motor_vehicle_2": null, "name:etymology:wikidata_2": null, "nat_ref_2": null, "oneway_2": null, "operator_2": null, "operator:wikidata_2": null, "political_division_2": null, "ref_2": null, "segregated_2": null, "service_2": null, "sidewalk_2": null, "smoothness_2": null, "source:maxspeed_2": null, "surface_2": "asphalt", "toll_2": null, "tunnel_2": null, "turn:lanes_2": null, "was:name_2": null, "width_2": null, "zone:maxspeed_2": null }, "geometry": { "type": "MultiPolygon", "coordinates": [ [ [ [ 2.475465170110952, 48.909121303904271 ], [ 2.476029363698318, 48.90914679013914 ], [ 2.476080079495763, 48.908597373850583 ], [ 2.47553729218248, 48.908466535822768 ], [ 2.475465170110952, 48.909121303904271 ] ] ] ] } },
{ "type": "Feature", "properties": { "osm_id": "51353157", "name": null, "highway": "motorway", "waterway": null, "aerialway": null, "barrier": null, "man_made": null, "railway": null, "z_order": 29, "other_tags": "\"bridge\"=>\"yes\",\"int_ref\"=>\"E 15\",\"lanes\"=>\"3\",\"layer\"=>\"1\",\"lit\"=>\"no\",\"maxspeed\"=>\"110\",\"oneway\"=>\"yes\",\"operator\"=>\"DIRIF\",\"operator:wikidata\"=>\"Q3029613\",\"ref\"=>\"A 3\",\"surface\"=>\"asphalt\",\"toll\"=>\"no\"", "access": null, "bicycle": null, "boundary": null, "bridge": "yes", "covered": null, "cycleway": null, "cycleway:left": null, "cycleway:right": null, "destination": null, "destination:colour": null, "destination:ref": null, "destination:ref:to": null, "destination:symbol:to": null, "destination:to": null, "foot": null, "footway": null, "horse": null, "int_ref": "E 15", "junction:ref": null, "lane_markings": null, "lanes": "3", "layer": "1", "lit": "no", "maxspeed": "110", "maxweight:signed": null, "maxweightrating:signed": null, "motor_vehicle": null, "name:etymology:wikidata": null, "nat_ref": null, "oneway": "yes", "operator": "DIRIF", "operator:wikidata": "Q3029613", "political_division": null, "ref": "A 3", "segregated": null, "service": null, "sidewalk": null, "smoothness": null, "source:maxspeed": null, "surface": "asphalt", "toll": "no", "tunnel": null, "turn:lanes": null, "was:name": null, "width": null, "zone:maxspeed": null, "osm_id_2": "51353157", "name_2": null, "highway_2": "motorway", "waterway_2": null, "aerialway_2": null, "barrier_2": null, "man_made_2": null, "railway_2": null, "z_order_2": 29, "other_tags_2": "\"bridge\"=>\"yes\",\"int_ref\"=>\"E 15\",\"lanes\"=>\"3\",\"layer\"=>\"1\",\"lit\"=>\"no\",\"maxspeed\"=>\"110\",\"oneway\"=>\"yes\",\"operator\"=>\"DIRIF\",\"operator:wikidata\"=>\"Q3029613\",\"ref\"=>\"A 3\",\"surface\"=>\"asphalt\",\"toll\"=>\"no\"", "access_2": null, "bicycle_2": null, "boundary_2": null, "bridge_2": "yes", "covered_2": null, "cycleway_2": null, "cycleway:left_2": null, "cycleway:right_2": null, "destination_2": null, "destination:colour_2": null, "destination:ref_2": null, "destination:ref:to_2": null, "destination:symbol:to_2": null, "destination:to_2": null, "foot_2": null, "footway_2": null, "horse_2": null, "int_ref_2": "E 15", "junction:ref_2": null, "lane_markings_2": null, "lanes_2": "3", "layer_2": "1", "lit_2": "no", "maxspeed_2": "110", "maxweight:signed_2": null, "maxweightrating:signed_2": null, "motor_vehicle_2": null, "name:etymology:wikidata_2": null, "nat_ref_2": null, "oneway_2": "yes", "operator_2": "DIRIF", "operator:wikidata_2": "Q3029613", "political_division_2": null, "ref_2": "A 3", "segregated_2": null, "service_2": null, "sidewalk_2": null, "smoothness_2": null, "source:maxspeed_2": null, "surface_2": "asphalt", "toll_2": "no", "tunnel_2": null, "turn:lanes_2": null, "was:name_2": null, "width_2": null, "zone:maxspeed_2": null }, "geometry": { "type": "MultiPolygon", "coordinates": [ [ [ [ 2.475260263739986, 48.910726789508026 ], [ 2.475260248494452, 48.910984935451488 ], [ 2.475535458464067, 48.911195921578674 ], [ 2.475653533648819, 48.910985024569939 ], [ 2.475409204001961, 48.910797977320897 ], [ 2.47540920400196, 48.910797977320897 ], [ 2.475299604952623, 48.910714072836278 ], [ 2.475260263739986, 48.910726789508026 ] ] ] ] } },
{ "type": "Feature", "properties": { "osm_id": "51353157", "name": null, "highway": "motorway", "waterway": null, "aerialway": null, "barrier": null, "man_made": null, "railway": null, "z_order": 29, "other_tags": "\"bridge\"=>\"yes\",\"int_ref\"=>\"E 15\",\"lanes\"=>\"3\",\"layer\"=>\"1\",\"lit\"=>\"no\",\"maxspeed\"=>\"110\",\"oneway\"=>\"yes\",\"operator\"=>\"DIRIF\",\"operator:wikidata\"=>\"Q3029613\",\"ref\"=>\"A 3\",\"surface\"=>\"asphalt\",\"toll\"=>\"no\"", "access": null, "bicycle": null, "boundary": null, "bridge": "yes", "covered": null, "cycleway": null, "cycleway:left": null, "cycleway:right": null, "destination": null, "destination:colour": null, "destination:ref": null, "destination:ref:to": null, "destination:symbol:to": null, "destination:to": null, "foot": null, "footway": null, "horse": null, "int_ref": "E 15", "junction:ref": null, "lane_markings": null, "lanes": "3", "layer": "1", "lit": "no", "maxspeed": "110", "maxweight:signed": null, "maxweightrating:signed": null, "motor_vehicle": null, "name:etymology:wikidata": null, "nat_ref": null, "oneway": "yes", "operator": "DIRIF", "operator:wikidata": "Q3029613", "political_division": null, "ref": "A 3", "segregated": null, "service": null, "sidewalk": null, "smoothness": null, "source:maxspeed": null, "surface": "asphalt", "toll": "no", "tunnel": null, "turn:lanes": null, "was:name": null, "width": null, "zone:maxspeed": null, "osm_id_2": "51353157", "name_2": null, "highway_2": "motorway", "waterway_2": null, "aerialway_2": null, "barrier_2": null, "man_made_2": null, "railway_2": null, "z_order_2": 29, "other_tags_2": "\"bridge\"=>\"yes\",\"int_ref\"=>\"E 15\",\"lanes\"=>\"3\",\"layer\"=>\"1\",\"lit\"=>\"no\",\"maxspeed\"=>\"110\",\"oneway\"=>\"yes\",\"operator\"=>\"DIRIF\",\"operator:wikidata\"=>\"Q3029613\",\"ref\"=>\"A 3\",\"surface\"=>\"asphalt\",\"toll\"=>\"no\"", "access_2": null, "bicycle_2": null, "boundary_2": null, "bridge_2": "yes", "covered_2": null, "cycleway_2": null, "cycleway:left_2": null, "cycleway:right_2": null, "destination_2": null, "destination:colour_2": null, "destination:ref_2": null, "destination:ref:to_2": null, "destination:symbol:to_2": null, "destination:to_2": null, "foot_2": null, "footway_2": null, "horse_2": null, "int_ref_2": "E 15", "junction:ref_2": null, "lane_markings_2": null, "lanes_2": "3", "layer_2": "1", "lit_2": "no", "maxspeed_2": "110", "maxweight:signed_2": null, "maxweightrating:signed_2": null, "motor_vehicle_2": null, "name:etymology:wikidata_2": null, "nat_ref_2": null, "oneway_2": "yes", "operator_2": "DIRIF", "operator:wikidata_2": "Q3029613", "political_division_2": null, "ref_2": "A 3", "segregated_2": null, "service_2": null, "sidewalk_2": null, "smoothness_2": null, "source:maxspeed_2": null, "surface_2": "asphalt", "toll_2": "no", "tunnel_2": null, "turn:lanes_2": null, "was:name_2": null, "width_2": null, "zone:maxspeed_2": null }, "geometry": { "type": "MultiPolygon", "coordinates": [ [ [ [ 2.475299604952623, 48.910714072836278 ], [ 2.475302149553451, 48.910677043967617 ], [ 2.475249978821028, 48.910635940681153 ], [ 2.475192559865762, 48.910654500802643 ], [ 2.475192554176781, 48.910748675931892 ], [ 2.475260263739985, 48.910726789508026 ], [ 2.475260263739986, 48.910726789508026 ], [ 2.475299604952623, 48.910714072836278 ] ] ] ] } },
{ "type": "Feature", "properties": { "osm_id": "132451200", "name": "Allée des Tulipes", "highway": "residential", "waterway": null, "aerialway": null, "barrier": null, "man_made": null, "railway": null, "z_order": 3, "other_tags": "\"lit\"=>\"yes\",\"surface\"=>\"asphalt\"", "access": null, "bicycle": null, "boundary": null, "bridge": null, "covered": null, "cycleway": null, "cycleway:left": null, "cycleway:right": null, "destination": null, "destination:colour": null, "destination:ref": null, "destination:ref:to": null, "destination:symbol:to": null, "destination:to": null, "foot": null, "footway": null, "horse": null, "int_ref": null, "junction:ref": null, "lane_markings": null, "lanes": null, "layer": null, "lit": "yes", "maxspeed": null, "maxweight:signed": null, "maxweightrating:signed": null, "motor_vehicle": null, "name:etymology:wikidata": null, "nat_ref": null, "oneway": null, "operator": null, "operator:wikidata": null, "political_division": null, "ref": null, "segregated": null, "service": null, "sidewalk": null, "smoothness": null, "source:maxspeed": null, "surface": "asphalt", "toll": null, "tunnel": null, "turn:lanes": null, "was:name": null, "width": null, "zone:maxspeed": null, "osm_id_2": "134577036", "name_2": null, "highway_2": "residential", "waterway_2": null, "aerialway_2": null, "barrier_2": null, "man_made_2": null, "railway_2": null, "z_order_2": 3, "other_tags_2": null, "access_2": null, "bicycle_2": null, "boundary_2": null, "bridge_2": null, "covered_2": null, "cycleway_2": null, "cycleway:left_2": null, "cycleway:right_2": null, "destination_2": null, "destination:colour_2": null, "destination:ref_2": null, "destination:ref:to_2": null, "destination:symbol:to_2": null, "destination:to_2": null, "foot_2": null, "footway_2": null, "horse_2": null, "int_ref_2": null, "junction:ref_2": null, "lane_markings_2": null, "lanes_2": null, "layer_2": null, "lit_2": null, "maxspeed_2": null, "maxweight:signed_2": null, "maxweightrating:signed_2": null, "motor_vehicle_2": null, "name:etymology:wikidata_2": null, "nat_ref_2": null, "oneway_2": null, "operator_2": null, "operator:wikidata_2": null, "political_division_2": null, "ref_2": null, "segregated_2": null, "service_2": null, "sidewalk_2": null, "smoothness_2": null, "source:maxspeed_2": null, "surface_2": null, "toll_2": null, "tunnel_2": null, "turn:lanes_2": null, "was:name_2": null, "width_2": null, "zone:maxspeed_2": null }, "geometry": { "type": "MultiPolygon", "coordinates": [ [ [ [ 2.47547716960858, 48.909516184196157 ], [ 2.475937755040992, 48.909538223096696 ], [ 2.476021223252736, 48.909424846173117 ], [ 2.475487317321586, 48.909399317313337 ], [ 2.47547716960858, 48.909516184196157 ] ] ] ] } },
{ "type": "Feature", "properties": { "osm_id": "51353157", "name": null, "highway": "motorway", "waterway": null, "aerialway": null, "barrier": null, "man_made": null, "railway": null, "z_order": 29, "other_tags": "\"bridge\"=>\"yes\",\"int_ref\"=>\"E 15\",\"lanes\"=>\"3\",\"layer\"=>\"1\",\"lit\"=>\"no\",\"maxspeed\"=>\"110\",\"oneway\"=>\"yes\",\"operator\"=>\"DIRIF\",\"operator:wikidata\"=>\"Q3029613\",\"ref\"=>\"A 3\",\"surface\"=>\"asphalt\",\"toll\"=>\"no\"", "access": null, "bicycle": null, "boundary": null, "bridge": "yes", "covered": null, "cycleway": null, "cycleway:left": null, "cycleway:right": null, "destination": null, "destination:colour": null, "destination:ref": null, "destination:ref:to": null, "destination:symbol:to": null, "destination:to": null, "foot": null, "footway": null, "horse": null, "int_ref": "E 15", "junction:ref": null, "lane_markings": null, "lanes": "3", "layer": "1", "lit": "no", "maxspeed": "110", "maxweight:signed": null, "maxweightrating:signed": null, "motor_vehicle": null, "name:etymology:wikidata": null, "nat_ref": null, "oneway": "yes", "operator": "DIRIF", "operator:wikidata": "Q3029613", "political_division": null, "ref": "A 3", "segregated": null, "service": null, "sidewalk": null, "smoothness": null, "source:maxspeed": null, "surface": "asphalt", "toll": "no", "tunnel": null, "turn:lanes": null, "was:name": null, "width": null, "zone:maxspeed": null, "osm_id_2": "108634383", "name_2": "Rue Jean-Jacques Rousseau", "highway_2": "residential", "waterway_2": null, "aerialway_2": null, "barrier_2": null, "man_made_2": null, "railway_2": null, "z_order_2": 3, "other_tags_2": "\"oneway\"=>\"yes\"", "access_2": null, "bicycle_2": null, "boundary_2": null, "bridge_2": null, "covered_2": null, "cycleway_2": null, "cycleway:left_2": null, "cycleway:right_2": null, "destination_2": null, "destination:colour_2": null, "destination:ref_2": null, "destination:ref:to_2": null, "destination:symbol:to_2": null, "destination:to_2": null, "foot_2": null, "footway_2": null, "horse_2": null, "int_ref_2": null, "junction:ref_2": null, "lane_markings_2": null, "lanes_2": null, "layer_2": null, "lit_2": null, "maxspeed_2": null, "maxweight:signed_2": null, "maxweightrating:signed_2": null, "motor_vehicle_2": null, "name:etymology:wikidata_2": null, "nat_ref_2": null, "oneway_2": "yes", "operator_2": null, "operator:wikidata_2": null, "political_division_2": null, "ref_2": null, "segregated_2": null, "service_2": null, "sidewalk_2": null, "smoothness_2": null, "source:maxspeed_2": null, "surface_2": null, "toll_2": null, "tunnel_2": null, "turn:lanes_2": null, "was:name_2": null, "width_2": null, "zone:maxspeed_2": null }, "geometry": { "type": "MultiPolygon", "coordinates": [ [ [ [ 2.47519255986576, 48.910654500802643 ], [ 2.475192554176779, 48.910748675931892 ], [ 2.475192554176781, 48.910748675931892 ], [ 2.475192559865762, 48.910654500802643 ], [ 2.47519255986576, 48.910654500802643 ] ] ] ] } },
{ "type": "Feature", "properties": { "osm_id": "51353156", "name": null, "highway": "motorway", "waterway": null, "aerialway": null, "barrier": null, "man_made": null, "railway": null, "z_order": 29, "other_tags": "\"bridge\"=>\"yes\",\"int_ref\"=>\"E 15\",\"lanes\"=>\"3\",\"layer\"=>\"1\",\"lit\"=>\"no\",\"maxspeed\"=>\"110\",\"oneway\"=>\"yes\",\"operator\"=>\"DIRIF\",\"operator:wikidata\"=>\"Q3029613\",\"ref\"=>\"A 3\",\"surface\"=>\"asphalt\",\"toll\"=>\"no\"", "access": null, "bicycle": null, "boundary": null, "bridge": "yes", "covered": null, "cycleway": null, "cycleway:left": null, "cycleway:right": null, "destination": null, "destination:colour": null, "destination:ref": null, "destination:ref:to": null, "destination:symbol:to": null, "destination:to": null, "foot": null, "footway": null, "horse": null, "int_ref": "E 15", "junction:ref": null, "lane_markings": null, "lanes": "3", "layer": "1", "lit": "no", "maxspeed": "110", "maxweight:signed": null, "maxweightrating:signed": null, "motor_vehicle": null, "name:etymology:wikidata": null, "nat_ref": null, "oneway": "yes", "operator": "DIRIF", "operator:wikidata": "Q3029613", "political_division": null, "ref": "A 3", "segregated": null, "service": null, "sidewalk": null, "smoothness": null, "source:maxspeed": null, "surface": "asphalt", "toll": "no", "tunnel": null, "turn:lanes": null, "was:name": null, "width": null, "zone:maxspeed": null, "osm_id_2": "1347575417", "name_2": null, "highway_2": "motorway", "waterway_2": null, "aerialway_2": null, "barrier_2": null, "man_made_2": null, "railway_2": null, "z_order_2": 19, "other_tags_2": "\"int_ref\"=>\"E 15\",\"lanes\"=>\"3\",\"layer\"=>\"1\",\"lit\"=>\"no\",\"maxspeed\"=>\"90\",\"oneway\"=>\"yes\",\"operator\"=>\"DIRIF\",\"operator:wikidata\"=>\"Q3029613\",\"ref\"=>\"A 3\",\"surface\"=>\"asphalt\",\"toll\"=>\"no\"", "access_2": null, "bicycle_2": null, "boundary_2": null, "bridge_2": null, "covered_2": null, "cycleway_2": null, "cycleway:left_2": null, "cycleway:right_2": null, "destination_2": null, "destination:colour_2": null, "destination:ref_2": null, "destination:ref:to_2": null, "destination:symbol:to_2": null, "destination:to_2": null, "foot_2": null, "footway_2": null, "horse_2": null, "int_ref_2": "E 15", "junction:ref_2": null, "lane_markings_2": null, "lanes_2": "3", "layer_2": "1", "lit_2": "no", "maxspeed_2": "90", "maxweight:signed_2": null, "maxweightrating:signed_2": null, "motor_vehicle_2": null, "name:etymology:wikidata_2": null, "nat_ref_2": null, "oneway_2": "yes", "operator_2": "DIRIF", "operator:wikidata_2": "Q3029613", "political_division_2": null, "ref_2": "A 3", "segregated_2": null, "service_2": null, "sidewalk_2": null, "smoothness_2": null, "source:maxspeed_2": null, "surface_2": "asphalt", "toll_2": "no", "tunnel_2": null, "turn:lanes_2": null, "was:name_2": null, "width_2": null, "zone:maxspeed_2": null }, "geometry": { "type": "MultiPolygon", "coordinates": [ [ [ [ 2.474903158492803, 48.910336724085006 ], [ 2.475241284427251, 48.910603291714345 ], [ 2.47534417553567, 48.910571016096782 ], [ 2.475344175535671, 48.910571016096782 ], [ 2.475375099859075, 48.910561315508104 ], [ 2.475388407579099, 48.910180963127232 ], [ 2.474903158492803, 48.910336724085006 ] ] ] ] } },
{ "type": "Feature", "properties": { "osm_id": "108634383", "name": "Rue Jean-Jacques Rousseau", "highway": "residential", "waterway": null, "aerialway": null, "barrier": null, "man_made": null, "railway": null, "z_order": 3, "other_tags": "\"oneway\"=>\"yes\"", "access": null, "bicycle": null, "boundary": null, "bridge": null, "covered": null, "cycleway": null, "cycleway:left": null, "cycleway:right": null, "destination": null, "destination:colour": null, "destination:ref": null, "destination:ref:to": null, "destination:symbol:to": null, "destination:to": null, "foot": null, "footway": null, "horse": null, "int_ref": null, "junction:ref": null, "lane_markings": null, "lanes": null, "layer": null, "lit": null, "maxspeed": null, "maxweight:signed": null, "maxweightrating:signed": null, "motor_vehicle": null, "name:etymology:wikidata": null, "nat_ref": null, "oneway": "yes", "operator": null, "operator:wikidata": null, "political_division": null, "ref": null, "segregated": null, "service": null, "sidewalk": null, "smoothness": null, "source:maxspeed": null, "surface": null, "toll": null, "tunnel": null, "turn:lanes": null, "was:name": null, "width": null, "zone:maxspeed": null, "osm_id_2": "108634383", "name_2": "Rue Jean-Jacques Rousseau", "highway_2": "residential", "waterway_2": null, "aerialway_2": null, "barrier_2": null, "man_made_2": null, "railway_2": null, "z_order_2": 3, "other_tags_2": "\"oneway\"=>\"yes\"", "access_2": null, "bicycle_2": null, "boundary_2": null, "bridge_2": null, "covered_2": null, "cycleway_2": null, "cycleway:left_2": null, "cycleway:right_2": null, "destination_2": null, "destination:colour_2": null, "destination:ref_2": null, "destination:ref:to_2": null, "destination:symbol:to_2": null, "destination:to_2": null, "foot_2": null, "footway_2": null, "horse_2": null, "int_ref_2": null, "junction:ref_2": null, "lane_markings_2": null, "lanes_2": null, "layer_2": null, "lit_2": null, "maxspeed_2": null, "maxweight:signed_2": null, "maxweightrating:signed_2": null, "motor_vehicle_2": null, "name:etymology:wikidata_2": null, "nat_ref_2": null, "oneway_2": "yes", "operator_2": null, "operator:wikidata_2": null, "political_division_2": null, "ref_2": null, "segregated_2": null, "service_2": null, "sidewalk_2": null, "smoothness_2": null, "source:maxspeed_2": null, "surface_2": null, "toll_2": null, "tunnel_2": null, "turn:lanes_2": null, "was:name_2": null, "width_2": null, "zone:maxspeed_2": null }, "geometry": { "type": "MultiPolygon", "coordinates": [ [ [ [ 2.475249978821028, 48.910635940681153 ], [ 2.475302149553451, 48.910677043967617 ], [ 2.475344170207891, 48.910663862637179 ], [ 2.47534417553567, 48.910571016096782 ], [ 2.475241284427251, 48.910603291714345 ], [ 2.475249978821028, 48.910635940681153 ] ] ] ] } },
{ "type": "Feature", "properties": { "osm_id": "1254352467", "name": "Rue Stéphane Hessel", "highway": "service", "waterway": null, "aerialway": null, "barrier": null, "man_made": null, "railway": null, "z_order": 0, "other_tags": "\"access\"=>\"private\"", "access": "private", "bicycle": null, "boundary": null, "bridge": null, "covered": null, "cycleway": null, "cycleway:left": null, "cycleway:right": null, "destination": null, "destination:colour": null, "destination:ref": null, "destination:ref:to": null, "destination:symbol:to": null, "destination:to": null, "foot": null, "footway": null, "horse": null, "int_ref": null, "junction:ref": null, "lane_markings": null, "lanes": null, "layer": null, "lit": null, "maxspeed": null, "maxweight:signed": null, "maxweightrating:signed": null, "motor_vehicle": null, "name:etymology:wikidata": null, "nat_ref": null, "oneway": null, "operator": null, "operator:wikidata": null, "political_division": null, "ref": null, "segregated": null, "service": null, "sidewalk": null, "smoothness": null, "source:maxspeed": null, "surface": null, "toll": null, "tunnel": null, "turn:lanes": null, "was:name": null, "width": null, "zone:maxspeed": null, "osm_id_2": "1254352467", "name_2": "Rue Stéphane Hessel", "highway_2": "service", "waterway_2": null, "aerialway_2": null, "barrier_2": null, "man_made_2": null, "railway_2": null, "z_order_2": 0, "other_tags_2": "\"access\"=>\"private\"", "access_2": "private", "bicycle_2": null, "boundary_2": null, "bridge_2": null, "covered_2": null, "cycleway_2": null, "cycleway:left_2": null, "cycleway:right_2": null, "destination_2": null, "destination:colour_2": null, "destination:ref_2": null, "destination:ref:to_2": null, "destination:symbol:to_2": null, "destination:to_2": null, "foot_2": null, "footway_2": null, "horse_2": null, "int_ref_2": null, "junction:ref_2": null, "lane_markings_2": null, "lanes_2": null, "layer_2": null, "lit_2": null, "maxspeed_2": null, "maxweight:signed_2": null, "maxweightrating:signed_2": null, "motor_vehicle_2": null, "name:etymology:wikidata_2": null, "nat_ref_2": null, "oneway_2": null, "operator_2": null, "operator:wikidata_2": null, "political_division_2": null, "ref_2": null, "segregated_2": null, "service_2": null, "sidewalk_2": null, "smoothness_2": null, "source:maxspeed_2": null, "surface_2": null, "toll_2": null, "tunnel_2": null, "turn:lanes_2": null, "was:name_2": null, "width_2": null, "zone:maxspeed_2": null }, "geometry": { "type": "MultiPolygon", "coordinates": [ [ [ [ 2.476010224501397, 48.911809950069213 ], [ 2.4764015640572, 48.911603683436468 ], [ 2.476426651223612, 48.911003774747989 ], [ 2.476218796928669, 48.910667814701704 ], [ 2.475920802383838, 48.91069898338057 ], [ 2.475653533648819, 48.910985024569939 ], [ 2.475535458464067, 48.911195921578674 ], [ 2.475509116331197, 48.911497501406757 ], [ 2.475563481536946, 48.911689592401309 ], [ 2.47557022483208, 48.911689824481243 ], [ 2.47587432219999, 48.911593406051416 ], [ 2.476010224501397, 48.911809950069213 ] ] ] ] } },
{ "type": "Feature", "properties": { "osm_id": "108634383", "name": "Rue Jean-Jacques Rousseau", "highway": "residential", "waterway": null, "aerialway": null, "barrier": null, "man_made": null, "railway": null, "z_order": 3, "other_tags": "\"oneway\"=>\"yes\"", "access": null, "bicycle": null, "boundary": null, "bridge": null, "covered": null, "cycleway": null, "cycleway:left": null, "cycleway:right": null, "destination": null, "destination:colour": null, "destination:ref": null, "destination:ref:to": null, "destination:symbol:to": null, "destination:to": null, "foot": null, "footway": null, "horse": null, "int_ref": null, "junction:ref": null, "lane_markings": null, "lanes": null, "layer": null, "lit": null, "maxspeed": null, "maxweight:signed": null, "maxweightrating:signed": null, "motor_vehicle": null, "name:etymology:wikidata": null, "nat_ref": null, "oneway": "yes", "operator": null, "operator:wikidata": null, "political_division": null, "ref": null, "segregated": null, "service": null, "sidewalk": null, "smoothness": null, "source:maxspeed": null, "surface": null, "toll": null, "tunnel": null, "turn:lanes": null, "was:name": null, "width": null, "zone:maxspeed": null, "osm_id_2": "45260805", "name_2": "Rue Jean-Jacques Rousseau", "highway_2": "residential", "waterway_2": null, "aerialway_2": null, "barrier_2": null, "man_made_2": null, "railway_2": null, "z_order_2": 3, "other_tags_2": "\"oneway\"=>\"yes\"", "access_2": null, "bicycle_2": null, "boundary_2": null, "bridge_2": null, "covered_2": null, "cycleway_2": null, "cycleway:left_2": null, "cycleway:right_2": null, "destination_2": null, "destination:colour_2": null, "destination:ref_2": null, "destination:ref:to_2": null, "destination:symbol:to_2": null, "destination:to_2": null, "foot_2": null, "footway_2": null, "horse_2": null, "int_ref_2": null, "junction:ref_2": null, "lane_markings_2": null, "lanes_2": null, "layer_2": null, "lit_2": null, "maxspeed_2": null, "maxweight:signed_2": null, "maxweightrating:signed_2": null, "motor_vehicle_2": null, "name:etymology:wikidata_2": null, "nat_ref_2": null, "oneway_2": "yes", "operator_2": null, "operator:wikidata_2": null, "political_division_2": null, "ref_2": null, "segregated_2": null, "service_2": null, "sidewalk_2": null, "smoothness_2": null, "source:maxspeed_2": null, "surface_2": null, "toll_2": null, "tunnel_2": null, "turn:lanes_2": null, "was:name_2": null, "width_2": null, "zone:maxspeed_2": null }, "geometry": { "type": "MultiPolygon", "coordinates": [ [ [ [ 2.475388407579099, 48.910180963127232 ], [ 2.475375099859075, 48.910561315508104 ], [ 2.475459385753616, 48.910627720911187 ], [ 2.475897911863993, 48.91068137772892 ], [ 2.475479948095693, 48.91014073316876 ], [ 2.475388407579099, 48.910180963127232 ] ] ] ] } },
{ "type": "Feature", "properties": { "osm_id": "248836385", "name": "Rue Jean-Jacques Rousseau", "highway": "residential", "waterway": null, "aerialway": null, "barrier": null, "man_made": null, "railway": null, "z_order": 3, "other_tags": "\"oneway\"=>\"yes\"", "access": null, "bicycle": null, "boundary": null, "bridge": null, "covered": null, "cycleway": null, "cycleway:left": null, "cycleway:right": null, "destination": null, "destination:colour": null, "destination:ref": null, "destination:ref:to": null, "destination:symbol:to": null, "destination:to": null, "foot": null, "footway": null, "horse": null, "int_ref": null, "junction:ref": null, "lane_markings": null, "lanes": null, "layer": null, "lit": null, "maxspeed": null, "maxweight:signed": null, "maxweightrating:signed": null, "motor_vehicle": null, "name:etymology:wikidata": null, "nat_ref": null, "oneway": "yes", "operator": null, "operator:wikidata": null, "political_division": null, "ref": null, "segregated": null, "service": null, "sidewalk": null, "smoothness": null, "source:maxspeed": null, "surface": null, "toll": null, "tunnel": null, "turn:lanes": null, "was:name": null, "width": null, "zone:maxspeed": null, "osm_id_2": "51353156", "name_2": null, "highway_2": "motorway", "waterway_2": null, "aerialway_2": null, "barrier_2": null, "man_made_2": null, "railway_2": null, "z_order_2": 29, "other_tags_2": "\"bridge\"=>\"yes\",\"int_ref\"=>\"E 15\",\"lanes\"=>\"3\",\"layer\"=>\"1\",\"lit\"=>\"no\",\"maxspeed\"=>\"110\",\"oneway\"=>\"yes\",\"operator\"=>\"DIRIF\",\"operator:wikidata\"=>\"Q3029613\",\"ref\"=>\"A 3\",\"surface\"=>\"asphalt\",\"toll\"=>\"no\"", "access_2": null, "bicycle_2": null, "boundary_2": null, "bridge_2": "yes", "covered_2": null, "cycleway_2": null, "cycleway:left_2": null, "cycleway:right_2": null, "destination_2": null, "destination:colour_2": null, "destination:ref_2": null, "destination:ref:to_2": null, "destination:symbol:to_2": null, "destination:to_2": null, "foot_2": null, "footway_2": null, "horse_2": null, "int_ref_2": "E 15", "junction:ref_2": null, "lane_markings_2": null, "lanes_2": "3", "layer_2": "1", "lit_2": "no", "maxspeed_2": "110", "maxweight:signed_2": null, "maxweightrating:signed_2": null, "motor_vehicle_2": null, "name:etymology:wikidata_2": null, "nat_ref_2": null, "oneway_2": "yes", "operator_2": "DIRIF", "operator:wikidata_2": "Q3029613", "political_division_2": null, "ref_2": "A 3", "segregated_2": null, "service_2": null, "sidewalk_2": null, "smoothness_2": null, "source:maxspeed_2": null, "surface_2": "asphalt", "toll_2": "no", "tunnel_2": null, "turn:lanes_2": null, "was:name_2": null, "width_2": null, "zone:maxspeed_2": null }, "geometry": { "type": "MultiPolygon", "coordinates": [ [ [ [ 2.475409212668078, 48.91064345962311 ], [ 2.47540920400196, 48.910797977320897 ], [ 2.475409204001961, 48.910797977320897 ], [ 2.475409212668079, 48.91064345962311 ], [ 2.475409212668078, 48.91064345962311 ] ] ] ] } },
{ "type": "Feature", "properties": { "osm_id": "51353156", "name": null, "highway": "motorway", "waterway": null, "aerialway": null, "barrier": null, "man_made": null, "railway": null, "z_order": 29, "other_tags": "\"bridge\"=>\"yes\",\"int_ref\"=>\"E 15\",\"lanes\"=>\"3\",\"layer\"=>\"1\",\"lit\"=>\"no\",\"maxspeed\"=>\"110\",\"oneway\"=>\"yes\",\"operator\"=>\"DIRIF\",\"operator:wikidata\"=>\"Q3029613\",\"ref\"=>\"A 3\",\"surface\"=>\"asphalt\",\"toll\"=>\"no\"", "access": null, "bicycle": null, "boundary": null, "bridge": "yes", "covered": null, "cycleway": null, "cycleway:left": null, "cycleway:right": null, "destination": null, "destination:colour": null, "destination:ref": null, "destination:ref:to": null, "destination:symbol:to": null, "destination:to": null, "foot": null, "footway": null, "horse": null, "int_ref": "E 15", "junction:ref": null, "lane_markings": null, "lanes": "3", "layer": "1", "lit": "no", "maxspeed": "110", "maxweight:signed": null, "maxweightrating:signed": null, "motor_vehicle": null, "name:etymology:wikidata": null, "nat_ref": null, "oneway": "yes", "operator": "DIRIF", "operator:wikidata": "Q3029613", "political_division": null, "ref": "A 3", "segregated": null, "service": null, "sidewalk": null, "smoothness": null, "source:maxspeed": null, "surface": "asphalt", "toll": "no", "tunnel": null, "turn:lanes": null, "was:name": null, "width": null, "zone:maxspeed": null, "osm_id_2": "51353156", "name_2": null, "highway_2": "motorway", "waterway_2": null, "aerialway_2": null, "barrier_2": null, "man_made_2": null, "railway_2": null, "z_order_2": 29, "other_tags_2": "\"bridge\"=>\"yes\",\"int_ref\"=>\"E 15\",\"lanes\"=>\"3\",\"layer\"=>\"1\",\"lit\"=>\"no\",\"maxspeed\"=>\"110\",\"oneway\"=>\"yes\",\"operator\"=>\"DIRIF\",\"operator:wikidata\"=>\"Q3029613\",\"ref\"=>\"A 3\",\"surface\"=>\"asphalt\",\"toll\"=>\"no\"", "access_2": null, "bicycle_2": null, "boundary_2": null, "bridge_2": "yes", "covered_2": null, "cycleway_2": null, "cycleway:left_2": null, "cycleway:right_2": null, "destination_2": null, "destination:colour_2": null, "destination:ref_2": null, "destination:ref:to_2": null, "destination:symbol:to_2": null, "destination:to_2": null, "foot_2": null, "footway_2": null, "horse_2": null, "int_ref_2": "E 15", "junction:ref_2": null, "lane_markings_2": null, "lanes_2": "3", "layer_2": "1", "lit_2": "no", "maxspeed_2": "110", "maxweight:signed_2": null, "maxweightrating:signed_2": null, "motor_vehicle_2": null, "name:etymology:wikidata_2": null, "nat_ref_2": null, "oneway_2": "yes", "operator_2": "DIRIF", "operator:wikidata_2": "Q3029613", "political_division_2": null, "ref_2": "A 3", "segregated_2": null, "service_2": null, "sidewalk_2": null, "smoothness_2": null, "source:maxspeed_2": null, "surface_2": "asphalt", "toll_2": "no", "tunnel_2": null, "turn:lanes_2": null, "was:name_2": null, "width_2": null, "zone:maxspeed_2": null }, "geometry": { "type": "MultiPolygon", "coordinates": [ [ [ [ 2.475344170207892, 48.910663862637179 ], [ 2.475344170207891, 48.910663862637179 ], [ 2.475302149553451, 48.910677043967617 ], [ 2.475299604952623, 48.910714072836278 ], [ 2.47540920400196, 48.910797977320897 ], [ 2.475409212668078, 48.91064345962311 ], [ 2.475344170207892, 48.910663862637179 ] ] ] ] } },
{ "type": "Feature", "properties": { "osm_id": "51353156", "name": null, "highway": "motorway", "waterway": null, "aerialway": null, "barrier": null, "man_made": null, "railway": null, "z_order": 29, "other_tags": "\"bridge\"=>\"yes\",\"int_ref\"=>\"E 15\",\"lanes\"=>\"3\",\"layer\"=>\"1\",\"lit\"=>\"no\",\"maxspeed\"=>\"110\",\"oneway\"=>\"yes\",\"operator\"=>\"DIRIF\",\"operator:wikidata\"=>\"Q3029613\",\"ref\"=>\"A 3\",\"surface\"=>\"asphalt\",\"toll\"=>\"no\"", "access": null, "bicycle": null, "boundary": null, "bridge": "yes", "covered": null, "cycleway": null, "cycleway:left": null, "cycleway:right": null, "destination": null, "destination:colour": null, "destination:ref": null, "destination:ref:to": null, "destination:symbol:to": null, "destination:to": null, "foot": null, "footway": null, "horse": null, "int_ref": "E 15", "junction:ref": null, "lane_markings": null, "lanes": "3", "layer": "1", "lit": "no", "maxspeed": "110", "maxweight:signed": null, "maxweightrating:signed": null, "motor_vehicle": null, "name:etymology:wikidata": null, "nat_ref": null, "oneway": "yes", "operator": "DIRIF", "operator:wikidata": "Q3029613", "political_division": null, "ref": "A 3", "segregated": null, "service": null, "sidewalk": null, "smoothness": null, "source:maxspeed": null, "surface": "asphalt", "toll": "no", "tunnel": null, "turn:lanes": null, "was:name": null, "width": null, "zone:maxspeed": null, "osm_id_2": "51353156", "name_2": null, "highway_2": "motorway", "waterway_2": null, "aerialway_2": null, "barrier_2": null, "man_made_2": null, "railway_2": null, "z_order_2": 29, "other_tags_2": "\"bridge\"=>\"yes\",\"int_ref\"=>\"E 15\",\"lanes\"=>\"3\",\"layer\"=>\"1\",\"lit\"=>\"no\",\"maxspeed\"=>\"110\",\"oneway\"=>\"yes\",\"operator\"=>\"DIRIF\",\"operator:wikidata\"=>\"Q3029613\",\"ref\"=>\"A 3\",\"surface\"=>\"asphalt\",\"toll\"=>\"no\"", "access_2": null, "bicycle_2": null, "boundary_2": null, "bridge_2": "yes", "covered_2": null, "cycleway_2": null, "cycleway:left_2": null, "cycleway:right_2": null, "destination_2": null, "destination:colour_2": null, "destination:ref_2": null, "destination:ref:to_2": null, "destination:symbol:to_2": null, "destination:to_2": null, "foot_2": null, "footway_2": null, "horse_2": null, "int_ref_2": "E 15", "junction:ref_2": null, "lane_markings_2": null, "lanes_2": "3", "layer_2": "1", "lit_2": "no", "maxspeed_2": "110", "maxweight:signed_2": null, "maxweightrating:signed_2": null, "motor_vehicle_2": null, "name:etymology:wikidata_2": null, "nat_ref_2": null, "oneway_2": "yes", "operator_2": "DIRIF", "operator:wikidata_2": "Q3029613", "political_division_2": null, "ref_2": "A 3", "segregated_2": null, "service_2": null, "sidewalk_2": null, "smoothness_2": null, "source:maxspeed_2": null, "surface_2": "asphalt", "toll_2": "no", "tunnel_2": null, "turn:lanes_2": null, "was:name_2": null, "width_2": null, "zone:maxspeed_2": null }, "geometry": { "type": "MultiPolygon", "coordinates": [ [ [ [ 2.475409212668078, 48.91064345962311 ], [ 2.475409212668079, 48.91064345962311 ], [ 2.475459385753616, 48.910627720911187 ], [ 2.475375099859075, 48.910561315508104 ], [ 2.475344175535671, 48.910571016096782 ], [ 2.475344170207892, 48.910663862637179 ], [ 2.475409212668078, 48.91064345962311 ] ] ] ] } },
{ "type": "Feature", "properties": { "osm_id": "51353156", "name": null, "highway": "motorway", "waterway": null, "aerialway": null, "barrier": null, "man_made": null, "railway": null, "z_order": 29, "other_tags": "\"bridge\"=>\"yes\",\"int_ref\"=>\"E 15\",\"lanes\"=>\"3\",\"layer\"=>\"1\",\"lit\"=>\"no\",\"maxspeed\"=>\"110\",\"oneway\"=>\"yes\",\"operator\"=>\"DIRIF\",\"operator:wikidata\"=>\"Q3029613\",\"ref\"=>\"A 3\",\"surface\"=>\"asphalt\",\"toll\"=>\"no\"", "access": null, "bicycle": null, "boundary": null, "bridge": "yes", "covered": null, "cycleway": null, "cycleway:left": null, "cycleway:right": null, "destination": null, "destination:colour": null, "destination:ref": null, "destination:ref:to": null, "destination:symbol:to": null, "destination:to": null, "foot": null, "footway": null, "horse": null, "int_ref": "E 15", "junction:ref": null, "lane_markings": null, "lanes": "3", "layer": "1", "lit": "no", "maxspeed": "110", "maxweight:signed": null, "maxweightrating:signed": null, "motor_vehicle": null, "name:etymology:wikidata": null, "nat_ref": null, "oneway": "yes", "operator": "DIRIF", "operator:wikidata": "Q3029613", "political_division": null, "ref": "A 3", "segregated": null, "service": null, "sidewalk": null, "smoothness": null, "source:maxspeed": null, "surface": "asphalt", "toll": "no", "tunnel": null, "turn:lanes": null, "was:name": null, "width": null, "zone:maxspeed": null, "osm_id_2": "108634383", "name_2": "Rue Jean-Jacques Rousseau", "highway_2": "residential", "waterway_2": null, "aerialway_2": null, "barrier_2": null, "man_made_2": null, "railway_2": null, "z_order_2": 3, "other_tags_2": "\"oneway\"=>\"yes\"", "access_2": null, "bicycle_2": null, "boundary_2": null, "bridge_2": null, "covered_2": null, "cycleway_2": null, "cycleway:left_2": null, "cycleway:right_2": null, "destination_2": null, "destination:colour_2": null, "destination:ref_2": null, "destination:ref:to_2": null, "destination:symbol:to_2": null, "destination:to_2": null, "foot_2": null, "footway_2": null, "horse_2": null, "int_ref_2": null, "junction:ref_2": null, "lane_markings_2": null, "lanes_2": null, "layer_2": null, "lit_2": null, "maxspeed_2": null, "maxweight:signed_2": null, "maxweightrating:signed_2": null, "motor_vehicle_2": null, "name:etymology:wikidata_2": null, "nat_ref_2": null, "oneway_2": "yes", "operator_2": null, "operator:wikidata_2": null, "political_division_2": null, "ref_2": null, "segregated_2": null, "service_2": null, "sidewalk_2": null, "smoothness_2": null, "source:maxspeed_2": null, "surface_2": null, "toll_2": null, "tunnel_2": null, "turn:lanes_2": null, "was:name_2": null, "width_2": null, "zone:maxspeed_2": null }, "geometry": { "type": "MultiPolygon", "coordinates": [ [ [ [ 2.47534417553567, 48.910571016096782 ], [ 2.475344170207891, 48.910663862637179 ], [ 2.475344170207892, 48.910663862637179 ], [ 2.475344175535671, 48.910571016096782 ], [ 2.47534417553567, 48.910571016096782 ] ] ] ] } },
{ "type": "Feature", "properties": { "osm_id": "248836385", "name": "Rue Jean-Jacques Rousseau", "highway": "residential", "waterway": null, "aerialway": null, "barrier": null, "man_made": null, "railway": null, "z_order": 3, "other_tags": "\"oneway\"=>\"yes\"", "access": null, "bicycle": null, "boundary": null, "bridge": null, "covered": null, "cycleway": null, "cycleway:left": null, "cycleway:right": null, "destination": null, "destination:colour": null, "destination:ref": null, "destination:ref:to": null, "destination:symbol:to": null, "destination:to": null, "foot": null, "footway": null, "horse": null, "int_ref": null, "junction:ref": null, "lane_markings": null, "lanes": null, "layer": null, "lit": null, "maxspeed": null, "maxweight:signed": null, "maxweightrating:signed": null, "motor_vehicle": null, "name:etymology:wikidata": null, "nat_ref": null, "oneway": "yes", "operator": null, "operator:wikidata": null, "political_division": null, "ref": null, "segregated": null, "service": null, "sidewalk": null, "smoothness": null, "source:maxspeed": null, "surface": null, "toll": null, "tunnel": null, "turn:lanes": null, "was:name": null, "width": null, "zone:maxspeed": null, "osm_id_2": "248836385", "name_2": "Rue Jean-Jacques Rousseau", "highway_2": "residential", "waterway_2": null, "aerialway_2": null, "barrier_2": null, "man_made_2": null, "railway_2": null, "z_order_2": 3, "other_tags_2": "\"oneway\"=>\"yes\"", "access_2": null, "bicycle_2": null, "boundary_2": null, "bridge_2": null, "covered_2": null, "cycleway_2": null, "cycleway:left_2": null, "cycleway:right_2": null, "destination_2": null, "destination:colour_2": null, "destination:ref_2": null, "destination:ref:to_2": null, "destination:symbol:to_2": null, "destination:to_2": null, "foot_2": null, "footway_2": null, "horse_2": null, "int_ref_2": null, "junction:ref_2": null, "lane_markings_2": null, "lanes_2": null, "layer_2": null, "lit_2": null, "maxspeed_2": null, "maxweight:signed_2": null, "maxweightrating:signed_2": null, "motor_vehicle_2": null, "name:etymology:wikidata_2": null, "nat_ref_2": null, "oneway_2": "yes", "operator_2": null, "operator:wikidata_2": null, "political_division_2": null, "ref_2": null, "segregated_2": null, "service_2": null, "sidewalk_2": null, "smoothness_2": null, "source:maxspeed_2": null, "surface_2": null, "toll_2": null, "tunnel_2": null, "turn:lanes_2": null, "was:name_2": null, "width_2": null, "zone:maxspeed_2": null }, "geometry": { "type": "MultiPolygon", "coordinates": [ [ [ [ 2.475409212668079, 48.91064345962311 ], [ 2.475409204001961, 48.910797977320897 ], [ 2.475653533648819, 48.910985024569939 ], [ 2.475920802383838, 48.91069898338057 ], [ 2.475897911863993, 48.91068137772892 ], [ 2.475459385753616, 48.910627720911187 ], [ 2.475409212668079, 48.91064345962311 ] ] ] ] } },
{ "type": "Feature", "properties": { "osm_id": "132451200", "name": "Allée des Tulipes", "highway": "residential", "waterway": null, "aerialway": null, "barrier": null, "man_made": null, "railway": null, "z_order": 3, "other_tags": "\"lit\"=>\"yes\",\"surface\"=>\"asphalt\"", "access": null, "bicycle": null, "boundary": null, "bridge": null, "covered": null, "cycleway": null, "cycleway:left": null, "cycleway:right": null, "destination": null, "destination:colour": null, "destination:ref": null, "destination:ref:to": null, "destination:symbol:to": null, "destination:to": null, "foot": null, "footway": null, "horse": null, "int_ref": null, "junction:ref": null, "lane_markings": null, "lanes": null, "layer": null, "lit": "yes", "maxspeed": null, "maxweight:signed": null, "maxweightrating:signed": null, "motor_vehicle": null, "name:etymology:wikidata": null, "nat_ref": null, "oneway": null, "operator": null, "operator:wikidata": null, "political_division": null, "ref": null, "segregated": null, "service": null, "sidewalk": null, "smoothness": null, "source:maxspeed": null, "surface": "asphalt", "toll": null, "tunnel": null, "turn:lanes": null, "was:name": null, "width": null, "zone:maxspeed": null, "osm_id_2": "132451201", "name_2": "Rue Henri Mouly", "highway_2": "residential", "waterway_2": null, "aerialway_2": null, "barrier_2": null, "man_made_2": null, "railway_2": null, "z_order_2": 3, "other_tags_2": "\"lit\"=>\"yes\",\"surface\"=>\"asphalt\"", "access_2": null, "bicycle_2": null, "boundary_2": null, "bridge_2": null, "covered_2": null, "cycleway_2": null, "cycleway:left_2": null, "cycleway:right_2": null, "destination_2": null, "destination:colour_2": null, "destination:ref_2": null, "destination:ref:to_2": null, "destination:symbol:to_2": null, "destination:to_2": null, "foot_2": null, "footway_2": null, "horse_2": null, "int_ref_2": null, "junction:ref_2": null, "lane_markings_2": null, "lanes_2": null, "layer_2": null, "lit_2": "yes", "maxspeed_2": null, "maxweight:signed_2": null, "maxweightrating:signed_2": null, "motor_vehicle_2": null, "name:etymology:wikidata_2": null, "nat_ref_2": null, "oneway_2": null, "operator_2": null, "operator:wikidata_2": null, "political_division_2": null, "ref_2": null, "segregated_2": null, "service_2": null, "sidewalk_2": null, "smoothness_2": null, "source:maxspeed_2": null, "surface_2": "asphalt", "toll_2": null, "tunnel_2": null, "turn:lanes_2": null, "was:name_2": null, "width_2": null, "zone:maxspeed_2": null }, "geometry": { "type": "MultiPolygon", "coordinates": [ [ [ [ 2.475592957608801, 48.909992312145484 ], [ 2.475829010737374, 48.909971419999536 ], [ 2.475907736843746, 48.909956210024951 ], [ 2.475937755040992, 48.909538223096696 ], [ 2.47547716960858, 48.909516184196157 ], [ 2.475398000276655, 48.909811370238813 ], [ 2.475592957608801, 48.909992312145484 ] ] ] ] } },
{ "type": "Feature", "properties": { "osm_id": "248836385", "name": "Rue Jean-Jacques Rousseau", "highway": "residential", "waterway": null, "aerialway": null, "barrier": null, "man_made": null, "railway": null, "z_order": 3, "other_tags": "\"oneway\"=>\"yes\"", "access": null, "bicycle": null, "boundary": null, "bridge": null, "covered": null, "cycleway": null, "cycleway:left": null, "cycleway:right": null, "destination": null, "destination:colour": null, "destination:ref": null, "destination:ref:to": null, "destination:symbol:to": null, "destination:to": null, "foot": null, "footway": null, "horse": null, "int_ref": null, "junction:ref": null, "lane_markings": null, "lanes": null, "layer": null, "lit": null, "maxspeed": null, "maxweight:signed": null, "maxweightrating:signed": null, "motor_vehicle": null, "name:etymology:wikidata": null, "nat_ref": null, "oneway": "yes", "operator": null, "operator:wikidata": null, "political_division": null, "ref": null, "segregated": null, "service": null, "sidewalk": null, "smoothness": null, "source:maxspeed": null, "surface": null, "toll": null, "tunnel": null, "turn:lanes": null, "was:name": null, "width": null, "zone:maxspeed": null, "osm_id_2": "108634391", "name_2": "Rue Jean-Jacques Rousseau", "highway_2": "residential", "waterway_2": null, "aerialway_2": null, "barrier_2": null, "man_made_2": null, "railway_2": null, "z_order_2": 3, "other_tags_2": null, "access_2": null, "bicycle_2": null, "boundary_2": null, "bridge_2": null, "covered_2": null, "cycleway_2": null, "cycleway:left_2": null, "cycleway:right_2": null, "destination_2": null, "destination:colour_2": null, "destination:ref_2": null, "destination:ref:to_2": null, "destination:symbol:to_2": null, "destination:to_2": null, "foot_2": null, "footway_2": null, "horse_2": null, "int_ref_2": null, "junction:ref_2": null, "lane_markings_2": null, "lanes_2": null, "layer_2": null, "lit_2": null, "maxspeed_2": null, "maxweight:signed_2": null, "maxweightrating:signed_2": null, "motor_vehicle_2": null, "name:etymology:wikidata_2": null, "nat_ref_2": null, "oneway_2": null, "operator_2": null, "operator:wikidata_2": null, "political_division_2": null, "ref_2": null, "segregated_2": null, "service_2": null, "sidewalk_2": null, "smoothness_2": null, "source:maxspeed_2": null, "surface_2": null, "toll_2": null, "tunnel_2": null, "turn:lanes_2": null, "was:name_2": null, "width_2": null, "zone:maxspeed_2": null }, "geometry": { "type": "MultiPolygon", "coordinates": [ [ [ [ 2.475592957608801, 48.909992312145484 ], [ 2.475479948095693, 48.91014073316876 ], [ 2.475897911863993, 48.91068137772892 ], [ 2.475920802383838, 48.91069898338057 ], [ 2.476218796928669, 48.910667814701704 ], [ 2.476286294296173, 48.910632017938923 ], [ 2.475829010737374, 48.909971419999536 ], [ 2.475592957608801, 48.909992312145484 ] ] ] ] } },
{ "type": "Feature", "properties": { "osm_id": "132451198", "name": "Allée des Fougères", "highway": "residential", "waterway": null, "aerialway": null, "barrier": null, "man_made": null, "railway": null, "z_order": 3, "other_tags": "\"lit\"=>\"yes\"", "access": null, "bicycle": null, "boundary": null, "bridge": null, "covered": null, "cycleway": null, "cycleway:left": null, "cycleway:right": null, "destination": null, "destination:colour": null, "destination:ref": null, "destination:ref:to": null, "destination:symbol:to": null, "destination:to": null, "foot": null, "footway": null, "horse": null, "int_ref": null, "junction:ref": null, "lane_markings": null, "lanes": null, "layer": null, "lit": "yes", "maxspeed": null, "maxweight:signed": null, "maxweightrating:signed": null, "motor_vehicle": null, "name:etymology:wikidata": null, "nat_ref": null, "oneway": null, "operator": null, "operator:wikidata": null, "political_division": null, "ref": null, "segregated": null, "service": null, "sidewalk": null, "smoothness": null, "source:maxspeed": null, "surface": null, "toll": null, "tunnel": null, "turn:lanes": null, "was:name": null, "width": null, "zone:maxspeed": null, "osm_id_2": "132451201", "name_2": "Rue Henri Mouly", "highway_2": "residential", "waterway_2": null, "aerialway_2": null, "barrier_2": null, "man_made_2": null, "railway_2": null, "z_order_2": 3, "other_tags_2": "\"lit\"=>\"yes\",\"surface\"=>\"asphalt\"", "access_2": null, "bicycle_2": null, "boundary_2": null, "bridge_2": null, "covered_2": null, "cycleway_2": null, "cycleway:left_2": null, "cycleway:right_2": null, "destination_2": null, "destination:colour_2": null, "destination:ref_2": null, "destination:ref:to_2": null, "destination:symbol:to_2": null, "destination:to_2": null, "foot_2": null, "footway_2": null, "horse_2": null, "int_ref_2": null, "junction:ref_2": null, "lane_markings_2": null, "lanes_2": null, "layer_2": null, "lit_2": "yes", "maxspeed_2": null, "maxweight:signed_2": null, "maxweightrating:signed_2": null, "motor_vehicle_2": null, "name:etymology:wikidata_2": null, "nat_ref_2": null, "oneway_2": null, "operator_2": null, "operator:wikidata_2": null, "political_division_2": null, "ref_2": null, "segregated_2": null, "service_2": null, "sidewalk_2": null, "smoothness_2": null, "source:maxspeed_2": null, "surface_2": "asphalt", "toll_2": null, "tunnel_2": null, "turn:lanes_2": null, "was:name_2": null, "width_2": null, "zone:maxspeed_2": null }, "geometry": { "type": "MultiPolygon", "coordinates": [ [ [ [ 2.475907736843746, 48.909956210024951 ], [ 2.476154754259849, 48.909937114599458 ], [ 2.476195949614869, 48.909369062709075 ], [ 2.476021223252736, 48.909424846173117 ], [ 2.475937755040992, 48.909538223096696 ], [ 2.475907736843746, 48.909956210024951 ] ] ] ] } },
{ "type": "Feature", "properties": { "osm_id": "134577038", "name": null, "highway": "residential", "waterway": null, "aerialway": null, "barrier": null, "man_made": null, "railway": null, "z_order": 3, "other_tags": null, "access": null, "bicycle": null, "boundary": null, "bridge": null, "covered": null, "cycleway": null, "cycleway:left": null, "cycleway:right": null, "destination": null, "destination:colour": null, "destination:ref": null, "destination:ref:to": null, "destination:symbol:to": null, "destination:to": null, "foot": null, "footway": null, "horse": null, "int_ref": null, "junction:ref": null, "lane_markings": null, "lanes": null, "layer": null, "lit": null, "maxspeed": null, "maxweight:signed": null, "maxweightrating:signed": null, "motor_vehicle": null, "name:etymology:wikidata": null, "nat_ref": null, "oneway": null, "operator": null, "operator:wikidata": null, "political_division": null, "ref": null, "segregated": null, "service": null, "sidewalk": null, "smoothness": null, "source:maxspeed": null, "surface": null, "toll": null, "tunnel": null, "turn:lanes": null, "was:name": null, "width": null, "zone:maxspeed": null, "osm_id_2": "132451200", "name_2": "Allée des Tulipes", "highway_2": "residential", "waterway_2": null, "aerialway_2": null, "barrier_2": null, "man_made_2": null, "railway_2": null, "z_order_2": 3, "other_tags_2": "\"lit\"=>\"yes\",\"surface\"=>\"asphalt\"", "access_2": null, "bicycle_2": null, "boundary_2": null, "bridge_2": null, "covered_2": null, "cycleway_2": null, "cycleway:left_2": null, "cycleway:right_2": null, "destination_2": null, "destination:colour_2": null, "destination:ref_2": null, "destination:ref:to_2": null, "destination:symbol:to_2": null, "destination:to_2": null, "foot_2": null, "footway_2": null, "horse_2": null, "int_ref_2": null, "junction:ref_2": null, "lane_markings_2": null, "lanes_2": null, "layer_2": null, "lit_2": "yes", "maxspeed_2": null, "maxweight:signed_2": null, "maxweightrating:signed_2": null, "motor_vehicle_2": null, "name:etymology:wikidata_2": null, "nat_ref_2": null, "oneway_2": null, "operator_2": null, "operator:wikidata_2": null, "political_division_2": null, "ref_2": null, "segregated_2": null, "service_2": null, "sidewalk_2": null, "smoothness_2": null, "source:maxspeed_2": null, "surface_2": "asphalt", "toll_2": null, "tunnel_2": null, "turn:lanes_2": null, "was:name_2": null, "width_2": null, "zone:maxspeed_2": null }, "geometry": { "type": "MultiPolygon", "coordinates": [ [ [ [ 2.475487317321586, 48.909399317313337 ], [ 2.476021223252736, 48.909424846173117 ], [ 2.476195949614869, 48.909369062709075 ], [ 2.476314091563895, 48.909273161807 ], [ 2.47626048790934, 48.909238668339739 ], [ 2.476029363698318, 48.90914679013914 ], [ 2.475465170110952, 48.909121303904271 ], [ 2.475432659179884, 48.909148091507234 ], [ 2.475423689538714, 48.909262266358297 ], [ 2.475487317321586, 48.909399317313337 ] ] ] ] } },
{ "type": "Feature", "properties": { "osm_id": "166156586", "name": "Avenue Jean Moulin", "highway": "tertiary", "waterway": null, "aerialway": null, "barrier": null, "man_made": null, "railway": null, "z_order": 4, "other_tags": null, "access": null, "bicycle": null, "boundary": null, "bridge": null, "covered": null, "cycleway": null, "cycleway:left": null, "cycleway:right": null, "destination": null, "destination:colour": null, "destination:ref": null, "destination:ref:to": null, "destination:symbol:to": null, "destination:to": null, "foot": null, "footway": null, "horse": null, "int_ref": null, "junction:ref": null, "lane_markings": null, "lanes": null, "layer": null, "lit": null, "maxspeed": null, "maxweight:signed": null, "maxweightrating:signed": null, "motor_vehicle": null, "name:etymology:wikidata": null, "nat_ref": null, "oneway": null, "operator": null, "operator:wikidata": null, "political_division": null, "ref": null, "segregated": null, "service": null, "sidewalk": null, "smoothness": null, "source:maxspeed": null, "surface": null, "toll": null, "tunnel": null, "turn:lanes": null, "was:name": null, "width": null, "zone:maxspeed": null, "osm_id_2": "108634391", "name_2": "Rue Jean-Jacques Rousseau", "highway_2": "residential", "waterway_2": null, "aerialway_2": null, "barrier_2": null, "man_made_2": null, "railway_2": null, "z_order_2": 3, "other_tags_2": null, "access_2": null, "bicycle_2": null, "boundary_2": null, "bridge_2": null, "covered_2": null, "cycleway_2": null, "cycleway:left_2": null, "cycleway:right_2": null, "destination_2": null, "destination:colour_2": null, "destination:ref_2": null, "destination:ref:to_2": null, "destination:symbol:to_2": null, "destination:to_2": null, "foot_2": null, "footway_2": null, "horse_2": null, "int_ref_2": null, "junction:ref_2": null, "lane_markings_2": null, "lanes_2": null, "layer_2": null, "lit_2": null, "maxspeed_2": null, "maxweight:signed_2": null, "maxweightrating:signed_2": null, "motor_vehicle_2": null, "name:etymology:wikidata_2": null, "nat_ref_2": null, "oneway_2": null, "operator_2": null, "operator:wikidata_2": null, "political_division_2": null, "ref_2": null, "segregated_2": null, "service_2": null, "sidewalk_2": null, "smoothness_2": null, "source:maxspeed_2": null, "surface_2": null, "toll_2": null, "tunnel_2": null, "turn:lanes_2": null, "was:name_2": null, "width_2": null, "zone:maxspeed_2": null }, "geometry": { "type": "MultiPolygon", "coordinates": [ [ [ [ 2.476286294296173, 48.910632017938923 ], [ 2.476722022278176, 48.910479930345943 ], [ 2.476593960024176, 48.909977490464911 ], [ 2.476154754259849, 48.909937114599458 ], [ 2.475907736843746, 48.909956210024951 ], [ 2.475829010737374, 48.909971419999536 ], [ 2.476286294296173, 48.910632017938923 ] ] ] ] } },
{ "type": "Feature", "properties": { "osm_id": "132451199", "name": "Allée des Lauriers", "highway": "residential", "waterway": null, "aerialway": null, "barrier": null, "man_made": null, "railway": null, "z_order": 3, "other_tags": "\"lit\"=>\"yes\"", "access": null, "bicycle": null, "boundary": null, "bridge": null, "covered": null, "cycleway": null, "cycleway:left": null, "cycleway:right": null, "destination": null, "destination:colour": null, "destination:ref": null, "destination:ref:to": null, "destination:symbol:to": null, "destination:to": null, "foot": null, "footway": null, "horse": null, "int_ref": null, "junction:ref": null, "lane_markings": null, "lanes": null, "layer": null, "lit": "yes", "maxspeed": null, "maxweight:signed": null, "maxweightrating:signed": null, "motor_vehicle": null, "name:etymology:wikidata": null, "nat_ref": null, "oneway": null, "operator": null, "operator:wikidata": null, "political_division": null, "ref": null, "segregated": null, "service": null, "sidewalk": null, "smoothness": null, "source:maxspeed": null, "surface": null, "toll": null, "tunnel": null, "turn:lanes": null, "was:name": null, "width": null, "zone:maxspeed": null, "osm_id_2": "132451201", "name_2": "Rue Henri Mouly", "highway_2": "residential", "waterway_2": null, "aerialway_2": null, "barrier_2": null, "man_made_2": null, "railway_2": null, "z_order_2": 3, "other_tags_2": "\"lit\"=>\"yes\",\"surface\"=>\"asphalt\"", "access_2": null, "bicycle_2": null, "boundary_2": null, "bridge_2": null, "covered_2": null, "cycleway_2": null, "cycleway:left_2": null, "cycleway:right_2": null, "destination_2": null, "destination:colour_2": null, "destination:ref_2": null, "destination:ref:to_2": null, "destination:symbol:to_2": null, "destination:to_2": null, "foot_2": null, "footway_2": null, "horse_2": null, "int_ref_2": null, "junction:ref_2": null, "lane_markings_2": null, "lanes_2": null, "layer_2": null, "lit_2": "yes", "maxspeed_2": null, "maxweight:signed_2": null, "maxweightrating:signed_2": null, "motor_vehicle_2": null, "name:etymology:wikidata_2": null, "nat_ref_2": null, "oneway_2": null, "operator_2": null, "operator:wikidata_2": null, "political_division_2": null, "ref_2": null, "segregated_2": null, "service_2": null, "sidewalk_2": null, "smoothness_2": null, "source:maxspeed_2": null, "surface_2": "asphalt", "toll_2": null, "tunnel_2": null, "turn:lanes_2": null, "was:name_2": null, "width_2": null, "zone:maxspeed_2": null }, "geometry": { "type": "MultiPolygon", "coordinates": [ [ [ [ 2.476154754259849, 48.909937114599458 ], [ 2.476593960024176, 48.909977490464911 ], [ 2.476963459292464, 48.909763465972404 ], [ 2.476687327108793, 48.909289512696212 ], [ 2.476314091563895, 48.909273161807 ], [ 2.476195949614869, 48.909369062709075 ], [ 2.476154754259849, 48.909937114599458 ] ] ] ] } },
{ "type": "Feature", "properties": { "osm_id": "132451774", "name": "Allée des Glaïeuls", "highway": "residential", "waterway": null, "aerialway": null, "barrier": null, "man_made": null, "railway": null, "z_order": 3, "other_tags": "\"lit\"=>\"yes\",\"surface\"=>\"asphalt\"", "access": null, "bicycle": null, "boundary": null, "bridge": null, "covered": null, "cycleway": null, "cycleway:left": null, "cycleway:right": null, "destination": null, "destination:colour": null, "destination:ref": null, "destination:ref:to": null, "destination:symbol:to": null, "destination:to": null, "foot": null, "footway": null, "horse": null, "int_ref": null, "junction:ref": null, "lane_markings": null, "lanes": null, "layer": null, "lit": "yes", "maxspeed": null, "maxweight:signed": null, "maxweightrating:signed": null, "motor_vehicle": null, "name:etymology:wikidata": null, "nat_ref": null, "oneway": null, "operator": null, "operator:wikidata": null, "political_division": null, "ref": null, "segregated": null, "service": null, "sidewalk": null, "smoothness": null, "source:maxspeed": null, "surface": "asphalt", "toll": null, "tunnel": null, "turn:lanes": null, "was:name": null, "width": null, "zone:maxspeed": null, "osm_id_2": "25415621", "name_2": "Rue François Martin", "highway_2": "residential", "waterway_2": null, "aerialway_2": null, "barrier_2": null, "man_made_2": null, "railway_2": null, "z_order_2": 3, "other_tags_2": "\"lit\"=>\"yes\",\"surface\"=>\"asphalt\"", "access_2": null, "bicycle_2": null, "boundary_2": null, "bridge_2": null, "covered_2": null, "cycleway_2": null, "cycleway:left_2": null, "cycleway:right_2": null, "destination_2": null, "destination:colour_2": null, "destination:ref_2": null, "destination:ref:to_2": null, "destination:symbol:to_2": null, "destination:to_2": null, "foot_2": null, "footway_2": null, "horse_2": null, "int_ref_2": null, "junction:ref_2": null, "lane_markings_2": null, "lanes_2": null, "layer_2": null, "lit_2": "yes", "maxspeed_2": null, "maxweight:signed_2": null, "maxweightrating:signed_2": null, "motor_vehicle_2": null, "name:etymology:wikidata_2": null, "nat_ref_2": null, "oneway_2": null, "operator_2": null, "operator:wikidata_2": null, "political_division_2": null, "ref_2": null, "segregated_2": null, "service_2": null, "sidewalk_2": null, "smoothness_2": null, "source:maxspeed_2": null, "surface_2": "asphalt", "toll_2": null, "tunnel_2": null, "turn:lanes_2": null, "was:name_2": null, "width_2": null, "zone:maxspeed_2": null }, "geometry": { "type": "MultiPolygon", "coordinates": [ [ [ [ 2.47626048790934, 48.909238668339739 ], [ 2.476329397392698, 48.908611846481222 ], [ 2.476080079495763, 48.908597373850583 ], [ 2.476029363698318, 48.90914679013914 ], [ 2.47626048790934, 48.909238668339739 ] ] ] ] } },
{ "type": "Feature", "properties": { "osm_id": "166156586", "name": "Avenue Jean Moulin", "highway": "tertiary", "waterway": null, "aerialway": null, "barrier": null, "man_made": null, "railway": null, "z_order": 4, "other_tags": null, "access": null, "bicycle": null, "boundary": null, "bridge": null, "covered": null, "cycleway": null, "cycleway:left": null, "cycleway:right": null, "destination": null, "destination:colour": null, "destination:ref": null, "destination:ref:to": null, "destination:symbol:to": null, "destination:to": null, "foot": null, "footway": null, "horse": null, "int_ref": null, "junction:ref": null, "lane_markings": null, "lanes": null, "layer": null, "lit": null, "maxspeed": null, "maxweight:signed": null, "maxweightrating:signed": null, "motor_vehicle": null, "name:etymology:wikidata": null, "nat_ref": null, "oneway": null, "operator": null, "operator:wikidata": null, "political_division": null, "ref": null, "segregated": null, "service": null, "sidewalk": null, "smoothness": null, "source:maxspeed": null, "surface": null, "toll": null, "tunnel": null, "turn:lanes": null, "was:name": null, "width": null, "zone:maxspeed": null, "osm_id_2": "1254352463", "name_2": "Rue Serge Ravanel", "highway_2": "service", "waterway_2": null, "aerialway_2": null, "barrier_2": null, "man_made_2": null, "railway_2": null, "z_order_2": 0, "other_tags_2": "\"lanes\"=>\"2\",\"lit\"=>\"yes\",\"maxspeed\"=>\"30\",\"sidewalk\"=>\"both\",\"smoothness\"=>\"good\",\"source:maxspeed\"=>\"Bing\",\"surface\"=>\"asphalt\"", "access_2": null, "bicycle_2": null, "boundary_2": null, "bridge_2": null, "covered_2": null, "cycleway_2": null, "cycleway:left_2": null, "cycleway:right_2": null, "destination_2": null, "destination:colour_2": null, "destination:ref_2": null, "destination:ref:to_2": null, "destination:symbol:to_2": null, "destination:to_2": null, "foot_2": null, "footway_2": null, "horse_2": null, "int_ref_2": null, "junction:ref_2": null, "lane_markings_2": null, "lanes_2": "2", "layer_2": null, "lit_2": "yes", "maxspeed_2": "30", "maxweight:signed_2": null, "maxweightrating:signed_2": null, "motor_vehicle_2": null, "name:etymology:wikidata_2": null, "nat_ref_2": null, "oneway_2": null, "operator_2": null, "operator:wikidata_2": null, "political_division_2": null, "ref_2": null, "segregated_2": null, "service_2": null, "sidewalk_2": "both", "smoothness_2": "good", "source:maxspeed_2": "Bing", "surface_2": "asphalt", "toll_2": null, "tunnel_2": null, "turn:lanes_2": null, "was:name_2": null, "width_2": null, "zone:maxspeed_2": null }, "geometry": { "type": "MultiPolygon", "coordinates": [ [ [ [ 2.476330371514328, 48.912320057874645 ], [ 2.477445964608699, 48.912006220055993 ], [ 2.477398734864412, 48.911814120887257 ], [ 2.476962257914982, 48.9114559271285 ], [ 2.4764015640572, 48.911603683436468 ], [ 2.476010224501397, 48.911809950069213 ], [ 2.476330371514328, 48.912320057874645 ] ] ] ] } },
{ "type": "Feature", "properties": { "osm_id": "398434528", "name": "Rue Rol Tanguy", "highway": "service", "waterway": null, "aerialway": null, "barrier": null, "man_made": null, "railway": null, "z_order": 0, "other_tags": "\"lanes\"=>\"2\",\"lit\"=>\"yes\",\"maxspeed\"=>\"30\",\"oneway\"=>\"yes\",\"sidewalk\"=>\"both\",\"smoothness\"=>\"good\",\"source:maxspeed\"=>\"Bing\",\"surface\"=>\"asphalt\"", "access": null, "bicycle": null, "boundary": null, "bridge": null, "covered": null, "cycleway": null, "cycleway:left": null, "cycleway:right": null, "destination": null, "destination:colour": null, "destination:ref": null, "destination:ref:to": null, "destination:symbol:to": null, "destination:to": null, "foot": null, "footway": null, "horse": null, "int_ref": null, "junction:ref": null, "lane_markings": null, "lanes": "2", "layer": null, "lit": "yes", "maxspeed": "30", "maxweight:signed": null, "maxweightrating:signed": null, "motor_vehicle": null, "name:etymology:wikidata": null, "nat_ref": null, "oneway": "yes", "operator": null, "operator:wikidata": null, "political_division": null, "ref": null, "segregated": null, "service": null, "sidewalk": "both", "smoothness": "good", "source:maxspeed": "Bing", "surface": "asphalt", "toll": null, "tunnel": null, "turn:lanes": null, "was:name": null, "width": null, "zone:maxspeed": null, "osm_id_2": "25415880", "name_2": "Rue Paul Renaud", "highway_2": "residential", "waterway_2": null, "aerialway_2": null, "barrier_2": null, "man_made_2": null, "railway_2": null, "z_order_2": 3, "other_tags_2": "\"lanes\"=>\"1\",\"lit\"=>\"yes\",\"maxspeed\"=>\"50\",\"oneway\"=>\"yes\",\"sidewalk\"=>\"both\",\"smoothness\"=>\"good\",\"source:maxspeed\"=>\"FR:urban\",\"surface\"=>\"asphalt\"", "access_2": null, "bicycle_2": null, "boundary_2": null, "bridge_2": null, "covered_2": null, "cycleway_2": null, "cycleway:left_2": null, "cycleway:right_2": null, "destination_2": null, "destination:colour_2": null, "destination:ref_2": null, "destination:ref:to_2": null, "destination:symbol:to_2": null, "destination:to_2": null, "foot_2": null, "footway_2": null, "horse_2": null, "int_ref_2": null, "junction:ref_2": null, "lane_markings_2": null, "lanes_2": "1", "layer_2": null, "lit_2": "yes", "maxspeed_2": "50", "maxweight:signed_2": null, "maxweightrating:signed_2": null, "motor_vehicle_2": null, "name:etymology:wikidata_2": null, "nat_ref_2": null, "oneway_2": "yes", "operator_2": null, "operator:wikidata_2": null, "political_division_2": null, "ref_2": null, "segregated_2": null, "service_2": null, "sidewalk_2": "both", "smoothness_2": "good", "source:maxspeed_2": "FR:urban", "surface_2": "asphalt", "toll_2": null, "tunnel_2": null, "turn:lanes_2": null, "was:name_2": null, "width_2": null, "zone:maxspeed_2": null }, "geometry": { "type": "MultiPolygon", "coordinates": [ [ [ [ 2.476722022278176, 48.910479930345943 ], [ 2.477057361209539, 48.910597958904368 ], [ 2.477642912434896, 48.910530809787787 ], [ 2.477711379713835, 48.909858557857866 ], [ 2.477414599446123, 48.909783047225012 ], [ 2.476963459292464, 48.909763465972404 ], [ 2.476593960024176, 48.909977490464911 ], [ 2.476722022278176, 48.910479930345943 ] ] ] ] } },
{ "type": "Feature", "properties": { "osm_id": "166156586", "name": "Avenue Jean Moulin", "highway": "tertiary", "waterway": null, "aerialway": null, "barrier": null, "man_made": null, "railway": null, "z_order": 4, "other_tags": null, "access": null, "bicycle": null, "boundary": null, "bridge": null, "covered": null, "cycleway": null, "cycleway:left": null, "cycleway:right": null, "destination": null, "destination:colour": null, "destination:ref": null, "destination:ref:to": null, "destination:symbol:to": null, "destination:to": null, "foot": null, "footway": null, "horse": null, "int_ref": null, "junction:ref": null, "lane_markings": null, "lanes": null, "layer": null, "lit": null, "maxspeed": null, "maxweight:signed": null, "maxweightrating:signed": null, "motor_vehicle": null, "name:etymology:wikidata": null, "nat_ref": null, "oneway": null, "operator": null, "operator:wikidata": null, "political_division": null, "ref": null, "segregated": null, "service": null, "sidewalk": null, "smoothness": null, "source:maxspeed": null, "surface": null, "toll": null, "tunnel": null, "turn:lanes": null, "was:name": null, "width": null, "zone:maxspeed": null, "osm_id_2": "166156586", "name_2": "Avenue Jean Moulin", "highway_2": "tertiary", "waterway_2": null, "aerialway_2": null, "barrier_2": null, "man_made_2": null, "railway_2": null, "z_order_2": 4, "other_tags_2": null, "access_2": null, "bicycle_2": null, "boundary_2": null, "bridge_2": null, "covered_2": null, "cycleway_2": null, "cycleway:left_2": null, "cycleway:right_2": null, "destination_2": null, "destination:colour_2": null, "destination:ref_2": null, "destination:ref:to_2": null, "destination:symbol:to_2": null, "destination:to_2": null, "foot_2": null, "footway_2": null, "horse_2": null, "int_ref_2": null, "junction:ref_2": null, "lane_markings_2": null, "lanes_2": null, "layer_2": null, "lit_2": null, "maxspeed_2": null, "maxweight:signed_2": null, "maxweightrating:signed_2": null, "motor_vehicle_2": null, "name:etymology:wikidata_2": null, "nat_ref_2": null, "oneway_2": null, "operator_2": null, "operator:wikidata_2": null, "political_division_2": null, "ref_2": null, "segregated_2": null, "service_2": null, "sidewalk_2": null, "smoothness_2": null, "source:maxspeed_2": null, "surface_2": null, "toll_2": null, "tunnel_2": null, "turn:lanes_2": null, "was:name_2": null, "width_2": null, "zone:maxspeed_2": null }, "geometry": { "type": "MultiPolygon", "coordinates": [ [ [ [ 2.476218796928669, 48.910667814701704 ], [ 2.476426651223612, 48.911003774747989 ], [ 2.477001123071232, 48.91085232846504 ], [ 2.477057361209539, 48.910597958904368 ], [ 2.476722022278176, 48.910479930345943 ], [ 2.476286294296173, 48.910632017938923 ], [ 2.476218796928669, 48.910667814701704 ] ] ] ] } },
{ "type": "Feature", "properties": { "osm_id": "132451199", "name": "Allée des Lauriers", "highway": "residential", "waterway": null, "aerialway": null, "barrier": null, "man_made": null, "railway": null, "z_order": 3, "other_tags": "\"lit\"=>\"yes\"", "access": null, "bicycle": null, "boundary": null, "bridge": null, "covered": null, "cycleway": null, "cycleway:left": null, "cycleway:right": null, "destination": null, "destination:colour": null, "destination:ref": null, "destination:ref:to": null, "destination:symbol:to": null, "destination:to": null, "foot": null, "footway": null, "horse": null, "int_ref": null, "junction:ref": null, "lane_markings": null, "lanes": null, "layer": null, "lit": "yes", "maxspeed": null, "maxweight:signed": null, "maxweightrating:signed": null, "motor_vehicle": null, "name:etymology:wikidata": null, "nat_ref": null, "oneway": null, "operator": null, "operator:wikidata": null, "political_division": null, "ref": null, "segregated": null, "service": null, "sidewalk": null, "smoothness": null, "source:maxspeed": null, "surface": null, "toll": null, "tunnel": null, "turn:lanes": null, "was:name": null, "width": null, "zone:maxspeed": null, "osm_id_2": "25415621", "name_2": "Rue François Martin", "highway_2": "residential", "waterway_2": null, "aerialway_2": null, "barrier_2": null, "man_made_2": null, "railway_2": null, "z_order_2": 3, "other_tags_2": "\"lit\"=>\"yes\",\"surface\"=>\"asphalt\"", "access_2": null, "bicycle_2": null, "boundary_2": null, "bridge_2": null, "covered_2": null, "cycleway_2": null, "cycleway:left_2": null, "cycleway:right_2": null, "destination_2": null, "destination:colour_2": null, "destination:ref_2": null, "destination:ref:to_2": null, "destination:symbol:to_2": null, "destination:to_2": null, "foot_2": null, "footway_2": null, "horse_2": null, "int_ref_2": null, "junction:ref_2": null, "lane_markings_2": null, "lanes_2": null, "layer_2": null, "lit_2": "yes", "maxspeed_2": null, "maxweight:signed_2": null, "maxweightrating:signed_2": null, "motor_vehicle_2": null, "name:etymology:wikidata_2": null, "nat_ref_2": null, "oneway_2": null, "operator_2": null, "operator:wikidata_2": null, "political_division_2": null, "ref_2": null, "segregated_2": null, "service_2": null, "sidewalk_2": null, "smoothness_2": null, "source:maxspeed_2": null, "surface_2": "asphalt", "toll_2": null, "tunnel_2": null, "turn:lanes_2": null, "was:name_2": null, "width_2": null, "zone:maxspeed_2": null }, "geometry": { "type": "MultiPolygon", "coordinates": [ [ [ [ 2.476314091563895, 48.909273161807 ], [ 2.476687327108793, 48.909289512696212 ], [ 2.476936089447289, 48.909038182776115 ], [ 2.476940331952672, 48.909019820413675 ], [ 2.476981038436185, 48.908654205944003 ], [ 2.476888136382756, 48.908579219514898 ], [ 2.476329397392698, 48.908611846481222 ], [ 2.47626048790934, 48.909238668339739 ], [ 2.476314091563895, 48.909273161807 ] ] ] ] } },
{ "type": "Feature", "properties": { "osm_id": "132451207", "name": null, "highway": "residential", "waterway": null, "aerialway": null, "barrier": null, "man_made": null, "railway": null, "z_order": 3, "other_tags": "\"lit\"=>\"yes\"", "access": null, "bicycle": null, "boundary": null, "bridge": null, "covered": null, "cycleway": null, "cycleway:left": null, "cycleway:right": null, "destination": null, "destination:colour": null, "destination:ref": null, "destination:ref:to": null, "destination:symbol:to": null, "destination:to": null, "foot": null, "footway": null, "horse": null, "int_ref": null, "junction:ref": null, "lane_markings": null, "lanes": null, "layer": null, "lit": "yes", "maxspeed": null, "maxweight:signed": null, "maxweightrating:signed": null, "motor_vehicle": null, "name:etymology:wikidata": null, "nat_ref": null, "oneway": null, "operator": null, "operator:wikidata": null, "political_division": null, "ref": null, "segregated": null, "service": null, "sidewalk": null, "smoothness": null, "source:maxspeed": null, "surface": null, "toll": null, "tunnel": null, "turn:lanes": null, "was:name": null, "width": null, "zone:maxspeed": null, "osm_id_2": "132451205", "name_2": null, "highway_2": "residential", "waterway_2": null, "aerialway_2": null, "barrier_2": null, "man_made_2": null, "railway_2": null, "z_order_2": 3, "other_tags_2": "\"lit\"=>\"yes\"", "access_2": null, "bicycle_2": null, "boundary_2": null, "bridge_2": null, "covered_2": null, "cycleway_2": null, "cycleway:left_2": null, "cycleway:right_2": null, "destination_2": null, "destination:colour_2": null, "destination:ref_2": null, "destination:ref:to_2": null, "destination:symbol:to_2": null, "destination:to_2": null, "foot_2": null, "footway_2": null, "horse_2": null, "int_ref_2": null, "junction:ref_2": null, "lane_markings_2": null, "lanes_2": null, "layer_2": null, "lit_2": "yes", "maxspeed_2": null, "maxweight:signed_2": null, "maxweightrating:signed_2": null, "motor_vehicle_2": null, "name:etymology:wikidata_2": null, "nat_ref_2": null, "oneway_2": null, "operator_2": null, "operator:wikidata_2": null, "political_division_2": null, "ref_2": null, "segregated_2": null, "service_2": null, "sidewalk_2": null, "smoothness_2": null, "source:maxspeed_2": null, "surface_2": null, "toll_2": null, "tunnel_2": null, "turn:lanes_2": null, "was:name_2": null, "width_2": null, "zone:maxspeed_2": null }, "geometry": { "type": "MultiPolygon", "coordinates": [ [ [ [ 2.476687327108793, 48.909289512696212 ], [ 2.476963459292464, 48.909763465972404 ], [ 2.477414599446123, 48.909783047225012 ], [ 2.47746130350789, 48.909251012833117 ], [ 2.476936089447289, 48.909038182776115 ], [ 2.476687327108793, 48.909289512696212 ] ] ] ] } },
{ "type": "Feature", "properties": { "osm_id": "166156586", "name": "Avenue Jean Moulin", "highway": "tertiary", "waterway": null, "aerialway": null, "barrier": null, "man_made": null, "railway": null, "z_order": 4, "other_tags": null, "access": null, "bicycle": null, "boundary": null, "bridge": null, "covered": null, "cycleway": null, "cycleway:left": null, "cycleway:right": null, "destination": null, "destination:colour": null, "destination:ref": null, "destination:ref:to": null, "destination:symbol:to": null, "destination:to": null, "foot": null, "footway": null, "horse": null, "int_ref": null, "junction:ref": null, "lane_markings": null, "lanes": null, "layer": null, "lit": null, "maxspeed": null, "maxweight:signed": null, "maxweightrating:signed": null, "motor_vehicle": null, "name:etymology:wikidata": null, "nat_ref": null, "oneway": null, "operator": null, "operator:wikidata": null, "political_division": null, "ref": null, "segregated": null, "service": null, "sidewalk": null, "smoothness": null, "source:maxspeed": null, "surface": null, "toll": null, "tunnel": null, "turn:lanes": null, "was:name": null, "width": null, "zone:maxspeed": null, "osm_id_2": "166156586", "name_2": "Avenue Jean Moulin", "highway_2": "tertiary", "waterway_2": null, "aerialway_2": null, "barrier_2": null, "man_made_2": null, "railway_2": null, "z_order_2": 4, "other_tags_2": null, "access_2": null, "bicycle_2": null, "boundary_2": null, "bridge_2": null, "covered_2": null, "cycleway_2": null, "cycleway:left_2": null, "cycleway:right_2": null, "destination_2": null, "destination:colour_2": null, "destination:ref_2": null, "destination:ref:to_2": null, "destination:symbol:to_2": null, "destination:to_2": null, "foot_2": null, "footway_2": null, "horse_2": null, "int_ref_2": null, "junction:ref_2": null, "lane_markings_2": null, "lanes_2": null, "layer_2": null, "lit_2": null, "maxspeed_2": null, "maxweight:signed_2": null, "maxweightrating:signed_2": null, "motor_vehicle_2": null, "name:etymology:wikidata_2": null, "nat_ref_2": null, "oneway_2": null, "operator_2": null, "operator:wikidata_2": null, "political_division_2": null, "ref_2": null, "segregated_2": null, "service_2": null, "sidewalk_2": null, "smoothness_2": null, "source:maxspeed_2": null, "surface_2": null, "toll_2": null, "tunnel_2": null, "turn:lanes_2": null, "was:name_2": null, "width_2": null, "zone:maxspeed_2": null }, "geometry": { "type": "MultiPolygon", "coordinates": [ [ [ [ 2.4764015640572, 48.911603683436468 ], [ 2.476962257914982, 48.9114559271285 ], [ 2.47712009104284, 48.911374542995951 ], [ 2.477001123071232, 48.91085232846504 ], [ 2.476426651223612, 48.911003774747989 ], [ 2.4764015640572, 48.911603683436468 ] ] ] ] } },
{ "type": "Feature", "properties": { "osm_id": "398434528", "name": "Rue Rol Tanguy", "highway": "service", "waterway": null, "aerialway": null, "barrier": null, "man_made": null, "railway": null, "z_order": 0, "other_tags": "\"lanes\"=>\"2\",\"lit\"=>\"yes\",\"maxspeed\"=>\"30\",\"oneway\"=>\"yes\",\"sidewalk\"=>\"both\",\"smoothness\"=>\"good\",\"source:maxspeed\"=>\"Bing\",\"surface\"=>\"asphalt\"", "access": null, "bicycle": null, "boundary": null, "bridge": null, "covered": null, "cycleway": null, "cycleway:left": null, "cycleway:right": null, "destination": null, "destination:colour": null, "destination:ref": null, "destination:ref:to": null, "destination:symbol:to": null, "destination:to": null, "foot": null, "footway": null, "horse": null, "int_ref": null, "junction:ref": null, "lane_markings": null, "lanes": "2", "layer": null, "lit": "yes", "maxspeed": "30", "maxweight:signed": null, "maxweightrating:signed": null, "motor_vehicle": null, "name:etymology:wikidata": null, "nat_ref": null, "oneway": "yes", "operator": null, "operator:wikidata": null, "political_division": null, "ref": null, "segregated": null, "service": null, "sidewalk": "both", "smoothness": "good", "source:maxspeed": "Bing", "surface": "asphalt", "toll": null, "tunnel": null, "turn:lanes": null, "was:name": null, "width": null, "zone:maxspeed": null, "osm_id_2": "398434703", "name_2": "Rue Roger Pannequin", "highway_2": "service", "waterway_2": null, "aerialway_2": null, "barrier_2": null, "man_made_2": null, "railway_2": null, "z_order_2": 0, "other_tags_2": "\"lanes\"=>\"2\",\"lit\"=>\"yes\",\"maxspeed\"=>\"30\",\"oneway\"=>\"yes\",\"sidewalk\"=>\"both\",\"smoothness\"=>\"good\",\"source:maxspeed\"=>\"Bing\",\"surface\"=>\"asphalt\"", "access_2": null, "bicycle_2": null, "boundary_2": null, "bridge_2": null, "covered_2": null, "cycleway_2": null, "cycleway:left_2": null, "cycleway:right_2": null, "destination_2": null, "destination:colour_2": null, "destination:ref_2": null, "destination:ref:to_2": null, "destination:symbol:to_2": null, "destination:to_2": null, "foot_2": null, "footway_2": null, "horse_2": null, "int_ref_2": null, "junction:ref_2": null, "lane_markings_2": null, "lanes_2": "2", "layer_2": null, "lit_2": "yes", "maxspeed_2": "30", "maxweight:signed_2": null, "maxweightrating:signed_2": null, "motor_vehicle_2": null, "name:etymology:wikidata_2": null, "nat_ref_2": null, "oneway_2": "yes", "operator_2": null, "operator:wikidata_2": null, "political_division_2": null, "ref_2": null, "segregated_2": null, "service_2": null, "sidewalk_2": "both", "smoothness_2": "good", "source:maxspeed_2": "Bing", "surface_2": "asphalt", "toll_2": null, "tunnel_2": null, "turn:lanes_2": null, "was:name_2": null, "width_2": null, "zone:maxspeed_2": null }, "geometry": { "type": "MultiPolygon", "coordinates": [ [ [ [ 2.477057361209539, 48.910597958904368 ], [ 2.477001123071232, 48.91085232846504 ], [ 2.47712009104284, 48.911374542995951 ], [ 2.477946795138873, 48.911283604820291 ], [ 2.478389238519123, 48.910937321735489 ], [ 2.478307634759218, 48.910874767407705 ], [ 2.477642912434896, 48.910530809787787 ], [ 2.477057361209539, 48.910597958904368 ] ] ] ] } },
{ "type": "Feature", "properties": { "osm_id": "132451207", "name": null, "highway": "residential", "waterway": null, "aerialway": null, "barrier": null, "man_made": null, "railway": null, "z_order": 3, "other_tags": "\"lit\"=>\"yes\"", "access": null, "bicycle": null, "boundary": null, "bridge": null, "covered": null, "cycleway": null, "cycleway:left": null, "cycleway:right": null, "destination": null, "destination:colour": null, "destination:ref": null, "destination:ref:to": null, "destination:symbol:to": null, "destination:to": null, "foot": null, "footway": null, "horse": null, "int_ref": null, "junction:ref": null, "lane_markings": null, "lanes": null, "layer": null, "lit": "yes", "maxspeed": null, "maxweight:signed": null, "maxweightrating:signed": null, "motor_vehicle": null, "name:etymology:wikidata": null, "nat_ref": null, "oneway": null, "operator": null, "operator:wikidata": null, "political_division": null, "ref": null, "segregated": null, "service": null, "sidewalk": null, "smoothness": null, "source:maxspeed": null, "surface": null, "toll": null, "tunnel": null, "turn:lanes": null, "was:name": null, "width": null, "zone:maxspeed": null, "osm_id_2": "132451207", "name_2": null, "highway_2": "residential", "waterway_2": null, "aerialway_2": null, "barrier_2": null, "man_made_2": null, "railway_2": null, "z_order_2": 3, "other_tags_2": "\"lit\"=>\"yes\"", "access_2": null, "bicycle_2": null, "boundary_2": null, "bridge_2": null, "covered_2": null, "cycleway_2": null, "cycleway:left_2": null, "cycleway:right_2": null, "destination_2": null, "destination:colour_2": null, "destination:ref_2": null, "destination:ref:to_2": null, "destination:symbol:to_2": null, "destination:to_2": null, "foot_2": null, "footway_2": null, "horse_2": null, "int_ref_2": null, "junction:ref_2": null, "lane_markings_2": null, "lanes_2": null, "layer_2": null, "lit_2": "yes", "maxspeed_2": null, "maxweight:signed_2": null, "maxweightrating:signed_2": null, "motor_vehicle_2": null, "name:etymology:wikidata_2": null, "nat_ref_2": null, "oneway_2": null, "operator_2": null, "operator:wikidata_2": null, "political_division_2": null, "ref_2": null, "segregated_2": null, "service_2": null, "sidewalk_2": null, "smoothness_2": null, "source:maxspeed_2": null, "surface_2": null, "toll_2": null, "tunnel_2": null, "turn:lanes_2": null, "was:name_2": null, "width_2": null, "zone:maxspeed_2": null }, "geometry": { "type": "MultiPolygon", "coordinates": [ [ [ [ 2.476936089447289, 48.909038182776115 ], [ 2.47746130350789, 48.909251012833117 ], [ 2.478065758678069, 48.909091883946253 ], [ 2.476940331952672, 48.909019820413675 ], [ 2.476936089447289, 48.909038182776115 ] ] ] ] } },
{ "type": "Feature", "properties": { "osm_id": "166156586", "name": "Avenue Jean Moulin", "highway": "tertiary", "waterway": null, "aerialway": null, "barrier": null, "man_made": null, "railway": null, "z_order": 4, "other_tags": null, "access": null, "bicycle": null, "boundary": null, "bridge": null, "covered": null, "cycleway": null, "cycleway:left": null, "cycleway:right": null, "destination": null, "destination:colour": null, "destination:ref": null, "destination:ref:to": null, "destination:symbol:to": null, "destination:to": null, "foot": null, "footway": null, "horse": null, "int_ref": null, "junction:ref": null, "lane_markings": null, "lanes": null, "layer": null, "lit": null, "maxspeed": null, "maxweight:signed": null, "maxweightrating:signed": null, "motor_vehicle": null, "name:etymology:wikidata": null, "nat_ref": null, "oneway": null, "operator": null, "operator:wikidata": null, "political_division": null, "ref": null, "segregated": null, "service": null, "sidewalk": null, "smoothness": null, "source:maxspeed": null, "surface": null, "toll": null, "tunnel": null, "turn:lanes": null, "was:name": null, "width": null, "zone:maxspeed": null, "osm_id_2": "1254352464", "name_2": null, "highway_2": "service", "waterway_2": null, "aerialway_2": null, "barrier_2": null, "man_made_2": null, "railway_2": null, "z_order_2": 0, "other_tags_2": null, "access_2": null, "bicycle_2": null, "boundary_2": null, "bridge_2": null, "covered_2": null, "cycleway_2": null, "cycleway:left_2": null, "cycleway:right_2": null, "destination_2": null, "destination:colour_2": null, "destination:ref_2": null, "destination:ref:to_2": null, "destination:symbol:to_2": null, "destination:to_2": null, "foot_2": null, "footway_2": null, "horse_2": null, "int_ref_2": null, "junction:ref_2": null, "lane_markings_2": null, "lanes_2": null, "layer_2": null, "lit_2": null, "maxspeed_2": null, "maxweight:signed_2": null, "maxweightrating:signed_2": null, "motor_vehicle_2": null, "name:etymology:wikidata_2": null, "nat_ref_2": null, "oneway_2": null, "operator_2": null, "operator:wikidata_2": null, "political_division_2": null, "ref_2": null, "segregated_2": null, "service_2": null, "sidewalk_2": null, "smoothness_2": null, "source:maxspeed_2": null, "surface_2": null, "toll_2": null, "tunnel_2": null, "turn:lanes_2": null, "was:name_2": null, "width_2": null, "zone:maxspeed_2": null }, "geometry": { "type": "MultiPolygon", "coordinates": [ [ [ [ 2.47671227213842, 48.912928546292044 ], [ 2.478035505898065, 48.912186645174735 ], [ 2.47807329093519, 48.912148118430252 ], [ 2.477445964608699, 48.912006220055993 ], [ 2.476330371514328, 48.912320057874645 ], [ 2.47671227213842, 48.912928546292044 ] ] ] ] } },
{ "type": "Feature", "properties": { "osm_id": "398434528", "name": "Rue Rol Tanguy", "highway": "service", "waterway": null, "aerialway": null, "barrier": null, "man_made": null, "railway": null, "z_order": 0, "other_tags": "\"lanes\"=>\"2\",\"lit\"=>\"yes\",\"maxspeed\"=>\"30\",\"oneway\"=>\"yes\",\"sidewalk\"=>\"both\",\"smoothness\"=>\"good\",\"source:maxspeed\"=>\"Bing\",\"surface\"=>\"asphalt\"", "access": null, "bicycle": null, "boundary": null, "bridge": null, "covered": null, "cycleway": null, "cycleway:left": null, "cycleway:right": null, "destination": null, "destination:colour": null, "destination:ref": null, "destination:ref:to": null, "destination:symbol:to": null, "destination:to": null, "foot": null, "footway": null, "horse": null, "int_ref": null, "junction:ref": null, "lane_markings": null, "lanes": "2", "layer": null, "lit": "yes", "maxspeed": "30", "maxweight:signed": null, "maxweightrating:signed": null, "motor_vehicle": null, "name:etymology:wikidata": null, "nat_ref": null, "oneway": "yes", "operator": null, "operator:wikidata": null, "political_division": null, "ref": null, "segregated": null, "service": null, "sidewalk": "both", "smoothness": "good", "source:maxspeed": "Bing", "surface": "asphalt", "toll": null, "tunnel": null, "turn:lanes": null, "was:name": null, "width": null, "zone:maxspeed": null, "osm_id_2": "398434528", "name_2": "Rue Rol Tanguy", "highway_2": "service", "waterway_2": null, "aerialway_2": null, "barrier_2": null, "man_made_2": null, "railway_2": null, "z_order_2": 0, "other_tags_2": "\"lanes\"=>\"2\",\"lit\"=>\"yes\",\"maxspeed\"=>\"30\",\"oneway\"=>\"yes\",\"sidewalk\"=>\"both\",\"smoothness\"=>\"good\",\"source:maxspeed\"=>\"Bing\",\"surface\"=>\"asphalt\"", "access_2": null, "bicycle_2": null, "boundary_2": null, "bridge_2": null, "covered_2": null, "cycleway_2": null, "cycleway:left_2": null, "cycleway:right_2": null, "destination_2": null, "destination:colour_2": null, "destination:ref_2": null, "destination:ref:to_2": null, "destination:symbol:to_2": null, "destination:to_2": null, "foot_2": null, "footway_2": null, "horse_2": null, "int_ref_2": null, "junction:ref_2": null, "lane_markings_2": null, "lanes_2": "2", "layer_2": null, "lit_2": "yes", "maxspeed_2": "30", "maxweight:signed_2": null, "maxweightrating:signed_2": null, "motor_vehicle_2": null, "name:etymology:wikidata_2": null, "nat_ref_2": null, "oneway_2": "yes", "operator_2": null, "operator:wikidata_2": null, "political_division_2": null, "ref_2": null, "segregated_2": null, "service_2": null, "sidewalk_2": "both", "smoothness_2": "good", "source:maxspeed_2": "Bing", "surface_2": "asphalt", "toll_2": null, "tunnel_2": null, "turn:lanes_2": null, "was:name_2": null, "width_2": null, "zone:maxspeed_2": null }, "geometry": { "type": "MultiPolygon", "coordinates": [ [ [ [ 2.477398734864412, 48.911814120887257 ], [ 2.478071389287272, 48.911739993104085 ], [ 2.478071464392299, 48.911729485236563 ], [ 2.477946795138873, 48.911283604820291 ], [ 2.47712009104284, 48.911374542995951 ], [ 2.476962257914982, 48.9114559271285 ], [ 2.477398734864412, 48.911814120887257 ] ] ] ] } },
{ "type": "Feature", "properties": { "osm_id": "132451205", "name": null, "highway": "residential", "waterway": null, "aerialway": null, "barrier": null, "man_made": null, "railway": null, "z_order": 3, "other_tags": "\"lit\"=>\"yes\"", "access": null, "bicycle": null, "boundary": null, "bridge": null, "covered": null, "cycleway": null, "cycleway:left": null, "cycleway:right": null, "destination": null, "destination:colour": null, "destination:ref": null, "destination:ref:to": null, "destination:symbol:to": null, "destination:to": null, "foot": null, "footway": null, "horse": null, "int_ref": null, "junction:ref": null, "lane_markings": null, "lanes": null, "layer": null, "lit": "yes", "maxspeed": null, "maxweight:signed": null, "maxweightrating:signed": null, "motor_vehicle": null, "name:etymology:wikidata": null, "nat_ref": null, "oneway": null, "operator": null, "operator:wikidata": null, "political_division": null, "ref": null, "segregated": null, "service": null, "sidewalk": null, "smoothness": null, "source:maxspeed": null, "surface": null, "toll": null, "tunnel": null, "turn:lanes": null, "was:name": null, "width": null, "zone:maxspeed": null, "osm_id_2": "132451207", "name_2": null, "highway_2": "residential", "waterway_2": null, "aerialway_2": null, "barrier_2": null, "man_made_2": null, "railway_2": null, "z_order_2": 3, "other_tags_2": "\"lit\"=>\"yes\"", "access_2": null, "bicycle_2": null, "boundary_2": null, "bridge_2": null, "covered_2": null, "cycleway_2": null, "cycleway:left_2": null, "cycleway:right_2": null, "destination_2": null, "destination:colour_2": null, "destination:ref_2": null, "destination:ref:to_2": null, "destination:symbol:to_2": null, "destination:to_2": null, "foot_2": null, "footway_2": null, "horse_2": null, "int_ref_2": null, "junction:ref_2": null, "lane_markings_2": null, "lanes_2": null, "layer_2": null, "lit_2": "yes", "maxspeed_2": null, "maxweight:signed_2": null, "maxweightrating:signed_2": null, "motor_vehicle_2": null, "name:etymology:wikidata_2": null, "nat_ref_2": null, "oneway_2": null, "operator_2": null, "operator:wikidata_2": null, "political_division_2": null, "ref_2": null, "segregated_2": null, "service_2": null, "sidewalk_2": null, "smoothness_2": null, "source:maxspeed_2": null, "surface_2": null, "toll_2": null, "tunnel_2": null, "turn:lanes_2": null, "was:name_2": null, "width_2": null, "zone:maxspeed_2": null }, "geometry": { "type": "MultiPolygon", "coordinates": [ [ [ [ 2.477711379713835, 48.909858557857866 ], [ 2.47807345727125, 48.909765166005897 ], [ 2.478138527785703, 48.909084963660433 ], [ 2.478135213062143, 48.90907749834917 ], [ 2.478065758678069, 48.909091883946253 ], [ 2.47746130350789, 48.909251012833117 ], [ 2.477414599446123, 48.909783047225012 ], [ 2.477711379713835, 48.909858557857866 ] ] ] ] } },
{ "type": "Feature", "properties": { "osm_id": "132451203", "name": "Allée des Hortensias", "highway": "residential", "waterway": null, "aerialway": null, "barrier": null, "man_made": null, "railway": null, "z_order": 3, "other_tags": "\"lit\"=>\"yes\"", "access": null, "bicycle": null, "boundary": null, "bridge": null, "covered": null, "cycleway": null, "cycleway:left": null, "cycleway:right": null, "destination": null, "destination:colour": null, "destination:ref": null, "destination:ref:to": null, "destination:symbol:to": null, "destination:to": null, "foot": null, "footway": null, "horse": null, "int_ref": null, "junction:ref": null, "lane_markings": null, "lanes": null, "layer": null, "lit": "yes", "maxspeed": null, "maxweight:signed": null, "maxweightrating:signed": null, "motor_vehicle": null, "name:etymology:wikidata": null, "nat_ref": null, "oneway": null, "operator": null, "operator:wikidata": null, "political_division": null, "ref": null, "segregated": null, "service": null, "sidewalk": null, "smoothness": null, "source:maxspeed": null, "surface": null, "toll": null, "tunnel": null, "turn:lanes": null, "was:name": null, "width": null, "zone:maxspeed": null, "osm_id_2": "25415621", "name_2": "Rue François Martin", "highway_2": "residential", "waterway_2": null, "aerialway_2": null, "barrier_2": null, "man_made_2": null, "railway_2": null, "z_order_2": 3, "other_tags_2": "\"lit\"=>\"yes\",\"surface\"=>\"asphalt\"", "access_2": null, "bicycle_2": null, "boundary_2": null, "bridge_2": null, "covered_2": null, "cycleway_2": null, "cycleway:left_2": null, "cycleway:right_2": null, "destination_2": null, "destination:colour_2": null, "destination:ref_2": null, "destination:ref:to_2": null, "destination:symbol:to_2": null, "destination:to_2": null, "foot_2": null, "footway_2": null, "horse_2": null, "int_ref_2": null, "junction:ref_2": null, "lane_markings_2": null, "lanes_2": null, "layer_2": null, "lit_2": "yes", "maxspeed_2": null, "maxweight:signed_2": null, "maxweightrating:signed_2": null, "motor_vehicle_2": null, "name:etymology:wikidata_2": null, "nat_ref_2": null, "oneway_2": null, "operator_2": null, "operator:wikidata_2": null, "political_division_2": null, "ref_2": null, "segregated_2": null, "service_2": null, "sidewalk_2": null, "smoothness_2": null, "source:maxspeed_2": null, "surface_2": "asphalt", "toll_2": null, "tunnel_2": null, "turn:lanes_2": null, "was:name_2": null, "width_2": null, "zone:maxspeed_2": null }, "geometry": { "type": "MultiPolygon", "coordinates": [ [ [ [ 2.476940331952672, 48.909019820413675 ], [ 2.478065758678069, 48.909091883946253 ], [ 2.478135213062143, 48.90907749834917 ], [ 2.478135437225959, 48.909076449418322 ], [ 2.478169995137879, 48.908710198875028 ], [ 2.476981038436185, 48.908654205944003 ], [ 2.476940331952672, 48.909019820413675 ] ] ] ] } },
{ "type": "Feature", "properties": { "osm_id": "166156586", "name": "Avenue Jean Moulin", "highway": "tertiary", "waterway": null, "aerialway": null, "barrier": null, "man_made": null, "railway": null, "z_order": 4, "other_tags": null, "access": null, "bicycle": null, "boundary": null, "bridge": null, "covered": null, "cycleway": null, "cycleway:left": null, "cycleway:right": null, "destination": null, "destination:colour": null, "destination:ref": null, "destination:ref:to": null, "destination:symbol:to": null, "destination:to": null, "foot": null, "footway": null, "horse": null, "int_ref": null, "junction:ref": null, "lane_markings": null, "lanes": null, "layer": null, "lit": null, "maxspeed": null, "maxweight:signed": null, "maxweightrating:signed": null, "motor_vehicle": null, "name:etymology:wikidata": null, "nat_ref": null, "oneway": null, "operator": null, "operator:wikidata": null, "political_division": null, "ref": null, "segregated": null, "service": null, "sidewalk": null, "smoothness": null, "source:maxspeed": null, "surface": null, "toll": null, "tunnel": null, "turn:lanes": null, "was:name": null, "width": null, "zone:maxspeed": null, "osm_id_2": "166156586", "name_2": "Avenue Jean Moulin", "highway_2": "tertiary", "waterway_2": null, "aerialway_2": null, "barrier_2": null, "man_made_2": null, "railway_2": null, "z_order_2": 4, "other_tags_2": null, "access_2": null, "bicycle_2": null, "boundary_2": null, "bridge_2": null, "covered_2": null, "cycleway_2": null, "cycleway:left_2": null, "cycleway:right_2": null, "destination_2": null, "destination:colour_2": null, "destination:ref_2": null, "destination:ref:to_2": null, "destination:symbol:to_2": null, "destination:to_2": null, "foot_2": null, "footway_2": null, "horse_2": null, "int_ref_2": null, "junction:ref_2": null, "lane_markings_2": null, "lanes_2": null, "layer_2": null, "lit_2": null, "maxspeed_2": null, "maxweight:signed_2": null, "maxweightrating:signed_2": null, "motor_vehicle_2": null, "name:etymology:wikidata_2": null, "nat_ref_2": null, "oneway_2": null, "operator_2": null, "operator:wikidata_2": null, "political_division_2": null, "ref_2": null, "segregated_2": null, "service_2": null, "sidewalk_2": null, "smoothness_2": null, "source:maxspeed_2": null, "surface_2": null, "toll_2": null, "tunnel_2": null, "turn:lanes_2": null, "was:name_2": null, "width_2": null, "zone:maxspeed_2": null }, "geometry": { "type": "MultiPolygon", "coordinates": [ [ [ [ 2.4767458582348, 48.912982058789943 ], [ 2.47697396017714, 48.913235939022307 ], [ 2.47707954672738, 48.913319134540842 ], [ 2.47745688922383, 48.913504051417206 ], [ 2.47766648034337, 48.913556224827396 ], [ 2.47795168003744, 48.913584885632659 ], [ 2.4783447939559, 48.913567713034681 ], [ 2.47834877498951, 48.91356738573127 ], [ 2.478035505898065, 48.912186645174735 ], [ 2.47671227213842, 48.912928546292044 ], [ 2.4767458582348, 48.912982058789943 ] ] ] ] } },
{ "type": "Feature", "properties": { "osm_id": "398434525", "name": "Rue Lucie Aubrac", "highway": "service", "waterway": null, "aerialway": null, "barrier": null, "man_made": null, "railway": null, "z_order": 0, "other_tags": "\"lanes\"=>\"2\",\"lit\"=>\"yes\",\"maxspeed\"=>\"30\",\"oneway\"=>\"yes\",\"sidewalk\"=>\"both\",\"smoothness\"=>\"good\",\"source:maxspeed\"=>\"Bing\",\"surface\"=>\"asphalt\"", "access": null, "bicycle": null, "boundary": null, "bridge": null, "covered": null, "cycleway": null, "cycleway:left": null, "cycleway:right": null, "destination": null, "destination:colour": null, "destination:ref": null, "destination:ref:to": null, "destination:symbol:to": null, "destination:to": null, "foot": null, "footway": null, "horse": null, "int_ref": null, "junction:ref": null, "lane_markings": null, "lanes": "2", "layer": null, "lit": "yes", "maxspeed": "30", "maxweight:signed": null, "maxweightrating:signed": null, "motor_vehicle": null, "name:etymology:wikidata": null, "nat_ref": null, "oneway": "yes", "operator": null, "operator:wikidata": null, "political_division": null, "ref": null, "segregated": null, "service": null, "sidewalk": "both", "smoothness": "good", "source:maxspeed": "Bing", "surface": "asphalt", "toll": null, "tunnel": null, "turn:lanes": null, "was:name": null, "width": null, "zone:maxspeed": null, "osm_id_2": "25415880", "name_2": "Rue Paul Renaud", "highway_2": "residential", "waterway_2": null, "aerialway_2": null, "barrier_2": null, "man_made_2": null, "railway_2": null, "z_order_2": 3, "other_tags_2": "\"lanes\"=>\"1\",\"lit\"=>\"yes\",\"maxspeed\"=>\"50\",\"oneway\"=>\"yes\",\"sidewalk\"=>\"both\",\"smoothness\"=>\"good\",\"source:maxspeed\"=>\"FR:urban\",\"surface\"=>\"asphalt\"", "access_2": null, "bicycle_2": null, "boundary_2": null, "bridge_2": null, "covered_2": null, "cycleway_2": null, "cycleway:left_2": null, "cycleway:right_2": null, "destination_2": null, "destination:colour_2": null, "destination:ref_2": null, "destination:ref:to_2": null, "destination:symbol:to_2": null, "destination:to_2": null, "foot_2": null, "footway_2": null, "horse_2": null, "int_ref_2": null, "junction:ref_2": null, "lane_markings_2": null, "lanes_2": "1", "layer_2": null, "lit_2": "yes", "maxspeed_2": "50", "maxweight:signed_2": null, "maxweightrating:signed_2": null, "motor_vehicle_2": null, "name:etymology:wikidata_2": null, "nat_ref_2": null, "oneway_2": "yes", "operator_2": null, "operator:wikidata_2": null, "political_division_2": null, "ref_2": null, "segregated_2": null, "service_2": null, "sidewalk_2": "both", "smoothness_2": "good", "source:maxspeed_2": "FR:urban", "surface_2": "asphalt", "toll_2": null, "tunnel_2": null, "turn:lanes_2": null, "was:name_2": null, "width_2": null, "zone:maxspeed_2": null }, "geometry": { "type": "MultiPolygon", "coordinates": [ [ [ [ 2.477642912434896, 48.910530809787787 ], [ 2.478307634759218, 48.910874767407705 ], [ 2.478414191036435, 48.909830831525149 ], [ 2.47807345727125, 48.909765166005897 ], [ 2.477711379713835, 48.909858557857866 ], [ 2.477642912434896, 48.910530809787787 ] ] ] ] } },
{ "type": "Feature", "properties": { "osm_id": "1038296547", "name": "Rue Simone Veil", "highway": "residential", "waterway": null, "aerialway": null, "barrier": null, "man_made": null, "railway": null, "z_order": 3, "other_tags": null, "access": null, "bicycle": null, "boundary": null, "bridge": null, "covered": null, "cycleway": null, "cycleway:left": null, "cycleway:right": null, "destination": null, "destination:colour": null, "destination:ref": null, "destination:ref:to": null, "destination:symbol:to": null, "destination:to": null, "foot": null, "footway": null, "horse": null, "int_ref": null, "junction:ref": null, "lane_markings": null, "lanes": null, "layer": null, "lit": null, "maxspeed": null, "maxweight:signed": null, "maxweightrating:signed": null, "motor_vehicle": null, "name:etymology:wikidata": null, "nat_ref": null, "oneway": null, "operator": null, "operator:wikidata": null, "political_division": null, "ref": null, "segregated": null, "service": null, "sidewalk": null, "smoothness": null, "source:maxspeed": null, "surface": null, "toll": null, "tunnel": null, "turn:lanes": null, "was:name": null, "width": null, "zone:maxspeed": null, "osm_id_2": "25415571", "name_2": "Avenue Jean-Baptiste Devillers", "highway_2": "residential", "waterway_2": null, "aerialway_2": null, "barrier_2": null, "man_made_2": null, "railway_2": null, "z_order_2": 3, "other_tags_2": "\"oneway\"=>\"yes\",\"surface\"=>\"asphalt\",\"was:name\"=>\"Chemin Latéral\"", "access_2": null, "bicycle_2": null, "boundary_2": null, "bridge_2": null, "covered_2": null, "cycleway_2": null, "cycleway:left_2": null, "cycleway:right_2": null, "destination_2": null, "destination:colour_2": null, "destination:ref_2": null, "destination:ref:to_2": null, "destination:symbol:to_2": null, "destination:to_2": null, "foot_2": null, "footway_2": null, "horse_2": null, "int_ref_2": null, "junction:ref_2": null, "lane_markings_2": null, "lanes_2": null, "layer_2": null, "lit_2": null, "maxspeed_2": null, "maxweight:signed_2": null, "maxweightrating:signed_2": null, "motor_vehicle_2": null, "name:etymology:wikidata_2": null, "nat_ref_2": null, "oneway_2": "yes", "operator_2": null, "operator:wikidata_2": null, "political_division_2": null, "ref_2": null, "segregated_2": null, "service_2": null, "sidewalk_2": null, "smoothness_2": null, "source:maxspeed_2": null, "surface_2": "asphalt", "toll_2": null, "tunnel_2": null, "turn:lanes_2": null, "was:name_2": "Chemin Latéral", "width_2": null, "zone:maxspeed_2": null }, "geometry": { "type": "MultiPolygon", "coordinates": [ [ [ [ 2.476981038436185, 48.908654205944003 ], [ 2.478169995137879, 48.908710198875028 ], [ 2.478183956292519, 48.908700407213693 ], [ 2.478236325185228, 48.908087647428701 ], [ 2.476973401628143, 48.908014064055543 ], [ 2.476888136382756, 48.908579219514898 ], [ 2.476981038436185, 48.908654205944003 ] ] ] ] } },
{ "type": "Feature", "properties": { "osm_id": "398434530", "name": "Rue Serge Ravanel", "highway": "service", "waterway": null, "aerialway": null, "barrier": null, "man_made": null, "railway": null, "z_order": 0, "other_tags": "\"lanes\"=>\"2\",\"lit\"=>\"yes\",\"maxspeed\"=>\"30\",\"oneway\"=>\"yes\",\"sidewalk\"=>\"both\",\"smoothness\"=>\"good\",\"source:maxspeed\"=>\"Bing\",\"surface\"=>\"asphalt\"", "access": null, "bicycle": null, "boundary": null, "bridge": null, "covered": null, "cycleway": null, "cycleway:left": null, "cycleway:right": null, "destination": null, "destination:colour": null, "destination:ref": null, "destination:ref:to": null, "destination:symbol:to": null, "destination:to": null, "foot": null, "footway": null, "horse": null, "int_ref": null, "junction:ref": null, "lane_markings": null, "lanes": "2", "layer": null, "lit": "yes", "maxspeed": "30", "maxweight:signed": null, "maxweightrating:signed": null, "motor_vehicle": null, "name:etymology:wikidata": null, "nat_ref": null, "oneway": "yes", "operator": null, "operator:wikidata": null, "political_division": null, "ref": null, "segregated": null, "service": null, "sidewalk": "both", "smoothness": "good", "source:maxspeed": "Bing", "surface": "asphalt", "toll": null, "tunnel": null, "turn:lanes": null, "was:name": null, "width": null, "zone:maxspeed": null, "osm_id_2": "398434528", "name_2": "Rue Rol Tanguy", "highway_2": "service", "waterway_2": null, "aerialway_2": null, "barrier_2": null, "man_made_2": null, "railway_2": null, "z_order_2": 0, "other_tags_2": "\"lanes\"=>\"2\",\"lit\"=>\"yes\",\"maxspeed\"=>\"30\",\"oneway\"=>\"yes\",\"sidewalk\"=>\"both\",\"smoothness\"=>\"good\",\"source:maxspeed\"=>\"Bing\",\"surface\"=>\"asphalt\"", "access_2": null, "bicycle_2": null, "boundary_2": null, "bridge_2": null, "covered_2": null, "cycleway_2": null, "cycleway:left_2": null, "cycleway:right_2": null, "destination_2": null, "destination:colour_2": null, "destination:ref_2": null, "destination:ref:to_2": null, "destination:symbol:to_2": null, "destination:to_2": null, "foot_2": null, "footway_2": null, "horse_2": null, "int_ref_2": null, "junction:ref_2": null, "lane_markings_2": null, "lanes_2": "2", "layer_2": null, "lit_2": "yes", "maxspeed_2": "30", "maxweight:signed_2": null, "maxweightrating:signed_2": null, "motor_vehicle_2": null, "name:etymology:wikidata_2": null, "nat_ref_2": null, "oneway_2": "yes", "operator_2": null, "operator:wikidata_2": null, "political_division_2": null, "ref_2": null, "segregated_2": null, "service_2": null, "sidewalk_2": "both", "smoothness_2": "good", "source:maxspeed_2": "Bing", "surface_2": "asphalt", "toll_2": null, "tunnel_2": null, "turn:lanes_2": null, "was:name_2": null, "width_2": null, "zone:maxspeed_2": null }, "geometry": { "type": "MultiPolygon", "coordinates": [ [ [ [ 2.477445964608699, 48.912006220055993 ], [ 2.47807329093519, 48.912148118430252 ], [ 2.478177359737147, 48.912101886230225 ], [ 2.478071389287272, 48.911739993104085 ], [ 2.477398734864412, 48.911814120887257 ], [ 2.477445964608699, 48.912006220055993 ] ] ] ] } },
{ "type": "Feature", "properties": { "osm_id": "132451202", "name": null, "highway": "residential", "waterway": null, "aerialway": null, "barrier": null, "man_made": null, "railway": null, "z_order": 3, "other_tags": "\"lit\"=>\"yes\"", "access": null, "bicycle": null, "boundary": null, "bridge": null, "covered": null, "cycleway": null, "cycleway:left": null, "cycleway:right": null, "destination": null, "destination:colour": null, "destination:ref": null, "destination:ref:to": null, "destination:symbol:to": null, "destination:to": null, "foot": null, "footway": null, "horse": null, "int_ref": null, "junction:ref": null, "lane_markings": null, "lanes": null, "layer": null, "lit": "yes", "maxspeed": null, "maxweight:signed": null, "maxweightrating:signed": null, "motor_vehicle": null, "name:etymology:wikidata": null, "nat_ref": null, "oneway": null, "operator": null, "operator:wikidata": null, "political_division": null, "ref": null, "segregated": null, "service": null, "sidewalk": null, "smoothness": null, "source:maxspeed": null, "surface": null, "toll": null, "tunnel": null, "turn:lanes": null, "was:name": null, "width": null, "zone:maxspeed": null, "osm_id_2": "132451779", "name_2": null, "highway_2": "residential", "waterway_2": null, "aerialway_2": null, "barrier_2": null, "man_made_2": null, "railway_2": null, "z_order_2": 3, "other_tags_2": "\"lit\"=>\"yes\"", "access_2": null, "bicycle_2": null, "boundary_2": null, "bridge_2": null, "covered_2": null, "cycleway_2": null, "cycleway:left_2": null, "cycleway:right_2": null, "destination_2": null, "destination:colour_2": null, "destination:ref_2": null, "destination:ref:to_2": null, "destination:symbol:to_2": null, "destination:to_2": null, "foot_2": null, "footway_2": null, "horse_2": null, "int_ref_2": null, "junction:ref_2": null, "lane_markings_2": null, "lanes_2": null, "layer_2": null, "lit_2": "yes", "maxspeed_2": null, "maxweight:signed_2": null, "maxweightrating:signed_2": null, "motor_vehicle_2": null, "name:etymology:wikidata_2": null, "nat_ref_2": null, "oneway_2": null, "operator_2": null, "operator:wikidata_2": null, "political_division_2": null, "ref_2": null, "segregated_2": null, "service_2": null, "sidewalk_2": null, "smoothness_2": null, "source:maxspeed_2": null, "surface_2": null, "toll_2": null, "tunnel_2": null, "turn:lanes_2": null, "was:name_2": null, "width_2": null, "zone:maxspeed_2": null }, "geometry": { "type": "MultiPolygon", "coordinates": [ [ [ [ 2.478138527785703, 48.909084963660433 ], [ 2.478752455081401, 48.909301139333756 ], [ 2.479330613520633, 48.909151154661146 ], [ 2.479330283916736, 48.909143029804376 ], [ 2.478135437225959, 48.909076449418322 ], [ 2.478135213062143, 48.90907749834917 ], [ 2.478138527785703, 48.909084963660433 ] ] ] ] } },
{ "type": "Feature", "properties": { "osm_id": "1548606047", "name": "Rue Nadia Murad", "highway": "residential", "waterway": null, "aerialway": null, "barrier": null, "man_made": null, "railway": null, "z_order": 3, "other_tags": "\"surface\"=>\"paving_stones\"", "access": null, "bicycle": null, "boundary": null, "bridge": null, "covered": null, "cycleway": null, "cycleway:left": null, "cycleway:right": null, "destination": null, "destination:colour": null, "destination:ref": null, "destination:ref:to": null, "destination:symbol:to": null, "destination:to": null, "foot": null, "footway": null, "horse": null, "int_ref": null, "junction:ref": null, "lane_markings": null, "lanes": null, "layer": null, "lit": null, "maxspeed": null, "maxweight:signed": null, "maxweightrating:signed": null, "motor_vehicle": null, "name:etymology:wikidata": null, "nat_ref": null, "oneway": null, "operator": null, "operator:wikidata": null, "political_division": null, "ref": null, "segregated": null, "service": null, "sidewalk": null, "smoothness": null, "source:maxspeed": null, "surface": "paving_stones", "toll": null, "tunnel": null, "turn:lanes": null, "was:name": null, "width": null, "zone:maxspeed": null, "osm_id_2": "1038296547", "name_2": "Rue Simone Veil", "highway_2": "residential", "waterway_2": null, "aerialway_2": null, "barrier_2": null, "man_made_2": null, "railway_2": null, "z_order_2": 3, "other_tags_2": null, "access_2": null, "bicycle_2": null, "boundary_2": null, "bridge_2": null, "covered_2": null, "cycleway_2": null, "cycleway:left_2": null, "cycleway:right_2": null, "destination_2": null, "destination:colour_2": null, "destination:ref_2": null, "destination:ref:to_2": null, "destination:symbol:to_2": null, "destination:to_2": null, "foot_2": null, "footway_2": null, "horse_2": null, "int_ref_2": null, "junction:ref_2": null, "lane_markings_2": null, "lanes_2": null, "layer_2": null, "lit_2": null, "maxspeed_2": null, "maxweight:signed_2": null, "maxweightrating:signed_2": null, "motor_vehicle_2": null, "name:etymology:wikidata_2": null, "nat_ref_2": null, "oneway_2": null, "operator_2": null, "operator:wikidata_2": null, "political_division_2": null, "ref_2": null, "segregated_2": null, "service_2": null, "sidewalk_2": null, "smoothness_2": null, "source:maxspeed_2": null, "surface_2": null, "toll_2": null, "tunnel_2": null, "turn:lanes_2": null, "was:name_2": null, "width_2": null, "zone:maxspeed_2": null }, "geometry": { "type": "MultiPolygon", "coordinates": [ [ [ [ 2.477074227940526, 48.907305006268984 ], [ 2.476958615442331, 48.90799589901556 ], [ 2.476973401628143, 48.908014064055543 ], [ 2.478236325185228, 48.908087647428701 ], [ 2.479046950128979, 48.907395984980589 ], [ 2.477074227940526, 48.907305006268984 ] ] ] ] } },
{ "type": "Feature", "properties": { "osm_id": "398434525", "name": "Rue Lucie Aubrac", "highway": "service", "waterway": null, "aerialway": null, "barrier": null, "man_made": null, "railway": null, "z_order": 0, "other_tags": "\"lanes\"=>\"2\",\"lit\"=>\"yes\",\"maxspeed\"=>\"30\",\"oneway\"=>\"yes\",\"sidewalk\"=>\"both\",\"smoothness\"=>\"good\",\"source:maxspeed\"=>\"Bing\",\"surface\"=>\"asphalt\"", "access": null, "bicycle": null, "boundary": null, "bridge": null, "covered": null, "cycleway": null, "cycleway:left": null, "cycleway:right": null, "destination": null, "destination:colour": null, "destination:ref": null, "destination:ref:to": null, "destination:symbol:to": null, "destination:to": null, "foot": null, "footway": null, "horse": null, "int_ref": null, "junction:ref": null, "lane_markings": null, "lanes": "2", "layer": null, "lit": "yes", "maxspeed": "30", "maxweight:signed": null, "maxweightrating:signed": null, "motor_vehicle": null, "name:etymology:wikidata": null, "nat_ref": null, "oneway": "yes", "operator": null, "operator:wikidata": null, "political_division": null, "ref": null, "segregated": null, "service": null, "sidewalk": "both", "smoothness": "good", "source:maxspeed": "Bing", "surface": "asphalt", "toll": null, "tunnel": null, "turn:lanes": null, "was:name": null, "width": null, "zone:maxspeed": null, "osm_id_2": "1254352461", "name_2": null, "highway_2": "service", "waterway_2": null, "aerialway_2": null, "barrier_2": null, "man_made_2": null, "railway_2": null, "z_order_2": 0, "other_tags_2": "\"oneway\"=>\"yes\"", "access_2": null, "bicycle_2": null, "boundary_2": null, "bridge_2": null, "covered_2": null, "cycleway_2": null, "cycleway:left_2": null, "cycleway:right_2": null, "destination_2": null, "destination:colour_2": null, "destination:ref_2": null, "destination:ref:to_2": null, "destination:symbol:to_2": null, "destination:to_2": null, "foot_2": null, "footway_2": null, "horse_2": null, "int_ref_2": null, "junction:ref_2": null, "lane_markings_2": null, "lanes_2": null, "layer_2": null, "lit_2": null, "maxspeed_2": null, "maxweight:signed_2": null, "maxweightrating:signed_2": null, "motor_vehicle_2": null, "name:etymology:wikidata_2": null, "nat_ref_2": null, "oneway_2": "yes", "operator_2": null, "operator:wikidata_2": null, "political_division_2": null, "ref_2": null, "segregated_2": null, "service_2": null, "sidewalk_2": null, "smoothness_2": null, "source:maxspeed_2": null, "surface_2": null, "toll_2": null, "tunnel_2": null, "turn:lanes_2": null, "was:name_2": null, "width_2": null, "zone:maxspeed_2": null }, "geometry": { "type": "MultiPolygon", "coordinates": [ [ [ [ 2.477946795138873, 48.911283604820291 ], [ 2.478071464392299, 48.911729485236563 ], [ 2.479907951652672, 48.911513800673177 ], [ 2.480038681562209, 48.91133532615661 ], [ 2.47991262684209, 48.911263041617325 ], [ 2.479272655995592, 48.911022236536731 ], [ 2.478720261114753, 48.910937578804194 ], [ 2.478389238519123, 48.910937321735489 ], [ 2.477946795138873, 48.911283604820291 ] ] ] ] } },
{ "type": "Feature", "properties": { "osm_id": "398434525", "name": "Rue Lucie Aubrac", "highway": "service", "waterway": null, "aerialway": null, "barrier": null, "man_made": null, "railway": null, "z_order": 0, "other_tags": "\"lanes\"=>\"2\",\"lit\"=>\"yes\",\"maxspeed\"=>\"30\",\"oneway\"=>\"yes\",\"sidewalk\"=>\"both\",\"smoothness\"=>\"good\",\"source:maxspeed\"=>\"Bing\",\"surface\"=>\"asphalt\"", "access": null, "bicycle": null, "boundary": null, "bridge": null, "covered": null, "cycleway": null, "cycleway:left": null, "cycleway:right": null, "destination": null, "destination:colour": null, "destination:ref": null, "destination:ref:to": null, "destination:symbol:to": null, "destination:to": null, "foot": null, "footway": null, "horse": null, "int_ref": null, "junction:ref": null, "lane_markings": null, "lanes": "2", "layer": null, "lit": "yes", "maxspeed": "30", "maxweight:signed": null, "maxweightrating:signed": null, "motor_vehicle": null, "name:etymology:wikidata": null, "nat_ref": null, "oneway": "yes", "operator": null, "operator:wikidata": null, "political_division": null, "ref": null, "segregated": null, "service": null, "sidewalk": "both", "smoothness": "good", "source:maxspeed": "Bing", "surface": "asphalt", "toll": null, "tunnel": null, "turn:lanes": null, "was:name": null, "width": null, "zone:maxspeed": null, "osm_id_2": "398434530", "name_2": "Rue Serge Ravanel", "highway_2": "service", "waterway_2": null, "aerialway_2": null, "barrier_2": null, "man_made_2": null, "railway_2": null, "z_order_2": 0, "other_tags_2": "\"lanes\"=>\"2\",\"lit\"=>\"yes\",\"maxspeed\"=>\"30\",\"oneway\"=>\"yes\",\"sidewalk\"=>\"both\",\"smoothness\"=>\"good\",\"source:maxspeed\"=>\"Bing\",\"surface\"=>\"asphalt\"", "access_2": null, "bicycle_2": null, "boundary_2": null, "bridge_2": null, "covered_2": null, "cycleway_2": null, "cycleway:left_2": null, "cycleway:right_2": null, "destination_2": null, "destination:colour_2": null, "destination:ref_2": null, "destination:ref:to_2": null, "destination:symbol:to_2": null, "destination:to_2": null, "foot_2": null, "footway_2": null, "horse_2": null, "int_ref_2": null, "junction:ref_2": null, "lane_markings_2": null, "lanes_2": "2", "layer_2": null, "lit_2": "yes", "maxspeed_2": "30", "maxweight:signed_2": null, "maxweightrating:signed_2": null, "motor_vehicle_2": null, "name:etymology:wikidata_2": null, "nat_ref_2": null, "oneway_2": "yes", "operator_2": null, "operator:wikidata_2": null, "political_division_2": null, "ref_2": null, "segregated_2": null, "service_2": null, "sidewalk_2": "both", "smoothness_2": "good", "source:maxspeed_2": "Bing", "surface_2": "asphalt", "toll_2": null, "tunnel_2": null, "turn:lanes_2": null, "was:name_2": null, "width_2": null, "zone:maxspeed_2": null }, "geometry": { "type": "MultiPolygon", "coordinates": [ [ [ [ 2.478071389287272, 48.911739993104085 ], [ 2.478177359737147, 48.912101886230225 ], [ 2.478832283601066, 48.912202613456749 ], [ 2.479874232342717, 48.911569535485604 ], [ 2.479907951652672, 48.911513800673177 ], [ 2.478071464392299, 48.911729485236563 ], [ 2.478071389287272, 48.911739993104085 ] ] ] ] } },
{ "type": "Feature", "properties": { "osm_id": "132451202", "name": null, "highway": "residential", "waterway": null, "aerialway": null, "barrier": null, "man_made": null, "railway": null, "z_order": 3, "other_tags": "\"lit\"=>\"yes\"", "access": null, "bicycle": null, "boundary": null, "bridge": null, "covered": null, "cycleway": null, "cycleway:left": null, "cycleway:right": null, "destination": null, "destination:colour": null, "destination:ref": null, "destination:ref:to": null, "destination:symbol:to": null, "destination:to": null, "foot": null, "footway": null, "horse": null, "int_ref": null, "junction:ref": null, "lane_markings": null, "lanes": null, "layer": null, "lit": "yes", "maxspeed": null, "maxweight:signed": null, "maxweightrating:signed": null, "motor_vehicle": null, "name:etymology:wikidata": null, "nat_ref": null, "oneway": null, "operator": null, "operator:wikidata": null, "political_division": null, "ref": null, "segregated": null, "service": null, "sidewalk": null, "smoothness": null, "source:maxspeed": null, "surface": null, "toll": null, "tunnel": null, "turn:lanes": null, "was:name": null, "width": null, "zone:maxspeed": null, "osm_id_2": "132451202", "name_2": null, "highway_2": "residential", "waterway_2": null, "aerialway_2": null, "barrier_2": null, "man_made_2": null, "railway_2": null, "z_order_2": 3, "other_tags_2": "\"lit\"=>\"yes\"", "access_2": null, "bicycle_2": null, "boundary_2": null, "bridge_2": null, "covered_2": null, "cycleway_2": null, "cycleway:left_2": null, "cycleway:right_2": null, "destination_2": null, "destination:colour_2": null, "destination:ref_2": null, "destination:ref:to_2": null, "destination:symbol:to_2": null, "destination:to_2": null, "foot_2": null, "footway_2": null, "horse_2": null, "int_ref_2": null, "junction:ref_2": null, "lane_markings_2": null, "lanes_2": null, "layer_2": null, "lit_2": "yes", "maxspeed_2": null, "maxweight:signed_2": null, "maxweightrating:signed_2": null, "motor_vehicle_2": null, "name:etymology:wikidata_2": null, "nat_ref_2": null, "oneway_2": null, "operator_2": null, "operator:wikidata_2": null, "political_division_2": null, "ref_2": null, "segregated_2": null, "service_2": null, "sidewalk_2": null, "smoothness_2": null, "source:maxspeed_2": null, "surface_2": null, "toll_2": null, "tunnel_2": null, "turn:lanes_2": null, "was:name_2": null, "width_2": null, "zone:maxspeed_2": null }, "geometry": { "type": "MultiPolygon", "coordinates": [ [ [ [ 2.478414191036435, 48.909830831525149 ], [ 2.478712937099405, 48.909832100721736 ], [ 2.478752455081401, 48.909301139333756 ], [ 2.478138527785703, 48.909084963660433 ], [ 2.47807345727125, 48.909765166005897 ], [ 2.478414191036435, 48.909830831525149 ] ] ] ] } },
{ "type": "Feature", "properties": { "osm_id": "166156586", "name": "Avenue Jean Moulin", "highway": "tertiary", "waterway": null, "aerialway": null, "barrier": null, "man_made": null, "railway": null, "z_order": 4, "other_tags": null, "access": null, "bicycle": null, "boundary": null, "bridge": null, "covered": null, "cycleway": null, "cycleway:left": null, "cycleway:right": null, "destination": null, "destination:colour": null, "destination:ref": null, "destination:ref:to": null, "destination:symbol:to": null, "destination:to": null, "foot": null, "footway": null, "horse": null, "int_ref": null, "junction:ref": null, "lane_markings": null, "lanes": null, "layer": null, "lit": null, "maxspeed": null, "maxweight:signed": null, "maxweightrating:signed": null, "motor_vehicle": null, "name:etymology:wikidata": null, "nat_ref": null, "oneway": null, "operator": null, "operator:wikidata": null, "political_division": null, "ref": null, "segregated": null, "service": null, "sidewalk": null, "smoothness": null, "source:maxspeed": null, "surface": null, "toll": null, "tunnel": null, "turn:lanes": null, "was:name": null, "width": null, "zone:maxspeed": null, "osm_id_2": "166156592", "name_2": "Avenue Jean Moulin", "highway_2": "tertiary", "waterway_2": null, "aerialway_2": null, "barrier_2": null, "man_made_2": null, "railway_2": null, "z_order_2": 4, "other_tags_2": null, "access_2": null, "bicycle_2": null, "boundary_2": null, "bridge_2": null, "covered_2": null, "cycleway_2": null, "cycleway:left_2": null, "cycleway:right_2": null, "destination_2": null, "destination:colour_2": null, "destination:ref_2": null, "destination:ref:to_2": null, "destination:symbol:to_2": null, "destination:to_2": null, "foot_2": null, "footway_2": null, "horse_2": null, "int_ref_2": null, "junction:ref_2": null, "lane_markings_2": null, "lanes_2": null, "layer_2": null, "lit_2": null, "maxspeed_2": null, "maxweight:signed_2": null, "maxweightrating:signed_2": null, "motor_vehicle_2": null, "name:etymology:wikidata_2": null, "nat_ref_2": null, "oneway_2": null, "operator_2": null, "operator:wikidata_2": null, "political_division_2": null, "ref_2": null, "segregated_2": null, "service_2": null, "sidewalk_2": null, "smoothness_2": null, "source:maxspeed_2": null, "surface_2": null, "toll_2": null, "tunnel_2": null, "turn:lanes_2": null, "was:name_2": null, "width_2": null, "zone:maxspeed_2": null }, "geometry": { "type": "MultiPolygon", "coordinates": [ [ [ [ 2.47842126859709, 48.913561425594622 ], [ 2.479188719412518, 48.91346857713269 ], [ 2.478832283601066, 48.912202613456749 ], [ 2.478177359737147, 48.912101886230225 ], [ 2.47807329093519, 48.912148118430252 ], [ 2.478035505898065, 48.912186645174735 ], [ 2.47834877498951, 48.91356738573127 ], [ 2.47842126859709, 48.913561425594622 ] ] ] ] } },
{ "type": "Feature", "properties": { "osm_id": "25415880", "name": "Rue Paul Renaud", "highway": "residential", "waterway": null, "aerialway": null, "barrier": null, "man_made": null, "railway": null, "z_order": 3, "other_tags": "\"lanes\"=>\"1\",\"lit\"=>\"yes\",\"maxspeed\"=>\"50\",\"oneway\"=>\"yes\",\"sidewalk\"=>\"both\",\"smoothness\"=>\"good\",\"source:maxspeed\"=>\"FR:urban\",\"surface\"=>\"asphalt\"", "access": null, "bicycle": null, "boundary": null, "bridge": null, "covered": null, "cycleway": null, "cycleway:left": null, "cycleway:right": null, "destination": null, "destination:colour": null, "destination:ref": null, "destination:ref:to": null, "destination:symbol:to": null, "destination:to": null, "foot": null, "footway": null, "horse": null, "int_ref": null, "junction:ref": null, "lane_markings": null, "lanes": "1", "layer": null, "lit": "yes", "maxspeed": "50", "maxweight:signed": null, "maxweightrating:signed": null, "motor_vehicle": null, "name:etymology:wikidata": null, "nat_ref": null, "oneway": "yes", "operator": null, "operator:wikidata": null, "political_division": null, "ref": null, "segregated": null, "service": null, "sidewalk": "both", "smoothness": "good", "source:maxspeed": "FR:urban", "surface": "asphalt", "toll": null, "tunnel": null, "turn:lanes": null, "was:name": null, "width": null, "zone:maxspeed": null, "osm_id_2": "25415880", "name_2": "Rue Paul Renaud", "highway_2": "residential", "waterway_2": null, "aerialway_2": null, "barrier_2": null, "man_made_2": null, "railway_2": null, "z_order_2": 3, "other_tags_2": "\"lanes\"=>\"1\",\"lit\"=>\"yes\",\"maxspeed\"=>\"50\",\"oneway\"=>\"yes\",\"sidewalk\"=>\"both\",\"smoothness\"=>\"good\",\"source:maxspeed\"=>\"FR:urban\",\"surface\"=>\"asphalt\"", "access_2": null, "bicycle_2": null, "boundary_2": null, "bridge_2": null, "covered_2": null, "cycleway_2": null, "cycleway:left_2": null, "cycleway:right_2": null, "destination_2": null, "destination:colour_2": null, "destination:ref_2": null, "destination:ref:to_2": null, "destination:symbol:to_2": null, "destination:to_2": null, "foot_2": null, "footway_2": null, "horse_2": null, "int_ref_2": null, "junction:ref_2": null, "lane_markings_2": null, "lanes_2": "1", "layer_2": null, "lit_2": "yes", "maxspeed_2": "50", "maxweight:signed_2": null, "maxweightrating:signed_2": null, "motor_vehicle_2": null, "name:etymology:wikidata_2": null, "nat_ref_2": null, "oneway_2": "yes", "operator_2": null, "operator:wikidata_2": null, "political_division_2": null, "ref_2": null, "segregated_2": null, "service_2": null, "sidewalk_2": "both", "smoothness_2": "good", "source:maxspeed_2": "FR:urban", "surface_2": "asphalt", "toll_2": null, "tunnel_2": null, "turn:lanes_2": null, "was:name_2": null, "width_2": null, "zone:maxspeed_2": null }, "geometry": { "type": "MultiPolygon", "coordinates": [ [ [ [ 2.478307634759218, 48.910874767407705 ], [ 2.478389238519123, 48.910937321735489 ], [ 2.478720261114753, 48.910937578804194 ], [ 2.478830432252662, 48.909854143630639 ], [ 2.478712937099405, 48.909832100721736 ], [ 2.478414191036435, 48.909830831525149 ], [ 2.478307634759218, 48.910874767407705 ] ] ] ] } },
{ "type": "Feature", "properties": { "osm_id": "166156592", "name": "Avenue Jean Moulin", "highway": "tertiary", "waterway": null, "aerialway": null, "barrier": null, "man_made": null, "railway": null, "z_order": 4, "other_tags": null, "access": null, "bicycle": null, "boundary": null, "bridge": null, "covered": null, "cycleway": null, "cycleway:left": null, "cycleway:right": null, "destination": null, "destination:colour": null, "destination:ref": null, "destination:ref:to": null, "destination:symbol:to": null, "destination:to": null, "foot": null, "footway": null, "horse": null, "int_ref": null, "junction:ref": null, "lane_markings": null, "lanes": null, "layer": null, "lit": null, "maxspeed": null, "maxweight:signed": null, "maxweightrating:signed": null, "motor_vehicle": null, "name:etymology:wikidata": null, "nat_ref": null, "oneway": null, "operator": null, "operator:wikidata": null, "political_division": null, "ref": null, "segregated": null, "service": null, "sidewalk": null, "smoothness": null, "source:maxspeed": null, "surface": null, "toll": null, "tunnel": null, "turn:lanes": null, "was:name": null, "width": null, "zone:maxspeed": null, "osm_id_2": "166156592", "name_2": "Avenue Jean Moulin", "highway_2": "tertiary", "waterway_2": null, "aerialway_2": null, "barrier_2": null, "man_made_2": null, "railway_2": null, "z_order_2": 4, "other_tags_2": null, "access_2": null, "bicycle_2": null, "boundary_2": null, "bridge_2": null, "covered_2": null, "cycleway_2": null, "cycleway:left_2": null, "cycleway:right_2": null, "destination_2": null, "destination:colour_2": null, "destination:ref_2": null, "destination:ref:to_2": null, "destination:symbol:to_2": null, "destination:to_2": null, "foot_2": null, "footway_2": null, "horse_2": null, "int_ref_2": null, "junction:ref_2": null, "lane_markings_2": null, "lanes_2": null, "layer_2": null, "lit_2": null, "maxspeed_2": null, "maxweight:signed_2": null, "maxweightrating:signed_2": null, "motor_vehicle_2": null, "name:etymology:wikidata_2": null, "nat_ref_2": null, "oneway_2": null, "operator_2": null, "operator:wikidata_2": null, "political_division_2": null, "ref_2": null, "segregated_2": null, "service_2": null, "sidewalk_2": null, "smoothness_2": null, "source:maxspeed_2": null, "surface_2": null, "toll_2": null, "tunnel_2": null, "turn:lanes_2": null, "was:name_2": null, "width_2": null, "zone:maxspeed_2": null }, "geometry": { "type": "MultiPolygon", "coordinates": [ [ [ [ 2.480345775005641, 48.91332858282933 ], [ 2.479874232342717, 48.911569535485604 ], [ 2.478832283601066, 48.912202613456749 ], [ 2.479188719412518, 48.91346857713269 ], [ 2.480345775005641, 48.91332858282933 ] ] ] ] } },
{ "type": "Feature", "properties": { "osm_id": "132451202", "name": null, "highway": "residential", "waterway": null, "aerialway": null, "barrier": null, "man_made": null, "railway": null, "z_order": 3, "other_tags": "\"lit\"=>\"yes\"", "access": null, "bicycle": null, "boundary": null, "bridge": null, "covered": null, "cycleway": null, "cycleway:left": null, "cycleway:right": null, "destination": null, "destination:colour": null, "destination:ref": null, "destination:ref:to": null, "destination:symbol:to": null, "destination:to": null, "foot": null, "footway": null, "horse": null, "int_ref": null, "junction:ref": null, "lane_markings": null, "lanes": null, "layer": null, "lit": "yes", "maxspeed": null, "maxweight:signed": null, "maxweightrating:signed": null, "motor_vehicle": null, "name:etymology:wikidata": null, "nat_ref": null, "oneway": null, "operator": null, "operator:wikidata": null, "political_division": null, "ref": null, "segregated": null, "service": null, "sidewalk": null, "smoothness": null, "source:maxspeed": null, "surface": null, "toll": null, "tunnel": null, "turn:lanes": null, "was:name": null, "width": null, "zone:maxspeed": null, "osm_id_2": "132451202", "name_2": null, "highway_2": "residential", "waterway_2": null, "aerialway_2": null, "barrier_2": null, "man_made_2": null, "railway_2": null, "z_order_2": 3, "other_tags_2": "\"lit\"=>\"yes\"", "access_2": null, "bicycle_2": null, "boundary_2": null, "bridge_2": null, "covered_2": null, "cycleway_2": null, "cycleway:left_2": null, "cycleway:right_2": null, "destination_2": null, "destination:colour_2": null, "destination:ref_2": null, "destination:ref:to_2": null, "destination:symbol:to_2": null, "destination:to_2": null, "foot_2": null, "footway_2": null, "horse_2": null, "int_ref_2": null, "junction:ref_2": null, "lane_markings_2": null, "lanes_2": null, "layer_2": null, "lit_2": "yes", "maxspeed_2": null, "maxweight:signed_2": null, "maxweightrating:signed_2": null, "motor_vehicle_2": null, "name:etymology:wikidata_2": null, "nat_ref_2": null, "oneway_2": null, "operator_2": null, "operator:wikidata_2": null, "political_division_2": null, "ref_2": null, "segregated_2": null, "service_2": null, "sidewalk_2": null, "smoothness_2": null, "source:maxspeed_2": null, "surface_2": null, "toll_2": null, "tunnel_2": null, "turn:lanes_2": null, "was:name_2": null, "width_2": null, "zone:maxspeed_2": null }, "geometry": { "type": "MultiPolygon", "coordinates": [ [ [ [ 2.478712937099405, 48.909832100721736 ], [ 2.478830432252662, 48.909854143630639 ], [ 2.479267066459456, 48.909833899451542 ], [ 2.479511103848201, 48.909511059075996 ], [ 2.479506774699699, 48.909411818997015 ], [ 2.479330613520633, 48.909151154661146 ], [ 2.478752455081401, 48.909301139333756 ], [ 2.478712937099405, 48.909832100721736 ] ] ] ] } },
{ "type": "Feature", "properties": { "osm_id": "398434699", "name": "Rue des Floralies", "highway": "residential", "waterway": null, "aerialway": null, "barrier": null, "man_made": null, "railway": null, "z_order": 3, "other_tags": null, "access": null, "bicycle": null, "boundary": null, "bridge": null, "covered": null, "cycleway": null, "cycleway:left": null, "cycleway:right": null, "destination": null, "destination:colour": null, "destination:ref": null, "destination:ref:to": null, "destination:symbol:to": null, "destination:to": null, "foot": null, "footway": null, "horse": null, "int_ref": null, "junction:ref": null, "lane_markings": null, "lanes": null, "layer": null, "lit": null, "maxspeed": null, "maxweight:signed": null, "maxweightrating:signed": null, "motor_vehicle": null, "name:etymology:wikidata": null, "nat_ref": null, "oneway": null, "operator": null, "operator:wikidata": null, "political_division": null, "ref": null, "segregated": null, "service": null, "sidewalk": null, "smoothness": null, "source:maxspeed": null, "surface": null, "toll": null, "tunnel": null, "turn:lanes": null, "was:name": null, "width": null, "zone:maxspeed": null, "osm_id_2": "25415880", "name_2": "Rue Paul Renaud", "highway_2": "residential", "waterway_2": null, "aerialway_2": null, "barrier_2": null, "man_made_2": null, "railway_2": null, "z_order_2": 3, "other_tags_2": "\"lanes\"=>\"1\",\"lit\"=>\"yes\",\"maxspeed\"=>\"50\",\"oneway\"=>\"yes\",\"sidewalk\"=>\"both\",\"smoothness\"=>\"good\",\"source:maxspeed\"=>\"FR:urban\",\"surface\"=>\"asphalt\"", "access_2": null, "bicycle_2": null, "boundary_2": null, "bridge_2": null, "covered_2": null, "cycleway_2": null, "cycleway:left_2": null, "cycleway:right_2": null, "destination_2": null, "destination:colour_2": null, "destination:ref_2": null, "destination:ref:to_2": null, "destination:symbol:to_2": null, "destination:to_2": null, "foot_2": null, "footway_2": null, "horse_2": null, "int_ref_2": null, "junction:ref_2": null, "lane_markings_2": null, "lanes_2": "1", "layer_2": null, "lit_2": "yes", "maxspeed_2": "50", "maxweight:signed_2": null, "maxweightrating:signed_2": null, "motor_vehicle_2": null, "name:etymology:wikidata_2": null, "nat_ref_2": null, "oneway_2": "yes", "operator_2": null, "operator:wikidata_2": null, "political_division_2": null, "ref_2": null, "segregated_2": null, "service_2": null, "sidewalk_2": "both", "smoothness_2": "good", "source:maxspeed_2": "FR:urban", "surface_2": "asphalt", "toll_2": null, "tunnel_2": null, "turn:lanes_2": null, "was:name_2": null, "width_2": null, "zone:maxspeed_2": null }, "geometry": { "type": "MultiPolygon", "coordinates": [ [ [ [ 2.478720261114753, 48.910937578804194 ], [ 2.479272655995592, 48.911022236536731 ], [ 2.479384479870688, 48.909927226290733 ], [ 2.479267066459456, 48.909833899451542 ], [ 2.478830432252662, 48.909854143630639 ], [ 2.478720261114753, 48.910937578804194 ] ] ] ] } },
{ "type": "Feature", "properties": { "osm_id": "132451204", "name": "Allée des Roses", "highway": "residential", "waterway": null, "aerialway": null, "barrier": null, "man_made": null, "railway": null, "z_order": 3, "other_tags": "\"lit\"=>\"yes\"", "access": null, "bicycle": null, "boundary": null, "bridge": null, "covered": null, "cycleway": null, "cycleway:left": null, "cycleway:right": null, "destination": null, "destination:colour": null, "destination:ref": null, "destination:ref:to": null, "destination:symbol:to": null, "destination:to": null, "foot": null, "footway": null, "horse": null, "int_ref": null, "junction:ref": null, "lane_markings": null, "lanes": null, "layer": null, "lit": "yes", "maxspeed": null, "maxweight:signed": null, "maxweightrating:signed": null, "motor_vehicle": null, "name:etymology:wikidata": null, "nat_ref": null, "oneway": null, "operator": null, "operator:wikidata": null, "political_division": null, "ref": null, "segregated": null, "service": null, "sidewalk": null, "smoothness": null, "source:maxspeed": null, "surface": null, "toll": null, "tunnel": null, "turn:lanes": null, "was:name": null, "width": null, "zone:maxspeed": null, "osm_id_2": "132451779", "name_2": null, "highway_2": "residential", "waterway_2": null, "aerialway_2": null, "barrier_2": null, "man_made_2": null, "railway_2": null, "z_order_2": 3, "other_tags_2": "\"lit\"=>\"yes\"", "access_2": null, "bicycle_2": null, "boundary_2": null, "bridge_2": null, "covered_2": null, "cycleway_2": null, "cycleway:left_2": null, "cycleway:right_2": null, "destination_2": null, "destination:colour_2": null, "destination:ref_2": null, "destination:ref:to_2": null, "destination:symbol:to_2": null, "destination:to_2": null, "foot_2": null, "footway_2": null, "horse_2": null, "int_ref_2": null, "junction:ref_2": null, "lane_markings_2": null, "lanes_2": null, "layer_2": null, "lit_2": "yes", "maxspeed_2": null, "maxweight:signed_2": null, "maxweightrating:signed_2": null, "motor_vehicle_2": null, "name:etymology:wikidata_2": null, "nat_ref_2": null, "oneway_2": null, "operator_2": null, "operator:wikidata_2": null, "political_division_2": null, "ref_2": null, "segregated_2": null, "service_2": null, "sidewalk_2": null, "smoothness_2": null, "source:maxspeed_2": null, "surface_2": null, "toll_2": null, "tunnel_2": null, "turn:lanes_2": null, "was:name_2": null, "width_2": null, "zone:maxspeed_2": null }, "geometry": { "type": "MultiPolygon", "coordinates": [ [ [ [ 2.478135437225959, 48.909076449418322 ], [ 2.479330283916736, 48.909143029804376 ], [ 2.479366752288354, 48.908756456075025 ], [ 2.478183956292519, 48.908700407213693 ], [ 2.478169995137879, 48.908710198875028 ], [ 2.478135437225959, 48.909076449418322 ] ] ] ] } },
{ "type": "Feature", "properties": { "osm_id": "398434518", "name": "Allée Mozart", "highway": "residential", "waterway": null, "aerialway": null, "barrier": null, "man_made": null, "railway": null, "z_order": 3, "other_tags": "\"lanes\"=>\"2\",\"lit\"=>\"yes\",\"maxspeed\"=>\"30\",\"sidewalk\"=>\"both\",\"smoothness\"=>\"good\",\"source:maxspeed\"=>\"Bing\",\"surface\"=>\"asphalt\"", "access": null, "bicycle": null, "boundary": null, "bridge": null, "covered": null, "cycleway": null, "cycleway:left": null, "cycleway:right": null, "destination": null, "destination:colour": null, "destination:ref": null, "destination:ref:to": null, "destination:symbol:to": null, "destination:to": null, "foot": null, "footway": null, "horse": null, "int_ref": null, "junction:ref": null, "lane_markings": null, "lanes": "2", "layer": null, "lit": "yes", "maxspeed": "30", "maxweight:signed": null, "maxweightrating:signed": null, "motor_vehicle": null, "name:etymology:wikidata": null, "nat_ref": null, "oneway": null, "operator": null, "operator:wikidata": null, "political_division": null, "ref": null, "segregated": null, "service": null, "sidewalk": "both", "smoothness": "good", "source:maxspeed": "Bing", "surface": "asphalt", "toll": null, "tunnel": null, "turn:lanes": null, "was:name": null, "width": null, "zone:maxspeed": null, "osm_id_2": "25415880", "name_2": "Rue Paul Renaud", "highway_2": "residential", "waterway_2": null, "aerialway_2": null, "barrier_2": null, "man_made_2": null, "railway_2": null, "z_order_2": 3, "other_tags_2": "\"lanes\"=>\"1\",\"lit\"=>\"yes\",\"maxspeed\"=>\"50\",\"oneway\"=>\"yes\",\"sidewalk\"=>\"both\",\"smoothness\"=>\"good\",\"source:maxspeed\"=>\"FR:urban\",\"surface\"=>\"asphalt\"", "access_2": null, "bicycle_2": null, "boundary_2": null, "bridge_2": null, "covered_2": null, "cycleway_2": null, "cycleway:left_2": null, "cycleway:right_2": null, "destination_2": null, "destination:colour_2": null, "destination:ref_2": null, "destination:ref:to_2": null, "destination:symbol:to_2": null, "destination:to_2": null, "foot_2": null, "footway_2": null, "horse_2": null, "int_ref_2": null, "junction:ref_2": null, "lane_markings_2": null, "lanes_2": "1", "layer_2": null, "lit_2": "yes", "maxspeed_2": "50", "maxweight:signed_2": null, "maxweightrating:signed_2": null, "motor_vehicle_2": null, "name:etymology:wikidata_2": null, "nat_ref_2": null, "oneway_2": "yes", "operator_2": null, "operator:wikidata_2": null, "political_division_2": null, "ref_2": null, "segregated_2": null, "service_2": null, "sidewalk_2": "both", "smoothness_2": "good", "source:maxspeed_2": "FR:urban", "surface_2": "asphalt", "toll_2": null, "tunnel_2": null, "turn:lanes_2": null, "was:name_2": null, "width_2": null, "zone:maxspeed_2": null }, "geometry": { "type": "MultiPolygon", "coordinates": [ [ [ [ 2.47991262684209, 48.911263041617325 ], [ 2.479967760350156, 48.910132839762255 ], [ 2.479661803267421, 48.909995146484682 ], [ 2.479384479870688, 48.909927226290733 ], [ 2.479272655995592, 48.911022236536731 ], [ 2.47991262684209, 48.911263041617325 ] ] ] ] } },
{ "type": "Feature", "properties": { "osm_id": "132451208", "name": null, "highway": "residential", "waterway": null, "aerialway": null, "barrier": null, "man_made": null, "railway": null, "z_order": 3, "other_tags": "\"lit\"=>\"yes\",\"surface\"=>\"asphalt\"", "access": null, "bicycle": null, "boundary": null, "bridge": null, "covered": null, "cycleway": null, "cycleway:left": null, "cycleway:right": null, "destination": null, "destination:colour": null, "destination:ref": null, "destination:ref:to": null, "destination:symbol:to": null, "destination:to": null, "foot": null, "footway": null, "horse": null, "int_ref": null, "junction:ref": null, "lane_markings": null, "lanes": null, "layer": null, "lit": "yes", "maxspeed": null, "maxweight:signed": null, "maxweightrating:signed": null, "motor_vehicle": null, "name:etymology:wikidata": null, "nat_ref": null, "oneway": null, "operator": null, "operator:wikidata": null, "political_division": null, "ref": null, "segregated": null, "service": null, "sidewalk": null, "smoothness": null, "source:maxspeed": null, "surface": "asphalt", "toll": null, "tunnel": null, "turn:lanes": null, "was:name": null, "width": null, "zone:maxspeed": null, "osm_id_2": "25415621", "name_2": "Rue François Martin", "highway_2": "residential", "waterway_2": null, "aerialway_2": null, "barrier_2": null, "man_made_2": null, "railway_2": null, "z_order_2": 3, "other_tags_2": "\"lit\"=>\"yes\",\"surface\"=>\"asphalt\"", "access_2": null, "bicycle_2": null, "boundary_2": null, "bridge_2": null, "covered_2": null, "cycleway_2": null, "cycleway:left_2": null, "cycleway:right_2": null, "destination_2": null, "destination:colour_2": null, "destination:ref_2": null, "destination:ref:to_2": null, "destination:symbol:to_2": null, "destination:to_2": null, "foot_2": null, "footway_2": null, "horse_2": null, "int_ref_2": null, "junction:ref_2": null, "lane_markings_2": null, "lanes_2": null, "layer_2": null, "lit_2": "yes", "maxspeed_2": null, "maxweight:signed_2": null, "maxweightrating:signed_2": null, "motor_vehicle_2": null, "name:etymology:wikidata_2": null, "nat_ref_2": null, "oneway_2": null, "operator_2": null, "operator:wikidata_2": null, "political_division_2": null, "ref_2": null, "segregated_2": null, "service_2": null, "sidewalk_2": null, "smoothness_2": null, "source:maxspeed_2": null, "surface_2": "asphalt", "toll_2": null, "tunnel_2": null, "turn:lanes_2": null, "was:name_2": null, "width_2": null, "zone:maxspeed_2": null }, "geometry": { "type": "MultiPolygon", "coordinates": [ [ [ [ 2.479330613520633, 48.909151154661146 ], [ 2.479506774699699, 48.909411818997015 ], [ 2.479919337691006, 48.909278266962588 ], [ 2.479960272499305, 48.908839885474656 ], [ 2.479411731290419, 48.908729149906655 ], [ 2.479366752288354, 48.908756456075025 ], [ 2.479330283916736, 48.909143029804376 ], [ 2.479330613520633, 48.909151154661146 ] ] ] ] } },
{ "type": "Feature", "properties": { "osm_id": "132451204", "name": "Allée des Roses", "highway": "residential", "waterway": null, "aerialway": null, "barrier": null, "man_made": null, "railway": null, "z_order": 3, "other_tags": "\"lit\"=>\"yes\"", "access": null, "bicycle": null, "boundary": null, "bridge": null, "covered": null, "cycleway": null, "cycleway:left": null, "cycleway:right": null, "destination": null, "destination:colour": null, "destination:ref": null, "destination:ref:to": null, "destination:symbol:to": null, "destination:to": null, "foot": null, "footway": null, "horse": null, "int_ref": null, "junction:ref": null, "lane_markings": null, "lanes": null, "layer": null, "lit": "yes", "maxspeed": null, "maxweight:signed": null, "maxweightrating:signed": null, "motor_vehicle": null, "name:etymology:wikidata": null, "nat_ref": null, "oneway": null, "operator": null, "operator:wikidata": null, "political_division": null, "ref": null, "segregated": null, "service": null, "sidewalk": null, "smoothness": null, "source:maxspeed": null, "surface": null, "toll": null, "tunnel": null, "turn:lanes": null, "was:name": null, "width": null, "zone:maxspeed": null, "osm_id_2": "25415571", "name_2": "Avenue Jean-Baptiste Devillers", "highway_2": "residential", "waterway_2": null, "aerialway_2": null, "barrier_2": null, "man_made_2": null, "railway_2": null, "z_order_2": 3, "other_tags_2": "\"oneway\"=>\"yes\",\"surface\"=>\"asphalt\",\"was:name\"=>\"Chemin Latéral\"", "access_2": null, "bicycle_2": null, "boundary_2": null, "bridge_2": null, "covered_2": null, "cycleway_2": null, "cycleway:left_2": null, "cycleway:right_2": null, "destination_2": null, "destination:colour_2": null, "destination:ref_2": null, "destination:ref:to_2": null, "destination:symbol:to_2": null, "destination:to_2": null, "foot_2": null, "footway_2": null, "horse_2": null, "int_ref_2": null, "junction:ref_2": null, "lane_markings_2": null, "lanes_2": null, "layer_2": null, "lit_2": null, "maxspeed_2": null, "maxweight:signed_2": null, "maxweightrating:signed_2": null, "motor_vehicle_2": null, "name:etymology:wikidata_2": null, "nat_ref_2": null, "oneway_2": "yes", "operator_2": null, "operator:wikidata_2": null, "political_division_2": null, "ref_2": null, "segregated_2": null, "service_2": null, "sidewalk_2": null, "smoothness_2": null, "source:maxspeed_2": null, "surface_2": "asphalt", "toll_2": null, "tunnel_2": null, "turn:lanes_2": null, "was:name_2": "Chemin Latéral", "width_2": null, "zone:maxspeed_2": null }, "geometry": { "type": "MultiPolygon", "coordinates": [ [ [ [ 2.479046950128979, 48.907395984980589 ], [ 2.478236325185228, 48.908087647428701 ], [ 2.478183956292519, 48.908700407213693 ], [ 2.479366752288354, 48.908756456075025 ], [ 2.479411731290419, 48.908729149906655 ], [ 2.479500407107589, 48.908476313855758 ], [ 2.479513046285313, 48.908326750409351 ], [ 2.479491793068388, 48.908209751222344 ], [ 2.479225668578326, 48.907404225498972 ], [ 2.479046950128979, 48.907395984980589 ] ] ] ] } },
{ "type": "Feature", "properties": { "osm_id": "25415571", "name": "Avenue Jean-Baptiste Devillers", "highway": "residential", "waterway": null, "aerialway": null, "barrier": null, "man_made": null, "railway": null, "z_order": 3, "other_tags": "\"oneway\"=>\"yes\",\"surface\"=>\"asphalt\",\"was:name\"=>\"Chemin Latéral\"", "access": null, "bicycle": null, "boundary": null, "bridge": null, "covered": null, "cycleway": null, "cycleway:left": null, "cycleway:right": null, "destination": null, "destination:colour": null, "destination:ref": null, "destination:ref:to": null, "destination:symbol:to": null, "destination:to": null, "foot": null, "footway": null, "horse": null, "int_ref": null, "junction:ref": null, "lane_markings": null, "lanes": null, "layer": null, "lit": null, "maxspeed": null, "maxweight:signed": null, "maxweightrating:signed": null, "motor_vehicle": null, "name:etymology:wikidata": null, "nat_ref": null, "oneway": "yes", "operator": null, "operator:wikidata": null, "political_division": null, "ref": null, "segregated": null, "service": null, "sidewalk": null, "smoothness": null, "source:maxspeed": null, "surface": "asphalt", "toll": null, "tunnel": null, "turn:lanes": null, "was:name": "Chemin Latéral", "width": null, "zone:maxspeed": null, "osm_id_2": "1455500553", "name_2": "Route d'Aulnay", "highway_2": "tertiary", "waterway_2": null, "aerialway_2": null, "barrier_2": null, "man_made_2": null, "railway_2": null, "z_order_2": 4, "other_tags_2": "\"cycleway\"=>\"shared_lane\",\"surface\"=>\"asphalt\"", "access_2": null, "bicycle_2": null, "boundary_2": null, "bridge_2": null, "covered_2": null, "cycleway_2": "shared_lane", "cycleway:left_2": null, "cycleway:right_2": null, "destination_2": null, "destination:colour_2": null, "destination:ref_2": null, "destination:ref:to_2": null, "destination:symbol:to_2": null, "destination:to_2": null, "foot_2": null, "footway_2": null, "horse_2": null, "int_ref_2": null, "junction:ref_2": null, "lane_markings_2": null, "lanes_2": null, "layer_2": null, "lit_2": null, "maxspeed_2": null, "maxweight:signed_2": null, "maxweightrating:signed_2": null, "motor_vehicle_2": null, "name:etymology:wikidata_2": null, "nat_ref_2": null, "oneway_2": null, "operator_2": null, "operator:wikidata_2": null, "political_division_2": null, "ref_2": null, "segregated_2": null, "service_2": null, "sidewalk_2": null, "smoothness_2": null, "source:maxspeed_2": null, "surface_2": "asphalt", "toll_2": null, "tunnel_2": null, "turn:lanes_2": null, "was:name_2": null, "width_2": null, "zone:maxspeed_2": null }, "geometry": { "type": "MultiPolygon", "coordinates": [ [ [ [ 2.479500407107589, 48.908476313855758 ], [ 2.481685192141534, 48.908568688969048 ], [ 2.481668446806446, 48.908414064318464 ], [ 2.479513046285313, 48.908326750409351 ], [ 2.479500407107589, 48.908476313855758 ] ] ] ] } },
{ "type": "Feature", "properties": { "osm_id": "884293836", "name": "Rue Henri Mouly", "highway": "residential", "waterway": null, "aerialway": null, "barrier": null, "man_made": null, "railway": null, "z_order": 3, "other_tags": "\"lit\"=>\"yes\"", "access": null, "bicycle": null, "boundary": null, "bridge": null, "covered": null, "cycleway": null, "cycleway:left": null, "cycleway:right": null, "destination": null, "destination:colour": null, "destination:ref": null, "destination:ref:to": null, "destination:symbol:to": null, "destination:to": null, "foot": null, "footway": null, "horse": null, "int_ref": null, "junction:ref": null, "lane_markings": null, "lanes": null, "layer": null, "lit": "yes", "maxspeed": null, "maxweight:signed": null, "maxweightrating:signed": null, "motor_vehicle": null, "name:etymology:wikidata": null, "nat_ref": null, "oneway": null, "operator": null, "operator:wikidata": null, "political_division": null, "ref": null, "segregated": null, "service": null, "sidewalk": null, "smoothness": null, "source:maxspeed": null, "surface": null, "toll": null, "tunnel": null, "turn:lanes": null, "was:name": null, "width": null, "zone:maxspeed": null, "osm_id_2": "132451201", "name_2": "Rue Henri Mouly", "highway_2": "residential", "waterway_2": null, "aerialway_2": null, "barrier_2": null, "man_made_2": null, "railway_2": null, "z_order_2": 3, "other_tags_2": "\"lit\"=>\"yes\",\"surface\"=>\"asphalt\"", "access_2": null, "bicycle_2": null, "boundary_2": null, "bridge_2": null, "covered_2": null, "cycleway_2": null, "cycleway:left_2": null, "cycleway:right_2": null, "destination_2": null, "destination:colour_2": null, "destination:ref_2": null, "destination:ref:to_2": null, "destination:symbol:to_2": null, "destination:to_2": null, "foot_2": null, "footway_2": null, "horse_2": null, "int_ref_2": null, "junction:ref_2": null, "lane_markings_2": null, "lanes_2": null, "layer_2": null, "lit_2": "yes", "maxspeed_2": null, "maxweight:signed_2": null, "maxweightrating:signed_2": null, "motor_vehicle_2": null, "name:etymology:wikidata_2": null, "nat_ref_2": null, "oneway_2": null, "operator_2": null, "operator:wikidata_2": null, "political_division_2": null, "ref_2": null, "segregated_2": null, "service_2": null, "sidewalk_2": null, "smoothness_2": null, "source:maxspeed_2": null, "surface_2": "asphalt", "toll_2": null, "tunnel_2": null, "turn:lanes_2": null, "was:name_2": null, "width_2": null, "zone:maxspeed_2": null }, "geometry": { "type": "MultiPolygon", "coordinates": [ [ [ [ 2.479384479870688, 48.909927226290733 ], [ 2.479661803267421, 48.909995146484682 ], [ 2.480038825278251, 48.909827754387869 ], [ 2.480061730981402, 48.909574742892531 ], [ 2.479511103848201, 48.909511059075996 ], [ 2.479267066459456, 48.909833899451542 ], [ 2.479384479870688, 48.909927226290733 ] ] ] ] } },
{ "type": "Feature", "properties": { "osm_id": "166156592", "name": "Avenue Jean Moulin", "highway": "tertiary", "waterway": null, "aerialway": null, "barrier": null, "man_made": null, "railway": null, "z_order": 4, "other_tags": null, "access": null, "bicycle": null, "boundary": null, "bridge": null, "covered": null, "cycleway": null, "cycleway:left": null, "cycleway:right": null, "destination": null, "destination:colour": null, "destination:ref": null, "destination:ref:to": null, "destination:symbol:to": null, "destination:to": null, "foot": null, "footway": null, "horse": null, "int_ref": null, "junction:ref": null, "lane_markings": null, "lanes": null, "layer": null, "lit": null, "maxspeed": null, "maxweight:signed": null, "maxweightrating:signed": null, "motor_vehicle": null, "name:etymology:wikidata": null, "nat_ref": null, "oneway": null, "operator": null, "operator:wikidata": null, "political_division": null, "ref": null, "segregated": null, "service": null, "sidewalk": null, "smoothness": null, "source:maxspeed": null, "surface": null, "toll": null, "tunnel": null, "turn:lanes": null, "was:name": null, "width": null, "zone:maxspeed": null, "osm_id_2": "166156592", "name_2": "Avenue Jean Moulin", "highway_2": "tertiary", "waterway_2": null, "aerialway_2": null, "barrier_2": null, "man_made_2": null, "railway_2": null, "z_order_2": 4, "other_tags_2": null, "access_2": null, "bicycle_2": null, "boundary_2": null, "bridge_2": null, "covered_2": null, "cycleway_2": null, "cycleway:left_2": null, "cycleway:right_2": null, "destination_2": null, "destination:colour_2": null, "destination:ref_2": null, "destination:ref:to_2": null, "destination:symbol:to_2": null, "destination:to_2": null, "foot_2": null, "footway_2": null, "horse_2": null, "int_ref_2": null, "junction:ref_2": null, "lane_markings_2": null, "lanes_2": null, "layer_2": null, "lit_2": null, "maxspeed_2": null, "maxweight:signed_2": null, "maxweightrating:signed_2": null, "motor_vehicle_2": null, "name:etymology:wikidata_2": null, "nat_ref_2": null, "oneway_2": null, "operator_2": null, "operator:wikidata_2": null, "political_division_2": null, "ref_2": null, "segregated_2": null, "service_2": null, "sidewalk_2": null, "smoothness_2": null, "source:maxspeed_2": null, "surface_2": null, "toll_2": null, "tunnel_2": null, "turn:lanes_2": null, "was:name_2": null, "width_2": null, "zone:maxspeed_2": null }, "geometry": { "type": "MultiPolygon", "coordinates": [ [ [ [ 2.481188035073152, 48.913226668426297 ], [ 2.480650278972821, 48.911281527182332 ], [ 2.480038681562209, 48.91133532615661 ], [ 2.479907951652672, 48.911513800673177 ], [ 2.479874232342717, 48.911569535485604 ], [ 2.480345775005641, 48.91332858282933 ], [ 2.481188035073152, 48.913226668426297 ] ] ] ] } },
{ "type": "Feature", "properties": { "osm_id": "25415880", "name": "Rue Paul Renaud", "highway": "residential", "waterway": null, "aerialway": null, "barrier": null, "man_made": null, "railway": null, "z_order": 3, "other_tags": "\"lanes\"=>\"1\",\"lit\"=>\"yes\",\"maxspeed\"=>\"50\",\"oneway\"=>\"yes\",\"sidewalk\"=>\"both\",\"smoothness\"=>\"good\",\"source:maxspeed\"=>\"FR:urban\",\"surface\"=>\"asphalt\"", "access": null, "bicycle": null, "boundary": null, "bridge": null, "covered": null, "cycleway": null, "cycleway:left": null, "cycleway:right": null, "destination": null, "destination:colour": null, "destination:ref": null, "destination:ref:to": null, "destination:symbol:to": null, "destination:to": null, "foot": null, "footway": null, "horse": null, "int_ref": null, "junction:ref": null, "lane_markings": null, "lanes": "1", "layer": null, "lit": "yes", "maxspeed": "50", "maxweight:signed": null, "maxweightrating:signed": null, "motor_vehicle": null, "name:etymology:wikidata": null, "nat_ref": null, "oneway": "yes", "operator": null, "operator:wikidata": null, "political_division": null, "ref": null, "segregated": null, "service": null, "sidewalk": "both", "smoothness": "good", "source:maxspeed": "FR:urban", "surface": "asphalt", "toll": null, "tunnel": null, "turn:lanes": null, "was:name": null, "width": null, "zone:maxspeed": null, "osm_id_2": "26567202", "name_2": "Route d'Aulnay", "highway_2": "tertiary", "waterway_2": null, "aerialway_2": null, "barrier_2": null, "man_made_2": null, "railway_2": null, "z_order_2": 4, "other_tags_2": null, "access_2": null, "bicycle_2": null, "boundary_2": null, "bridge_2": null, "covered_2": null, "cycleway_2": null, "cycleway:left_2": null, "cycleway:right_2": null, "destination_2": null, "destination:colour_2": null, "destination:ref_2": null, "destination:ref:to_2": null, "destination:symbol:to_2": null, "destination:to_2": null, "foot_2": null, "footway_2": null, "horse_2": null, "int_ref_2": null, "junction:ref_2": null, "lane_markings_2": null, "lanes_2": null, "layer_2": null, "lit_2": null, "maxspeed_2": null, "maxweight:signed_2": null, "maxweightrating:signed_2": null, "motor_vehicle_2": null, "name:etymology:wikidata_2": null, "nat_ref_2": null, "oneway_2": null, "operator_2": null, "operator:wikidata_2": null, "political_division_2": null, "ref_2": null, "segregated_2": null, "service_2": null, "sidewalk_2": null, "smoothness_2": null, "source:maxspeed_2": null, "surface_2": null, "toll_2": null, "tunnel_2": null, "turn:lanes_2": null, "was:name_2": null, "width_2": null, "zone:maxspeed_2": null }, "geometry": { "type": "MultiPolygon", "coordinates": [ [ [ [ 2.48171352581138, 48.9107333056049 ], [ 2.482077049218483, 48.910701539089949 ], [ 2.481619833996064, 48.909929482533961 ], [ 2.479967760350156, 48.910132839762255 ], [ 2.47991262684209, 48.911263041617325 ], [ 2.480038681562209, 48.91133532615661 ], [ 2.480650278972821, 48.911281527182332 ], [ 2.480899462135793, 48.911226862966821 ], [ 2.481852387760553, 48.910943377979976 ], [ 2.48171352581138, 48.9107333056049 ] ] ] ] } },
{ "type": "Feature", "properties": { "osm_id": "1455500555", "name": "Route d'Aulnay", "highway": "tertiary", "waterway": null, "aerialway": null, "barrier": null, "man_made": null, "railway": null, "z_order": 4, "other_tags": "\"surface\"=>\"asphalt\"", "access": null, "bicycle": null, "boundary": null, "bridge": null, "covered": null, "cycleway": null, "cycleway:left": null, "cycleway:right": null, "destination": null, "destination:colour": null, "destination:ref": null, "destination:ref:to": null, "destination:symbol:to": null, "destination:to": null, "foot": null, "footway": null, "horse": null, "int_ref": null, "junction:ref": null, "lane_markings": null, "lanes": null, "layer": null, "lit": null, "maxspeed": null, "maxweight:signed": null, "maxweightrating:signed": null, "motor_vehicle": null, "name:etymology:wikidata": null, "nat_ref": null, "oneway": null, "operator": null, "operator:wikidata": null, "political_division": null, "ref": null, "segregated": null, "service": null, "sidewalk": null, "smoothness": null, "source:maxspeed": null, "surface": "asphalt", "toll": null, "tunnel": null, "turn:lanes": null, "was:name": null, "width": null, "zone:maxspeed": null, "osm_id_2": "45269985", "name_2": "Avenue de Gueugnon", "highway_2": "unclassified", "waterway_2": null, "aerialway_2": null, "barrier_2": null, "man_made_2": null, "railway_2": null, "z_order_2": 3, "other_tags_2": "\"oneway\"=>\"yes\",\"surface\"=>\"asphalt\"", "access_2": null, "bicycle_2": null, "boundary_2": null, "bridge_2": null, "covered_2": null, "cycleway_2": null, "cycleway:left_2": null, "cycleway:right_2": null, "destination_2": null, "destination:colour_2": null, "destination:ref_2": null, "destination:ref:to_2": null, "destination:symbol:to_2": null, "destination:to_2": null, "foot_2": null, "footway_2": null, "horse_2": null, "int_ref_2": null, "junction:ref_2": null, "lane_markings_2": null, "lanes_2": null, "layer_2": null, "lit_2": null, "maxspeed_2": null, "maxweight:signed_2": null, "maxweightrating:signed_2": null, "motor_vehicle_2": null, "name:etymology:wikidata_2": null, "nat_ref_2": null, "oneway_2": "yes", "operator_2": null, "operator:wikidata_2": null, "political_division_2": null, "ref_2": null, "segregated_2": null, "service_2": null, "sidewalk_2": null, "smoothness_2": null, "source:maxspeed_2": null, "surface_2": "asphalt", "toll_2": null, "tunnel_2": null, "turn:lanes_2": null, "was:name_2": null, "width_2": null, "zone:maxspeed_2": null }, "geometry": { "type": "MultiPolygon", "coordinates": [ [ [ [ 2.479511103848201, 48.909511059075996 ], [ 2.480061730981402, 48.909574742892531 ], [ 2.481555112825222, 48.909547589416668 ], [ 2.481577092693859, 48.909420198936914 ], [ 2.481574088656989, 48.909306523722599 ], [ 2.480028130523997, 48.90925792711726 ], [ 2.479919337691006, 48.909278266962588 ], [ 2.479506774699699, 48.909411818997015 ], [ 2.479511103848201, 48.909511059075996 ] ] ] ] } },
{ "type": "Feature", "properties": { "osm_id": "1455500553", "name": "Route d'Aulnay", "highway": "tertiary", "waterway": null, "aerialway": null, "barrier": null, "man_made": null, "railway": null, "z_order": 4, "other_tags": "\"cycleway\"=>\"shared_lane\",\"surface\"=>\"asphalt\"", "access": null, "bicycle": null, "boundary": null, "bridge": null, "covered": null, "cycleway": "shared_lane", "cycleway:left": null, "cycleway:right": null, "destination": null, "destination:colour": null, "destination:ref": null, "destination:ref:to": null, "destination:symbol:to": null, "destination:to": null, "foot": null, "footway": null, "horse": null, "int_ref": null, "junction:ref": null, "lane_markings": null, "lanes": null, "layer": null, "lit": null, "maxspeed": null, "maxweight:signed": null, "maxweightrating:signed": null, "motor_vehicle": null, "name:etymology:wikidata": null, "nat_ref": null, "oneway": null, "operator": null, "operator:wikidata": null, "political_division": null, "ref": null, "segregated": null, "service": null, "sidewalk": null, "smoothness": null, "source:maxspeed": null, "surface": "asphalt", "toll": null, "tunnel": null, "turn:lanes": null, "was:name": null, "width": null, "zone:maxspeed": null, "osm_id_2": "1455500554", "name_2": "Route d'Aulnay", "highway_2": "tertiary", "waterway_2": null, "aerialway_2": null, "barrier_2": null, "man_made_2": null, "railway_2": null, "z_order_2": 4, "other_tags_2": "\"cycleway:right\"=>\"lane\",\"surface\"=>\"asphalt\"", "access_2": null, "bicycle_2": null, "boundary_2": null, "bridge_2": null, "covered_2": null, "cycleway_2": null, "cycleway:left_2": null, "cycleway:right_2": "lane", "destination_2": null, "destination:colour_2": null, "destination:ref_2": null, "destination:ref:to_2": null, "destination:symbol:to_2": null, "destination:to_2": null, "foot_2": null, "footway_2": null, "horse_2": null, "int_ref_2": null, "junction:ref_2": null, "lane_markings_2": null, "lanes_2": null, "layer_2": null, "lit_2": null, "maxspeed_2": null, "maxweight:signed_2": null, "maxweightrating:signed_2": null, "motor_vehicle_2": null, "name:etymology:wikidata_2": null, "nat_ref_2": null, "oneway_2": null, "operator_2": null, "operator:wikidata_2": null, "political_division_2": null, "ref_2": null, "segregated_2": null, "service_2": null, "sidewalk_2": null, "smoothness_2": null, "source:maxspeed_2": null, "surface_2": "asphalt", "toll_2": null, "tunnel_2": null, "turn:lanes_2": null, "was:name_2": null, "width_2": null, "zone:maxspeed_2": null }, "geometry": { "type": "MultiPolygon", "coordinates": [ [ [ [ 2.479960272499305, 48.908839885474656 ], [ 2.480066194914683, 48.908854122125859 ], [ 2.481598408769002, 48.908902917452735 ], [ 2.481703784921682, 48.908652687276991 ], [ 2.481685192141534, 48.908568688969048 ], [ 2.479500407107589, 48.908476313855758 ], [ 2.479411731290419, 48.908729149906655 ], [ 2.479960272499305, 48.908839885474656 ] ] ] ] } },
{ "type": "Feature", "properties": { "osm_id": "884293837", "name": "Rue François Martin", "highway": "residential", "waterway": null, "aerialway": null, "barrier": null, "man_made": null, "railway": null, "z_order": 3, "other_tags": "\"lit\"=>\"yes\"", "access": null, "bicycle": null, "boundary": null, "bridge": null, "covered": null, "cycleway": null, "cycleway:left": null, "cycleway:right": null, "destination": null, "destination:colour": null, "destination:ref": null, "destination:ref:to": null, "destination:symbol:to": null, "destination:to": null, "foot": null, "footway": null, "horse": null, "int_ref": null, "junction:ref": null, "lane_markings": null, "lanes": null, "layer": null, "lit": "yes", "maxspeed": null, "maxweight:signed": null, "maxweightrating:signed": null, "motor_vehicle": null, "name:etymology:wikidata": null, "nat_ref": null, "oneway": null, "operator": null, "operator:wikidata": null, "political_division": null, "ref": null, "segregated": null, "service": null, "sidewalk": null, "smoothness": null, "source:maxspeed": null, "surface": null, "toll": null, "tunnel": null, "turn:lanes": null, "was:name": null, "width": null, "zone:maxspeed": null, "osm_id_2": "25415621", "name_2": "Rue François Martin", "highway_2": "residential", "waterway_2": null, "aerialway_2": null, "barrier_2": null, "man_made_2": null, "railway_2": null, "z_order_2": 3, "other_tags_2": "\"lit\"=>\"yes\",\"surface\"=>\"asphalt\"", "access_2": null, "bicycle_2": null, "boundary_2": null, "bridge_2": null, "covered_2": null, "cycleway_2": null, "cycleway:left_2": null, "cycleway:right_2": null, "destination_2": null, "destination:colour_2": null, "destination:ref_2": null, "destination:ref:to_2": null, "destination:symbol:to_2": null, "destination:to_2": null, "foot_2": null, "footway_2": null, "horse_2": null, "int_ref_2": null, "junction:ref_2": null, "lane_markings_2": null, "lanes_2": null, "layer_2": null, "lit_2": "yes", "maxspeed_2": null, "maxweight:signed_2": null, "maxweightrating:signed_2": null, "motor_vehicle_2": null, "name:etymology:wikidata_2": null, "nat_ref_2": null, "oneway_2": null, "operator_2": null, "operator:wikidata_2": null, "political_division_2": null, "ref_2": null, "segregated_2": null, "service_2": null, "sidewalk_2": null, "smoothness_2": null, "source:maxspeed_2": null, "surface_2": "asphalt", "toll_2": null, "tunnel_2": null, "turn:lanes_2": null, "was:name_2": null, "width_2": null, "zone:maxspeed_2": null }, "geometry": { "type": "MultiPolygon", "coordinates": [ [ [ [ 2.479960272499305, 48.908839885474656 ], [ 2.479919337691006, 48.909278266962588 ], [ 2.480028130523997, 48.90925792711726 ], [ 2.480066194914683, 48.908854122125859 ], [ 2.479960272499305, 48.908839885474656 ] ] ] ] } },
{ "type": "Feature", "properties": { "osm_id": "884293836", "name": "Rue Henri Mouly", "highway": "residential", "waterway": null, "aerialway": null, "barrier": null, "man_made": null, "railway": null, "z_order": 3, "other_tags": "\"lit\"=>\"yes\"", "access": null, "bicycle": null, "boundary": null, "bridge": null, "covered": null, "cycleway": null, "cycleway:left": null, "cycleway:right": null, "destination": null, "destination:colour": null, "destination:ref": null, "destination:ref:to": null, "destination:symbol:to": null, "destination:to": null, "foot": null, "footway": null, "horse": null, "int_ref": null, "junction:ref": null, "lane_markings": null, "lanes": null, "layer": null, "lit": "yes", "maxspeed": null, "maxweight:signed": null, "maxweightrating:signed": null, "motor_vehicle": null, "name:etymology:wikidata": null, "nat_ref": null, "oneway": null, "operator": null, "operator:wikidata": null, "political_division": null, "ref": null, "segregated": null, "service": null, "sidewalk": null, "smoothness": null, "source:maxspeed": null, "surface": null, "toll": null, "tunnel": null, "turn:lanes": null, "was:name": null, "width": null, "zone:maxspeed": null, "osm_id_2": "1455500555", "name_2": "Route d'Aulnay", "highway_2": "tertiary", "waterway_2": null, "aerialway_2": null, "barrier_2": null, "man_made_2": null, "railway_2": null, "z_order_2": 4, "other_tags_2": "\"surface\"=>\"asphalt\"", "access_2": null, "bicycle_2": null, "boundary_2": null, "bridge_2": null, "covered_2": null, "cycleway_2": null, "cycleway:left_2": null, "cycleway:right_2": null, "destination_2": null, "destination:colour_2": null, "destination:ref_2": null, "destination:ref:to_2": null, "destination:symbol:to_2": null, "destination:to_2": null, "foot_2": null, "footway_2": null, "horse_2": null, "int_ref_2": null, "junction:ref_2": null, "lane_markings_2": null, "lanes_2": null, "layer_2": null, "lit_2": null, "maxspeed_2": null, "maxweight:signed_2": null, "maxweightrating:signed_2": null, "motor_vehicle_2": null, "name:etymology:wikidata_2": null, "nat_ref_2": null, "oneway_2": null, "operator_2": null, "operator:wikidata_2": null, "political_division_2": null, "ref_2": null, "segregated_2": null, "service_2": null, "sidewalk_2": null, "smoothness_2": null, "source:maxspeed_2": null, "surface_2": "asphalt", "toll_2": null, "tunnel_2": null, "turn:lanes_2": null, "was:name_2": null, "width_2": null, "zone:maxspeed_2": null }, "geometry": { "type": "MultiPolygon", "coordinates": [ [ [ [ 2.480038825278251, 48.909827754387869 ], [ 2.481578102526995, 48.90973846305203 ], [ 2.481555112825222, 48.909547589416668 ], [ 2.480061730981402, 48.909574742892531 ], [ 2.480038825278251, 48.909827754387869 ] ] ] ] } },
{ "type": "Feature", "properties": { "osm_id": "45261220", "name": "Avenue Clara Grandet", "highway": "residential", "waterway": null, "aerialway": null, "barrier": null, "man_made": null, "railway": null, "z_order": 3, "other_tags": "\"oneway\"=>\"yes\",\"surface\"=>\"asphalt\"", "access": null, "bicycle": null, "boundary": null, "bridge": null, "covered": null, "cycleway": null, "cycleway:left": null, "cycleway:right": null, "destination": null, "destination:colour": null, "destination:ref": null, "destination:ref:to": null, "destination:symbol:to": null, "destination:to": null, "foot": null, "footway": null, "horse": null, "int_ref": null, "junction:ref": null, "lane_markings": null, "lanes": null, "layer": null, "lit": null, "maxspeed": null, "maxweight:signed": null, "maxweightrating:signed": null, "motor_vehicle": null, "name:etymology:wikidata": null, "nat_ref": null, "oneway": "yes", "operator": null, "operator:wikidata": null, "political_division": null, "ref": null, "segregated": null, "service": null, "sidewalk": null, "smoothness": null, "source:maxspeed": null, "surface": "asphalt", "toll": null, "tunnel": null, "turn:lanes": null, "was:name": null, "width": null, "zone:maxspeed": null, "osm_id_2": "1455500555", "name_2": "Route d'Aulnay", "highway_2": "tertiary", "waterway_2": null, "aerialway_2": null, "barrier_2": null, "man_made_2": null, "railway_2": null, "z_order_2": 4, "other_tags_2": "\"surface\"=>\"asphalt\"", "access_2": null, "bicycle_2": null, "boundary_2": null, "bridge_2": null, "covered_2": null, "cycleway_2": null, "cycleway:left_2": null, "cycleway:right_2": null, "destination_2": null, "destination:colour_2": null, "destination:ref_2": null, "destination:ref:to_2": null, "destination:symbol:to_2": null, "destination:to_2": null, "foot_2": null, "footway_2": null, "horse_2": null, "int_ref_2": null, "junction:ref_2": null, "lane_markings_2": null, "lanes_2": null, "layer_2": null, "lit_2": null, "maxspeed_2": null, "maxweight:signed_2": null, "maxweightrating:signed_2": null, "motor_vehicle_2": null, "name:etymology:wikidata_2": null, "nat_ref_2": null, "oneway_2": null, "operator_2": null, "operator:wikidata_2": null, "political_division_2": null, "ref_2": null, "segregated_2": null, "service_2": null, "sidewalk_2": null, "smoothness_2": null, "source:maxspeed_2": null, "surface_2": "asphalt", "toll_2": null, "tunnel_2": null, "turn:lanes_2": null, "was:name_2": null, "width_2": null, "zone:maxspeed_2": null }, "geometry": { "type": "MultiPolygon", "coordinates": [ [ [ [ 2.479661803267421, 48.909995146484682 ], [ 2.479967760350156, 48.910132839762255 ], [ 2.481619833996064, 48.909929482533961 ], [ 2.481578102526995, 48.90973846305203 ], [ 2.480038825278251, 48.909827754387869 ], [ 2.479661803267421, 48.909995146484682 ] ] ] ] } },
{ "type": "Feature", "properties": { "osm_id": "45261220", "name": "Avenue Clara Grandet", "highway": "residential", "waterway": null, "aerialway": null, "barrier": null, "man_made": null, "railway": null, "z_order": 3, "other_tags": "\"oneway\"=>\"yes\",\"surface\"=>\"asphalt\"", "access": null, "bicycle": null, "boundary": null, "bridge": null, "covered": null, "cycleway": null, "cycleway:left": null, "cycleway:right": null, "destination": null, "destination:colour": null, "destination:ref": null, "destination:ref:to": null, "destination:symbol:to": null, "destination:to": null, "foot": null, "footway": null, "horse": null, "int_ref": null, "junction:ref": null, "lane_markings": null, "lanes": null, "layer": null, "lit": null, "maxspeed": null, "maxweight:signed": null, "maxweightrating:signed": null, "motor_vehicle": null, "name:etymology:wikidata": null, "nat_ref": null, "oneway": "yes", "operator": null, "operator:wikidata": null, "political_division": null, "ref": null, "segregated": null, "service": null, "sidewalk": null, "smoothness": null, "source:maxspeed": null, "surface": "asphalt", "toll": null, "tunnel": null, "turn:lanes": null, "was:name": null, "width": null, "zone:maxspeed": null, "osm_id_2": "45260833", "name_2": "Avenue des Mesarmes", "highway_2": "unclassified", "waterway_2": null, "aerialway_2": null, "barrier_2": null, "man_made_2": null, "railway_2": null, "z_order_2": 3, "other_tags_2": null, "access_2": null, "bicycle_2": null, "boundary_2": null, "bridge_2": null, "covered_2": null, "cycleway_2": null, "cycleway:left_2": null, "cycleway:right_2": null, "destination_2": null, "destination:colour_2": null, "destination:ref_2": null, "destination:ref:to_2": null, "destination:symbol:to_2": null, "destination:to_2": null, "foot_2": null, "footway_2": null, "horse_2": null, "int_ref_2": null, "junction:ref_2": null, "lane_markings_2": null, "lanes_2": null, "layer_2": null, "lit_2": null, "maxspeed_2": null, "maxweight:signed_2": null, "maxweightrating:signed_2": null, "motor_vehicle_2": null, "name:etymology:wikidata_2": null, "nat_ref_2": null, "oneway_2": null, "operator_2": null, "operator:wikidata_2": null, "political_division_2": null, "ref_2": null, "segregated_2": null, "service_2": null, "sidewalk_2": null, "smoothness_2": null, "source:maxspeed_2": null, "surface_2": null, "toll_2": null, "tunnel_2": null, "turn:lanes_2": null, "was:name_2": null, "width_2": null, "zone:maxspeed_2": null }, "geometry": { "type": "MultiPolygon", "coordinates": [ [ [ [ 2.48313832814539, 48.91060879237974 ], [ 2.48347372867553, 48.91051897137924 ], [ 2.48375819704123, 48.910319875732213 ], [ 2.48395743735861, 48.910035508674184 ], [ 2.48404742895046, 48.909700153875285 ], [ 2.484063162316159, 48.909521168204044 ], [ 2.481577092693859, 48.909420198936914 ], [ 2.481555112825222, 48.909547589416668 ], [ 2.481578102526995, 48.90973846305203 ], [ 2.481619833996064, 48.909929482533961 ], [ 2.482077049218483, 48.910701539089949 ], [ 2.48313832814539, 48.91060879237974 ] ] ] ] } },
{ "type": "Feature", "properties": { "osm_id": "1455500555", "name": "Route d'Aulnay", "highway": "tertiary", "waterway": null, "aerialway": null, "barrier": null, "man_made": null, "railway": null, "z_order": 4, "other_tags": "\"surface\"=>\"asphalt\"", "access": null, "bicycle": null, "boundary": null, "bridge": null, "covered": null, "cycleway": null, "cycleway:left": null, "cycleway:right": null, "destination": null, "destination:colour": null, "destination:ref": null, "destination:ref:to": null, "destination:symbol:to": null, "destination:to": null, "foot": null, "footway": null, "horse": null, "int_ref": null, "junction:ref": null, "lane_markings": null, "lanes": null, "layer": null, "lit": null, "maxspeed": null, "maxweight:signed": null, "maxweightrating:signed": null, "motor_vehicle": null, "name:etymology:wikidata": null, "nat_ref": null, "oneway": null, "operator": null, "operator:wikidata": null, "political_division": null, "ref": null, "segregated": null, "service": null, "sidewalk": null, "smoothness": null, "source:maxspeed": null, "surface": "asphalt", "toll": null, "tunnel": null, "turn:lanes": null, "was:name": null, "width": null, "zone:maxspeed": null, "osm_id_2": "1455500554", "name_2": "Route d'Aulnay", "highway_2": "tertiary", "waterway_2": null, "aerialway_2": null, "barrier_2": null, "man_made_2": null, "railway_2": null, "z_order_2": 4, "other_tags_2": "\"cycleway:right\"=>\"lane\",\"surface\"=>\"asphalt\"", "access_2": null, "bicycle_2": null, "boundary_2": null, "bridge_2": null, "covered_2": null, "cycleway_2": null, "cycleway:left_2": null, "cycleway:right_2": "lane", "destination_2": null, "destination:colour_2": null, "destination:ref_2": null, "destination:ref:to_2": null, "destination:symbol:to_2": null, "destination:to_2": null, "foot_2": null, "footway_2": null, "horse_2": null, "int_ref_2": null, "junction:ref_2": null, "lane_markings_2": null, "lanes_2": null, "layer_2": null, "lit_2": null, "maxspeed_2": null, "maxweight:signed_2": null, "maxweightrating:signed_2": null, "motor_vehicle_2": null, "name:etymology:wikidata_2": null, "nat_ref_2": null, "oneway_2": null, "operator_2": null, "operator:wikidata_2": null, "political_division_2": null, "ref_2": null, "segregated_2": null, "service_2": null, "sidewalk_2": null, "smoothness_2": null, "source:maxspeed_2": null, "surface_2": "asphalt", "toll_2": null, "tunnel_2": null, "turn:lanes_2": null, "was:name_2": null, "width_2": null, "zone:maxspeed_2": null }, "geometry": { "type": "MultiPolygon", "coordinates": [ [ [ [ 2.481574088656989, 48.909306523722599 ], [ 2.481601241481457, 48.90914683336316 ], [ 2.481598408769002, 48.908902917452735 ], [ 2.480066194914683, 48.908854122125859 ], [ 2.480028130523997, 48.90925792711726 ], [ 2.481574088656989, 48.909306523722599 ] ] ] ] } },
{ "type": "Feature", "properties": { "osm_id": "45260833", "name": "Avenue des Mesarmes", "highway": "unclassified", "waterway": null, "aerialway": null, "barrier": null, "man_made": null, "railway": null, "z_order": 3, "other_tags": null, "access": null, "bicycle": null, "boundary": null, "bridge": null, "covered": null, "cycleway": null, "cycleway:left": null, "cycleway:right": null, "destination": null, "destination:colour": null, "destination:ref": null, "destination:ref:to": null, "destination:symbol:to": null, "destination:to": null, "foot": null, "footway": null, "horse": null, "int_ref": null, "junction:ref": null, "lane_markings": null, "lanes": null, "layer": null, "lit": null, "maxspeed": null, "maxweight:signed": null, "maxweightrating:signed": null, "motor_vehicle": null, "name:etymology:wikidata": null, "nat_ref": null, "oneway": null, "operator": null, "operator:wikidata": null, "political_division": null, "ref": null, "segregated": null, "service": null, "sidewalk": null, "smoothness": null, "source:maxspeed": null, "surface": null, "toll": null, "tunnel": null, "turn:lanes": null, "was:name": null, "width": null, "zone:maxspeed": null, "osm_id_2": "45260833", "name_2": "Avenue des Mesarmes", "highway_2": "unclassified", "waterway_2": null, "aerialway_2": null, "barrier_2": null, "man_made_2": null, "railway_2": null, "z_order_2": 3, "other_tags_2": null, "access_2": null, "bicycle_2": null, "boundary_2": null, "bridge_2": null, "covered_2": null, "cycleway_2": null, "cycleway:left_2": null, "cycleway:right_2": null, "destination_2": null, "destination:colour_2": null, "destination:ref_2": null, "destination:ref:to_2": null, "destination:symbol:to_2": null, "destination:to_2": null, "foot_2": null, "footway_2": null, "horse_2": null, "int_ref_2": null, "junction:ref_2": null, "lane_markings_2": null, "lanes_2": null, "layer_2": null, "lit_2": null, "maxspeed_2": null, "maxweight:signed_2": null, "maxweightrating:signed_2": null, "motor_vehicle_2": null, "name:etymology:wikidata_2": null, "nat_ref_2": null, "oneway_2": null, "operator_2": null, "operator:wikidata_2": null, "political_division_2": null, "ref_2": null, "segregated_2": null, "service_2": null, "sidewalk_2": null, "smoothness_2": null, "source:maxspeed_2": null, "surface_2": null, "toll_2": null, "tunnel_2": null, "turn:lanes_2": null, "was:name_2": null, "width_2": null, "zone:maxspeed_2": null }, "geometry": { "type": "MultiPolygon", "coordinates": [ [ [ [ 2.484083012103995, 48.909295351520761 ], [ 2.481601241481457, 48.90914683336316 ], [ 2.481574088656989, 48.909306523722599 ], [ 2.481577092693859, 48.909420198936914 ], [ 2.484063162316159, 48.909521168204044 ], [ 2.484083012103995, 48.909295351520761 ] ] ] ] } },
{ "type": "Feature", "properties": { "osm_id": "166156592", "name": "Avenue Jean Moulin", "highway": "tertiary", "waterway": null, "aerialway": null, "barrier": null, "man_made": null, "railway": null, "z_order": 4, "other_tags": null, "access": null, "bicycle": null, "boundary": null, "bridge": null, "covered": null, "cycleway": null, "cycleway:left": null, "cycleway:right": null, "destination": null, "destination:colour": null, "destination:ref": null, "destination:ref:to": null, "destination:symbol:to": null, "destination:to": null, "foot": null, "footway": null, "horse": null, "int_ref": null, "junction:ref": null, "lane_markings": null, "lanes": null, "layer": null, "lit": null, "maxspeed": null, "maxweight:signed": null, "maxweightrating:signed": null, "motor_vehicle": null, "name:etymology:wikidata": null, "nat_ref": null, "oneway": null, "operator": null, "operator:wikidata": null, "political_division": null, "ref": null, "segregated": null, "service": null, "sidewalk": null, "smoothness": null, "source:maxspeed": null, "surface": null, "toll": null, "tunnel": null, "turn:lanes": null, "was:name": null, "width": null, "zone:maxspeed": null, "osm_id_2": "26567202", "name_2": "Route d'Aulnay", "highway_2": "tertiary", "waterway_2": null, "aerialway_2": null, "barrier_2": null, "man_made_2": null, "railway_2": null, "z_order_2": 4, "other_tags_2": null, "access_2": null, "bicycle_2": null, "boundary_2": null, "bridge_2": null, "covered_2": null, "cycleway_2": null, "cycleway:left_2": null, "cycleway:right_2": null, "destination_2": null, "destination:colour_2": null, "destination:ref_2": null, "destination:ref:to_2": null, "destination:symbol:to_2": null, "destination:to_2": null, "foot_2": null, "footway_2": null, "horse_2": null, "int_ref_2": null, "junction:ref_2": null, "lane_markings_2": null, "lanes_2": null, "layer_2": null, "lit_2": null, "maxspeed_2": null, "maxweight:signed_2": null, "maxweightrating:signed_2": null, "motor_vehicle_2": null, "name:etymology:wikidata_2": null, "nat_ref_2": null, "oneway_2": null, "operator_2": null, "operator:wikidata_2": null, "political_division_2": null, "ref_2": null, "segregated_2": null, "service_2": null, "sidewalk_2": null, "smoothness_2": null, "source:maxspeed_2": null, "surface_2": null, "toll_2": null, "tunnel_2": null, "turn:lanes_2": null, "was:name_2": null, "width_2": null, "zone:maxspeed_2": null }, "geometry": { "type": "MultiPolygon", "coordinates": [ [ [ [ 2.48199070187087, 48.912984003114147 ], [ 2.48222482623839, 48.912773526882923 ], [ 2.48238191108008, 48.912500692105326 ], [ 2.48244638701616, 48.912192540653862 ], [ 2.48241186354882, 48.911879614794302 ], [ 2.48228176245301, 48.91159293000532 ], [ 2.481852387760553, 48.910943377979976 ], [ 2.480899462135793, 48.911226862966821 ], [ 2.481763042006774, 48.913084612019368 ], [ 2.48199070187087, 48.912984003114147 ] ] ] ] } },
{ "type": "Feature", "properties": { "osm_id": "1455500553", "name": "Route d'Aulnay", "highway": "tertiary", "waterway": null, "aerialway": null, "barrier": null, "man_made": null, "railway": null, "z_order": 4, "other_tags": "\"cycleway\"=>\"shared_lane\",\"surface\"=>\"asphalt\"", "access": null, "bicycle": null, "boundary": null, "bridge": null, "covered": null, "cycleway": "shared_lane", "cycleway:left": null, "cycleway:right": null, "destination": null, "destination:colour": null, "destination:ref": null, "destination:ref:to": null, "destination:symbol:to": null, "destination:to": null, "foot": null, "footway": null, "horse": null, "int_ref": null, "junction:ref": null, "lane_markings": null, "lanes": null, "layer": null, "lit": null, "maxspeed": null, "maxweight:signed": null, "maxweightrating:signed": null, "motor_vehicle": null, "name:etymology:wikidata": null, "nat_ref": null, "oneway": null, "operator": null, "operator:wikidata": null, "political_division": null, "ref": null, "segregated": null, "service": null, "sidewalk": null, "smoothness": null, "source:maxspeed": null, "surface": "asphalt", "toll": null, "tunnel": null, "turn:lanes": null, "was:name": null, "width": null, "zone:maxspeed": null, "osm_id_2": "1455500553", "name_2": "Route d'Aulnay", "highway_2": "tertiary", "waterway_2": null, "aerialway_2": null, "barrier_2": null, "man_made_2": null, "railway_2": null, "z_order_2": 4, "other_tags_2": "\"cycleway\"=>\"shared_lane\",\"surface\"=>\"asphalt\"", "access_2": null, "bicycle_2": null, "boundary_2": null, "bridge_2": null, "covered_2": null, "cycleway_2": "shared_lane", "cycleway:left_2": null, "cycleway:right_2": null, "destination_2": null, "destination:colour_2": null, "destination:ref_2": null, "destination:ref:to_2": null, "destination:symbol:to_2": null, "destination:to_2": null, "foot_2": null, "footway_2": null, "horse_2": null, "int_ref_2": null, "junction:ref_2": null, "lane_markings_2": null, "lanes_2": null, "layer_2": null, "lit_2": null, "maxspeed_2": null, "maxweight:signed_2": null, "maxweightrating:signed_2": null, "motor_vehicle_2": null, "name:etymology:wikidata_2": null, "nat_ref_2": null, "oneway_2": null, "operator_2": null, "operator:wikidata_2": null, "political_division_2": null, "ref_2": null, "segregated_2": null, "service_2": null, "sidewalk_2": null, "smoothness_2": null, "source:maxspeed_2": null, "surface_2": "asphalt", "toll_2": null, "tunnel_2": null, "turn:lanes_2": null, "was:name_2": null, "width_2": null, "zone:maxspeed_2": null }, "geometry": { "type": "MultiPolygon", "coordinates": [ [ [ [ 2.48115209396209, 48.908278922887156 ], [ 2.481151336417804, 48.908268171846721 ], [ 2.479491793068388, 48.908209751222344 ], [ 2.479513046285313, 48.908326750409351 ], [ 2.481668446806446, 48.908414064318464 ], [ 2.481669517556136, 48.908286408369555 ], [ 2.481243459094291, 48.908271414122147 ], [ 2.48115209396209, 48.908278922887156 ] ] ] ] } },
{ "type": "Feature", "properties": { "osm_id": "338884385", "name": "Route d'Aulnay", "highway": "tertiary", "waterway": null, "aerialway": null, "barrier": null, "man_made": null, "railway": null, "z_order": 4, "other_tags": "\"cycleway\"=>\"lane\",\"surface\"=>\"asphalt\"", "access": null, "bicycle": null, "boundary": null, "bridge": null, "covered": null, "cycleway": "lane", "cycleway:left": null, "cycleway:right": null, "destination": null, "destination:colour": null, "destination:ref": null, "destination:ref:to": null, "destination:symbol:to": null, "destination:to": null, "foot": null, "footway": null, "horse": null, "int_ref": null, "junction:ref": null, "lane_markings": null, "lanes": null, "layer": null, "lit": null, "maxspeed": null, "maxweight:signed": null, "maxweightrating:signed": null, "motor_vehicle": null, "name:etymology:wikidata": null, "nat_ref": null, "oneway": null, "operator": null, "operator:wikidata": null, "political_division": null, "ref": null, "segregated": null, "service": null, "sidewalk": null, "smoothness": null, "source:maxspeed": null, "surface": "asphalt", "toll": null, "tunnel": null, "turn:lanes": null, "was:name": null, "width": null, "zone:maxspeed": null, "osm_id_2": "1455500553", "name_2": "Route d'Aulnay", "highway_2": "tertiary", "waterway_2": null, "aerialway_2": null, "barrier_2": null, "man_made_2": null, "railway_2": null, "z_order_2": 4, "other_tags_2": "\"cycleway\"=>\"shared_lane\",\"surface\"=>\"asphalt\"", "access_2": null, "bicycle_2": null, "boundary_2": null, "bridge_2": null, "covered_2": null, "cycleway_2": "shared_lane", "cycleway:left_2": null, "cycleway:right_2": null, "destination_2": null, "destination:colour_2": null, "destination:ref_2": null, "destination:ref:to_2": null, "destination:symbol:to_2": null, "destination:to_2": null, "foot_2": null, "footway_2": null, "horse_2": null, "int_ref_2": null, "junction:ref_2": null, "lane_markings_2": null, "lanes_2": null, "layer_2": null, "lit_2": null, "maxspeed_2": null, "maxweight:signed_2": null, "maxweightrating:signed_2": null, "motor_vehicle_2": null, "name:etymology:wikidata_2": null, "nat_ref_2": null, "oneway_2": null, "operator_2": null, "operator:wikidata_2": null, "political_division_2": null, "ref_2": null, "segregated_2": null, "service_2": null, "sidewalk_2": null, "smoothness_2": null, "source:maxspeed_2": null, "surface_2": "asphalt", "toll_2": null, "tunnel_2": null, "turn:lanes_2": null, "was:name_2": null, "width_2": null, "zone:maxspeed_2": null }, "geometry": { "type": "MultiPolygon", "coordinates": [ [ [ [ 2.481243459094291, 48.908271414122147 ], [ 2.481669517556136, 48.908286408369555 ], [ 2.48167329412625, 48.908236087497158 ], [ 2.481243459094291, 48.908271414122147 ] ] ], [ [ [ 2.48114788384513, 48.908219173004461 ], [ 2.48102449337928, 48.907921985607175 ], [ 2.48081310662687, 48.907679372340702 ], [ 2.48053561174674, 48.907516454730626 ], [ 2.48022074210058, 48.907450102171516 ], [ 2.479225668578326, 48.907404225498972 ], [ 2.479491793068388, 48.908209751222344 ], [ 2.481151336417804, 48.908268171846721 ], [ 2.48114788384513, 48.908219173004461 ] ] ] ] } },
{ "type": "Feature", "properties": { "osm_id": "45260833", "name": "Avenue des Mesarmes", "highway": "unclassified", "waterway": null, "aerialway": null, "barrier": null, "man_made": null, "railway": null, "z_order": 3, "other_tags": null, "access": null, "bicycle": null, "boundary": null, "bridge": null, "covered": null, "cycleway": null, "cycleway:left": null, "cycleway:right": null, "destination": null, "destination:colour": null, "destination:ref": null, "destination:ref:to": null, "destination:symbol:to": null, "destination:to": null, "foot": null, "footway": null, "horse": null, "int_ref": null, "junction:ref": null, "lane_markings": null, "lanes": null, "layer": null, "lit": null, "maxspeed": null, "maxweight:signed": null, "maxweightrating:signed": null, "motor_vehicle": null, "name:etymology:wikidata": null, "nat_ref": null, "oneway": null, "operator": null, "operator:wikidata": null, "political_division": null, "ref": null, "segregated": null, "service": null, "sidewalk": null, "smoothness": null, "source:maxspeed": null, "surface": null, "toll": null, "tunnel": null, "turn:lanes": null, "was:name": null, "width": null, "zone:maxspeed": null, "osm_id_2": "45269982", "name_2": null, "highway_2": "service", "waterway_2": null, "aerialway_2": null, "barrier_2": null, "man_made_2": null, "railway_2": null, "z_order_2": 0, "other_tags_2": "\"access\"=>\"private\",\"surface\"=>\"asphalt\"", "access_2": "private", "bicycle_2": null, "boundary_2": null, "bridge_2": null, "covered_2": null, "cycleway_2": null, "cycleway:left_2": null, "cycleway:right_2": null, "destination_2": null, "destination:colour_2": null, "destination:ref_2": null, "destination:ref:to_2": null, "destination:symbol:to_2": null, "destination:to_2": null, "foot_2": null, "footway_2": null, "horse_2": null, "int_ref_2": null, "junction:ref_2": null, "lane_markings_2": null, "lanes_2": null, "layer_2": null, "lit_2": null, "maxspeed_2": null, "maxweight:signed_2": null, "maxweightrating:signed_2": null, "motor_vehicle_2": null, "name:etymology:wikidata_2": null, "nat_ref_2": null, "oneway_2": null, "operator_2": null, "operator:wikidata_2": null, "political_division_2": null, "ref_2": null, "segregated_2": null, "service_2": null, "sidewalk_2": null, "smoothness_2": null, "source:maxspeed_2": null, "surface_2": "asphalt", "toll_2": null, "tunnel_2": null, "turn:lanes_2": null, "was:name_2": null, "width_2": null, "zone:maxspeed_2": null }, "geometry": { "type": "MultiPolygon", "coordinates": [ [ [ [ 2.48397549764754, 48.908649842536242 ], [ 2.48380344456977, 48.908417558555499 ], [ 2.4835721397396, 48.908244191358982 ], [ 2.48330091055131, 48.908144227181879 ], [ 2.48301242040306, 48.908126018841806 ], [ 2.48167329412625, 48.908236087497158 ], [ 2.481669517556136, 48.908286408369555 ], [ 2.481668446806446, 48.908414064318464 ], [ 2.481685192141534, 48.908568688969048 ], [ 2.481703784921682, 48.908652687276991 ], [ 2.48400606056205, 48.908734239619882 ], [ 2.48397549764754, 48.908649842536242 ] ] ] ] } },
{ "type": "Feature", "properties": { "osm_id": "166156592", "name": "Avenue Jean Moulin", "highway": "tertiary", "waterway": null, "aerialway": null, "barrier": null, "man_made": null, "railway": null, "z_order": 4, "other_tags": null, "access": null, "bicycle": null, "boundary": null, "bridge": null, "covered": null, "cycleway": null, "cycleway:left": null, "cycleway:right": null, "destination": null, "destination:colour": null, "destination:ref": null, "destination:ref:to": null, "destination:symbol:to": null, "destination:to": null, "foot": null, "footway": null, "horse": null, "int_ref": null, "junction:ref": null, "lane_markings": null, "lanes": null, "layer": null, "lit": null, "maxspeed": null, "maxweight:signed": null, "maxweightrating:signed": null, "motor_vehicle": null, "name:etymology:wikidata": null, "nat_ref": null, "oneway": null, "operator": null, "operator:wikidata": null, "political_division": null, "ref": null, "segregated": null, "service": null, "sidewalk": null, "smoothness": null, "source:maxspeed": null, "surface": null, "toll": null, "tunnel": null, "turn:lanes": null, "was:name": null, "width": null, "zone:maxspeed": null, "osm_id_2": "166156592", "name_2": "Avenue Jean Moulin", "highway_2": "tertiary", "waterway_2": null, "aerialway_2": null, "barrier_2": null, "man_made_2": null, "railway_2": null, "z_order_2": 4, "other_tags_2": null, "access_2": null, "bicycle_2": null, "boundary_2": null, "bridge_2": null, "covered_2": null, "cycleway_2": null, "cycleway:left_2": null, "cycleway:right_2": null, "destination_2": null, "destination:colour_2": null, "destination:ref_2": null, "destination:ref:to_2": null, "destination:symbol:to_2": null, "destination:to_2": null, "foot_2": null, "footway_2": null, "horse_2": null, "int_ref_2": null, "junction:ref_2": null, "lane_markings_2": null, "lanes_2": null, "layer_2": null, "lit_2": null, "maxspeed_2": null, "maxweight:signed_2": null, "maxweightrating:signed_2": null, "motor_vehicle_2": null, "name:etymology:wikidata_2": null, "nat_ref_2": null, "oneway_2": null, "operator_2": null, "operator:wikidata_2": null, "political_division_2": null, "ref_2": null, "segregated_2": null, "service_2": null, "sidewalk_2": null, "smoothness_2": null, "source:maxspeed_2": null, "surface_2": null, "toll_2": null, "tunnel_2": null, "turn:lanes_2": null, "was:name_2": null, "width_2": null, "zone:maxspeed_2": null }, "geometry": { "type": "MultiPolygon", "coordinates": [ [ [ [ 2.48126260741446, 48.913217644773766 ], [ 2.48139768607058, 48.913191774531242 ], [ 2.48170274308859, 48.913111259560253 ], [ 2.481763042006774, 48.913084612019368 ], [ 2.480899462135793, 48.911226862966821 ], [ 2.480650278972821, 48.911281527182332 ], [ 2.481188035073152, 48.913226668426297 ], [ 2.48126260741446, 48.913217644773766 ] ] ] ] } },
{ "type": "Feature", "properties": { "osm_id": "45260833", "name": "Avenue des Mesarmes", "highway": "unclassified", "waterway": null, "aerialway": null, "barrier": null, "man_made": null, "railway": null, "z_order": 3, "other_tags": null, "access": null, "bicycle": null, "boundary": null, "bridge": null, "covered": null, "cycleway": null, "cycleway:left": null, "cycleway:right": null, "destination": null, "destination:colour": null, "destination:ref": null, "destination:ref:to": null, "destination:symbol:to": null, "destination:to": null, "foot": null, "footway": null, "horse": null, "int_ref": null, "junction:ref": null, "lane_markings": null, "lanes": null, "layer": null, "lit": null, "maxspeed": null, "maxweight:signed": null, "maxweightrating:signed": null, "motor_vehicle": null, "name:etymology:wikidata": null, "nat_ref": null, "oneway": null, "operator": null, "operator:wikidata": null, "political_division": null, "ref": null, "segregated": null, "service": null, "sidewalk": null, "smoothness": null, "source:maxspeed": null, "surface": null, "toll": null, "tunnel": null, "turn:lanes": null, "was:name": null, "width": null, "zone:maxspeed": null, "osm_id_2": "45269985", "name_2": "Avenue de Gueugnon", "highway_2": "unclassified", "waterway_2": null, "aerialway_2": null, "barrier_2": null, "man_made_2": null, "railway_2": null, "z_order_2": 3, "other_tags_2": "\"oneway\"=>\"yes\",\"surface\"=>\"asphalt\"", "access_2": null, "bicycle_2": null, "boundary_2": null, "bridge_2": null, "covered_2": null, "cycleway_2": null, "cycleway:left_2": null, "cycleway:right_2": null, "destination_2": null, "destination:colour_2": null, "destination:ref_2": null, "destination:ref:to_2": null, "destination:symbol:to_2": null, "destination:to_2": null, "foot_2": null, "footway_2": null, "horse_2": null, "int_ref_2": null, "junction:ref_2": null, "lane_markings_2": null, "lanes_2": null, "layer_2": null, "lit_2": null, "maxspeed_2": null, "maxweight:signed_2": null, "maxweightrating:signed_2": null, "motor_vehicle_2": null, "name:etymology:wikidata_2": null, "nat_ref_2": null, "oneway_2": "yes", "operator_2": null, "operator:wikidata_2": null, "political_division_2": null, "ref_2": null, "segregated_2": null, "service_2": null, "sidewalk_2": null, "smoothness_2": null, "source:maxspeed_2": null, "surface_2": "asphalt", "toll_2": null, "tunnel_2": null, "turn:lanes_2": null, "was:name_2": null, "width_2": null, "zone:maxspeed_2": null }, "geometry": { "type": "MultiPolygon", "coordinates": [ [ [ [ 2.48409049505812, 48.909210222831277 ], [ 2.48407392254305, 48.908921634090966 ], [ 2.48400606056205, 48.908734239619882 ], [ 2.481703784921682, 48.908652687276991 ], [ 2.481598408769002, 48.908902917452735 ], [ 2.481601241481457, 48.90914683336316 ], [ 2.484083012103995, 48.909295351520761 ], [ 2.48409049505812, 48.909210222831277 ] ] ] ] } }
]
}
