{
"type": "FeatureCollection",
"name": "raw_buffers",
"crs": { "type": "name", "properties": { "name": "urn:ogc:def:crs:OGC:1.3:CRS84" } },
"xy_coordinate_resolution": 1e-15,
"features": [
{ "type": "Feature", "properties": { "osm_id": "25415571", "name": "Avenue Jean-Baptiste Devillers", "highway": "residential", "waterway": null, "aerialway": null, "barrier": null, "man_made": null, "railway": null, "z_order": 3, "other_tags": "\"oneway\"=>\"yes\",\"surface\"=>\"asphalt\",\"was:name\"=>\"Chemin Latéral\"", "access": null, "bicycle": null, "boundary": null, "bridge": null, "covered": null, "cycleway": null, "cycleway:left": null, "cycleway:right": null, "destination": null, "destination:colour": null, "destination:ref": null, "destination:ref:to": null, "destination:symbol:to": null, "destination:to": null, "foot": null, "footway": null, "horse": null, "int_ref": null, "junction:ref": null, "lane_markings": null, "lanes": null, "layer": null, "lit": null, "maxspeed": null, "maxweight:signed": null, "maxweightrating:signed": null, "motor_vehicle": null, "name:etymology:wikidata": null, "nat_ref": null, "oneway": "yes", "operator": null, "operator:wikidata": null, "political_division": null, "ref": null, "segregated": null, "service": null, "sidewalk": null, "smoothness": null, "source:maxspeed": null, "surface": "asphalt", "toll": null, "tunnel": null, "turn:lanes": null, "was:name": "Chemin Latéral", "width": "8", "zone:maxspeed": null, "id_on_layer": 1 }, "geometry": { "type": "MultiPolygon", "coordinates": [ [ [ [ 2.480084552052345, 48.908381322572453 ], [ 2.480084169388372, 48.908381307900143 ], [ 2.478927674266315, 48.908339108077939 ], [ 2.478856578050033, 48.908336508216301 ], [ 2.478849021943198, 48.90842629178325 ], [ 2.478920122006695, 48.908428891785547 ], [ 2.480076439241468, 48.908471085117604 ], [ 2.480155848011238, 48.908474277429882 ], [ 2.480164151981326, 48.908384522569627 ], [ 2.480084552052345, 48.908381322572453 ] ] ] ] } },
{ "type": "Feature", "properties": { "osm_id": "25415571", "name": "Avenue Jean-Baptiste Devillers", "highway": "residential", "waterway": null, "aerialway": null, "barrier": null, "man_made": null, "railway": null, "z_order": 3, "other_tags": "\"oneway\"=>\"yes\",\"surface\"=>\"asphalt\",\"was:name\"=>\"Chemin Latéral\"", "access": null, "bicycle": null, "boundary": null, "bridge": null, "covered": null, "cycleway": null, "cycleway:left": null, "cycleway:right": null, "destination": null, "destination:colour": null, "destination:ref": null, "destination:ref:to": null, "destination:symbol:to": null, "destination:to": null, "foot": null, "footway": null, "horse": null, "int_ref": null, "junction:ref": null, "lane_markings": null, "lanes": null, "layer": null, "lit": null, "maxspeed": null, "maxweight:signed": null, "maxweightrating:signed": null, "motor_vehicle": null, "name:etymology:wikidata": null, "nat_ref": null, "oneway": "yes", "operator": null, "operator:wikidata": null, "political_division": null, "ref": null, "segregated": null, "service": null, "sidewalk": null, "smoothness": null, "source:maxspeed": null, "surface": "asphalt", "toll": null, "tunnel": null, "turn:lanes": null, "was:name": "Chemin Latéral", "width": "8", "zone:maxspeed": null, "id_on_layer": 2 }, "geometry": { "type": "MultiPolygon", "coordinates": [ [ [ [ 2.478122947076926, 48.908295599076041 ], [ 2.47811843266647, 48.90829544653311 ], [ 2.477631754014279, 48.908289646787516 ], [ 2.477574974997135, 48.908288947046096 ], [ 2.477572425000577, 48.90837885295354 ], [ 2.47762922505151, 48.908379552954173 ], [ 2.478113706285756, 48.908385326526414 ], [ 2.478847053565722, 48.908426200959667 ], [ 2.478858546424004, 48.908336599039721 ], [ 2.478122947076926, 48.908295599076041 ] ] ] ] } },
{ "type": "Feature", "properties": { "osm_id": "25415571", "name": "Avenue Jean-Baptiste Devillers", "highway": "residential", "waterway": null, "aerialway": null, "barrier": null, "man_made": null, "railway": null, "z_order": 3, "other_tags": "\"oneway\"=>\"yes\",\"surface\"=>\"asphalt\",\"was:name\"=>\"Chemin Latéral\"", "access": null, "bicycle": null, "boundary": null, "bridge": null, "covered": null, "cycleway": null, "cycleway:left": null, "cycleway:right": null, "destination": null, "destination:colour": null, "destination:ref": null, "destination:ref:to": null, "destination:symbol:to": null, "destination:to": null, "foot": null, "footway": null, "horse": null, "int_ref": null, "junction:ref": null, "lane_markings": null, "lanes": null, "layer": null, "lit": null, "maxspeed": null, "maxweight:signed": null, "maxweightrating:signed": null, "motor_vehicle": null, "name:etymology:wikidata": null, "nat_ref": null, "oneway": "yes", "operator": null, "operator:wikidata": null, "political_division": null, "ref": null, "segregated": null, "service": null, "sidewalk": null, "smoothness": null, "source:maxspeed": null, "surface": "asphalt", "toll": null, "tunnel": null, "turn:lanes": null, "was:name": "Chemin Latéral", "width": "8", "zone:maxspeed": null, "id_on_layer": 3 }, "geometry": { "type": "MultiPolygon", "coordinates": [ [ [ [ 2.4775051266372, 48.908284258365953 ], [ 2.476296053551017, 48.908204960131087 ], [ 2.476282546436922, 48.908294439868165 ], [ 2.477491647505692, 48.908373739938348 ], [ 2.477566999295411, 48.908378643321598 ], [ 2.477580400692624, 48.908289156677654 ], [ 2.4775051266372, 48.908284258365953 ] ] ] ] } },
{ "type": "Feature", "properties": { "osm_id": "25415571", "name": "Avenue Jean-Baptiste Devillers", "highway": "residential", "waterway": null, "aerialway": null, "barrier": null, "man_made": null, "railway": null, "z_order": 3, "other_tags": "\"oneway\"=>\"yes\",\"surface\"=>\"asphalt\",\"was:name\"=>\"Chemin Latéral\"", "access": null, "bicycle": null, "boundary": null, "bridge": null, "covered": null, "cycleway": null, "cycleway:left": null, "cycleway:right": null, "destination": null, "destination:colour": null, "destination:ref": null, "destination:ref:to": null, "destination:symbol:to": null, "destination:to": null, "foot": null, "footway": null, "horse": null, "int_ref": null, "junction:ref": null, "lane_markings": null, "lanes": null, "layer": null, "lit": null, "maxspeed": null, "maxweight:signed": null, "maxweightrating:signed": null, "motor_vehicle": null, "name:etymology:wikidata": null, "nat_ref": null, "oneway": "yes", "operator": null, "operator:wikidata": null, "political_division": null, "ref": null, "segregated": null, "service": null, "sidewalk": null, "smoothness": null, "source:maxspeed": null, "surface": "asphalt", "toll": null, "tunnel": null, "turn:lanes": null, "was:name": "Chemin Latéral", "width": "8", "zone:maxspeed": null, "id_on_layer": 4 }, "geometry": { "type": "MultiPolygon", "coordinates": [ [ [ [ 2.476184453988728, 48.908198510818409 ], [ 2.476183635855259, 48.908198466829582 ], [ 2.474970336934524, 48.908138066883154 ], [ 2.474893630247225, 48.908134266548799 ], [ 2.473573149664219, 48.908068367517572 ], [ 2.473562850326565, 48.908158032481843 ], [ 2.474883351501134, 48.908223932540317 ], [ 2.474960075544731, 48.908227733738016 ], [ 2.476172954868172, 48.908288112798054 ], [ 2.476283346098896, 48.908294489186623 ], [ 2.47629525389046, 48.908204910812728 ], [ 2.476184453988728, 48.908198510818409 ] ] ] ] } },
{ "type": "Feature", "properties": { "osm_id": "25415621", "name": "Rue François Martin", "highway": "residential", "waterway": null, "aerialway": null, "barrier": null, "man_made": null, "railway": null, "z_order": 3, "other_tags": "\"lit\"=>\"yes\",\"surface\"=>\"asphalt\"", "access": null, "bicycle": null, "boundary": null, "bridge": null, "covered": null, "cycleway": null, "cycleway:left": null, "cycleway:right": null, "destination": null, "destination:colour": null, "destination:ref": null, "destination:ref:to": null, "destination:symbol:to": null, "destination:to": null, "foot": null, "footway": null, "horse": null, "int_ref": null, "junction:ref": null, "lane_markings": null, "lanes": null, "layer": null, "lit": "yes", "maxspeed": null, "maxweight:signed": null, "maxweightrating:signed": null, "motor_vehicle": null, "name:etymology:wikidata": null, "nat_ref": null, "oneway": null, "operator": null, "operator:wikidata": null, "political_division": null, "ref": null, "segregated": null, "service": null, "sidewalk": null, "smoothness": null, "source:maxspeed": null, "surface": "asphalt", "toll": null, "tunnel": null, "turn:lanes": null, "was:name": null, "width": "9.882281695227324", "zone:maxspeed": null, "id_on_layer": 5 }, "geometry": { "type": "MultiPolygon", "coordinates": [ [ [ [ 2.479896579181144, 48.909071577221575 ], [ 2.479886620808261, 48.909178222777712 ], [ 2.479970420897093, 48.909181622781297 ], [ 2.479980379092313, 48.909074977217983 ], [ 2.479896579181144, 48.909071577221575 ] ] ] ] } },
{ "type": "Feature", "properties": { "osm_id": "25415621", "name": "Rue François Martin", "highway": "residential", "waterway": null, "aerialway": null, "barrier": null, "man_made": null, "railway": null, "z_order": 3, "other_tags": "\"lit\"=>\"yes\",\"surface\"=>\"asphalt\"", "access": null, "bicycle": null, "boundary": null, "bridge": null, "covered": null, "cycleway": null, "cycleway:left": null, "cycleway:right": null, "destination": null, "destination:colour": null, "destination:ref": null, "destination:ref:to": null, "destination:symbol:to": null, "destination:to": null, "foot": null, "footway": null, "horse": null, "int_ref": null, "junction:ref": null, "lane_markings": null, "lanes": null, "layer": null, "lit": "yes", "maxspeed": null, "maxweight:signed": null, "maxweightrating:signed": null, "motor_vehicle": null, "name:etymology:wikidata": null, "nat_ref": null, "oneway": null, "operator": null, "operator:wikidata": null, "political_division": null, "ref": null, "segregated": null, "service": null, "sidewalk": null, "smoothness": null, "source:maxspeed": null, "surface": "asphalt", "toll": null, "tunnel": null, "turn:lanes": null, "was:name": null, "width": "6.557221705373719", "zone:maxspeed": null, "id_on_layer": 6 }, "geometry": { "type": "MultiPolygon", "coordinates": [ [ [ [ 2.47878032298172, 48.909040800233775 ], [ 2.478773077012727, 48.90911759976585 ], [ 2.479887977863755, 48.909163299800568 ], [ 2.479895222130695, 48.909086500199074 ], [ 2.47878032298172, 48.909040800233775 ] ] ] ] } },
{ "type": "Feature", "properties": { "osm_id": "25415621", "name": "Rue François Martin", "highway": "residential", "waterway": null, "aerialway": null, "barrier": null, "man_made": null, "railway": null, "z_order": 3, "other_tags": "\"lit\"=>\"yes\",\"surface\"=>\"asphalt\"", "access": null, "bicycle": null, "boundary": null, "bridge": null, "covered": null, "cycleway": null, "cycleway:left": null, "cycleway:right": null, "destination": null, "destination:colour": null, "destination:ref": null, "destination:ref:to": null, "destination:symbol:to": null, "destination:to": null, "foot": null, "footway": null, "horse": null, "int_ref": null, "junction:ref": null, "lane_markings": null, "lanes": null, "layer": null, "lit": "yes", "maxspeed": null, "maxweight:signed": null, "maxweightrating:signed": null, "motor_vehicle": null, "name:etymology:wikidata": null, "nat_ref": null, "oneway": null, "operator": null, "operator:wikidata": null, "political_division": null, "ref": null, "segregated": null, "service": null, "sidewalk": null, "smoothness": null, "source:maxspeed": null, "surface": "asphalt", "toll": null, "tunnel": null, "turn:lanes": null, "was:name": null, "width": "7.670611945261992", "zone:maxspeed": null, "id_on_layer": 7 }, "geometry": { "type": "MultiPolygon", "coordinates": [ [ [ [ 2.477502695243315, 48.908983404030238 ], [ 2.477494504749592, 48.909070195969278 ], [ 2.478772605852124, 48.909122596014257 ], [ 2.478780794140785, 48.909035803985269 ], [ 2.477502695243315, 48.908983404030238 ] ] ] ] } },
{ "type": "Feature", "properties": { "osm_id": "25415621", "name": "Rue François Martin", "highway": "residential", "waterway": null, "aerialway": null, "barrier": null, "man_made": null, "railway": null, "z_order": 3, "other_tags": "\"lit\"=>\"yes\",\"surface\"=>\"asphalt\"", "access": null, "bicycle": null, "boundary": null, "bridge": null, "covered": null, "cycleway": null, "cycleway:left": null, "cycleway:right": null, "destination": null, "destination:colour": null, "destination:ref": null, "destination:ref:to": null, "destination:symbol:to": null, "destination:to": null, "foot": null, "footway": null, "horse": null, "int_ref": null, "junction:ref": null, "lane_markings": null, "lanes": null, "layer": null, "lit": "yes", "maxspeed": null, "maxweight:signed": null, "maxweightrating:signed": null, "motor_vehicle": null, "name:etymology:wikidata": null, "nat_ref": null, "oneway": null, "operator": null, "operator:wikidata": null, "political_division": null, "ref": null, "segregated": null, "service": null, "sidewalk": null, "smoothness": null, "source:maxspeed": null, "surface": "asphalt", "toll": null, "tunnel": null, "turn:lanes": null, "was:name": null, "width": "7.118185094489695", "zone:maxspeed": null, "id_on_layer": 8 }, "geometry": { "type": "MultiPolygon", "coordinates": [ [ [ [ 2.476391052623839, 48.908932113890117 ], [ 2.476381947368732, 48.909013886109399 ], [ 2.477494048271202, 48.909067686152916 ], [ 2.47750315172137, 48.908985913846593 ], [ 2.476391052623839, 48.908932113890117 ] ] ] ] } },
{ "type": "Feature", "properties": { "osm_id": "25415621", "name": "Rue François Martin", "highway": "residential", "waterway": null, "aerialway": null, "barrier": null, "man_made": null, "railway": null, "z_order": 3, "other_tags": "\"lit\"=>\"yes\",\"surface\"=>\"asphalt\"", "access": null, "bicycle": null, "boundary": null, "bridge": null, "covered": null, "cycleway": null, "cycleway:left": null, "cycleway:right": null, "destination": null, "destination:colour": null, "destination:ref": null, "destination:ref:to": null, "destination:symbol:to": null, "destination:to": null, "foot": null, "footway": null, "horse": null, "int_ref": null, "junction:ref": null, "lane_markings": null, "lanes": null, "layer": null, "lit": "yes", "maxspeed": null, "maxweight:signed": null, "maxweightrating:signed": null, "motor_vehicle": null, "name:etymology:wikidata": null, "nat_ref": null, "oneway": null, "operator": null, "operator:wikidata": null, "political_division": null, "ref": null, "segregated": null, "service": null, "sidewalk": null, "smoothness": null, "source:maxspeed": null, "surface": "asphalt", "toll": null, "tunnel": null, "turn:lanes": null, "was:name": null, "width": "7.237037355604979", "zone:maxspeed": null, "id_on_layer": 9 }, "geometry": { "type": "MultiPolygon", "coordinates": [ [ [ [ 2.47619845378225, 48.9089223781572 ], [ 2.476189346210221, 48.909005221842307 ], [ 2.476381946368585, 48.909014421849847 ], [ 2.476391053623886, 48.908931578149655 ], [ 2.47619845378225, 48.9089223781572 ] ] ] ] } },
{ "type": "Feature", "properties": { "osm_id": "25415621", "name": "Rue François Martin", "highway": "residential", "waterway": null, "aerialway": null, "barrier": null, "man_made": null, "railway": null, "z_order": 3, "other_tags": "\"lit\"=>\"yes\",\"surface\"=>\"asphalt\"", "access": null, "bicycle": null, "boundary": null, "bridge": null, "covered": null, "cycleway": null, "cycleway:left": null, "cycleway:right": null, "destination": null, "destination:colour": null, "destination:ref": null, "destination:ref:to": null, "destination:symbol:to": null, "destination:to": null, "foot": null, "footway": null, "horse": null, "int_ref": null, "junction:ref": null, "lane_markings": null, "lanes": null, "layer": null, "lit": "yes", "maxspeed": null, "maxweight:signed": null, "maxweightrating:signed": null, "motor_vehicle": null, "name:etymology:wikidata": null, "nat_ref": null, "oneway": null, "operator": null, "operator:wikidata": null, "political_division": null, "ref": null, "segregated": null, "service": null, "sidewalk": null, "smoothness": null, "source:maxspeed": null, "surface": "asphalt", "toll": null, "tunnel": null, "turn:lanes": null, "was:name": null, "width": "7.281591531502585", "zone:maxspeed": null, "id_on_layer": 10 }, "geometry": { "type": "MultiPolygon", "coordinates": [ [ [ [ 2.475903545126848, 48.908910346260171 ], [ 2.475895854866759, 48.90899365373938 ], [ 2.476190055110396, 48.90900545374911 ], [ 2.476197744883211, 48.90892214625044 ], [ 2.475903545126848, 48.908910346260171 ] ] ] ] } },
{ "type": "Feature", "properties": { "osm_id": "25415621", "name": "Rue François Martin", "highway": "residential", "waterway": null, "aerialway": null, "barrier": null, "man_made": null, "railway": null, "z_order": 3, "other_tags": "\"lit\"=>\"yes\",\"surface\"=>\"asphalt\"", "access": null, "bicycle": null, "boundary": null, "bridge": null, "covered": null, "cycleway": null, "cycleway:left": null, "cycleway:right": null, "destination": null, "destination:colour": null, "destination:ref": null, "destination:ref:to": null, "destination:symbol:to": null, "destination:to": null, "foot": null, "footway": null, "horse": null, "int_ref": null, "junction:ref": null, "lane_markings": null, "lanes": null, "layer": null, "lit": "yes", "maxspeed": null, "maxweight:signed": null, "maxweightrating:signed": null, "motor_vehicle": null, "name:etymology:wikidata": null, "nat_ref": null, "oneway": null, "operator": null, "operator:wikidata": null, "political_division": null, "ref": null, "segregated": null, "service": null, "sidewalk": null, "smoothness": null, "source:maxspeed": null, "surface": "asphalt", "toll": null, "tunnel": null, "turn:lanes": null, "was:name": null, "width": "6.388169123488318", "zone:maxspeed": null, "id_on_layer": 11 }, "geometry": { "type": "MultiPolygon", "coordinates": [ [ [ [ 2.475076443569741, 48.908874785150481 ], [ 2.475068156424037, 48.908950014849104 ], [ 2.47589555704182, 48.908989614878585 ], [ 2.475903842951959, 48.908914385121008 ], [ 2.475076443569741, 48.908874785150481 ] ] ] ] } },
{ "type": "Feature", "properties": { "osm_id": "25415621", "name": "Rue François Martin", "highway": "residential", "waterway": null, "aerialway": null, "barrier": null, "man_made": null, "railway": null, "z_order": 3, "other_tags": "\"lit\"=>\"yes\",\"surface\"=>\"asphalt\"", "access": null, "bicycle": null, "boundary": null, "bridge": null, "covered": null, "cycleway": null, "cycleway:left": null, "cycleway:right": null, "destination": null, "destination:colour": null, "destination:ref": null, "destination:ref:to": null, "destination:symbol:to": null, "destination:to": null, "foot": null, "footway": null, "horse": null, "int_ref": null, "junction:ref": null, "lane_markings": null, "lanes": null, "layer": null, "lit": "yes", "maxspeed": null, "maxweight:signed": null, "maxweightrating:signed": null, "motor_vehicle": null, "name:etymology:wikidata": null, "nat_ref": null, "oneway": null, "operator": null, "operator:wikidata": null, "political_division": null, "ref": null, "segregated": null, "service": null, "sidewalk": null, "smoothness": null, "source:maxspeed": null, "surface": "asphalt", "toll": null, "tunnel": null, "turn:lanes": null, "was:name": null, "width": "6.535891070496172", "zone:maxspeed": null, "id_on_layer": 12 }, "geometry": { "type": "MultiPolygon", "coordinates": [ [ [ [ 2.474894114100323, 48.908865813268825 ], [ 2.474886085893542, 48.908942386730772 ], [ 2.475068286032081, 48.90895068673705 ], [ 2.475076313961784, 48.908874113262542 ], [ 2.474894114100323, 48.908865813268825 ] ] ] ] } },
{ "type": "Feature", "properties": { "osm_id": "25415621", "name": "Rue François Martin", "highway": "residential", "waterway": null, "aerialway": null, "barrier": null, "man_made": null, "railway": null, "z_order": 3, "other_tags": "\"lit\"=>\"yes\",\"surface\"=>\"asphalt\"", "access": null, "bicycle": null, "boundary": null, "bridge": null, "covered": null, "cycleway": null, "cycleway:left": null, "cycleway:right": null, "destination": null, "destination:colour": null, "destination:ref": null, "destination:ref:to": null, "destination:symbol:to": null, "destination:to": null, "foot": null, "footway": null, "horse": null, "int_ref": null, "junction:ref": null, "lane_markings": null, "lanes": null, "layer": null, "lit": "yes", "maxspeed": null, "maxweight:signed": null, "maxweightrating:signed": null, "motor_vehicle": null, "name:etymology:wikidata": null, "nat_ref": null, "oneway": null, "operator": null, "operator:wikidata": null, "political_division": null, "ref": null, "segregated": null, "service": null, "sidewalk": null, "smoothness": null, "source:maxspeed": null, "surface": "asphalt", "toll": null, "tunnel": null, "turn:lanes": null, "was:name": null, "width": "8", "zone:maxspeed": null, "id_on_layer": 13 }, "geometry": { "type": "MultiPolygon", "coordinates": [ [ [ [ 2.474805529486567, 48.908855242875816 ], [ 2.474796270505142, 48.908944957123637 ], [ 2.474885470584619, 48.90894895712718 ], [ 2.474894729407092, 48.908859242872275 ], [ 2.474805529486567, 48.908855242875816 ] ] ] ] } },
{ "type": "Feature", "properties": { "osm_id": "25415621", "name": "Rue François Martin", "highway": "residential", "waterway": null, "aerialway": null, "barrier": null, "man_made": null, "railway": null, "z_order": 3, "other_tags": "\"lit\"=>\"yes\",\"surface\"=>\"asphalt\"", "access": null, "bicycle": null, "boundary": null, "bridge": null, "covered": null, "cycleway": null, "cycleway:left": null, "cycleway:right": null, "destination": null, "destination:colour": null, "destination:ref": null, "destination:ref:to": null, "destination:symbol:to": null, "destination:to": null, "foot": null, "footway": null, "horse": null, "int_ref": null, "junction:ref": null, "lane_markings": null, "lanes": null, "layer": null, "lit": "yes", "maxspeed": null, "maxweight:signed": null, "maxweightrating:signed": null, "motor_vehicle": null, "name:etymology:wikidata": null, "nat_ref": null, "oneway": null, "operator": null, "operator:wikidata": null, "political_division": null, "ref": null, "segregated": null, "service": null, "sidewalk": null, "smoothness": null, "source:maxspeed": null, "surface": "asphalt", "toll": null, "tunnel": null, "turn:lanes": null, "was:name": null, "width": "6.313270511307735", "zone:maxspeed": null, "id_on_layer": 14 }, "geometry": { "type": "MultiPolygon", "coordinates": [ [ [ [ 2.474611506914849, 48.908854011693379 ], [ 2.474603693079336, 48.908928588306239 ], [ 2.474796993222484, 48.908937388312729 ], [ 2.474804806771701, 48.90886281168688 ], [ 2.474611506914849, 48.908854011693379 ] ] ] ] } },
{ "type": "Feature", "properties": { "osm_id": "25415880", "name": "Rue Paul Renaud", "highway": "residential", "waterway": null, "aerialway": null, "barrier": null, "man_made": null, "railway": null, "z_order": 3, "other_tags": "\"lanes\"=>\"1\",\"lit\"=>\"yes\",\"maxspeed\"=>\"50\",\"oneway\"=>\"yes\",\"sidewalk\"=>\"both\",\"smoothness\"=>\"good\",\"source:maxspeed\"=>\"FR:urban\",\"surface\"=>\"asphalt\"", "access": null, "bicycle": null, "boundary": null, "bridge": null, "covered": null, "cycleway": null, "cycleway:left": null, "cycleway:right": null, "destination": null, "destination:colour": null, "destination:ref": null, "destination:ref:to": null, "destination:symbol:to": null, "destination:to": null, "foot": null, "footway": null, "horse": null, "int_ref": null, "junction:ref": null, "lane_markings": null, "lanes": "1", "layer": null, "lit": "yes", "maxspeed": "50", "maxweight:signed": null, "maxweightrating:signed": null, "motor_vehicle": null, "name:etymology:wikidata": null, "nat_ref": null, "oneway": "yes", "operator": null, "operator:wikidata": null, "political_division": null, "ref": null, "segregated": null, "service": null, "sidewalk": "both", "smoothness": "good", "source:maxspeed": "FR:urban", "surface": "asphalt", "toll": null, "tunnel": null, "turn:lanes": null, "was:name": null, "width": "6", "zone:maxspeed": null, "id_on_layer": 15 }, "geometry": { "type": "MultiPolygon", "coordinates": [ [ [ [ 2.480112324511107, 48.910298929906332 ], [ 2.47967674455619, 48.910279711678903 ], [ 2.479669455438589, 48.910351488320742 ], [ 2.480109155752091, 48.910370888334526 ], [ 2.480117389813351, 48.910370841173894 ], [ 2.480248589906524, 48.910363541168721 ], [ 2.480239410100043, 48.910291858830867 ], [ 2.480112324511107, 48.910298929906332 ] ] ] ] } },
{ "type": "Feature", "properties": { "osm_id": "25415880", "name": "Rue Paul Renaud", "highway": "residential", "waterway": null, "aerialway": null, "barrier": null, "man_made": null, "railway": null, "z_order": 3, "other_tags": "\"lanes\"=>\"1\",\"lit\"=>\"yes\",\"maxspeed\"=>\"50\",\"oneway\"=>\"yes\",\"sidewalk\"=>\"both\",\"smoothness\"=>\"good\",\"source:maxspeed\"=>\"FR:urban\",\"surface\"=>\"asphalt\"", "access": null, "bicycle": null, "boundary": null, "bridge": null, "covered": null, "cycleway": null, "cycleway:left": null, "cycleway:right": null, "destination": null, "destination:colour": null, "destination:ref": null, "destination:ref:to": null, "destination:symbol:to": null, "destination:to": null, "foot": null, "footway": null, "horse": null, "int_ref": null, "junction:ref": null, "lane_markings": null, "lanes": "1", "layer": null, "lit": "yes", "maxspeed": "50", "maxweight:signed": null, "maxweightrating:signed": null, "motor_vehicle": null, "name:etymology:wikidata": null, "nat_ref": null, "oneway": "yes", "operator": null, "operator:wikidata": null, "political_division": null, "ref": null, "segregated": null, "service": null, "sidewalk": "both", "smoothness": "good", "source:maxspeed": "FR:urban", "surface": "asphalt", "toll": null, "tunnel": null, "turn:lanes": null, "was:name": null, "width": "6", "zone:maxspeed": null, "id_on_layer": 16 }, "geometry": { "type": "MultiPolygon", "coordinates": [ [ [ [ 2.479547774339374, 48.910273817507736 ], [ 2.479547637708266, 48.910273811377024 ], [ 2.479023138082237, 48.910250711393424 ], [ 2.479015861912553, 48.910322488606234 ], [ 2.479540293964711, 48.910345585613769 ], [ 2.479669325747223, 48.910351482496083 ], [ 2.479676874247371, 48.910279717503542 ], [ 2.479547774339374, 48.910273817507736 ] ] ] ] } },
{ "type": "Feature", "properties": { "osm_id": "25415880", "name": "Rue Paul Renaud", "highway": "residential", "waterway": null, "aerialway": null, "barrier": null, "man_made": null, "railway": null, "z_order": 3, "other_tags": "\"lanes\"=>\"1\",\"lit\"=>\"yes\",\"maxspeed\"=>\"50\",\"oneway\"=>\"yes\",\"sidewalk\"=>\"both\",\"smoothness\"=>\"good\",\"source:maxspeed\"=>\"FR:urban\",\"surface\"=>\"asphalt\"", "access": null, "bicycle": null, "boundary": null, "bridge": null, "covered": null, "cycleway": null, "cycleway:left": null, "cycleway:right": null, "destination": null, "destination:colour": null, "destination:ref": null, "destination:ref:to": null, "destination:symbol:to": null, "destination:to": null, "foot": null, "footway": null, "horse": null, "int_ref": null, "junction:ref": null, "lane_markings": null, "lanes": "1", "layer": null, "lit": "yes", "maxspeed": "50", "maxweight:signed": null, "maxweightrating:signed": null, "motor_vehicle": null, "name:etymology:wikidata": null, "nat_ref": null, "oneway": "yes", "operator": null, "operator:wikidata": null, "political_division": null, "ref": null, "segregated": null, "service": null, "sidewalk": "both", "smoothness": "good", "source:maxspeed": "FR:urban", "surface": "asphalt", "toll": null, "tunnel": null, "turn:lanes": null, "was:name": null, "width": "8", "zone:maxspeed": null, "id_on_layer": 17 }, "geometry": { "type": "MultiPolygon", "coordinates": [ [ [ [ 2.478560061868042, 48.910221239870985 ], [ 2.478550938123791, 48.910310960128491 ], [ 2.479014938537317, 48.910331460146679 ], [ 2.479024061454517, 48.910241739852793 ], [ 2.478560061868042, 48.910221239870985 ] ] ] ] } },
{ "type": "Feature", "properties": { "osm_id": "25415880", "name": "Rue Paul Renaud", "highway": "residential", "waterway": null, "aerialway": null, "barrier": null, "man_made": null, "railway": null, "z_order": 3, "other_tags": "\"lanes\"=>\"1\",\"lit\"=>\"yes\",\"maxspeed\"=>\"50\",\"oneway\"=>\"yes\",\"sidewalk\"=>\"both\",\"smoothness\"=>\"good\",\"source:maxspeed\"=>\"FR:urban\",\"surface\"=>\"asphalt\"", "access": null, "bicycle": null, "boundary": null, "bridge": null, "covered": null, "cycleway": null, "cycleway:left": null, "cycleway:right": null, "destination": null, "destination:colour": null, "destination:ref": null, "destination:ref:to": null, "destination:symbol:to": null, "destination:to": null, "foot": null, "footway": null, "horse": null, "int_ref": null, "junction:ref": null, "lane_markings": null, "lanes": "1", "layer": null, "lit": "yes", "maxspeed": "50", "maxweight:signed": null, "maxweightrating:signed": null, "motor_vehicle": null, "name:etymology:wikidata": null, "nat_ref": null, "oneway": "yes", "operator": null, "operator:wikidata": null, "political_division": null, "ref": null, "segregated": null, "service": null, "sidewalk": "both", "smoothness": "good", "source:maxspeed": "FR:urban", "surface": "asphalt", "toll": null, "tunnel": null, "turn:lanes": null, "was:name": null, "width": "9.86115146457875", "zone:maxspeed": null, "id_on_layer": 18 }, "geometry": { "type": "MultiPolygon", "coordinates": [ [ [ [ 2.478191131237764, 48.91019649162164 ], [ 2.478180268750702, 48.910302908377602 ], [ 2.478550069141594, 48.910319308394875 ], [ 2.478560930846874, 48.910212891604395 ], [ 2.478191131237764, 48.91019649162164 ] ] ] ] } },
{ "type": "Feature", "properties": { "osm_id": "25415880", "name": "Rue Paul Renaud", "highway": "residential", "waterway": null, "aerialway": null, "barrier": null, "man_made": null, "railway": null, "z_order": 3, "other_tags": "\"lanes\"=>\"1\",\"lit\"=>\"yes\",\"maxspeed\"=>\"50\",\"oneway\"=>\"yes\",\"sidewalk\"=>\"both\",\"smoothness\"=>\"good\",\"source:maxspeed\"=>\"FR:urban\",\"surface\"=>\"asphalt\"", "access": null, "bicycle": null, "boundary": null, "bridge": null, "covered": null, "cycleway": null, "cycleway:left": null, "cycleway:right": null, "destination": null, "destination:colour": null, "destination:ref": null, "destination:ref:to": null, "destination:symbol:to": null, "destination:to": null, "foot": null, "footway": null, "horse": null, "int_ref": null, "junction:ref": null, "lane_markings": null, "lanes": "1", "layer": null, "lit": "yes", "maxspeed": "50", "maxweight:signed": null, "maxweightrating:signed": null, "motor_vehicle": null, "name:etymology:wikidata": null, "nat_ref": null, "oneway": "yes", "operator": null, "operator:wikidata": null, "political_division": null, "ref": null, "segregated": null, "service": null, "sidewalk": "both", "smoothness": "good", "source:maxspeed": "FR:urban", "surface": "asphalt", "toll": null, "tunnel": null, "turn:lanes": null, "was:name": null, "width": "8", "zone:maxspeed": null, "id_on_layer": 19 }, "geometry": { "type": "MultiPolygon", "coordinates": [ [ [ [ 2.478034369753469, 48.910197940219597 ], [ 2.477166569109284, 48.910159540190939 ], [ 2.477157430882534, 48.910249259808545 ], [ 2.4780252313138, 48.910287659827482 ], [ 2.478181130377286, 48.910294559785989 ], [ 2.478190269614532, 48.91020484021346 ], [ 2.478034369753469, 48.910197940219597 ] ] ] ] } },
{ "type": "Feature", "properties": { "osm_id": "25415880", "name": "Rue Paul Renaud", "highway": "residential", "waterway": null, "aerialway": null, "barrier": null, "man_made": null, "railway": null, "z_order": 3, "other_tags": "\"lanes\"=>\"1\",\"lit\"=>\"yes\",\"maxspeed\"=>\"50\",\"oneway\"=>\"yes\",\"sidewalk\"=>\"both\",\"smoothness\"=>\"good\",\"source:maxspeed\"=>\"FR:urban\",\"surface\"=>\"asphalt\"", "access": null, "bicycle": null, "boundary": null, "bridge": null, "covered": null, "cycleway": null, "cycleway:left": null, "cycleway:right": null, "destination": null, "destination:colour": null, "destination:ref": null, "destination:ref:to": null, "destination:symbol:to": null, "destination:to": null, "foot": null, "footway": null, "horse": null, "int_ref": null, "junction:ref": null, "lane_markings": null, "lanes": "1", "layer": null, "lit": "yes", "maxspeed": "50", "maxweight:signed": null, "maxweightrating:signed": null, "motor_vehicle": null, "name:etymology:wikidata": null, "nat_ref": null, "oneway": "yes", "operator": null, "operator:wikidata": null, "political_division": null, "ref": null, "segregated": null, "service": null, "sidewalk": "both", "smoothness": "good", "source:maxspeed": "FR:urban", "surface": "asphalt", "toll": null, "tunnel": null, "turn:lanes": null, "was:name": null, "width": "9.561236293633847", "zone:maxspeed": null, "id_on_layer": 20 }, "geometry": { "type": "MultiPolygon", "coordinates": [ [ [ [ 2.476585291815196, 48.910126736929186 ], [ 2.476577428524836, 48.910126647405122 ], [ 2.476540228563363, 48.910127447404292 ], [ 2.476532458561411, 48.910127868660538 ], [ 2.476495758598492, 48.910131068657293 ], [ 2.476488428106559, 48.910131941761001 ], [ 2.47643102816152, 48.910140641752278 ], [ 2.476426482526928, 48.910141425394869 ], [ 2.476370682577679, 48.910152225384209 ], [ 2.476358764367751, 48.910155242073941 ], [ 2.476257664440493, 48.91018724204428 ], [ 2.47625235902391, 48.910189088165637 ], [ 2.476232659035703, 48.910196588158961 ], [ 2.47621433484688, 48.910206214231408 ], [ 2.476111834835458, 48.910278914180545 ], [ 2.476227365246125, 48.910349685790322 ], [ 2.476321800124222, 48.910282706082171 ], [ 2.476328641641558, 48.91028010144246 ], [ 2.476421262422118, 48.910250785266292 ], [ 2.476468662412183, 48.910241611073026 ], [ 2.476520137991827, 48.910233809025236 ], [ 2.476549272265858, 48.910231268707058 ], [ 2.476578636436728, 48.910230637219513 ], [ 2.477156708773487, 48.910256263096578 ], [ 2.477167291215558, 48.910152536902736 ], [ 2.476585291815196, 48.910126736929186 ] ] ] ] } },
{ "type": "Feature", "properties": { "osm_id": "26558781", "name": "Avenue Henri Varagnat", "highway": "tertiary", "waterway": null, "aerialway": null, "barrier": null, "man_made": null, "railway": null, "z_order": 4, "other_tags": "\"surface\"=>\"asphalt\"", "access": null, "bicycle": null, "boundary": null, "bridge": null, "covered": null, "cycleway": null, "cycleway:left": null, "cycleway:right": null, "destination": null, "destination:colour": null, "destination:ref": null, "destination:ref:to": null, "destination:symbol:to": null, "destination:to": null, "foot": null, "footway": null, "horse": null, "int_ref": null, "junction:ref": null, "lane_markings": null, "lanes": null, "layer": null, "lit": null, "maxspeed": null, "maxweight:signed": null, "maxweightrating:signed": null, "motor_vehicle": null, "name:etymology:wikidata": null, "nat_ref": null, "oneway": null, "operator": null, "operator:wikidata": null, "political_division": null, "ref": null, "segregated": null, "service": null, "sidewalk": null, "smoothness": null, "source:maxspeed": null, "surface": "asphalt", "toll": null, "tunnel": null, "turn:lanes": null, "was:name": null, "width": "8", "zone:maxspeed": null, "id_on_layer": 24 }, "geometry": { "type": "MultiPolygon", "coordinates": [ [ [ [ 2.481494805235354, 48.912293330772307 ], [ 2.481497176570489, 48.912297213384335 ], [ 2.481550779793396, 48.912374398200591 ], [ 2.481898720778388, 48.91292557216255 ], [ 2.482024679178191, 48.91289102780302 ], [ 2.481676278604613, 48.912339127991622 ], [ 2.481675323459401, 48.912337686553421 ], [ 2.481622546291403, 48.912261691472089 ], [ 2.481553194576696, 48.912130869230658 ], [ 2.481424405385183, 48.912160530733338 ], [ 2.481494805235354, 48.912293330772307 ] ] ] ] } },
{ "type": "Feature", "properties": { "osm_id": "26567202", "name": "Route d'Aulnay", "highway": "tertiary", "waterway": null, "aerialway": null, "barrier": null, "man_made": null, "railway": null, "z_order": 4, "other_tags": null, "access": null, "bicycle": null, "boundary": null, "bridge": null, "covered": null, "cycleway": null, "cycleway:left": null, "cycleway:right": null, "destination": null, "destination:colour": null, "destination:ref": null, "destination:ref:to": null, "destination:symbol:to": null, "destination:to": null, "foot": null, "footway": null, "horse": null, "int_ref": null, "junction:ref": null, "lane_markings": null, "lanes": null, "layer": null, "lit": null, "maxspeed": null, "maxweight:signed": null, "maxweightrating:signed": null, "motor_vehicle": null, "name:etymology:wikidata": null, "nat_ref": null, "oneway": null, "operator": null, "operator:wikidata": null, "political_division": null, "ref": null, "segregated": null, "service": null, "sidewalk": null, "smoothness": null, "source:maxspeed": null, "surface": null, "toll": null, "tunnel": null, "turn:lanes": null, "was:name": null, "width": "8", "zone:maxspeed": null, "id_on_layer": 26 }, "geometry": { "type": "MultiPolygon", "coordinates": [ [ [ [ 2.481390543405644, 48.911931923751318 ], [ 2.481150700261835, 48.911576239997814 ], [ 2.480905783739469, 48.911208166140597 ], [ 2.480599599790092, 48.910746491208904 ], [ 2.480599481068163, 48.910746313243365 ], [ 2.480306380630781, 48.91030951340052 ], [ 2.480181619323937, 48.910345886565679 ], [ 2.480474659233466, 48.910782597823939 ], [ 2.480780799699164, 48.911244208921659 ], [ 2.480780832777624, 48.911244258716167 ], [ 2.48102583240691, 48.911612458847713 ], [ 2.481025967731677, 48.911612660869963 ], [ 2.481266967374917, 48.911970060999074 ], [ 2.481269334736084, 48.91197323008803 ], [ 2.481428834572258, 48.912167130170239 ], [ 2.481548765376448, 48.912124269798483 ], [ 2.481390543405644, 48.911931923751318 ] ] ] ] } },
{ "type": "Feature", "properties": { "osm_id": "30091649", "name": null, "highway": "residential", "waterway": null, "aerialway": null, "barrier": null, "man_made": null, "railway": null, "z_order": -17, "other_tags": "\"layer\"=>\"-1\",\"oneway\"=>\"yes\",\"tunnel\"=>\"yes\"", "access": null, "bicycle": null, "boundary": null, "bridge": null, "covered": null, "cycleway": null, "cycleway:left": null, "cycleway:right": null, "destination": null, "destination:colour": null, "destination:ref": null, "destination:ref:to": null, "destination:symbol:to": null, "destination:to": null, "foot": null, "footway": null, "horse": null, "int_ref": null, "junction:ref": null, "lane_markings": null, "lanes": null, "layer": "-1", "lit": null, "maxspeed": null, "maxweight:signed": null, "maxweightrating:signed": null, "motor_vehicle": null, "name:etymology:wikidata": null, "nat_ref": null, "oneway": "yes", "operator": null, "operator:wikidata": null, "political_division": null, "ref": null, "segregated": null, "service": null, "sidewalk": null, "smoothness": null, "source:maxspeed": null, "surface": null, "toll": null, "tunnel": "yes", "turn:lanes": null, "was:name": null, "width": "8", "zone:maxspeed": null, "id_on_layer": 27 }, "geometry": { "type": "MultiPolygon", "coordinates": [ [ [ [ 2.473318429605107, 48.908064101878821 ], [ 2.473315011496845, 48.908153995268641 ], [ 2.473566291169565, 48.908158146698405 ], [ 2.473569708827368, 48.908068253301202 ], [ 2.473318429605107, 48.908064101878821 ] ] ] ] } },
{ "type": "Feature", "properties": { "osm_id": "30091649", "name": null, "highway": "residential", "waterway": null, "aerialway": null, "barrier": null, "man_made": null, "railway": null, "z_order": -17, "other_tags": "\"layer\"=>\"-1\",\"oneway\"=>\"yes\",\"tunnel\"=>\"yes\"", "access": null, "bicycle": null, "boundary": null, "bridge": null, "covered": null, "cycleway": null, "cycleway:left": null, "cycleway:right": null, "destination": null, "destination:colour": null, "destination:ref": null, "destination:ref:to": null, "destination:symbol:to": null, "destination:to": null, "foot": null, "footway": null, "horse": null, "int_ref": null, "junction:ref": null, "lane_markings": null, "lanes": null, "layer": "-1", "lit": null, "maxspeed": null, "maxweight:signed": null, "maxweightrating:signed": null, "motor_vehicle": null, "name:etymology:wikidata": null, "nat_ref": null, "oneway": "yes", "operator": null, "operator:wikidata": null, "political_division": null, "ref": null, "segregated": null, "service": null, "sidewalk": null, "smoothness": null, "source:maxspeed": null, "surface": null, "toll": null, "tunnel": "yes", "turn:lanes": null, "was:name": null, "width": "8", "zone:maxspeed": null, "id_on_layer": 28 }, "geometry": { "type": "MultiPolygon", "coordinates": [ [ [ [ 2.47308978060865, 48.908060323857534 ], [ 2.473086362090504, 48.908150217240618 ], [ 2.473315011496849, 48.908153995268641 ], [ 2.473318429605103, 48.908064101878821 ], [ 2.47308978060865, 48.908060323857534 ] ] ] ] } },
{ "type": "Feature", "properties": { "osm_id": "30091649", "name": null, "highway": "residential", "waterway": null, "aerialway": null, "barrier": null, "man_made": null, "railway": null, "z_order": -17, "other_tags": "\"layer\"=>\"-1\",\"oneway\"=>\"yes\",\"tunnel\"=>\"yes\"", "access": null, "bicycle": null, "boundary": null, "bridge": null, "covered": null, "cycleway": null, "cycleway:left": null, "cycleway:right": null, "destination": null, "destination:colour": null, "destination:ref": null, "destination:ref:to": null, "destination:symbol:to": null, "destination:to": null, "foot": null, "footway": null, "horse": null, "int_ref": null, "junction:ref": null, "lane_markings": null, "lanes": null, "layer": "-1", "lit": null, "maxspeed": null, "maxweight:signed": null, "maxweightrating:signed": null, "motor_vehicle": null, "name:etymology:wikidata": null, "nat_ref": null, "oneway": "yes", "operator": null, "operator:wikidata": null, "political_division": null, "ref": null, "segregated": null, "service": null, "sidewalk": null, "smoothness": null, "source:maxspeed": null, "surface": null, "toll": null, "tunnel": "yes", "turn:lanes": null, "was:name": null, "width": "8", "zone:maxspeed": null, "id_on_layer": 29 }, "geometry": { "type": "MultiPolygon", "coordinates": [ [ [ [ 2.472849509472904, 48.908056353311814 ], [ 2.472846090524026, 48.908146246687821 ], [ 2.473086362090501, 48.908150217240618 ], [ 2.473089780608653, 48.908060323857534 ], [ 2.472849509472904, 48.908056353311814 ] ] ] ] } },
{ "type": "Feature", "properties": { "osm_id": "30091651", "name": null, "highway": "unclassified", "waterway": null, "aerialway": null, "barrier": null, "man_made": null, "railway": null, "z_order": 3, "other_tags": "\"oneway\"=>\"yes\"", "access": null, "bicycle": null, "boundary": null, "bridge": null, "covered": null, "cycleway": null, "cycleway:left": null, "cycleway:right": null, "destination": null, "destination:colour": null, "destination:ref": null, "destination:ref:to": null, "destination:symbol:to": null, "destination:to": null, "foot": null, "footway": null, "horse": null, "int_ref": null, "junction:ref": null, "lane_markings": null, "lanes": null, "layer": null, "lit": null, "maxspeed": null, "maxweight:signed": null, "maxweightrating:signed": null, "motor_vehicle": null, "name:etymology:wikidata": null, "nat_ref": null, "oneway": "yes", "operator": null, "operator:wikidata": null, "political_division": null, "ref": null, "segregated": null, "service": null, "sidewalk": null, "smoothness": null, "source:maxspeed": null, "surface": null, "toll": null, "tunnel": null, "turn:lanes": null, "was:name": null, "width": "8", "zone:maxspeed": null, "id_on_layer": 30 }, "geometry": { "type": "MultiPolygon", "coordinates": [ [ [ [ 2.472412146370017, 48.908240431580268 ], [ 2.472530653682645, 48.908284968389168 ], [ 2.472680453544433, 48.908111768312899 ], [ 2.472561946508228, 48.908067231656595 ], [ 2.472412146370017, 48.908240431580268 ] ] ] ] } },
{ "type": "Feature", "properties": { "osm_id": "30115126", "name": "Chemin de Groslay", "highway": "tertiary", "waterway": null, "aerialway": null, "barrier": null, "man_made": null, "railway": null, "z_order": 4, "other_tags": null, "access": null, "bicycle": null, "boundary": null, "bridge": null, "covered": null, "cycleway": null, "cycleway:left": null, "cycleway:right": null, "destination": null, "destination:colour": null, "destination:ref": null, "destination:ref:to": null, "destination:symbol:to": null, "destination:to": null, "foot": null, "footway": null, "horse": null, "int_ref": null, "junction:ref": null, "lane_markings": null, "lanes": null, "layer": null, "lit": null, "maxspeed": null, "maxweight:signed": null, "maxweightrating:signed": null, "motor_vehicle": null, "name:etymology:wikidata": null, "nat_ref": null, "oneway": null, "operator": null, "operator:wikidata": null, "political_division": null, "ref": null, "segregated": null, "service": null, "sidewalk": null, "smoothness": null, "source:maxspeed": null, "surface": null, "toll": null, "tunnel": null, "turn:lanes": null, "was:name": null, "width": "6.739767966496226", "zone:maxspeed": null, "id_on_layer": 32 }, "geometry": { "type": "MultiPolygon", "coordinates": [ [ [ [ 2.47262122710362, 48.90858606120706 ], [ 2.473007356516782, 48.909176554244979 ], [ 2.473009624102316, 48.909179643359558 ], [ 2.473080924037523, 48.909266843391705 ], [ 2.473082799773482, 48.909268974603663 ], [ 2.473161699721872, 48.909352474637963 ], [ 2.473262900236175, 48.909310925339753 ], [ 2.473184988761618, 48.909228471587724 ], [ 2.473115812070824, 48.909143868506774 ], [ 2.472730642923899, 48.908554845910686 ], [ 2.472730501836506, 48.908554631899364 ], [ 2.472526001565574, 48.908246931995322 ], [ 2.472416798400067, 48.908278467978761 ], [ 2.47262122710362, 48.90858606120706 ] ] ] ] } },
{ "type": "Feature", "properties": { "osm_id": "30115136", "name": null, "highway": "unclassified", "waterway": null, "aerialway": null, "barrier": null, "man_made": null, "railway": null, "z_order": 3, "other_tags": "\"oneway\"=>\"yes\"", "access": null, "bicycle": null, "boundary": null, "bridge": null, "covered": null, "cycleway": null, "cycleway:left": null, "cycleway:right": null, "destination": null, "destination:colour": null, "destination:ref": null, "destination:ref:to": null, "destination:symbol:to": null, "destination:to": null, "foot": null, "footway": null, "horse": null, "int_ref": null, "junction:ref": null, "lane_markings": null, "lanes": null, "layer": null, "lit": null, "maxspeed": null, "maxweight:signed": null, "maxweightrating:signed": null, "motor_vehicle": null, "name:etymology:wikidata": null, "nat_ref": null, "oneway": "yes", "operator": null, "operator:wikidata": null, "political_division": null, "ref": null, "segregated": null, "service": null, "sidewalk": null, "smoothness": null, "source:maxspeed": null, "surface": null, "toll": null, "tunnel": null, "turn:lanes": null, "was:name": null, "width": "8", "zone:maxspeed": null, "id_on_layer": 33 }, "geometry": { "type": "MultiPolygon", "coordinates": [ [ [ [ 2.472677795466317, 48.908047380071075 ], [ 2.472626639172046, 48.908044682375859 ], [ 2.472615760818222, 48.908134317623556 ], [ 2.472666960863718, 48.908137017625947 ], [ 2.472667048192305, 48.908137022193941 ], [ 2.472842448348212, 48.908146122202005 ], [ 2.472853151642211, 48.908056477797395 ], [ 2.472677795466317, 48.908047380071075 ] ] ] ] } },
{ "type": "Feature", "properties": { "osm_id": "32468355", "name": "Rue Jean-Jacques Rousseau", "highway": "residential", "waterway": null, "aerialway": null, "barrier": null, "man_made": null, "railway": null, "z_order": 3, "other_tags": "\"oneway\"=>\"yes\"", "access": null, "bicycle": null, "boundary": null, "bridge": null, "covered": null, "cycleway": null, "cycleway:left": null, "cycleway:right": null, "destination": null, "destination:colour": null, "destination:ref": null, "destination:ref:to": null, "destination:symbol:to": null, "destination:to": null, "foot": null, "footway": null, "horse": null, "int_ref": null, "junction:ref": null, "lane_markings": null, "lanes": null, "layer": null, "lit": null, "maxspeed": null, "maxweight:signed": null, "maxweightrating:signed": null, "motor_vehicle": null, "name:etymology:wikidata": null, "nat_ref": null, "oneway": "yes", "operator": null, "operator:wikidata": null, "political_division": null, "ref": null, "segregated": null, "service": null, "sidewalk": null, "smoothness": null, "source:maxspeed": null, "surface": null, "toll": null, "tunnel": null, "turn:lanes": null, "was:name": null, "width": "8", "zone:maxspeed": null, "id_on_layer": 35 }, "geometry": { "type": "MultiPolygon", "coordinates": [ [ [ [ 2.474684302549327, 48.910954357718282 ], [ 2.474697109968523, 48.910951754003108 ], [ 2.47489581010392, 48.910896753958006 ], [ 2.474908989473068, 48.910891913001741 ], [ 2.475094389539725, 48.910804812938657 ], [ 2.475015210518128, 48.910731587047508 ], [ 2.474835991635461, 48.910815783168253 ], [ 2.474650498791455, 48.910867127430144 ], [ 2.474475197627905, 48.910890642258494 ], [ 2.474502402396013, 48.910978757739556 ], [ 2.474684302549327, 48.910954357718282 ] ] ] ] } },
{ "type": "Feature", "properties": { "osm_id": "35305689", "name": null, "highway": "motorway", "waterway": null, "aerialway": null, "barrier": null, "man_made": null, "railway": null, "z_order": 19, "other_tags": "\"int_ref\"=>\"E 15\",\"lanes\"=>\"3\",\"layer\"=>\"1\",\"lit\"=>\"no\",\"maxspeed\"=>\"90\",\"oneway\"=>\"yes\",\"operator\"=>\"DIRIF\",\"operator:wikidata\"=>\"Q3029613\",\"ref\"=>\"A 3\",\"surface\"=>\"asphalt\",\"toll\"=>\"no\"", "access": null, "bicycle": null, "boundary": null, "bridge": null, "covered": null, "cycleway": null, "cycleway:left": null, "cycleway:right": null, "destination": null, "destination:colour": null, "destination:ref": null, "destination:ref:to": null, "destination:symbol:to": null, "destination:to": null, "foot": null, "footway": null, "horse": null, "int_ref": "E 15", "junction:ref": null, "lane_markings": null, "lanes": "3", "layer": "1", "lit": "no", "maxspeed": "90", "maxweight:signed": null, "maxweightrating:signed": null, "motor_vehicle": null, "name:etymology:wikidata": null, "nat_ref": null, "oneway": "yes", "operator": "DIRIF", "operator:wikidata": "Q3029613", "political_division": null, "ref": "A 3", "segregated": null, "service": null, "sidewalk": null, "smoothness": null, "source:maxspeed": null, "surface": "asphalt", "toll": "no", "tunnel": null, "turn:lanes": null, "was:name": null, "width": "22", "zone:maxspeed": null, "id_on_layer": 39 }, "geometry": { "type": "MultiPolygon", "coordinates": [ [ [ [ 2.473352869938668, 48.908383666529176 ], [ 2.473641929769089, 48.908282333289222 ], [ 2.473461249858352, 48.908058382087582 ], [ 2.473172190954426, 48.908159714878686 ], [ 2.473352869938668, 48.908383666529176 ] ] ] ] } },
{ "type": "Feature", "properties": { "osm_id": "45260805", "name": "Rue Jean-Jacques Rousseau", "highway": "residential", "waterway": null, "aerialway": null, "barrier": null, "man_made": null, "railway": null, "z_order": 3, "other_tags": "\"oneway\"=>\"yes\"", "access": null, "bicycle": null, "boundary": null, "bridge": null, "covered": null, "cycleway": null, "cycleway:left": null, "cycleway:right": null, "destination": null, "destination:colour": null, "destination:ref": null, "destination:ref:to": null, "destination:symbol:to": null, "destination:to": null, "foot": null, "footway": null, "horse": null, "int_ref": null, "junction:ref": null, "lane_markings": null, "lanes": null, "layer": null, "lit": null, "maxspeed": null, "maxweight:signed": null, "maxweightrating:signed": null, "motor_vehicle": null, "name:etymology:wikidata": null, "nat_ref": null, "oneway": "yes", "operator": null, "operator:wikidata": null, "political_division": null, "ref": null, "segregated": null, "service": null, "sidewalk": null, "smoothness": null, "source:maxspeed": null, "surface": null, "toll": null, "tunnel": null, "turn:lanes": null, "was:name": null, "width": "8", "zone:maxspeed": null, "id_on_layer": 41 }, "geometry": { "type": "MultiPolygon", "coordinates": [ [ [ [ 2.475561281048273, 48.910555668358796 ], [ 2.475899881164932, 48.910416718602228 ], [ 2.476004827672412, 48.910410479000603 ], [ 2.475992572338538, 48.910320920998721 ], [ 2.475871472445876, 48.91032812099234 ], [ 2.475841550039561, 48.910334731682809 ], [ 2.475488450204281, 48.910479631573423 ], [ 2.475486999538187, 48.910480243759395 ], [ 2.475413699569328, 48.910512043735785 ], [ 2.475488700486884, 48.910587156251779 ], [ 2.475561281048273, 48.910555668358796 ] ] ] ] } },
{ "type": "Feature", "properties": { "osm_id": "45260833", "name": "Avenue des Mesarmes", "highway": "unclassified", "waterway": null, "aerialway": null, "barrier": null, "man_made": null, "railway": null, "z_order": 3, "other_tags": null, "access": null, "bicycle": null, "boundary": null, "bridge": null, "covered": null, "cycleway": null, "cycleway:left": null, "cycleway:right": null, "destination": null, "destination:colour": null, "destination:ref": null, "destination:ref:to": null, "destination:symbol:to": null, "destination:to": null, "foot": null, "footway": null, "horse": null, "int_ref": null, "junction:ref": null, "lane_markings": null, "lanes": null, "layer": null, "lit": null, "maxspeed": null, "maxweight:signed": null, "maxweightrating:signed": null, "motor_vehicle": null, "name:etymology:wikidata": null, "nat_ref": null, "oneway": null, "operator": null, "operator:wikidata": null, "political_division": null, "ref": null, "segregated": null, "service": null, "sidewalk": null, "smoothness": null, "source:maxspeed": null, "surface": null, "toll": null, "tunnel": null, "turn:lanes": null, "was:name": null, "width": "8.793770719198909", "zone:maxspeed": null, "id_on_layer": 43 }, "geometry": { "type": "MultiPolygon", "coordinates": [ [ [ [ 2.483023683556198, 48.909115896017894 ], [ 2.483170716451439, 48.909121103935242 ], [ 2.483238415236592, 48.908290603892503 ], [ 2.483091384771044, 48.908285396060634 ], [ 2.483023683556198, 48.909115896017894 ] ] ] ] } },
{ "type": "Feature", "properties": { "osm_id": "45260833", "name": "Avenue des Mesarmes", "highway": "unclassified", "waterway": null, "aerialway": null, "barrier": null, "man_made": null, "railway": null, "z_order": 3, "other_tags": null, "access": null, "bicycle": null, "boundary": null, "bridge": null, "covered": null, "cycleway": null, "cycleway:left": null, "cycleway:right": null, "destination": null, "destination:colour": null, "destination:ref": null, "destination:ref:to": null, "destination:symbol:to": null, "destination:to": null, "foot": null, "footway": null, "horse": null, "int_ref": null, "junction:ref": null, "lane_markings": null, "lanes": null, "layer": null, "lit": null, "maxspeed": null, "maxweight:signed": null, "maxweightrating:signed": null, "motor_vehicle": null, "name:etymology:wikidata": null, "nat_ref": null, "oneway": null, "operator": null, "operator:wikidata": null, "political_division": null, "ref": null, "segregated": null, "service": null, "sidewalk": null, "smoothness": null, "source:maxspeed": null, "surface": null, "toll": null, "tunnel": null, "turn:lanes": null, "was:name": null, "width": "8", "zone:maxspeed": null, "id_on_layer": 44 }, "geometry": { "type": "MultiPolygon", "coordinates": [ [ [ [ 2.48299707070972, 48.90934823498759 ], [ 2.483132929301298, 48.909356364972396 ], [ 2.483165128986978, 48.909122564953591 ], [ 2.48302927102404, 48.909114435006373 ], [ 2.48299707070972, 48.90934823498759 ] ] ] ] } },
{ "type": "Feature", "properties": { "osm_id": "45260833", "name": "Avenue des Mesarmes", "highway": "unclassified", "waterway": null, "aerialway": null, "barrier": null, "man_made": null, "railway": null, "z_order": 3, "other_tags": null, "access": null, "bicycle": null, "boundary": null, "bridge": null, "covered": null, "cycleway": null, "cycleway:left": null, "cycleway:right": null, "destination": null, "destination:colour": null, "destination:ref": null, "destination:ref:to": null, "destination:symbol:to": null, "destination:to": null, "foot": null, "footway": null, "horse": null, "int_ref": null, "junction:ref": null, "lane_markings": null, "lanes": null, "layer": null, "lit": null, "maxspeed": null, "maxweight:signed": null, "maxweightrating:signed": null, "motor_vehicle": null, "name:etymology:wikidata": null, "nat_ref": null, "oneway": null, "operator": null, "operator:wikidata": null, "political_division": null, "ref": null, "segregated": null, "service": null, "sidewalk": null, "smoothness": null, "source:maxspeed": null, "surface": null, "toll": null, "tunnel": null, "turn:lanes": null, "was:name": null, "width": "8", "zone:maxspeed": null, "id_on_layer": 45 }, "geometry": { "type": "MultiPolygon", "coordinates": [ [ [ [ 2.482973020100849, 48.909605235120338 ], [ 2.48310917990666, 48.909610764839464 ], [ 2.483133079560589, 48.909355064825498 ], [ 2.482996920446921, 48.909349535134318 ], [ 2.482973020100849, 48.909605235120338 ] ] ] ] } },
{ "type": "Feature", "properties": { "osm_id": "45261220", "name": "Avenue Clara Grandet", "highway": "residential", "waterway": null, "aerialway": null, "barrier": null, "man_made": null, "railway": null, "z_order": 3, "other_tags": "\"oneway\"=>\"yes\",\"surface\"=>\"asphalt\"", "access": null, "bicycle": null, "boundary": null, "bridge": null, "covered": null, "cycleway": null, "cycleway:left": null, "cycleway:right": null, "destination": null, "destination:colour": null, "destination:ref": null, "destination:ref:to": null, "destination:symbol:to": null, "destination:to": null, "foot": null, "footway": null, "horse": null, "int_ref": null, "junction:ref": null, "lane_markings": null, "lanes": null, "layer": null, "lit": null, "maxspeed": null, "maxweight:signed": null, "maxweightrating:signed": null, "motor_vehicle": null, "name:etymology:wikidata": null, "nat_ref": null, "oneway": "yes", "operator": null, "operator:wikidata": null, "political_division": null, "ref": null, "segregated": null, "service": null, "sidewalk": null, "smoothness": null, "source:maxspeed": null, "surface": "asphalt", "toll": null, "tunnel": null, "turn:lanes": null, "was:name": null, "width": "6", "zone:maxspeed": null, "id_on_layer": 47 }, "geometry": { "type": "MultiPolygon", "coordinates": [ [ [ [ 2.480226734158317, 48.90983879747769 ], [ 2.480139044861671, 48.909847096464631 ], [ 2.480138928890353, 48.90984710752398 ], [ 2.480110828909888, 48.909849807522079 ], [ 2.480126571101295, 48.90992099247714 ], [ 2.48015461314821, 48.909918298045575 ], [ 2.480242255210376, 48.909910003528786 ], [ 2.483048878455843, 48.909643601323111 ], [ 2.48303332155521, 48.90957239867614 ], [ 2.480226734158317, 48.90983879747769 ] ] ] ] } },
{ "type": "Feature", "properties": { "osm_id": "45269982", "name": null, "highway": "service", "waterway": null, "aerialway": null, "barrier": null, "man_made": null, "railway": null, "z_order": 0, "other_tags": "\"access\"=>\"private\",\"surface\"=>\"asphalt\"", "access": "private", "bicycle": null, "boundary": null, "bridge": null, "covered": null, "cycleway": null, "cycleway:left": null, "cycleway:right": null, "destination": null, "destination:colour": null, "destination:ref": null, "destination:ref:to": null, "destination:symbol:to": null, "destination:to": null, "foot": null, "footway": null, "horse": null, "int_ref": null, "junction:ref": null, "lane_markings": null, "lanes": null, "layer": null, "lit": null, "maxspeed": null, "maxweight:signed": null, "maxweightrating:signed": null, "motor_vehicle": null, "name:etymology:wikidata": null, "nat_ref": null, "oneway": null, "operator": null, "operator:wikidata": null, "political_division": null, "ref": null, "segregated": null, "service": null, "sidewalk": null, "smoothness": null, "source:maxspeed": null, "surface": "asphalt", "toll": null, "tunnel": null, "turn:lanes": null, "was:name": null, "width": "6", "zone:maxspeed": null, "id_on_layer": 49 }, "geometry": { "type": "MultiPolygon", "coordinates": [ [ [ [ 2.483737607169948, 48.908352919056327 ], [ 2.483730248261198, 48.908341199668627 ], [ 2.483717175775486, 48.908331892677253 ], [ 2.483612475801289, 48.908279792706821 ], [ 2.483599029122932, 48.908274888735747 ], [ 2.483584041392602, 48.908272650699466 ], [ 2.483264541619639, 48.908255450711664 ], [ 2.483262965419331, 48.9082553809803 ], [ 2.483167765487379, 48.908252080982628 ], [ 2.483162034508516, 48.908323919017072 ], [ 2.483256445709599, 48.908327191674559 ], [ 2.483559368502084, 48.908343499275183 ], [ 2.483635305514118, 48.908381286475333 ], [ 2.483669392696417, 48.908484080936624 ], [ 2.48377600728724, 48.90846871903873 ], [ 2.483737607169948, 48.908352919056327 ] ] ] ] } },
{ "type": "Feature", "properties": { "osm_id": "45269985", "name": "Avenue de Gueugnon", "highway": "unclassified", "waterway": null, "aerialway": null, "barrier": null, "man_made": null, "railway": null, "z_order": 3, "other_tags": "\"oneway\"=>\"yes\",\"surface\"=>\"asphalt\"", "access": null, "bicycle": null, "boundary": null, "bridge": null, "covered": null, "cycleway": null, "cycleway:left": null, "cycleway:right": null, "destination": null, "destination:colour": null, "destination:ref": null, "destination:ref:to": null, "destination:symbol:to": null, "destination:to": null, "foot": null, "footway": null, "horse": null, "int_ref": null, "junction:ref": null, "lane_markings": null, "lanes": null, "layer": null, "lit": null, "maxspeed": null, "maxweight:signed": null, "maxweightrating:signed": null, "motor_vehicle": null, "name:etymology:wikidata": null, "nat_ref": null, "oneway": "yes", "operator": null, "operator:wikidata": null, "political_division": null, "ref": null, "segregated": null, "service": null, "sidewalk": null, "smoothness": null, "source:maxspeed": null, "surface": "asphalt", "toll": null, "tunnel": null, "turn:lanes": null, "was:name": null, "width": "7.076229847313872", "zone:maxspeed": null, "id_on_layer": 51 }, "geometry": { "type": "MultiPolygon", "coordinates": [ [ [ [ 2.480135273442705, 48.909423341404 ], [ 2.480135366930387, 48.909423333046149 ], [ 2.48018092483818, 48.90941923683075 ], [ 2.483105485028478, 48.909158940371334 ], [ 2.483088914984896, 48.909078059627767 ], [ 2.480164317302024, 48.909338359419493 ], [ 2.480164233047008, 48.909338366956234 ], [ 2.480118679822458, 48.909342462750509 ], [ 2.48007822660274, 48.90934605859222 ], [ 2.480094773410615, 48.909426941406885 ], [ 2.480135273442705, 48.909423341404 ] ] ] ] } },
{ "type": "Feature", "properties": { "osm_id": "51353155", "name": null, "highway": "motorway", "waterway": null, "aerialway": null, "barrier": null, "man_made": null, "railway": null, "z_order": 19, "other_tags": "\"int_ref\"=>\"E 15\",\"lanes\"=>\"3\",\"layer\"=>\"1\",\"lit\"=>\"no\",\"maxspeed\"=>\"110\",\"oneway\"=>\"yes\",\"operator\"=>\"DIRIF\",\"operator:wikidata\"=>\"Q3029613\",\"ref\"=>\"A 3\",\"surface\"=>\"asphalt\",\"toll\"=>\"no\"", "access": null, "bicycle": null, "boundary": null, "bridge": null, "covered": null, "cycleway": null, "cycleway:left": null, "cycleway:right": null, "destination": null, "destination:colour": null, "destination:ref": null, "destination:ref:to": null, "destination:symbol:to": null, "destination:to": null, "foot": null, "footway": null, "horse": null, "int_ref": "E 15", "junction:ref": null, "lane_markings": null, "lanes": "3", "layer": "1", "lit": "no", "maxspeed": "110", "maxweight:signed": null, "maxweightrating:signed": null, "motor_vehicle": null, "name:etymology:wikidata": null, "nat_ref": null, "oneway": "yes", "operator": "DIRIF", "operator:wikidata": "Q3029613", "political_division": null, "ref": "A 3", "segregated": null, "service": null, "sidewalk": null, "smoothness": null, "source:maxspeed": null, "surface": "asphalt", "toll": "no", "tunnel": null, "turn:lanes": null, "was:name": null, "width": "22", "zone:maxspeed": null, "id_on_layer": 53 }, "geometry": { "type": "MultiPolygon", "coordinates": [ [ [ [ 2.474482841863521, 48.909580919866208 ], [ 2.47448209527802, 48.909580007737915 ], [ 2.473301492406656, 48.908154009195925 ], [ 2.473014107296923, 48.908257390624556 ], [ 2.474194327811888, 48.909682937199214 ], [ 2.475002855781693, 48.910682180956606 ], [ 2.475291743925551, 48.910580618862006 ], [ 2.474482841863521, 48.909580919866208 ] ] ] ] } },
{ "type": "Feature", "properties": { "osm_id": "51353156", "name": null, "highway": "motorway", "waterway": null, "aerialway": null, "barrier": null, "man_made": null, "railway": null, "z_order": 29, "other_tags": "\"bridge\"=>\"yes\",\"int_ref\"=>\"E 15\",\"lanes\"=>\"3\",\"layer\"=>\"1\",\"lit\"=>\"no\",\"maxspeed\"=>\"110\",\"oneway\"=>\"yes\",\"operator\"=>\"DIRIF\",\"operator:wikidata\"=>\"Q3029613\",\"ref\"=>\"A 3\",\"surface\"=>\"asphalt\",\"toll\"=>\"no\"", "access": null, "bicycle": null, "boundary": null, "bridge": "yes", "covered": null, "cycleway": null, "cycleway:left": null, "cycleway:right": null, "destination": null, "destination:colour": null, "destination:ref": null, "destination:ref:to": null, "destination:symbol:to": null, "destination:to": null, "foot": null, "footway": null, "horse": null, "int_ref": "E 15", "junction:ref": null, "lane_markings": null, "lanes": "3", "layer": "1", "lit": "no", "maxspeed": "110", "maxweight:signed": null, "maxweightrating:signed": null, "motor_vehicle": null, "name:etymology:wikidata": null, "nat_ref": null, "oneway": "yes", "operator": "DIRIF", "operator:wikidata": "Q3029613", "political_division": null, "ref": "A 3", "segregated": null, "service": null, "sidewalk": null, "smoothness": null, "source:maxspeed": null, "surface": "asphalt", "toll": "no", "tunnel": null, "turn:lanes": null, "was:name": null, "width": "22", "zone:maxspeed": null, "id_on_layer": 54 }, "geometry": { "type": "MultiPolygon", "coordinates": [ [ [ [ 2.475196353796297, 48.910654990588064 ], [ 2.475491992685684, 48.91056225234864 ], [ 2.475447719167979, 48.910500930841607 ], [ 2.475152080558455, 48.910593668968552 ], [ 2.475196353796297, 48.910654990588064 ] ] ] ] } },
{ "type": "Feature", "properties": { "osm_id": "51353156", "name": null, "highway": "motorway", "waterway": null, "aerialway": null, "barrier": null, "man_made": null, "railway": null, "z_order": 29, "other_tags": "\"bridge\"=>\"yes\",\"int_ref\"=>\"E 15\",\"lanes\"=>\"3\",\"layer\"=>\"1\",\"lit\"=>\"no\",\"maxspeed\"=>\"110\",\"oneway\"=>\"yes\",\"operator\"=>\"DIRIF\",\"operator:wikidata\"=>\"Q3029613\",\"ref\"=>\"A 3\",\"surface\"=>\"asphalt\",\"toll\"=>\"no\"", "access": null, "bicycle": null, "boundary": null, "bridge": "yes", "covered": null, "cycleway": null, "cycleway:left": null, "cycleway:right": null, "destination": null, "destination:colour": null, "destination:ref": null, "destination:ref:to": null, "destination:symbol:to": null, "destination:to": null, "foot": null, "footway": null, "horse": null, "int_ref": "E 15", "junction:ref": null, "lane_markings": null, "lanes": "3", "layer": "1", "lit": "no", "maxspeed": "110", "maxweight:signed": null, "maxweightrating:signed": null, "motor_vehicle": null, "name:etymology:wikidata": null, "nat_ref": null, "oneway": "yes", "operator": "DIRIF", "operator:wikidata": "Q3029613", "political_division": null, "ref": "A 3", "segregated": null, "service": null, "sidewalk": null, "smoothness": null, "source:maxspeed": null, "surface": "asphalt", "toll": "no", "tunnel": null, "turn:lanes": null, "was:name": null, "width": "22", "zone:maxspeed": null, "id_on_layer": 55 }, "geometry": { "type": "MultiPolygon", "coordinates": [ [ [ [ 2.475261389782861, 48.910745069804101 ], [ 2.475557029083357, 48.91065233139944 ], [ 2.475491992685683, 48.91056225234864 ], [ 2.475196353796298, 48.910654990588064 ], [ 2.475261389782861, 48.910745069804101 ] ] ] ] } },
{ "type": "Feature", "properties": { "osm_id": "51353156", "name": null, "highway": "motorway", "waterway": null, "aerialway": null, "barrier": null, "man_made": null, "railway": null, "z_order": 29, "other_tags": "\"bridge\"=>\"yes\",\"int_ref\"=>\"E 15\",\"lanes\"=>\"3\",\"layer\"=>\"1\",\"lit\"=>\"no\",\"maxspeed\"=>\"110\",\"oneway\"=>\"yes\",\"operator\"=>\"DIRIF\",\"operator:wikidata\"=>\"Q3029613\",\"ref\"=>\"A 3\",\"surface\"=>\"asphalt\",\"toll\"=>\"no\"", "access": null, "bicycle": null, "boundary": null, "bridge": "yes", "covered": null, "cycleway": null, "cycleway:left": null, "cycleway:right": null, "destination": null, "destination:colour": null, "destination:ref": null, "destination:ref:to": null, "destination:symbol:to": null, "destination:to": null, "foot": null, "footway": null, "horse": null, "int_ref": "E 15", "junction:ref": null, "lane_markings": null, "lanes": "3", "layer": "1", "lit": "no", "maxspeed": "110", "maxweight:signed": null, "maxweightrating:signed": null, "motor_vehicle": null, "name:etymology:wikidata": null, "nat_ref": null, "oneway": "yes", "operator": "DIRIF", "operator:wikidata": "Q3029613", "political_division": null, "ref": "A 3", "segregated": null, "service": null, "sidewalk": null, "smoothness": null, "source:maxspeed": null, "surface": "asphalt", "toll": "no", "tunnel": null, "turn:lanes": null, "was:name": null, "width": "22", "zone:maxspeed": null, "id_on_layer": 56 }, "geometry": { "type": "MultiPolygon", "coordinates": [ [ [ [ 2.475324780012614, 48.910832869187949 ], [ 2.475620419713815, 48.910740130622209 ], [ 2.475557029083357, 48.91065233139944 ], [ 2.475261389782861, 48.910745069804101 ], [ 2.475324780012614, 48.910832869187949 ] ] ] ] } },
{ "type": "Feature", "properties": { "osm_id": "51353157", "name": null, "highway": "motorway", "waterway": null, "aerialway": null, "barrier": null, "man_made": null, "railway": null, "z_order": 29, "other_tags": "\"bridge\"=>\"yes\",\"int_ref\"=>\"E 15\",\"lanes\"=>\"3\",\"layer\"=>\"1\",\"lit\"=>\"no\",\"maxspeed\"=>\"110\",\"oneway\"=>\"yes\",\"operator\"=>\"DIRIF\",\"operator:wikidata\"=>\"Q3029613\",\"ref\"=>\"A 3\",\"surface\"=>\"asphalt\",\"toll\"=>\"no\"", "access": null, "bicycle": null, "boundary": null, "bridge": "yes", "covered": null, "cycleway": null, "cycleway:left": null, "cycleway:right": null, "destination": null, "destination:colour": null, "destination:ref": null, "destination:ref:to": null, "destination:symbol:to": null, "destination:to": null, "foot": null, "footway": null, "horse": null, "int_ref": "E 15", "junction:ref": null, "lane_markings": null, "lanes": "3", "layer": "1", "lit": "no", "maxspeed": "110", "maxweight:signed": null, "maxweightrating:signed": null, "motor_vehicle": null, "name:etymology:wikidata": null, "nat_ref": null, "oneway": "yes", "operator": "DIRIF", "operator:wikidata": "Q3029613", "political_division": null, "ref": "A 3", "segregated": null, "service": null, "sidewalk": null, "smoothness": null, "source:maxspeed": null, "surface": "asphalt", "toll": "no", "tunnel": null, "turn:lanes": null, "was:name": null, "width": "22", "zone:maxspeed": null, "id_on_layer": 57 }, "geometry": { "type": "MultiPolygon", "coordinates": [ [ [ [ 2.475407243419351, 48.910735722398393 ], [ 2.475113277115046, 48.910830744019975 ], [ 2.475191816473288, 48.91093631081614 ], [ 2.475485783247991, 48.910841288996124 ], [ 2.475407243419351, 48.910735722398393 ] ] ] ] } },
{ "type": "Feature", "properties": { "osm_id": "51353157", "name": null, "highway": "motorway", "waterway": null, "aerialway": null, "barrier": null, "man_made": null, "railway": null, "z_order": 29, "other_tags": "\"bridge\"=>\"yes\",\"int_ref\"=>\"E 15\",\"lanes\"=>\"3\",\"layer\"=>\"1\",\"lit\"=>\"no\",\"maxspeed\"=>\"110\",\"oneway\"=>\"yes\",\"operator\"=>\"DIRIF\",\"operator:wikidata\"=>\"Q3029613\",\"ref\"=>\"A 3\",\"surface\"=>\"asphalt\",\"toll\"=>\"no\"", "access": null, "bicycle": null, "boundary": null, "bridge": "yes", "covered": null, "cycleway": null, "cycleway:left": null, "cycleway:right": null, "destination": null, "destination:colour": null, "destination:ref": null, "destination:ref:to": null, "destination:symbol:to": null, "destination:to": null, "foot": null, "footway": null, "horse": null, "int_ref": "E 15", "junction:ref": null, "lane_markings": null, "lanes": "3", "layer": "1", "lit": "no", "maxspeed": "110", "maxweight:signed": null, "maxweightrating:signed": null, "motor_vehicle": null, "name:etymology:wikidata": null, "nat_ref": null, "oneway": "yes", "operator": "DIRIF", "operator:wikidata": "Q3029613", "political_division": null, "ref": "A 3", "segregated": null, "service": null, "sidewalk": null, "smoothness": null, "source:maxspeed": null, "surface": "asphalt", "toll": "no", "tunnel": null, "turn:lanes": null, "was:name": null, "width": "22", "zone:maxspeed": null, "id_on_layer": 58 }, "geometry": { "type": "MultiPolygon", "coordinates": [ [ [ [ 2.475339540396519, 48.910644721317418 ], [ 2.475045574497708, 48.910739742767944 ], [ 2.475113277115046, 48.910830744019975 ], [ 2.475407243419351, 48.910735722398393 ], [ 2.475339540396519, 48.910644721317418 ] ] ] ] } },
{ "type": "Feature", "properties": { "osm_id": "51353157", "name": null, "highway": "motorway", "waterway": null, "aerialway": null, "barrier": null, "man_made": null, "railway": null, "z_order": 29, "other_tags": "\"bridge\"=>\"yes\",\"int_ref\"=>\"E 15\",\"lanes\"=>\"3\",\"layer\"=>\"1\",\"lit\"=>\"no\",\"maxspeed\"=>\"110\",\"oneway\"=>\"yes\",\"operator\"=>\"DIRIF\",\"operator:wikidata\"=>\"Q3029613\",\"ref\"=>\"A 3\",\"surface\"=>\"asphalt\",\"toll\"=>\"no\"", "access": null, "bicycle": null, "boundary": null, "bridge": "yes", "covered": null, "cycleway": null, "cycleway:left": null, "cycleway:right": null, "destination": null, "destination:colour": null, "destination:ref": null, "destination:ref:to": null, "destination:symbol:to": null, "destination:to": null, "foot": null, "footway": null, "horse": null, "int_ref": "E 15", "junction:ref": null, "lane_markings": null, "lanes": "3", "layer": "1", "lit": "no", "maxspeed": "110", "maxweight:signed": null, "maxweightrating:signed": null, "motor_vehicle": null, "name:etymology:wikidata": null, "nat_ref": null, "oneway": "yes", "operator": "DIRIF", "operator:wikidata": "Q3029613", "political_division": null, "ref": "A 3", "segregated": null, "service": null, "sidewalk": null, "smoothness": null, "source:maxspeed": null, "surface": "asphalt", "toll": "no", "tunnel": null, "turn:lanes": null, "was:name": null, "width": "22", "zone:maxspeed": null, "id_on_layer": 59 }, "geometry": { "type": "MultiPolygon", "coordinates": [ [ [ [ 2.475294282674517, 48.910583889238033 ], [ 2.475000317046768, 48.910678910574234 ], [ 2.475045574497707, 48.910739742767944 ], [ 2.475339540396519, 48.910644721317418 ], [ 2.475294282674517, 48.910583889238033 ] ] ] ] } },
{ "type": "Feature", "properties": { "osm_id": "108634383", "name": "Rue Jean-Jacques Rousseau", "highway": "residential", "waterway": null, "aerialway": null, "barrier": null, "man_made": null, "railway": null, "z_order": 3, "other_tags": "\"oneway\"=>\"yes\"", "access": null, "bicycle": null, "boundary": null, "bridge": null, "covered": null, "cycleway": null, "cycleway:left": null, "cycleway:right": null, "destination": null, "destination:colour": null, "destination:ref": null, "destination:ref:to": null, "destination:symbol:to": null, "destination:to": null, "foot": null, "footway": null, "horse": null, "int_ref": null, "junction:ref": null, "lane_markings": null, "lanes": null, "layer": null, "lit": null, "maxspeed": null, "maxweight:signed": null, "maxweightrating:signed": null, "motor_vehicle": null, "name:etymology:wikidata": null, "nat_ref": null, "oneway": "yes", "operator": null, "operator:wikidata": null, "political_division": null, "ref": null, "segregated": null, "service": null, "sidewalk": null, "smoothness": null, "source:maxspeed": null, "surface": null, "toll": null, "tunnel": null, "turn:lanes": null, "was:name": null, "width": "9.831131271574076", "zone:maxspeed": null, "id_on_layer": 60 }, "geometry": { "type": "MultiPolygon", "coordinates": [ [ [ [ 2.474364099219682, 48.910808115646127 ], [ 2.474385308221055, 48.91082490603705 ], [ 2.474479208250221, 48.910873906077491 ], [ 2.474496560805034, 48.910880819724959 ], [ 2.474515980102918, 48.910884664137548 ], [ 2.474640180229313, 48.910898364151763 ], [ 2.474662006090549, 48.910898797392342 ], [ 2.474780806214552, 48.910890497383662 ], [ 2.47480048332137, 48.910887444438444 ], [ 2.475082983563353, 48.910818044370025 ], [ 2.475026616492715, 48.910718355622663 ], [ 2.474753662920628, 48.910785410417461 ], [ 2.47465595170822, 48.910792237042912 ], [ 2.474563106176829, 48.910781995631901 ], [ 2.474498768803806, 48.91074842236425 ], [ 2.474356700518614, 48.91057178440159 ], [ 2.474214099410483, 48.910621615554213 ], [ 2.474364099219682, 48.910808115646127 ] ] ] ] } },
{ "type": "Feature", "properties": { "osm_id": "108634383", "name": "Rue Jean-Jacques Rousseau", "highway": "residential", "waterway": null, "aerialway": null, "barrier": null, "man_made": null, "railway": null, "z_order": 3, "other_tags": "\"oneway\"=>\"yes\"", "access": null, "bicycle": null, "boundary": null, "bridge": null, "covered": null, "cycleway": null, "cycleway:left": null, "cycleway:right": null, "destination": null, "destination:colour": null, "destination:ref": null, "destination:ref:to": null, "destination:symbol:to": null, "destination:to": null, "foot": null, "footway": null, "horse": null, "int_ref": null, "junction:ref": null, "lane_markings": null, "lanes": null, "layer": null, "lit": null, "maxspeed": null, "maxweight:signed": null, "maxweightrating:signed": null, "motor_vehicle": null, "name:etymology:wikidata": null, "nat_ref": null, "oneway": "yes", "operator": null, "operator:wikidata": null, "political_division": null, "ref": null, "segregated": null, "service": null, "sidewalk": null, "smoothness": null, "source:maxspeed": null, "surface": null, "toll": null, "tunnel": null, "turn:lanes": null, "was:name": null, "width": "8", "zone:maxspeed": null, "id_on_layer": 61 }, "geometry": { "type": "MultiPolygon", "coordinates": [ [ [ [ 2.475236326550118, 48.910726716016896 ], [ 2.475148788683057, 48.910657748239359 ], [ 2.475011031125042, 48.910733716050999 ], [ 2.4750985689352, 48.910802683932175 ], [ 2.475236326550118, 48.910726716016896 ] ] ] ] } },
{ "type": "Feature", "properties": { "osm_id": "108634383", "name": "Rue Jean-Jacques Rousseau", "highway": "residential", "waterway": null, "aerialway": null, "barrier": null, "man_made": null, "railway": null, "z_order": 3, "other_tags": "\"oneway\"=>\"yes\"", "access": null, "bicycle": null, "boundary": null, "bridge": null, "covered": null, "cycleway": null, "cycleway:left": null, "cycleway:right": null, "destination": null, "destination:colour": null, "destination:ref": null, "destination:ref:to": null, "destination:symbol:to": null, "destination:to": null, "foot": null, "footway": null, "horse": null, "int_ref": null, "junction:ref": null, "lane_markings": null, "lanes": null, "layer": null, "lit": null, "maxspeed": null, "maxweight:signed": null, "maxweightrating:signed": null, "motor_vehicle": null, "name:etymology:wikidata": null, "nat_ref": null, "oneway": "yes", "operator": null, "operator:wikidata": null, "political_division": null, "ref": null, "segregated": null, "service": null, "sidewalk": null, "smoothness": null, "source:maxspeed": null, "surface": null, "toll": null, "tunnel": null, "turn:lanes": null, "was:name": null, "width": "8", "zone:maxspeed": null, "id_on_layer": 62 }, "geometry": { "type": "MultiPolygon", "coordinates": [ [ [ [ 2.475387942372735, 48.910643105386598 ], [ 2.475300404443049, 48.910574137723131 ], [ 2.475148788683057, 48.910657748239359 ], [ 2.475236326550119, 48.910726716016896 ], [ 2.475387942372735, 48.910643105386598 ] ] ] ] } },
{ "type": "Feature", "properties": { "osm_id": "108634383", "name": "Rue Jean-Jacques Rousseau", "highway": "residential", "waterway": null, "aerialway": null, "barrier": null, "man_made": null, "railway": null, "z_order": 3, "other_tags": "\"oneway\"=>\"yes\"", "access": null, "bicycle": null, "boundary": null, "bridge": null, "covered": null, "cycleway": null, "cycleway:left": null, "cycleway:right": null, "destination": null, "destination:colour": null, "destination:ref": null, "destination:ref:to": null, "destination:symbol:to": null, "destination:to": null, "foot": null, "footway": null, "horse": null, "int_ref": null, "junction:ref": null, "lane_markings": null, "lanes": null, "layer": null, "lit": null, "maxspeed": null, "maxweight:signed": null, "maxweightrating:signed": null, "motor_vehicle": null, "name:etymology:wikidata": null, "nat_ref": null, "oneway": "yes", "operator": null, "operator:wikidata": null, "political_division": null, "ref": null, "segregated": null, "service": null, "sidewalk": null, "smoothness": null, "source:maxspeed": null, "surface": null, "toll": null, "tunnel": null, "turn:lanes": null, "was:name": null, "width": "8", "zone:maxspeed": null, "id_on_layer": 63 }, "geometry": { "type": "MultiPolygon", "coordinates": [ [ [ [ 2.475494969017067, 48.910584083783057 ], [ 2.475407431043174, 48.910515116200131 ], [ 2.475300404443048, 48.910574137723131 ], [ 2.475387942372736, 48.910643105386598 ], [ 2.475494969017067, 48.910584083783057 ] ] ] ] } },
{ "type": "Feature", "properties": { "osm_id": "108634391", "name": "Rue Jean-Jacques Rousseau", "highway": "residential", "waterway": null, "aerialway": null, "barrier": null, "man_made": null, "railway": null, "z_order": 3, "other_tags": null, "access": null, "bicycle": null, "boundary": null, "bridge": null, "covered": null, "cycleway": null, "cycleway:left": null, "cycleway:right": null, "destination": null, "destination:colour": null, "destination:ref": null, "destination:ref:to": null, "destination:symbol:to": null, "destination:to": null, "foot": null, "footway": null, "horse": null, "int_ref": null, "junction:ref": null, "lane_markings": null, "lanes": null, "layer": null, "lit": null, "maxspeed": null, "maxweight:signed": null, "maxweightrating:signed": null, "motor_vehicle": null, "name:etymology:wikidata": null, "nat_ref": null, "oneway": null, "operator": null, "operator:wikidata": null, "political_division": null, "ref": null, "segregated": null, "service": null, "sidewalk": null, "smoothness": null, "source:maxspeed": null, "surface": null, "toll": null, "tunnel": null, "turn:lanes": null, "was:name": null, "width": "8", "zone:maxspeed": null, "id_on_layer": 64 }, "geometry": { "type": "MultiPolygon", "coordinates": [ [ [ [ 2.47610649222776, 48.91027066276326 ], [ 2.476087340157286, 48.910272900547191 ], [ 2.476069924967336, 48.910278610452849 ], [ 2.47595992500977, 48.910328710416195 ], [ 2.476037475047475, 48.910402689570518 ], [ 2.476130965129194, 48.91036010908622 ], [ 2.476171807830756, 48.910359237235191 ], [ 2.476167392173203, 48.910269362764438 ], [ 2.47610649222776, 48.91027066276326 ] ] ] ] } },
{ "type": "Feature", "properties": { "osm_id": "108634398", "name": "Rue Jean-Jacques Rousseau", "highway": "residential", "waterway": null, "aerialway": null, "barrier": null, "man_made": null, "railway": null, "z_order": 3, "other_tags": "\"oneway\"=>\"yes\"", "access": null, "bicycle": null, "boundary": null, "bridge": null, "covered": null, "cycleway": null, "cycleway:left": null, "cycleway:right": null, "destination": null, "destination:colour": null, "destination:ref": null, "destination:ref:to": null, "destination:symbol:to": null, "destination:to": null, "foot": null, "footway": null, "horse": null, "int_ref": null, "junction:ref": null, "lane_markings": null, "lanes": null, "layer": null, "lit": null, "maxspeed": null, "maxweight:signed": null, "maxweightrating:signed": null, "motor_vehicle": null, "name:etymology:wikidata": null, "nat_ref": null, "oneway": "yes", "operator": null, "operator:wikidata": null, "political_division": null, "ref": null, "segregated": null, "service": null, "sidewalk": null, "smoothness": null, "source:maxspeed": null, "surface": null, "toll": null, "tunnel": null, "turn:lanes": null, "was:name": null, "width": "8", "zone:maxspeed": null, "id_on_layer": 65 }, "geometry": { "type": "MultiPolygon", "coordinates": [ [ [ [ 2.474678428077204, 48.911056853037131 ], [ 2.474665992534387, 48.911066420762879 ], [ 2.474620992502737, 48.911112920740642 ], [ 2.474618635223921, 48.911115549401423 ], [ 2.474578035182844, 48.911164549380523 ], [ 2.474697764868651, 48.911207650588324 ], [ 2.474737253941314, 48.911159991295627 ], [ 2.474775816750117, 48.911120143016703 ], [ 2.475002772019003, 48.910988446854326 ], [ 2.474912628041707, 48.910920953127857 ], [ 2.474678428077204, 48.911056853037131 ] ] ] ] } },
{ "type": "Feature", "properties": { "osm_id": "132451198", "name": "Allée des Fougères", "highway": "residential", "waterway": null, "aerialway": null, "barrier": null, "man_made": null, "railway": null, "z_order": 3, "other_tags": "\"lit\"=>\"yes\"", "access": null, "bicycle": null, "boundary": null, "bridge": null, "covered": null, "cycleway": null, "cycleway:left": null, "cycleway:right": null, "destination": null, "destination:colour": null, "destination:ref": null, "destination:ref:to": null, "destination:symbol:to": null, "destination:to": null, "foot": null, "footway": null, "horse": null, "int_ref": null, "junction:ref": null, "lane_markings": null, "lanes": null, "layer": null, "lit": "yes", "maxspeed": null, "maxweight:signed": null, "maxweightrating:signed": null, "motor_vehicle": null, "name:etymology:wikidata": null, "nat_ref": null, "oneway": null, "operator": null, "operator:wikidata": null, "political_division": null, "ref": null, "segregated": null, "service": null, "sidewalk": null, "smoothness": null, "source:maxspeed": null, "surface": null, "toll": null, "tunnel": null, "turn:lanes": null, "was:name": null, "width": "8", "zone:maxspeed": null, "id_on_layer": 66 }, "geometry": { "type": "MultiPolygon", "coordinates": [ [ [ [ 2.475915353910676, 48.910072188442719 ], [ 2.475916499734864, 48.910084067250722 ], [ 2.475922334318669, 48.910095331600303 ], [ 2.475979034249813, 48.910170431630078 ], [ 2.476101165701365, 48.910130368337519 ], [ 2.476052729756299, 48.910066214321283 ], [ 2.476104845412088, 48.909571011485873 ], [ 2.475968754596363, 48.909564788473965 ], [ 2.475915353910676, 48.910072188442719 ] ] ] ] } },
{ "type": "Feature", "properties": { "osm_id": "132451199", "name": "Allée des Lauriers", "highway": "residential", "waterway": null, "aerialway": null, "barrier": null, "man_made": null, "railway": null, "z_order": 3, "other_tags": "\"lit\"=>\"yes\"", "access": null, "bicycle": null, "boundary": null, "bridge": null, "covered": null, "cycleway": null, "cycleway:left": null, "cycleway:right": null, "destination": null, "destination:colour": null, "destination:ref": null, "destination:ref:to": null, "destination:symbol:to": null, "destination:to": null, "foot": null, "footway": null, "horse": null, "int_ref": null, "junction:ref": null, "lane_markings": null, "lanes": null, "layer": null, "lit": "yes", "maxspeed": null, "maxweight:signed": null, "maxweightrating:signed": null, "motor_vehicle": null, "name:etymology:wikidata": null, "nat_ref": null, "oneway": null, "operator": null, "operator:wikidata": null, "political_division": null, "ref": null, "segregated": null, "service": null, "sidewalk": null, "smoothness": null, "source:maxspeed": null, "surface": null, "toll": null, "tunnel": null, "turn:lanes": null, "was:name": null, "width": "6.854789819059286", "zone:maxspeed": null, "id_on_layer": 67 }, "geometry": { "type": "MultiPolygon", "coordinates": [ [ [ [ 2.476265335365392, 48.909574359804701 ], [ 2.476385864640959, 48.909579640163813 ], [ 2.476446763917796, 48.908975640132248 ], [ 2.476326236088555, 48.908970359836246 ], [ 2.476265335365392, 48.909574359804701 ] ] ] ] } },
{ "type": "Feature", "properties": { "osm_id": "132451200", "name": "Allée des Tulipes", "highway": "residential", "waterway": null, "aerialway": null, "barrier": null, "man_made": null, "railway": null, "z_order": 3, "other_tags": "\"lit\"=>\"yes\",\"surface\"=>\"asphalt\"", "access": null, "bicycle": null, "boundary": null, "bridge": null, "covered": null, "cycleway": null, "cycleway:left": null, "cycleway:right": null, "destination": null, "destination:colour": null, "destination:ref": null, "destination:ref:to": null, "destination:symbol:to": null, "destination:to": null, "foot": null, "footway": null, "horse": null, "int_ref": null, "junction:ref": null, "lane_markings": null, "lanes": null, "layer": null, "lit": "yes", "maxspeed": null, "maxweight:signed": null, "maxweightrating:signed": null, "motor_vehicle": null, "name:etymology:wikidata": null, "nat_ref": null, "oneway": null, "operator": null, "operator:wikidata": null, "political_division": null, "ref": null, "segregated": null, "service": null, "sidewalk": null, "smoothness": null, "source:maxspeed": null, "surface": "asphalt", "toll": null, "tunnel": null, "turn:lanes": null, "was:name": null, "width": "7.04207698765188", "zone:maxspeed": null, "id_on_layer": 68 }, "geometry": { "type": "MultiPolygon", "coordinates": [ [ [ [ 2.475902613123712, 48.909508243301026 ], [ 2.475779586883515, 48.90950235666616 ], [ 2.47577338681477, 48.909558656662895 ], [ 2.475896413192458, 48.909564543304313 ], [ 2.475902613123712, 48.909508243301026 ] ] ] ] } },
{ "type": "Feature", "properties": { "osm_id": "132451200", "name": "Allée des Tulipes", "highway": "residential", "waterway": null, "aerialway": null, "barrier": null, "man_made": null, "railway": null, "z_order": 3, "other_tags": "\"lit\"=>\"yes\",\"surface\"=>\"asphalt\"", "access": null, "bicycle": null, "boundary": null, "bridge": null, "covered": null, "cycleway": null, "cycleway:left": null, "cycleway:right": null, "destination": null, "destination:colour": null, "destination:ref": null, "destination:ref:to": null, "destination:symbol:to": null, "destination:to": null, "foot": null, "footway": null, "horse": null, "int_ref": null, "junction:ref": null, "lane_markings": null, "lanes": null, "layer": null, "lit": "yes", "maxspeed": null, "maxweight:signed": null, "maxweightrating:signed": null, "motor_vehicle": null, "name:etymology:wikidata": null, "nat_ref": null, "oneway": null, "operator": null, "operator:wikidata": null, "political_division": null, "ref": null, "segregated": null, "service": null, "sidewalk": null, "smoothness": null, "source:maxspeed": null, "surface": "asphalt", "toll": null, "tunnel": null, "turn:lanes": null, "was:name": null, "width": "8.374015753534673", "zone:maxspeed": null, "id_on_layer": 69 }, "geometry": { "type": "MultiPolygon", "coordinates": [ [ [ [ 2.475931174301107, 48.909331474448209 ], [ 2.475790025708399, 48.909324725508618 ], [ 2.475770525460153, 48.909501925496777 ], [ 2.475911674549354, 48.909508674460035 ], [ 2.475931174301107, 48.909331474448209 ] ] ] ] } },
{ "type": "Feature", "properties": { "osm_id": "132451200", "name": "Allée des Tulipes", "highway": "residential", "waterway": null, "aerialway": null, "barrier": null, "man_made": null, "railway": null, "z_order": 3, "other_tags": "\"lit\"=>\"yes\",\"surface\"=>\"asphalt\"", "access": null, "bicycle": null, "boundary": null, "bridge": null, "covered": null, "cycleway": null, "cycleway:left": null, "cycleway:right": null, "destination": null, "destination:colour": null, "destination:ref": null, "destination:ref:to": null, "destination:symbol:to": null, "destination:to": null, "foot": null, "footway": null, "horse": null, "int_ref": null, "junction:ref": null, "lane_markings": null, "lanes": null, "layer": null, "lit": "yes", "maxspeed": null, "maxweight:signed": null, "maxweightrating:signed": null, "motor_vehicle": null, "name:etymology:wikidata": null, "nat_ref": null, "oneway": null, "operator": null, "operator:wikidata": null, "political_division": null, "ref": null, "segregated": null, "service": null, "sidewalk": null, "smoothness": null, "source:maxspeed": null, "surface": "asphalt", "toll": null, "tunnel": null, "turn:lanes": null, "was:name": null, "width": "7.281591531502585", "zone:maxspeed": null, "id_on_layer": 70 }, "geometry": { "type": "MultiPolygon", "coordinates": [ [ [ [ 2.475962859849812, 48.908954853019821 ], [ 2.475836540157381, 48.908949146945574 ], [ 2.475797439685577, 48.909325246924347 ], [ 2.475923760321615, 48.909330953041071 ], [ 2.475962859849812, 48.908954853019821 ] ] ] ] } },
{ "type": "Feature", "properties": { "osm_id": "132451201", "name": "Rue Henri Mouly", "highway": "residential", "waterway": null, "aerialway": null, "barrier": null, "man_made": null, "railway": null, "z_order": 3, "other_tags": "\"lit\"=>\"yes\",\"surface\"=>\"asphalt\"", "access": null, "bicycle": null, "boundary": null, "bridge": null, "covered": null, "cycleway": null, "cycleway:left": null, "cycleway:right": null, "destination": null, "destination:colour": null, "destination:ref": null, "destination:ref:to": null, "destination:symbol:to": null, "destination:to": null, "foot": null, "footway": null, "horse": null, "int_ref": null, "junction:ref": null, "lane_markings": null, "lanes": null, "layer": null, "lit": "yes", "maxspeed": null, "maxweight:signed": null, "maxweightrating:signed": null, "motor_vehicle": null, "name:etymology:wikidata": null, "nat_ref": null, "oneway": null, "operator": null, "operator:wikidata": null, "political_division": null, "ref": null, "segregated": null, "service": null, "sidewalk": null, "smoothness": null, "source:maxspeed": null, "surface": "asphalt", "toll": null, "tunnel": null, "turn:lanes": null, "was:name": null, "width": "8.421093902609252", "zone:maxspeed": null, "id_on_layer": 71 }, "geometry": { "type": "MultiPolygon", "coordinates": [ [ [ [ 2.479680031132915, 48.909695372982391 ], [ 2.479041740118654, 48.909664273420077 ], [ 2.478385125193293, 48.909632372693764 ], [ 2.477759428162704, 48.90960197283794 ], [ 2.477099684813894, 48.909569880458392 ], [ 2.476331138675707, 48.909530288384062 ], [ 2.476320061313966, 48.909623711615289 ], [ 2.477088762026144, 48.909663311651897 ], [ 2.477089068377773, 48.90966332699373 ], [ 2.477748968989761, 48.909695427023394 ], [ 2.478374675106702, 48.909725827320671 ], [ 2.479031267649789, 48.909757726958304 ], [ 2.479669560463518, 48.90978882660805 ], [ 2.479982577514806, 48.909804027437389 ], [ 2.479993022475455, 48.909710572562005 ], [ 2.479680031132915, 48.909695372982391 ] ] ] ] } },
{ "type": "Feature", "properties": { "osm_id": "132451201", "name": "Rue Henri Mouly", "highway": "residential", "waterway": null, "aerialway": null, "barrier": null, "man_made": null, "railway": null, "z_order": 3, "other_tags": "\"lit\"=>\"yes\",\"surface\"=>\"asphalt\"", "access": null, "bicycle": null, "boundary": null, "bridge": null, "covered": null, "cycleway": null, "cycleway:left": null, "cycleway:right": null, "destination": null, "destination:colour": null, "destination:ref": null, "destination:ref:to": null, "destination:symbol:to": null, "destination:to": null, "foot": null, "footway": null, "horse": null, "int_ref": null, "junction:ref": null, "lane_markings": null, "lanes": null, "layer": null, "lit": "yes", "maxspeed": null, "maxweight:signed": null, "maxweightrating:signed": null, "motor_vehicle": null, "name:etymology:wikidata": null, "nat_ref": null, "oneway": null, "operator": null, "operator:wikidata": null, "political_division": null, "ref": null, "segregated": null, "service": null, "sidewalk": null, "smoothness": null, "source:maxspeed": null, "surface": "asphalt", "toll": null, "tunnel": null, "turn:lanes": null, "was:name": null, "width": "8.239099733579803", "zone:maxspeed": null, "id_on_layer": 72 }, "geometry": { "type": "MultiPolygon", "coordinates": [ [ [ [ 2.476040134846294, 48.909521916700371 ], [ 2.476033465147584, 48.909613883299158 ], [ 2.47632226541199, 48.909622983307443 ], [ 2.476328934581889, 48.9095310166921 ], [ 2.476040134846294, 48.909521916700371 ] ] ] ] } },
{ "type": "Feature", "properties": { "osm_id": "132451201", "name": "Rue Henri Mouly", "highway": "residential", "waterway": null, "aerialway": null, "barrier": null, "man_made": null, "railway": null, "z_order": 3, "other_tags": "\"lit\"=>\"yes\",\"surface\"=>\"asphalt\"", "access": null, "bicycle": null, "boundary": null, "bridge": null, "covered": null, "cycleway": null, "cycleway:left": null, "cycleway:right": null, "destination": null, "destination:colour": null, "destination:ref": null, "destination:ref:to": null, "destination:symbol:to": null, "destination:to": null, "foot": null, "footway": null, "horse": null, "int_ref": null, "junction:ref": null, "lane_markings": null, "lanes": null, "layer": null, "lit": "yes", "maxspeed": null, "maxweight:signed": null, "maxweightrating:signed": null, "motor_vehicle": null, "name:etymology:wikidata": null, "nat_ref": null, "oneway": null, "operator": null, "operator:wikidata": null, "political_division": null, "ref": null, "segregated": null, "service": null, "sidewalk": null, "smoothness": null, "source:maxspeed": null, "surface": "asphalt", "toll": null, "tunnel": null, "turn:lanes": null, "was:name": null, "width": "7.04207698765188", "zone:maxspeed": null, "id_on_layer": 73 }, "geometry": { "type": "MultiPolygon", "coordinates": [ [ [ [ 2.475837816397374, 48.909520991575121 ], [ 2.475831983597898, 48.909602208424531 ], [ 2.476033883761145, 48.909608508429578 ], [ 2.476039716234127, 48.909527291570043 ], [ 2.475837816397374, 48.909520991575121 ] ] ] ] } },
{ "type": "Feature", "properties": { "osm_id": "132451201", "name": "Rue Henri Mouly", "highway": "residential", "waterway": null, "aerialway": null, "barrier": null, "man_made": null, "railway": null, "z_order": 3, "other_tags": "\"lit\"=>\"yes\",\"surface\"=>\"asphalt\"", "access": null, "bicycle": null, "boundary": null, "bridge": null, "covered": null, "cycleway": null, "cycleway:left": null, "cycleway:right": null, "destination": null, "destination:colour": null, "destination:ref": null, "destination:ref:to": null, "destination:symbol:to": null, "destination:to": null, "foot": null, "footway": null, "horse": null, "int_ref": null, "junction:ref": null, "lane_markings": null, "lanes": null, "layer": null, "lit": "yes", "maxspeed": null, "maxweight:signed": null, "maxweightrating:signed": null, "motor_vehicle": null, "name:etymology:wikidata": null, "nat_ref": null, "oneway": null, "operator": null, "operator:wikidata": null, "political_division": null, "ref": null, "segregated": null, "service": null, "sidewalk": null, "smoothness": null, "source:maxspeed": null, "surface": "asphalt", "toll": null, "tunnel": null, "turn:lanes": null, "was:name": null, "width": "6", "zone:maxspeed": null, "id_on_layer": 74 }, "geometry": { "type": "MultiPolygon", "coordinates": [ [ [ [ 2.475633798043606, 48.909519272151435 ], [ 2.475628601952668, 48.909591127848273 ], [ 2.475832302098382, 48.909597527852839 ], [ 2.475837497897892, 48.909525672146899 ], [ 2.475633798043606, 48.909519272151435 ] ] ] ] } },
{ "type": "Feature", "properties": { "osm_id": "132451202", "name": null, "highway": "residential", "waterway": null, "aerialway": null, "barrier": null, "man_made": null, "railway": null, "z_order": 3, "other_tags": "\"lit\"=>\"yes\"", "access": null, "bicycle": null, "boundary": null, "bridge": null, "covered": null, "cycleway": null, "cycleway:left": null, "cycleway:right": null, "destination": null, "destination:colour": null, "destination:ref": null, "destination:ref:to": null, "destination:symbol:to": null, "destination:to": null, "foot": null, "footway": null, "horse": null, "int_ref": null, "junction:ref": null, "lane_markings": null, "lanes": null, "layer": null, "lit": "yes", "maxspeed": null, "maxweight:signed": null, "maxweightrating:signed": null, "motor_vehicle": null, "name:etymology:wikidata": null, "nat_ref": null, "oneway": null, "operator": null, "operator:wikidata": null, "political_division": null, "ref": null, "segregated": null, "service": null, "sidewalk": null, "smoothness": null, "source:maxspeed": null, "surface": null, "toll": null, "tunnel": null, "turn:lanes": null, "was:name": null, "width": "6", "zone:maxspeed": null, "id_on_layer": 75 }, "geometry": { "type": "MultiPolygon", "coordinates": [ [ [ [ 2.478456066332447, 48.909465017719711 ], [ 2.478584788475492, 48.909430056127405 ], [ 2.478543211552101, 48.90936354386865 ], [ 2.478389311636896, 48.909405343841158 ], [ 2.478375663410789, 48.909410698727385 ], [ 2.478364932772559, 48.909418417509663 ], [ 2.478358028860999, 48.909427846225682 ], [ 2.478350328845818, 48.909444046222227 ], [ 2.478347950341814, 48.909452442134985 ], [ 2.478333150181153, 48.909600942128051 ], [ 2.478442049823972, 48.909605657846221 ], [ 2.478456066332447, 48.909465017719711 ] ] ] ] } },
{ "type": "Feature", "properties": { "osm_id": "132451202", "name": null, "highway": "residential", "waterway": null, "aerialway": null, "barrier": null, "man_made": null, "railway": null, "z_order": 3, "other_tags": "\"lit\"=>\"yes\"", "access": null, "bicycle": null, "boundary": null, "bridge": null, "covered": null, "cycleway": null, "cycleway:left": null, "cycleway:right": null, "destination": null, "destination:colour": null, "destination:ref": null, "destination:ref:to": null, "destination:symbol:to": null, "destination:to": null, "foot": null, "footway": null, "horse": null, "int_ref": null, "junction:ref": null, "lane_markings": null, "lanes": null, "layer": null, "lit": "yes", "maxspeed": null, "maxweight:signed": null, "maxweightrating:signed": null, "motor_vehicle": null, "name:etymology:wikidata": null, "nat_ref": null, "oneway": null, "operator": null, "operator:wikidata": null, "political_division": null, "ref": null, "segregated": null, "service": null, "sidewalk": null, "smoothness": null, "source:maxspeed": null, "surface": null, "toll": null, "tunnel": null, "turn:lanes": null, "was:name": null, "width": "6", "zone:maxspeed": null, "id_on_layer": 76 }, "geometry": { "type": "MultiPolygon", "coordinates": [ [ [ [ 2.478640459952532, 48.909176635274044 ], [ 2.478765664148346, 48.909180626653722 ], [ 2.478770935847875, 48.909108773345999 ], [ 2.478592135975762, 48.909103073350046 ], [ 2.478575341423077, 48.909104263270201 ], [ 2.478559903589164, 48.909108781776119 ], [ 2.478547301775913, 48.909116195890483 ], [ 2.478538743530224, 48.909125795169487 ], [ 2.478535048933027, 48.90913665977957 ], [ 2.478509548654092, 48.909394459767626 ], [ 2.478618451350994, 48.909399140206659 ], [ 2.478640459952532, 48.909176635274044 ] ] ] ] } },
{ "type": "Feature", "properties": { "osm_id": "132451202", "name": null, "highway": "residential", "waterway": null, "aerialway": null, "barrier": null, "man_made": null, "railway": null, "z_order": 3, "other_tags": "\"lit\"=>\"yes\"", "access": null, "bicycle": null, "boundary": null, "bridge": null, "covered": null, "cycleway": null, "cycleway:left": null, "cycleway:right": null, "destination": null, "destination:colour": null, "destination:ref": null, "destination:ref:to": null, "destination:symbol:to": null, "destination:to": null, "foot": null, "footway": null, "horse": null, "int_ref": null, "junction:ref": null, "lane_markings": null, "lanes": null, "layer": null, "lit": "yes", "maxspeed": null, "maxweight:signed": null, "maxweightrating:signed": null, "motor_vehicle": null, "name:etymology:wikidata": null, "nat_ref": null, "oneway": null, "operator": null, "operator:wikidata": null, "political_division": null, "ref": null, "segregated": null, "service": null, "sidewalk": null, "smoothness": null, "source:maxspeed": null, "surface": null, "toll": null, "tunnel": null, "turn:lanes": null, "was:name": null, "width": "6", "zone:maxspeed": null, "id_on_layer": 77 }, "geometry": { "type": "MultiPolygon", "coordinates": [ [ [ [ 2.478891525050858, 48.909184729353385 ], [ 2.478871331187264, 48.90940634345997 ], [ 2.478980268817423, 48.909410656514289 ], [ 2.47900376853811, 48.909152756503296 ], [ 2.479002084462469, 48.909141482374331 ], [ 2.478995164213698, 48.909131112707421 ], [ 2.478983694277234, 48.909122676164252 ], [ 2.47896881246186, 48.909117009641918 ], [ 2.478951995029848, 48.909114675253875 ], [ 2.478770995159288, 48.909108775258076 ], [ 2.478765604836847, 48.909180624741637 ], [ 2.478891525050858, 48.909184729353385 ] ] ] ] } },
{ "type": "Feature", "properties": { "osm_id": "132451202", "name": null, "highway": "residential", "waterway": null, "aerialway": null, "barrier": null, "man_made": null, "railway": null, "z_order": 3, "other_tags": "\"lit\"=>\"yes\"", "access": null, "bicycle": null, "boundary": null, "bridge": null, "covered": null, "cycleway": null, "cycleway:left": null, "cycleway:right": null, "destination": null, "destination:colour": null, "destination:ref": null, "destination:ref:to": null, "destination:symbol:to": null, "destination:to": null, "foot": null, "footway": null, "horse": null, "int_ref": null, "junction:ref": null, "lane_markings": null, "lanes": null, "layer": null, "lit": "yes", "maxspeed": null, "maxweight:signed": null, "maxweightrating:signed": null, "motor_vehicle": null, "name:etymology:wikidata": null, "nat_ref": null, "oneway": null, "operator": null, "operator:wikidata": null, "political_division": null, "ref": null, "segregated": null, "service": null, "sidewalk": null, "smoothness": null, "source:maxspeed": null, "surface": null, "toll": null, "tunnel": null, "turn:lanes": null, "was:name": null, "width": "6", "zone:maxspeed": null, "id_on_layer": 78 }, "geometry": { "type": "MultiPolygon", "coordinates": [ [ [ [ 2.479008814308384, 48.909476673425289 ], [ 2.479010201837725, 48.909479621931148 ], [ 2.478995944139474, 48.909626503266061 ], [ 2.479104855865518, 48.90963109670821 ], [ 2.479119755699391, 48.909477596701244 ], [ 2.479117417232951, 48.909464643605915 ], [ 2.47910621721058, 48.909440843610938 ], [ 2.479100118573035, 48.909432171186218 ], [ 2.479090769849335, 48.909424863870882 ], [ 2.479078831299159, 48.909419437747843 ], [ 2.478950531360027, 48.909376437775116 ], [ 2.478901068608326, 48.909440562219395 ], [ 2.479008814308384, 48.909476673425289 ] ] ] ] } },
{ "type": "Feature", "properties": { "osm_id": "132451203", "name": "Allée des Hortensias", "highway": "residential", "waterway": null, "aerialway": null, "barrier": null, "man_made": null, "railway": null, "z_order": 3, "other_tags": "\"lit\"=>\"yes\"", "access": null, "bicycle": null, "boundary": null, "bridge": null, "covered": null, "cycleway": null, "cycleway:left": null, "cycleway:right": null, "destination": null, "destination:colour": null, "destination:ref": null, "destination:ref:to": null, "destination:symbol:to": null, "destination:to": null, "foot": null, "footway": null, "horse": null, "int_ref": null, "junction:ref": null, "lane_markings": null, "lanes": null, "layer": null, "lit": "yes", "maxspeed": null, "maxweight:signed": null, "maxweightrating:signed": null, "motor_vehicle": null, "name:etymology:wikidata": null, "nat_ref": null, "oneway": null, "operator": null, "operator:wikidata": null, "political_division": null, "ref": null, "segregated": null, "service": null, "sidewalk": null, "smoothness": null, "source:maxspeed": null, "surface": null, "toll": null, "tunnel": null, "turn:lanes": null, "was:name": null, "width": "6.1661671817137", "zone:maxspeed": null, "id_on_layer": 79 }, "geometry": { "type": "MultiPolygon", "coordinates": [ [ [ [ 2.477443038111377, 48.909024216430197 ], [ 2.477554161894352, 48.909029383543015 ], [ 2.47762236119127, 48.908392083510449 ], [ 2.477511238814458, 48.908386916462774 ], [ 2.477443038111377, 48.909024216430197 ] ] ] ] } },
{ "type": "Feature", "properties": { "osm_id": "132451204", "name": "Allée des Roses", "highway": "residential", "waterway": null, "aerialway": null, "barrier": null, "man_made": null, "railway": null, "z_order": 3, "other_tags": "\"lit\"=>\"yes\"", "access": null, "bicycle": null, "boundary": null, "bridge": null, "covered": null, "cycleway": null, "cycleway:left": null, "cycleway:right": null, "destination": null, "destination:colour": null, "destination:ref": null, "destination:ref:to": null, "destination:symbol:to": null, "destination:to": null, "foot": null, "footway": null, "horse": null, "int_ref": null, "junction:ref": null, "lane_markings": null, "lanes": null, "layer": null, "lit": "yes", "maxspeed": null, "maxweight:signed": null, "maxweightrating:signed": null, "motor_vehicle": null, "name:etymology:wikidata": null, "nat_ref": null, "oneway": null, "operator": null, "operator:wikidata": null, "political_division": null, "ref": null, "segregated": null, "service": null, "sidewalk": null, "smoothness": null, "source:maxspeed": null, "surface": null, "toll": null, "tunnel": null, "turn:lanes": null, "was:name": null, "width": "6", "zone:maxspeed": null, "id_on_layer": 80 }, "geometry": { "type": "MultiPolygon", "coordinates": [ [ [ [ 2.478791359802095, 48.908451653783018 ], [ 2.478722277671464, 48.909076585989844 ], [ 2.478831122334213, 48.909081813984479 ], [ 2.478900221658959, 48.908456713952155 ], [ 2.478900256366403, 48.908456378323407 ], [ 2.47890725628772, 48.908383678320163 ], [ 2.478798343717231, 48.90837912165415 ], [ 2.478791359802095, 48.908451653783018 ] ] ] ] } },
{ "type": "Feature", "properties": { "osm_id": "132451205", "name": null, "highway": "residential", "waterway": null, "aerialway": null, "barrier": null, "man_made": null, "railway": null, "z_order": 3, "other_tags": "\"lit\"=>\"yes\"", "access": null, "bicycle": null, "boundary": null, "bridge": null, "covered": null, "cycleway": null, "cycleway:left": null, "cycleway:right": null, "destination": null, "destination:colour": null, "destination:ref": null, "destination:ref:to": null, "destination:symbol:to": null, "destination:to": null, "foot": null, "footway": null, "horse": null, "int_ref": null, "junction:ref": null, "lane_markings": null, "lanes": null, "layer": null, "lit": "yes", "maxspeed": null, "maxweight:signed": null, "maxweightrating:signed": null, "motor_vehicle": null, "name:etymology:wikidata": null, "nat_ref": null, "oneway": null, "operator": null, "operator:wikidata": null, "political_division": null, "ref": null, "segregated": null, "service": null, "sidewalk": null, "smoothness": null, "source:maxspeed": null, "surface": null, "toll": null, "tunnel": null, "turn:lanes": null, "was:name": null, "width": "6", "zone:maxspeed": null, "id_on_layer": 81 }, "geometry": { "type": "MultiPolygon", "coordinates": [ [ [ [ 2.47765384796932, 48.909395008582187 ], [ 2.477660152026163, 48.909323191417513 ], [ 2.477251152318261, 48.909307591428586 ], [ 2.477244847677221, 48.909379408571098 ], [ 2.47765384796932, 48.909395008582187 ] ] ] ] } },
{ "type": "Feature", "properties": { "osm_id": "132451206", "name": null, "highway": "residential", "waterway": null, "aerialway": null, "barrier": null, "man_made": null, "railway": null, "z_order": 3, "other_tags": "\"lit\"=>\"yes\"", "access": null, "bicycle": null, "boundary": null, "bridge": null, "covered": null, "cycleway": null, "cycleway:left": null, "cycleway:right": null, "destination": null, "destination:colour": null, "destination:ref": null, "destination:ref:to": null, "destination:symbol:to": null, "destination:to": null, "foot": null, "footway": null, "horse": null, "int_ref": null, "junction:ref": null, "lane_markings": null, "lanes": null, "layer": null, "lit": "yes", "maxspeed": null, "maxweight:signed": null, "maxweightrating:signed": null, "motor_vehicle": null, "name:etymology:wikidata": null, "nat_ref": null, "oneway": null, "operator": null, "operator:wikidata": null, "political_division": null, "ref": null, "segregated": null, "service": null, "sidewalk": null, "smoothness": null, "source:maxspeed": null, "surface": null, "toll": null, "tunnel": null, "turn:lanes": null, "was:name": null, "width": "6", "zone:maxspeed": null, "id_on_layer": 82 }, "geometry": { "type": "MultiPolygon", "coordinates": [ [ [ [ 2.478923126314761, 48.909444425437762 ], [ 2.478928473681405, 48.909372574561935 ], [ 2.47856667394016, 48.909360874570254 ], [ 2.478561326056006, 48.909432725429454 ], [ 2.478923126314761, 48.909444425437762 ] ] ] ] } },
{ "type": "Feature", "properties": { "osm_id": "132451207", "name": null, "highway": "residential", "waterway": null, "aerialway": null, "barrier": null, "man_made": null, "railway": null, "z_order": 3, "other_tags": "\"lit\"=>\"yes\"", "access": null, "bicycle": null, "boundary": null, "bridge": null, "covered": null, "cycleway": null, "cycleway:left": null, "cycleway:right": null, "destination": null, "destination:colour": null, "destination:ref": null, "destination:ref:to": null, "destination:symbol:to": null, "destination:to": null, "foot": null, "footway": null, "horse": null, "int_ref": null, "junction:ref": null, "lane_markings": null, "lanes": null, "layer": null, "lit": "yes", "maxspeed": null, "maxweight:signed": null, "maxweightrating:signed": null, "motor_vehicle": null, "name:etymology:wikidata": null, "nat_ref": null, "oneway": null, "operator": null, "operator:wikidata": null, "political_division": null, "ref": null, "segregated": null, "service": null, "sidewalk": null, "smoothness": null, "source:maxspeed": null, "surface": null, "toll": null, "tunnel": null, "turn:lanes": null, "was:name": null, "width": "6", "zone:maxspeed": null, "id_on_layer": 83 }, "geometry": { "type": "MultiPolygon", "coordinates": [ [ [ [ 2.477170641388383, 48.909406083062912 ], [ 2.477173666701013, 48.909401296740327 ], [ 2.47718413169894, 48.909397076427936 ], [ 2.477231860680723, 48.909386041341541 ], [ 2.477233249289423, 48.909385706294799 ], [ 2.477267449309021, 48.909377106289092 ], [ 2.477228550717065, 48.909309893707423 ], [ 2.477195041596347, 48.909318319976904 ], [ 2.477142539375343, 48.909330458647162 ], [ 2.477132122673948, 48.909333718046334 ], [ 2.477101622685633, 48.909346018038882 ], [ 2.47708865660456, 48.909353301990549 ], [ 2.477079730087029, 48.909362866591721 ], [ 2.477066330069419, 48.909384066585922 ], [ 2.477062223657252, 48.909395827881042 ], [ 2.477049223496353, 48.909544327874961 ], [ 2.477158176508152, 48.90954847209931 ], [ 2.477170641388383, 48.909406083062912 ] ] ] ] } },
{ "type": "Feature", "properties": { "osm_id": "132451207", "name": null, "highway": "residential", "waterway": null, "aerialway": null, "barrier": null, "man_made": null, "railway": null, "z_order": 3, "other_tags": "\"lit\"=>\"yes\"", "access": null, "bicycle": null, "boundary": null, "bridge": null, "covered": null, "cycleway": null, "cycleway:left": null, "cycleway:right": null, "destination": null, "destination:colour": null, "destination:ref": null, "destination:ref:to": null, "destination:symbol:to": null, "destination:to": null, "foot": null, "footway": null, "horse": null, "int_ref": null, "junction:ref": null, "lane_markings": null, "lanes": null, "layer": null, "lit": "yes", "maxspeed": null, "maxweight:signed": null, "maxweightrating:signed": null, "motor_vehicle": null, "name:etymology:wikidata": null, "nat_ref": null, "oneway": null, "operator": null, "operator:wikidata": null, "political_division": null, "ref": null, "segregated": null, "service": null, "sidewalk": null, "smoothness": null, "source:maxspeed": null, "surface": null, "toll": null, "tunnel": null, "turn:lanes": null, "was:name": null, "width": "6", "zone:maxspeed": null, "id_on_layer": 84 }, "geometry": { "type": "MultiPolygon", "coordinates": [ [ [ [ 2.477310268171462, 48.909356953988642 ], [ 2.477323805243571, 48.90934662835209 ], [ 2.477330532445627, 48.90933372182608 ], [ 2.477334532425865, 48.909315021824206 ], [ 2.477334956002813, 48.909312291719381 ], [ 2.477353561602441, 48.909120194073566 ], [ 2.477354798503601, 48.909117933526289 ], [ 2.477489073658936, 48.909119760979472 ], [ 2.477491326339447, 48.909047839020289 ], [ 2.477337026450127, 48.909045739021778 ], [ 2.477321722426026, 48.909046966639572 ], [ 2.477307550132404, 48.909050966865451 ], [ 2.477282850141952, 48.909060866859434 ], [ 2.477268953487618, 48.909068834803271 ], [ 2.47725987004251, 48.909079396423564 ], [ 2.477248270023619, 48.90910059641844 ], [ 2.47724514421559, 48.909110508263836 ], [ 2.477226176733871, 48.909306337872962 ], [ 2.477225525774468, 48.909309381093635 ], [ 2.477214231872712, 48.909315245993085 ], [ 2.477281768165366, 48.909371753996894 ], [ 2.477310268171462, 48.909356953988642 ] ] ] ] } },
{ "type": "Feature", "properties": { "osm_id": "132451207", "name": null, "highway": "residential", "waterway": null, "aerialway": null, "barrier": null, "man_made": null, "railway": null, "z_order": 3, "other_tags": "\"lit\"=>\"yes\"", "access": null, "bicycle": null, "boundary": null, "bridge": null, "covered": null, "cycleway": null, "cycleway:left": null, "cycleway:right": null, "destination": null, "destination:colour": null, "destination:ref": null, "destination:ref:to": null, "destination:symbol:to": null, "destination:to": null, "foot": null, "footway": null, "horse": null, "int_ref": null, "junction:ref": null, "lane_markings": null, "lanes": null, "layer": null, "lit": "yes", "maxspeed": null, "maxweight:signed": null, "maxweightrating:signed": null, "motor_vehicle": null, "name:etymology:wikidata": null, "nat_ref": null, "oneway": null, "operator": null, "operator:wikidata": null, "political_division": null, "ref": null, "segregated": null, "service": null, "sidewalk": null, "smoothness": null, "source:maxspeed": null, "surface": null, "toll": null, "tunnel": null, "turn:lanes": null, "was:name": null, "width": "6", "zone:maxspeed": null, "id_on_layer": 85 }, "geometry": { "type": "MultiPolygon", "coordinates": [ [ [ [ 2.477587933206788, 48.909126062741116 ], [ 2.477603483018288, 48.909127921570878 ], [ 2.477603067979593, 48.909131874278188 ], [ 2.477582072348035, 48.909325232112728 ], [ 2.477582313186248, 48.90933203793459 ], [ 2.477585913164927, 48.909352037936266 ], [ 2.477590922266007, 48.909363386158745 ], [ 2.477601241044981, 48.909373051559065 ], [ 2.477618141044734, 48.909384351564711 ], [ 2.477695858916103, 48.909333848422087 ], [ 2.477692084035962, 48.909331324391772 ], [ 2.477691297973724, 48.909326957404794 ], [ 2.477711927448563, 48.90913696785173 ], [ 2.477711936452907, 48.90913688353367 ], [ 2.477714036431285, 48.909116883532683 ], [ 2.477712051202362, 48.909104481948617 ], [ 2.477703761189119, 48.909093272544418 ], [ 2.477683061181279, 48.90907447255227 ], [ 2.47766793984634, 48.909065148064251 ], [ 2.477648636813517, 48.909060208618591 ], [ 2.477605136843228, 48.909055008622211 ], [ 2.477600570073942, 48.909054593169166 ], [ 2.47749537014843, 48.90904799317385 ], [ 2.477485029844181, 48.909119606825691 ], [ 2.477587933206788, 48.909126062741116 ] ] ] ] } },
{ "type": "Feature", "properties": { "osm_id": "132451207", "name": null, "highway": "residential", "waterway": null, "aerialway": null, "barrier": null, "man_made": null, "railway": null, "z_order": 3, "other_tags": "\"lit\"=>\"yes\"", "access": null, "bicycle": null, "boundary": null, "bridge": null, "covered": null, "cycleway": null, "cycleway:left": null, "cycleway:right": null, "destination": null, "destination:colour": null, "destination:ref": null, "destination:ref:to": null, "destination:symbol:to": null, "destination:to": null, "foot": null, "footway": null, "horse": null, "int_ref": null, "junction:ref": null, "lane_markings": null, "lanes": null, "layer": null, "lit": "yes", "maxspeed": null, "maxweight:signed": null, "maxweightrating:signed": null, "motor_vehicle": null, "name:etymology:wikidata": null, "nat_ref": null, "oneway": null, "operator": null, "operator:wikidata": null, "political_division": null, "ref": null, "segregated": null, "service": null, "sidewalk": null, "smoothness": null, "source:maxspeed": null, "surface": null, "toll": null, "tunnel": null, "turn:lanes": null, "was:name": null, "width": "6", "zone:maxspeed": null, "id_on_layer": 86 }, "geometry": { "type": "MultiPolygon", "coordinates": [ [ [ [ 2.477716033931648, 48.909423179613 ], [ 2.477717625032653, 48.909424601248766 ], [ 2.477718970627783, 48.909432039443139 ], [ 2.477708201031124, 48.909573902361821 ], [ 2.477817198972787, 48.909577497612439 ], [ 2.477828198815594, 48.909432597607285 ], [ 2.477827883127695, 48.90942654104699 ], [ 2.477824283106484, 48.909406641048641 ], [ 2.477820831945037, 48.909397653825636 ], [ 2.477814010587706, 48.909389546566139 ], [ 2.477797110581676, 48.909374446572521 ], [ 2.477780533264319, 48.909364669214639 ], [ 2.477684333304064, 48.909327969237253 ], [ 2.477629666661976, 48.909390230756117 ], [ 2.477716033931648, 48.909423179613 ] ] ] ] } },
{ "type": "Feature", "properties": { "osm_id": "132451208", "name": null, "highway": "residential", "waterway": null, "aerialway": null, "barrier": null, "man_made": null, "railway": null, "z_order": 3, "other_tags": "\"lit\"=>\"yes\",\"surface\"=>\"asphalt\"", "access": null, "bicycle": null, "boundary": null, "bridge": null, "covered": null, "cycleway": null, "cycleway:left": null, "cycleway:right": null, "destination": null, "destination:colour": null, "destination:ref": null, "destination:ref:to": null, "destination:symbol:to": null, "destination:to": null, "foot": null, "footway": null, "horse": null, "int_ref": null, "junction:ref": null, "lane_markings": null, "lanes": null, "layer": null, "lit": "yes", "maxspeed": null, "maxweight:signed": null, "maxweightrating:signed": null, "motor_vehicle": null, "name:etymology:wikidata": null, "nat_ref": null, "oneway": null, "operator": null, "operator:wikidata": null, "political_division": null, "ref": null, "segregated": null, "service": null, "sidewalk": null, "smoothness": null, "source:maxspeed": null, "surface": "asphalt", "toll": null, "tunnel": null, "turn:lanes": null, "was:name": null, "width": "6", "zone:maxspeed": null, "id_on_layer": 87 }, "geometry": { "type": "MultiPolygon", "coordinates": [ [ [ [ 2.479757809861357, 48.909516212822737 ], [ 2.479846584957068, 48.909488891300313 ], [ 2.479852536712095, 48.909486753326156 ], [ 2.479873536719816, 48.90947805332091 ], [ 2.479890262446115, 48.909467191263417 ], [ 2.479903662438934, 48.909453591258163 ], [ 2.479909630075402, 48.90944544667709 ], [ 2.479912326638899, 48.909436578283746 ], [ 2.479946026304916, 48.909127478267997 ], [ 2.479837173700684, 48.90912232170632 ], [ 2.479804536177906, 48.909421673628401 ], [ 2.479797338280183, 48.909424655613442 ], [ 2.479688315129973, 48.909458208672625 ], [ 2.479674989368464, 48.909464009791108 ], [ 2.479664782177676, 48.909472105493933 ], [ 2.479658567805419, 48.909481802383937 ], [ 2.47965076778584, 48.909501702380396 ], [ 2.47964910454612, 48.90950885755165 ], [ 2.479639004405334, 48.909638657546914 ], [ 2.479747995598673, 48.909642342427325 ], [ 2.479757809861357, 48.909516212822737 ] ] ] ] } },
{ "type": "Feature", "properties": { "osm_id": "132451774", "name": "Allée des Glaïeuls", "highway": "residential", "waterway": null, "aerialway": null, "barrier": null, "man_made": null, "railway": null, "z_order": 3, "other_tags": "\"lit\"=>\"yes\",\"surface\"=>\"asphalt\"", "access": null, "bicycle": null, "boundary": null, "bridge": null, "covered": null, "cycleway": null, "cycleway:left": null, "cycleway:right": null, "destination": null, "destination:colour": null, "destination:ref": null, "destination:ref:to": null, "destination:symbol:to": null, "destination:to": null, "foot": null, "footway": null, "horse": null, "int_ref": null, "junction:ref": null, "lane_markings": null, "lanes": null, "layer": null, "lit": "yes", "maxspeed": null, "maxweight:signed": null, "maxweightrating:signed": null, "motor_vehicle": null, "name:etymology:wikidata": null, "nat_ref": null, "oneway": null, "operator": null, "operator:wikidata": null, "political_division": null, "ref": null, "segregated": null, "service": null, "sidewalk": null, "smoothness": null, "source:maxspeed": null, "surface": "asphalt", "toll": null, "tunnel": null, "turn:lanes": null, "was:name": null, "width": "8", "zone:maxspeed": null, "id_on_layer": 88 }, "geometry": { "type": "MultiPolygon", "coordinates": [ [ [ [ 2.476325215428163, 48.908342659429195 ], [ 2.476334310215716, 48.908332102962689 ], [ 2.476342386148831, 48.908316855316023 ], [ 2.476356686069867, 48.908256655307746 ], [ 2.47622191394884, 48.908242744652881 ], [ 2.476209540292827, 48.908294834862573 ], [ 2.476198889821205, 48.908307196998152 ], [ 2.476190144468376, 48.908326402799936 ], [ 2.476125843610669, 48.908960802762309 ], [ 2.476261956397473, 48.908966797197508 ], [ 2.476325215428163, 48.908342659429195 ] ] ] ] } },
{ "type": "Feature", "properties": { "osm_id": "132451776", "name": "Allée des Glycines", "highway": "residential", "waterway": null, "aerialway": null, "barrier": null, "man_made": null, "railway": null, "z_order": 3, "other_tags": null, "access": null, "bicycle": null, "boundary": null, "bridge": null, "covered": null, "cycleway": null, "cycleway:left": null, "cycleway:right": null, "destination": null, "destination:colour": null, "destination:ref": null, "destination:ref:to": null, "destination:symbol:to": null, "destination:to": null, "foot": null, "footway": null, "horse": null, "int_ref": null, "junction:ref": null, "lane_markings": null, "lanes": null, "layer": null, "lit": null, "maxspeed": null, "maxweight:signed": null, "maxweightrating:signed": null, "motor_vehicle": null, "name:etymology:wikidata": null, "nat_ref": null, "oneway": null, "operator": null, "operator:wikidata": null, "political_division": null, "ref": null, "segregated": null, "service": null, "sidewalk": null, "smoothness": null, "source:maxspeed": null, "surface": null, "toll": null, "tunnel": null, "turn:lanes": null, "was:name": null, "width": "6.699923327868893", "zone:maxspeed": null, "id_on_layer": 89 }, "geometry": { "type": "MultiPolygon", "coordinates": [ [ [ [ 2.475018789391568, 48.908264482424784 ], [ 2.474900410615006, 48.908258917544835 ], [ 2.474830909860108, 48.908901317509461 ], [ 2.474949290146466, 48.908906882460158 ], [ 2.475018789391568, 48.908264482424784 ] ] ] ] } },
{ "type": "Feature", "properties": { "osm_id": "132451778", "name": null, "highway": "residential", "waterway": null, "aerialway": null, "barrier": null, "man_made": null, "railway": null, "z_order": 3, "other_tags": "\"lit\"=>\"yes\"", "access": null, "bicycle": null, "boundary": null, "bridge": null, "covered": null, "cycleway": null, "cycleway:left": null, "cycleway:right": null, "destination": null, "destination:colour": null, "destination:ref": null, "destination:ref:to": null, "destination:symbol:to": null, "destination:to": null, "foot": null, "footway": null, "horse": null, "int_ref": null, "junction:ref": null, "lane_markings": null, "lanes": null, "layer": null, "lit": "yes", "maxspeed": null, "maxweight:signed": null, "maxweightrating:signed": null, "motor_vehicle": null, "name:etymology:wikidata": null, "nat_ref": null, "oneway": null, "operator": null, "operator:wikidata": null, "political_division": null, "ref": null, "segregated": null, "service": null, "sidewalk": null, "smoothness": null, "source:maxspeed": null, "surface": null, "toll": null, "tunnel": null, "turn:lanes": null, "was:name": null, "width": "8", "zone:maxspeed": null, "id_on_layer": 90 }, "geometry": { "type": "MultiPolygon", "coordinates": [ [ [ [ 2.4774223112825, 48.90907945291152 ], [ 2.477558088729279, 48.909088147048514 ], [ 2.477566488652787, 48.909031147043613 ], [ 2.477430711358992, 48.90902245291641 ], [ 2.4774223112825, 48.90907945291152 ] ] ] ] } },
{ "type": "Feature", "properties": { "osm_id": "132451779", "name": null, "highway": "residential", "waterway": null, "aerialway": null, "barrier": null, "man_made": null, "railway": null, "z_order": 3, "other_tags": "\"lit\"=>\"yes\"", "access": null, "bicycle": null, "boundary": null, "bridge": null, "covered": null, "cycleway": null, "cycleway:left": null, "cycleway:right": null, "destination": null, "destination:colour": null, "destination:ref": null, "destination:ref:to": null, "destination:symbol:to": null, "destination:to": null, "foot": null, "footway": null, "horse": null, "int_ref": null, "junction:ref": null, "lane_markings": null, "lanes": null, "layer": null, "lit": "yes", "maxspeed": null, "maxweight:signed": null, "maxweightrating:signed": null, "motor_vehicle": null, "name:etymology:wikidata": null, "nat_ref": null, "oneway": null, "operator": null, "operator:wikidata": null, "political_division": null, "ref": null, "segregated": null, "service": null, "sidewalk": null, "smoothness": null, "source:maxspeed": null, "surface": null, "toll": null, "tunnel": null, "turn:lanes": null, "was:name": null, "width": "8", "zone:maxspeed": null, "id_on_layer": 91 }, "geometry": { "type": "MultiPolygon", "coordinates": [ [ [ [ 2.478700334054194, 48.90914091274017 ], [ 2.478836265956079, 48.909148487219767 ], [ 2.478844665867877, 48.909082987214866 ], [ 2.478708734142395, 48.909075412745089 ], [ 2.478700334054194, 48.90914091274017 ] ] ] ] } },
{ "type": "Feature", "properties": { "osm_id": "134576761", "name": "Allée des Azalées", "highway": "residential", "waterway": null, "aerialway": null, "barrier": null, "man_made": null, "railway": null, "z_order": 3, "other_tags": "\"surface\"=>\"asphalt\"", "access": null, "bicycle": null, "boundary": null, "bridge": null, "covered": null, "cycleway": null, "cycleway:left": null, "cycleway:right": null, "destination": null, "destination:colour": null, "destination:ref": null, "destination:ref:to": null, "destination:symbol:to": null, "destination:to": null, "foot": null, "footway": null, "horse": null, "int_ref": null, "junction:ref": null, "lane_markings": null, "lanes": null, "layer": null, "lit": null, "maxspeed": null, "maxweight:signed": null, "maxweightrating:signed": null, "motor_vehicle": null, "name:etymology:wikidata": null, "nat_ref": null, "oneway": null, "operator": null, "operator:wikidata": null, "political_division": null, "ref": null, "segregated": null, "service": null, "sidewalk": null, "smoothness": null, "source:maxspeed": null, "surface": "asphalt", "toll": null, "tunnel": null, "turn:lanes": null, "was:name": null, "width": "6", "zone:maxspeed": null, "id_on_layer": 93 }, "geometry": { "type": "MultiPolygon", "coordinates": [ [ [ [ 2.475126769209366, 48.90891454627036 ], [ 2.4750178307953, 48.908910253703901 ], [ 2.474991930485976, 48.909195853691784 ], [ 2.475100869518691, 48.909200146282508 ], [ 2.475126769209366, 48.90891454627036 ] ] ] ] } },
{ "type": "Feature", "properties": { "osm_id": "134577036", "name": null, "highway": "residential", "waterway": null, "aerialway": null, "barrier": null, "man_made": null, "railway": null, "z_order": 3, "other_tags": null, "access": null, "bicycle": null, "boundary": null, "bridge": null, "covered": null, "cycleway": null, "cycleway:left": null, "cycleway:right": null, "destination": null, "destination:colour": null, "destination:ref": null, "destination:ref:to": null, "destination:symbol:to": null, "destination:to": null, "foot": null, "footway": null, "horse": null, "int_ref": null, "junction:ref": null, "lane_markings": null, "lanes": null, "layer": null, "lit": null, "maxspeed": null, "maxweight:signed": null, "maxweightrating:signed": null, "motor_vehicle": null, "name:etymology:wikidata": null, "nat_ref": null, "oneway": null, "operator": null, "operator:wikidata": null, "political_division": null, "ref": null, "segregated": null, "service": null, "sidewalk": null, "smoothness": null, "source:maxspeed": null, "surface": null, "toll": null, "tunnel": null, "turn:lanes": null, "was:name": null, "width": "6", "zone:maxspeed": null, "id_on_layer": 94 }, "geometry": { "type": "MultiPolygon", "coordinates": [ [ [ [ 2.47512061836396, 48.909442090140985 ], [ 2.475114381631569, 48.909513909858688 ], [ 2.475837982148406, 48.909541209878093 ], [ 2.475844217847125, 48.909469390121593 ], [ 2.47512061836396, 48.909442090140985 ] ] ] ] } },
{ "type": "Feature", "properties": { "osm_id": "134577038", "name": null, "highway": "residential", "waterway": null, "aerialway": null, "barrier": null, "man_made": null, "railway": null, "z_order": 3, "other_tags": null, "access": null, "bicycle": null, "boundary": null, "bridge": null, "covered": null, "cycleway": null, "cycleway:left": null, "cycleway:right": null, "destination": null, "destination:colour": null, "destination:ref": null, "destination:ref:to": null, "destination:symbol:to": null, "destination:to": null, "foot": null, "footway": null, "horse": null, "int_ref": null, "junction:ref": null, "lane_markings": null, "lanes": null, "layer": null, "lit": null, "maxspeed": null, "maxweight:signed": null, "maxweightrating:signed": null, "motor_vehicle": null, "name:etymology:wikidata": null, "nat_ref": null, "oneway": null, "operator": null, "operator:wikidata": null, "political_division": null, "ref": null, "segregated": null, "service": null, "sidewalk": null, "smoothness": null, "source:maxspeed": null, "surface": null, "toll": null, "tunnel": null, "turn:lanes": null, "was:name": null, "width": "6", "zone:maxspeed": null, "id_on_layer": 95 }, "geometry": { "type": "MultiPolygon", "coordinates": [ [ [ [ 2.474981622261117, 48.909262079499918 ], [ 2.474975977734836, 48.909333920499797 ], [ 2.475857778365225, 48.909364020521195 ], [ 2.475863421630728, 48.909292179478513 ], [ 2.474981622261117, 48.909262079499918 ] ] ] ] } },
{ "type": "Feature", "properties": { "osm_id": "134577039", "name": null, "highway": "residential", "waterway": null, "aerialway": null, "barrier": null, "man_made": null, "railway": null, "z_order": 3, "other_tags": "\"surface\"=>\"asphalt\"", "access": null, "bicycle": null, "boundary": null, "bridge": null, "covered": null, "cycleway": null, "cycleway:left": null, "cycleway:right": null, "destination": null, "destination:colour": null, "destination:ref": null, "destination:ref:to": null, "destination:symbol:to": null, "destination:to": null, "foot": null, "footway": null, "horse": null, "int_ref": null, "junction:ref": null, "lane_markings": null, "lanes": null, "layer": null, "lit": null, "maxspeed": null, "maxweight:signed": null, "maxweightrating:signed": null, "motor_vehicle": null, "name:etymology:wikidata": null, "nat_ref": null, "oneway": null, "operator": null, "operator:wikidata": null, "political_division": null, "ref": null, "segregated": null, "service": null, "sidewalk": null, "smoothness": null, "source:maxspeed": null, "surface": "asphalt", "toll": null, "tunnel": null, "turn:lanes": null, "was:name": null, "width": "6", "zone:maxspeed": null, "id_on_layer": 96 }, "geometry": { "type": "MultiPolygon", "coordinates": [ [ [ [ 2.47542412144308, 48.909796352296084 ], [ 2.475166146887064, 48.909461705935719 ], [ 2.475068853081301, 48.909494294043704 ], [ 2.475341052827013, 48.909847394157516 ], [ 2.47535240395394, 48.90985735582489 ], [ 2.475368229718247, 48.909864167422377 ], [ 2.47538663140609, 48.909867011720301 ], [ 2.475553631525391, 48.909873211724708 ], [ 2.47555976847021, 48.909801388274971 ], [ 2.47542412144308, 48.909796352296084 ] ] ] ] } },
{ "type": "Feature", "properties": { "osm_id": "134577039", "name": null, "highway": "residential", "waterway": null, "aerialway": null, "barrier": null, "man_made": null, "railway": null, "z_order": 3, "other_tags": "\"surface\"=>\"asphalt\"", "access": null, "bicycle": null, "boundary": null, "bridge": null, "covered": null, "cycleway": null, "cycleway:left": null, "cycleway:right": null, "destination": null, "destination:colour": null, "destination:ref": null, "destination:ref:to": null, "destination:symbol:to": null, "destination:to": null, "foot": null, "footway": null, "horse": null, "int_ref": null, "junction:ref": null, "lane_markings": null, "lanes": null, "layer": null, "lit": null, "maxspeed": null, "maxweight:signed": null, "maxweightrating:signed": null, "motor_vehicle": null, "name:etymology:wikidata": null, "nat_ref": null, "oneway": null, "operator": null, "operator:wikidata": null, "political_division": null, "ref": null, "segregated": null, "service": null, "sidewalk": null, "smoothness": null, "source:maxspeed": null, "surface": "asphalt", "toll": null, "tunnel": null, "turn:lanes": null, "was:name": null, "width": "6", "zone:maxspeed": null, "id_on_layer": 97 }, "geometry": { "type": "MultiPolygon", "coordinates": [ [ [ [ 2.475027450921671, 48.909281711396822 ], [ 2.474930149046703, 48.909314288582607 ], [ 2.475068848917026, 48.909494288640609 ], [ 2.475166151051347, 48.909461711338828 ], [ 2.475027450921671, 48.909281711396822 ] ] ] ] } },
{ "type": "Feature", "properties": { "osm_id": "134577039", "name": null, "highway": "residential", "waterway": null, "aerialway": null, "barrier": null, "man_made": null, "railway": null, "z_order": 3, "other_tags": "\"surface\"=>\"asphalt\"", "access": null, "bicycle": null, "boundary": null, "bridge": null, "covered": null, "cycleway": null, "cycleway:left": null, "cycleway:right": null, "destination": null, "destination:colour": null, "destination:ref": null, "destination:ref:to": null, "destination:symbol:to": null, "destination:to": null, "foot": null, "footway": null, "horse": null, "int_ref": null, "junction:ref": null, "lane_markings": null, "lanes": null, "layer": null, "lit": null, "maxspeed": null, "maxweight:signed": null, "maxweightrating:signed": null, "motor_vehicle": null, "name:etymology:wikidata": null, "nat_ref": null, "oneway": null, "operator": null, "operator:wikidata": null, "political_division": null, "ref": null, "segregated": null, "service": null, "sidewalk": null, "smoothness": null, "source:maxspeed": null, "surface": "asphalt", "toll": null, "tunnel": null, "turn:lanes": null, "was:name": null, "width": "6", "zone:maxspeed": null, "id_on_layer": 98 }, "geometry": { "type": "MultiPolygon", "coordinates": [ [ [ [ 2.474848284445254, 48.909049229948415 ], [ 2.474855438739407, 48.908901245663294 ], [ 2.474746361263088, 48.908898954310892 ], [ 2.474738761092175, 48.909056154307329 ], [ 2.474740037706988, 48.909065117264305 ], [ 2.474744650782442, 48.909073590532479 ], [ 2.474930150609061, 48.909314290610041 ], [ 2.47502744935931, 48.909281709369402 ], [ 2.474848284445254, 48.909049229948415 ] ] ] ] } },
{ "type": "Feature", "properties": { "osm_id": "166156586", "name": "Avenue Jean Moulin", "highway": "tertiary", "waterway": null, "aerialway": null, "barrier": null, "man_made": null, "railway": null, "z_order": 4, "other_tags": null, "access": null, "bicycle": null, "boundary": null, "bridge": null, "covered": null, "cycleway": null, "cycleway:left": null, "cycleway:right": null, "destination": null, "destination:colour": null, "destination:ref": null, "destination:ref:to": null, "destination:symbol:to": null, "destination:to": null, "foot": null, "footway": null, "horse": null, "int_ref": null, "junction:ref": null, "lane_markings": null, "lanes": null, "layer": null, "lit": null, "maxspeed": null, "maxweight:signed": null, "maxweightrating:signed": null, "motor_vehicle": null, "name:etymology:wikidata": null, "nat_ref": null, "oneway": null, "operator": null, "operator:wikidata": null, "political_division": null, "ref": null, "segregated": null, "service": null, "sidewalk": null, "smoothness": null, "source:maxspeed": null, "surface": null, "toll": null, "tunnel": null, "turn:lanes": null, "was:name": null, "width": "8", "zone:maxspeed": null, "id_on_layer": 99 }, "geometry": { "type": "MultiPolygon", "coordinates": [ [ [ [ 2.478187254043106, 48.912517890168168 ], [ 2.477977031986893, 48.912539899319107 ], [ 2.477942792459193, 48.912541560535672 ], [ 2.477952807549769, 48.912631239463757 ], [ 2.47798990758279, 48.912629439462165 ], [ 2.477995600699332, 48.912629004116631 ], [ 2.478208573437334, 48.912606706970521 ], [ 2.478307446061235, 48.912596409821454 ], [ 2.478286153957636, 48.912507590177206 ], [ 2.478187254043106, 48.912517890168168 ] ] ] ] } },
{ "type": "Feature", "properties": { "osm_id": "166156586", "name": "Avenue Jean Moulin", "highway": "tertiary", "waterway": null, "aerialway": null, "barrier": null, "man_made": null, "railway": null, "z_order": 4, "other_tags": null, "access": null, "bicycle": null, "boundary": null, "bridge": null, "covered": null, "cycleway": null, "cycleway:left": null, "cycleway:right": null, "destination": null, "destination:colour": null, "destination:ref": null, "destination:ref:to": null, "destination:symbol:to": null, "destination:to": null, "foot": null, "footway": null, "horse": null, "int_ref": null, "junction:ref": null, "lane_markings": null, "lanes": null, "layer": null, "lit": null, "maxspeed": null, "maxweight:signed": null, "maxweightrating:signed": null, "motor_vehicle": null, "name:etymology:wikidata": null, "nat_ref": null, "oneway": null, "operator": null, "operator:wikidata": null, "political_division": null, "ref": null, "segregated": null, "service": null, "sidewalk": null, "smoothness": null, "source:maxspeed": null, "surface": null, "toll": null, "tunnel": null, "turn:lanes": null, "was:name": null, "width": "8", "zone:maxspeed": null, "id_on_layer": 100 }, "geometry": { "type": "MultiPolygon", "coordinates": [ [ [ [ 2.477904720424619, 48.912543353978684 ], [ 2.477836130819328, 48.912535279716138 ], [ 2.477787583925946, 48.912524020349323 ], [ 2.477732518173532, 48.912491776845918 ], [ 2.477669711128645, 48.912446263285553 ], [ 2.477485533445572, 48.91216194498277 ], [ 2.477360066510219, 48.912197254983077 ], [ 2.477548766211994, 48.912488555084799 ], [ 2.47756103843342, 48.912501152518338 ], [ 2.477634038424219, 48.91255405255 ], [ 2.477639196490667, 48.912557412732845 ], [ 2.477706996500254, 48.912597112759251 ], [ 2.477729658406507, 48.912605911765404 ], [ 2.477796058455752, 48.912621311778352 ], [ 2.477806706967956, 48.912623160414576 ], [ 2.477889107038422, 48.912632860423059 ], [ 2.477905962941532, 48.912633446377932 ], [ 2.477952662983116, 48.912631246375987 ], [ 2.477942937025589, 48.912541553623463 ], [ 2.477904720424619, 48.912543353978684 ] ] ] ] } },
{ "type": "Feature", "properties": { "osm_id": "166156586", "name": "Avenue Jean Moulin", "highway": "tertiary", "waterway": null, "aerialway": null, "barrier": null, "man_made": null, "railway": null, "z_order": 4, "other_tags": null, "access": null, "bicycle": null, "boundary": null, "bridge": null, "covered": null, "cycleway": null, "cycleway:left": null, "cycleway:right": null, "destination": null, "destination:colour": null, "destination:ref": null, "destination:ref:to": null, "destination:symbol:to": null, "destination:to": null, "foot": null, "footway": null, "horse": null, "int_ref": null, "junction:ref": null, "lane_markings": null, "lanes": null, "layer": null, "lit": null, "maxspeed": null, "maxweight:signed": null, "maxweightrating:signed": null, "motor_vehicle": null, "name:etymology:wikidata": null, "nat_ref": null, "oneway": null, "operator": null, "operator:wikidata": null, "political_division": null, "ref": null, "segregated": null, "service": null, "sidewalk": null, "smoothness": null, "source:maxspeed": null, "surface": null, "toll": null, "tunnel": null, "turn:lanes": null, "was:name": null, "width": "8", "zone:maxspeed": null, "id_on_layer": 101 }, "geometry": { "type": "MultiPolygon", "coordinates": [ [ [ [ 2.477415833494022, 48.912054345265204 ], [ 2.477360238772819, 48.911968553575633 ], [ 2.477302747796148, 48.91187966769828 ], [ 2.477177252159691, 48.911914932267514 ], [ 2.477234752068596, 48.912003832298524 ], [ 2.477290368349544, 48.912089657614906 ], [ 2.477360066351612, 48.912197254738224 ], [ 2.47748553360418, 48.912161945227624 ], [ 2.477415833494022, 48.912054345265204 ] ] ] ] } },
{ "type": "Feature", "properties": { "osm_id": "166156586", "name": "Avenue Jean Moulin", "highway": "tertiary", "waterway": null, "aerialway": null, "barrier": null, "man_made": null, "railway": null, "z_order": 4, "other_tags": null, "access": null, "bicycle": null, "boundary": null, "bridge": null, "covered": null, "cycleway": null, "cycleway:left": null, "cycleway:right": null, "destination": null, "destination:colour": null, "destination:ref": null, "destination:ref:to": null, "destination:symbol:to": null, "destination:to": null, "foot": null, "footway": null, "horse": null, "int_ref": null, "junction:ref": null, "lane_markings": null, "lanes": null, "layer": null, "lit": null, "maxspeed": null, "maxweight:signed": null, "maxweightrating:signed": null, "motor_vehicle": null, "name:etymology:wikidata": null, "nat_ref": null, "oneway": null, "operator": null, "operator:wikidata": null, "political_division": null, "ref": null, "segregated": null, "service": null, "sidewalk": null, "smoothness": null, "source:maxspeed": null, "surface": null, "toll": null, "tunnel": null, "turn:lanes": null, "was:name": null, "width": "8", "zone:maxspeed": null, "id_on_layer": 102 }, "geometry": { "type": "MultiPolygon", "coordinates": [ [ [ [ 2.477063335507917, 48.91148500637199 ], [ 2.476983039490692, 48.911352713207435 ], [ 2.47689744758419, 48.91121142686179 ], [ 2.476765135787287, 48.910993307855584 ], [ 2.476638464170517, 48.911026692109573 ], [ 2.476770758152496, 48.911244782642555 ], [ 2.476856352223499, 48.91138607314997 ], [ 2.476936666516893, 48.911518397000343 ], [ 2.477176664029795, 48.911913993723815 ], [ 2.477303335928003, 48.911880606241347 ], [ 2.477063335507917, 48.91148500637199 ] ] ] ] } },
{ "type": "Feature", "properties": { "osm_id": "166156586", "name": "Avenue Jean Moulin", "highway": "tertiary", "waterway": null, "aerialway": null, "barrier": null, "man_made": null, "railway": null, "z_order": 4, "other_tags": null, "access": null, "bicycle": null, "boundary": null, "bridge": null, "covered": null, "cycleway": null, "cycleway:left": null, "cycleway:right": null, "destination": null, "destination:colour": null, "destination:ref": null, "destination:ref:to": null, "destination:symbol:to": null, "destination:to": null, "foot": null, "footway": null, "horse": null, "int_ref": null, "junction:ref": null, "lane_markings": null, "lanes": null, "layer": null, "lit": null, "maxspeed": null, "maxweight:signed": null, "maxweightrating:signed": null, "motor_vehicle": null, "name:etymology:wikidata": null, "nat_ref": null, "oneway": null, "operator": null, "operator:wikidata": null, "political_division": null, "ref": null, "segregated": null, "service": null, "sidewalk": null, "smoothness": null, "source:maxspeed": null, "surface": null, "toll": null, "tunnel": null, "turn:lanes": null, "was:name": null, "width": "8", "zone:maxspeed": null, "id_on_layer": 103 }, "geometry": { "type": "MultiPolygon", "coordinates": [ [ [ [ 2.476682733097924, 48.910857503705252 ], [ 2.476556066859872, 48.910890896259929 ], [ 2.476638466715684, 48.911026696304759 ], [ 2.476765133242111, 48.910993303660391 ], [ 2.476682733097924, 48.910857503705252 ] ] ] ] } },
{ "type": "Feature", "properties": { "osm_id": "166156586", "name": "Avenue Jean Moulin", "highway": "tertiary", "waterway": null, "aerialway": null, "barrier": null, "man_made": null, "railway": null, "z_order": 4, "other_tags": null, "access": null, "bicycle": null, "boundary": null, "bridge": null, "covered": null, "cycleway": null, "cycleway:left": null, "cycleway:right": null, "destination": null, "destination:colour": null, "destination:ref": null, "destination:ref:to": null, "destination:symbol:to": null, "destination:to": null, "foot": null, "footway": null, "horse": null, "int_ref": null, "junction:ref": null, "lane_markings": null, "lanes": null, "layer": null, "lit": null, "maxspeed": null, "maxweight:signed": null, "maxweightrating:signed": null, "motor_vehicle": null, "name:etymology:wikidata": null, "nat_ref": null, "oneway": null, "operator": null, "operator:wikidata": null, "political_division": null, "ref": null, "segregated": null, "service": null, "sidewalk": null, "smoothness": null, "source:maxspeed": null, "surface": null, "toll": null, "tunnel": null, "turn:lanes": null, "was:name": null, "width": "8", "zone:maxspeed": null, "id_on_layer": 104 }, "geometry": { "type": "MultiPolygon", "coordinates": [ [ [ [ 2.476420637593407, 48.910425412014916 ], [ 2.476376139663468, 48.910352015582156 ], [ 2.47636264179815, 48.910338005849411 ], [ 2.476330041795241, 48.910315005863367 ], [ 2.476321972991419, 48.910310156945343 ], [ 2.476284373002082, 48.910290956958839 ], [ 2.476263404998687, 48.910283681685755 ], [ 2.476227405026294, 48.910276081692203 ], [ 2.476219242300468, 48.910274718209713 ], [ 2.47618224233193, 48.910270118213731 ], [ 2.476156957645775, 48.910358481784556 ], [ 2.476189812343494, 48.91036256642338 ], [ 2.476210337586356, 48.91036689953134 ], [ 2.476234097205749, 48.910379032106853 ], [ 2.476254213570248, 48.91039322464529 ], [ 2.47629396021639, 48.910458784407211 ], [ 2.476556064058217, 48.91089089164187 ], [ 2.476682735899589, 48.910857508323303 ], [ 2.476420637593407, 48.910425412014916 ] ] ] ] } },
{ "type": "Feature", "properties": { "osm_id": "166156592", "name": "Avenue Jean Moulin", "highway": "tertiary", "waterway": null, "aerialway": null, "barrier": null, "man_made": null, "railway": null, "z_order": 4, "other_tags": null, "access": null, "bicycle": null, "boundary": null, "bridge": null, "covered": null, "cycleway": null, "cycleway:left": null, "cycleway:right": null, "destination": null, "destination:colour": null, "destination:ref": null, "destination:ref:to": null, "destination:symbol:to": null, "destination:to": null, "foot": null, "footway": null, "horse": null, "int_ref": null, "junction:ref": null, "lane_markings": null, "lanes": null, "layer": null, "lit": null, "maxspeed": null, "maxweight:signed": null, "maxweightrating:signed": null, "motor_vehicle": null, "name:etymology:wikidata": null, "nat_ref": null, "oneway": null, "operator": null, "operator:wikidata": null, "political_division": null, "ref": null, "segregated": null, "service": null, "sidewalk": null, "smoothness": null, "source:maxspeed": null, "surface": null, "toll": null, "tunnel": null, "turn:lanes": null, "was:name": null, "width": "8", "zone:maxspeed": null, "id_on_layer": 105 }, "geometry": { "type": "MultiPolygon", "coordinates": [ [ [ [ 2.481347204556721, 48.912133666857187 ], [ 2.481175630417997, 48.912161985862191 ], [ 2.48120876961085, 48.912249214135102 ], [ 2.481384469754193, 48.912220214110071 ], [ 2.481392560913274, 48.912218519643311 ], [ 2.48151346099921, 48.912187619617676 ], [ 2.481464139042055, 48.912103780376732 ], [ 2.481347204556721, 48.912133666857187 ] ] ] ] } },
{ "type": "Feature", "properties": { "osm_id": "166156592", "name": "Avenue Jean Moulin", "highway": "tertiary", "waterway": null, "aerialway": null, "barrier": null, "man_made": null, "railway": null, "z_order": 4, "other_tags": null, "access": null, "bicycle": null, "boundary": null, "bridge": null, "covered": null, "cycleway": null, "cycleway:left": null, "cycleway:right": null, "destination": null, "destination:colour": null, "destination:ref": null, "destination:ref:to": null, "destination:symbol:to": null, "destination:to": null, "foot": null, "footway": null, "horse": null, "int_ref": null, "junction:ref": null, "lane_markings": null, "lanes": null, "layer": null, "lit": null, "maxspeed": null, "maxweight:signed": null, "maxweightrating:signed": null, "motor_vehicle": null, "name:etymology:wikidata": null, "nat_ref": null, "oneway": null, "operator": null, "operator:wikidata": null, "political_division": null, "ref": null, "segregated": null, "service": null, "sidewalk": null, "smoothness": null, "source:maxspeed": null, "surface": null, "toll": null, "tunnel": null, "turn:lanes": null, "was:name": null, "width": "8", "zone:maxspeed": null, "id_on_layer": 106 }, "geometry": { "type": "MultiPolygon", "coordinates": [ [ [ [ 2.481127825464988, 48.912167549222126 ], [ 2.481126219228261, 48.912167752769243 ], [ 2.480923628647593, 48.912195089575128 ], [ 2.480626446317018, 48.912227855319138 ], [ 2.480648953702902, 48.912316544679413 ], [ 2.480947353959599, 48.912283644650557 ], [ 2.480949780624149, 48.912283347252774 ], [ 2.481152779527545, 48.912255955349671 ], [ 2.481204274601035, 48.912249850770841 ], [ 2.481180125420294, 48.912161349227553 ], [ 2.481127825464988, 48.912167549222126 ] ] ] ] } },
{ "type": "Feature", "properties": { "osm_id": "166156592", "name": "Avenue Jean Moulin", "highway": "tertiary", "waterway": null, "aerialway": null, "barrier": null, "man_made": null, "railway": null, "z_order": 4, "other_tags": null, "access": null, "bicycle": null, "boundary": null, "bridge": null, "covered": null, "cycleway": null, "cycleway:left": null, "cycleway:right": null, "destination": null, "destination:colour": null, "destination:ref": null, "destination:ref:to": null, "destination:symbol:to": null, "destination:to": null, "foot": null, "footway": null, "horse": null, "int_ref": null, "junction:ref": null, "lane_markings": null, "lanes": null, "layer": null, "lit": null, "maxspeed": null, "maxweight:signed": null, "maxweightrating:signed": null, "motor_vehicle": null, "name:etymology:wikidata": null, "nat_ref": null, "oneway": null, "operator": null, "operator:wikidata": null, "political_division": null, "ref": null, "segregated": null, "service": null, "sidewalk": null, "smoothness": null, "source:maxspeed": null, "surface": null, "toll": null, "tunnel": null, "turn:lanes": null, "was:name": null, "width": "8", "zone:maxspeed": null, "id_on_layer": 107 }, "geometry": { "type": "MultiPolygon", "coordinates": [ [ [ [ 2.480439549764524, 48.912248454938734 ], [ 2.480100316569426, 48.912285958602361 ], [ 2.480000094201312, 48.912297061077545 ], [ 2.479998777943224, 48.912297215647349 ], [ 2.479509678359229, 48.912357915594299 ], [ 2.479534921663033, 48.912446284403984 ], [ 2.48002336509845, 48.912385665887314 ], [ 2.480122894657047, 48.912374640157289 ], [ 2.480462067003895, 48.912337143213819 ], [ 2.480648950416176, 48.912316545041733 ], [ 2.48062644960374, 48.912227854956825 ], [ 2.480439549764524, 48.912248454938734 ] ] ] ] } },
{ "type": "Feature", "properties": { "osm_id": "166156592", "name": "Avenue Jean Moulin", "highway": "tertiary", "waterway": null, "aerialway": null, "barrier": null, "man_made": null, "railway": null, "z_order": 4, "other_tags": null, "access": null, "bicycle": null, "boundary": null, "bridge": null, "covered": null, "cycleway": null, "cycleway:left": null, "cycleway:right": null, "destination": null, "destination:colour": null, "destination:ref": null, "destination:ref:to": null, "destination:symbol:to": null, "destination:to": null, "foot": null, "footway": null, "horse": null, "int_ref": null, "junction:ref": null, "lane_markings": null, "lanes": null, "layer": null, "lit": null, "maxspeed": null, "maxweight:signed": null, "maxweightrating:signed": null, "motor_vehicle": null, "name:etymology:wikidata": null, "nat_ref": null, "oneway": null, "operator": null, "operator:wikidata": null, "political_division": null, "ref": null, "segregated": null, "service": null, "sidewalk": null, "smoothness": null, "source:maxspeed": null, "surface": null, "toll": null, "tunnel": null, "turn:lanes": null, "was:name": null, "width": "8", "zone:maxspeed": null, "id_on_layer": 108 }, "geometry": { "type": "MultiPolygon", "coordinates": [ [ [ [ 2.47881570159017, 48.912440352049522 ], [ 2.478814888728711, 48.912440451963676 ], [ 2.478425311572083, 48.912489949060166 ], [ 2.478283934227461, 48.912507846191701 ], [ 2.478309665795214, 48.91259615380649 ], [ 2.478451065915221, 48.912578253790869 ], [ 2.478840305322095, 48.912528799615373 ], [ 2.479534399024582, 48.912446347876646 ], [ 2.479510200996788, 48.912357852121772 ], [ 2.47881570159017, 48.912440352049522 ] ] ] ] } },
{ "type": "Feature", "properties": { "osm_id": "188660420", "name": null, "highway": "motorway", "waterway": null, "aerialway": null, "barrier": null, "man_made": null, "railway": null, "z_order": 19, "other_tags": "\"destination\"=>\"Nantes;Créteil;Montreuil;Paris - Porte de Bagnolet\",\"destination:ref\"=>\"A 3\",\"destination:ref:to\"=>\"A 86;A 10\",\"destination:symbol:to\"=>\"ring_road\",\"destination:to\"=>\"A 4;Bordeaux\",\"int_ref\"=>\"E 15\",\"lanes\"=>\"3\",\"layer\"=>\"1\",\"lit\"=>\"no\",\"maxspeed\"=>\"110\",\"oneway\"=>\"yes\",\"operator\"=>\"DIRIF\",\"operator:wikidata\"=>\"Q3029613\",\"ref\"=>\"A 3\",\"surface\"=>\"asphalt\",\"toll\"=>\"no\"", "access": null, "bicycle": null, "boundary": null, "bridge": null, "covered": null, "cycleway": null, "cycleway:left": null, "cycleway:right": null, "destination": "Nantes;Créteil;Montreuil;Paris - Porte de Bagnolet", "destination:colour": null, "destination:ref": "A 3", "destination:ref:to": "A 86;A 10", "destination:symbol:to": "ring_road", "destination:to": "A 4;Bordeaux", "foot": null, "footway": null, "horse": null, "int_ref": "E 15", "junction:ref": null, "lane_markings": null, "lanes": "3", "layer": "1", "lit": "no", "maxspeed": "110", "maxweight:signed": null, "maxweightrating:signed": null, "motor_vehicle": null, "name:etymology:wikidata": null, "nat_ref": null, "oneway": "yes", "operator": "DIRIF", "operator:wikidata": "Q3029613", "political_division": null, "ref": "A 3", "segregated": null, "service": null, "sidewalk": null, "smoothness": null, "source:maxspeed": null, "surface": "asphalt", "toll": "no", "tunnel": null, "turn:lanes": null, "was:name": null, "width": "22", "zone:maxspeed": null, "id_on_layer": 110 }, "geometry": { "type": "MultiPolygon", "coordinates": [ [ [ [ 2.473236919352327, 48.908060364531273 ], [ 2.472939223083152, 48.908150176374768 ], [ 2.473008951496207, 48.908250605914709 ], [ 2.473306648237042, 48.908160793892819 ], [ 2.473236919352327, 48.908060364531273 ] ] ] ] } },
{ "type": "Feature", "properties": { "osm_id": "188678661", "name": null, "highway": "motorway", "waterway": null, "aerialway": null, "barrier": null, "man_made": null, "railway": null, "z_order": 19, "other_tags": "\"int_ref\"=>\"E 15\",\"lanes\"=>\"4\",\"layer\"=>\"1\",\"lit\"=>\"no\",\"maxspeed\"=>\"90\",\"oneway\"=>\"yes\",\"operator\"=>\"DIRIF\",\"operator:wikidata\"=>\"Q3029613\",\"ref\"=>\"A 3\",\"surface\"=>\"asphalt\",\"toll\"=>\"no\",\"turn:lanes\"=>\"|||merge_to_left\"", "access": null, "bicycle": null, "boundary": null, "bridge": null, "covered": null, "cycleway": null, "cycleway:left": null, "cycleway:right": null, "destination": null, "destination:colour": null, "destination:ref": null, "destination:ref:to": null, "destination:symbol:to": null, "destination:to": null, "foot": null, "footway": null, "horse": null, "int_ref": "E 15", "junction:ref": null, "lane_markings": null, "lanes": "4", "layer": "1", "lit": "no", "maxspeed": "90", "maxweight:signed": null, "maxweightrating:signed": null, "motor_vehicle": null, "name:etymology:wikidata": null, "nat_ref": null, "oneway": "yes", "operator": "DIRIF", "operator:wikidata": "Q3029613", "political_division": null, "ref": "A 3", "segregated": null, "service": null, "sidewalk": null, "smoothness": null, "source:maxspeed": null, "surface": "asphalt", "toll": "no", "tunnel": null, "turn:lanes": "|||merge_to_left", "was:name": null, "width": "22", "zone:maxspeed": null, "id_on_layer": 112 }, "geometry": { "type": "MultiPolygon", "coordinates": [ [ [ [ 2.474344384701747, 48.909548101567111 ], [ 2.474751851819162, 48.910051773818594 ], [ 2.475040747888122, 48.909950226000028 ], [ 2.47463244684694, 48.909445526506929 ], [ 2.474630749660954, 48.90944348208162 ], [ 2.473640147391121, 48.908280183296938 ], [ 2.473354652307991, 48.908385816525872 ], [ 2.474344384701747, 48.909548101567111 ] ] ] ] } },
{ "type": "Feature", "properties": { "osm_id": "195026404", "name": "Chemin de Groslay", "highway": "tertiary", "waterway": null, "aerialway": null, "barrier": null, "man_made": null, "railway": null, "z_order": 4, "other_tags": "\"lane_markings\"=>\"no\",\"surface\"=>\"asphalt\",\"width\"=>\"10\"", "access": null, "bicycle": null, "boundary": null, "bridge": null, "covered": null, "cycleway": null, "cycleway:left": null, "cycleway:right": null, "destination": null, "destination:colour": null, "destination:ref": null, "destination:ref:to": null, "destination:symbol:to": null, "destination:to": null, "foot": null, "footway": null, "horse": null, "int_ref": null, "junction:ref": null, "lane_markings": "no", "lanes": null, "layer": null, "lit": null, "maxspeed": null, "maxweight:signed": null, "maxweightrating:signed": null, "motor_vehicle": null, "name:etymology:wikidata": null, "nat_ref": null, "oneway": null, "operator": null, "operator:wikidata": null, "political_division": null, "ref": null, "segregated": null, "service": null, "sidewalk": null, "smoothness": null, "source:maxspeed": null, "surface": "asphalt", "toll": null, "tunnel": null, "turn:lanes": null, "was:name": null, "width": "10", "zone:maxspeed": null, "id_on_layer": 113 }, "geometry": { "type": "MultiPolygon", "coordinates": [ [ [ [ 2.474561225322248, 48.911204986103641 ], [ 2.474714574619956, 48.911167213845324 ], [ 2.474622674406545, 48.91100511390588 ], [ 2.474469325535659, 48.91104288604307 ], [ 2.474561225322248, 48.911204986103641 ] ] ] ] } },
{ "type": "Feature", "properties": { "osm_id": "248813240", "name": "Chemin de Groslay", "highway": "tertiary", "waterway": null, "aerialway": null, "barrier": null, "man_made": null, "railway": null, "z_order": 4, "other_tags": null, "access": null, "bicycle": null, "boundary": null, "bridge": null, "covered": null, "cycleway": null, "cycleway:left": null, "cycleway:right": null, "destination": null, "destination:colour": null, "destination:ref": null, "destination:ref:to": null, "destination:symbol:to": null, "destination:to": null, "foot": null, "footway": null, "horse": null, "int_ref": null, "junction:ref": null, "lane_markings": null, "lanes": null, "layer": null, "lit": null, "maxspeed": null, "maxweight:signed": null, "maxweightrating:signed": null, "motor_vehicle": null, "name:etymology:wikidata": null, "nat_ref": null, "oneway": null, "operator": null, "operator:wikidata": null, "political_division": null, "ref": null, "segregated": null, "service": null, "sidewalk": null, "smoothness": null, "source:maxspeed": null, "surface": null, "toll": null, "tunnel": null, "turn:lanes": null, "was:name": null, "width": "8", "zone:maxspeed": null, "id_on_layer": 115 }, "geometry": { "type": "MultiPolygon", "coordinates": [ [ [ [ 2.474314066695817, 48.910808852256046 ], [ 2.474318657155514, 48.910816210769561 ], [ 2.474428257032621, 48.910955410826595 ], [ 2.474549342917333, 48.910913989141541 ], [ 2.474442533861899, 48.910778334063473 ], [ 2.474350533036056, 48.910583347759641 ], [ 2.474220266929236, 48.910610052203531 ], [ 2.474314066695817, 48.910808852256046 ] ] ] ] } },
{ "type": "Feature", "properties": { "osm_id": "248813240", "name": "Chemin de Groslay", "highway": "tertiary", "waterway": null, "aerialway": null, "barrier": null, "man_made": null, "railway": null, "z_order": 4, "other_tags": null, "access": null, "bicycle": null, "boundary": null, "bridge": null, "covered": null, "cycleway": null, "cycleway:left": null, "cycleway:right": null, "destination": null, "destination:colour": null, "destination:ref": null, "destination:ref:to": null, "destination:symbol:to": null, "destination:to": null, "foot": null, "footway": null, "horse": null, "int_ref": null, "junction:ref": null, "lane_markings": null, "lanes": null, "layer": null, "lit": null, "maxspeed": null, "maxweight:signed": null, "maxweightrating:signed": null, "motor_vehicle": null, "name:etymology:wikidata": null, "nat_ref": null, "oneway": null, "operator": null, "operator:wikidata": null, "political_division": null, "ref": null, "segregated": null, "service": null, "sidewalk": null, "smoothness": null, "source:maxspeed": null, "surface": null, "toll": null, "tunnel": null, "turn:lanes": null, "was:name": null, "width": "8", "zone:maxspeed": null, "id_on_layer": 116 }, "geometry": { "type": "MultiPolygon", "coordinates": [ [ [ [ 2.474483160352074, 48.911041487936615 ], [ 2.474608839604065, 48.911006512029104 ], [ 2.474551639512036, 48.910917212059992 ], [ 2.474425960444104, 48.910952187905714 ], [ 2.474483160352074, 48.911041487936615 ] ] ] ] } },
{ "type": "Feature", "properties": { "osm_id": "248836385", "name": "Rue Jean-Jacques Rousseau", "highway": "residential", "waterway": null, "aerialway": null, "barrier": null, "man_made": null, "railway": null, "z_order": 3, "other_tags": "\"oneway\"=>\"yes\"", "access": null, "bicycle": null, "boundary": null, "bridge": null, "covered": null, "cycleway": null, "cycleway:left": null, "cycleway:right": null, "destination": null, "destination:colour": null, "destination:ref": null, "destination:ref:to": null, "destination:symbol:to": null, "destination:to": null, "foot": null, "footway": null, "horse": null, "int_ref": null, "junction:ref": null, "lane_markings": null, "lanes": null, "layer": null, "lit": null, "maxspeed": null, "maxweight:signed": null, "maxweightrating:signed": null, "motor_vehicle": null, "name:etymology:wikidata": null, "nat_ref": null, "oneway": "yes", "operator": null, "operator:wikidata": null, "political_division": null, "ref": null, "segregated": null, "service": null, "sidewalk": null, "smoothness": null, "source:maxspeed": null, "surface": null, "toll": null, "tunnel": null, "turn:lanes": null, "was:name": null, "width": "8", "zone:maxspeed": null, "id_on_layer": 117 }, "geometry": { "type": "MultiPolygon", "coordinates": [ [ [ [ 2.475885584373525, 48.910389689267539 ], [ 2.475490184255546, 48.910593481361943 ], [ 2.475487694306042, 48.910594828329472 ], [ 2.475364703897573, 48.910664628979127 ], [ 2.47545371530274, 48.910732772396891 ], [ 2.475575484911356, 48.910663664519575 ], [ 2.475976615914386, 48.910456918477209 ], [ 2.475988979641091, 48.910448641314268 ], [ 2.476053079615256, 48.910392841284313 ], [ 2.475944320443652, 48.910338558689915 ], [ 2.475885584373525, 48.910389689267539 ] ] ] ] } },
{ "type": "Feature", "properties": { "osm_id": "248836385", "name": "Rue Jean-Jacques Rousseau", "highway": "residential", "waterway": null, "aerialway": null, "barrier": null, "man_made": null, "railway": null, "z_order": 3, "other_tags": "\"oneway\"=>\"yes\"", "access": null, "bicycle": null, "boundary": null, "bridge": null, "covered": null, "cycleway": null, "cycleway:left": null, "cycleway:right": null, "destination": null, "destination:colour": null, "destination:ref": null, "destination:ref:to": null, "destination:symbol:to": null, "destination:to": null, "foot": null, "footway": null, "horse": null, "int_ref": null, "junction:ref": null, "lane_markings": null, "lanes": null, "layer": null, "lit": null, "maxspeed": null, "maxweight:signed": null, "maxweightrating:signed": null, "motor_vehicle": null, "name:etymology:wikidata": null, "nat_ref": null, "oneway": "yes", "operator": null, "operator:wikidata": null, "political_division": null, "ref": null, "segregated": null, "service": null, "sidewalk": null, "smoothness": null, "source:maxspeed": null, "surface": null, "toll": null, "tunnel": null, "turn:lanes": null, "was:name": null, "width": "8", "zone:maxspeed": null, "id_on_layer": 118 }, "geometry": { "type": "MultiPolygon", "coordinates": [ [ [ [ 2.475215754760437, 48.910749161528514 ], [ 2.475304766113198, 48.910817305060213 ], [ 2.475453715302741, 48.910732772396891 ], [ 2.475364703897572, 48.910664628979127 ], [ 2.475215754760437, 48.910749161528514 ] ] ] ] } },
{ "type": "Feature", "properties": { "osm_id": "248836385", "name": "Rue Jean-Jacques Rousseau", "highway": "residential", "waterway": null, "aerialway": null, "barrier": null, "man_made": null, "railway": null, "z_order": 3, "other_tags": "\"oneway\"=>\"yes\"", "access": null, "bicycle": null, "boundary": null, "bridge": null, "covered": null, "cycleway": null, "cycleway:left": null, "cycleway:right": null, "destination": null, "destination:colour": null, "destination:ref": null, "destination:ref:to": null, "destination:symbol:to": null, "destination:to": null, "foot": null, "footway": null, "horse": null, "int_ref": null, "junction:ref": null, "lane_markings": null, "lanes": null, "layer": null, "lit": null, "maxspeed": null, "maxweight:signed": null, "maxweightrating:signed": null, "motor_vehicle": null, "name:etymology:wikidata": null, "nat_ref": null, "oneway": "yes", "operator": null, "operator:wikidata": null, "political_division": null, "ref": null, "segregated": null, "service": null, "sidewalk": null, "smoothness": null, "source:maxspeed": null, "surface": null, "toll": null, "tunnel": null, "turn:lanes": null, "was:name": null, "width": "8", "zone:maxspeed": null, "id_on_layer": 119 }, "geometry": { "type": "MultiPolygon", "coordinates": [ [ [ [ 2.475092324943225, 48.910819210830439 ], [ 2.474913255578311, 48.910920593435577 ], [ 2.475002144482191, 48.910988806547081 ], [ 2.475181244514165, 48.910887406478672 ], [ 2.475181305684922, 48.910887371804392 ], [ 2.475304766113198, 48.910817305060213 ], [ 2.475215754760437, 48.910749161528514 ], [ 2.475092324943225, 48.910819210830439 ] ] ] ] } },
{ "type": "Feature", "properties": { "osm_id": "248836385", "name": "Rue Jean-Jacques Rousseau", "highway": "residential", "waterway": null, "aerialway": null, "barrier": null, "man_made": null, "railway": null, "z_order": 3, "other_tags": "\"oneway\"=>\"yes\"", "access": null, "bicycle": null, "boundary": null, "bridge": null, "covered": null, "cycleway": null, "cycleway:left": null, "cycleway:right": null, "destination": null, "destination:colour": null, "destination:ref": null, "destination:ref:to": null, "destination:symbol:to": null, "destination:to": null, "foot": null, "footway": null, "horse": null, "int_ref": null, "junction:ref": null, "lane_markings": null, "lanes": null, "layer": null, "lit": null, "maxspeed": null, "maxweight:signed": null, "maxweightrating:signed": null, "motor_vehicle": null, "name:etymology:wikidata": null, "nat_ref": null, "oneway": "yes", "operator": null, "operator:wikidata": null, "political_division": null, "ref": null, "segregated": null, "service": null, "sidewalk": null, "smoothness": null, "source:maxspeed": null, "surface": null, "toll": null, "tunnel": null, "turn:lanes": null, "was:name": null, "width": "8", "zone:maxspeed": null, "id_on_layer": 120 }, "geometry": { "type": "MultiPolygon", "coordinates": [ [ [ [ 2.474762974467136, 48.910975244706883 ], [ 2.474656266988989, 48.91099282200846 ], [ 2.474628841257306, 48.910990161774521 ], [ 2.474560917395533, 48.910980127567235 ], [ 2.474531082578343, 48.911067872430507 ], [ 2.474601482636885, 48.911078272439539 ], [ 2.474606469192454, 48.911078881734284 ], [ 2.47464976923006, 48.911083081737949 ], [ 2.474676237711408, 48.911082219340216 ], [ 2.474804937816447, 48.91106101932192 ], [ 2.474821812337122, 48.911056597411424 ], [ 2.474991112427754, 48.910993897362808 ], [ 2.474924287624518, 48.910915502627233 ], [ 2.474762974467136, 48.910975244706883 ] ] ] ] } },
{ "type": "Feature", "properties": { "osm_id": "338884090", "name": "Chemin de Groslay", "highway": "tertiary", "waterway": null, "aerialway": null, "barrier": null, "man_made": null, "railway": null, "z_order": 4, "other_tags": null, "access": null, "bicycle": null, "boundary": null, "bridge": null, "covered": null, "cycleway": null, "cycleway:left": null, "cycleway:right": null, "destination": null, "destination:colour": null, "destination:ref": null, "destination:ref:to": null, "destination:symbol:to": null, "destination:to": null, "foot": null, "footway": null, "horse": null, "int_ref": null, "junction:ref": null, "lane_markings": null, "lanes": null, "layer": null, "lit": null, "maxspeed": null, "maxweight:signed": null, "maxweightrating:signed": null, "motor_vehicle": null, "name:etymology:wikidata": null, "nat_ref": null, "oneway": null, "operator": null, "operator:wikidata": null, "political_division": null, "ref": null, "segregated": null, "service": null, "sidewalk": null, "smoothness": null, "source:maxspeed": null, "surface": null, "toll": null, "tunnel": null, "turn:lanes": null, "was:name": null, "width": "6.739767966496226", "zone:maxspeed": null, "id_on_layer": 122 }, "geometry": { "type": "MultiPolygon", "coordinates": [ [ [ [ 2.473510875124023, 48.909788936394534 ], [ 2.47351239080035, 48.909790716388962 ], [ 2.473558590766674, 48.909841816409283 ], [ 2.473661009192213, 48.909801583567884 ], [ 2.473615602078548, 48.909751360605881 ], [ 2.473265024504122, 48.909313363740495 ], [ 2.473159575457294, 48.909350036235352 ], [ 2.473510875124023, 48.909788936394534 ] ] ] ] } },
{ "type": "Feature", "properties": { "osm_id": "338884090", "name": "Chemin de Groslay", "highway": "tertiary", "waterway": null, "aerialway": null, "barrier": null, "man_made": null, "railway": null, "z_order": 4, "other_tags": null, "access": null, "bicycle": null, "boundary": null, "bridge": null, "covered": null, "cycleway": null, "cycleway:left": null, "cycleway:right": null, "destination": null, "destination:colour": null, "destination:ref": null, "destination:ref:to": null, "destination:symbol:to": null, "destination:to": null, "foot": null, "footway": null, "horse": null, "int_ref": null, "junction:ref": null, "lane_markings": null, "lanes": null, "layer": null, "lit": null, "maxspeed": null, "maxweight:signed": null, "maxweightrating:signed": null, "motor_vehicle": null, "name:etymology:wikidata": null, "nat_ref": null, "oneway": null, "operator": null, "operator:wikidata": null, "political_division": null, "ref": null, "segregated": null, "service": null, "sidewalk": null, "smoothness": null, "source:maxspeed": null, "surface": null, "toll": null, "tunnel": null, "turn:lanes": null, "was:name": null, "width": "8", "zone:maxspeed": null, "id_on_layer": 123 }, "geometry": { "type": "MultiPolygon", "coordinates": [ [ [ [ 2.47398961071329, 48.910329422224315 ], [ 2.474099873796106, 48.91045135456578 ], [ 2.474134188053696, 48.910496234582624 ], [ 2.474256011897112, 48.910455765385159 ], [ 2.474220611855123, 48.910409465403674 ], [ 2.474218290970035, 48.910406679507886 ], [ 2.474106790877082, 48.910283379564035 ], [ 2.47366838725884, 48.909798676187947 ], [ 2.473551212687324, 48.909844723782179 ], [ 2.47398961071329, 48.910329422224315 ] ] ] ] } },
{ "type": "Feature", "properties": { "osm_id": "338884090", "name": "Chemin de Groslay", "highway": "tertiary", "waterway": null, "aerialway": null, "barrier": null, "man_made": null, "railway": null, "z_order": 4, "other_tags": null, "access": null, "bicycle": null, "boundary": null, "bridge": null, "covered": null, "cycleway": null, "cycleway:left": null, "cycleway:right": null, "destination": null, "destination:colour": null, "destination:ref": null, "destination:ref:to": null, "destination:symbol:to": null, "destination:to": null, "foot": null, "footway": null, "horse": null, "int_ref": null, "junction:ref": null, "lane_markings": null, "lanes": null, "layer": null, "lit": null, "maxspeed": null, "maxweight:signed": null, "maxweightrating:signed": null, "motor_vehicle": null, "name:etymology:wikidata": null, "nat_ref": null, "oneway": null, "operator": null, "operator:wikidata": null, "political_division": null, "ref": null, "segregated": null, "service": null, "sidewalk": null, "smoothness": null, "source:maxspeed": null, "surface": null, "toll": null, "tunnel": null, "turn:lanes": null, "was:name": null, "width": "8", "zone:maxspeed": null, "id_on_layer": 124 }, "geometry": { "type": "MultiPolygon", "coordinates": [ [ [ [ 2.474186574727867, 48.910564725050769 ], [ 2.474223869775362, 48.910616105016281 ], [ 2.474346930176984, 48.910577294950819 ], [ 2.474309330127936, 48.910525494970699 ], [ 2.474308707185959, 48.910524659115332 ], [ 2.474256007123496, 48.910455759142913 ], [ 2.4741341928273, 48.910496240824855 ], [ 2.474186574727867, 48.910564725050769 ] ] ] ] } },
{ "type": "Feature", "properties": { "osm_id": "338884385", "name": "Route d'Aulnay", "highway": "tertiary", "waterway": null, "aerialway": null, "barrier": null, "man_made": null, "railway": null, "z_order": 4, "other_tags": "\"cycleway\"=>\"lane\",\"surface\"=>\"asphalt\"", "access": null, "bicycle": null, "boundary": null, "bridge": null, "covered": null, "cycleway": "lane", "cycleway:left": null, "cycleway:right": null, "destination": null, "destination:colour": null, "destination:ref": null, "destination:ref:to": null, "destination:symbol:to": null, "destination:to": null, "foot": null, "footway": null, "horse": null, "int_ref": null, "junction:ref": null, "lane_markings": null, "lanes": null, "layer": null, "lit": null, "maxspeed": null, "maxweight:signed": null, "maxweightrating:signed": null, "motor_vehicle": null, "name:etymology:wikidata": null, "nat_ref": null, "oneway": null, "operator": null, "operator:wikidata": null, "political_division": null, "ref": null, "segregated": null, "service": null, "sidewalk": null, "smoothness": null, "source:maxspeed": null, "surface": "asphalt", "toll": null, "tunnel": null, "turn:lanes": null, "was:name": null, "width": "8", "zone:maxspeed": null, "id_on_layer": 125 }, "geometry": { "type": "MultiPolygon", "coordinates": [ [ [ [ 2.480258707777228, 48.908078323201792 ], [ 2.480269607047902, 48.907944929914379 ], [ 2.480272104496033, 48.907914660344446 ], [ 2.480308802341252, 48.907476578960157 ], [ 2.480172597665484, 48.907471620999615 ], [ 2.480135897071944, 48.907909720978139 ], [ 2.480133393931808, 48.907940058251569 ], [ 2.480122492021581, 48.908073479295453 ], [ 2.480113092073791, 48.908188276752483 ], [ 2.480249307932795, 48.908193123207298 ], [ 2.480258707777228, 48.908078323201792 ] ] ] ] } },
{ "type": "Feature", "properties": { "osm_id": "398434518", "name": "Allée Mozart", "highway": "residential", "waterway": null, "aerialway": null, "barrier": null, "man_made": null, "railway": null, "z_order": 3, "other_tags": "\"lanes\"=>\"2\",\"lit\"=>\"yes\",\"maxspeed\"=>\"30\",\"sidewalk\"=>\"both\",\"smoothness\"=>\"good\",\"source:maxspeed\"=>\"Bing\",\"surface\"=>\"asphalt\"", "access": null, "bicycle": null, "boundary": null, "bridge": null, "covered": null, "cycleway": null, "cycleway:left": null, "cycleway:right": null, "destination": null, "destination:colour": null, "destination:ref": null, "destination:ref:to": null, "destination:symbol:to": null, "destination:to": null, "foot": null, "footway": null, "horse": null, "int_ref": null, "junction:ref": null, "lane_markings": null, "lanes": "2", "layer": null, "lit": "yes", "maxspeed": "30", "maxweight:signed": null, "maxweightrating:signed": null, "motor_vehicle": null, "name:etymology:wikidata": null, "nat_ref": null, "oneway": null, "operator": null, "operator:wikidata": null, "political_division": null, "ref": null, "segregated": null, "service": null, "sidewalk": "both", "smoothness": "good", "source:maxspeed": "Bing", "surface": "asphalt", "toll": null, "tunnel": null, "turn:lanes": null, "was:name": null, "width": "6", "zone:maxspeed": null, "id_on_layer": 126 }, "geometry": { "type": "MultiPolygon", "coordinates": [ [ [ [ 2.479760939453465, 48.911196718504812 ], [ 2.479869460538265, 48.911189081469637 ], [ 2.479727359599117, 48.910311781535924 ], [ 2.479618840392613, 48.91031941843854 ], [ 2.479760939453465, 48.911196718504812 ] ] ] ] } },
{ "type": "Feature", "properties": { "osm_id": "398434525", "name": "Rue Lucie Aubrac", "highway": "service", "waterway": null, "aerialway": null, "barrier": null, "man_made": null, "railway": null, "z_order": 0, "other_tags": "\"lanes\"=>\"2\",\"lit\"=>\"yes\",\"maxspeed\"=>\"30\",\"oneway\"=>\"yes\",\"sidewalk\"=>\"both\",\"smoothness\"=>\"good\",\"source:maxspeed\"=>\"Bing\",\"surface\"=>\"asphalt\"", "access": null, "bicycle": null, "boundary": null, "bridge": null, "covered": null, "cycleway": null, "cycleway:left": null, "cycleway:right": null, "destination": null, "destination:colour": null, "destination:ref": null, "destination:ref:to": null, "destination:symbol:to": null, "destination:to": null, "foot": null, "footway": null, "horse": null, "int_ref": null, "junction:ref": null, "lane_markings": null, "lanes": "2", "layer": null, "lit": "yes", "maxspeed": "30", "maxweight:signed": null, "maxweightrating:signed": null, "motor_vehicle": null, "name:etymology:wikidata": null, "nat_ref": null, "oneway": "yes", "operator": null, "operator:wikidata": null, "political_division": null, "ref": null, "segregated": null, "service": null, "sidewalk": "both", "smoothness": "good", "source:maxspeed": "Bing", "surface": "asphalt", "toll": null, "tunnel": null, "turn:lanes": null, "was:name": null, "width": "6", "zone:maxspeed": null, "id_on_layer": 128 }, "geometry": { "type": "MultiPolygon", "coordinates": [ [ [ [ 2.478142673320441, 48.910295691519359 ], [ 2.478421577124993, 48.911327309710678 ], [ 2.478445876839329, 48.911417209010338 ], [ 2.478488075446966, 48.911573204483204 ], [ 2.47849937288906, 48.911615095165097 ], [ 2.47860682709744, 48.911602504809878 ], [ 2.478595527053933, 48.911560604815101 ], [ 2.478553322502302, 48.911404588579003 ], [ 2.478529023053816, 48.911314690975836 ], [ 2.478250124136929, 48.910283099071847 ], [ 2.478239426624845, 48.910243408460545 ], [ 2.478131973361664, 48.910255991514425 ], [ 2.478142673320441, 48.910295691519359 ] ] ] ] } },
{ "type": "Feature", "properties": { "osm_id": "398434525", "name": "Rue Lucie Aubrac", "highway": "service", "waterway": null, "aerialway": null, "barrier": null, "man_made": null, "railway": null, "z_order": 0, "other_tags": "\"lanes\"=>\"2\",\"lit\"=>\"yes\",\"maxspeed\"=>\"30\",\"oneway\"=>\"yes\",\"sidewalk\"=>\"both\",\"smoothness\"=>\"good\",\"source:maxspeed\"=>\"Bing\",\"surface\"=>\"asphalt\"", "access": null, "bicycle": null, "boundary": null, "bridge": null, "covered": null, "cycleway": null, "cycleway:left": null, "cycleway:right": null, "destination": null, "destination:colour": null, "destination:ref": null, "destination:ref:to": null, "destination:symbol:to": null, "destination:to": null, "foot": null, "footway": null, "horse": null, "int_ref": null, "junction:ref": null, "lane_markings": null, "lanes": "2", "layer": null, "lit": "yes", "maxspeed": "30", "maxweight:signed": null, "maxweightrating:signed": null, "motor_vehicle": null, "name:etymology:wikidata": null, "nat_ref": null, "oneway": "yes", "operator": null, "operator:wikidata": null, "political_division": null, "ref": null, "segregated": null, "service": null, "sidewalk": "both", "smoothness": "good", "source:maxspeed": "Bing", "surface": "asphalt", "toll": null, "tunnel": null, "turn:lanes": null, "was:name": null, "width": "8", "zone:maxspeed": null, "id_on_layer": 129 }, "geometry": { "type": "MultiPolygon", "coordinates": [ [ [ [ 2.478519545705885, 48.911740986593927 ], [ 2.478653854272976, 48.911725213366942 ], [ 2.478620254111677, 48.911600913386337 ], [ 2.478485945867184, 48.911616686574526 ], [ 2.478519545705885, 48.911740986593927 ] ] ] ] } },
{ "type": "Feature", "properties": { "osm_id": "398434528", "name": "Rue Rol Tanguy", "highway": "service", "waterway": null, "aerialway": null, "barrier": null, "man_made": null, "railway": null, "z_order": 0, "other_tags": "\"lanes\"=>\"2\",\"lit\"=>\"yes\",\"maxspeed\"=>\"30\",\"oneway\"=>\"yes\",\"sidewalk\"=>\"both\",\"smoothness\"=>\"good\",\"source:maxspeed\"=>\"Bing\",\"surface\"=>\"asphalt\"", "access": null, "bicycle": null, "boundary": null, "bridge": null, "covered": null, "cycleway": null, "cycleway:left": null, "cycleway:right": null, "destination": null, "destination:colour": null, "destination:ref": null, "destination:ref:to": null, "destination:symbol:to": null, "destination:to": null, "foot": null, "footway": null, "horse": null, "int_ref": null, "junction:ref": null, "lane_markings": null, "lanes": "2", "layer": null, "lit": "yes", "maxspeed": "30", "maxweight:signed": null, "maxweightrating:signed": null, "motor_vehicle": null, "name:etymology:wikidata": null, "nat_ref": null, "oneway": "yes", "operator": null, "operator:wikidata": null, "political_division": null, "ref": null, "segregated": null, "service": null, "sidewalk": "both", "smoothness": "good", "source:maxspeed": "Bing", "surface": "asphalt", "toll": null, "tunnel": null, "turn:lanes": null, "was:name": null, "width": "8", "zone:maxspeed": null, "id_on_layer": 130 }, "geometry": { "type": "MultiPolygon", "coordinates": [ [ [ [ 2.477623478063724, 48.911722485910261 ], [ 2.477488921916367, 48.91173731405047 ], [ 2.477521921746566, 48.911867414069562 ], [ 2.477656478233525, 48.911852585891175 ], [ 2.477623478063724, 48.911722485910261 ] ] ] ] } },
{ "type": "Feature", "properties": { "osm_id": "398434528", "name": "Rue Rol Tanguy", "highway": "service", "waterway": null, "aerialway": null, "barrier": null, "man_made": null, "railway": null, "z_order": 0, "other_tags": "\"lanes\"=>\"2\",\"lit\"=>\"yes\",\"maxspeed\"=>\"30\",\"oneway\"=>\"yes\",\"sidewalk\"=>\"both\",\"smoothness\"=>\"good\",\"source:maxspeed\"=>\"Bing\",\"surface\"=>\"asphalt\"", "access": null, "bicycle": null, "boundary": null, "bridge": null, "covered": null, "cycleway": null, "cycleway:left": null, "cycleway:right": null, "destination": null, "destination:colour": null, "destination:ref": null, "destination:ref:to": null, "destination:symbol:to": null, "destination:to": null, "foot": null, "footway": null, "horse": null, "int_ref": null, "junction:ref": null, "lane_markings": null, "lanes": "2", "layer": null, "lit": "yes", "maxspeed": "30", "maxweight:signed": null, "maxweightrating:signed": null, "motor_vehicle": null, "name:etymology:wikidata": null, "nat_ref": null, "oneway": "yes", "operator": null, "operator:wikidata": null, "political_division": null, "ref": null, "segregated": null, "service": null, "sidewalk": "both", "smoothness": "good", "source:maxspeed": "Bing", "surface": "asphalt", "toll": null, "tunnel": null, "turn:lanes": null, "was:name": null, "width": "8", "zone:maxspeed": null, "id_on_layer": 131 }, "geometry": { "type": "MultiPolygon", "coordinates": [ [ [ [ 2.477615282083546, 48.911690101947386 ], [ 2.477508981541293, 48.91127040202889 ], [ 2.477489282824216, 48.911192507515487 ], [ 2.477424780670248, 48.910937700354118 ], [ 2.477290219309881, 48.910952499606594 ], [ 2.477354718066207, 48.9112072960448 ], [ 2.477374417054237, 48.911285192456646 ], [ 2.477480718586128, 48.911704900737917 ], [ 2.477488917854292, 48.91173729801811 ], [ 2.477623482125841, 48.91172250194262 ], [ 2.477615282083546, 48.911690101947386 ] ] ] ] } },
{ "type": "Feature", "properties": { "osm_id": "398434528", "name": "Rue Rol Tanguy", "highway": "service", "waterway": null, "aerialway": null, "barrier": null, "man_made": null, "railway": null, "z_order": 0, "other_tags": "\"lanes\"=>\"2\",\"lit\"=>\"yes\",\"maxspeed\"=>\"30\",\"oneway\"=>\"yes\",\"sidewalk\"=>\"both\",\"smoothness\"=>\"good\",\"source:maxspeed\"=>\"Bing\",\"surface\"=>\"asphalt\"", "access": null, "bicycle": null, "boundary": null, "bridge": null, "covered": null, "cycleway": null, "cycleway:left": null, "cycleway:right": null, "destination": null, "destination:colour": null, "destination:ref": null, "destination:ref:to": null, "destination:symbol:to": null, "destination:to": null, "foot": null, "footway": null, "horse": null, "int_ref": null, "junction:ref": null, "lane_markings": null, "lanes": "2", "layer": null, "lit": "yes", "maxspeed": "30", "maxweight:signed": null, "maxweightrating:signed": null, "motor_vehicle": null, "name:etymology:wikidata": null, "nat_ref": null, "oneway": "yes", "operator": null, "operator:wikidata": null, "political_division": null, "ref": null, "segregated": null, "service": null, "sidewalk": "both", "smoothness": "good", "source:maxspeed": "Bing", "surface": "asphalt", "toll": null, "tunnel": null, "turn:lanes": null, "was:name": null, "width": "9.756179372957437", "zone:maxspeed": null, "id_on_layer": 132 }, "geometry": { "type": "MultiPolygon", "coordinates": [ [ [ [ 2.477421890807933, 48.910885911499015 ], [ 2.477344220457459, 48.91058940821511 ], [ 2.477253620361836, 48.910243409933109 ], [ 2.477241014586571, 48.9101953881935 ], [ 2.477082985385009, 48.910213411752359 ], [ 2.477095582456874, 48.910261400885759 ], [ 2.477186179080435, 48.910607390074254 ], [ 2.477263979496789, 48.910904393451851 ], [ 2.477264253076372, 48.910905381728433 ], [ 2.477278753001155, 48.91095508173823 ], [ 2.477436246967472, 48.910935118207952 ], [ 2.477421890807933, 48.910885911499015 ] ] ] ] } },
{ "type": "Feature", "properties": { "osm_id": "398434530", "name": "Rue Serge Ravanel", "highway": "service", "waterway": null, "aerialway": null, "barrier": null, "man_made": null, "railway": null, "z_order": 0, "other_tags": "\"lanes\"=>\"2\",\"lit\"=>\"yes\",\"maxspeed\"=>\"30\",\"oneway\"=>\"yes\",\"sidewalk\"=>\"both\",\"smoothness\"=>\"good\",\"source:maxspeed\"=>\"Bing\",\"surface\"=>\"asphalt\"", "access": null, "bicycle": null, "boundary": null, "bridge": null, "covered": null, "cycleway": null, "cycleway:left": null, "cycleway:right": null, "destination": null, "destination:colour": null, "destination:ref": null, "destination:ref:to": null, "destination:symbol:to": null, "destination:to": null, "foot": null, "footway": null, "horse": null, "int_ref": null, "junction:ref": null, "lane_markings": null, "lanes": "2", "layer": null, "lit": "yes", "maxspeed": "30", "maxweight:signed": null, "maxweightrating:signed": null, "motor_vehicle": null, "name:etymology:wikidata": null, "nat_ref": null, "oneway": "yes", "operator": null, "operator:wikidata": null, "political_division": null, "ref": null, "segregated": null, "service": null, "sidewalk": "both", "smoothness": "good", "source:maxspeed": "Bing", "surface": "asphalt", "toll": null, "tunnel": null, "turn:lanes": null, "was:name": null, "width": "8", "zone:maxspeed": null, "id_on_layer": 133 }, "geometry": { "type": "MultiPolygon", "coordinates": [ [ [ [ 2.477626189224637, 48.911809351916474 ], [ 2.477625875409997, 48.911809392290714 ], [ 2.477575975452207, 48.911815892285048 ], [ 2.477602424571076, 48.91190410771307 ], [ 2.477652167776147, 48.911897628137133 ], [ 2.478599611601999, 48.911777247976573 ], [ 2.478573788420753, 48.911688952021613 ], [ 2.477626189224637, 48.911809351916474 ] ] ] ] } },
{ "type": "Feature", "properties": { "osm_id": "398434699", "name": "Rue des Floralies", "highway": "residential", "waterway": null, "aerialway": null, "barrier": null, "man_made": null, "railway": null, "z_order": 3, "other_tags": null, "access": null, "bicycle": null, "boundary": null, "bridge": null, "covered": null, "cycleway": null, "cycleway:left": null, "cycleway:right": null, "destination": null, "destination:colour": null, "destination:ref": null, "destination:ref:to": null, "destination:symbol:to": null, "destination:to": null, "foot": null, "footway": null, "horse": null, "int_ref": null, "junction:ref": null, "lane_markings": null, "lanes": null, "layer": null, "lit": null, "maxspeed": null, "maxweight:signed": null, "maxweightrating:signed": null, "motor_vehicle": null, "name:etymology:wikidata": null, "nat_ref": null, "oneway": null, "operator": null, "operator:wikidata": null, "political_division": null, "ref": null, "segregated": null, "service": null, "sidewalk": null, "smoothness": null, "source:maxspeed": null, "surface": null, "toll": null, "tunnel": null, "turn:lanes": null, "was:name": null, "width": "9.087577524250438", "zone:maxspeed": null, "id_on_layer": 134 }, "geometry": { "type": "MultiPolygon", "coordinates": [ [ [ [ 2.4791315328465, 48.911298069419765 ], [ 2.479281667135314, 48.911285930531385 ], [ 2.479094565651821, 48.910280530652102 ], [ 2.478944434329994, 48.910292669299032 ], [ 2.4791315328465, 48.911298069419765 ] ] ] ] } },
{ "type": "Feature", "properties": { "osm_id": "398434703", "name": "Rue Roger Pannequin", "highway": "service", "waterway": null, "aerialway": null, "barrier": null, "man_made": null, "railway": null, "z_order": 0, "other_tags": "\"lanes\"=>\"2\",\"lit\"=>\"yes\",\"maxspeed\"=>\"30\",\"oneway\"=>\"yes\",\"sidewalk\"=>\"both\",\"smoothness\"=>\"good\",\"source:maxspeed\"=>\"Bing\",\"surface\"=>\"asphalt\"", "access": null, "bicycle": null, "boundary": null, "bridge": null, "covered": null, "cycleway": null, "cycleway:left": null, "cycleway:right": null, "destination": null, "destination:colour": null, "destination:ref": null, "destination:ref:to": null, "destination:symbol:to": null, "destination:to": null, "foot": null, "footway": null, "horse": null, "int_ref": null, "junction:ref": null, "lane_markings": null, "lanes": "2", "layer": null, "lit": "yes", "maxspeed": "30", "maxweight:signed": null, "maxweightrating:signed": null, "motor_vehicle": null, "name:etymology:wikidata": null, "nat_ref": null, "oneway": "yes", "operator": null, "operator:wikidata": null, "political_division": null, "ref": null, "segregated": null, "service": null, "sidewalk": "both", "smoothness": "good", "source:maxspeed": "Bing", "surface": "asphalt", "toll": null, "tunnel": null, "turn:lanes": null, "was:name": null, "width": "9.434714801700403", "zone:maxspeed": null, "id_on_layer": 135 }, "geometry": { "type": "MultiPolygon", "coordinates": [ [ [ [ 2.477243735179678, 48.910904356892665 ], [ 2.476690214732536, 48.910959158914416 ], [ 2.476713385290972, 48.911060841083952 ], [ 2.477266875320724, 48.911006042070341 ], [ 2.477369064945158, 48.91099594309555 ], [ 2.477345935078311, 48.910894256902807 ], [ 2.477243735179678, 48.910904356892665 ] ] ] ] } },
{ "type": "Feature", "properties": { "osm_id": "859161716", "name": "Rue de Bruxelles", "highway": "residential", "waterway": null, "aerialway": null, "barrier": null, "man_made": null, "railway": null, "z_order": 3, "other_tags": null, "access": null, "bicycle": null, "boundary": null, "bridge": null, "covered": null, "cycleway": null, "cycleway:left": null, "cycleway:right": null, "destination": null, "destination:colour": null, "destination:ref": null, "destination:ref:to": null, "destination:symbol:to": null, "destination:to": null, "foot": null, "footway": null, "horse": null, "int_ref": null, "junction:ref": null, "lane_markings": null, "lanes": null, "layer": null, "lit": null, "maxspeed": null, "maxweight:signed": null, "maxweightrating:signed": null, "motor_vehicle": null, "name:etymology:wikidata": null, "nat_ref": null, "oneway": null, "operator": null, "operator:wikidata": null, "political_division": null, "ref": null, "segregated": null, "service": null, "sidewalk": null, "smoothness": null, "source:maxspeed": null, "surface": null, "toll": null, "tunnel": null, "turn:lanes": null, "was:name": null, "width": "8.933630191668552", "zone:maxspeed": null, "id_on_layer": 142 }, "geometry": { "type": "MultiPolygon", "coordinates": [ [ [ [ 2.473470793607307, 48.909824971461141 ], [ 2.473555206460964, 48.909906028523118 ], [ 2.473652006502368, 48.909862228488009 ], [ 2.473567593565903, 48.909781171496249 ], [ 2.473470793607307, 48.909824971461141 ] ] ] ] } },
{ "type": "Feature", "properties": { "osm_id": "884293836", "name": "Rue Henri Mouly", "highway": "residential", "waterway": null, "aerialway": null, "barrier": null, "man_made": null, "railway": null, "z_order": 3, "other_tags": "\"lit\"=>\"yes\"", "access": null, "bicycle": null, "boundary": null, "bridge": null, "covered": null, "cycleway": null, "cycleway:left": null, "cycleway:right": null, "destination": null, "destination:colour": null, "destination:ref": null, "destination:ref:to": null, "destination:symbol:to": null, "destination:to": null, "foot": null, "footway": null, "horse": null, "int_ref": null, "junction:ref": null, "lane_markings": null, "lanes": null, "layer": null, "lit": "yes", "maxspeed": null, "maxweight:signed": null, "maxweightrating:signed": null, "motor_vehicle": null, "name:etymology:wikidata": null, "nat_ref": null, "oneway": null, "operator": null, "operator:wikidata": null, "political_division": null, "ref": null, "segregated": null, "service": null, "sidewalk": null, "smoothness": null, "source:maxspeed": null, "surface": null, "toll": null, "tunnel": null, "turn:lanes": null, "was:name": null, "width": "8", "zone:maxspeed": null, "id_on_layer": 144 }, "geometry": { "type": "MultiPolygon", "coordinates": [ [ [ [ 2.479991863231374, 48.909712419046237 ], [ 2.479983736761349, 48.909802180953271 ], [ 2.480098136863445, 48.90980668095726 ], [ 2.480106263129278, 48.909716919042225 ], [ 2.479991863231374, 48.909712419046237 ] ] ] ] } },
{ "type": "Feature", "properties": { "osm_id": "884293837", "name": "Rue François Martin", "highway": "residential", "waterway": null, "aerialway": null, "barrier": null, "man_made": null, "railway": null, "z_order": 3, "other_tags": "\"lit\"=>\"yes\"", "access": null, "bicycle": null, "boundary": null, "bridge": null, "covered": null, "cycleway": null, "cycleway:left": null, "cycleway:right": null, "destination": null, "destination:colour": null, "destination:ref": null, "destination:ref:to": null, "destination:symbol:to": null, "destination:to": null, "foot": null, "footway": null, "horse": null, "int_ref": null, "junction:ref": null, "lane_markings": null, "lanes": null, "layer": null, "lit": "yes", "maxspeed": null, "maxweight:signed": null, "maxweightrating:signed": null, "motor_vehicle": null, "name:etymology:wikidata": null, "nat_ref": null, "oneway": null, "operator": null, "operator:wikidata": null, "political_division": null, "ref": null, "segregated": null, "service": null, "sidewalk": null, "smoothness": null, "source:maxspeed": null, "surface": null, "toll": null, "tunnel": null, "turn:lanes": null, "was:name": null, "width": "8", "zone:maxspeed": null, "id_on_layer": 145 }, "geometry": { "type": "MultiPolygon", "coordinates": [ [ [ [ 2.479979630106811, 48.909083425743013 ], [ 2.479971169885614, 48.909173174256466 ], [ 2.480100570001043, 48.909178474261182 ], [ 2.480109029991382, 48.909088725738329 ], [ 2.479979630106811, 48.909083425743013 ] ] ] ] } },
{ "type": "Feature", "properties": { "osm_id": "1038296547", "name": "Rue Simone Veil", "highway": "residential", "waterway": null, "aerialway": null, "barrier": null, "man_made": null, "railway": null, "z_order": 3, "other_tags": null, "access": null, "bicycle": null, "boundary": null, "bridge": null, "covered": null, "cycleway": null, "cycleway:left": null, "cycleway:right": null, "destination": null, "destination:colour": null, "destination:ref": null, "destination:ref:to": null, "destination:symbol:to": null, "destination:to": null, "foot": null, "footway": null, "horse": null, "int_ref": null, "junction:ref": null, "lane_markings": null, "lanes": null, "layer": null, "lit": null, "maxspeed": null, "maxweight:signed": null, "maxweightrating:signed": null, "motor_vehicle": null, "name:etymology:wikidata": null, "nat_ref": null, "oneway": null, "operator": null, "operator:wikidata": null, "political_division": null, "ref": null, "segregated": null, "service": null, "sidewalk": null, "smoothness": null, "source:maxspeed": null, "surface": null, "toll": null, "tunnel": null, "turn:lanes": null, "was:name": null, "width": "7.177974877131906", "zone:maxspeed": null, "id_on_layer": 147 }, "geometry": { "type": "MultiPolygon", "coordinates": [ [ [ [ 2.477646151219786, 48.9082631778926 ], [ 2.47764624981461, 48.90826236011025 ], [ 2.477686649339263, 48.907879060088568 ], [ 2.477686677447308, 48.907873620443844 ], [ 2.477680286253435, 48.907806357933637 ], [ 2.477692959004204, 48.907798300326213 ], [ 2.477606041047308, 48.907738899657254 ], [ 2.477572541048691, 48.907760199644741 ], [ 2.477561512972226, 48.90776958364016 ], [ 2.4775549936829, 48.907780648811297 ], [ 2.477553522653429, 48.907792479517887 ], [ 2.477561464060649, 48.907876059087691 ], [ 2.477521393324725, 48.908256230641761 ], [ 2.47751134869754, 48.908330222068258 ], [ 2.477636051311614, 48.908337577898024 ], [ 2.477646151219786, 48.9082631778926 ] ] ] ] } },
{ "type": "Feature", "properties": { "osm_id": "1038296548", "name": "Rue Aretha Franklin", "highway": "residential", "waterway": null, "aerialway": null, "barrier": null, "man_made": null, "railway": null, "z_order": 3, "other_tags": "\"lane_markings\"=>\"no\",\"surface\"=>\"asphalt\"", "access": null, "bicycle": null, "boundary": null, "bridge": null, "covered": null, "cycleway": null, "cycleway:left": null, "cycleway:right": null, "destination": null, "destination:colour": null, "destination:ref": null, "destination:ref:to": null, "destination:symbol:to": null, "destination:to": null, "foot": null, "footway": null, "horse": null, "int_ref": null, "junction:ref": null, "lane_markings": "no", "lanes": null, "layer": null, "lit": null, "maxspeed": null, "maxweight:signed": null, "maxweightrating:signed": null, "motor_vehicle": null, "name:etymology:wikidata": null, "nat_ref": null, "oneway": null, "operator": null, "operator:wikidata": null, "political_division": null, "ref": null, "segregated": null, "service": null, "sidewalk": null, "smoothness": null, "source:maxspeed": null, "surface": "asphalt", "toll": null, "tunnel": null, "turn:lanes": null, "was:name": null, "width": "8", "zone:maxspeed": null, "id_on_layer": 149 }, "geometry": { "type": "MultiPolygon", "coordinates": [ [ [ [ 2.476427486487468, 48.907678407268683 ], [ 2.476291513522321, 48.907671192691247 ], [ 2.476221312747438, 48.908246092650224 ], [ 2.476357287262351, 48.9082533073097 ], [ 2.476427486487468, 48.907678407268683 ] ] ] ] } },
{ "type": "Feature", "properties": { "osm_id": "1254352456", "name": null, "highway": "service", "waterway": null, "aerialway": null, "barrier": null, "man_made": null, "railway": null, "z_order": 0, "other_tags": "\"access\"=>\"private\"", "access": "private", "bicycle": null, "boundary": null, "bridge": null, "covered": null, "cycleway": null, "cycleway:left": null, "cycleway:right": null, "destination": null, "destination:colour": null, "destination:ref": null, "destination:ref:to": null, "destination:symbol:to": null, "destination:to": null, "foot": null, "footway": null, "horse": null, "int_ref": null, "junction:ref": null, "lane_markings": null, "lanes": null, "layer": null, "lit": null, "maxspeed": null, "maxweight:signed": null, "maxweightrating:signed": null, "motor_vehicle": null, "name:etymology:wikidata": null, "nat_ref": null, "oneway": null, "operator": null, "operator:wikidata": null, "political_division": null, "ref": null, "segregated": null, "service": null, "sidewalk": null, "smoothness": null, "source:maxspeed": null, "surface": null, "toll": null, "tunnel": null, "turn:lanes": null, "was:name": null, "width": "8.778933397292562", "zone:maxspeed": null, "id_on_layer": 155 }, "geometry": { "type": "MultiPolygon", "coordinates": [ [ [ [ 2.478503085865998, 48.910356098210258 ], [ 2.478677353444868, 48.911092865654147 ], [ 2.478822646533484, 48.911077934300089 ], [ 2.478648345491124, 48.910341034408916 ], [ 2.478648281618093, 48.910340769195685 ], [ 2.478628081501857, 48.9102583692083 ], [ 2.478482918475748, 48.910273830746029 ], [ 2.478503085865998, 48.910356098210258 ] ] ] ] } },
{ "type": "Feature", "properties": { "osm_id": "1254352461", "name": null, "highway": "service", "waterway": null, "aerialway": null, "barrier": null, "man_made": null, "railway": null, "z_order": 0, "other_tags": "\"oneway\"=>\"yes\"", "access": null, "bicycle": null, "boundary": null, "bridge": null, "covered": null, "cycleway": null, "cycleway:left": null, "cycleway:right": null, "destination": null, "destination:colour": null, "destination:ref": null, "destination:ref:to": null, "destination:symbol:to": null, "destination:to": null, "foot": null, "footway": null, "horse": null, "int_ref": null, "junction:ref": null, "lane_markings": null, "lanes": null, "layer": null, "lit": null, "maxspeed": null, "maxweight:signed": null, "maxweightrating:signed": null, "motor_vehicle": null, "name:etymology:wikidata": null, "nat_ref": null, "oneway": "yes", "operator": null, "operator:wikidata": null, "political_division": null, "ref": null, "segregated": null, "service": null, "sidewalk": null, "smoothness": null, "source:maxspeed": null, "surface": null, "toll": null, "tunnel": null, "turn:lanes": null, "was:name": null, "width": "8", "zone:maxspeed": null, "id_on_layer": 156 }, "geometry": { "type": "MultiPolygon", "coordinates": [ [ [ [ 2.478565463459956, 48.911653016091016 ], [ 2.478540736561864, 48.911564583907314 ], [ 2.47754383741168, 48.91168568380138 ], [ 2.477568562610138, 48.911774116196945 ], [ 2.478565463459956, 48.911653016091016 ] ] ] ] } },
{ "type": "Feature", "properties": { "osm_id": "1254352462", "name": "Rue Serge Ravanel", "highway": "service", "waterway": null, "aerialway": null, "barrier": null, "man_made": null, "railway": null, "z_order": 0, "other_tags": "\"lanes\"=>\"2\",\"lit\"=>\"yes\",\"maxspeed\"=>\"30\",\"sidewalk\"=>\"both\",\"smoothness\"=>\"good\",\"source:maxspeed\"=>\"Bing\",\"surface\"=>\"asphalt\"", "access": null, "bicycle": null, "boundary": null, "bridge": null, "covered": null, "cycleway": null, "cycleway:left": null, "cycleway:right": null, "destination": null, "destination:colour": null, "destination:ref": null, "destination:ref:to": null, "destination:symbol:to": null, "destination:to": null, "foot": null, "footway": null, "horse": null, "int_ref": null, "junction:ref": null, "lane_markings": null, "lanes": "2", "layer": null, "lit": "yes", "maxspeed": "30", "maxweight:signed": null, "maxweightrating:signed": null, "motor_vehicle": null, "name:etymology:wikidata": null, "nat_ref": null, "oneway": null, "operator": null, "operator:wikidata": null, "political_division": null, "ref": null, "segregated": null, "service": null, "sidewalk": "both", "smoothness": "good", "source:maxspeed": "Bing", "surface": "asphalt", "toll": null, "tunnel": null, "turn:lanes": null, "was:name": null, "width": "8.007751468587", "zone:maxspeed": null, "id_on_layer": 157 }, "geometry": { "type": "MultiPolygon", "coordinates": [ [ [ [ 2.478658227523045, 48.9117685561081 ], [ 2.479315366100632, 48.91168610183167 ], [ 2.479289833921893, 48.911597698166553 ], [ 2.478631534481563, 48.911680298094318 ], [ 2.478629218882017, 48.911680616131981 ], [ 2.478571618929875, 48.9116892161245 ], [ 2.478601781096542, 48.91177698387316 ], [ 2.478658227523045, 48.9117685561081 ] ] ] ] } },
{ "type": "Feature", "properties": { "osm_id": "1254352463", "name": "Rue Serge Ravanel", "highway": "service", "waterway": null, "aerialway": null, "barrier": null, "man_made": null, "railway": null, "z_order": 0, "other_tags": "\"lanes\"=>\"2\",\"lit\"=>\"yes\",\"maxspeed\"=>\"30\",\"sidewalk\"=>\"both\",\"smoothness\"=>\"good\",\"source:maxspeed\"=>\"Bing\",\"surface\"=>\"asphalt\"", "access": null, "bicycle": null, "boundary": null, "bridge": null, "covered": null, "cycleway": null, "cycleway:left": null, "cycleway:right": null, "destination": null, "destination:colour": null, "destination:ref": null, "destination:ref:to": null, "destination:symbol:to": null, "destination:to": null, "foot": null, "footway": null, "horse": null, "int_ref": null, "junction:ref": null, "lane_markings": null, "lanes": "2", "layer": null, "lit": "yes", "maxspeed": "30", "maxweight:signed": null, "maxweightrating:signed": null, "motor_vehicle": null, "name:etymology:wikidata": null, "nat_ref": null, "oneway": null, "operator": null, "operator:wikidata": null, "political_division": null, "ref": null, "segregated": null, "service": null, "sidewalk": "both", "smoothness": "good", "source:maxspeed": "Bing", "surface": "asphalt", "toll": null, "tunnel": null, "turn:lanes": null, "was:name": null, "width": "8", "zone:maxspeed": null, "id_on_layer": 158 }, "geometry": { "type": "MultiPolygon", "coordinates": [ [ [ [ 2.477600111908332, 48.911904381769247 ], [ 2.477578288110999, 48.911815618229369 ], [ 2.477229088412177, 48.91185291819663 ], [ 2.477250911607152, 48.911941681801984 ], [ 2.477600111908332, 48.911904381769247 ] ] ] ] } },
{ "type": "Feature", "properties": { "osm_id": "1254352464", "name": null, "highway": "service", "waterway": null, "aerialway": null, "barrier": null, "man_made": null, "railway": null, "z_order": 0, "other_tags": null, "access": null, "bicycle": null, "boundary": null, "bridge": null, "covered": null, "cycleway": null, "cycleway:left": null, "cycleway:right": null, "destination": null, "destination:colour": null, "destination:ref": null, "destination:ref:to": null, "destination:symbol:to": null, "destination:to": null, "foot": null, "footway": null, "horse": null, "int_ref": null, "junction:ref": null, "lane_markings": null, "lanes": null, "layer": null, "lit": null, "maxspeed": null, "maxweight:signed": null, "maxweightrating:signed": null, "motor_vehicle": null, "name:etymology:wikidata": null, "nat_ref": null, "oneway": null, "operator": null, "operator:wikidata": null, "political_division": null, "ref": null, "segregated": null, "service": null, "sidewalk": null, "smoothness": null, "source:maxspeed": null, "surface": null, "toll": null, "tunnel": null, "turn:lanes": null, "was:name": null, "width": "6", "zone:maxspeed": null, "id_on_layer": 159 }, "geometry": { "type": "MultiPolygon", "coordinates": [ [ [ [ 2.47761699746743, 48.912198854394433 ], [ 2.477620040526577, 48.912198529616781 ], [ 2.478718241272642, 48.912060229520101 ], [ 2.4786977587418, 48.911989570478752 ], [ 2.477601074053879, 48.912127679655462 ], [ 2.477415602673521, 48.912143945593336 ], [ 2.477429997336721, 48.912215254406 ], [ 2.47761699746743, 48.912198854394433 ] ] ] ] } },
{ "type": "Feature", "properties": { "osm_id": "1254352467", "name": "Rue Stéphane Hessel", "highway": "service", "waterway": null, "aerialway": null, "barrier": null, "man_made": null, "railway": null, "z_order": 0, "other_tags": "\"access\"=>\"private\"", "access": "private", "bicycle": null, "boundary": null, "bridge": null, "covered": null, "cycleway": null, "cycleway:left": null, "cycleway:right": null, "destination": null, "destination:colour": null, "destination:ref": null, "destination:ref:to": null, "destination:symbol:to": null, "destination:to": null, "foot": null, "footway": null, "horse": null, "int_ref": null, "junction:ref": null, "lane_markings": null, "lanes": null, "layer": null, "lit": null, "maxspeed": null, "maxweight:signed": null, "maxweightrating:signed": null, "motor_vehicle": null, "name:etymology:wikidata": null, "nat_ref": null, "oneway": null, "operator": null, "operator:wikidata": null, "political_division": null, "ref": null, "segregated": null, "service": null, "sidewalk": null, "smoothness": null, "source:maxspeed": null, "surface": null, "toll": null, "tunnel": null, "turn:lanes": null, "was:name": null, "width": "6", "zone:maxspeed": null, "id_on_layer": 162 }, "geometry": { "type": "MultiPolygon", "coordinates": [ [ [ [ 2.476361096472468, 48.910905293589487 ], [ 2.476130938683699, 48.910966655668197 ], [ 2.476171861343532, 48.911033344327954 ], [ 2.476402161471714, 48.910971944287461 ], [ 2.476402445313456, 48.910971868000232 ], [ 2.476640145444609, 48.910907467957841 ], [ 2.476598654582937, 48.910840932038226 ], [ 2.476361096472468, 48.910905293589487 ] ] ] ] } },
{ "type": "Feature", "properties": { "osm_id": "1254352467", "name": "Rue Stéphane Hessel", "highway": "service", "waterway": null, "aerialway": null, "barrier": null, "man_made": null, "railway": null, "z_order": 0, "other_tags": "\"access\"=>\"private\"", "access": "private", "bicycle": null, "boundary": null, "bridge": null, "covered": null, "cycleway": null, "cycleway:left": null, "cycleway:right": null, "destination": null, "destination:colour": null, "destination:ref": null, "destination:ref:to": null, "destination:symbol:to": null, "destination:to": null, "foot": null, "footway": null, "horse": null, "int_ref": null, "junction:ref": null, "lane_markings": null, "lanes": null, "layer": null, "lit": null, "maxspeed": null, "maxweight:signed": null, "maxweightrating:signed": null, "motor_vehicle": null, "name:etymology:wikidata": null, "nat_ref": null, "oneway": null, "operator": null, "operator:wikidata": null, "political_division": null, "ref": null, "segregated": null, "service": null, "sidewalk": null, "smoothness": null, "source:maxspeed": null, "surface": null, "toll": null, "tunnel": null, "turn:lanes": null, "was:name": null, "width": "8", "zone:maxspeed": null, "id_on_layer": 163 }, "geometry": { "type": "MultiPolygon", "coordinates": [ [ [ [ 2.476086476548902, 48.910968832076499 ], [ 2.476137723493711, 48.911052167917525 ], [ 2.476177023521023, 48.91104166790884 ], [ 2.476125776521591, 48.910958332085137 ], [ 2.476086476548902, 48.910968832076499 ] ] ] ] } },
{ "type": "Feature", "properties": { "osm_id": "1347575417", "name": null, "highway": "motorway", "waterway": null, "aerialway": null, "barrier": null, "man_made": null, "railway": null, "z_order": 19, "other_tags": "\"int_ref\"=>\"E 15\",\"lanes\"=>\"3\",\"layer\"=>\"1\",\"lit\"=>\"no\",\"maxspeed\"=>\"90\",\"oneway\"=>\"yes\",\"operator\"=>\"DIRIF\",\"operator:wikidata\"=>\"Q3029613\",\"ref\"=>\"A 3\",\"surface\"=>\"asphalt\",\"toll\"=>\"no\"", "access": null, "bicycle": null, "boundary": null, "bridge": null, "covered": null, "cycleway": null, "cycleway:left": null, "cycleway:right": null, "destination": null, "destination:colour": null, "destination:ref": null, "destination:ref:to": null, "destination:symbol:to": null, "destination:to": null, "foot": null, "footway": null, "horse": null, "int_ref": "E 15", "junction:ref": null, "lane_markings": null, "lanes": "3", "layer": "1", "lit": "no", "maxspeed": "90", "maxweight:signed": null, "maxweightrating:signed": null, "motor_vehicle": null, "name:etymology:wikidata": null, "nat_ref": null, "oneway": "yes", "operator": "DIRIF", "operator:wikidata": "Q3029613", "political_division": null, "ref": "A 3", "segregated": null, "service": null, "sidewalk": null, "smoothness": null, "source:maxspeed": null, "surface": "asphalt", "toll": "no", "tunnel": null, "turn:lanes": null, "was:name": null, "width": "22", "zone:maxspeed": null, "id_on_layer": 165 }, "geometry": { "type": "MultiPolygon", "coordinates": [ [ [ [ 2.47515271936452, 48.910594543601391 ], [ 2.475447080357958, 48.910500056210388 ], [ 2.475043479133861, 48.909953756720917 ], [ 2.474749120588629, 48.910048243090863 ], [ 2.47515271936452, 48.910594543601391 ] ] ] ] } },
{ "type": "Feature", "properties": { "osm_id": "1455500553", "name": "Route d'Aulnay", "highway": "tertiary", "waterway": null, "aerialway": null, "barrier": null, "man_made": null, "railway": null, "z_order": 4, "other_tags": "\"cycleway\"=>\"shared_lane\",\"surface\"=>\"asphalt\"", "access": null, "bicycle": null, "boundary": null, "bridge": null, "covered": null, "cycleway": "shared_lane", "cycleway:left": null, "cycleway:right": null, "destination": null, "destination:colour": null, "destination:ref": null, "destination:ref:to": null, "destination:symbol:to": null, "destination:to": null, "foot": null, "footway": null, "horse": null, "int_ref": null, "junction:ref": null, "lane_markings": null, "lanes": null, "layer": null, "lit": null, "maxspeed": null, "maxweight:signed": null, "maxweightrating:signed": null, "motor_vehicle": null, "name:etymology:wikidata": null, "nat_ref": null, "oneway": null, "operator": null, "operator:wikidata": null, "political_division": null, "ref": null, "segregated": null, "service": null, "sidewalk": null, "smoothness": null, "source:maxspeed": null, "surface": "asphalt", "toll": null, "tunnel": null, "turn:lanes": null, "was:name": null, "width": "8", "zone:maxspeed": null, "id_on_layer": 166 }, "geometry": { "type": "MultiPolygon", "coordinates": [ [ [ [ 2.480228067491251, 48.90843227821 ], [ 2.480091932516567, 48.908426521749838 ], [ 2.480077432315015, 48.908575521741348 ], [ 2.480213567692803, 48.908581278218463 ], [ 2.480228067491251, 48.90843227821 ] ] ] ] } },
{ "type": "Feature", "properties": { "osm_id": "1455500553", "name": "Route d'Aulnay", "highway": "tertiary", "waterway": null, "aerialway": null, "barrier": null, "man_made": null, "railway": null, "z_order": 4, "other_tags": "\"cycleway\"=>\"shared_lane\",\"surface\"=>\"asphalt\"", "access": null, "bicycle": null, "boundary": null, "bridge": null, "covered": null, "cycleway": "shared_lane", "cycleway:left": null, "cycleway:right": null, "destination": null, "destination:colour": null, "destination:ref": null, "destination:ref:to": null, "destination:symbol:to": null, "destination:to": null, "foot": null, "footway": null, "horse": null, "int_ref": null, "junction:ref": null, "lane_markings": null, "lanes": null, "layer": null, "lit": null, "maxspeed": null, "maxweight:signed": null, "maxweightrating:signed": null, "motor_vehicle": null, "name:etymology:wikidata": null, "nat_ref": null, "oneway": null, "operator": null, "operator:wikidata": null, "political_division": null, "ref": null, "segregated": null, "service": null, "sidewalk": null, "smoothness": null, "source:maxspeed": null, "surface": "asphalt", "toll": null, "tunnel": null, "turn:lanes": null, "was:name": null, "width": "8", "zone:maxspeed": null, "id_on_layer": 167 }, "geometry": { "type": "MultiPolygon", "coordinates": [ [ [ [ 2.480242278731783, 48.908279858058037 ], [ 2.48010612127571, 48.908274341901787 ], [ 2.480091921069591, 48.908426641893477 ], [ 2.480228078937902, 48.90843215806634 ], [ 2.480242278731783, 48.908279858058037 ] ] ] ] } },
{ "type": "Feature", "properties": { "osm_id": "1455500553", "name": "Route d'Aulnay", "highway": "tertiary", "waterway": null, "aerialway": null, "barrier": null, "man_made": null, "railway": null, "z_order": 4, "other_tags": "\"cycleway\"=>\"shared_lane\",\"surface\"=>\"asphalt\"", "access": null, "bicycle": null, "boundary": null, "bridge": null, "covered": null, "cycleway": "shared_lane", "cycleway:left": null, "cycleway:right": null, "destination": null, "destination:colour": null, "destination:ref": null, "destination:ref:to": null, "destination:symbol:to": null, "destination:to": null, "foot": null, "footway": null, "horse": null, "int_ref": null, "junction:ref": null, "lane_markings": null, "lanes": null, "layer": null, "lit": null, "maxspeed": null, "maxweight:signed": null, "maxweightrating:signed": null, "motor_vehicle": null, "name:etymology:wikidata": null, "nat_ref": null, "oneway": null, "operator": null, "operator:wikidata": null, "political_division": null, "ref": null, "segregated": null, "service": null, "sidewalk": null, "smoothness": null, "source:maxspeed": null, "surface": "asphalt", "toll": null, "tunnel": null, "turn:lanes": null, "was:name": null, "width": "8", "zone:maxspeed": null, "id_on_layer": 168 }, "geometry": { "type": "MultiPolygon", "coordinates": [ [ [ [ 2.480249310007859, 48.90819309773034 ], [ 2.480113089998657, 48.908188302229433 ], [ 2.480106089881564, 48.908274702225341 ], [ 2.480242310124952, 48.908279497734434 ], [ 2.480249310007859, 48.90819309773034 ] ] ] ] } },
{ "type": "Feature", "properties": { "osm_id": "1455500554", "name": "Route d'Aulnay", "highway": "tertiary", "waterway": null, "aerialway": null, "barrier": null, "man_made": null, "railway": null, "z_order": 4, "other_tags": "\"cycleway:right\"=>\"lane\",\"surface\"=>\"asphalt\"", "access": null, "bicycle": null, "boundary": null, "bridge": null, "covered": null, "cycleway": null, "cycleway:left": null, "cycleway:right": "lane", "destination": null, "destination:colour": null, "destination:ref": null, "destination:ref:to": null, "destination:symbol:to": null, "destination:to": null, "foot": null, "footway": null, "horse": null, "int_ref": null, "junction:ref": null, "lane_markings": null, "lanes": null, "layer": null, "lit": null, "maxspeed": null, "maxweight:signed": null, "maxweightrating:signed": null, "motor_vehicle": null, "name:etymology:wikidata": null, "nat_ref": null, "oneway": null, "operator": null, "operator:wikidata": null, "political_division": null, "ref": null, "segregated": null, "service": null, "sidewalk": null, "smoothness": null, "source:maxspeed": null, "surface": "asphalt", "toll": null, "tunnel": null, "turn:lanes": null, "was:name": null, "width": "8", "zone:maxspeed": null, "id_on_layer": 169 }, "geometry": { "type": "MultiPolygon", "coordinates": [ [ [ [ 2.480181094153014, 48.909042799186544 ], [ 2.480212993519652, 48.908679900782133 ], [ 2.480213107183516, 48.908677479778703 ], [ 2.480213707048907, 48.908578579778343 ], [ 2.480077292951581, 48.908578220181305 ], [ 2.480076700168552, 48.908675908669785 ], [ 2.480044905995952, 48.909037599158992 ], [ 2.480036705586115, 48.909131002379503 ], [ 2.480172894420944, 48.909136197580295 ], [ 2.480181094153014, 48.909042799186544 ] ] ] ] } },
{ "type": "Feature", "properties": { "osm_id": "1455500555", "name": "Route d'Aulnay", "highway": "tertiary", "waterway": null, "aerialway": null, "barrier": null, "man_made": null, "railway": null, "z_order": 4, "other_tags": "\"surface\"=>\"asphalt\"", "access": null, "bicycle": null, "boundary": null, "bridge": null, "covered": null, "cycleway": null, "cycleway:left": null, "cycleway:right": null, "destination": null, "destination:colour": null, "destination:ref": null, "destination:ref:to": null, "destination:symbol:to": null, "destination:to": null, "foot": null, "footway": null, "horse": null, "int_ref": null, "junction:ref": null, "lane_markings": null, "lanes": null, "layer": null, "lit": null, "maxspeed": null, "maxweight:signed": null, "maxweightrating:signed": null, "motor_vehicle": null, "name:etymology:wikidata": null, "nat_ref": null, "oneway": null, "operator": null, "operator:wikidata": null, "political_division": null, "ref": null, "segregated": null, "service": null, "sidewalk": null, "smoothness": null, "source:maxspeed": null, "surface": "asphalt", "toll": null, "tunnel": null, "turn:lanes": null, "was:name": null, "width": "8", "zone:maxspeed": null, "id_on_layer": 170 }, "geometry": { "type": "MultiPolygon", "coordinates": [ [ [ [ 2.480210667936804, 48.909979238307869 ], [ 2.480186044921051, 48.909878264640881 ], [ 2.480051355059769, 48.90989253531977 ], [ 2.480076154926623, 48.909994235334132 ], [ 2.480076545111082, 48.909995683763668 ], [ 2.480177044673203, 48.910336283821508 ], [ 2.480310955303857, 48.910319116139604 ], [ 2.480210667936804, 48.909979238307869 ] ] ] ] } },
{ "type": "Feature", "properties": { "osm_id": "1455500555", "name": "Route d'Aulnay", "highway": "tertiary", "waterway": null, "aerialway": null, "barrier": null, "man_made": null, "railway": null, "z_order": 4, "other_tags": "\"surface\"=>\"asphalt\"", "access": null, "bicycle": null, "boundary": null, "bridge": null, "covered": null, "cycleway": null, "cycleway:left": null, "cycleway:right": null, "destination": null, "destination:colour": null, "destination:ref": null, "destination:ref:to": null, "destination:symbol:to": null, "destination:to": null, "foot": null, "footway": null, "horse": null, "int_ref": null, "junction:ref": null, "lane_markings": null, "lanes": null, "layer": null, "lit": null, "maxspeed": null, "maxweight:signed": null, "maxweightrating:signed": null, "motor_vehicle": null, "name:etymology:wikidata": null, "nat_ref": null, "oneway": null, "operator": null, "operator:wikidata": null, "political_division": null, "ref": null, "segregated": null, "service": null, "sidewalk": null, "smoothness": null, "source:maxspeed": null, "surface": "asphalt", "toll": null, "tunnel": null, "turn:lanes": null, "was:name": null, "width": "8", "zone:maxspeed": null, "id_on_layer": 171 }, "geometry": { "type": "MultiPolygon", "coordinates": [ [ [ [ 2.480170146650286, 48.909757858906467 ], [ 2.480034253339026, 48.909765741053512 ], [ 2.48005075317273, 48.909889341063142 ], [ 2.480186646816581, 48.909881458896798 ], [ 2.480170146650286, 48.909757858906467 ] ] ] ] } },
{ "type": "Feature", "properties": { "osm_id": "1455500555", "name": "Route d'Aulnay", "highway": "tertiary", "waterway": null, "aerialway": null, "barrier": null, "man_made": null, "railway": null, "z_order": 4, "other_tags": "\"surface\"=>\"asphalt\"", "access": null, "bicycle": null, "boundary": null, "bridge": null, "covered": null, "cycleway": null, "cycleway:left": null, "cycleway:right": null, "destination": null, "destination:colour": null, "destination:ref": null, "destination:ref:to": null, "destination:symbol:to": null, "destination:to": null, "foot": null, "footway": null, "horse": null, "int_ref": null, "junction:ref": null, "lane_markings": null, "lanes": null, "layer": null, "lit": null, "maxspeed": null, "maxweight:signed": null, "maxweightrating:signed": null, "motor_vehicle": null, "name:etymology:wikidata": null, "nat_ref": null, "oneway": null, "operator": null, "operator:wikidata": null, "political_division": null, "ref": null, "segregated": null, "service": null, "sidewalk": null, "smoothness": null, "source:maxspeed": null, "surface": "asphalt", "toll": null, "tunnel": null, "turn:lanes": null, "was:name": null, "width": "8", "zone:maxspeed": null, "id_on_layer": 172 }, "geometry": { "type": "MultiPolygon", "coordinates": [ [ [ [ 2.480167395944704, 48.909660118114594 ], [ 2.480167377368563, 48.909659629452094 ], [ 2.480154676995447, 48.909385129459544 ], [ 2.480018323000822, 48.90938787050014 ], [ 2.480031011325302, 48.909662126209618 ], [ 2.480034003915768, 48.909762681846829 ], [ 2.480170396081831, 48.909760918112838 ], [ 2.480167395944704, 48.909660118114594 ] ] ] ] } },
{ "type": "Feature", "properties": { "osm_id": "1455500555", "name": "Route d'Aulnay", "highway": "tertiary", "waterway": null, "aerialway": null, "barrier": null, "man_made": null, "railway": null, "z_order": 4, "other_tags": "\"surface\"=>\"asphalt\"", "access": null, "bicycle": null, "boundary": null, "bridge": null, "covered": null, "cycleway": null, "cycleway:left": null, "cycleway:right": null, "destination": null, "destination:colour": null, "destination:ref": null, "destination:ref:to": null, "destination:symbol:to": null, "destination:to": null, "foot": null, "footway": null, "horse": null, "int_ref": null, "junction:ref": null, "lane_markings": null, "lanes": null, "layer": null, "lit": null, "maxspeed": null, "maxweight:signed": null, "maxweightrating:signed": null, "motor_vehicle": null, "name:etymology:wikidata": null, "nat_ref": null, "oneway": null, "operator": null, "operator:wikidata": null, "political_division": null, "ref": null, "segregated": null, "service": null, "sidewalk": null, "smoothness": null, "source:maxspeed": null, "surface": "asphalt", "toll": null, "tunnel": null, "turn:lanes": null, "was:name": null, "width": "8", "zone:maxspeed": null, "id_on_layer": 173 }, "geometry": { "type": "MultiPolygon", "coordinates": [ [ [ [ 2.480159333043496, 48.909321116422653 ], [ 2.480172928756007, 48.909135771435942 ], [ 2.480036671249896, 48.909131428523828 ], [ 2.480023070998425, 48.909316828515863 ], [ 2.480023063130644, 48.909316938564594 ], [ 2.480018363039057, 48.90938443856183 ], [ 2.480154636966548, 48.90938856139789 ], [ 2.480159333043496, 48.909321116422653 ] ] ] ] } },
{ "type": "Feature", "properties": { "osm_id": "1548606047", "name": "Rue Nadia Murad", "highway": "residential", "waterway": null, "aerialway": null, "barrier": null, "man_made": null, "railway": null, "z_order": 3, "other_tags": "\"surface\"=>\"paving_stones\"", "access": null, "bicycle": null, "boundary": null, "bridge": null, "covered": null, "cycleway": null, "cycleway:left": null, "cycleway:right": null, "destination": null, "destination:colour": null, "destination:ref": null, "destination:ref:to": null, "destination:symbol:to": null, "destination:to": null, "foot": null, "footway": null, "horse": null, "int_ref": null, "junction:ref": null, "lane_markings": null, "lanes": null, "layer": null, "lit": null, "maxspeed": null, "maxweight:signed": null, "maxweightrating:signed": null, "motor_vehicle": null, "name:etymology:wikidata": null, "nat_ref": null, "oneway": null, "operator": null, "operator:wikidata": null, "political_division": null, "ref": null, "segregated": null, "service": null, "sidewalk": null, "smoothness": null, "source:maxspeed": null, "surface": "paving_stones", "toll": null, "tunnel": null, "turn:lanes": null, "was:name": null, "width": "8", "zone:maxspeed": null, "id_on_layer": 175 }, "geometry": { "type": "MultiPolygon", "coordinates": [ [ [ [ 2.477642022253772, 48.907813289791832 ], [ 2.477656977732891, 48.907723910207331 ], [ 2.476366978869258, 48.907630110290263 ], [ 2.476352021117402, 48.907719489708917 ], [ 2.477642022253772, 48.907813289791832 ] ] ] ] } },
{ "type": "Feature", "properties": { "osm_id": "1548606047", "name": "Rue Nadia Murad", "highway": "residential", "waterway": null, "aerialway": null, "barrier": null, "man_made": null, "railway": null, "z_order": 3, "other_tags": "\"surface\"=>\"paving_stones\"", "access": null, "bicycle": null, "boundary": null, "bridge": null, "covered": null, "cycleway": null, "cycleway:left": null, "cycleway:right": null, "destination": null, "destination:colour": null, "destination:ref": null, "destination:ref:to": null, "destination:symbol:to": null, "destination:to": null, "foot": null, "footway": null, "horse": null, "int_ref": null, "junction:ref": null, "lane_markings": null, "lanes": null, "layer": null, "lit": null, "maxspeed": null, "maxweight:signed": null, "maxweightrating:signed": null, "motor_vehicle": null, "name:etymology:wikidata": null, "nat_ref": null, "oneway": null, "operator": null, "operator:wikidata": null, "political_division": null, "ref": null, "segregated": null, "service": null, "sidewalk": null, "smoothness": null, "source:maxspeed": null, "surface": "paving_stones", "toll": null, "tunnel": null, "turn:lanes": null, "was:name": null, "width": "7.779397962974743", "zone:maxspeed": null, "id_on_layer": 176 }, "geometry": { "type": "MultiPolygon", "coordinates": [ [ [ [ 2.47881657271751, 48.907855700267831 ], [ 2.478821869537376, 48.907855756794632 ], [ 2.478950769650377, 48.907853756792903 ], [ 2.478947630352378, 48.907765843206732 ], [ 2.478821380574612, 48.907767802087598 ], [ 2.477653228298374, 48.907724699769233 ], [ 2.477645771695094, 48.907812500230314 ], [ 2.47881657271751, 48.907855700267831 ] ] ] ] } }
]
}
