{
"type": "FeatureCollection",
"name": "voronois",
"crs": { "type": "name", "properties": { "name": "urn:ogc:def:crs:OGC:1.3:CRS84" } },
"xy_coordinate_resolution": 1e-15,
"features": [
{ "type": "Feature", "properties": { }, "geometry": { "type": "Polygon", "coordinates": [ [ [ 2.479014820672741, 48.908988557169494 ], [ 2.478954227085792, 48.908970712504711 ], [ 2.478789540101265, 48.908963045655334 ], [ 2.4787767, 48.9090792 ], [ 2.479171485388608, 48.909095383583328 ], [ 2.479014820672741, 48.908988557169494 ] ] ] } },
{ "type": "Feature", "properties": { }, "geometry": { "type": "Polygon", "coordinates": [ [ [ 2.478950452427966, 48.90885053521145 ], [ 2.478824607789532, 48.908879605852817 ], [ 2.478954227085792, 48.908970712504711 ], [ 2.479014820672741, 48.908988557169494 ], [ 2.478950452427966, 48.90885053521145 ] ] ] } },
{ "type": "Feature", "properties": { }, "geometry": { "type": "Polygon", "coordinates": [ [ [ 2.479014820672741, 48.908988557169494 ], [ 2.479171485388608, 48.909095383583328 ], [ 2.479345975049716, 48.909102536068502 ], [ 2.479369430971334, 48.908985081020731 ], [ 2.479046595487675, 48.908833273952851 ], [ 2.478956046132809, 48.908843500238461 ], [ 2.478950452427966, 48.90885053521145 ], [ 2.479014820672741, 48.908988557169494 ] ] ] } },
{ "type": "Feature", "properties": { }, "geometry": { "type": "Polygon", "coordinates": [ [ [ 2.478954227085792, 48.908970712504711 ], [ 2.478824607789532, 48.908879605852817 ], [ 2.478798905811891, 48.908878321060982 ], [ 2.478789540101265, 48.908963045655334 ], [ 2.478954227085792, 48.908970712504711 ] ] ] } },
{ "type": "Feature", "properties": { }, "geometry": { "type": "Polygon", "coordinates": [ [ [ 2.478824607789532, 48.908879605852817 ], [ 2.478950452427966, 48.90885053521145 ], [ 2.478956046132809, 48.908843500238461 ], [ 2.478915906459663, 48.908768830747533 ], [ 2.47881317714103, 48.908749218442274 ], [ 2.478798905811891, 48.908878321060982 ], [ 2.478824607789532, 48.908879605852817 ] ] ] } },
{ "type": "Feature", "properties": { }, "geometry": { "type": "Polygon", "coordinates": [ [ [ 2.478915906459663, 48.908768830747533 ], [ 2.478952738635471, 48.908753546973465 ], [ 2.478987003891517, 48.908686251000404 ], [ 2.478919360973547, 48.908676341033001 ], [ 2.478817961851563, 48.908705934401027 ], [ 2.47881317714103, 48.908749218442274 ], [ 2.478915906459663, 48.908768830747533 ] ] ] } },
{ "type": "Feature", "properties": { }, "geometry": { "type": "Polygon", "coordinates": [ [ [ 2.478919360973547, 48.908676341033001 ], [ 2.478908954006794, 48.908628275443128 ], [ 2.478826960974191, 48.908624525218919 ], [ 2.478817961851563, 48.908705934401027 ], [ 2.478919360973547, 48.908676341033001 ] ] ] } },
{ "type": "Feature", "properties": { }, "geometry": { "type": "Polygon", "coordinates": [ [ [ 2.478908954006794, 48.908628275443128 ], [ 2.478967036427334, 48.908606583901417 ], [ 2.478950546294622, 48.90857290336205 ], [ 2.47883326033004, 48.908567538904258 ], [ 2.478826960974191, 48.908624525218919 ], [ 2.478908954006794, 48.908628275443128 ] ] ] } },
{ "type": "Feature", "properties": { }, "geometry": { "type": "Polygon", "coordinates": [ [ [ 2.478919360973547, 48.908676341033001 ], [ 2.478987003891517, 48.908686251000404 ], [ 2.479065213901102, 48.90864942661144 ], [ 2.478967036427334, 48.908606583901417 ], [ 2.478908954006794, 48.908628275443128 ], [ 2.478919360973547, 48.908676341033001 ] ] ] } },
{ "type": "Feature", "properties": { }, "geometry": { "type": "Polygon", "coordinates": [ [ [ 2.478950546294622, 48.90857290336205 ], [ 2.478969617454329, 48.908541089205805 ], [ 2.478847000199767, 48.908441635083207 ], [ 2.4788458, 48.9084541 ], [ 2.47883326033004, 48.908567538904258 ], [ 2.478950546294622, 48.90857290336205 ] ] ] } },
{ "type": "Feature", "properties": { }, "geometry": { "type": "Polygon", "coordinates": [ [ [ 2.478969617454329, 48.908541089205805 ], [ 2.479266978727514, 48.90848345099738 ], [ 2.479321713007324, 48.90839851727754 ], [ 2.4789239, 48.908384 ], [ 2.4788528, 48.90838140000001 ], [ 2.478847000199767, 48.908441635083207 ], [ 2.478969617454329, 48.908541089205805 ] ] ] } },
{ "type": "Feature", "properties": { }, "geometry": { "type": "Polygon", "coordinates": [ [ [ 2.478915906459663, 48.908768830747533 ], [ 2.478956046132809, 48.908843500238461 ], [ 2.479046595487675, 48.908833273952851 ], [ 2.479067695973579, 48.908765656090097 ], [ 2.478952738635471, 48.908753546973465 ], [ 2.478915906459663, 48.908768830747533 ] ] ] } },
{ "type": "Feature", "properties": { }, "geometry": { "type": "Polygon", "coordinates": [ [ [ 2.478952738635471, 48.908753546973465 ], [ 2.479067695973579, 48.908765656090097 ], [ 2.479239529877881, 48.908685213800744 ], [ 2.479219359903674, 48.908648018722886 ], [ 2.479065213901102, 48.90864942661144 ], [ 2.478987003891517, 48.908686251000404 ], [ 2.478952738635471, 48.908753546973465 ] ] ] } },
{ "type": "Feature", "properties": { }, "geometry": { "type": "Polygon", "coordinates": [ [ [ 2.478950546294622, 48.90857290336205 ], [ 2.478967036427334, 48.908606583901417 ], [ 2.479065213901102, 48.90864942661144 ], [ 2.479219359903674, 48.908648018722886 ], [ 2.479266978727514, 48.90848345099738 ], [ 2.478969617454329, 48.908541089205805 ], [ 2.478950546294622, 48.90857290336205 ] ] ] } },
{ "type": "Feature", "properties": { }, "geometry": { "type": "Polygon", "coordinates": [ [ [ 2.479960643587055, 48.908528208223139 ], [ 2.480019695449733, 48.908528335301483 ], [ 2.480157835910894, 48.908451637937773 ], [ 2.48016, 48.9084294 ], [ 2.4800804, 48.9084262 ], [ 2.479768142540369, 48.908414807060183 ], [ 2.479960643587055, 48.908528208223139 ] ] ] } },
{ "type": "Feature", "properties": { }, "geometry": { "type": "Polygon", "coordinates": [ [ [ 2.479046595487675, 48.908833273952851 ], [ 2.479369430971334, 48.908985081020731 ], [ 2.479410828949554, 48.908900921965603 ], [ 2.479424272414316, 48.908855533188941 ], [ 2.479403038055938, 48.908819242610278 ], [ 2.479239529877881, 48.908685213800744 ], [ 2.479067695973579, 48.908765656090097 ], [ 2.479046595487675, 48.908833273952851 ] ] ] } },
{ "type": "Feature", "properties": { }, "geometry": { "type": "Polygon", "coordinates": [ [ [ 2.479266978727514, 48.90848345099738 ], [ 2.479219359903674, 48.908648018722886 ], [ 2.479239529877881, 48.908685213800744 ], [ 2.479403038055938, 48.908819242610278 ], [ 2.47967094223588, 48.908464305699262 ], [ 2.479669911396634, 48.908411222849786 ], [ 2.479321713007324, 48.90839851727754 ], [ 2.479266978727514, 48.90848345099738 ] ] ] } },
{ "type": "Feature", "properties": { }, "geometry": { "type": "Polygon", "coordinates": [ [ [ 2.479369430971334, 48.908985081020731 ], [ 2.479345975049716, 48.909102536068502 ], [ 2.479769155462219, 48.909119881501979 ], [ 2.479801094460645, 48.909092038355233 ], [ 2.479856724582797, 48.908984729765407 ], [ 2.4797736888703, 48.908916702006081 ], [ 2.479410828949554, 48.908900921965603 ], [ 2.479369430971334, 48.908985081020731 ] ] ] } },
{ "type": "Feature", "properties": { }, "geometry": { "type": "Polygon", "coordinates": [ [ [ 2.479424272414316, 48.908855533188941 ], [ 2.479798745235674, 48.908749770311282 ], [ 2.47967094223588, 48.908464305699262 ], [ 2.479403038055938, 48.908819242610278 ], [ 2.479424272414316, 48.908855533188941 ] ] ] } },
{ "type": "Feature", "properties": { }, "geometry": { "type": "Polygon", "coordinates": [ [ [ 2.479768142540369, 48.908414807060183 ], [ 2.479669911396634, 48.908411222849786 ], [ 2.47967094223588, 48.908464305699262 ], [ 2.479798745235674, 48.908749770311282 ], [ 2.479830858550089, 48.90875790430492 ], [ 2.479857611440185, 48.908761336957738 ], [ 2.479925201061056, 48.908725336343473 ], [ 2.479968094993893, 48.908686676078737 ], [ 2.480006298614189, 48.908623337769043 ], [ 2.47999178714219, 48.908588687337684 ], [ 2.479960643587055, 48.908528208223139 ], [ 2.479768142540369, 48.908414807060183 ] ] ] } },
{ "type": "Feature", "properties": { }, "geometry": { "type": "Polygon", "coordinates": [ [ [ 2.479801094460645, 48.909092038355233 ], [ 2.479769155462219, 48.909119881501979 ], [ 2.4798916, 48.9091249 ], [ 2.4799754, 48.9091283 ], [ 2.4801048, 48.9091336 ], [ 2.480113, 48.9090402 ], [ 2.480114692456713, 48.909020946448138 ], [ 2.479801094460645, 48.909092038355233 ] ] ] } },
{ "type": "Feature", "properties": { }, "geometry": { "type": "Polygon", "coordinates": [ [ [ 2.479410828949554, 48.908900921965603 ], [ 2.4797736888703, 48.908916702006081 ], [ 2.479830858550089, 48.90875790430492 ], [ 2.479798745235674, 48.908749770311282 ], [ 2.479424272414316, 48.908855533188941 ], [ 2.479410828949554, 48.908900921965603 ] ] ] } },
{ "type": "Feature", "properties": { }, "geometry": { "type": "Polygon", "coordinates": [ [ [ 2.4797736888703, 48.908916702006081 ], [ 2.479856724582797, 48.908984729765407 ], [ 2.479953912917292, 48.908910948055208 ], [ 2.479906603698589, 48.908800692930249 ], [ 2.479857611440185, 48.908761336957738 ], [ 2.479830858550089, 48.90875790430492 ], [ 2.4797736888703, 48.908916702006081 ] ] ] } },
{ "type": "Feature", "properties": { }, "geometry": { "type": "Polygon", "coordinates": [ [ [ 2.479801094460645, 48.909092038355233 ], [ 2.480114692456713, 48.909020946448138 ], [ 2.480121145664592, 48.908947533992297 ], [ 2.479953912917292, 48.908910948055208 ], [ 2.479856724582797, 48.908984729765407 ], [ 2.479801094460645, 48.909092038355233 ] ] ] } },
{ "type": "Feature", "properties": { }, "geometry": { "type": "Polygon", "coordinates": [ [ [ 2.479906603698589, 48.908800692930249 ], [ 2.479953912917292, 48.908910948055208 ], [ 2.480121145664592, 48.908947533992297 ], [ 2.480133019452694, 48.908812455809631 ], [ 2.479906603698589, 48.908800692930249 ] ] ] } },
{ "type": "Feature", "properties": { }, "geometry": { "type": "Polygon", "coordinates": [ [ [ 2.479968094993893, 48.908686676078737 ], [ 2.479925201061056, 48.908725336343473 ], [ 2.480139288934578, 48.908741132848441 ], [ 2.480143560292124, 48.908692540858333 ], [ 2.479968094993893, 48.908686676078737 ] ] ] } },
{ "type": "Feature", "properties": { }, "geometry": { "type": "Polygon", "coordinates": [ [ [ 2.479925201061056, 48.908725336343473 ], [ 2.479857611440185, 48.908761336957738 ], [ 2.479906603698589, 48.908800692930249 ], [ 2.480133019452694, 48.908812455809631 ], [ 2.480139288934578, 48.908741132848441 ], [ 2.479925201061056, 48.908725336343473 ] ] ] } },
{ "type": "Feature", "properties": { }, "geometry": { "type": "Polygon", "coordinates": [ [ [ 2.47999178714219, 48.908588687337684 ], [ 2.480006298614189, 48.908623337769043 ], [ 2.480145170719994, 48.908632676369535 ], [ 2.480145488235188, 48.908580339236963 ], [ 2.47999178714219, 48.908588687337684 ] ] ] } },
{ "type": "Feature", "properties": { }, "geometry": { "type": "Polygon", "coordinates": [ [ [ 2.480006298614189, 48.908623337769043 ], [ 2.479968094993893, 48.908686676078737 ], [ 2.480143560292124, 48.908692540858333 ], [ 2.4801449, 48.9086773 ], [ 2.480145170719994, 48.908632676369535 ], [ 2.480006298614189, 48.908623337769043 ] ] ] } },
{ "type": "Feature", "properties": { }, "geometry": { "type": "Polygon", "coordinates": [ [ [ 2.480019695449733, 48.908528335301483 ], [ 2.479960643587055, 48.908528208223139 ], [ 2.47999178714219, 48.908588687337684 ], [ 2.480145488235188, 48.908580339236963 ], [ 2.4801455, 48.9085784 ], [ 2.480149655291632, 48.908535700887484 ], [ 2.480019695449733, 48.908528335301483 ] ] ] } },
{ "type": "Feature", "properties": { }, "geometry": { "type": "Polygon", "coordinates": [ [ [ 2.480019695449733, 48.908528335301483 ], [ 2.480149655291632, 48.908535700887484 ], [ 2.480157835910894, 48.908451637937773 ], [ 2.480019695449733, 48.908528335301483 ] ] ] } },
{ "type": "Feature", "properties": { }, "geometry": { "type": "Polygon", "coordinates": [ [ [ 2.476427990781905, 48.908871674388301 ], [ 2.476204549591416, 48.908858729565317 ], [ 2.4761939, 48.9089638 ], [ 2.4763865, 48.908973 ], [ 2.476581776220657, 48.908982447651461 ], [ 2.476427990781905, 48.908871674388301 ] ] ] } },
{ "type": "Feature", "properties": { }, "geometry": { "type": "Polygon", "coordinates": [ [ [ 2.476581776220657, 48.908982447651461 ], [ 2.476859183120096, 48.908995868289566 ], [ 2.476878830991566, 48.908928435411873 ], [ 2.476888360269083, 48.908830436966973 ], [ 2.476826131121479, 48.908768576720874 ], [ 2.47665623806364, 48.908678076417445 ], [ 2.476371174574305, 48.908755666403756 ], [ 2.47637892701955, 48.908808790821865 ], [ 2.476427990781905, 48.908871674388301 ], [ 2.476581776220657, 48.908982447651461 ] ] ] } },
{ "type": "Feature", "properties": { }, "geometry": { "type": "Polygon", "coordinates": [ [ [ 2.47637892701955, 48.908808790821865 ], [ 2.476371174574305, 48.908755666403756 ], [ 2.476364161214286, 48.908748439773269 ], [ 2.476216389967199, 48.908741910156245 ], [ 2.476210506386392, 48.908799958756838 ], [ 2.47637892701955, 48.908808790821865 ] ] ] } },
{ "type": "Feature", "properties": { }, "geometry": { "type": "Polygon", "coordinates": [ [ [ 2.476427990781905, 48.908871674388301 ], [ 2.47637892701955, 48.908808790821865 ], [ 2.476210506386392, 48.908799958756838 ], [ 2.476204549591416, 48.908858729565317 ], [ 2.476427990781905, 48.908871674388301 ] ] ] } },
{ "type": "Feature", "properties": { }, "geometry": { "type": "Polygon", "coordinates": [ [ [ 2.476364161214286, 48.908748439773269 ], [ 2.476350150097654, 48.908659887320177 ], [ 2.476225361069029, 48.908653399186946 ], [ 2.476216389967199, 48.908741910156245 ], [ 2.476364161214286, 48.908748439773269 ] ] ] } },
{ "type": "Feature", "properties": { }, "geometry": { "type": "Polygon", "coordinates": [ [ [ 2.476371174574305, 48.908755666403756 ], [ 2.47665623806364, 48.908678076417445 ], [ 2.4765867848554, 48.908621209104084 ], [ 2.476384476212499, 48.908639343880559 ], [ 2.476350150097654, 48.908659887320177 ], [ 2.476364161214286, 48.908748439773269 ], [ 2.476371174574305, 48.908755666403756 ] ] ] } },
{ "type": "Feature", "properties": { }, "geometry": { "type": "Polygon", "coordinates": [ [ [ 2.476350150097654, 48.908659887320177 ], [ 2.476384476212499, 48.908639343880559 ], [ 2.476325323840632, 48.908539645990246 ], [ 2.476250158192459, 48.908477737159906 ], [ 2.476243200548856, 48.90847738981013 ], [ 2.476225361069029, 48.908653399186946 ], [ 2.476350150097654, 48.908659887320177 ] ] ] } },
{ "type": "Feature", "properties": { }, "geometry": { "type": "Polygon", "coordinates": [ [ [ 2.476325323840632, 48.908539645990246 ], [ 2.476577543529598, 48.908566991543438 ], [ 2.476577789961729, 48.908564132930977 ], [ 2.476323737885887, 48.908476470974087 ], [ 2.476278622514505, 48.908470375180215 ], [ 2.476250158192459, 48.908477737159906 ], [ 2.476325323840632, 48.908539645990246 ] ] ] } },
{ "type": "Feature", "properties": { }, "geometry": { "type": "Polygon", "coordinates": [ [ [ 2.476250158192459, 48.908477737159906 ], [ 2.476278622514505, 48.908470375180215 ], [ 2.476308444231928, 48.908451998365486 ], [ 2.47648734429893, 48.90830516550956 ], [ 2.476490889895492, 48.908262922367491 ], [ 2.4762893, 48.9082497 ], [ 2.476275, 48.9083099 ], [ 2.4762582, 48.9083294 ], [ 2.476243200548856, 48.90847738981013 ], [ 2.476250158192459, 48.908477737159906 ] ] ] } },
{ "type": "Feature", "properties": { }, "geometry": { "type": "Polygon", "coordinates": [ [ [ 2.476577543529598, 48.908566991543438 ], [ 2.4765867848554, 48.908621209104084 ], [ 2.47665623806364, 48.908678076417445 ], [ 2.476826131121479, 48.908768576720874 ], [ 2.476832048395286, 48.908706144927244 ], [ 2.476802711795871, 48.908506060395027 ], [ 2.476703226166274, 48.90845646546466 ], [ 2.476607944200255, 48.908480164140592 ], [ 2.476577789961729, 48.908564132930977 ], [ 2.476577543529598, 48.908566991543438 ] ] ] } },
{ "type": "Feature", "properties": { }, "geometry": { "type": "Polygon", "coordinates": [ [ [ 2.476384476212499, 48.908639343880559 ], [ 2.4765867848554, 48.908621209104084 ], [ 2.476577543529598, 48.908566991543438 ], [ 2.476325323840632, 48.908539645990246 ], [ 2.476384476212499, 48.908639343880559 ] ] ] } },
{ "type": "Feature", "properties": { }, "geometry": { "type": "Polygon", "coordinates": [ [ [ 2.476323737885887, 48.908476470974087 ], [ 2.476594986661424, 48.908470989577474 ], [ 2.476556452717213, 48.908426771187308 ], [ 2.476308444231928, 48.908451998365486 ], [ 2.476278622514505, 48.908470375180215 ], [ 2.476323737885887, 48.908476470974087 ] ] ] } },
{ "type": "Feature", "properties": { }, "geometry": { "type": "Polygon", "coordinates": [ [ [ 2.47648734429893, 48.90830516550956 ], [ 2.476556452717213, 48.908426771187308 ], [ 2.476594986661424, 48.908470989577474 ], [ 2.476607944200255, 48.908480164140592 ], [ 2.476703226166274, 48.90845646546466 ], [ 2.476801516746364, 48.908355030209229 ], [ 2.476820510066255, 48.90828454152129 ], [ 2.476490889895492, 48.908262922367491 ], [ 2.47648734429893, 48.90830516550956 ] ] ] } },
{ "type": "Feature", "properties": { }, "geometry": { "type": "Polygon", "coordinates": [ [ [ 2.476308444231928, 48.908451998365486 ], [ 2.476556452717213, 48.908426771187308 ], [ 2.47648734429893, 48.90830516550956 ], [ 2.476308444231928, 48.908451998365486 ] ] ] } },
{ "type": "Feature", "properties": { }, "geometry": { "type": "Polygon", "coordinates": [ [ [ 2.476607944200255, 48.908480164140592 ], [ 2.476594986661424, 48.908470989577474 ], [ 2.476323737885887, 48.908476470974087 ], [ 2.476577789961729, 48.908564132930977 ], [ 2.476607944200255, 48.908480164140592 ] ] ] } },
{ "type": "Feature", "properties": { }, "geometry": { "type": "Polygon", "coordinates": [ [ [ 2.476888360269083, 48.908830436966973 ], [ 2.477113046964765, 48.908686914250779 ], [ 2.477148422839767, 48.9086601571382 ], [ 2.477196768414192, 48.90860670970595 ], [ 2.477172780290075, 48.908543607650195 ], [ 2.477057427015736, 48.908475440719776 ], [ 2.477026645563218, 48.908476831770663 ], [ 2.476919537885099, 48.908530825430653 ], [ 2.476832048395286, 48.908706144927244 ], [ 2.476826131121479, 48.908768576720874 ], [ 2.476888360269083, 48.908830436966973 ] ] ] } },
{ "type": "Feature", "properties": { }, "geometry": { "type": "Polygon", "coordinates": [ [ [ 2.477323714202497, 48.908377471242282 ], [ 2.477372755984529, 48.908395056756888 ], [ 2.477548744777736, 48.90839346367617 ], [ 2.477593880451588, 48.908334148705954 ], [ 2.4775737, 48.9083339 ], [ 2.4774984, 48.908329 ], [ 2.47731149572865, 48.908316742546248 ], [ 2.477323714202497, 48.908377471242282 ] ] ] } },
{ "type": "Feature", "properties": { }, "geometry": { "type": "Polygon", "coordinates": [ [ [ 2.476832048395286, 48.908706144927244 ], [ 2.476919537885099, 48.908530825430653 ], [ 2.476830769977834, 48.908500754072918 ], [ 2.476802711795871, 48.908506060395027 ], [ 2.476832048395286, 48.908706144927244 ] ] ] } },
{ "type": "Feature", "properties": { }, "geometry": { "type": "Polygon", "coordinates": [ [ [ 2.476801516746364, 48.908355030209229 ], [ 2.476914819930951, 48.908456087558292 ], [ 2.477026645563218, 48.908476831770663 ], [ 2.477057427015736, 48.908475440719776 ], [ 2.477038205845166, 48.908298819242432 ], [ 2.476820510066255, 48.90828454152129 ], [ 2.476801516746364, 48.908355030209229 ] ] ] } },
{ "type": "Feature", "properties": { }, "geometry": { "type": "Polygon", "coordinates": [ [ [ 2.476802711795871, 48.908506060395027 ], [ 2.476830769977834, 48.908500754072918 ], [ 2.476914819930951, 48.908456087558292 ], [ 2.476801516746364, 48.908355030209229 ], [ 2.476703226166274, 48.90845646546466 ], [ 2.476802711795871, 48.908506060395027 ] ] ] } },
{ "type": "Feature", "properties": { }, "geometry": { "type": "Polygon", "coordinates": [ [ [ 2.476878830991566, 48.908928435411873 ], [ 2.477271227868197, 48.90884675877178 ], [ 2.47734857124161, 48.908795483867358 ], [ 2.477113046964765, 48.908686914250779 ], [ 2.476888360269083, 48.908830436966973 ], [ 2.476878830991566, 48.908928435411873 ] ] ] } },
{ "type": "Feature", "properties": { }, "geometry": { "type": "Polygon", "coordinates": [ [ [ 2.476919537885099, 48.908530825430653 ], [ 2.477026645563218, 48.908476831770663 ], [ 2.476914819930951, 48.908456087558292 ], [ 2.476830769977834, 48.908500754072918 ], [ 2.476919537885099, 48.908530825430653 ] ] ] } },
{ "type": "Feature", "properties": { }, "geometry": { "type": "Polygon", "coordinates": [ [ [ 2.477057427015736, 48.908475440719776 ], [ 2.477172780290075, 48.908543607650195 ], [ 2.477321220334365, 48.908381010556226 ], [ 2.477323714202497, 48.908377471242282 ], [ 2.47731149572865, 48.908316742546248 ], [ 2.477038205845166, 48.908298819242432 ], [ 2.477057427015736, 48.908475440719776 ] ] ] } },
{ "type": "Feature", "properties": { }, "geometry": { "type": "Polygon", "coordinates": [ [ [ 2.476878830991566, 48.908928435411873 ], [ 2.476859183120096, 48.908995868289566 ], [ 2.477222045136639, 48.909013422133341 ], [ 2.477507488716073, 48.908842884826569 ], [ 2.477271227868197, 48.90884675877178 ], [ 2.476878830991566, 48.908928435411873 ] ] ] } },
{ "type": "Feature", "properties": { }, "geometry": { "type": "Polygon", "coordinates": [ [ [ 2.477113046964765, 48.908686914250779 ], [ 2.47734857124161, 48.908795483867358 ], [ 2.477456829452156, 48.908786280490155 ], [ 2.477148422839767, 48.9086601571382 ], [ 2.477113046964765, 48.908686914250779 ] ] ] } },
{ "type": "Feature", "properties": { }, "geometry": { "type": "Polygon", "coordinates": [ [ [ 2.477271227868197, 48.90884675877178 ], [ 2.477507488716073, 48.908842884826569 ], [ 2.477518729263335, 48.908838938452817 ], [ 2.477533560656668, 48.908827933448777 ], [ 2.477507466273196, 48.908795126671791 ], [ 2.477456829452156, 48.908786280490155 ], [ 2.47734857124161, 48.908795483867358 ], [ 2.477271227868197, 48.90884675877178 ] ] ] } },
{ "type": "Feature", "properties": { }, "geometry": { "type": "Polygon", "coordinates": [ [ [ 2.477456829452156, 48.908786280490155 ], [ 2.477507466273196, 48.908795126671791 ], [ 2.477507276476743, 48.908727478614054 ], [ 2.477291393600007, 48.908615178523029 ], [ 2.47725847401564, 48.908605198965837 ], [ 2.477196768414192, 48.90860670970595 ], [ 2.477148422839767, 48.9086601571382 ], [ 2.477456829452156, 48.908786280490155 ] ] ] } },
{ "type": "Feature", "properties": { }, "geometry": { "type": "Polygon", "coordinates": [ [ [ 2.477196768414192, 48.90860670970595 ], [ 2.47725847401564, 48.908605198965837 ], [ 2.47737070538105, 48.908559530611328 ], [ 2.477416125689333, 48.908517965906704 ], [ 2.477321220334365, 48.908381010556226 ], [ 2.477172780290075, 48.908543607650195 ], [ 2.477196768414192, 48.90860670970595 ] ] ] } },
{ "type": "Feature", "properties": { }, "geometry": { "type": "Polygon", "coordinates": [ [ [ 2.477518729263335, 48.908838938452817 ], [ 2.477507488716073, 48.908842884826569 ], [ 2.477222045136639, 48.909013422133341 ], [ 2.4774986, 48.9090268 ], [ 2.4775008545273, 48.909026892444473 ], [ 2.477518729263335, 48.908838938452817 ] ] ] } },
{ "type": "Feature", "properties": { }, "geometry": { "type": "Polygon", "coordinates": [ [ [ 2.477518729263335, 48.908838938452817 ], [ 2.4775008545273, 48.909026892444473 ], [ 2.477699865081132, 48.909035052484526 ], [ 2.477703647559114, 48.909019607615328 ], [ 2.477644686319659, 48.908888742814767 ], [ 2.477586087887705, 48.908844122173605 ], [ 2.477556869156766, 48.908830585588092 ], [ 2.477533560656668, 48.908827933448777 ], [ 2.477518729263335, 48.908838938452817 ] ] ] } },
{ "type": "Feature", "properties": { }, "geometry": { "type": "Polygon", "coordinates": [ [ [ 2.477321220334365, 48.908381010556226 ], [ 2.477416125689333, 48.908517965906704 ], [ 2.477492224697071, 48.908476226705382 ], [ 2.477372755984529, 48.908395056756888 ], [ 2.477323714202497, 48.908377471242282 ], [ 2.477321220334365, 48.908381010556226 ] ] ] } },
{ "type": "Feature", "properties": { }, "geometry": { "type": "Polygon", "coordinates": [ [ [ 2.477507276476743, 48.908727478614054 ], [ 2.47753346596958, 48.908702126117184 ], [ 2.477532007747524, 48.908624191565352 ], [ 2.477291393600007, 48.908615178523029 ], [ 2.477507276476743, 48.908727478614054 ] ] ] } },
{ "type": "Feature", "properties": { }, "geometry": { "type": "Polygon", "coordinates": [ [ [ 2.477492224697071, 48.908476226705382 ], [ 2.477515519723148, 48.908477012031774 ], [ 2.477554635915041, 48.908438442884353 ], [ 2.477548744777736, 48.90839346367617 ], [ 2.477372755984529, 48.908395056756888 ], [ 2.477492224697071, 48.908476226705382 ] ] ] } },
{ "type": "Feature", "properties": { }, "geometry": { "type": "Polygon", "coordinates": [ [ [ 2.477291393600007, 48.908615178523029 ], [ 2.477532007747524, 48.908624191565352 ], [ 2.477571140243476, 48.908588991211822 ], [ 2.477545040940654, 48.908565950228144 ], [ 2.47737070538105, 48.908559530611328 ], [ 2.47725847401564, 48.908605198965837 ], [ 2.477291393600007, 48.908615178523029 ] ] ] } },
{ "type": "Feature", "properties": { }, "geometry": { "type": "Polygon", "coordinates": [ [ [ 2.478222295432823, 48.908920158018006 ], [ 2.478220524232661, 48.908913643758247 ], [ 2.478197369037716, 48.908848215170536 ], [ 2.47813979477323, 48.908813580787651 ], [ 2.478103348576822, 48.908801200436095 ], [ 2.47804492022181, 48.908820741981209 ], [ 2.477930471580958, 48.908865459743353 ], [ 2.477703647559114, 48.909019607615328 ], [ 2.477699865081132, 48.909035052484526 ], [ 2.478235154814559, 48.909056999279898 ], [ 2.478222295432823, 48.908920158018006 ] ] ] } },
{ "type": "Feature", "properties": { }, "geometry": { "type": "Polygon", "coordinates": [ [ [ 2.47753346596958, 48.908702126117184 ], [ 2.477686435720682, 48.90867012618294 ], [ 2.477602032605927, 48.908590109809005 ], [ 2.477571140243476, 48.908588991211822 ], [ 2.477532007747524, 48.908624191565352 ], [ 2.47753346596958, 48.908702126117184 ] ] ] } },
{ "type": "Feature", "properties": { }, "geometry": { "type": "Polygon", "coordinates": [ [ [ 2.477507276476743, 48.908727478614054 ], [ 2.477507466273196, 48.908795126671791 ], [ 2.477533560656668, 48.908827933448777 ], [ 2.477556869156766, 48.908830585588092 ], [ 2.477656021818818, 48.908773282569584 ], [ 2.477709307274776, 48.908675406628497 ], [ 2.477686435720682, 48.90867012618294 ], [ 2.47753346596958, 48.908702126117184 ], [ 2.477507276476743, 48.908727478614054 ] ] ] } },
{ "type": "Feature", "properties": { }, "geometry": { "type": "Polygon", "coordinates": [ [ [ 2.47737070538105, 48.908559530611328 ], [ 2.477545040940654, 48.908565950228144 ], [ 2.477539961852491, 48.908498087012916 ], [ 2.477515519723148, 48.908477012031774 ], [ 2.477492224697071, 48.908476226705382 ], [ 2.477416125689333, 48.908517965906704 ], [ 2.47737070538105, 48.908559530611328 ] ] ] } },
{ "type": "Feature", "properties": { }, "geometry": { "type": "Polygon", "coordinates": [ [ [ 2.477571140243476, 48.908588991211822 ], [ 2.477602032605927, 48.908590109809005 ], [ 2.477684894314868, 48.908549367877086 ], [ 2.477660479966336, 48.908501578142271 ], [ 2.477539961852491, 48.908498087012916 ], [ 2.477545040940654, 48.908565950228144 ], [ 2.477571140243476, 48.908588991211822 ] ] ] } },
{ "type": "Feature", "properties": { }, "geometry": { "type": "Polygon", "coordinates": [ [ [ 2.477586087887705, 48.908844122173605 ], [ 2.477603430621786, 48.908841710815068 ], [ 2.477917860077977, 48.908766842555224 ], [ 2.477656021818818, 48.908773282569584 ], [ 2.477556869156766, 48.908830585588092 ], [ 2.477586087887705, 48.908844122173605 ] ] ] } },
{ "type": "Feature", "properties": { }, "geometry": { "type": "Polygon", "coordinates": [ [ [ 2.477686435720682, 48.90867012618294 ], [ 2.477709307274776, 48.908675406628497 ], [ 2.477948556002576, 48.908647734550321 ], [ 2.477939307527053, 48.908593387167713 ], [ 2.477684894314868, 48.908549367877086 ], [ 2.477602032605927, 48.908590109809005 ], [ 2.477686435720682, 48.90867012618294 ] ] ] } },
{ "type": "Feature", "properties": { }, "geometry": { "type": "Polygon", "coordinates": [ [ [ 2.477539961852491, 48.908498087012916 ], [ 2.477660479966336, 48.908501578142271 ], [ 2.477694707236849, 48.908443600760641 ], [ 2.477554635915041, 48.908438442884353 ], [ 2.477515519723148, 48.908477012031774 ], [ 2.477539961852491, 48.908498087012916 ] ] ] } },
{ "type": "Feature", "properties": { }, "geometry": { "type": "Polygon", "coordinates": [ [ [ 2.477684894314868, 48.908549367877086 ], [ 2.477939307527053, 48.908593387167713 ], [ 2.478003930916649, 48.908404300288375 ], [ 2.478012456496305, 48.908339151946073 ], [ 2.477881365777511, 48.908337589822125 ], [ 2.477694707236849, 48.908443600760641 ], [ 2.477660479966336, 48.908501578142271 ], [ 2.477684894314868, 48.908549367877086 ] ] ] } },
{ "type": "Feature", "properties": { }, "geometry": { "type": "Polygon", "coordinates": [ [ [ 2.477554635915041, 48.908438442884353 ], [ 2.477694707236849, 48.908443600760641 ], [ 2.477881365777511, 48.908337589822125 ], [ 2.4776305, 48.908334600000011 ], [ 2.477593880451588, 48.908334148705954 ], [ 2.477548744777736, 48.90839346367617 ], [ 2.477554635915041, 48.908438442884353 ] ] ] } },
{ "type": "Feature", "properties": { }, "geometry": { "type": "Polygon", "coordinates": [ [ [ 2.478003930916649, 48.908404300288375 ], [ 2.478277872867521, 48.908591953368365 ], [ 2.47845069066409, 48.908488525587437 ], [ 2.478458373027604, 48.908399895337084 ], [ 2.478449730208955, 48.908358934763662 ], [ 2.4781172, 48.9083404 ], [ 2.478012456496305, 48.908339151946073 ], [ 2.478003930916649, 48.908404300288375 ] ] ] } },
{ "type": "Feature", "properties": { }, "geometry": { "type": "Polygon", "coordinates": [ [ [ 2.477656021818818, 48.908773282569584 ], [ 2.477917860077977, 48.908766842555224 ], [ 2.478043288624552, 48.908755406789631 ], [ 2.477948556002576, 48.908647734550321 ], [ 2.477709307274776, 48.908675406628497 ], [ 2.477656021818818, 48.908773282569584 ] ] ] } },
{ "type": "Feature", "properties": { }, "geometry": { "type": "Polygon", "coordinates": [ [ [ 2.477948556002576, 48.908647734550321 ], [ 2.478043288624552, 48.908755406789631 ], [ 2.478103348576822, 48.908801200436095 ], [ 2.47813979477323, 48.908813580787651 ], [ 2.478277872867521, 48.908591953368365 ], [ 2.478003930916649, 48.908404300288375 ], [ 2.477939307527053, 48.908593387167713 ], [ 2.477948556002576, 48.908647734550321 ] ] ] } },
{ "type": "Feature", "properties": { }, "geometry": { "type": "Polygon", "coordinates": [ [ [ 2.477917860077977, 48.908766842555224 ], [ 2.477603430621786, 48.908841710815068 ], [ 2.47804492022181, 48.908820741981209 ], [ 2.478103348576822, 48.908801200436095 ], [ 2.478043288624552, 48.908755406789631 ], [ 2.477917860077977, 48.908766842555224 ] ] ] } },
{ "type": "Feature", "properties": { }, "geometry": { "type": "Polygon", "coordinates": [ [ [ 2.477586087887705, 48.908844122173605 ], [ 2.477644686319659, 48.908888742814767 ], [ 2.477930471580958, 48.908865459743353 ], [ 2.47804492022181, 48.908820741981209 ], [ 2.477603430621786, 48.908841710815068 ], [ 2.477586087887705, 48.908844122173605 ] ] ] } },
{ "type": "Feature", "properties": { }, "geometry": { "type": "Polygon", "coordinates": [ [ [ 2.477703647559114, 48.909019607615328 ], [ 2.477930471580958, 48.908865459743353 ], [ 2.477644686319659, 48.908888742814767 ], [ 2.477703647559114, 48.909019607615328 ] ] ] } },
{ "type": "Feature", "properties": { }, "geometry": { "type": "Polygon", "coordinates": [ [ [ 2.47813979477323, 48.908813580787651 ], [ 2.478197369037716, 48.908848215170536 ], [ 2.478358683976519, 48.908787786686929 ], [ 2.478492120648212, 48.908698604454116 ], [ 2.478509086886087, 48.908586686088853 ], [ 2.47845069066409, 48.908488525587437 ], [ 2.478277872867521, 48.908591953368365 ], [ 2.47813979477323, 48.908813580787651 ] ] ] } },
{ "type": "Feature", "properties": { }, "geometry": { "type": "Polygon", "coordinates": [ [ [ 2.47879952895107, 48.908488624772723 ], [ 2.478841795622576, 48.90849032526696 ], [ 2.4788458, 48.9084541 ], [ 2.4788528, 48.90838140000001 ], [ 2.478592267780974, 48.908366879308595 ], [ 2.47879952895107, 48.908488624772723 ] ] ] } },
{ "type": "Feature", "properties": { }, "geometry": { "type": "Polygon", "coordinates": [ [ [ 2.478458373027604, 48.908399895337084 ], [ 2.478711608155804, 48.908533194747299 ], [ 2.47879952895107, 48.908488624772723 ], [ 2.478592267780974, 48.908366879308595 ], [ 2.478449730208955, 48.908358934763662 ], [ 2.478458373027604, 48.908399895337084 ] ] ] } },
{ "type": "Feature", "properties": { }, "geometry": { "type": "Polygon", "coordinates": [ [ [ 2.478220524232661, 48.908913643758247 ], [ 2.478631694487823, 48.908878637541015 ], [ 2.478525035174497, 48.908813421909208 ], [ 2.478358683976519, 48.908787786686929 ], [ 2.478197369037716, 48.908848215170536 ], [ 2.478220524232661, 48.908913643758247 ] ] ] } },
{ "type": "Feature", "properties": { }, "geometry": { "type": "Polygon", "coordinates": [ [ [ 2.478492120648212, 48.908698604454116 ], [ 2.478649053390809, 48.908709495825029 ], [ 2.478743175762347, 48.908641147029343 ], [ 2.478543699832958, 48.908587808706358 ], [ 2.478509086886087, 48.908586686088853 ], [ 2.478492120648212, 48.908698604454116 ] ] ] } },
{ "type": "Feature", "properties": { }, "geometry": { "type": "Polygon", "coordinates": [ [ [ 2.478235154814559, 48.909056999279898 ], [ 2.478596299865944, 48.909071804756088 ], [ 2.4786874735974, 48.908923767898955 ], [ 2.478222295432823, 48.908920158018006 ], [ 2.478235154814559, 48.909056999279898 ] ] ] } },
{ "type": "Feature", "properties": { }, "geometry": { "type": "Polygon", "coordinates": [ [ [ 2.478631694487823, 48.908878637541015 ], [ 2.478220524232661, 48.908913643758247 ], [ 2.478222295432823, 48.908920158018006 ], [ 2.4786874735974, 48.908923767898955 ], [ 2.47872303246364, 48.908900592013254 ], [ 2.478631694487823, 48.908878637541015 ] ] ] } },
{ "type": "Feature", "properties": { }, "geometry": { "type": "Polygon", "coordinates": [ [ [ 2.47872303246364, 48.908900592013254 ], [ 2.478799437057944, 48.908873515265768 ], [ 2.478804083805286, 48.908831479495248 ], [ 2.478767918059528, 48.908814973825784 ], [ 2.478525035174497, 48.908813421909208 ], [ 2.478631694487823, 48.908878637541015 ], [ 2.47872303246364, 48.908900592013254 ] ] ] } },
{ "type": "Feature", "properties": { }, "geometry": { "type": "Polygon", "coordinates": [ [ [ 2.47872303246364, 48.908900592013254 ], [ 2.4786874735974, 48.908923767898955 ], [ 2.478596299865944, 48.909071804756088 ], [ 2.4787767, 48.9090792 ], [ 2.478799437057944, 48.908873515265768 ], [ 2.47872303246364, 48.908900592013254 ] ] ] } },
{ "type": "Feature", "properties": { }, "geometry": { "type": "Polygon", "coordinates": [ [ [ 2.478782758985451, 48.90862609754933 ], [ 2.478713659757351, 48.908562773182695 ], [ 2.478543699832958, 48.908587808706358 ], [ 2.478743175762347, 48.908641147029343 ], [ 2.478782758985451, 48.90862609754933 ] ] ] } },
{ "type": "Feature", "properties": { }, "geometry": { "type": "Polygon", "coordinates": [ [ [ 2.478782758985451, 48.90862609754933 ], [ 2.478743175762347, 48.908641147029343 ], [ 2.478649053390809, 48.908709495825029 ], [ 2.478767918059528, 48.908814973825784 ], [ 2.478804083805286, 48.908831479495248 ], [ 2.478826560404575, 48.908628148916144 ], [ 2.478782758985451, 48.90862609754933 ] ] ] } },
{ "type": "Feature", "properties": { }, "geometry": { "type": "Polygon", "coordinates": [ [ [ 2.478525035174497, 48.908813421909208 ], [ 2.478767918059528, 48.908814973825784 ], [ 2.478649053390809, 48.908709495825029 ], [ 2.478492120648212, 48.908698604454116 ], [ 2.478358683976519, 48.908787786686929 ], [ 2.478525035174497, 48.908813421909208 ] ] ] } },
{ "type": "Feature", "properties": { }, "geometry": { "type": "Polygon", "coordinates": [ [ [ 2.478509086886087, 48.908586686088853 ], [ 2.478543699832958, 48.908587808706358 ], [ 2.478713659757351, 48.908562773182695 ], [ 2.478711608155804, 48.908533194747299 ], [ 2.478458373027604, 48.908399895337084 ], [ 2.47845069066409, 48.908488525587437 ], [ 2.478509086886087, 48.908586686088853 ] ] ] } },
{ "type": "Feature", "properties": { }, "geometry": { "type": "Polygon", "coordinates": [ [ [ 2.47879952895107, 48.908488624772723 ], [ 2.478711608155804, 48.908533194747299 ], [ 2.478713659757351, 48.908562773182695 ], [ 2.478782758985451, 48.90862609754933 ], [ 2.478826560404575, 48.908628148916144 ], [ 2.478841795622576, 48.90849032526696 ], [ 2.47879952895107, 48.908488624772723 ] ] ] } },
{ "type": "Feature", "properties": { }, "geometry": { "type": "Polygon", "coordinates": [ [ [ 2.473818696589043, 48.908709218834026 ], [ 2.474279887489998, 48.908302046180168 ], [ 2.474286402567292, 48.908295726122532 ], [ 2.474286457421921, 48.908295062358249 ], [ 2.474082612137673, 48.908138883711786 ], [ 2.473568, 48.9081132 ], [ 2.473316720552511, 48.90810904857392 ], [ 2.4734974, 48.908333 ], [ 2.473818064154023, 48.908709575221678 ], [ 2.473818696589043, 48.908709218834026 ] ] ] } },
{ "type": "Feature", "properties": { }, "geometry": { "type": "Polygon", "coordinates": [ [ [ 2.474286457421921, 48.908295062358249 ], [ 2.474385472953659, 48.908287999049222 ], [ 2.47453034176976, 48.908161227503619 ], [ 2.474082612137673, 48.908138883711786 ], [ 2.474286457421921, 48.908295062358249 ] ] ] } },
{ "type": "Feature", "properties": { }, "geometry": { "type": "Polygon", "coordinates": [ [ [ 2.473818064154023, 48.908709575221678 ], [ 2.473982403957758, 48.908902566798787 ], [ 2.474397535904651, 48.90874354209739 ], [ 2.474584775903822, 48.908598392197945 ], [ 2.474596568892864, 48.908529770278825 ], [ 2.47459487151133, 48.908472966274807 ], [ 2.474571689492604, 48.908444960639571 ], [ 2.474379116557289, 48.908450137969673 ], [ 2.474221610912146, 48.908519536219401 ], [ 2.473818696589043, 48.908709218834026 ], [ 2.473818064154023, 48.908709575221678 ] ] ] } },
{ "type": "Feature", "properties": { }, "geometry": { "type": "Polygon", "coordinates": [ [ [ 2.473818696589043, 48.908709218834026 ], [ 2.474221610912146, 48.908519536219401 ], [ 2.474279887489998, 48.908302046180168 ], [ 2.473818696589043, 48.908709218834026 ] ] ] } },
{ "type": "Feature", "properties": { }, "geometry": { "type": "Polygon", "coordinates": [ [ [ 2.474279887489998, 48.908302046180168 ], [ 2.474221610912146, 48.908519536219401 ], [ 2.474379116557289, 48.908450137969673 ], [ 2.474286402567292, 48.908295726122532 ], [ 2.474279887489998, 48.908302046180168 ] ] ] } },
{ "type": "Feature", "properties": { }, "geometry": { "type": "Polygon", "coordinates": [ [ [ 2.474379116557289, 48.908450137969673 ], [ 2.474571689492604, 48.908444960639571 ], [ 2.474578959533902, 48.908424051811103 ], [ 2.474583665519418, 48.908380359769545 ], [ 2.474577368957505, 48.908369337095465 ], [ 2.474385472953659, 48.908287999049222 ], [ 2.474286457421921, 48.908295062358249 ], [ 2.474286402567292, 48.908295726122532 ], [ 2.474379116557289, 48.908450137969673 ] ] ] } },
{ "type": "Feature", "properties": { }, "geometry": { "type": "Polygon", "coordinates": [ [ [ 2.474583665519418, 48.908380359769545 ], [ 2.474734738958633, 48.908325819499829 ], [ 2.474786448351434, 48.908174007623174 ], [ 2.474604003757806, 48.908164903411119 ], [ 2.474577368957505, 48.908369337095465 ], [ 2.474583665519418, 48.908380359769545 ] ] ] } },
{ "type": "Feature", "properties": { }, "geometry": { "type": "Polygon", "coordinates": [ [ [ 2.474940481015696, 48.909248278492278 ], [ 2.4747933, 48.9090573 ], [ 2.4748009, 48.9089001 ], [ 2.4748901, 48.9089041 ], [ 2.474921437689241, 48.908905527588303 ], [ 2.474827681140958, 48.908794074639474 ], [ 2.474488460814284, 48.90875064582449 ], [ 2.474397535904651, 48.90874354209739 ], [ 2.473982403957758, 48.908902566798787 ], [ 2.474460682413041, 48.909464220739501 ], [ 2.474940481015696, 48.909248278492278 ] ] ] } },
{ "type": "Feature", "properties": { }, "geometry": { "type": "Polygon", "coordinates": [ [ [ 2.474578959533902, 48.908424051811103 ], [ 2.474819878150576, 48.908384475922844 ], [ 2.474827631494305, 48.908361650566142 ], [ 2.474815352709659, 48.908341757697109 ], [ 2.474734738958633, 48.908325819499829 ], [ 2.474583665519418, 48.908380359769545 ], [ 2.474578959533902, 48.908424051811103 ] ] ] } },
{ "type": "Feature", "properties": { }, "geometry": { "type": "Polygon", "coordinates": [ [ [ 2.474577368957505, 48.908369337095465 ], [ 2.474604003757806, 48.908164903411119 ], [ 2.47453034176976, 48.908161227503619 ], [ 2.474385472953659, 48.908287999049222 ], [ 2.474577368957505, 48.908369337095465 ] ] ] } },
{ "type": "Feature", "properties": { }, "geometry": { "type": "Polygon", "coordinates": [ [ [ 2.475512883196852, 48.910045005895611 ], [ 2.475527745655443, 48.910037334749632 ], [ 2.475597527003377, 48.909802292135581 ], [ 2.474816440999086, 48.909902287133534 ], [ 2.4748963, 48.910001 ], [ 2.474954571033375, 48.910079874625794 ], [ 2.475512883196852, 48.910045005895611 ] ] ] } },
{ "type": "Feature", "properties": { }, "geometry": { "type": "Polygon", "coordinates": [ [ [ 2.474921437689241, 48.908905527588303 ], [ 2.474978905152689, 48.908908145496056 ], [ 2.4750466946548, 48.908739269449818 ], [ 2.475025830286224, 48.908657677293895 ], [ 2.474899626283325, 48.908651884636406 ], [ 2.474829946925877, 48.908751904998383 ], [ 2.474827681140958, 48.908794074639474 ], [ 2.474921437689241, 48.908905527588303 ] ] ] } },
{ "type": "Feature", "properties": { }, "geometry": { "type": "Polygon", "coordinates": [ [ [ 2.474904, 48.908266554266383 ], [ 2.474963717174394, 48.908344398788586 ], [ 2.475019830616264, 48.908347478656303 ], [ 2.475158975463386, 48.908192547316467 ], [ 2.4749652, 48.9081829 ], [ 2.474904, 48.908179867931146 ], [ 2.474904, 48.908266554266383 ] ] ] } },
{ "type": "Feature", "properties": { }, "geometry": { "type": "Polygon", "coordinates": [ [ [ 2.474397535904651, 48.90874354209739 ], [ 2.474488460814284, 48.90875064582449 ], [ 2.474747354719384, 48.908700227505975 ], [ 2.474697790304925, 48.908640999974239 ], [ 2.474603855855858, 48.908603140461665 ], [ 2.474584775903822, 48.908598392197945 ], [ 2.474397535904651, 48.90874354209739 ] ] ] } },
{ "type": "Feature", "properties": { }, "geometry": { "type": "Polygon", "coordinates": [ [ [ 2.474584775903822, 48.908598392197945 ], [ 2.474603855855858, 48.908603140461665 ], [ 2.474870436091344, 48.908583835124261 ], [ 2.474872824298072, 48.908568491886477 ], [ 2.474596568892864, 48.908529770278825 ], [ 2.474584775903822, 48.908598392197945 ] ] ] } },
{ "type": "Feature", "properties": { }, "geometry": { "type": "Polygon", "coordinates": [ [ [ 2.474571689492604, 48.908444960639571 ], [ 2.47459487151133, 48.908472966274807 ], [ 2.474874120292444, 48.908476788045597 ], [ 2.474819878150576, 48.908384475922844 ], [ 2.474578959533902, 48.908424051811103 ], [ 2.474571689492604, 48.908444960639571 ] ] ] } },
{ "type": "Feature", "properties": { }, "geometry": { "type": "Polygon", "coordinates": [ [ [ 2.474747354719384, 48.908700227505975 ], [ 2.474829946925877, 48.908751904998383 ], [ 2.474899626283325, 48.908651884636406 ], [ 2.474888854611051, 48.90864099994387 ], [ 2.474697790304925, 48.908640999974239 ], [ 2.474747354719384, 48.908700227505975 ] ] ] } },
{ "type": "Feature", "properties": { }, "geometry": { "type": "Polygon", "coordinates": [ [ [ 2.474827681140958, 48.908794074639474 ], [ 2.474829946925877, 48.908751904998383 ], [ 2.474747354719384, 48.908700227505975 ], [ 2.474488460814284, 48.90875064582449 ], [ 2.474827681140958, 48.908794074639474 ] ] ] } },
{ "type": "Feature", "properties": { }, "geometry": { "type": "Polygon", "coordinates": [ [ [ 2.474819878150576, 48.908384475922844 ], [ 2.474874120292444, 48.908476788045597 ], [ 2.474914976572341, 48.908488309610568 ], [ 2.474925057095897, 48.908486097196246 ], [ 2.474938668503666, 48.908367809809327 ], [ 2.474827631494305, 48.908361650566142 ], [ 2.474819878150576, 48.908384475922844 ] ] ] } },
{ "type": "Feature", "properties": { }, "geometry": { "type": "Polygon", "coordinates": [ [ [ 2.474872824298072, 48.908568491886477 ], [ 2.474914976572341, 48.908488309610568 ], [ 2.474874120292444, 48.908476788045597 ], [ 2.47459487151133, 48.908472966274807 ], [ 2.474596568892864, 48.908529770278825 ], [ 2.474872824298072, 48.908568491886477 ] ] ] } },
{ "type": "Feature", "properties": { }, "geometry": { "type": "Polygon", "coordinates": [ [ [ 2.474697790304925, 48.908640999974239 ], [ 2.474888854611051, 48.90864099994387 ], [ 2.474870436091344, 48.908583835124261 ], [ 2.474603855855858, 48.908603140461665 ], [ 2.474697790304925, 48.908640999974239 ] ] ] } },
{ "type": "Feature", "properties": { }, "geometry": { "type": "Polygon", "coordinates": [ [ [ 2.474888854611051, 48.90864099994387 ], [ 2.474899626283325, 48.908651884636406 ], [ 2.475025830286224, 48.908657677293895 ], [ 2.475045422238407, 48.908647585352512 ], [ 2.475054889047235, 48.90856788732814 ], [ 2.475046188477406, 48.90853346839571 ], [ 2.475040746579832, 48.908523615978829 ], [ 2.474965077115778, 48.908488019183537 ], [ 2.474925057095897, 48.908486097196246 ], [ 2.474914976572341, 48.908488309610568 ], [ 2.474872824298072, 48.908568491886477 ], [ 2.474870436091344, 48.908583835124261 ], [ 2.474888854611051, 48.90864099994387 ] ] ] } },
{ "type": "Feature", "properties": { }, "geometry": { "type": "Polygon", "coordinates": [ [ [ 2.474815352709659, 48.908341757697109 ], [ 2.474904, 48.908266554266383 ], [ 2.474904, 48.908179867931146 ], [ 2.4748885, 48.9081791 ], [ 2.474786448351434, 48.908174007623174 ], [ 2.474734738958633, 48.908325819499829 ], [ 2.474815352709659, 48.908341757697109 ] ] ] } },
{ "type": "Feature", "properties": { }, "geometry": { "type": "Polygon", "coordinates": [ [ [ 2.474827631494305, 48.908361650566142 ], [ 2.474938668503666, 48.908367809809327 ], [ 2.474963717174394, 48.908344398788586 ], [ 2.474904, 48.908266554266383 ], [ 2.474815352709659, 48.908341757697109 ], [ 2.474827631494305, 48.908361650566142 ] ] ] } },
{ "type": "Feature", "properties": { }, "geometry": { "type": "Polygon", "coordinates": [ [ [ 2.474978905152689, 48.908908145496056 ], [ 2.4750723, 48.9089124 ], [ 2.475528255792977, 48.908934223136747 ], [ 2.475557751914184, 48.90883434845221 ], [ 2.475556921225418, 48.908766577882062 ], [ 2.475350520591062, 48.908711766025888 ], [ 2.4750466946548, 48.908739269449818 ], [ 2.474978905152689, 48.908908145496056 ] ] ] } },
{ "type": "Feature", "properties": { }, "geometry": { "type": "Polygon", "coordinates": [ [ [ 2.4750466946548, 48.908739269449818 ], [ 2.475350520591062, 48.908711766025888 ], [ 2.475201431256821, 48.908652260373046 ], [ 2.475045422238407, 48.908647585352512 ], [ 2.475025830286224, 48.908657677293895 ], [ 2.4750466946548, 48.908739269449818 ] ] ] } },
{ "type": "Feature", "properties": { }, "geometry": { "type": "Polygon", "coordinates": [ [ [ 2.475019830616264, 48.908347478656303 ], [ 2.474963717174394, 48.908344398788586 ], [ 2.474938668503666, 48.908367809809327 ], [ 2.474925057095897, 48.908486097196246 ], [ 2.474965077115778, 48.908488019183537 ], [ 2.475096348182565, 48.908397086999038 ], [ 2.475019830616264, 48.908347478656303 ] ] ] } },
{ "type": "Feature", "properties": { }, "geometry": { "type": "Polygon", "coordinates": [ [ [ 2.475096348182565, 48.908397086999038 ], [ 2.475265792929343, 48.908388162453768 ], [ 2.475321854194874, 48.90820065615172 ], [ 2.475158975463386, 48.908192547316467 ], [ 2.475019830616264, 48.908347478656303 ], [ 2.475096348182565, 48.908397086999038 ] ] ] } },
{ "type": "Feature", "properties": { }, "geometry": { "type": "Polygon", "coordinates": [ [ [ 2.474965077115778, 48.908488019183537 ], [ 2.475040746579832, 48.908523615978829 ], [ 2.475290376814192, 48.908463203370246 ], [ 2.475293732586672, 48.90846153943955 ], [ 2.475271344947121, 48.908398397316624 ], [ 2.475265792929343, 48.908388162453768 ], [ 2.475096348182565, 48.908397086999038 ], [ 2.474965077115778, 48.908488019183537 ] ] ] } },
{ "type": "Feature", "properties": { }, "geometry": { "type": "Polygon", "coordinates": [ [ [ 2.476214719339867, 48.90838998192207 ], [ 2.476251876859738, 48.908391786411819 ], [ 2.4762582, 48.9083294 ], [ 2.476275, 48.9083099 ], [ 2.4762893, 48.9082497 ], [ 2.4761785, 48.9082433 ], [ 2.476023126883084, 48.908235566000393 ], [ 2.476214719339867, 48.90838998192207 ] ] ] } },
{ "type": "Feature", "properties": { }, "geometry": { "type": "Polygon", "coordinates": [ [ [ 2.475265792929343, 48.908388162453768 ], [ 2.475271344947121, 48.908398397316624 ], [ 2.475546214793102, 48.908391517761871 ], [ 2.47574821241239, 48.908221881078262 ], [ 2.475321854194874, 48.90820065615172 ], [ 2.475265792929343, 48.908388162453768 ] ] ] } },
{ "type": "Feature", "properties": { }, "geometry": { "type": "Polygon", "coordinates": [ [ [ 2.475046188477406, 48.90853346839571 ], [ 2.475191836665649, 48.908564020862286 ], [ 2.475290376814192, 48.908463203370246 ], [ 2.475040746579832, 48.908523615978829 ], [ 2.475046188477406, 48.90853346839571 ] ] ] } },
{ "type": "Feature", "properties": { }, "geometry": { "type": "Polygon", "coordinates": [ [ [ 2.475045422238407, 48.908647585352512 ], [ 2.475201431256821, 48.908652260373046 ], [ 2.47518480439307, 48.908586135895042 ], [ 2.475054889047235, 48.90856788732814 ], [ 2.475045422238407, 48.908647585352512 ] ] ] } },
{ "type": "Feature", "properties": { }, "geometry": { "type": "Polygon", "coordinates": [ [ [ 2.475191836665649, 48.908564020862286 ], [ 2.475046188477406, 48.90853346839571 ], [ 2.475054889047235, 48.90856788732814 ], [ 2.47518480439307, 48.908586135895042 ], [ 2.475191836665649, 48.908564020862286 ] ] ] } },
{ "type": "Feature", "properties": { }, "geometry": { "type": "Polygon", "coordinates": [ [ [ 2.47518480439307, 48.908586135895042 ], [ 2.475201431256821, 48.908652260373046 ], [ 2.475350520591062, 48.908711766025888 ], [ 2.475556921225418, 48.908766577882062 ], [ 2.475589425355496, 48.908705454551821 ], [ 2.475443778084111, 48.908546223912786 ], [ 2.475293732586672, 48.90846153943955 ], [ 2.475290376814192, 48.908463203370246 ], [ 2.475191836665649, 48.908564020862286 ], [ 2.47518480439307, 48.908586135895042 ] ] ] } },
{ "type": "Feature", "properties": { }, "geometry": { "type": "Polygon", "coordinates": [ [ [ 2.474460682413041, 48.909464220739501 ], [ 2.474488, 48.9094963 ], [ 2.474699562436188, 48.909757813974139 ], [ 2.47549964181686, 48.909646213628591 ], [ 2.475591553676339, 48.909495885625923 ], [ 2.4751175, 48.909478 ], [ 2.4749788, 48.909298 ], [ 2.474940481015696, 48.909248278492278 ], [ 2.474460682413041, 48.909464220739501 ] ] ] } },
{ "type": "Feature", "properties": { }, "geometry": { "type": "Polygon", "coordinates": [ [ [ 2.475443778084111, 48.908546223912786 ], [ 2.475546214793102, 48.908391517761871 ], [ 2.475271344947121, 48.908398397316624 ], [ 2.475293732586672, 48.90846153943955 ], [ 2.475443778084111, 48.908546223912786 ] ] ] } },
{ "type": "Feature", "properties": { }, "geometry": { "type": "Polygon", "coordinates": [ [ [ 2.475597527003377, 48.909802292135581 ], [ 2.475641521990703, 48.909787530972167 ], [ 2.475652820022903, 48.909729985783464 ], [ 2.47549964181686, 48.909646213628591 ], [ 2.474699562436188, 48.909757813974139 ], [ 2.474816440999086, 48.909902287133534 ], [ 2.475597527003377, 48.909802292135581 ] ] ] } },
{ "type": "Feature", "properties": { }, "geometry": { "type": "Polygon", "coordinates": [ [ [ 2.475589425355496, 48.908705454551821 ], [ 2.475638449855959, 48.908678040268988 ], [ 2.475821118018016, 48.908498716006555 ], [ 2.47581185412368, 48.908333593040368 ], [ 2.475773079600385, 48.908223118965168 ], [ 2.47574821241239, 48.908221881078262 ], [ 2.475546214793102, 48.908391517761871 ], [ 2.475443778084111, 48.908546223912786 ], [ 2.475589425355496, 48.908705454551821 ] ] ] } },
{ "type": "Feature", "properties": { }, "geometry": { "type": "Polygon", "coordinates": [ [ [ 2.475764385548021, 48.909607339884111 ], [ 2.47601914378367, 48.909662685388739 ], [ 2.476058805844475, 48.909568593423018 ], [ 2.4760368, 48.909567899999978 ], [ 2.4758349, 48.909561600000011 ], [ 2.4758411, 48.9095053 ], [ 2.475751336748122, 48.909501913657934 ], [ 2.475764385548021, 48.909607339884111 ] ] ] } },
{ "type": "Feature", "properties": { }, "geometry": { "type": "Polygon", "coordinates": [ [ [ 2.47581185412368, 48.908333593040368 ], [ 2.476047025467125, 48.908392999992408 ], [ 2.476206905444859, 48.908392999939799 ], [ 2.476214719339867, 48.90838998192207 ], [ 2.476023126883084, 48.908235566000393 ], [ 2.475773079600385, 48.908223118965168 ], [ 2.47581185412368, 48.908333593040368 ] ] ] } },
{ "type": "Feature", "properties": { }, "geometry": { "type": "Polygon", "coordinates": [ [ [ 2.475556921225418, 48.908766577882062 ], [ 2.475557751914184, 48.90883434845221 ], [ 2.476056027687761, 48.9088053524382 ], [ 2.476071844304232, 48.908734869717719 ], [ 2.47605943150569, 48.908712588423626 ], [ 2.475747528325847, 48.908680775872007 ], [ 2.475638449855959, 48.908678040268988 ], [ 2.475589425355496, 48.908705454551821 ], [ 2.475556921225418, 48.908766577882062 ] ] ] } },
{ "type": "Feature", "properties": { }, "geometry": { "type": "Polygon", "coordinates": [ [ [ 2.47588210296626, 48.910369255010394 ], [ 2.475636787962055, 48.910119495614708 ], [ 2.475512883196852, 48.910045005895611 ], [ 2.474954571033375, 48.910079874625794 ], [ 2.4752999, 48.9105473 ], [ 2.475344173377772, 48.910608621563263 ], [ 2.4754512, 48.9105496 ], [ 2.4755245, 48.910517799999987 ], [ 2.4758776, 48.9103729 ], [ 2.475882641599517, 48.910372600254306 ], [ 2.47588210296626, 48.910369255010394 ] ] ] } },
{ "type": "Feature", "properties": { }, "geometry": { "type": "Polygon", "coordinates": [ [ [ 2.475652820022903, 48.909729985783464 ], [ 2.475732945749369, 48.9096876935916 ], [ 2.475764385548021, 48.909607339884111 ], [ 2.475751336748122, 48.909501913657934 ], [ 2.475591553676339, 48.909495885625923 ], [ 2.47549964181686, 48.909646213628591 ], [ 2.475652820022903, 48.909729985783464 ] ] ] } },
{ "type": "Feature", "properties": { }, "geometry": { "type": "Polygon", "coordinates": [ [ [ 2.475597527003377, 48.909802292135581 ], [ 2.475527745655443, 48.910037334749632 ], [ 2.475712206814678, 48.90997382905622 ], [ 2.475728051340894, 48.909872633091794 ], [ 2.475695720087643, 48.909822969591694 ], [ 2.475641521990703, 48.909787530972167 ], [ 2.475597527003377, 48.909802292135581 ] ] ] } },
{ "type": "Feature", "properties": { }, "geometry": { "type": "Polygon", "coordinates": [ [ [ 2.47588210296626, 48.910369255010394 ], [ 2.475921640920295, 48.910228703134734 ], [ 2.475847724310437, 48.910071596648173 ], [ 2.475636787962055, 48.910119495614708 ], [ 2.47588210296626, 48.910369255010394 ] ] ] } },
{ "type": "Feature", "properties": { }, "geometry": { "type": "Polygon", "coordinates": [ [ [ 2.475821118018016, 48.908498716006555 ], [ 2.475851860650856, 48.908503056671051 ], [ 2.476098943428123, 48.908467293702252 ], [ 2.476047025467125, 48.908392999992408 ], [ 2.47581185412368, 48.908333593040368 ], [ 2.475821118018016, 48.908498716006555 ] ] ] } },
{ "type": "Feature", "properties": { }, "geometry": { "type": "Polygon", "coordinates": [ [ [ 2.475695720087643, 48.909822969591694 ], [ 2.475881527501457, 48.909790732152523 ], [ 2.475894682814438, 48.90972584777392 ], [ 2.475732945749369, 48.9096876935916 ], [ 2.475652820022903, 48.909729985783464 ], [ 2.475641521990703, 48.909787530972167 ], [ 2.475695720087643, 48.909822969591694 ] ] ] } },
{ "type": "Feature", "properties": { }, "geometry": { "type": "Polygon", "coordinates": [ [ [ 2.475512883196852, 48.910045005895611 ], [ 2.475636787962055, 48.910119495614708 ], [ 2.475847724310437, 48.910071596648173 ], [ 2.47585108035875, 48.910008088904469 ], [ 2.475712206814678, 48.90997382905622 ], [ 2.475527745655443, 48.910037334749632 ], [ 2.475512883196852, 48.910045005895611 ] ] ] } },
{ "type": "Feature", "properties": { }, "geometry": { "type": "Polygon", "coordinates": [ [ [ 2.475712206814678, 48.90997382905622 ], [ 2.47585108035875, 48.910008088904469 ], [ 2.475990800214431, 48.90996510403771 ], [ 2.475985754595591, 48.909929175233074 ], [ 2.475733217302686, 48.909872745324584 ], [ 2.475728051340894, 48.909872633091794 ], [ 2.475712206814678, 48.90997382905622 ] ] ] } },
{ "type": "Feature", "properties": { }, "geometry": { "type": "Polygon", "coordinates": [ [ [ 2.47588210296626, 48.910369255010394 ], [ 2.475882641599517, 48.910372600254306 ], [ 2.4759987, 48.9103657 ], [ 2.4761087, 48.9103156 ], [ 2.4761696, 48.91031430000001 ], [ 2.476208126389334, 48.910286974489154 ], [ 2.476154063391213, 48.910121639601087 ], [ 2.476085254168983, 48.910071608405886 ], [ 2.475921640920295, 48.910228703134734 ], [ 2.47588210296626, 48.910369255010394 ] ] ] } },
{ "type": "Feature", "properties": { }, "geometry": { "type": "Polygon", "coordinates": [ [ [ 2.476043151159923, 48.909873835815084 ], [ 2.476146434747454, 48.909796463771798 ], [ 2.476124570313697, 48.909755356056941 ], [ 2.476066162813888, 48.909730640436884 ], [ 2.475972228350178, 48.909859700114815 ], [ 2.475991456238229, 48.90988880973407 ], [ 2.476043151159923, 48.909873835815084 ] ] ] } },
{ "type": "Feature", "properties": { }, "geometry": { "type": "Polygon", "coordinates": [ [ [ 2.475991456238229, 48.90988880973407 ], [ 2.475985754595591, 48.909929175233074 ], [ 2.475990800214431, 48.90996510403771 ], [ 2.476054994132642, 48.909993307201333 ], [ 2.476289050264688, 48.909933057506869 ], [ 2.476288436516311, 48.909878674145233 ], [ 2.476253716409897, 48.909866798195118 ], [ 2.476043151159923, 48.909873835815084 ], [ 2.475991456238229, 48.90988880973407 ] ] ] } },
{ "type": "Feature", "properties": { }, "geometry": { "type": "Polygon", "coordinates": [ [ [ 2.475894682814438, 48.90972584777392 ], [ 2.476019820161877, 48.909684726549877 ], [ 2.47601914378367, 48.909662685388739 ], [ 2.475764385548021, 48.909607339884111 ], [ 2.475732945749369, 48.9096876935916 ], [ 2.475894682814438, 48.90972584777392 ] ] ] } },
{ "type": "Feature", "properties": { }, "geometry": { "type": "Polygon", "coordinates": [ [ [ 2.47585108035875, 48.910008088904469 ], [ 2.475847724310437, 48.910071596648173 ], [ 2.475921640920295, 48.910228703134734 ], [ 2.476085254168983, 48.910071608405886 ], [ 2.476085738689941, 48.910069891368465 ], [ 2.476054994132642, 48.909993307201333 ], [ 2.475990800214431, 48.90996510403771 ], [ 2.47585108035875, 48.910008088904469 ] ] ] } },
{ "type": "Feature", "properties": { }, "geometry": { "type": "Polygon", "coordinates": [ [ [ 2.475728051340894, 48.909872633091794 ], [ 2.475733217302686, 48.909872745324584 ], [ 2.475939643972489, 48.909844841648358 ], [ 2.475881527501457, 48.909790732152523 ], [ 2.475695720087643, 48.909822969591694 ], [ 2.475728051340894, 48.909872633091794 ] ] ] } },
{ "type": "Feature", "properties": { }, "geometry": { "type": "Polygon", "coordinates": [ [ [ 2.475881527501457, 48.909790732152523 ], [ 2.475939643972489, 48.909844841648358 ], [ 2.475972228350178, 48.909859700114815 ], [ 2.476066162813888, 48.909730640436884 ], [ 2.47604455197628, 48.909703073064321 ], [ 2.476019820161877, 48.909684726549877 ], [ 2.475894682814438, 48.90972584777392 ], [ 2.475881527501457, 48.909790732152523 ] ] ] } },
{ "type": "Feature", "properties": { }, "geometry": { "type": "Polygon", "coordinates": [ [ [ 2.475939643972489, 48.909844841648358 ], [ 2.475733217302686, 48.909872745324584 ], [ 2.475985754595591, 48.909929175233074 ], [ 2.475991456238229, 48.90988880973407 ], [ 2.475972228350178, 48.909859700114815 ], [ 2.475939643972489, 48.909844841648358 ] ] ] } },
{ "type": "Feature", "properties": { }, "geometry": { "type": "Polygon", "coordinates": [ [ [ 2.475528255792977, 48.908934223136747 ], [ 2.4758997, 48.908952 ], [ 2.476040966120748, 48.908957666104641 ], [ 2.476083121194545, 48.908823665012186 ], [ 2.476056027687761, 48.9088053524382 ], [ 2.475557751914184, 48.90883434845221 ], [ 2.475528255792977, 48.908934223136747 ] ] ] } },
{ "type": "Feature", "properties": { }, "geometry": { "type": "Polygon", "coordinates": [ [ [ 2.476054994132642, 48.909993307201333 ], [ 2.476085738689941, 48.910069891368465 ], [ 2.476268486711172, 48.910069034181078 ], [ 2.476326616435796, 48.910015036453302 ], [ 2.476311009986607, 48.909949863785791 ], [ 2.476289050264688, 48.909933057506869 ], [ 2.476054994132642, 48.909993307201333 ] ] ] } },
{ "type": "Feature", "properties": { }, "geometry": { "type": "Polygon", "coordinates": [ [ [ 2.476066162813888, 48.909730640436884 ], [ 2.476124570313697, 48.909755356056941 ], [ 2.476380005036991, 48.909711961640227 ], [ 2.476389521844552, 48.909639787205393 ], [ 2.47604455197628, 48.909703073064321 ], [ 2.476066162813888, 48.909730640436884 ] ] ] } },
{ "type": "Feature", "properties": { }, "geometry": { "type": "Polygon", "coordinates": [ [ [ 2.476019820161877, 48.909684726549877 ], [ 2.47604455197628, 48.909703073064321 ], [ 2.476389521844552, 48.909639787205393 ], [ 2.476411846288014, 48.909581443282903 ], [ 2.4763256, 48.909577 ], [ 2.476058805844475, 48.909568593423018 ], [ 2.47601914378367, 48.909662685388739 ], [ 2.476019820161877, 48.909684726549877 ] ] ] } },
{ "type": "Feature", "properties": { }, "geometry": { "type": "Polygon", "coordinates": [ [ [ 2.475851860650856, 48.908503056671051 ], [ 2.475821118018016, 48.908498716006555 ], [ 2.475638449855959, 48.908678040268988 ], [ 2.475747528325847, 48.908680775872007 ], [ 2.476127238386859, 48.908619990839078 ], [ 2.476143349244491, 48.908606472880692 ], [ 2.475851860650856, 48.908503056671051 ] ] ] } },
{ "type": "Feature", "properties": { }, "geometry": { "type": "Polygon", "coordinates": [ [ [ 2.476143349244491, 48.908606472880692 ], [ 2.476215644873373, 48.908593811333994 ], [ 2.476109993648228, 48.908467861617879 ], [ 2.476098943428123, 48.908467293702252 ], [ 2.475851860650856, 48.908503056671051 ], [ 2.476143349244491, 48.908606472880692 ] ] ] } },
{ "type": "Feature", "properties": { }, "geometry": { "type": "Polygon", "coordinates": [ [ [ 2.47605943150569, 48.908712588423626 ], [ 2.476127238386859, 48.908619990839078 ], [ 2.475747528325847, 48.908680775872007 ], [ 2.47605943150569, 48.908712588423626 ] ] ] } },
{ "type": "Feature", "properties": { }, "geometry": { "type": "Polygon", "coordinates": [ [ [ 2.476127238386859, 48.908619990839078 ], [ 2.47605943150569, 48.908712588423626 ], [ 2.476071844304232, 48.908734869717719 ], [ 2.476216455889668, 48.908741259751046 ], [ 2.476231318383157, 48.90859462277151 ], [ 2.476215644873373, 48.908593811333994 ], [ 2.476143349244491, 48.908606472880692 ], [ 2.476127238386859, 48.908619990839078 ] ] ] } },
{ "type": "Feature", "properties": { }, "geometry": { "type": "Polygon", "coordinates": [ [ [ 2.476083121194545, 48.908823665012186 ], [ 2.476207407810962, 48.908830529875544 ], [ 2.476216455889668, 48.908741259751046 ], [ 2.476071844304232, 48.908734869717719 ], [ 2.476056027687761, 48.9088053524382 ], [ 2.476083121194545, 48.908823665012186 ] ] ] } },
{ "type": "Feature", "properties": { }, "geometry": { "type": "Polygon", "coordinates": [ [ [ 2.476098943428123, 48.908467293702252 ], [ 2.476109993648228, 48.908467861617879 ], [ 2.476206905444859, 48.908392999939799 ], [ 2.476047025467125, 48.908392999992408 ], [ 2.476098943428123, 48.908467293702252 ] ] ] } },
{ "type": "Feature", "properties": { }, "geometry": { "type": "Polygon", "coordinates": [ [ [ 2.476083121194545, 48.908823665012186 ], [ 2.476040966120748, 48.908957666104641 ], [ 2.4761939, 48.9089638 ], [ 2.476207407810962, 48.908830529875544 ], [ 2.476083121194545, 48.908823665012186 ] ] ] } },
{ "type": "Feature", "properties": { }, "geometry": { "type": "Polygon", "coordinates": [ [ [ 2.476043151159923, 48.909873835815084 ], [ 2.476253716409897, 48.909866798195118 ], [ 2.476146434747454, 48.909796463771798 ], [ 2.476043151159923, 48.909873835815084 ] ] ] } },
{ "type": "Feature", "properties": { }, "geometry": { "type": "Polygon", "coordinates": [ [ [ 2.476457165169265, 48.910108885595236 ], [ 2.476289237966339, 48.910140640066288 ], [ 2.47626825889541, 48.910244324379143 ], [ 2.4762721, 48.9102416 ], [ 2.4762918, 48.9102341 ], [ 2.4763929, 48.9102021 ], [ 2.4764487, 48.9101913 ], [ 2.476473618802202, 48.910187523112256 ], [ 2.476457165169265, 48.910108885595236 ] ] ] } },
{ "type": "Feature", "properties": { }, "geometry": { "type": "Polygon", "coordinates": [ [ [ 2.476380005036991, 48.909711961640227 ], [ 2.476124570313697, 48.909755356056941 ], [ 2.476146434747454, 48.909796463771798 ], [ 2.476253716409897, 48.909866798195118 ], [ 2.476288436516311, 48.909878674145233 ], [ 2.476405097323097, 48.909776449093933 ], [ 2.476405084516842, 48.909776184699162 ], [ 2.476380005036991, 48.909711961640227 ] ] ] } },
{ "type": "Feature", "properties": { }, "geometry": { "type": "Polygon", "coordinates": [ [ [ 2.476405084516842, 48.909776184699162 ], [ 2.476575687946608, 48.909749824206671 ], [ 2.476632279476318, 48.909726542818774 ], [ 2.476657679692803, 48.909594107902912 ], [ 2.476411846288014, 48.909581443282903 ], [ 2.476389521844552, 48.909639787205393 ], [ 2.476380005036991, 48.909711961640227 ], [ 2.476405084516842, 48.909776184699162 ] ] ] } },
{ "type": "Feature", "properties": { }, "geometry": { "type": "Polygon", "coordinates": [ [ [ 2.476085254168983, 48.910071608405886 ], [ 2.476154063391213, 48.910121639601087 ], [ 2.476285690103785, 48.910136516726645 ], [ 2.476268486711172, 48.910069034181078 ], [ 2.476085738689941, 48.910069891368465 ], [ 2.476085254168983, 48.910071608405886 ] ] ] } },
{ "type": "Feature", "properties": { }, "geometry": { "type": "Polygon", "coordinates": [ [ [ 2.476215644873373, 48.908593811333994 ], [ 2.476231318383157, 48.90859462277151 ], [ 2.476251876859738, 48.908391786411819 ], [ 2.476214719339867, 48.90838998192207 ], [ 2.476206905444859, 48.908392999939799 ], [ 2.476109993648228, 48.908467861617879 ], [ 2.476215644873373, 48.908593811333994 ] ] ] } },
{ "type": "Feature", "properties": { }, "geometry": { "type": "Polygon", "coordinates": [ [ [ 2.476289050264688, 48.909933057506869 ], [ 2.476311009986607, 48.909949863785791 ], [ 2.476486588335416, 48.909950987556769 ], [ 2.476569039892167, 48.909861092418197 ], [ 2.476405097323097, 48.909776449093933 ], [ 2.476288436516311, 48.909878674145233 ], [ 2.476289050264688, 48.909933057506869 ] ] ] } },
{ "type": "Feature", "properties": { }, "geometry": { "type": "Polygon", "coordinates": [ [ [ 2.476468814512928, 48.910087665912883 ], [ 2.476523597657548, 48.910068080403384 ], [ 2.476545771263116, 48.91001043741263 ], [ 2.476486588335416, 48.909950987556769 ], [ 2.476311009986607, 48.909949863785791 ], [ 2.476326616435796, 48.910015036453302 ], [ 2.476468814512928, 48.910087665912883 ] ] ] } },
{ "type": "Feature", "properties": { }, "geometry": { "type": "Polygon", "coordinates": [ [ [ 2.476326616435796, 48.910015036453302 ], [ 2.476268486711172, 48.910069034181078 ], [ 2.476285690103785, 48.910136516726645 ], [ 2.476289237966339, 48.910140640066288 ], [ 2.476457165169265, 48.910108885595236 ], [ 2.476468814512928, 48.910087665912883 ], [ 2.476326616435796, 48.910015036453302 ] ] ] } },
{ "type": "Feature", "properties": { }, "geometry": { "type": "Polygon", "coordinates": [ [ [ 2.476208126389334, 48.910286974489154 ], [ 2.47626825889541, 48.910244324379143 ], [ 2.476289237966339, 48.910140640066288 ], [ 2.476285690103785, 48.910136516726645 ], [ 2.476154063391213, 48.910121639601087 ], [ 2.476208126389334, 48.910286974489154 ] ] ] } },
{ "type": "Feature", "properties": { }, "geometry": { "type": "Polygon", "coordinates": [ [ [ 2.476632279476318, 48.909726542818774 ], [ 2.476687708195223, 48.909790187070449 ], [ 2.476790390133839, 48.909769973690402 ], [ 2.476798152240718, 48.909601344400727 ], [ 2.476657679692803, 48.909594107902912 ], [ 2.476632279476318, 48.909726542818774 ] ] ] } },
{ "type": "Feature", "properties": { }, "geometry": { "type": "Polygon", "coordinates": [ [ [ 2.476968862257954, 48.91011478169159 ], [ 2.47687494914922, 48.910091889340876 ], [ 2.476851518806776, 48.910190636769514 ], [ 2.476958650344786, 48.910195385867596 ], [ 2.476968862257954, 48.91011478169159 ] ] ] } },
{ "type": "Feature", "properties": { }, "geometry": { "type": "Polygon", "coordinates": [ [ [ 2.476468814512928, 48.910087665912883 ], [ 2.476457165169265, 48.910108885595236 ], [ 2.476473618802202, 48.910187523112256 ], [ 2.4765061, 48.9101826 ], [ 2.4765428, 48.9101794 ], [ 2.47658, 48.9101786 ], [ 2.476683274085121, 48.910183178345825 ], [ 2.476684228246137, 48.910168313097373 ], [ 2.476647796783308, 48.910106913498254 ], [ 2.476523597657548, 48.910068080403384 ], [ 2.476468814512928, 48.910087665912883 ] ] ] } },
{ "type": "Feature", "properties": { }, "geometry": { "type": "Polygon", "coordinates": [ [ [ 2.476545771263116, 48.91001043741263 ], [ 2.4765512568159, 48.910008911784786 ], [ 2.476678185518951, 48.90997095937756 ], [ 2.476701538555623, 48.909949992573161 ], [ 2.476626984004574, 48.909872329930543 ], [ 2.476610718224397, 48.909862242084856 ], [ 2.476569039892167, 48.909861092418197 ], [ 2.476486588335416, 48.909950987556769 ], [ 2.476545771263116, 48.91001043741263 ] ] ] } },
{ "type": "Feature", "properties": { }, "geometry": { "type": "Polygon", "coordinates": [ [ [ 2.476790390133839, 48.909769973690402 ], [ 2.476805908510118, 48.909780354784367 ], [ 2.476939854640102, 48.909756644216991 ], [ 2.477013260841884, 48.909612425468111 ], [ 2.476798152240718, 48.909601344400727 ], [ 2.476790390133839, 48.909769973690402 ] ] ] } },
{ "type": "Feature", "properties": { }, "geometry": { "type": "Polygon", "coordinates": [ [ [ 2.476405097323097, 48.909776449093933 ], [ 2.476569039892167, 48.909861092418197 ], [ 2.476610718224397, 48.909862242084856 ], [ 2.476656999025162, 48.909813736583352 ], [ 2.476575687946608, 48.909749824206671 ], [ 2.476405084516842, 48.909776184699162 ], [ 2.476405097323097, 48.909776449093933 ] ] ] } },
{ "type": "Feature", "properties": { }, "geometry": { "type": "Polygon", "coordinates": [ [ [ 2.47687494914922, 48.910091889340876 ], [ 2.476865358043546, 48.910085239952608 ], [ 2.476684228246137, 48.910168313097373 ], [ 2.476683274085121, 48.910183178345825 ], [ 2.476851518806776, 48.910190636769514 ], [ 2.47687494914922, 48.910091889340876 ] ] ] } },
{ "type": "Feature", "properties": { }, "geometry": { "type": "Polygon", "coordinates": [ [ [ 2.476694746861047, 48.91005445141203 ], [ 2.4765512568159, 48.910008911784786 ], [ 2.476545771263116, 48.91001043741263 ], [ 2.476523597657548, 48.910068080403384 ], [ 2.476647796783308, 48.910106913498254 ], [ 2.476697294081948, 48.910064187125741 ], [ 2.476694746861047, 48.91005445141203 ] ] ] } },
{ "type": "Feature", "properties": { }, "geometry": { "type": "Polygon", "coordinates": [ [ [ 2.476697294081948, 48.910064187125741 ], [ 2.476851170285363, 48.910053883753683 ], [ 2.476855114870915, 48.910039176384501 ], [ 2.47671299131194, 48.909950339858852 ], [ 2.476701538555623, 48.909949992573161 ], [ 2.476678185518951, 48.90997095937756 ], [ 2.476694746861047, 48.91005445141203 ], [ 2.476697294081948, 48.910064187125741 ] ] ] } },
{ "type": "Feature", "properties": { }, "geometry": { "type": "Polygon", "coordinates": [ [ [ 2.476575687946608, 48.909749824206671 ], [ 2.476656999025162, 48.909813736583352 ], [ 2.476687708195223, 48.909790187070449 ], [ 2.476632279476318, 48.909726542818774 ], [ 2.476575687946608, 48.909749824206671 ] ] ] } },
{ "type": "Feature", "properties": { }, "geometry": { "type": "Polygon", "coordinates": [ [ [ 2.477083172393493, 48.909790769229033 ], [ 2.47715887739218, 48.909814073983462 ], [ 2.477212996904998, 48.909779655633173 ], [ 2.477240159975382, 48.909668737793545 ], [ 2.477236620441546, 48.909623523320526 ], [ 2.47709443197767, 48.909616606420265 ], [ 2.477083172393493, 48.909790769229033 ] ] ] } },
{ "type": "Feature", "properties": { }, "geometry": { "type": "Polygon", "coordinates": [ [ [ 2.477429495145733, 48.909724272983553 ], [ 2.477691164368341, 48.909715622322977 ], [ 2.477695496952662, 48.909710133227435 ], [ 2.477702706276707, 48.909646195290314 ], [ 2.477337589333019, 48.909628434945802 ], [ 2.477429495145733, 48.909724272983553 ] ] ] } },
{ "type": "Feature", "properties": { }, "geometry": { "type": "Polygon", "coordinates": [ [ [ 2.477240159975382, 48.909668737793545 ], [ 2.477298173305882, 48.909785345772704 ], [ 2.477347533992342, 48.909809597426865 ], [ 2.477424669395347, 48.909787475072079 ], [ 2.477429495145733, 48.909724272983553 ], [ 2.477337589333019, 48.909628434945802 ], [ 2.477236620441546, 48.909623523320526 ], [ 2.477240159975382, 48.909668737793545 ] ] ] } },
{ "type": "Feature", "properties": { }, "geometry": { "type": "Polygon", "coordinates": [ [ [ 2.476610718224397, 48.909862242084856 ], [ 2.476626984004574, 48.909872329930543 ], [ 2.476844796330079, 48.909843073074377 ], [ 2.476805908510118, 48.909780354784367 ], [ 2.476790390133839, 48.909769973690402 ], [ 2.476687708195223, 48.909790187070449 ], [ 2.476656999025162, 48.909813736583352 ], [ 2.476610718224397, 48.909862242084856 ] ] ] } },
{ "type": "Feature", "properties": { }, "geometry": { "type": "Polygon", "coordinates": [ [ [ 2.476647796783308, 48.910106913498254 ], [ 2.476684228246137, 48.910168313097373 ], [ 2.476865358043546, 48.910085239952608 ], [ 2.476851170285363, 48.910053883753683 ], [ 2.476697294081948, 48.910064187125741 ], [ 2.476647796783308, 48.910106913498254 ] ] ] } },
{ "type": "Feature", "properties": { }, "geometry": { "type": "Polygon", "coordinates": [ [ [ 2.4765512568159, 48.910008911784786 ], [ 2.476694746861047, 48.91005445141203 ], [ 2.476678185518951, 48.90997095937756 ], [ 2.4765512568159, 48.910008911784786 ] ] ] } },
{ "type": "Feature", "properties": { }, "geometry": { "type": "Polygon", "coordinates": [ [ [ 2.476701538555623, 48.909949992573161 ], [ 2.47671299131194, 48.909950339858852 ], [ 2.476840579851819, 48.909901188058718 ], [ 2.476847733000581, 48.909845449829085 ], [ 2.476844796330079, 48.909843073074377 ], [ 2.476626984004574, 48.909872329930543 ], [ 2.476701538555623, 48.909949992573161 ] ] ] } },
{ "type": "Feature", "properties": { }, "geometry": { "type": "Polygon", "coordinates": [ [ [ 2.476851170285363, 48.910053883753683 ], [ 2.476865358043546, 48.910085239952608 ], [ 2.47687494914922, 48.910091889340876 ], [ 2.476968862257954, 48.91011478169159 ], [ 2.477032314385572, 48.910103352652285 ], [ 2.477052630533251, 48.910008761848857 ], [ 2.477027721326196, 48.909979923748786 ], [ 2.476972297476405, 48.909967960654754 ], [ 2.47695641551811, 48.909969386169351 ], [ 2.476855114870915, 48.910039176384501 ], [ 2.476851170285363, 48.910053883753683 ] ] ] } },
{ "type": "Feature", "properties": { }, "geometry": { "type": "Polygon", "coordinates": [ [ [ 2.476844796330079, 48.909843073074377 ], [ 2.476847733000581, 48.909845449829085 ], [ 2.477000612291969, 48.909830719743184 ], [ 2.476939854640102, 48.909756644216991 ], [ 2.476805908510118, 48.909780354784367 ], [ 2.476844796330079, 48.909843073074377 ] ] ] } },
{ "type": "Feature", "properties": { }, "geometry": { "type": "Polygon", "coordinates": [ [ [ 2.476855114870915, 48.910039176384501 ], [ 2.47695641551811, 48.909969386169351 ], [ 2.476840579851819, 48.909901188058718 ], [ 2.47671299131194, 48.909950339858852 ], [ 2.476855114870915, 48.910039176384501 ] ] ] } },
{ "type": "Feature", "properties": { }, "geometry": { "type": "Polygon", "coordinates": [ [ [ 2.477081480937302, 48.910123774326131 ], [ 2.477032314385572, 48.910103352652285 ], [ 2.476968862257954, 48.91011478169159 ], [ 2.476958650344786, 48.910195385867596 ], [ 2.477074122587809, 48.910200504593348 ], [ 2.477081480937302, 48.910123774326131 ] ] ] } },
{ "type": "Feature", "properties": { }, "geometry": { "type": "Polygon", "coordinates": [ [ [ 2.476840579851819, 48.909901188058718 ], [ 2.47695641551811, 48.909969386169351 ], [ 2.476972297476405, 48.909967960654754 ], [ 2.477005129134658, 48.909831665352321 ], [ 2.477000612291969, 48.909830719743184 ], [ 2.476847733000581, 48.909845449829085 ], [ 2.476840579851819, 48.909901188058718 ] ] ] } },
{ "type": "Feature", "properties": { }, "geometry": { "type": "Polygon", "coordinates": [ [ [ 2.477201470488737, 48.910141210081925 ], [ 2.47717676373649, 48.910114915473883 ], [ 2.477081480937302, 48.910123774326131 ], [ 2.477074122587809, 48.910200504593348 ], [ 2.477162, 48.9102044 ], [ 2.477194096663727, 48.910205820389166 ], [ 2.477201470488737, 48.910141210081925 ] ] ] } },
{ "type": "Feature", "properties": { }, "geometry": { "type": "Polygon", "coordinates": [ [ [ 2.476939854640102, 48.909756644216991 ], [ 2.477000612291969, 48.909830719743184 ], [ 2.477005129134658, 48.909831665352321 ], [ 2.477008059539986, 48.909831205265654 ], [ 2.477083172393493, 48.909790769229033 ], [ 2.47709443197767, 48.909616606420265 ], [ 2.4770943, 48.9096166 ], [ 2.477013260841884, 48.909612425468111 ], [ 2.476939854640102, 48.909756644216991 ] ] ] } },
{ "type": "Feature", "properties": { }, "geometry": { "type": "Polygon", "coordinates": [ [ [ 2.476972297476405, 48.909967960654754 ], [ 2.477027721326196, 48.909979923748786 ], [ 2.477144047751385, 48.909916966219683 ], [ 2.477008059539986, 48.909831205265654 ], [ 2.477005129134658, 48.909831665352321 ], [ 2.476972297476405, 48.909967960654754 ] ] ] } },
{ "type": "Feature", "properties": { }, "geometry": { "type": "Polygon", "coordinates": [ [ [ 2.477323427086966, 48.910154416002349 ], [ 2.477201470488737, 48.910141210081925 ], [ 2.477194096663727, 48.910205820389166 ], [ 2.47731929911486, 48.91021136094755 ], [ 2.477323427086966, 48.910154416002349 ] ] ] } },
{ "type": "Feature", "properties": { }, "geometry": { "type": "Polygon", "coordinates": [ [ [ 2.477052630533251, 48.910008761848857 ], [ 2.477164103352773, 48.910031397189165 ], [ 2.477208727259525, 48.909951605915417 ], [ 2.477181045261327, 48.909922197690918 ], [ 2.477156902798365, 48.909915207768059 ], [ 2.477144047751385, 48.909916966219683 ], [ 2.477027721326196, 48.909979923748786 ], [ 2.477052630533251, 48.910008761848857 ] ] ] } },
{ "type": "Feature", "properties": { }, "geometry": { "type": "Polygon", "coordinates": [ [ [ 2.477032314385572, 48.910103352652285 ], [ 2.477081480937302, 48.910123774326131 ], [ 2.47717676373649, 48.910114915473883 ], [ 2.47721325360036, 48.910065408012265 ], [ 2.477164103352773, 48.910031397189165 ], [ 2.477052630533251, 48.910008761848857 ], [ 2.477032314385572, 48.910103352652285 ] ] ] } },
{ "type": "Feature", "properties": { }, "geometry": { "type": "Polygon", "coordinates": [ [ [ 2.477181045261327, 48.909922197690918 ], [ 2.477310959204982, 48.909882361625243 ], [ 2.47730624253536, 48.90985213902291 ], [ 2.477248513923171, 48.909836584490563 ], [ 2.477177602218411, 48.909835092131068 ], [ 2.477156902798365, 48.909915207768059 ], [ 2.477181045261327, 48.909922197690918 ] ] ] } },
{ "type": "Feature", "properties": { }, "geometry": { "type": "Polygon", "coordinates": [ [ [ 2.477144047751385, 48.909916966219683 ], [ 2.477156902798365, 48.909915207768059 ], [ 2.477177602218411, 48.909835092131068 ], [ 2.47715887739218, 48.909814073983462 ], [ 2.477083172393493, 48.909790769229033 ], [ 2.477008059539986, 48.909831205265654 ], [ 2.477144047751385, 48.909916966219683 ] ] ] } },
{ "type": "Feature", "properties": { }, "geometry": { "type": "Polygon", "coordinates": [ [ [ 2.47717676373649, 48.910114915473883 ], [ 2.477201470488737, 48.910141210081925 ], [ 2.477323427086966, 48.910154416002349 ], [ 2.477349776785736, 48.910134955952302 ], [ 2.477330672295214, 48.910041933111351 ], [ 2.47721325360036, 48.910065408012265 ], [ 2.47717676373649, 48.910114915473883 ] ] ] } },
{ "type": "Feature", "properties": { }, "geometry": { "type": "Polygon", "coordinates": [ [ [ 2.477164103352773, 48.910031397189165 ], [ 2.47721325360036, 48.910065408012265 ], [ 2.477330672295214, 48.910041933111351 ], [ 2.477331224789073, 48.910041480288101 ], [ 2.477313215732099, 48.909990805892242 ], [ 2.477208727259525, 48.909951605915417 ], [ 2.477164103352773, 48.910031397189165 ] ] ] } },
{ "type": "Feature", "properties": { }, "geometry": { "type": "Polygon", "coordinates": [ [ [ 2.477212996904998, 48.909779655633173 ], [ 2.477251951122853, 48.909791906446983 ], [ 2.477298173305882, 48.909785345772704 ], [ 2.477240159975382, 48.909668737793545 ], [ 2.477212996904998, 48.909779655633173 ] ] ] } },
{ "type": "Feature", "properties": { }, "geometry": { "type": "Polygon", "coordinates": [ [ [ 2.47730624253536, 48.90985213902291 ], [ 2.477347533992342, 48.909809597426865 ], [ 2.477298173305882, 48.909785345772704 ], [ 2.477251951122853, 48.909791906446983 ], [ 2.477248513923171, 48.909836584490563 ], [ 2.47730624253536, 48.90985213902291 ] ] ] } },
{ "type": "Feature", "properties": { }, "geometry": { "type": "Polygon", "coordinates": [ [ [ 2.477181045261327, 48.909922197690918 ], [ 2.477208727259525, 48.909951605915417 ], [ 2.477313215732099, 48.909990805892242 ], [ 2.477319039723005, 48.909982621759568 ], [ 2.477343896735191, 48.90990230736481 ], [ 2.477310959204982, 48.909882361625243 ], [ 2.477181045261327, 48.909922197690918 ] ] ] } },
{ "type": "Feature", "properties": { }, "geometry": { "type": "Polygon", "coordinates": [ [ [ 2.477177602218411, 48.909835092131068 ], [ 2.477248513923171, 48.909836584490563 ], [ 2.477251951122853, 48.909791906446983 ], [ 2.477212996904998, 48.909779655633173 ], [ 2.47715887739218, 48.909814073983462 ], [ 2.477177602218411, 48.909835092131068 ] ] ] } },
{ "type": "Feature", "properties": { }, "geometry": { "type": "Polygon", "coordinates": [ [ [ 2.477677720305934, 48.910162331990982 ], [ 2.477654984709755, 48.910147574422233 ], [ 2.477548514726705, 48.910146416513783 ], [ 2.477536514902726, 48.910220973027876 ], [ 2.477675372138, 48.910227117424348 ], [ 2.477677720305934, 48.910162331990982 ] ] ] } },
{ "type": "Feature", "properties": { }, "geometry": { "type": "Polygon", "coordinates": [ [ [ 2.477319039723005, 48.909982621759568 ], [ 2.477443532805598, 48.909945068403211 ], [ 2.477407504490542, 48.909901643766268 ], [ 2.477343896735191, 48.90990230736481 ], [ 2.477319039723005, 48.909982621759568 ] ] ] } },
{ "type": "Feature", "properties": { }, "geometry": { "type": "Polygon", "coordinates": [ [ [ 2.47730624253536, 48.90985213902291 ], [ 2.477310959204982, 48.909882361625243 ], [ 2.477343896735191, 48.90990230736481 ], [ 2.477407504490542, 48.909901643766268 ], [ 2.477476669487135, 48.909854069530802 ], [ 2.477453257422799, 48.90980801393507 ], [ 2.477424669395347, 48.909787475072079 ], [ 2.477347533992342, 48.909809597426865 ], [ 2.47730624253536, 48.90985213902291 ] ] ] } },
{ "type": "Feature", "properties": { }, "geometry": { "type": "Polygon", "coordinates": [ [ [ 2.477323427086966, 48.910154416002349 ], [ 2.47731929911486, 48.91021136094755 ], [ 2.47742576313874, 48.910216072170272 ], [ 2.477429407670712, 48.910148773668205 ], [ 2.477349776785736, 48.910134955952302 ], [ 2.477323427086966, 48.910154416002349 ] ] ] } },
{ "type": "Feature", "properties": { }, "geometry": { "type": "Polygon", "coordinates": [ [ [ 2.477313215732099, 48.909990805892242 ], [ 2.477331224789073, 48.910041480288101 ], [ 2.477491397563387, 48.91003477948864 ], [ 2.477522679922954, 48.909989647329141 ], [ 2.477443532805598, 48.909945068403211 ], [ 2.477319039723005, 48.909982621759568 ], [ 2.477313215732099, 48.909990805892242 ] ] ] } },
{ "type": "Feature", "properties": { }, "geometry": { "type": "Polygon", "coordinates": [ [ [ 2.477424669395347, 48.909787475072079 ], [ 2.477453257422799, 48.90980801393507 ], [ 2.477528659484476, 48.909795340952215 ], [ 2.477618171395413, 48.909767177686938 ], [ 2.477688947981739, 48.909735203409646 ], [ 2.477691164368341, 48.909715622322977 ], [ 2.477429495145733, 48.909724272983553 ], [ 2.477424669395347, 48.909787475072079 ] ] ] } },
{ "type": "Feature", "properties": { }, "geometry": { "type": "Polygon", "coordinates": [ [ [ 2.477429407670712, 48.910148773668205 ], [ 2.47742576313874, 48.910216072170272 ], [ 2.477536514902726, 48.910220973027876 ], [ 2.477548514726705, 48.910146416513783 ], [ 2.477517173468768, 48.910123324021249 ], [ 2.477429407670712, 48.910148773668205 ] ] ] } },
{ "type": "Feature", "properties": { }, "geometry": { "type": "Polygon", "coordinates": [ [ [ 2.477517173468768, 48.910123324021249 ], [ 2.477513536960986, 48.910064081337232 ], [ 2.477491397563387, 48.91003477948864 ], [ 2.477331224789073, 48.910041480288101 ], [ 2.477330672295214, 48.910041933111351 ], [ 2.477349776785736, 48.910134955952302 ], [ 2.477429407670712, 48.910148773668205 ], [ 2.477517173468768, 48.910123324021249 ] ] ] } },
{ "type": "Feature", "properties": { }, "geometry": { "type": "Polygon", "coordinates": [ [ [ 2.477443532805598, 48.909945068403211 ], [ 2.477522679922954, 48.909989647329141 ], [ 2.47760612861769, 48.909947084175627 ], [ 2.477585613806367, 48.909894431188476 ], [ 2.477565325211129, 48.909884188098559 ], [ 2.477476669487135, 48.909854069530802 ], [ 2.477407504490542, 48.909901643766268 ], [ 2.477443532805598, 48.909945068403211 ] ] ] } },
{ "type": "Feature", "properties": { }, "geometry": { "type": "Polygon", "coordinates": [ [ [ 2.477513536960986, 48.910064081337232 ], [ 2.477686613159671, 48.910071050077853 ], [ 2.477777699610658, 48.910020204240354 ], [ 2.477738159190139, 48.909977942334059 ], [ 2.477704495015626, 48.90996699914907 ], [ 2.47760612861769, 48.909947084175627 ], [ 2.477522679922954, 48.909989647329141 ], [ 2.477491397563387, 48.91003477948864 ], [ 2.477513536960986, 48.910064081337232 ] ] ] } },
{ "type": "Feature", "properties": { }, "geometry": { "type": "Polygon", "coordinates": [ [ [ 2.477476669487135, 48.909854069530802 ], [ 2.477565325211129, 48.909884188098559 ], [ 2.477569529674453, 48.909822982821957 ], [ 2.477528659484476, 48.909795340952215 ], [ 2.477453257422799, 48.90980801393507 ], [ 2.477476669487135, 48.909854069530802 ] ] ] } },
{ "type": "Feature", "properties": { }, "geometry": { "type": "Polygon", "coordinates": [ [ [ 2.477548514726705, 48.910146416513783 ], [ 2.477654984709755, 48.910147574422233 ], [ 2.477686613159671, 48.910071050077853 ], [ 2.477513536960986, 48.910064081337232 ], [ 2.477517173468768, 48.910123324021249 ], [ 2.477548514726705, 48.910146416513783 ] ] ] } },
{ "type": "Feature", "properties": { }, "geometry": { "type": "Polygon", "coordinates": [ [ [ 2.477691164368341, 48.909715622322977 ], [ 2.477688947981739, 48.909735203409646 ], [ 2.47770953371624, 48.909793636679318 ], [ 2.477727398508027, 48.909805091799974 ], [ 2.477788723128142, 48.909831737912064 ], [ 2.477853679959828, 48.909809812706008 ], [ 2.477910440277745, 48.909746452177885 ], [ 2.477695496952662, 48.909710133227435 ], [ 2.477691164368341, 48.909715622322977 ] ] ] } },
{ "type": "Feature", "properties": { }, "geometry": { "type": "Polygon", "coordinates": [ [ [ 2.477695496952662, 48.909710133227435 ], [ 2.477910440277745, 48.909746452177885 ], [ 2.478009898744052, 48.90973633819754 ], [ 2.478072351712634, 48.909664158015644 ], [ 2.4777542, 48.9096487 ], [ 2.477702706276707, 48.909646195290314 ], [ 2.477695496952662, 48.909710133227435 ] ] ] } },
{ "type": "Feature", "properties": { }, "geometry": { "type": "Polygon", "coordinates": [ [ [ 2.477528659484476, 48.909795340952215 ], [ 2.477569529674453, 48.909822982821957 ], [ 2.477618171395413, 48.909767177686938 ], [ 2.477528659484476, 48.909795340952215 ] ] ] } },
{ "type": "Feature", "properties": { }, "geometry": { "type": "Polygon", "coordinates": [ [ [ 2.477618171395413, 48.909767177686938 ], [ 2.477569529674453, 48.909822982821957 ], [ 2.477565325211129, 48.909884188098559 ], [ 2.477585613806367, 48.909894431188476 ], [ 2.47770953371624, 48.909793636679318 ], [ 2.477688947981739, 48.909735203409646 ], [ 2.477618171395413, 48.909767177686938 ] ] ] } },
{ "type": "Feature", "properties": { }, "geometry": { "type": "Polygon", "coordinates": [ [ [ 2.47770953371624, 48.909793636679318 ], [ 2.477585613806367, 48.909894431188476 ], [ 2.47760612861769, 48.909947084175627 ], [ 2.477704495015626, 48.90996699914907 ], [ 2.477727398508027, 48.909805091799974 ], [ 2.47770953371624, 48.909793636679318 ] ] ] } },
{ "type": "Feature", "properties": { }, "geometry": { "type": "Polygon", "coordinates": [ [ [ 2.477894123116916, 48.910170335184162 ], [ 2.477798747136809, 48.910163351828977 ], [ 2.477784814148077, 48.910231960085873 ], [ 2.477886115171564, 48.910236442426338 ], [ 2.477894123116916, 48.910170335184162 ] ] ] } },
{ "type": "Feature", "properties": { }, "geometry": { "type": "Polygon", "coordinates": [ [ [ 2.477675372138, 48.910227117424348 ], [ 2.477784814148077, 48.910231960085873 ], [ 2.477798747136809, 48.910163351828977 ], [ 2.477785910797623, 48.910154044813105 ], [ 2.477677720305934, 48.910162331990982 ], [ 2.477675372138, 48.910227117424348 ] ] ] } },
{ "type": "Feature", "properties": { }, "geometry": { "type": "Polygon", "coordinates": [ [ [ 2.477686613159671, 48.910071050077853 ], [ 2.477654984709755, 48.910147574422233 ], [ 2.477677720305934, 48.910162331990982 ], [ 2.477785910797623, 48.910154044813105 ], [ 2.477805504716417, 48.910029745997996 ], [ 2.477777699610658, 48.910020204240354 ], [ 2.477686613159671, 48.910071050077853 ] ] ] } },
{ "type": "Feature", "properties": { }, "geometry": { "type": "Polygon", "coordinates": [ [ [ 2.477785910797623, 48.910154044813105 ], [ 2.477798747136809, 48.910163351828977 ], [ 2.477894123116916, 48.910170335184162 ], [ 2.47794242596649, 48.910149637694467 ], [ 2.477951142180746, 48.910125314644581 ], [ 2.477837229122123, 48.910030897282851 ], [ 2.477805504716417, 48.910029745997996 ], [ 2.477785910797623, 48.910154044813105 ] ] ] } },
{ "type": "Feature", "properties": { }, "geometry": { "type": "Polygon", "coordinates": [ [ [ 2.477738159190139, 48.909977942334059 ], [ 2.477800367812683, 48.909912783556713 ], [ 2.47781332965844, 48.909864506491431 ], [ 2.477788723128142, 48.909831737912064 ], [ 2.477727398508027, 48.909805091799974 ], [ 2.477704495015626, 48.90996699914907 ], [ 2.477738159190139, 48.909977942334059 ] ] ] } },
{ "type": "Feature", "properties": { }, "geometry": { "type": "Polygon", "coordinates": [ [ [ 2.477805504716417, 48.910029745997996 ], [ 2.477837229122123, 48.910030897282851 ], [ 2.477919504479964, 48.910001563303418 ], [ 2.477924280023357, 48.909979703491878 ], [ 2.477910562510397, 48.909917826875287 ], [ 2.477800367812683, 48.909912783556713 ], [ 2.477738159190139, 48.909977942334059 ], [ 2.477777699610658, 48.910020204240354 ], [ 2.477805504716417, 48.910029745997996 ] ] ] } },
{ "type": "Feature", "properties": { }, "geometry": { "type": "Polygon", "coordinates": [ [ [ 2.47781332965844, 48.909864506491431 ], [ 2.477950372521659, 48.909867250739964 ], [ 2.477969161897778, 48.909845333848693 ], [ 2.477853679959828, 48.909809812706008 ], [ 2.477788723128142, 48.909831737912064 ], [ 2.47781332965844, 48.909864506491431 ] ] ] } },
{ "type": "Feature", "properties": { }, "geometry": { "type": "Polygon", "coordinates": [ [ [ 2.478015873594272, 48.9102066288781 ], [ 2.47794242596649, 48.910149637694467 ], [ 2.477894123116916, 48.910170335184162 ], [ 2.477886115171564, 48.910236442426338 ], [ 2.478013794084847, 48.910242091800669 ], [ 2.478015873594272, 48.9102066288781 ] ] ] } },
{ "type": "Feature", "properties": { }, "geometry": { "type": "Polygon", "coordinates": [ [ [ 2.477924280023357, 48.909979703491878 ], [ 2.478000464171113, 48.909916234097501 ], [ 2.477950761773597, 48.909872283553803 ], [ 2.477910562510397, 48.909917826875287 ], [ 2.477924280023357, 48.909979703491878 ] ] ] } },
{ "type": "Feature", "properties": { }, "geometry": { "type": "Polygon", "coordinates": [ [ [ 2.477950761773597, 48.909872283553803 ], [ 2.477950372521659, 48.909867250739964 ], [ 2.47781332965844, 48.909864506491431 ], [ 2.477800367812683, 48.909912783556713 ], [ 2.477910562510397, 48.909917826875287 ], [ 2.477950761773597, 48.909872283553803 ] ] ] } },
{ "type": "Feature", "properties": { }, "geometry": { "type": "Polygon", "coordinates": [ [ [ 2.47836233906657, 48.909683452777493 ], [ 2.47855097040989, 48.909786100488923 ], [ 2.478665642993986, 48.909796647526051 ], [ 2.478768183329623, 48.909697964663437 ], [ 2.4783799, 48.9096791 ], [ 2.478359092590878, 48.909678089115033 ], [ 2.47836233906657, 48.909683452777493 ] ] ] } },
{ "type": "Feature", "properties": { }, "geometry": { "type": "Polygon", "coordinates": [ [ [ 2.478009898744052, 48.90973633819754 ], [ 2.478020019621108, 48.909811460371543 ], [ 2.47812303546727, 48.909860304973485 ], [ 2.478136215425744, 48.90985760413362 ], [ 2.478202907974762, 48.909780721629701 ], [ 2.478232122423929, 48.909671920449668 ], [ 2.478072351712634, 48.909664158015644 ], [ 2.478009898744052, 48.90973633819754 ] ] ] } },
{ "type": "Feature", "properties": { }, "geometry": { "type": "Polygon", "coordinates": [ [ [ 2.477837229122123, 48.910030897282851 ], [ 2.477951142180746, 48.910125314644581 ], [ 2.477998877955255, 48.910112104876504 ], [ 2.478094304124702, 48.910024305714487 ], [ 2.47806481089864, 48.910010912073318 ], [ 2.477919504479964, 48.910001563303418 ], [ 2.477837229122123, 48.910030897282851 ] ] ] } },
{ "type": "Feature", "properties": { }, "geometry": { "type": "Polygon", "coordinates": [ [ [ 2.477950761773597, 48.909872283553803 ], [ 2.478000464171113, 48.909916234097501 ], [ 2.478049059750631, 48.909929632684701 ], [ 2.478118177581051, 48.909878028221158 ], [ 2.47812303546727, 48.909860304973485 ], [ 2.478020019621108, 48.909811460371543 ], [ 2.477969161897778, 48.909845333848693 ], [ 2.477950372521659, 48.909867250739964 ], [ 2.477950761773597, 48.909872283553803 ] ] ] } },
{ "type": "Feature", "properties": { }, "geometry": { "type": "Polygon", "coordinates": [ [ [ 2.477853679959828, 48.909809812706008 ], [ 2.477969161897778, 48.909845333848693 ], [ 2.478020019621108, 48.909811460371543 ], [ 2.478009898744052, 48.90973633819754 ], [ 2.477910440277745, 48.909746452177885 ], [ 2.477853679959828, 48.909809812706008 ] ] ] } },
{ "type": "Feature", "properties": { }, "geometry": { "type": "Polygon", "coordinates": [ [ [ 2.478269578535056, 48.910183887728515 ], [ 2.478154038923365, 48.910181026145629 ], [ 2.478144160135346, 48.910247861502079 ], [ 2.4781857, 48.9102497 ], [ 2.478261873013476, 48.910253078241226 ], [ 2.478269578535056, 48.910183887728515 ] ] ] } },
{ "type": "Feature", "properties": { }, "geometry": { "type": "Polygon", "coordinates": [ [ [ 2.478094304124702, 48.910024305714487 ], [ 2.47815489155203, 48.910029534687112 ], [ 2.478161094894027, 48.910024831510341 ], [ 2.478166416812931, 48.909944857248703 ], [ 2.478118177581051, 48.909878028221158 ], [ 2.478049059750631, 48.909929632684701 ], [ 2.47806481089864, 48.910010912073318 ], [ 2.478094304124702, 48.910024305714487 ] ] ] } },
{ "type": "Feature", "properties": { }, "geometry": { "type": "Polygon", "coordinates": [ [ [ 2.477951142180746, 48.910125314644581 ], [ 2.47794242596649, 48.910149637694467 ], [ 2.478015873594272, 48.9102066288781 ], [ 2.478123280539159, 48.910160073641791 ], [ 2.47812309346697, 48.910159031310933 ], [ 2.477998877955255, 48.910112104876504 ], [ 2.477951142180746, 48.910125314644581 ] ] ] } },
{ "type": "Feature", "properties": { }, "geometry": { "type": "Polygon", "coordinates": [ [ [ 2.477919504479964, 48.910001563303418 ], [ 2.47806481089864, 48.910010912073318 ], [ 2.478049059750631, 48.909929632684701 ], [ 2.478000464171113, 48.909916234097501 ], [ 2.477924280023357, 48.909979703491878 ], [ 2.477919504479964, 48.910001563303418 ] ] ] } },
{ "type": "Feature", "properties": { }, "geometry": { "type": "Polygon", "coordinates": [ [ [ 2.477998877955255, 48.910112104876504 ], [ 2.47812309346697, 48.910159031310933 ], [ 2.47817659665633, 48.910062695429225 ], [ 2.47815489155203, 48.910029534687112 ], [ 2.478094304124702, 48.910024305714487 ], [ 2.477998877955255, 48.910112104876504 ] ] ] } },
{ "type": "Feature", "properties": { }, "geometry": { "type": "Polygon", "coordinates": [ [ [ 2.478013794084847, 48.910242091800669 ], [ 2.4780298, 48.9102428 ], [ 2.478144160135346, 48.910247861502079 ], [ 2.478154038923365, 48.910181026145629 ], [ 2.478123280539159, 48.910160073641791 ], [ 2.478015873594272, 48.9102066288781 ], [ 2.478013794084847, 48.910242091800669 ] ] ] } },
{ "type": "Feature", "properties": { }, "geometry": { "type": "Polygon", "coordinates": [ [ [ 2.47815489155203, 48.910029534687112 ], [ 2.47817659665633, 48.910062695429225 ], [ 2.478287864495547, 48.910108953723267 ], [ 2.478370191433183, 48.910086570409284 ], [ 2.478421007828425, 48.910042254155456 ], [ 2.478381079204812, 48.910012382461282 ], [ 2.478283274399909, 48.909987260848489 ], [ 2.478161094894027, 48.910024831510341 ], [ 2.47815489155203, 48.910029534687112 ] ] ] } },
{ "type": "Feature", "properties": { }, "geometry": { "type": "Polygon", "coordinates": [ [ [ 2.47837667579, 48.910194050968194 ], [ 2.478282677869061, 48.910175926416358 ], [ 2.478269578535056, 48.910183887728515 ], [ 2.478261873013476, 48.910253078241226 ], [ 2.478373607852321, 48.910258033542654 ], [ 2.47837667579, 48.910194050968194 ] ] ] } },
{ "type": "Feature", "properties": { }, "geometry": { "type": "Polygon", "coordinates": [ [ [ 2.478123280539159, 48.910160073641791 ], [ 2.478154038923365, 48.910181026145629 ], [ 2.478269578535056, 48.910183887728515 ], [ 2.478282677869061, 48.910175926416358 ], [ 2.478287864495547, 48.910108953723267 ], [ 2.47817659665633, 48.910062695429225 ], [ 2.47812309346697, 48.910159031310933 ], [ 2.478123280539159, 48.910160073641791 ] ] ] } },
{ "type": "Feature", "properties": { }, "geometry": { "type": "Polygon", "coordinates": [ [ [ 2.478166416812931, 48.909944857248703 ], [ 2.478274277173046, 48.909897398473781 ], [ 2.478272908515571, 48.90987587664624 ], [ 2.478136215425744, 48.90985760413362 ], [ 2.47812303546727, 48.909860304973485 ], [ 2.478118177581051, 48.909878028221158 ], [ 2.478166416812931, 48.909944857248703 ] ] ] } },
{ "type": "Feature", "properties": { }, "geometry": { "type": "Polygon", "coordinates": [ [ [ 2.478202907974762, 48.909780721629701 ], [ 2.478291500110327, 48.909862788011353 ], [ 2.478359973409535, 48.909833813986111 ], [ 2.47836233906657, 48.909683452777493 ], [ 2.478359092590878, 48.909678089115033 ], [ 2.478232122423929, 48.909671920449668 ], [ 2.478202907974762, 48.909780721629701 ] ] ] } },
{ "type": "Feature", "properties": { }, "geometry": { "type": "Polygon", "coordinates": [ [ [ 2.478166416812931, 48.909944857248703 ], [ 2.478161094894027, 48.910024831510341 ], [ 2.478283274399909, 48.909987260848489 ], [ 2.478293183216907, 48.909928695741051 ], [ 2.478274277173046, 48.909897398473781 ], [ 2.478166416812931, 48.909944857248703 ] ] ] } },
{ "type": "Feature", "properties": { }, "geometry": { "type": "Polygon", "coordinates": [ [ [ 2.478272908515571, 48.90987587664624 ], [ 2.478291500110327, 48.909862788011353 ], [ 2.478202907974762, 48.909780721629701 ], [ 2.478136215425744, 48.90985760413362 ], [ 2.478272908515571, 48.90987587664624 ] ] ] } },
{ "type": "Feature", "properties": { }, "geometry": { "type": "Polygon", "coordinates": [ [ [ 2.478272908515571, 48.90987587664624 ], [ 2.478274277173046, 48.909897398473781 ], [ 2.478293183216907, 48.909928695741051 ], [ 2.478374956584789, 48.909928550973476 ], [ 2.478382259044275, 48.909844259811088 ], [ 2.478359973409535, 48.909833813986111 ], [ 2.478291500110327, 48.909862788011353 ], [ 2.478272908515571, 48.90987587664624 ] ] ] } },
{ "type": "Feature", "properties": { }, "geometry": { "type": "Polygon", "coordinates": [ [ [ 2.478381079204812, 48.910012382461282 ], [ 2.4784047579666, 48.909941216961627 ], [ 2.478374956584789, 48.909928550973476 ], [ 2.478293183216907, 48.909928695741051 ], [ 2.478283274399909, 48.909987260848489 ], [ 2.478381079204812, 48.910012382461282 ] ] ] } },
{ "type": "Feature", "properties": { }, "geometry": { "type": "Polygon", "coordinates": [ [ [ 2.478855233321449, 48.910202735874279 ], [ 2.478749687079131, 48.91019947043408 ], [ 2.478749340433739, 48.910199848709986 ], [ 2.478739012781756, 48.910274208009717 ], [ 2.478850062992247, 48.910279114316047 ], [ 2.478855233321449, 48.910202735874279 ] ] ] } },
{ "type": "Feature", "properties": { }, "geometry": { "type": "Polygon", "coordinates": [ [ [ 2.478282677869061, 48.910175926416358 ], [ 2.47837667579, 48.910194050968194 ], [ 2.478435343728059, 48.910175315611205 ], [ 2.478370191433183, 48.910086570409284 ], [ 2.478287864495547, 48.910108953723267 ], [ 2.478282677869061, 48.910175926416358 ] ] ] } },
{ "type": "Feature", "properties": { }, "geometry": { "type": "Polygon", "coordinates": [ [ [ 2.47837667579, 48.910194050968194 ], [ 2.478373607852321, 48.910258033542654 ], [ 2.478550848715238, 48.91026589373088 ], [ 2.478553137443872, 48.910244182333152 ], [ 2.478542737939353, 48.910215648519383 ], [ 2.478540890196985, 48.910214060471311 ], [ 2.478466853686629, 48.91017841554816 ], [ 2.478435343728059, 48.910175315611205 ], [ 2.47837667579, 48.910194050968194 ] ] ] } },
{ "type": "Feature", "properties": { }, "geometry": { "type": "Polygon", "coordinates": [ [ [ 2.478382259044275, 48.909844259811088 ], [ 2.478456417145905, 48.909865089339789 ], [ 2.47855097040989, 48.909786100488923 ], [ 2.47836233906657, 48.909683452777493 ], [ 2.478359973409535, 48.909833813986111 ], [ 2.478382259044275, 48.909844259811088 ] ] ] } },
{ "type": "Feature", "properties": { }, "geometry": { "type": "Polygon", "coordinates": [ [ [ 2.4784047579666, 48.909941216961627 ], [ 2.478498262336077, 48.909907862151179 ], [ 2.478456417145905, 48.909865089339789 ], [ 2.478382259044275, 48.909844259811088 ], [ 2.478374956584789, 48.909928550973476 ], [ 2.4784047579666, 48.909941216961627 ] ] ] } },
{ "type": "Feature", "properties": { }, "geometry": { "type": "Polygon", "coordinates": [ [ [ 2.478370191433183, 48.910086570409284 ], [ 2.478435343728059, 48.910175315611205 ], [ 2.478466853686629, 48.91017841554816 ], [ 2.478497586668014, 48.910104711844205 ], [ 2.478435543622147, 48.910042062557928 ], [ 2.478421007828425, 48.910042254155456 ], [ 2.478370191433183, 48.910086570409284 ] ] ] } },
{ "type": "Feature", "properties": { }, "geometry": { "type": "Polygon", "coordinates": [ [ [ 2.478421007828425, 48.910042254155456 ], [ 2.478435543622147, 48.910042062557928 ], [ 2.478520628993116, 48.9100117013543 ], [ 2.478522924505638, 48.909916855733549 ], [ 2.478498262336077, 48.909907862151179 ], [ 2.4784047579666, 48.909941216961627 ], [ 2.478381079204812, 48.910012382461282 ], [ 2.478421007828425, 48.910042254155456 ] ] ] } },
{ "type": "Feature", "properties": { }, "geometry": { "type": "Polygon", "coordinates": [ [ [ 2.478498262336077, 48.909907862151179 ], [ 2.478522924505638, 48.909916855733549 ], [ 2.478581114395106, 48.909903810656843 ], [ 2.478670454264435, 48.909831930829306 ], [ 2.478665642993986, 48.909796647526051 ], [ 2.47855097040989, 48.909786100488923 ], [ 2.478456417145905, 48.909865089339789 ], [ 2.478498262336077, 48.909907862151179 ] ] ] } },
{ "type": "Feature", "properties": { }, "geometry": { "type": "Polygon", "coordinates": [ [ [ 2.478749340433739, 48.910199848709986 ], [ 2.478553137443872, 48.910244182333152 ], [ 2.478550848715238, 48.91026589373088 ], [ 2.4785555, 48.9102661 ], [ 2.478739012781756, 48.910274208009717 ], [ 2.478749340433739, 48.910199848709986 ] ] ] } },
{ "type": "Feature", "properties": { }, "geometry": { "type": "Polygon", "coordinates": [ [ [ 2.478542737939353, 48.910215648519383 ], [ 2.478640879878437, 48.910160027276255 ], [ 2.478656494648277, 48.910077728132698 ], [ 2.47856904878081, 48.910111419242398 ], [ 2.478540890196985, 48.910214060471311 ], [ 2.478542737939353, 48.910215648519383 ] ] ] } },
{ "type": "Feature", "properties": { }, "geometry": { "type": "Polygon", "coordinates": [ [ [ 2.478497586668014, 48.910104711844205 ], [ 2.47856904878081, 48.910111419242398 ], [ 2.478656494648277, 48.910077728132698 ], [ 2.478678858604495, 48.910056643266564 ], [ 2.478639805383648, 48.910038811102154 ], [ 2.478520628993116, 48.9100117013543 ], [ 2.478435543622147, 48.910042062557928 ], [ 2.478497586668014, 48.910104711844205 ] ] ] } },
{ "type": "Feature", "properties": { }, "geometry": { "type": "Polygon", "coordinates": [ [ [ 2.478540890196985, 48.910214060471311 ], [ 2.47856904878081, 48.910111419242398 ], [ 2.478497586668014, 48.910104711844205 ], [ 2.478466853686629, 48.91017841554816 ], [ 2.478540890196985, 48.910214060471311 ] ] ] } },
{ "type": "Feature", "properties": { }, "geometry": { "type": "Polygon", "coordinates": [ [ [ 2.478522924505638, 48.909916855733549 ], [ 2.478520628993116, 48.9100117013543 ], [ 2.478639805383648, 48.910038811102154 ], [ 2.478630122078861, 48.909937552320983 ], [ 2.478581114395106, 48.909903810656843 ], [ 2.478522924505638, 48.909916855733549 ] ] ] } },
{ "type": "Feature", "properties": { }, "geometry": { "type": "Polygon", "coordinates": [ [ [ 2.47886552428352, 48.909815253255296 ], [ 2.478946587950386, 48.909906674369203 ], [ 2.479009035337782, 48.909877219344331 ], [ 2.479028754414312, 48.909710623713494 ], [ 2.478871825631366, 48.909702999879315 ], [ 2.47886552428352, 48.909815253255296 ] ] ] } },
{ "type": "Feature", "properties": { }, "geometry": { "type": "Polygon", "coordinates": [ [ [ 2.478553137443872, 48.910244182333152 ], [ 2.478749340433739, 48.910199848709986 ], [ 2.478749687079131, 48.91019947043408 ], [ 2.478747903512588, 48.910196538598413 ], [ 2.478640879878437, 48.910160027276255 ], [ 2.478542737939353, 48.910215648519383 ], [ 2.478553137443872, 48.910244182333152 ] ] ] } },
{ "type": "Feature", "properties": { }, "geometry": { "type": "Polygon", "coordinates": [ [ [ 2.478656494648277, 48.910077728132698 ], [ 2.478640879878437, 48.910160027276255 ], [ 2.478747903512588, 48.910196538598413 ], [ 2.478753763642148, 48.910061418156076 ], [ 2.478729466976539, 48.910053477680982 ], [ 2.478678858604495, 48.910056643266564 ], [ 2.478656494648277, 48.910077728132698 ] ] ] } },
{ "type": "Feature", "properties": { }, "geometry": { "type": "Polygon", "coordinates": [ [ [ 2.478639805383648, 48.910038811102154 ], [ 2.478678858604495, 48.910056643266564 ], [ 2.478729466976539, 48.910053477680982 ], [ 2.478742691454305, 48.909979289169712 ], [ 2.478690974653238, 48.909942598000342 ], [ 2.478630122078861, 48.909937552320983 ], [ 2.478639805383648, 48.910038811102154 ] ] ] } },
{ "type": "Feature", "properties": { }, "geometry": { "type": "Polygon", "coordinates": [ [ [ 2.478630122078861, 48.909937552320983 ], [ 2.478690974653238, 48.909942598000342 ], [ 2.478718374264894, 48.909862980233513 ], [ 2.478670454264435, 48.909831930829306 ], [ 2.478581114395106, 48.909903810656843 ], [ 2.478630122078861, 48.909937552320983 ] ] ] } },
{ "type": "Feature", "properties": { }, "geometry": { "type": "Polygon", "coordinates": [ [ [ 2.478718374264894, 48.909862980233513 ], [ 2.478786716756638, 48.909888183316376 ], [ 2.47886552428352, 48.909815253255296 ], [ 2.478871825631366, 48.909702999879315 ], [ 2.478768183329623, 48.909697964663437 ], [ 2.478665642993986, 48.909796647526051 ], [ 2.478670454264435, 48.909831930829306 ], [ 2.478718374264894, 48.909862980233513 ] ] ] } },
{ "type": "Feature", "properties": { }, "geometry": { "type": "Polygon", "coordinates": [ [ [ 2.478747903512588, 48.910196538598413 ], [ 2.478749687079131, 48.91019947043408 ], [ 2.478855233321449, 48.910202735874279 ], [ 2.478855302190435, 48.910202707008864 ], [ 2.47889308091623, 48.910067110486267 ], [ 2.478753763642148, 48.910061418156076 ], [ 2.478747903512588, 48.910196538598413 ] ] ] } },
{ "type": "Feature", "properties": { }, "geometry": { "type": "Polygon", "coordinates": [ [ [ 2.478742691454305, 48.909979289169712 ], [ 2.478814252866333, 48.909913048151083 ], [ 2.478786716756638, 48.909888183316376 ], [ 2.478718374264894, 48.909862980233513 ], [ 2.478690974653238, 48.909942598000342 ], [ 2.478742691454305, 48.909979289169712 ] ] ] } },
{ "type": "Feature", "properties": { }, "geometry": { "type": "Polygon", "coordinates": [ [ [ 2.478729466976539, 48.910053477680982 ], [ 2.478753763642148, 48.910061418156076 ], [ 2.47889308091623, 48.910067110486267 ], [ 2.478905987088138, 48.910064156732339 ], [ 2.478907940746197, 48.909926269087357 ], [ 2.478814252866333, 48.909913048151083 ], [ 2.478742691454305, 48.909979289169712 ], [ 2.478729466976539, 48.910053477680982 ] ] ] } },
{ "type": "Feature", "properties": { }, "geometry": { "type": "Polygon", "coordinates": [ [ [ 2.479086453659498, 48.9102227462675 ], [ 2.478978562667136, 48.910211401635365 ], [ 2.478968544436928, 48.910216307956198 ], [ 2.478962255639278, 48.910284070986783 ], [ 2.4790195, 48.9102866 ], [ 2.479081030578006, 48.910289310050921 ], [ 2.479086453659498, 48.9102227462675 ] ] ] } },
{ "type": "Feature", "properties": { }, "geometry": { "type": "Polygon", "coordinates": [ [ [ 2.478944304665702, 48.909908837479101 ], [ 2.478946587950386, 48.909906674369203 ], [ 2.47886552428352, 48.909815253255296 ], [ 2.478786716756638, 48.909888183316376 ], [ 2.478814252866333, 48.909913048151083 ], [ 2.478907940746197, 48.909926269087357 ], [ 2.478944304665702, 48.909908837479101 ] ] ] } },
{ "type": "Feature", "properties": { }, "geometry": { "type": "Polygon", "coordinates": [ [ [ 2.478907940746197, 48.909926269087357 ], [ 2.478905987088138, 48.910064156732339 ], [ 2.478994015819553, 48.910076816970133 ], [ 2.479031344155705, 48.909969591341245 ], [ 2.478944304665702, 48.909908837479101 ], [ 2.478907940746197, 48.909926269087357 ] ] ] } },
{ "type": "Feature", "properties": { }, "geometry": { "type": "Polygon", "coordinates": [ [ [ 2.478855302190435, 48.910202707008864 ], [ 2.478968544436928, 48.910216307956198 ], [ 2.478978562667136, 48.910211401635365 ], [ 2.479004570125563, 48.910080327537017 ], [ 2.478994015819553, 48.910076816970133 ], [ 2.478905987088138, 48.910064156732339 ], [ 2.47889308091623, 48.910067110486267 ], [ 2.478855302190435, 48.910202707008864 ] ] ] } },
{ "type": "Feature", "properties": { }, "geometry": { "type": "Polygon", "coordinates": [ [ [ 2.478968544436928, 48.910216307956198 ], [ 2.478855302190435, 48.910202707008864 ], [ 2.478855233321449, 48.910202735874279 ], [ 2.478850062992247, 48.910279114316047 ], [ 2.478962255639278, 48.910284070986783 ], [ 2.478968544436928, 48.910216307956198 ] ] ] } },
{ "type": "Feature", "properties": { }, "geometry": { "type": "Polygon", "coordinates": [ [ [ 2.4792057530383, 48.90978685138866 ], [ 2.47924765002919, 48.909812273487653 ], [ 2.479378064660183, 48.909814044859552 ], [ 2.479486575161376, 48.909772853295365 ], [ 2.479491189741631, 48.909733154291914 ], [ 2.479152582453451, 48.909716656170914 ], [ 2.4792057530383, 48.90978685138866 ] ] ] } },
{ "type": "Feature", "properties": { }, "geometry": { "type": "Polygon", "coordinates": [ [ [ 2.479315919173537, 48.910230675754939 ], [ 2.479220778685575, 48.910222183228797 ], [ 2.479201321397994, 48.910232176890595 ], [ 2.479193863943247, 48.910294279594197 ], [ 2.479308986753273, 48.910299349857183 ], [ 2.479315919173537, 48.910230675754939 ] ] ] } },
{ "type": "Feature", "properties": { }, "geometry": { "type": "Polygon", "coordinates": [ [ [ 2.478978562667136, 48.910211401635365 ], [ 2.479086453659498, 48.9102227462675 ], [ 2.479097115444687, 48.910217506592971 ], [ 2.479107884582834, 48.910169260378439 ], [ 2.479066958209442, 48.910082959142862 ], [ 2.479004570125563, 48.910080327537017 ], [ 2.478978562667136, 48.910211401635365 ] ] ] } },
{ "type": "Feature", "properties": { }, "geometry": { "type": "Polygon", "coordinates": [ [ [ 2.479152582453451, 48.909716656170914 ], [ 2.4790365, 48.909711 ], [ 2.479028754414312, 48.909710623713494 ], [ 2.479009035337782, 48.909877219344331 ], [ 2.479106552908978, 48.90990218973625 ], [ 2.4792057530383, 48.90978685138866 ], [ 2.479152582453451, 48.909716656170914 ] ] ] } },
{ "type": "Feature", "properties": { }, "geometry": { "type": "Polygon", "coordinates": [ [ [ 2.478946587950386, 48.909906674369203 ], [ 2.478944304665702, 48.909908837479101 ], [ 2.479031344155705, 48.909969591341245 ], [ 2.479104415400079, 48.909953962461813 ], [ 2.479130697058206, 48.909924402005487 ], [ 2.479106552908978, 48.90990218973625 ], [ 2.479009035337782, 48.909877219344331 ], [ 2.478946587950386, 48.909906674369203 ] ] ] } },
{ "type": "Feature", "properties": { }, "geometry": { "type": "Polygon", "coordinates": [ [ [ 2.479086453659498, 48.9102227462675 ], [ 2.479081030578006, 48.910289310050921 ], [ 2.479193863943247, 48.910294279594197 ], [ 2.479201321397994, 48.910232176890595 ], [ 2.479097115444687, 48.910217506592971 ], [ 2.479086453659498, 48.9102227462675 ] ] ] } },
{ "type": "Feature", "properties": { }, "geometry": { "type": "Polygon", "coordinates": [ [ [ 2.479104415400079, 48.909953962461813 ], [ 2.479114248683564, 48.910070414679367 ], [ 2.479198945219673, 48.910066779857637 ], [ 2.479203832138694, 48.909934863728765 ], [ 2.479130697058206, 48.909924402005487 ], [ 2.479104415400079, 48.909953962461813 ] ] ] } },
{ "type": "Feature", "properties": { }, "geometry": { "type": "Polygon", "coordinates": [ [ [ 2.479004570125563, 48.910080327537017 ], [ 2.479066958209442, 48.910082959142862 ], [ 2.479114248683564, 48.910070414679367 ], [ 2.479104415400079, 48.909953962461813 ], [ 2.479031344155705, 48.909969591341245 ], [ 2.478994015819553, 48.910076816970133 ], [ 2.479004570125563, 48.910080327537017 ] ] ] } },
{ "type": "Feature", "properties": { }, "geometry": { "type": "Polygon", "coordinates": [ [ [ 2.479066958209442, 48.910082959142862 ], [ 2.479107884582834, 48.910169260378439 ], [ 2.479216233822785, 48.910173161399292 ], [ 2.479268303064334, 48.910097821226486 ], [ 2.479260697194602, 48.910080903662625 ], [ 2.479198945219673, 48.910066779857637 ], [ 2.479114248683564, 48.910070414679367 ], [ 2.479066958209442, 48.910082959142862 ] ] ] } },
{ "type": "Feature", "properties": { }, "geometry": { "type": "Polygon", "coordinates": [ [ [ 2.4792057530383, 48.90978685138866 ], [ 2.479106552908978, 48.90990218973625 ], [ 2.479130697058206, 48.909924402005487 ], [ 2.479203832138694, 48.909934863728765 ], [ 2.479270841246219, 48.909916520796124 ], [ 2.47924765002919, 48.909812273487653 ], [ 2.4792057530383, 48.90978685138866 ] ] ] } },
{ "type": "Feature", "properties": { }, "geometry": { "type": "Polygon", "coordinates": [ [ [ 2.479443847673747, 48.910251058690733 ], [ 2.479418812388246, 48.910219332334343 ], [ 2.479353571433476, 48.910212412173976 ], [ 2.479315919173537, 48.910230675754939 ], [ 2.479308986753273, 48.910299349857183 ], [ 2.479439587929833, 48.910305101681239 ], [ 2.479443847673747, 48.910251058690733 ] ] ] } },
{ "type": "Feature", "properties": { }, "geometry": { "type": "Polygon", "coordinates": [ [ [ 2.479216233822785, 48.910173161399292 ], [ 2.479220778685575, 48.910222183228797 ], [ 2.479315919173537, 48.910230675754939 ], [ 2.479353571433476, 48.910212412173976 ], [ 2.479314626114366, 48.910131101588426 ], [ 2.479268303064334, 48.910097821226486 ], [ 2.479216233822785, 48.910173161399292 ] ] ] } },
{ "type": "Feature", "properties": { }, "geometry": { "type": "Polygon", "coordinates": [ [ [ 2.479198945219673, 48.910066779857637 ], [ 2.479260697194602, 48.910080903662625 ], [ 2.479302228948181, 48.910059442625148 ], [ 2.479311627688223, 48.909968165532369 ], [ 2.479280709515662, 48.909919292771228 ], [ 2.479270841246219, 48.909916520796124 ], [ 2.479203832138694, 48.909934863728765 ], [ 2.479198945219673, 48.910066779857637 ] ] ] } },
{ "type": "Feature", "properties": { }, "geometry": { "type": "Polygon", "coordinates": [ [ [ 2.479097115444687, 48.910217506592971 ], [ 2.479201321397994, 48.910232176890595 ], [ 2.479220778685575, 48.910222183228797 ], [ 2.479216233822785, 48.910173161399292 ], [ 2.479107884582834, 48.910169260378439 ], [ 2.479097115444687, 48.910217506592971 ] ] ] } },
{ "type": "Feature", "properties": { }, "geometry": { "type": "Polygon", "coordinates": [ [ [ 2.479302228948181, 48.910059442625148 ], [ 2.479429141396588, 48.910042942356043 ], [ 2.479442869404878, 48.909977248312337 ], [ 2.479311627688223, 48.909968165532369 ], [ 2.479302228948181, 48.910059442625148 ] ] ] } },
{ "type": "Feature", "properties": { }, "geometry": { "type": "Polygon", "coordinates": [ [ [ 2.479353571433476, 48.910212412173976 ], [ 2.479418812388246, 48.910219332334343 ], [ 2.479498965531347, 48.910155741109293 ], [ 2.479491053889991, 48.910135810034859 ], [ 2.479314626114366, 48.910131101588426 ], [ 2.479353571433476, 48.910212412173976 ] ] ] } },
{ "type": "Feature", "properties": { }, "geometry": { "type": "Polygon", "coordinates": [ [ [ 2.479268303064334, 48.910097821226486 ], [ 2.479314626114366, 48.910131101588426 ], [ 2.479491053889991, 48.910135810034859 ], [ 2.479503505461208, 48.910078136347018 ], [ 2.479429141396588, 48.910042942356043 ], [ 2.479302228948181, 48.910059442625148 ], [ 2.479260697194602, 48.910080903662625 ], [ 2.479268303064334, 48.910097821226486 ] ] ] } },
{ "type": "Feature", "properties": { }, "geometry": { "type": "Polygon", "coordinates": [ [ [ 2.479377971829531, 48.909903101482698 ], [ 2.479378064660183, 48.909814044859552 ], [ 2.47924765002919, 48.909812273487653 ], [ 2.479270841246219, 48.909916520796124 ], [ 2.479280709515662, 48.909919292771228 ], [ 2.479377971829531, 48.909903101482698 ] ] ] } },
{ "type": "Feature", "properties": { }, "geometry": { "type": "Polygon", "coordinates": [ [ [ 2.479280709515662, 48.909919292771228 ], [ 2.479311627688223, 48.909968165532369 ], [ 2.479442869404878, 48.909977248312337 ], [ 2.479472629348414, 48.909940668160687 ], [ 2.479445093398625, 48.909918989908114 ], [ 2.479377971829531, 48.909903101482698 ], [ 2.479280709515662, 48.909919292771228 ] ] ] } },
{ "type": "Feature", "properties": { }, "geometry": { "type": "Polygon", "coordinates": [ [ [ 2.479486575161376, 48.909772853295365 ], [ 2.479498727088812, 48.909786977070915 ], [ 2.479645865710796, 48.90987052991094 ], [ 2.479680885243547, 48.909870188056232 ], [ 2.479693360018117, 48.909868709342803 ], [ 2.479714643196389, 48.909854113171917 ], [ 2.479728866910599, 48.909744725674912 ], [ 2.4796748, 48.90974210000001 ], [ 2.479491189741631, 48.909733154291914 ], [ 2.479486575161376, 48.909772853295365 ] ] ] } },
{ "type": "Feature", "properties": { }, "geometry": { "type": "Polygon", "coordinates": [ [ [ 2.479443847673747, 48.910251058690733 ], [ 2.479586234666868, 48.910248589216302 ], [ 2.479573506250647, 48.910213865238234 ], [ 2.479545022845914, 48.910171775953927 ], [ 2.479498965531347, 48.910155741109293 ], [ 2.479418812388246, 48.910219332334343 ], [ 2.479443847673747, 48.910251058690733 ] ] ] } },
{ "type": "Feature", "properties": { }, "geometry": { "type": "Polygon", "coordinates": [ [ [ 2.479445093398625, 48.909918989908114 ], [ 2.479498727088812, 48.909786977070915 ], [ 2.479486575161376, 48.909772853295365 ], [ 2.479378064660183, 48.909814044859552 ], [ 2.479377971829531, 48.909903101482698 ], [ 2.479445093398625, 48.909918989908114 ] ] ] } },
{ "type": "Feature", "properties": { }, "geometry": { "type": "Polygon", "coordinates": [ [ [ 2.479498965531347, 48.910155741109293 ], [ 2.479545022845914, 48.910171775953927 ], [ 2.479634045266877, 48.910151772378704 ], [ 2.479660628843636, 48.910091600396292 ], [ 2.479534643984965, 48.910069470032639 ], [ 2.479503505461208, 48.910078136347018 ], [ 2.479491053889991, 48.910135810034859 ], [ 2.479498965531347, 48.910155741109293 ] ] ] } },
{ "type": "Feature", "properties": { }, "geometry": { "type": "Polygon", "coordinates": [ [ [ 2.479429141396588, 48.910042942356043 ], [ 2.479503505461208, 48.910078136347018 ], [ 2.479534643984965, 48.910069470032639 ], [ 2.479587281746549, 48.90999638728978 ], [ 2.479542410428823, 48.909939997895528 ], [ 2.479472629348414, 48.909940668160687 ], [ 2.479442869404878, 48.909977248312337 ], [ 2.479429141396588, 48.910042942356043 ] ] ] } },
{ "type": "Feature", "properties": { }, "geometry": { "type": "Polygon", "coordinates": [ [ [ 2.479472629348414, 48.909940668160687 ], [ 2.479542410428823, 48.909939997895528 ], [ 2.479645865710796, 48.90987052991094 ], [ 2.479498727088812, 48.909786977070915 ], [ 2.479445093398625, 48.909918989908114 ], [ 2.479472629348414, 48.909940668160687 ] ] ] } },
{ "type": "Feature", "properties": { }, "geometry": { "type": "Polygon", "coordinates": [ [ [ 2.479542410428823, 48.909939997895528 ], [ 2.479587281746549, 48.90999638728978 ], [ 2.479654021747002, 48.910001326316113 ], [ 2.479680885243547, 48.909870188056232 ], [ 2.479645865710796, 48.90987052991094 ], [ 2.479542410428823, 48.909939997895528 ] ] ] } },
{ "type": "Feature", "properties": { }, "geometry": { "type": "Polygon", "coordinates": [ [ [ 2.479534643984965, 48.910069470032639 ], [ 2.479660628843636, 48.910091600396292 ], [ 2.479724366732218, 48.910074212928542 ], [ 2.479728907062609, 48.910027153580415 ], [ 2.479654021747002, 48.910001326316113 ], [ 2.479587281746549, 48.90999638728978 ], [ 2.479534643984965, 48.910069470032639 ] ] ] } },
{ "type": "Feature", "properties": { }, "geometry": { "type": "Polygon", "coordinates": [ [ [ 2.479646908434468, 48.910291098790282 ], [ 2.479586234666868, 48.910248589216302 ], [ 2.479443847673747, 48.910251058690733 ], [ 2.479439587929833, 48.910305101681239 ], [ 2.479544, 48.9103097 ], [ 2.479649187824563, 48.910314507200503 ], [ 2.479646908434468, 48.910291098790282 ] ] ] } },
{ "type": "Feature", "properties": { }, "geometry": { "type": "Polygon", "coordinates": [ [ [ 2.479646908434468, 48.910291098790282 ], [ 2.47967251739837, 48.910265944198954 ], [ 2.479709513397367, 48.910195588500109 ], [ 2.479708470586068, 48.910194053050645 ], [ 2.479678874308121, 48.910181205128652 ], [ 2.479573506250647, 48.910213865238234 ], [ 2.479586234666868, 48.910248589216302 ], [ 2.479646908434468, 48.910291098790282 ] ] ] } },
{ "type": "Feature", "properties": { }, "geometry": { "type": "Polygon", "coordinates": [ [ [ 2.479573506250647, 48.910213865238234 ], [ 2.479678874308121, 48.910181205128652 ], [ 2.479634045266877, 48.910151772378704 ], [ 2.479545022845914, 48.910171775953927 ], [ 2.479573506250647, 48.910213865238234 ] ] ] } },
{ "type": "Feature", "properties": { }, "geometry": { "type": "Polygon", "coordinates": [ [ [ 2.479678874308121, 48.910181205128652 ], [ 2.479708470586068, 48.910194053050645 ], [ 2.479762015550665, 48.910097268851537 ], [ 2.479724366732218, 48.910074212928542 ], [ 2.479660628843636, 48.910091600396292 ], [ 2.479634045266877, 48.910151772378704 ], [ 2.479678874308121, 48.910181205128652 ] ] ] } },
{ "type": "Feature", "properties": { }, "geometry": { "type": "Polygon", "coordinates": [ [ [ 2.479820987403469, 48.910240270352404 ], [ 2.47967251739837, 48.910265944198954 ], [ 2.479646908434468, 48.910291098790282 ], [ 2.479649187824563, 48.910314507200503 ], [ 2.4796731, 48.9103156 ], [ 2.479858561666226, 48.910323782958862 ], [ 2.479820987403469, 48.910240270352404 ] ] ] } },
{ "type": "Feature", "properties": { }, "geometry": { "type": "Polygon", "coordinates": [ [ [ 2.47967251739837, 48.910265944198954 ], [ 2.479820987403469, 48.910240270352404 ], [ 2.479830519447227, 48.910201071340246 ], [ 2.479709513397367, 48.910195588500109 ], [ 2.47967251739837, 48.910265944198954 ] ] ] } },
{ "type": "Feature", "properties": { }, "geometry": { "type": "Polygon", "coordinates": [ [ [ 2.479714643196389, 48.909854113171917 ], [ 2.479895519339557, 48.909842513916225 ], [ 2.479906980574267, 48.909753375305023 ], [ 2.479728866910599, 48.909744725674912 ], [ 2.479714643196389, 48.909854113171917 ] ] ] } },
{ "type": "Feature", "properties": { }, "geometry": { "type": "Polygon", "coordinates": [ [ [ 2.479680885243547, 48.909870188056232 ], [ 2.479654021747002, 48.910001326316113 ], [ 2.479728907062609, 48.910027153580415 ], [ 2.479792357495916, 48.90997953453985 ], [ 2.479791016917702, 48.909969179290272 ], [ 2.479693360018117, 48.909868709342803 ], [ 2.479680885243547, 48.909870188056232 ] ] ] } },
{ "type": "Feature", "properties": { }, "geometry": { "type": "Polygon", "coordinates": [ [ [ 2.479724366732218, 48.910074212928542 ], [ 2.479762015550665, 48.910097268851537 ], [ 2.479818380817298, 48.91010998462778 ], [ 2.479872313602669, 48.910088496107456 ], [ 2.47981508724572, 48.909986294488668 ], [ 2.479792357495916, 48.90997953453985 ], [ 2.479728907062609, 48.910027153580415 ], [ 2.479724366732218, 48.910074212928542 ] ] ] } },
{ "type": "Feature", "properties": { }, "geometry": { "type": "Polygon", "coordinates": [ [ [ 2.479708470586068, 48.910194053050645 ], [ 2.479709513397367, 48.910195588500109 ], [ 2.479830519447227, 48.910201071340246 ], [ 2.479857106003408, 48.910185279622638 ], [ 2.479818380817298, 48.91010998462778 ], [ 2.479762015550665, 48.910097268851537 ], [ 2.479708470586068, 48.910194053050645 ] ] ] } },
{ "type": "Feature", "properties": { }, "geometry": { "type": "Polygon", "coordinates": [ [ [ 2.479820987403469, 48.910240270352404 ], [ 2.479858561666226, 48.910323782958862 ], [ 2.479895946315228, 48.910325432411781 ], [ 2.479906491268101, 48.910205389880552 ], [ 2.479870739620054, 48.910186654915201 ], [ 2.479857106003408, 48.910185279622638 ], [ 2.479830519447227, 48.910201071340246 ], [ 2.479820987403469, 48.910240270352404 ] ] ] } },
{ "type": "Feature", "properties": { }, "geometry": { "type": "Polygon", "coordinates": [ [ [ 2.479693360018117, 48.909868709342803 ], [ 2.479791016917702, 48.909969179290272 ], [ 2.47994726038225, 48.909878065892151 ], [ 2.479895519339557, 48.909842513916225 ], [ 2.479714643196389, 48.909854113171917 ], [ 2.479693360018117, 48.909868709342803 ] ] ] } },
{ "type": "Feature", "properties": { }, "geometry": { "type": "Polygon", "coordinates": [ [ [ 2.479857106003408, 48.910185279622638 ], [ 2.479870739620054, 48.910186654915201 ], [ 2.479919905400978, 48.910162804087634 ], [ 2.47996004521811, 48.910093437715524 ], [ 2.479933747819006, 48.910076535029823 ], [ 2.479872313602669, 48.910088496107456 ], [ 2.479818380817298, 48.91010998462778 ], [ 2.479857106003408, 48.910185279622638 ] ] ] } },
{ "type": "Feature", "properties": { }, "geometry": { "type": "Polygon", "coordinates": [ [ [ 2.479895519339557, 48.909842513916225 ], [ 2.47994726038225, 48.909878065892151 ], [ 2.480024870099801, 48.909899594581027 ], [ 2.480124669932199, 48.909909881574841 ], [ 2.4801187, 48.9098854 ], [ 2.4801022, 48.9097618 ], [ 2.4799878, 48.9097573 ], [ 2.479906980574267, 48.909753375305023 ], [ 2.479895519339557, 48.909842513916225 ] ] ] } },
{ "type": "Feature", "properties": { }, "geometry": { "type": "Polygon", "coordinates": [ [ [ 2.479791016917702, 48.909969179290272 ], [ 2.479792357495916, 48.90997953453985 ], [ 2.47981508724572, 48.909986294488668 ], [ 2.479881266491094, 48.909996020608254 ], [ 2.480024870099801, 48.909899594581027 ], [ 2.47994726038225, 48.909878065892151 ], [ 2.479791016917702, 48.909969179290272 ] ] ] } },
{ "type": "Feature", "properties": { }, "geometry": { "type": "Polygon", "coordinates": [ [ [ 2.479933747819006, 48.910076535029823 ], [ 2.479944209563419, 48.910038846883488 ], [ 2.479881266491094, 48.909996020608254 ], [ 2.47981508724572, 48.909986294488668 ], [ 2.479872313602669, 48.910088496107456 ], [ 2.479933747819006, 48.910076535029823 ] ] ] } },
{ "type": "Feature", "properties": { }, "geometry": { "type": "Polygon", "coordinates": [ [ [ 2.479940765826762, 48.910213094024598 ], [ 2.479906491268101, 48.910205389880552 ], [ 2.479895946315228, 48.910325432411781 ], [ 2.47997932508648, 48.910329111133265 ], [ 2.479940765826762, 48.910213094024598 ] ] ] } },
{ "type": "Feature", "properties": { }, "geometry": { "type": "Polygon", "coordinates": [ [ [ 2.479906491268101, 48.910205389880552 ], [ 2.479940765826762, 48.910213094024598 ], [ 2.480200750062442, 48.910181124175494 ], [ 2.480195644477576, 48.910163821079607 ], [ 2.479919905400978, 48.910162804087634 ], [ 2.479870739620054, 48.910186654915201 ], [ 2.479906491268101, 48.910205389880552 ] ] ] } },
{ "type": "Feature", "properties": { }, "geometry": { "type": "Polygon", "coordinates": [ [ [ 2.479944209563419, 48.910038846883488 ], [ 2.479933747819006, 48.910076535029823 ], [ 2.47996004521811, 48.910093437715524 ], [ 2.48019465296494, 48.910160460789683 ], [ 2.4801435, 48.9099871 ], [ 2.480135703284597, 48.909955127224428 ], [ 2.479944209563419, 48.910038846883488 ] ] ] } },
{ "type": "Feature", "properties": { }, "geometry": { "type": "Polygon", "coordinates": [ [ [ 2.479944209563419, 48.910038846883488 ], [ 2.480135703284597, 48.909955127224428 ], [ 2.480124669932199, 48.909909881574841 ], [ 2.480024870099801, 48.909899594581027 ], [ 2.479881266491094, 48.909996020608254 ], [ 2.479944209563419, 48.910038846883488 ] ] ] } },
{ "type": "Feature", "properties": { }, "geometry": { "type": "Polygon", "coordinates": [ [ [ 2.479940765826762, 48.910213094024598 ], [ 2.47997932508648, 48.910329111133265 ], [ 2.4801128, 48.910335 ], [ 2.480244, 48.9103277 ], [ 2.480200750062442, 48.910181124175494 ], [ 2.479940765826762, 48.910213094024598 ] ] ] } },
{ "type": "Feature", "properties": { }, "geometry": { "type": "Polygon", "coordinates": [ [ [ 2.47996004521811, 48.910093437715524 ], [ 2.479919905400978, 48.910162804087634 ], [ 2.480195644477576, 48.910163821079607 ], [ 2.48019465296494, 48.910160460789683 ], [ 2.47996004521811, 48.910093437715524 ] ] ] } },
{ "type": "Feature", "properties": { }, "geometry": { "type": "Polygon", "coordinates": [ [ [ 2.476662280975112, 48.909540733637144 ], [ 2.476356166148185, 48.909436445094883 ], [ 2.476339828335132, 48.909435886132933 ], [ 2.4763256, 48.909577 ], [ 2.476671582983492, 48.909594824144044 ], [ 2.476662280975112, 48.909540733637144 ] ] ] } },
{ "type": "Feature", "properties": { }, "geometry": { "type": "Polygon", "coordinates": [ [ [ 2.476671582983492, 48.909594824144044 ], [ 2.476736010725213, 48.909598143177789 ], [ 2.476949025797543, 48.909488110600208 ], [ 2.476958176105802, 48.909447361386931 ], [ 2.476945235673645, 48.909419921711297 ], [ 2.476905000769595, 48.909385061594023 ], [ 2.476769003581282, 48.909323809663704 ], [ 2.476709238349798, 48.909372978313236 ], [ 2.476698501662379, 48.909385199245214 ], [ 2.476662280975112, 48.909540733637144 ], [ 2.476671582983492, 48.909594824144044 ] ] ] } },
{ "type": "Feature", "properties": { }, "geometry": { "type": "Polygon", "coordinates": [ [ [ 2.476356166148185, 48.909436445094883 ], [ 2.476479516462095, 48.909355364654566 ], [ 2.476354597514489, 48.909289407431501 ], [ 2.476339828335132, 48.909435886132933 ], [ 2.476356166148185, 48.909436445094883 ] ] ] } },
{ "type": "Feature", "properties": { }, "geometry": { "type": "Polygon", "coordinates": [ [ [ 2.476479516462095, 48.909355364654566 ], [ 2.476698501662379, 48.909385199245214 ], [ 2.476709238349798, 48.909372978313236 ], [ 2.476480157525792, 48.909260174360782 ], [ 2.476391461974646, 48.909257381687404 ], [ 2.476356687435188, 48.909268679814147 ], [ 2.476354597514489, 48.909289407431501 ], [ 2.476479516462095, 48.909355364654566 ] ] ] } },
{ "type": "Feature", "properties": { }, "geometry": { "type": "Polygon", "coordinates": [ [ [ 2.476391461974646, 48.909257381687404 ], [ 2.476492448360337, 48.909165445209119 ], [ 2.476405360802067, 48.909120899603764 ], [ 2.476371681425045, 48.909119970467188 ], [ 2.476356687435188, 48.909268679814147 ], [ 2.476391461974646, 48.909257381687404 ] ] ] } },
{ "type": "Feature", "properties": { }, "geometry": { "type": "Polygon", "coordinates": [ [ [ 2.476405360802067, 48.909120899603764 ], [ 2.476581564680642, 48.90898243741713 ], [ 2.4763865, 48.908973 ], [ 2.476371681425045, 48.909119970467188 ], [ 2.476405360802067, 48.909120899603764 ] ] ] } },
{ "type": "Feature", "properties": { }, "geometry": { "type": "Polygon", "coordinates": [ [ [ 2.476698501662379, 48.909385199245214 ], [ 2.476479516462095, 48.909355364654566 ], [ 2.476356166148185, 48.909436445094883 ], [ 2.476662280975112, 48.909540733637144 ], [ 2.476698501662379, 48.909385199245214 ] ] ] } },
{ "type": "Feature", "properties": { }, "geometry": { "type": "Polygon", "coordinates": [ [ [ 2.476391461974646, 48.909257381687404 ], [ 2.476480157525792, 48.909260174360782 ], [ 2.476635116272313, 48.909168006677973 ], [ 2.476492448360337, 48.909165445209119 ], [ 2.476391461974646, 48.909257381687404 ] ] ] } },
{ "type": "Feature", "properties": { }, "geometry": { "type": "Polygon", "coordinates": [ [ [ 2.476635116272313, 48.909168006677973 ], [ 2.476480157525792, 48.909260174360782 ], [ 2.476709238349798, 48.909372978313236 ], [ 2.476769003581282, 48.909323809663704 ], [ 2.476849170680911, 48.909173984260832 ], [ 2.476840394701865, 48.909147202765759 ], [ 2.476635116272313, 48.909168006677973 ] ] ] } },
{ "type": "Feature", "properties": { }, "geometry": { "type": "Polygon", "coordinates": [ [ [ 2.476840394701865, 48.909147202765759 ], [ 2.476845663135803, 48.909119491981293 ], [ 2.4768467307847, 48.909100499477219 ], [ 2.47683764559254, 48.908994826352036 ], [ 2.476581564680642, 48.90898243741713 ], [ 2.476405360802067, 48.909120899603764 ], [ 2.476492448360337, 48.909165445209119 ], [ 2.476635116272313, 48.909168006677973 ], [ 2.476840394701865, 48.909147202765759 ] ] ] } },
{ "type": "Feature", "properties": { }, "geometry": { "type": "Polygon", "coordinates": [ [ [ 2.476840394701865, 48.909147202765759 ], [ 2.476849170680911, 48.909173984260832 ], [ 2.476923845126979, 48.909200760407622 ], [ 2.477294699398853, 48.909163396931504 ], [ 2.477296108311006, 48.909148850434455 ], [ 2.476845663135803, 48.909119491981293 ], [ 2.476840394701865, 48.909147202765759 ] ] ] } },
{ "type": "Feature", "properties": { }, "geometry": { "type": "Polygon", "coordinates": [ [ [ 2.476945235673645, 48.909419921711297 ], [ 2.477168258536606, 48.909458834597579 ], [ 2.477171541759973, 48.909401950747977 ], [ 2.476905000769595, 48.909385061594023 ], [ 2.476945235673645, 48.909419921711297 ] ] ] } },
{ "type": "Feature", "properties": { }, "geometry": { "type": "Polygon", "coordinates": [ [ [ 2.477173895699228, 48.90949780394206 ], [ 2.477158990404052, 48.9094962197181 ], [ 2.476949025797543, 48.909488110600208 ], [ 2.476736010725213, 48.909598143177789 ], [ 2.4770943, 48.9096166 ], [ 2.47724758572658, 48.909624056730443 ], [ 2.477173895699228, 48.90949780394206 ] ] ] } },
{ "type": "Feature", "properties": { }, "geometry": { "type": "Polygon", "coordinates": [ [ [ 2.476958176105802, 48.909447361386931 ], [ 2.477158990404052, 48.9094962197181 ], [ 2.477173895699228, 48.90949780394206 ], [ 2.477168258536606, 48.909458834597579 ], [ 2.476945235673645, 48.909419921711297 ], [ 2.476958176105802, 48.909447361386931 ] ] ] } },
{ "type": "Feature", "properties": { }, "geometry": { "type": "Polygon", "coordinates": [ [ [ 2.478084032696398, 48.909545855922275 ], [ 2.477713469164665, 48.909526534919863 ], [ 2.477604738304704, 48.909641429959429 ], [ 2.4777542, 48.9096487 ], [ 2.478075446210021, 48.909664308363404 ], [ 2.478084032696398, 48.909545855922275 ] ] ] } },
{ "type": "Feature", "properties": { }, "geometry": { "type": "Polygon", "coordinates": [ [ [ 2.477031875942256, 48.909262383835951 ], [ 2.477175927118082, 48.909391334768429 ], [ 2.477281553546667, 48.909344779847963 ], [ 2.477248, 48.9093435 ], [ 2.4772765, 48.909328700000017 ], [ 2.4772805, 48.90931 ], [ 2.477284552251348, 48.909268162226581 ], [ 2.477031875942256, 48.909262383835951 ] ] ] } },
{ "type": "Feature", "properties": { }, "geometry": { "type": "Polygon", "coordinates": [ [ [ 2.477439554023702, 48.909529852437174 ], [ 2.477503109952365, 48.909353230526506 ], [ 2.477425979114899, 48.909350288624914 ], [ 2.477439554023702, 48.909529852437174 ] ] ] } },
{ "type": "Feature", "properties": { }, "geometry": { "type": "Polygon", "coordinates": [ [ [ 2.477158990404052, 48.9094962197181 ], [ 2.476958176105802, 48.909447361386931 ], [ 2.476949025797543, 48.909488110600208 ], [ 2.477158990404052, 48.9094962197181 ] ] ] } },
{ "type": "Feature", "properties": { }, "geometry": { "type": "Polygon", "coordinates": [ [ [ 2.477168258536606, 48.909458834597579 ], [ 2.477173895699228, 48.90949780394206 ], [ 2.47724758572658, 48.909624056730443 ], [ 2.477343444074481, 48.909628719746586 ], [ 2.47737739551407, 48.909348435536927 ], [ 2.477281553546667, 48.909344779847963 ], [ 2.477175927118082, 48.909391334768429 ], [ 2.477171541759973, 48.909401950747977 ], [ 2.477168258536606, 48.909458834597579 ] ] ] } },
{ "type": "Feature", "properties": { }, "geometry": { "type": "Polygon", "coordinates": [ [ [ 2.476905000769595, 48.909385061594023 ], [ 2.477171541759973, 48.909401950747977 ], [ 2.477175927118082, 48.909391334768429 ], [ 2.477031875942256, 48.909262383835951 ], [ 2.476950904783905, 48.909212082097426 ], [ 2.476923845126979, 48.909200760407622 ], [ 2.476849170680911, 48.909173984260832 ], [ 2.476769003581282, 48.909323809663704 ], [ 2.476905000769595, 48.909385061594023 ] ] ] } },
{ "type": "Feature", "properties": { }, "geometry": { "type": "Polygon", "coordinates": [ [ [ 2.477296108311006, 48.909148850434455 ], [ 2.4772996, 48.9091128 ], [ 2.477306330219865, 48.909100499945339 ], [ 2.4768467307847, 48.909100499477219 ], [ 2.476845663135803, 48.909119491981293 ], [ 2.477296108311006, 48.909148850434455 ] ] ] } },
{ "type": "Feature", "properties": { }, "geometry": { "type": "Polygon", "coordinates": [ [ [ 2.4768467307847, 48.909100499477219 ], [ 2.477306330219865, 48.909100499945339 ], [ 2.4773112, 48.9090916 ], [ 2.4773359, 48.909081699999987 ], [ 2.477485124122323, 48.909083730921346 ], [ 2.477491713698316, 48.909026466895114 ], [ 2.47683764559254, 48.908994826352036 ], [ 2.4768467307847, 48.909100499477219 ] ] ] } },
{ "type": "Feature", "properties": { }, "geometry": { "type": "Polygon", "coordinates": [ [ [ 2.477031875942256, 48.909262383835951 ], [ 2.477284552251348, 48.909268162226581 ], [ 2.477288043495557, 48.909232116557121 ], [ 2.477022882048374, 48.909213360846358 ], [ 2.476950904783905, 48.909212082097426 ], [ 2.477031875942256, 48.909262383835951 ] ] ] } },
{ "type": "Feature", "properties": { }, "geometry": { "type": "Polygon", "coordinates": [ [ [ 2.477343444074481, 48.909628719746586 ], [ 2.477428776816541, 48.909632870678301 ], [ 2.477439554023702, 48.909529852437174 ], [ 2.477425979114899, 48.909350288624914 ], [ 2.47737739551407, 48.909348435536927 ], [ 2.477343444074481, 48.909628719746586 ] ] ] } },
{ "type": "Feature", "properties": { }, "geometry": { "type": "Polygon", "coordinates": [ [ [ 2.476950904783905, 48.909212082097426 ], [ 2.477022882048374, 48.909213360846358 ], [ 2.477292655023208, 48.909184504339017 ], [ 2.477294699398853, 48.909163396931504 ], [ 2.476923845126979, 48.909200760407622 ], [ 2.476950904783905, 48.909212082097426 ] ] ] } },
{ "type": "Feature", "properties": { }, "geometry": { "type": "Polygon", "coordinates": [ [ [ 2.477650911053301, 48.909248433823777 ], [ 2.477820978070604, 48.909211044552713 ], [ 2.477652576020944, 48.909179747637261 ], [ 2.477645090202561, 48.909248688506672 ], [ 2.477650911053301, 48.909248433823777 ] ] ] } },
{ "type": "Feature", "properties": { }, "geometry": { "type": "Polygon", "coordinates": [ [ [ 2.477022882048374, 48.909213360846358 ], [ 2.477288043495557, 48.909232116557121 ], [ 2.477292655023208, 48.909184504339017 ], [ 2.477022882048374, 48.909213360846358 ] ] ] } },
{ "type": "Feature", "properties": { }, "geometry": { "type": "Polygon", "coordinates": [ [ [ 2.477428776816541, 48.909632870678301 ], [ 2.47752108348545, 48.909637360778333 ], [ 2.477548739815831, 48.909354970902811 ], [ 2.477503109952365, 48.909353230526506 ], [ 2.477439554023702, 48.909529852437174 ], [ 2.477428776816541, 48.909632870678301 ] ] ] } },
{ "type": "Feature", "properties": { }, "geometry": { "type": "Polygon", "coordinates": [ [ [ 2.477746180755919, 48.909416743787688 ], [ 2.477930691039208, 48.909306139443757 ], [ 2.477641193411306, 48.909284576047263 ], [ 2.4776365, 48.9093278 ], [ 2.4776401, 48.9093478 ], [ 2.477657, 48.9093591 ], [ 2.477648053811281, 48.909358758791797 ], [ 2.477746180755919, 48.909416743787688 ] ] ] } },
{ "type": "Feature", "properties": { }, "geometry": { "type": "Polygon", "coordinates": [ [ [ 2.47752108348545, 48.909637360778333 ], [ 2.477604738304704, 48.909641429959429 ], [ 2.477713469164665, 48.909526534919863 ], [ 2.477727881938726, 48.909500650742714 ], [ 2.477736764678052, 48.909476339339477 ], [ 2.477747687852935, 48.909429031497744 ], [ 2.477746180755919, 48.909416743787688 ], [ 2.477648053811281, 48.909358758791797 ], [ 2.477548739815831, 48.909354970902811 ], [ 2.47752108348545, 48.909637360778333 ] ] ] } },
{ "type": "Feature", "properties": { }, "geometry": { "type": "Polygon", "coordinates": [ [ [ 2.477650911053301, 48.909248433823777 ], [ 2.477956905115239, 48.909268376938414 ], [ 2.477903763363296, 48.909208748504305 ], [ 2.477820978070604, 48.909211044552713 ], [ 2.477650911053301, 48.909248433823777 ] ] ] } },
{ "type": "Feature", "properties": { }, "geometry": { "type": "Polygon", "coordinates": [ [ [ 2.477820978070604, 48.909211044552713 ], [ 2.477903763363296, 48.909208748504305 ], [ 2.477894867534955, 48.909187840982106 ], [ 2.477655990598368, 48.909148300920407 ], [ 2.477652576020944, 48.909179747637261 ], [ 2.477820978070604, 48.909211044552713 ] ] ] } },
{ "type": "Feature", "properties": { }, "geometry": { "type": "Polygon", "coordinates": [ [ [ 2.477930691039208, 48.909306139443757 ], [ 2.477978279239109, 48.909285462301739 ], [ 2.477956905115239, 48.909268376938414 ], [ 2.477650911053301, 48.909248433823777 ], [ 2.477645090202561, 48.909248688506672 ], [ 2.477641193411306, 48.909284576047263 ], [ 2.477930691039208, 48.909306139443757 ] ] ] } },
{ "type": "Feature", "properties": { }, "geometry": { "type": "Polygon", "coordinates": [ [ [ 2.477747687852935, 48.909429031497744 ], [ 2.478093188307886, 48.909460306274809 ], [ 2.478104836288607, 48.909427060592733 ], [ 2.478111623261215, 48.909320898998111 ], [ 2.478060196445562, 48.909302109508843 ], [ 2.478035398549223, 48.90929433892002 ], [ 2.477978279239109, 48.909285462301739 ], [ 2.477930691039208, 48.909306139443757 ], [ 2.477746180755919, 48.909416743787688 ], [ 2.477747687852935, 48.909429031497744 ] ] ] } },
{ "type": "Feature", "properties": { }, "geometry": { "type": "Polygon", "coordinates": [ [ [ 2.477894867534955, 48.909187840982106 ], [ 2.477893377589344, 48.909115981163218 ], [ 2.477656925574913, 48.909139690201506 ], [ 2.477655990598368, 48.909148300920407 ], [ 2.477894867534955, 48.909187840982106 ] ] ] } },
{ "type": "Feature", "properties": { }, "geometry": { "type": "Polygon", "coordinates": [ [ [ 2.477485124122323, 48.909083730921346 ], [ 2.4774902, 48.9090838 ], [ 2.4775954, 48.9090904 ], [ 2.4776389, 48.9090956 ], [ 2.4776596, 48.9091144 ], [ 2.4776575, 48.9091344 ], [ 2.477656925574913, 48.909139690201506 ], [ 2.477893377589344, 48.909115981163218 ], [ 2.477919885191963, 48.909044073577732 ], [ 2.4774986, 48.9090268 ], [ 2.477491713698316, 48.909026466895114 ], [ 2.477485124122323, 48.909083730921346 ] ] ] } },
{ "type": "Feature", "properties": { }, "geometry": { "type": "Polygon", "coordinates": [ [ [ 2.478378486813258, 48.90915492246986 ], [ 2.478587298933432, 48.909161252456698 ], [ 2.4785895, 48.909139 ], [ 2.4787683, 48.9091447 ], [ 2.478791609203552, 48.909145459818788 ], [ 2.478798796062523, 48.909080105828039 ], [ 2.4787767, 48.9090792 ], [ 2.478365278739115, 48.909062333962162 ], [ 2.478378486813258, 48.90915492246986 ] ] ] } },
{ "type": "Feature", "properties": { }, "geometry": { "type": "Polygon", "coordinates": [ [ [ 2.477978279239109, 48.909285462301739 ], [ 2.478035398549223, 48.90929433892002 ], [ 2.478064685937746, 48.909050010354314 ], [ 2.477919885191963, 48.909044073577732 ], [ 2.477893377589344, 48.909115981163218 ], [ 2.477894867534955, 48.909187840982106 ], [ 2.477903763363296, 48.909208748504305 ], [ 2.477956905115239, 48.909268376938414 ], [ 2.477978279239109, 48.909285462301739 ] ] ] } },
{ "type": "Feature", "properties": { }, "geometry": { "type": "Polygon", "coordinates": [ [ [ 2.477736764678052, 48.909476339339477 ], [ 2.478092284487076, 48.909475661149934 ], [ 2.478093188307886, 48.909460306274809 ], [ 2.477747687852935, 48.909429031497744 ], [ 2.477736764678052, 48.909476339339477 ] ] ] } },
{ "type": "Feature", "properties": { }, "geometry": { "type": "Polygon", "coordinates": [ [ [ 2.478092876995926, 48.90948813593657 ], [ 2.478453705361922, 48.909490767308625 ], [ 2.478453491776256, 48.909475408517551 ], [ 2.478104836288607, 48.909427060592733 ], [ 2.478093188307886, 48.909460306274809 ], [ 2.478092284487076, 48.909475661149934 ], [ 2.478092876995926, 48.90948813593657 ] ] ] } },
{ "type": "Feature", "properties": { }, "geometry": { "type": "Polygon", "coordinates": [ [ [ 2.478092284487076, 48.909475661149934 ], [ 2.477736764678052, 48.909476339339477 ], [ 2.477727881938726, 48.909500650742714 ], [ 2.478091309259109, 48.909495044489759 ], [ 2.478092762015971, 48.909489280310723 ], [ 2.478092876995926, 48.90948813593657 ], [ 2.478092284487076, 48.909475661149934 ] ] ] } },
{ "type": "Feature", "properties": { }, "geometry": { "type": "Polygon", "coordinates": [ [ [ 2.478092762015971, 48.909489280310723 ], [ 2.478462641158065, 48.909538223296074 ], [ 2.478453705361922, 48.909490767308625 ], [ 2.478092876995926, 48.90948813593657 ], [ 2.478092762015971, 48.909489280310723 ] ] ] } },
{ "type": "Feature", "properties": { }, "geometry": { "type": "Polygon", "coordinates": [ [ [ 2.478091309259109, 48.909495044489759 ], [ 2.478087218084705, 48.909537484719401 ], [ 2.478471346865344, 48.909562882902854 ], [ 2.478462641158065, 48.909538223296074 ], [ 2.478092762015971, 48.909489280310723 ], [ 2.478091309259109, 48.909495044489759 ] ] ] } },
{ "type": "Feature", "properties": { }, "geometry": { "type": "Polygon", "coordinates": [ [ [ 2.477713469164665, 48.909526534919863 ], [ 2.478084032696398, 48.909545855922275 ], [ 2.478087218084705, 48.909537484719401 ], [ 2.478091309259109, 48.909495044489759 ], [ 2.477727881938726, 48.909500650742714 ], [ 2.477713469164665, 48.909526534919863 ] ] ] } },
{ "type": "Feature", "properties": { }, "geometry": { "type": "Polygon", "coordinates": [ [ [ 2.478111623261215, 48.909320898998111 ], [ 2.478155901584344, 48.909308774179344 ], [ 2.478149124287424, 48.909059822959264 ], [ 2.478060196445562, 48.909302109508843 ], [ 2.478111623261215, 48.909320898998111 ] ] ] } },
{ "type": "Feature", "properties": { }, "geometry": { "type": "Polygon", "coordinates": [ [ [ 2.478060196445562, 48.909302109508843 ], [ 2.478149124287424, 48.909059822959264 ], [ 2.478149921048412, 48.909053504876411 ], [ 2.478064685937746, 48.909050010354314 ], [ 2.478035398549223, 48.90929433892002 ], [ 2.478060196445562, 48.909302109508843 ] ] ] } },
{ "type": "Feature", "properties": { }, "geometry": { "type": "Polygon", "coordinates": [ [ [ 2.478222979531467, 48.909295151906313 ], [ 2.478264867581787, 48.909292074877023 ], [ 2.478294236517882, 48.909274193492614 ], [ 2.478308122005382, 48.909262073595187 ], [ 2.478360830553084, 48.909205449396467 ], [ 2.47836728841635, 48.909196454965667 ], [ 2.478378486813258, 48.90915492246986 ], [ 2.478365278739115, 48.909062333962162 ], [ 2.478209552217747, 48.909055949634457 ], [ 2.478222979531467, 48.909295151906313 ] ] ] } },
{ "type": "Feature", "properties": { }, "geometry": { "type": "Polygon", "coordinates": [ [ [ 2.478104836288607, 48.909427060592733 ], [ 2.478453491776256, 48.909475408517551 ], [ 2.47846006700787, 48.9094553465806 ], [ 2.478310013000856, 48.909320120498073 ], [ 2.478264867581787, 48.909292074877023 ], [ 2.478222979531467, 48.909295151906313 ], [ 2.478155901584344, 48.909308774179344 ], [ 2.478111623261215, 48.909320898998111 ], [ 2.478104836288607, 48.909427060592733 ] ] ] } },
{ "type": "Feature", "properties": { }, "geometry": { "type": "Polygon", "coordinates": [ [ [ 2.478149124287424, 48.909059822959264 ], [ 2.478155901584344, 48.909308774179344 ], [ 2.478222979531467, 48.909295151906313 ], [ 2.478209552217747, 48.909055949634457 ], [ 2.478149921048412, 48.909053504876411 ], [ 2.478149124287424, 48.909059822959264 ] ] ] } },
{ "type": "Feature", "properties": { }, "geometry": { "type": "Polygon", "coordinates": [ [ [ 2.478471346865344, 48.909562882902854 ], [ 2.478087218084705, 48.909537484719401 ], [ 2.478084032696398, 48.909545855922275 ], [ 2.478075446210021, 48.909664308363404 ], [ 2.4783799, 48.9096791 ], [ 2.478552575074362, 48.909687489545135 ], [ 2.478471346865344, 48.909562882902854 ] ] ] } },
{ "type": "Feature", "properties": { }, "geometry": { "type": "Polygon", "coordinates": [ [ [ 2.478552575074362, 48.909687489545135 ], [ 2.47862738227327, 48.909691124026622 ], [ 2.47866975697267, 48.909400220119565 ], [ 2.478574140108904, 48.909397127929488 ], [ 2.47846006700787, 48.9094553465806 ], [ 2.478453491776256, 48.909475408517551 ], [ 2.478453705361922, 48.909490767308625 ], [ 2.478462641158065, 48.909538223296074 ], [ 2.478471346865344, 48.909562882902854 ], [ 2.478552575074362, 48.909687489545135 ] ] ] } },
{ "type": "Feature", "properties": { }, "geometry": { "type": "Polygon", "coordinates": [ [ [ 2.478310013000856, 48.909320120498073 ], [ 2.478570186962484, 48.909334251267694 ], [ 2.478574213185476, 48.90929354701791 ], [ 2.478294236517882, 48.909274193492614 ], [ 2.478264867581787, 48.909292074877023 ], [ 2.478310013000856, 48.909320120498073 ] ] ] } },
{ "type": "Feature", "properties": { }, "geometry": { "type": "Polygon", "coordinates": [ [ [ 2.478704890563767, 48.90963687437403 ], [ 2.478805729511425, 48.90940461724994 ], [ 2.47872586245841, 48.909402034499074 ], [ 2.478704890563767, 48.90963687437403 ] ] ] } },
{ "type": "Feature", "properties": { }, "geometry": { "type": "Polygon", "coordinates": [ [ [ 2.47846006700787, 48.9094553465806 ], [ 2.478574140108904, 48.909397127929488 ], [ 2.478564, 48.9093968 ], [ 2.478570186962484, 48.909334251267694 ], [ 2.478310013000856, 48.909320120498073 ], [ 2.47846006700787, 48.9094553465806 ] ] ] } },
{ "type": "Feature", "properties": { }, "geometry": { "type": "Polygon", "coordinates": [ [ [ 2.47862738227327, 48.909691124026622 ], [ 2.47868811192917, 48.909694074519543 ], [ 2.478704890563767, 48.90963687437403 ], [ 2.47872586245841, 48.909402034499074 ], [ 2.47866975697267, 48.909400220119565 ], [ 2.47862738227327, 48.909691124026622 ] ] ] } },
{ "type": "Feature", "properties": { }, "geometry": { "type": "Polygon", "coordinates": [ [ [ 2.478557255442095, 48.909250380060897 ], [ 2.478308122005382, 48.909262073595187 ], [ 2.478294236517882, 48.909274193492614 ], [ 2.478574213185476, 48.90929354701791 ], [ 2.478578324534692, 48.909251982091618 ], [ 2.478557255442095, 48.909250380060897 ] ] ] } },
{ "type": "Feature", "properties": { }, "geometry": { "type": "Polygon", "coordinates": [ [ [ 2.478578324534692, 48.909251982091618 ], [ 2.478582787839917, 48.909206858881205 ], [ 2.47836728841635, 48.909196454965667 ], [ 2.478360830553084, 48.909205449396467 ], [ 2.478557255442095, 48.909250380060897 ], [ 2.478578324534692, 48.909251982091618 ] ] ] } },
{ "type": "Feature", "properties": { }, "geometry": { "type": "Polygon", "coordinates": [ [ [ 2.478308122005382, 48.909262073595187 ], [ 2.478557255442095, 48.909250380060897 ], [ 2.478360830553084, 48.909205449396467 ], [ 2.478308122005382, 48.909262073595187 ] ] ] } },
{ "type": "Feature", "properties": { }, "geometry": { "type": "Polygon", "coordinates": [ [ [ 2.478969064417473, 48.909306602002168 ], [ 2.479078810964406, 48.909271339081521 ], [ 2.479009059138995, 48.90922689707967 ], [ 2.478943430830165, 48.909215011267257 ], [ 2.478934818193259, 48.909309530441696 ], [ 2.478969064417473, 48.909306602002168 ] ] ] } },
{ "type": "Feature", "properties": { }, "geometry": { "type": "Polygon", "coordinates": [ [ [ 2.478582787839917, 48.909206858881205 ], [ 2.478587298933432, 48.909161252456698 ], [ 2.478378486813258, 48.90915492246986 ], [ 2.47836728841635, 48.909196454965667 ], [ 2.478582787839917, 48.909206858881205 ] ] ] } },
{ "type": "Feature", "properties": { }, "geometry": { "type": "Polygon", "coordinates": [ [ [ 2.478704890563767, 48.90963687437403 ], [ 2.47868811192917, 48.909694074519543 ], [ 2.478839, 48.909701405133909 ], [ 2.478839, 48.909405693138815 ], [ 2.478805729511425, 48.90940461724994 ], [ 2.478704890563767, 48.90963687437403 ] ] ] } },
{ "type": "Feature", "properties": { }, "geometry": { "type": "Polygon", "coordinates": [ [ [ 2.479241567269563, 48.909353499855541 ], [ 2.479273043194327, 48.909340116608647 ], [ 2.479249633188815, 48.909321468612731 ], [ 2.478969064417473, 48.909306602002168 ], [ 2.478934818193259, 48.909309530441696 ], [ 2.478930811659319, 48.909353499928791 ], [ 2.479241567269563, 48.909353499855541 ] ] ] } },
{ "type": "Feature", "properties": { }, "geometry": { "type": "Polygon", "coordinates": [ [ [ 2.479006496636072, 48.909582289437786 ], [ 2.479038638123532, 48.909493277968394 ], [ 2.479036518624747, 48.909479332668035 ], [ 2.478926054153636, 48.909405710813317 ], [ 2.4789258, 48.9094085 ], [ 2.478839, 48.909405693138815 ], [ 2.478839, 48.909701405133909 ], [ 2.478905418614066, 48.909704631894641 ], [ 2.479006496636072, 48.909582289437786 ] ] ] } },
{ "type": "Feature", "properties": { }, "geometry": { "type": "Polygon", "coordinates": [ [ [ 2.479387048739637, 48.909616137058507 ], [ 2.479382055102659, 48.909597629680789 ], [ 2.479066860289159, 48.909579122921166 ], [ 2.479006496636072, 48.909582289437786 ], [ 2.478905418614066, 48.909704631894641 ], [ 2.4790365, 48.909711 ], [ 2.479372106622063, 48.909727352264049 ], [ 2.479387048739637, 48.909616137058507 ] ] ] } },
{ "type": "Feature", "properties": { }, "geometry": { "type": "Polygon", "coordinates": [ [ [ 2.479036518624747, 48.909479332668035 ], [ 2.479241567269563, 48.909353499855541 ], [ 2.478930811659319, 48.909353499928791 ], [ 2.478926054153636, 48.909405710813317 ], [ 2.479036518624747, 48.909479332668035 ] ] ] } },
{ "type": "Feature", "properties": { }, "geometry": { "type": "Polygon", "coordinates": [ [ [ 2.479078810964406, 48.909271339081521 ], [ 2.478969064417473, 48.909306602002168 ], [ 2.479249633188815, 48.909321468612731 ], [ 2.479214209940121, 48.90928138329879 ], [ 2.479078810964406, 48.909271339081521 ] ] ] } },
{ "type": "Feature", "properties": { }, "geometry": { "type": "Polygon", "coordinates": [ [ [ 2.479214209940121, 48.90928138329879 ], [ 2.479187812704772, 48.909228623009341 ], [ 2.479009059138995, 48.90922689707967 ], [ 2.479078810964406, 48.909271339081521 ], [ 2.479214209940121, 48.90928138329879 ] ] ] } },
{ "type": "Feature", "properties": { }, "geometry": { "type": "Polygon", "coordinates": [ [ [ 2.479009059138995, 48.90922689707967 ], [ 2.479187812704772, 48.909228623009341 ], [ 2.479186330198658, 48.909199120863221 ], [ 2.478947712968236, 48.909168016913533 ], [ 2.478943430830165, 48.909215011267257 ], [ 2.479009059138995, 48.90922689707967 ] ] ] } },
{ "type": "Feature", "properties": { }, "geometry": { "type": "Polygon", "coordinates": [ [ [ 2.479006496636072, 48.909582289437786 ], [ 2.479066860289159, 48.909579122921166 ], [ 2.479222192510171, 48.909547540880176 ], [ 2.479147168122442, 48.909502717813695 ], [ 2.479038638123532, 48.909493277968394 ], [ 2.479006496636072, 48.909582289437786 ] ] ] } },
{ "type": "Feature", "properties": { }, "geometry": { "type": "Polygon", "coordinates": [ [ [ 2.479249633188815, 48.909321468612731 ], [ 2.479273043194327, 48.909340116608647 ], [ 2.479331686593035, 48.909349952815738 ], [ 2.47934717356801, 48.909265477124919 ], [ 2.479327343896765, 48.909101772373788 ], [ 2.479224038483299, 48.909097537809053 ], [ 2.479186330198658, 48.909199120863221 ], [ 2.479187812704772, 48.909228623009341 ], [ 2.479214209940121, 48.90928138329879 ], [ 2.479249633188815, 48.909321468612731 ] ] ] } },
{ "type": "Feature", "properties": { }, "geometry": { "type": "Polygon", "coordinates": [ [ [ 2.479036518624747, 48.909479332668035 ], [ 2.479038638123532, 48.909493277968394 ], [ 2.479147168122442, 48.909502717813695 ], [ 2.479403453693848, 48.909475992373501 ], [ 2.479408297219667, 48.909467228814435 ], [ 2.479413363181357, 48.909395606764214 ], [ 2.479372417149894, 48.909364742789847 ], [ 2.479331686593035, 48.909349952815738 ], [ 2.479273043194327, 48.909340116608647 ], [ 2.479241567269563, 48.909353499855541 ], [ 2.479036518624747, 48.909479332668035 ] ] ] } },
{ "type": "Feature", "properties": { }, "geometry": { "type": "Polygon", "coordinates": [ [ [ 2.478791609203552, 48.909145459818788 ], [ 2.4789493, 48.9091506 ], [ 2.478947712968236, 48.909168016913533 ], [ 2.479186330198658, 48.909199120863221 ], [ 2.479224038483299, 48.909097537809053 ], [ 2.478798796062523, 48.909080105828039 ], [ 2.478791609203552, 48.909145459818788 ] ] ] } },
{ "type": "Feature", "properties": { }, "geometry": { "type": "Polygon", "coordinates": [ [ [ 2.480058059036162, 48.909662411527925 ], [ 2.479538729390441, 48.909598642967119 ], [ 2.479387048739637, 48.909616137058507 ], [ 2.479372106622063, 48.909727352264049 ], [ 2.4796748, 48.90974210000001 ], [ 2.4799878, 48.9097573 ], [ 2.4801022, 48.9097618 ], [ 2.480099719792737, 48.909678465065134 ], [ 2.480058059036162, 48.909662411527925 ] ] ] } },
{ "type": "Feature", "properties": { }, "geometry": { "type": "Polygon", "coordinates": [ [ [ 2.479413363181357, 48.909395606764214 ], [ 2.479610904275569, 48.90937162796417 ], [ 2.479636054350901, 48.909347949662632 ], [ 2.479639997193277, 48.909341158943427 ], [ 2.47966654996345, 48.909269823030719 ], [ 2.47966843587743, 48.909253826099764 ], [ 2.479658371250525, 48.909220441879924 ], [ 2.479501974855685, 48.909240323118887 ], [ 2.479446029264831, 48.909281927315341 ], [ 2.479372417149894, 48.909364742789847 ], [ 2.479413363181357, 48.909395606764214 ] ] ] } },
{ "type": "Feature", "properties": { }, "geometry": { "type": "Polygon", "coordinates": [ [ [ 2.479403453693848, 48.909475992373501 ], [ 2.479147168122442, 48.909502717813695 ], [ 2.479222192510171, 48.909547540880176 ], [ 2.479380706471977, 48.909567005037722 ], [ 2.479403453693848, 48.909475992373501 ] ] ] } },
{ "type": "Feature", "properties": { }, "geometry": { "type": "Polygon", "coordinates": [ [ [ 2.479380706471977, 48.909567005037722 ], [ 2.479382055102659, 48.909597629680789 ], [ 2.479387048739637, 48.909616137058507 ], [ 2.479538729390441, 48.909598642967119 ], [ 2.479604309382781, 48.90955703763899 ], [ 2.479522071620207, 48.909501627268007 ], [ 2.479408297219667, 48.909467228814435 ], [ 2.479403453693848, 48.909475992373501 ], [ 2.479380706471977, 48.909567005037722 ] ] ] } },
{ "type": "Feature", "properties": { }, "geometry": { "type": "Polygon", "coordinates": [ [ [ 2.479382055102659, 48.909597629680789 ], [ 2.479380706471977, 48.909567005037722 ], [ 2.479222192510171, 48.909547540880176 ], [ 2.479066860289159, 48.909579122921166 ], [ 2.479382055102659, 48.909597629680789 ] ] ] } },
{ "type": "Feature", "properties": { }, "geometry": { "type": "Polygon", "coordinates": [ [ [ 2.479331686593035, 48.909349952815738 ], [ 2.479372417149894, 48.909364742789847 ], [ 2.479446029264831, 48.909281927315341 ], [ 2.479432150108709, 48.909156747856443 ], [ 2.47934717356801, 48.909265477124919 ], [ 2.479331686593035, 48.909349952815738 ] ] ] } },
{ "type": "Feature", "properties": { }, "geometry": { "type": "Polygon", "coordinates": [ [ [ 2.47934717356801, 48.909265477124919 ], [ 2.479432150108709, 48.909156747856443 ], [ 2.47944741725009, 48.909106694151497 ], [ 2.479327343896765, 48.909101772373788 ], [ 2.47934717356801, 48.909265477124919 ] ] ] } },
{ "type": "Feature", "properties": { }, "geometry": { "type": "Polygon", "coordinates": [ [ [ 2.4796613385479, 48.909210256440339 ], [ 2.480097750280574, 48.909229704435525 ], [ 2.4801048, 48.9091336 ], [ 2.4799754, 48.9091283 ], [ 2.4798916, 48.9091249 ], [ 2.479653162442386, 48.909115127304311 ], [ 2.4796613385479, 48.909210256440339 ] ] ] } },
{ "type": "Feature", "properties": { }, "geometry": { "type": "Polygon", "coordinates": [ [ [ 2.479432150108709, 48.909156747856443 ], [ 2.479446029264831, 48.909281927315341 ], [ 2.479501974855685, 48.909240323118887 ], [ 2.479494397034043, 48.909108619807206 ], [ 2.47944741725009, 48.909106694151497 ], [ 2.479432150108709, 48.909156747856443 ] ] ] } },
{ "type": "Feature", "properties": { }, "geometry": { "type": "Polygon", "coordinates": [ [ [ 2.479501974855685, 48.909240323118887 ], [ 2.479658371250525, 48.909220441879924 ], [ 2.4796613385479, 48.909210256440339 ], [ 2.479653162442386, 48.909115127304311 ], [ 2.479494397034043, 48.909108619807206 ], [ 2.479501974855685, 48.909240323118887 ] ] ] } },
{ "type": "Feature", "properties": { }, "geometry": { "type": "Polygon", "coordinates": [ [ [ 2.47966654996345, 48.909269823030719 ], [ 2.479829536868017, 48.909295509518252 ], [ 2.480093671509059, 48.909285307618767 ], [ 2.480095640460229, 48.909258466230575 ], [ 2.47966843587743, 48.909253826099764 ], [ 2.47966654996345, 48.909269823030719 ] ] ] } },
{ "type": "Feature", "properties": { }, "geometry": { "type": "Polygon", "coordinates": [ [ [ 2.479522071620207, 48.909501627268007 ], [ 2.479783046169453, 48.909520928045815 ], [ 2.479628572410979, 48.909382388601394 ], [ 2.479610904275569, 48.90937162796417 ], [ 2.479413363181357, 48.909395606764214 ], [ 2.479408297219667, 48.909467228814435 ], [ 2.479522071620207, 48.909501627268007 ] ] ] } },
{ "type": "Feature", "properties": { }, "geometry": { "type": "Polygon", "coordinates": [ [ [ 2.479538729390441, 48.909598642967119 ], [ 2.480058059036162, 48.909662411527925 ], [ 2.479907255653403, 48.909593893304809 ], [ 2.479604309382781, 48.90955703763899 ], [ 2.479538729390441, 48.909598642967119 ] ] ] } },
{ "type": "Feature", "properties": { }, "geometry": { "type": "Polygon", "coordinates": [ [ [ 2.479628572410979, 48.909382388601394 ], [ 2.479783046169453, 48.909520928045815 ], [ 2.479907255653403, 48.909593893304809 ], [ 2.480058059036162, 48.909662411527925 ], [ 2.480099719792737, 48.909678465065134 ], [ 2.4800992, 48.909661 ], [ 2.480087018681916, 48.909397710939963 ], [ 2.479628572410979, 48.909382388601394 ] ] ] } },
{ "type": "Feature", "properties": { }, "geometry": { "type": "Polygon", "coordinates": [ [ [ 2.479604309382781, 48.90955703763899 ], [ 2.479907255653403, 48.909593893304809 ], [ 2.479783046169453, 48.909520928045815 ], [ 2.479522071620207, 48.909501627268007 ], [ 2.479604309382781, 48.90955703763899 ] ] ] } },
{ "type": "Feature", "properties": { }, "geometry": { "type": "Polygon", "coordinates": [ [ [ 2.479829536868017, 48.909295509518252 ], [ 2.47966654996345, 48.909269823030719 ], [ 2.479639997193277, 48.909341158943427 ], [ 2.479829536868017, 48.909295509518252 ] ] ] } },
{ "type": "Feature", "properties": { }, "geometry": { "type": "Polygon", "coordinates": [ [ [ 2.479639997193277, 48.909341158943427 ], [ 2.479636054350901, 48.909347949662632 ], [ 2.48009004270583, 48.909335620731099 ], [ 2.4800912, 48.909319 ], [ 2.480093671509059, 48.909285307618767 ], [ 2.479829536868017, 48.909295509518252 ], [ 2.479639997193277, 48.909341158943427 ] ] ] } },
{ "type": "Feature", "properties": { }, "geometry": { "type": "Polygon", "coordinates": [ [ [ 2.479636054350901, 48.909347949662632 ], [ 2.479610904275569, 48.90937162796417 ], [ 2.479628572410979, 48.909382388601394 ], [ 2.480087018681916, 48.909397710939963 ], [ 2.4800865, 48.909386499999989 ], [ 2.48009004270583, 48.909335620731099 ], [ 2.479636054350901, 48.909347949662632 ] ] ] } },
{ "type": "Feature", "properties": { }, "geometry": { "type": "Polygon", "coordinates": [ [ [ 2.47966843587743, 48.909253826099764 ], [ 2.480095640460229, 48.909258466230575 ], [ 2.480097750280574, 48.909229704435525 ], [ 2.4796613385479, 48.909210256440339 ], [ 2.479658371250525, 48.909220441879924 ], [ 2.47966843587743, 48.909253826099764 ] ] ] } },
{ "type": "Feature", "properties": { }, "geometry": { "type": "Polygon", "coordinates": [ [ [ 2.4763865, 48.908973 ], [ 2.4761939, 48.9089638 ], [ 2.4758997, 48.908952 ], [ 2.4758606, 48.9093281 ], [ 2.4758411, 48.9095053 ], [ 2.4758349, 48.909561600000011 ], [ 2.4760368, 48.909567899999978 ], [ 2.4763256, 48.909577 ], [ 2.4763865, 48.908973 ] ] ] } },
{ "type": "Feature", "properties": { }, "geometry": { "type": "Polygon", "coordinates": [ [ [ 2.475029254922861, 48.909126483416379 ], [ 2.475045236307615, 48.909097299077935 ], [ 2.475048288524992, 48.909069056322785 ], [ 2.475045522535711, 48.909028185294346 ], [ 2.475036635217539, 48.909004314786486 ], [ 2.474952975923377, 48.90890696430376 ], [ 2.4748901, 48.9089041 ], [ 2.4748009, 48.9089001 ], [ 2.4747933, 48.9090573 ], [ 2.474932175993555, 48.90923750214224 ], [ 2.475029254922861, 48.909126483416379 ] ] ] } },
{ "type": "Feature", "properties": { }, "geometry": { "type": "Polygon", "coordinates": [ [ [ 2.475045522535711, 48.909028185294346 ], [ 2.475204396982031, 48.909061448002724 ], [ 2.475229120927819, 48.909026807016964 ], [ 2.475217098628178, 48.909015516613223 ], [ 2.475036635217539, 48.909004314786486 ], [ 2.475045522535711, 48.909028185294346 ] ] ] } },
{ "type": "Feature", "properties": { }, "geometry": { "type": "Polygon", "coordinates": [ [ [ 2.475311025990603, 48.909307792803666 ], [ 2.475173772150975, 48.909135356474827 ], [ 2.475029254922861, 48.909126483416379 ], [ 2.474932175993555, 48.90923750214224 ], [ 2.4749788, 48.909298 ], [ 2.475310625281078, 48.909309327559967 ], [ 2.475311025990603, 48.909307792803666 ] ] ] } },
{ "type": "Feature", "properties": { }, "geometry": { "type": "Polygon", "coordinates": [ [ [ 2.475206458698273, 48.909082497571589 ], [ 2.475286741755371, 48.909085194966103 ], [ 2.475338469589159, 48.909031453870668 ], [ 2.475229120927819, 48.909026807016964 ], [ 2.475204396982031, 48.909061448002724 ], [ 2.475204584509976, 48.909076990781344 ], [ 2.475206458698273, 48.909082497571589 ] ] ] } },
{ "type": "Feature", "properties": { }, "geometry": { "type": "Polygon", "coordinates": [ [ [ 2.475204584509976, 48.909076990781344 ], [ 2.475048288524992, 48.909069056322785 ], [ 2.475045236307615, 48.909097299077935 ], [ 2.475179688959055, 48.909102199288867 ], [ 2.47520400731458, 48.909088018038204 ], [ 2.475206458698273, 48.909082497571589 ], [ 2.475204584509976, 48.909076990781344 ] ] ] } },
{ "type": "Feature", "properties": { }, "geometry": { "type": "Polygon", "coordinates": [ [ [ 2.475179688959055, 48.909102199288867 ], [ 2.475045236307615, 48.909097299077935 ], [ 2.475029254922861, 48.909126483416379 ], [ 2.475173772150975, 48.909135356474827 ], [ 2.475179688959055, 48.909102199288867 ] ] ] } },
{ "type": "Feature", "properties": { }, "geometry": { "type": "Polygon", "coordinates": [ [ [ 2.475173772150975, 48.909135356474827 ], [ 2.475311025990603, 48.909307792803666 ], [ 2.475342637156671, 48.909238772612809 ], [ 2.475317571607171, 48.909196502749076 ], [ 2.47520400731458, 48.909088018038204 ], [ 2.475179688959055, 48.909102199288867 ], [ 2.475173772150975, 48.909135356474827 ] ] ] } },
{ "type": "Feature", "properties": { }, "geometry": { "type": "Polygon", "coordinates": [ [ [ 2.47520400731458, 48.909088018038204 ], [ 2.475317571607171, 48.909196502749076 ], [ 2.475286741755371, 48.909085194966103 ], [ 2.475206458698273, 48.909082497571589 ], [ 2.47520400731458, 48.909088018038204 ] ] ] } },
{ "type": "Feature", "properties": { }, "geometry": { "type": "Polygon", "coordinates": [ [ [ 2.475204584509976, 48.909076990781344 ], [ 2.475204396982031, 48.909061448002724 ], [ 2.475045522535711, 48.909028185294346 ], [ 2.475048288524992, 48.909069056322785 ], [ 2.475204584509976, 48.909076990781344 ] ] ] } },
{ "type": "Feature", "properties": { }, "geometry": { "type": "Polygon", "coordinates": [ [ [ 2.475036635217539, 48.909004314786486 ], [ 2.475217098628178, 48.909015516613223 ], [ 2.475223052670687, 48.90891961558561 ], [ 2.4750723, 48.9089124 ], [ 2.474952975923377, 48.90890696430376 ], [ 2.475036635217539, 48.909004314786486 ] ] ] } },
{ "type": "Feature", "properties": { }, "geometry": { "type": "Polygon", "coordinates": [ [ [ 2.475642971670197, 48.909147715767247 ], [ 2.475519412971809, 48.909063908404889 ], [ 2.475342637156671, 48.909238772612809 ], [ 2.475311025990603, 48.909307792803666 ], [ 2.475310625281078, 48.909309327559967 ], [ 2.475620705094416, 48.909319911924705 ], [ 2.475642971670197, 48.909147715767247 ] ] ] } },
{ "type": "Feature", "properties": { }, "geometry": { "type": "Polygon", "coordinates": [ [ [ 2.475342637156671, 48.909238772612809 ], [ 2.475519412971809, 48.909063908404889 ], [ 2.475517101790158, 48.908986458803646 ], [ 2.475338469589159, 48.909031453870668 ], [ 2.475286741755371, 48.909085194966103 ], [ 2.475317571607171, 48.909196502749076 ], [ 2.475342637156671, 48.909238772612809 ] ] ] } },
{ "type": "Feature", "properties": { }, "geometry": { "type": "Polygon", "coordinates": [ [ [ 2.475217098628178, 48.909015516613223 ], [ 2.475229120927819, 48.909026807016964 ], [ 2.475338469589159, 48.909031453870668 ], [ 2.475517101790158, 48.908986458803646 ], [ 2.475543079693526, 48.908934932613576 ], [ 2.475223052670687, 48.90891961558561 ], [ 2.475217098628178, 48.909015516613223 ] ] ] } },
{ "type": "Feature", "properties": { }, "geometry": { "type": "Polygon", "coordinates": [ [ [ 2.475517101790158, 48.908986458803646 ], [ 2.475519412971809, 48.909063908404889 ], [ 2.475642971670197, 48.909147715767247 ], [ 2.475879916462898, 48.909142297086497 ], [ 2.4758997, 48.908952 ], [ 2.475543079693526, 48.908934932613576 ], [ 2.475517101790158, 48.908986458803646 ] ] ] } },
{ "type": "Feature", "properties": { }, "geometry": { "type": "Polygon", "coordinates": [ [ [ 2.475620971783716, 48.90931992102761 ], [ 2.4758606, 48.9093281 ], [ 2.475874852944896, 48.909191002638536 ], [ 2.475620971783716, 48.90931992102761 ] ] ] } },
{ "type": "Feature", "properties": { }, "geometry": { "type": "Polygon", "coordinates": [ [ [ 2.475620705094416, 48.909319911924705 ], [ 2.475620971783716, 48.90931992102761 ], [ 2.475874852944896, 48.909191002638536 ], [ 2.475879916462898, 48.909142297086497 ], [ 2.475642971670197, 48.909147715767247 ], [ 2.475620705094416, 48.909319911924705 ] ] ] } },
{ "type": "Feature", "properties": { }, "geometry": { "type": "Polygon", "coordinates": [ [ [ 2.477904993109003, 48.912172093351245 ], [ 2.477726454183234, 48.912077206405421 ], [ 2.477377681406663, 48.91210994782476 ], [ 2.4774228, 48.9121796 ], [ 2.477503756306923, 48.912304574340041 ], [ 2.477904993109003, 48.912172093351245 ] ] ] } },
{ "type": "Feature", "properties": { }, "geometry": { "type": "Polygon", "coordinates": [ [ [ 2.477726454183234, 48.912077206405421 ], [ 2.477713718079449, 48.9118440194922 ], [ 2.4776391, 48.9118535 ], [ 2.4775892, 48.91186 ], [ 2.47724, 48.9118973 ], [ 2.4772975, 48.9119862 ], [ 2.4773531, 48.912072 ], [ 2.477377681406663, 48.91210994782476 ], [ 2.477726454183234, 48.912077206405421 ] ] ] } },
{ "type": "Feature", "properties": { }, "geometry": { "type": "Polygon", "coordinates": [ [ [ 2.478665625839708, 48.910618000479531 ], [ 2.478659328301997, 48.910547501493674 ], [ 2.478601847616229, 48.910492350905216 ], [ 2.47825989168425, 48.910524247916889 ], [ 2.47830552748531, 48.910693047734682 ], [ 2.478665625839708, 48.910618000479531 ] ] ] } },
{ "type": "Feature", "properties": { }, "geometry": { "type": "Polygon", "coordinates": [ [ [ 2.478360816143432, 48.910359182642857 ], [ 2.478373748872163, 48.910258039796638 ], [ 2.4781857, 48.9102497 ], [ 2.4781964, 48.9102894 ], [ 2.478226360467677, 48.910400220358198 ], [ 2.478360816143432, 48.910359182642857 ] ] ] } },
{ "type": "Feature", "properties": { }, "geometry": { "type": "Polygon", "coordinates": [ [ [ 2.477904993109003, 48.912172093351245 ], [ 2.478026616181739, 48.912197155835862 ], [ 2.478053619149442, 48.912191263919965 ], [ 2.477937572603536, 48.911815577621219 ], [ 2.477713718079449, 48.9118440194922 ], [ 2.477726454183234, 48.912077206405421 ], [ 2.477904993109003, 48.912172093351245 ] ] ] } },
{ "type": "Feature", "properties": { }, "geometry": { "type": "Polygon", "coordinates": [ [ [ 2.477907514201021, 48.912330456159395 ], [ 2.477957326874788, 48.9122954397764 ], [ 2.478026616181739, 48.912197155835862 ], [ 2.477904993109003, 48.912172093351245 ], [ 2.477503756306923, 48.912304574340041 ], [ 2.477590687759797, 48.912438771906629 ], [ 2.477907514201021, 48.912330456159395 ] ] ] } },
{ "type": "Feature", "properties": { }, "geometry": { "type": "Polygon", "coordinates": [ [ [ 2.477907514201021, 48.912330456159395 ], [ 2.477590687759797, 48.912438771906629 ], [ 2.4776115, 48.9124709 ], [ 2.4776845, 48.9125238 ], [ 2.4777523, 48.9125635 ], [ 2.4778187, 48.9125789 ], [ 2.477850572583816, 48.912582651998484 ], [ 2.477907514201021, 48.912330456159395 ] ] ] } },
{ "type": "Feature", "properties": { }, "geometry": { "type": "Polygon", "coordinates": [ [ [ 2.477957326874788, 48.9122954397764 ], [ 2.478074043425833, 48.912575267193965 ], [ 2.478149827700349, 48.912567332957629 ], [ 2.47815561712466, 48.912273055625832 ], [ 2.478135201233788, 48.912191707888198 ], [ 2.478053619149442, 48.912191263919965 ], [ 2.478026616181739, 48.912197155835862 ], [ 2.477957326874788, 48.9122954397764 ] ] ] } },
{ "type": "Feature", "properties": { }, "geometry": { "type": "Polygon", "coordinates": [ [ [ 2.477957326874788, 48.9122954397764 ], [ 2.477907514201021, 48.912330456159395 ], [ 2.477850572583816, 48.912582651998484 ], [ 2.4779011, 48.9125886 ], [ 2.4779478, 48.9125864 ], [ 2.4779849, 48.9125846 ], [ 2.478074043425833, 48.912575267193965 ], [ 2.477957326874788, 48.9122954397764 ] ] ] } },
{ "type": "Feature", "properties": { }, "geometry": { "type": "Polygon", "coordinates": [ [ [ 2.478326024810568, 48.912536762083107 ], [ 2.47815561712466, 48.912273055625832 ], [ 2.478149827700349, 48.912567332957629 ], [ 2.4781979, 48.9125623 ], [ 2.4782968, 48.912552 ], [ 2.478319469447253, 48.912549130259301 ], [ 2.478326024810568, 48.912536762083107 ] ] ] } },
{ "type": "Feature", "properties": { }, "geometry": { "type": "Polygon", "coordinates": [ [ [ 2.47815561712466, 48.912273055625832 ], [ 2.478326024810568, 48.912536762083107 ], [ 2.478579710394889, 48.912269989627113 ], [ 2.478442006084539, 48.912166935792307 ], [ 2.478341323486017, 48.912154299220873 ], [ 2.478135201233788, 48.912191707888198 ], [ 2.47815561712466, 48.912273055625832 ] ] ] } },
{ "type": "Feature", "properties": { }, "geometry": { "type": "Polygon", "coordinates": [ [ [ 2.478739993259783, 48.910972440593781 ], [ 2.478658785833787, 48.910832995497252 ], [ 2.478345636020213, 48.910841402086049 ], [ 2.47839239195117, 48.911014342844155 ], [ 2.478739993259783, 48.910972440593781 ] ] ] } },
{ "type": "Feature", "properties": { }, "geometry": { "type": "Polygon", "coordinates": [ [ [ 2.478135201233788, 48.912191707888198 ], [ 2.478341323486017, 48.912154299220873 ], [ 2.478220485075621, 48.911779631465635 ], [ 2.477937572603536, 48.911815577621219 ], [ 2.478053619149442, 48.912191263919965 ], [ 2.478135201233788, 48.912191707888198 ] ] ] } },
{ "type": "Feature", "properties": { }, "geometry": { "type": "Polygon", "coordinates": [ [ [ 2.478963818956544, 48.912398797681114 ], [ 2.478579710394889, 48.912269989627113 ], [ 2.478326024810568, 48.912536762083107 ], [ 2.478319469447253, 48.912549130259301 ], [ 2.4784382, 48.9125341 ], [ 2.4788278, 48.912484599999985 ], [ 2.47900723606449, 48.912463285127579 ], [ 2.478963818956544, 48.912398797681114 ] ] ] } },
{ "type": "Feature", "properties": { }, "geometry": { "type": "Polygon", "coordinates": [ [ [ 2.478579710394889, 48.912269989627113 ], [ 2.478963818956544, 48.912398797681114 ], [ 2.479002650004345, 48.912336290546712 ], [ 2.479149009735942, 48.91202782001524 ], [ 2.478807749907475, 48.91192599817812 ], [ 2.478781991372264, 48.91193014980027 ], [ 2.478584851762979, 48.912042512422495 ], [ 2.478442006084539, 48.912166935792307 ], [ 2.478579710394889, 48.912269989627113 ] ] ] } },
{ "type": "Feature", "properties": { }, "geometry": { "type": "Polygon", "coordinates": [ [ [ 2.478720342569892, 48.910684494183755 ], [ 2.478665625839708, 48.910618000479531 ], [ 2.47830552748531, 48.910693047734682 ], [ 2.478332394697127, 48.910792424881379 ], [ 2.478720342569892, 48.910684494183755 ] ] ] } },
{ "type": "Feature", "properties": { }, "geometry": { "type": "Polygon", "coordinates": [ [ [ 2.478341323486017, 48.912154299220873 ], [ 2.478442006084539, 48.912166935792307 ], [ 2.478584851762979, 48.912042512422495 ], [ 2.478398633728916, 48.911756995957838 ], [ 2.478220485075621, 48.911779631465635 ], [ 2.478341323486017, 48.912154299220873 ] ] ] } },
{ "type": "Feature", "properties": { }, "geometry": { "type": "Polygon", "coordinates": [ [ [ 2.478226360467677, 48.910400220358198 ], [ 2.47825989168425, 48.910524247916889 ], [ 2.478601847616229, 48.910492350905216 ], [ 2.478603788140771, 48.910447989834239 ], [ 2.478565856735184, 48.910405362503141 ], [ 2.478445208463404, 48.910366516033065 ], [ 2.478360816143432, 48.910359182642857 ], [ 2.478226360467677, 48.910400220358198 ] ] ] } },
{ "type": "Feature", "properties": { }, "geometry": { "type": "Polygon", "coordinates": [ [ [ 2.478445208463404, 48.910366516033065 ], [ 2.478565856735184, 48.910405362503141 ], [ 2.478579537629361, 48.910267162053607 ], [ 2.4785555, 48.9102661 ], [ 2.478457265613796, 48.910261743589032 ], [ 2.478445208463404, 48.910366516033065 ] ] ] } },
{ "type": "Feature", "properties": { }, "geometry": { "type": "Polygon", "coordinates": [ [ [ 2.478360816143432, 48.910359182642857 ], [ 2.478445208463404, 48.910366516033065 ], [ 2.478457265613796, 48.910261743589032 ], [ 2.478373748872163, 48.910258039796638 ], [ 2.478360816143432, 48.910359182642857 ] ] ] } },
{ "type": "Feature", "properties": { }, "geometry": { "type": "Polygon", "coordinates": [ [ [ 2.478782928436886, 48.911144775537956 ], [ 2.478787531757104, 48.91101874110867 ], [ 2.47874140592493, 48.91097305351456 ], [ 2.478739993259783, 48.910972440593781 ], [ 2.47839239195117, 48.911014342844155 ], [ 2.478456531914043, 48.911251581648706 ], [ 2.478782928436886, 48.911144775537956 ] ] ] } },
{ "type": "Feature", "properties": { }, "geometry": { "type": "Polygon", "coordinates": [ [ [ 2.478565856735184, 48.910405362503141 ], [ 2.478603788140771, 48.910447989834239 ], [ 2.478721324837216, 48.910382869139589 ], [ 2.478733752681483, 48.910273975610693 ], [ 2.478579537629361, 48.910267162053607 ], [ 2.478565856735184, 48.910405362503141 ] ] ] } },
{ "type": "Feature", "properties": { }, "geometry": { "type": "Polygon", "coordinates": [ [ [ 2.478603788140771, 48.910447989834239 ], [ 2.478601847616229, 48.910492350905216 ], [ 2.478659328301997, 48.910547501493674 ], [ 2.478895311330877, 48.910494410827383 ], [ 2.478866188637296, 48.910380548635594 ], [ 2.478846168151214, 48.910371799898712 ], [ 2.478721324837216, 48.910382869139589 ], [ 2.478603788140771, 48.910447989834239 ] ] ] } },
{ "type": "Feature", "properties": { }, "geometry": { "type": "Polygon", "coordinates": [ [ [ 2.479002650004345, 48.912336290546712 ], [ 2.479874047161833, 48.912077496258497 ], [ 2.479823247540843, 48.912055674353454 ], [ 2.479481949527206, 48.911968488168846 ], [ 2.479208675982297, 48.91200529154024 ], [ 2.479149009735942, 48.91202782001524 ], [ 2.479002650004345, 48.912336290546712 ] ] ] } },
{ "type": "Feature", "properties": { }, "geometry": { "type": "Polygon", "coordinates": [ [ [ 2.478332394697127, 48.910792424881379 ], [ 2.478345636020213, 48.910841402086049 ], [ 2.478658785833787, 48.910832995497252 ], [ 2.478724524386661, 48.910705721698825 ], [ 2.478721959920616, 48.910685883933581 ], [ 2.478720342569892, 48.910684494183755 ], [ 2.478332394697127, 48.910792424881379 ] ] ] } },
{ "type": "Feature", "properties": { }, "geometry": { "type": "Polygon", "coordinates": [ [ [ 2.478739993259783, 48.910972440593781 ], [ 2.47874140592493, 48.91097305351456 ], [ 2.478962641212227, 48.910828778068527 ], [ 2.478724524386661, 48.910705721698825 ], [ 2.478658785833787, 48.910832995497252 ], [ 2.478739993259783, 48.910972440593781 ] ] ] } },
{ "type": "Feature", "properties": { }, "geometry": { "type": "Polygon", "coordinates": [ [ [ 2.478584851762979, 48.912042512422495 ], [ 2.478781991372264, 48.91193014980027 ], [ 2.478501362164709, 48.911743943182998 ], [ 2.478398633728916, 48.911756995957838 ], [ 2.478584851762979, 48.912042512422495 ] ] ] } },
{ "type": "Feature", "properties": { }, "geometry": { "type": "Polygon", "coordinates": [ [ [ 2.478902608220826, 48.911359816561287 ], [ 2.478856216822983, 48.911184420990487 ], [ 2.478782928436886, 48.911144775537956 ], [ 2.478456531914043, 48.911251581648706 ], [ 2.4784753, 48.911321 ], [ 2.4784996, 48.9114109 ], [ 2.478511121456545, 48.911453491264723 ], [ 2.478902608220826, 48.911359816561287 ] ] ] } },
{ "type": "Feature", "properties": { }, "geometry": { "type": "Polygon", "coordinates": [ [ [ 2.478781991372264, 48.91193014980027 ], [ 2.478807749907475, 48.91192599817812 ], [ 2.47891468431657, 48.911655851307032 ], [ 2.478544060080453, 48.911575280304035 ], [ 2.4785531, 48.911608799999989 ], [ 2.4785867, 48.911733099999985 ], [ 2.478501362164709, 48.911743943182998 ], [ 2.478781991372264, 48.91193014980027 ] ] ] } },
{ "type": "Feature", "properties": { }, "geometry": { "type": "Polygon", "coordinates": [ [ [ 2.478846168151214, 48.910371799898712 ], [ 2.478866188637296, 48.910380548635594 ], [ 2.478908363981684, 48.910374013490731 ], [ 2.479035370156179, 48.910287298987861 ], [ 2.4790195, 48.9102866 ], [ 2.478854820199653, 48.91027932449169 ], [ 2.478846168151214, 48.910371799898712 ] ] ] } },
{ "type": "Feature", "properties": { }, "geometry": { "type": "Polygon", "coordinates": [ [ [ 2.478721959920616, 48.910685883933581 ], [ 2.478984867237992, 48.91065182975661 ], [ 2.478918990590019, 48.91049772713027 ], [ 2.478895311330877, 48.910494410827383 ], [ 2.478659328301997, 48.910547501493674 ], [ 2.478665625839708, 48.910618000479531 ], [ 2.478720342569892, 48.910684494183755 ], [ 2.478721959920616, 48.910685883933581 ] ] ] } },
{ "type": "Feature", "properties": { }, "geometry": { "type": "Polygon", "coordinates": [ [ [ 2.47891468431657, 48.911655851307032 ], [ 2.479042450675716, 48.91162753775432 ], [ 2.479173245929787, 48.911555929992851 ], [ 2.479179505777313, 48.911537821628492 ], [ 2.478976028793675, 48.911384655303792 ], [ 2.478902608220826, 48.911359816561287 ], [ 2.478511121456545, 48.911453491264723 ], [ 2.4785418, 48.9115669 ], [ 2.478544060080453, 48.911575280304035 ], [ 2.47891468431657, 48.911655851307032 ] ] ] } },
{ "type": "Feature", "properties": { }, "geometry": { "type": "Polygon", "coordinates": [ [ [ 2.478787531757104, 48.91101874110867 ], [ 2.478990073762064, 48.91100072136225 ], [ 2.479043632574639, 48.910841703708279 ], [ 2.478982393318254, 48.910827936462155 ], [ 2.478962641212227, 48.910828778068527 ], [ 2.47874140592493, 48.91097305351456 ], [ 2.478787531757104, 48.91101874110867 ] ] ] } },
{ "type": "Feature", "properties": { }, "geometry": { "type": "Polygon", "coordinates": [ [ [ 2.478721324837216, 48.910382869139589 ], [ 2.478846168151214, 48.910371799898712 ], [ 2.478854820199653, 48.91027932449169 ], [ 2.478733752681483, 48.910273975610693 ], [ 2.478721324837216, 48.910382869139589 ] ] ] } },
{ "type": "Feature", "properties": { }, "geometry": { "type": "Polygon", "coordinates": [ [ [ 2.479208675982297, 48.91200529154024 ], [ 2.479042450675716, 48.91162753775432 ], [ 2.47891468431657, 48.911655851307032 ], [ 2.478807749907475, 48.91192599817812 ], [ 2.479149009735942, 48.91202782001524 ], [ 2.479208675982297, 48.91200529154024 ] ] ] } },
{ "type": "Feature", "properties": { }, "geometry": { "type": "Polygon", "coordinates": [ [ [ 2.478962641212227, 48.910828778068527 ], [ 2.478982393318254, 48.910827936462155 ], [ 2.478998337513092, 48.910654147794816 ], [ 2.478984867237992, 48.91065182975661 ], [ 2.478721959920616, 48.910685883933581 ], [ 2.478724524386661, 48.910705721698825 ], [ 2.478962641212227, 48.910828778068527 ] ] ] } },
{ "type": "Feature", "properties": { }, "geometry": { "type": "Polygon", "coordinates": [ [ [ 2.478782928436886, 48.911144775537956 ], [ 2.478856216822983, 48.911184420990487 ], [ 2.479002409442477, 48.911172370371482 ], [ 2.47909069381978, 48.911044171852296 ], [ 2.479061184000521, 48.911018292799703 ], [ 2.478990073762064, 48.91100072136225 ], [ 2.478787531757104, 48.91101874110867 ], [ 2.478782928436886, 48.911144775537956 ] ] ] } },
{ "type": "Feature", "properties": { }, "geometry": { "type": "Polygon", "coordinates": [ [ [ 2.478895311330877, 48.910494410827383 ], [ 2.478918990590019, 48.91049772713027 ], [ 2.479023073354118, 48.910476578149321 ], [ 2.479055066509712, 48.910426638659111 ], [ 2.47905527680595, 48.910425030964355 ], [ 2.478908363981684, 48.910374013490731 ], [ 2.478866188637296, 48.910380548635594 ], [ 2.478895311330877, 48.910494410827383 ] ] ] } },
{ "type": "Feature", "properties": { }, "geometry": { "type": "Polygon", "coordinates": [ [ [ 2.478984867237992, 48.91065182975661 ], [ 2.478998337513092, 48.910654147794816 ], [ 2.479066478489885, 48.91064895105184 ], [ 2.479074191630387, 48.910511552280354 ], [ 2.479023073354118, 48.910476578149321 ], [ 2.478918990590019, 48.91049772713027 ], [ 2.478984867237992, 48.91065182975661 ] ] ] } },
{ "type": "Feature", "properties": { }, "geometry": { "type": "Polygon", "coordinates": [ [ [ 2.478982393318254, 48.910827936462155 ], [ 2.479043632574639, 48.910841703708279 ], [ 2.479102287847735, 48.91083725408668 ], [ 2.479105683999798, 48.910657237804863 ], [ 2.479066478489885, 48.91064895105184 ], [ 2.478998337513092, 48.910654147794816 ], [ 2.478982393318254, 48.910827936462155 ] ] ] } },
{ "type": "Feature", "properties": { }, "geometry": { "type": "Polygon", "coordinates": [ [ [ 2.478902608220826, 48.911359816561287 ], [ 2.478976028793675, 48.911384655303792 ], [ 2.479154636132717, 48.911215183693258 ], [ 2.479002409442477, 48.911172370371482 ], [ 2.478856216822983, 48.911184420990487 ], [ 2.478902608220826, 48.911359816561287 ] ] ] } },
{ "type": "Feature", "properties": { }, "geometry": { "type": "Polygon", "coordinates": [ [ [ 2.479146517320211, 48.910292194310635 ], [ 2.479035370156179, 48.910287298987861 ], [ 2.478908363981684, 48.910374013490731 ], [ 2.47905527680595, 48.910425030964355 ], [ 2.479146517320211, 48.910292194310635 ] ] ] } },
{ "type": "Feature", "properties": { }, "geometry": { "type": "Polygon", "coordinates": [ [ [ 2.47905527680595, 48.910425030964355 ], [ 2.479055066509712, 48.910426638659111 ], [ 2.479204026811409, 48.910458998858644 ], [ 2.479203471252245, 48.910294702725757 ], [ 2.479146517320211, 48.910292194310635 ], [ 2.47905527680595, 48.910425030964355 ] ] ] } },
{ "type": "Feature", "properties": { }, "geometry": { "type": "Polygon", "coordinates": [ [ [ 2.479066478489885, 48.91064895105184 ], [ 2.479105683999798, 48.910657237804863 ], [ 2.479158166764823, 48.910653314795745 ], [ 2.479229537882713, 48.910522051439116 ], [ 2.479074191630387, 48.910511552280354 ], [ 2.479066478489885, 48.91064895105184 ] ] ] } },
{ "type": "Feature", "properties": { }, "geometry": { "type": "Polygon", "coordinates": [ [ [ 2.479074191630387, 48.910511552280354 ], [ 2.479229537882713, 48.910522051439116 ], [ 2.479259544230063, 48.910509227495055 ], [ 2.479204026811409, 48.910458998858644 ], [ 2.479055066509712, 48.910426638659111 ], [ 2.479023073354118, 48.910476578149321 ], [ 2.479074191630387, 48.910511552280354 ] ] ] } },
{ "type": "Feature", "properties": { }, "geometry": { "type": "Polygon", "coordinates": [ [ [ 2.479173245929787, 48.911555929992851 ], [ 2.479359614873913, 48.911677164782354 ], [ 2.479761430069836, 48.911556440137687 ], [ 2.479776968721039, 48.911538951211732 ], [ 2.479710501787578, 48.911468793733711 ], [ 2.479441788321452, 48.911423534725124 ], [ 2.479232412367564, 48.911506195935679 ], [ 2.479179505777313, 48.911537821628492 ], [ 2.479173245929787, 48.911555929992851 ] ] ] } },
{ "type": "Feature", "properties": { }, "geometry": { "type": "Polygon", "coordinates": [ [ [ 2.479002409442477, 48.911172370371482 ], [ 2.479154636132717, 48.911215183693258 ], [ 2.479177761078869, 48.91121337628406 ], [ 2.479163485140806, 48.911062036718953 ], [ 2.47909069381978, 48.911044171852296 ], [ 2.479002409442477, 48.911172370371482 ] ] ] } },
{ "type": "Feature", "properties": { }, "geometry": { "type": "Polygon", "coordinates": [ [ [ 2.479179505777313, 48.911537821628492 ], [ 2.479232412367564, 48.911506195935679 ], [ 2.479187783546304, 48.911215351489695 ], [ 2.479177761078869, 48.91121337628406 ], [ 2.479154636132717, 48.911215183693258 ], [ 2.478976028793675, 48.911384655303792 ], [ 2.479179505777313, 48.911537821628492 ] ] ] } },
{ "type": "Feature", "properties": { }, "geometry": { "type": "Polygon", "coordinates": [ [ [ 2.478990073762064, 48.91100072136225 ], [ 2.479061184000521, 48.911018292799703 ], [ 2.479196552203852, 48.910908920153872 ], [ 2.479189459293778, 48.910855183622274 ], [ 2.479102287847735, 48.91083725408668 ], [ 2.479043632574639, 48.910841703708279 ], [ 2.478990073762064, 48.91100072136225 ] ] ] } },
{ "type": "Feature", "properties": { }, "geometry": { "type": "Polygon", "coordinates": [ [ [ 2.479102287847735, 48.91083725408668 ], [ 2.479189459293778, 48.910855183622274 ], [ 2.479214752548987, 48.910845253534383 ], [ 2.479241090458698, 48.910677007266919 ], [ 2.479158166764823, 48.910653314795745 ], [ 2.479105683999798, 48.910657237804863 ], [ 2.479102287847735, 48.91083725408668 ] ] ] } },
{ "type": "Feature", "properties": { }, "geometry": { "type": "Polygon", "coordinates": [ [ [ 2.479061184000521, 48.911018292799703 ], [ 2.47909069381978, 48.911044171852296 ], [ 2.479163485140806, 48.911062036718953 ], [ 2.479255607877821, 48.911046789274415 ], [ 2.479309214193357, 48.911005369118485 ], [ 2.479196552203852, 48.910908920153872 ], [ 2.479061184000521, 48.911018292799703 ] ] ] } },
{ "type": "Feature", "properties": { }, "geometry": { "type": "Polygon", "coordinates": [ [ [ 2.479187783546304, 48.911215351489695 ], [ 2.479250060817107, 48.911210696465673 ], [ 2.479332731128763, 48.911171962504206 ], [ 2.479255607877821, 48.911046789274415 ], [ 2.479163485140806, 48.911062036718953 ], [ 2.479177761078869, 48.91121337628406 ], [ 2.479187783546304, 48.911215351489695 ] ] ] } },
{ "type": "Feature", "properties": { }, "geometry": { "type": "Polygon", "coordinates": [ [ [ 2.479042450675716, 48.91162753775432 ], [ 2.479208675982297, 48.91200529154024 ], [ 2.479481949527206, 48.911968488168846 ], [ 2.479426371063902, 48.91175973048302 ], [ 2.479359614873913, 48.911677164782354 ], [ 2.479173245929787, 48.911555929992851 ], [ 2.479042450675716, 48.91162753775432 ] ] ] } },
{ "type": "Feature", "properties": { }, "geometry": { "type": "Polygon", "coordinates": [ [ [ 2.479229537882713, 48.910522051439116 ], [ 2.479158166764823, 48.910653314795745 ], [ 2.479241090458698, 48.910677007266919 ], [ 2.479292491656293, 48.910673267759599 ], [ 2.479328700945241, 48.910628622126694 ], [ 2.479343028471391, 48.910503156028312 ], [ 2.479259544230063, 48.910509227495055 ], [ 2.479229537882713, 48.910522051439116 ] ] ] } },
{ "type": "Feature", "properties": { }, "geometry": { "type": "Polygon", "coordinates": [ [ [ 2.479214752548987, 48.910845253534383 ], [ 2.479334659849869, 48.910836346293046 ], [ 2.479425015080126, 48.910792603868884 ], [ 2.479383981199263, 48.910713615324191 ], [ 2.479292491656293, 48.910673267759599 ], [ 2.479241090458698, 48.910677007266919 ], [ 2.479214752548987, 48.910845253534383 ] ] ] } },
{ "type": "Feature", "properties": { }, "geometry": { "type": "Polygon", "coordinates": [ [ [ 2.479259544230063, 48.910509227495055 ], [ 2.479343028471391, 48.910503156028312 ], [ 2.479345905590054, 48.910501998189162 ], [ 2.479326958823237, 48.910300141376382 ], [ 2.479203471252245, 48.910294702725757 ], [ 2.479204026811409, 48.910458998858644 ], [ 2.479259544230063, 48.910509227495055 ] ] ] } },
{ "type": "Feature", "properties": { }, "geometry": { "type": "Polygon", "coordinates": [ [ [ 2.479189459293778, 48.910855183622274 ], [ 2.479196552203852, 48.910908920153872 ], [ 2.479309214193357, 48.911005369118485 ], [ 2.479384711093748, 48.91099997478829 ], [ 2.479389553088713, 48.910916540817844 ], [ 2.479334659849869, 48.910836346293046 ], [ 2.479214752548987, 48.910845253534383 ], [ 2.479189459293778, 48.910855183622274 ] ] ] } },
{ "type": "Feature", "properties": { }, "geometry": { "type": "Polygon", "coordinates": [ [ [ 2.478963818956544, 48.912398797681114 ], [ 2.47900723606449, 48.912463285127579 ], [ 2.4795223, 48.9124021 ], [ 2.480000797725043, 48.912342715824195 ], [ 2.480001056368863, 48.912236956523394 ], [ 2.479952509199839, 48.912106836701732 ], [ 2.479874047161833, 48.912077496258497 ], [ 2.479002650004345, 48.912336290546712 ], [ 2.478963818956544, 48.912398797681114 ] ] ] } },
{ "type": "Feature", "properties": { }, "geometry": { "type": "Polygon", "coordinates": [ [ [ 2.479441788321452, 48.911423534725124 ], [ 2.479442099939719, 48.911400082810424 ], [ 2.479250060817107, 48.911210696465673 ], [ 2.479187783546304, 48.911215351489695 ], [ 2.479232412367564, 48.911506195935679 ], [ 2.479441788321452, 48.911423534725124 ] ] ] } },
{ "type": "Feature", "properties": { }, "geometry": { "type": "Polygon", "coordinates": [ [ [ 2.479345905590054, 48.910501998189162 ], [ 2.479449784089571, 48.910511956228 ], [ 2.479532674788484, 48.910476554371861 ], [ 2.479580846190677, 48.910311383922895 ], [ 2.479544, 48.9103097 ], [ 2.479326958823237, 48.910300141376382 ], [ 2.479345905590054, 48.910501998189162 ] ] ] } },
{ "type": "Feature", "properties": { }, "geometry": { "type": "Polygon", "coordinates": [ [ [ 2.479250060817107, 48.911210696465673 ], [ 2.479442099939719, 48.911400082810424 ], [ 2.479463889758345, 48.911355235704924 ], [ 2.479475798575341, 48.911184291185513 ], [ 2.479471781097518, 48.911180695028797 ], [ 2.479384743592453, 48.91116832219744 ], [ 2.479332731128763, 48.911171962504206 ], [ 2.479250060817107, 48.911210696465673 ] ] ] } },
{ "type": "Feature", "properties": { }, "geometry": { "type": "Polygon", "coordinates": [ [ [ 2.479343028471391, 48.910503156028312 ], [ 2.479328700945241, 48.910628622126694 ], [ 2.479504014674832, 48.910610451832497 ], [ 2.479449784089571, 48.910511956228 ], [ 2.479345905590054, 48.910501998189162 ], [ 2.479343028471391, 48.910503156028312 ] ] ] } },
{ "type": "Feature", "properties": { }, "geometry": { "type": "Polygon", "coordinates": [ [ [ 2.479383981199263, 48.910713615324191 ], [ 2.479530944987862, 48.91063305337272 ], [ 2.479504014674832, 48.910610451832497 ], [ 2.479328700945241, 48.910628622126694 ], [ 2.479292491656293, 48.910673267759599 ], [ 2.479383981199263, 48.910713615324191 ] ] ] } },
{ "type": "Feature", "properties": { }, "geometry": { "type": "Polygon", "coordinates": [ [ [ 2.479255607877821, 48.911046789274415 ], [ 2.479332731128763, 48.911171962504206 ], [ 2.479384743592453, 48.91116832219744 ], [ 2.479395134894133, 48.911002969445491 ], [ 2.479384711093748, 48.91099997478829 ], [ 2.479309214193357, 48.911005369118485 ], [ 2.479255607877821, 48.911046789274415 ] ] ] } },
{ "type": "Feature", "properties": { }, "geometry": { "type": "Polygon", "coordinates": [ [ [ 2.479334659849869, 48.910836346293046 ], [ 2.479389553088713, 48.910916540817844 ], [ 2.479538613104286, 48.910887417138582 ], [ 2.479497414976631, 48.910802501608039 ], [ 2.479425015080126, 48.910792603868884 ], [ 2.479334659849869, 48.910836346293046 ] ] ] } },
{ "type": "Feature", "properties": { }, "geometry": { "type": "Polygon", "coordinates": [ [ [ 2.479395134894133, 48.911002969445491 ], [ 2.479412593735723, 48.911004166552459 ], [ 2.479432608903932, 48.911002846494611 ], [ 2.479576776455652, 48.910922812853961 ], [ 2.479538613104286, 48.910887417138582 ], [ 2.479389553088713, 48.910916540817844 ], [ 2.479384711093748, 48.91099997478829 ], [ 2.479395134894133, 48.911002969445491 ] ] ] } },
{ "type": "Feature", "properties": { }, "geometry": { "type": "Polygon", "coordinates": [ [ [ 2.479384743592453, 48.91116832219744 ], [ 2.479471781097518, 48.911180695028797 ], [ 2.479492286397988, 48.911151732726992 ], [ 2.479412593735723, 48.911004166552459 ], [ 2.479395134894133, 48.911002969445491 ], [ 2.479384743592453, 48.91116832219744 ] ] ] } },
{ "type": "Feature", "properties": { }, "geometry": { "type": "Polygon", "coordinates": [ [ [ 2.479426371063902, 48.91175973048302 ], [ 2.479719842472437, 48.911653979195776 ], [ 2.479761430069836, 48.911556440137687 ], [ 2.479359614873913, 48.911677164782354 ], [ 2.479426371063902, 48.91175973048302 ] ] ] } },
{ "type": "Feature", "properties": { }, "geometry": { "type": "Polygon", "coordinates": [ [ [ 2.480868526574603, 48.91211458664749 ], [ 2.480001056368863, 48.912236956523394 ], [ 2.480000797725043, 48.912342715824195 ], [ 2.4800114, 48.9123414 ], [ 2.4801116, 48.9123303 ], [ 2.4804508, 48.912292799999989 ], [ 2.4806377, 48.9122722 ], [ 2.480906285590882, 48.912242587215154 ], [ 2.480868526574603, 48.91211458664749 ] ] ] } },
{ "type": "Feature", "properties": { }, "geometry": { "type": "Polygon", "coordinates": [ [ [ 2.480178009305716, 48.911905141740334 ], [ 2.480223913928921, 48.911690360010411 ], [ 2.480215506212762, 48.911641636552787 ], [ 2.479916621392289, 48.911560582834007 ], [ 2.479776968721039, 48.911538951211732 ], [ 2.479761430069836, 48.911556440137687 ], [ 2.479719842472437, 48.911653979195776 ], [ 2.479823247540843, 48.912055674353454 ], [ 2.479874047161833, 48.912077496258497 ], [ 2.479952509199839, 48.912106836701732 ], [ 2.480178009305716, 48.911905141740334 ] ] ] } },
{ "type": "Feature", "properties": { }, "geometry": { "type": "Polygon", "coordinates": [ [ [ 2.479952509199839, 48.912106836701732 ], [ 2.480001056368863, 48.912236956523394 ], [ 2.480868526574603, 48.91211458664749 ], [ 2.480897191822228, 48.912051242738762 ], [ 2.480777872298792, 48.911925558377249 ], [ 2.480178009305716, 48.911905141740334 ], [ 2.479952509199839, 48.912106836701732 ] ] ] } },
{ "type": "Feature", "properties": { }, "geometry": { "type": "Polygon", "coordinates": [ [ [ 2.479530944987862, 48.91063305337272 ], [ 2.479599231297055, 48.91064845921062 ], [ 2.479636155174943, 48.910636150207893 ], [ 2.479608060921721, 48.910499840398167 ], [ 2.479532674788484, 48.910476554371861 ], [ 2.479449784089571, 48.910511956228 ], [ 2.479504014674832, 48.910610451832497 ], [ 2.479530944987862, 48.91063305337272 ] ] ] } },
{ "type": "Feature", "properties": { }, "geometry": { "type": "Polygon", "coordinates": [ [ [ 2.479425015080126, 48.910792603868884 ], [ 2.479497414976631, 48.910802501608039 ], [ 2.479591911151681, 48.91076550891168 ], [ 2.479599231297055, 48.91064845921062 ], [ 2.479530944987862, 48.91063305337272 ], [ 2.479383981199263, 48.910713615324191 ], [ 2.479425015080126, 48.910792603868884 ] ] ] } },
{ "type": "Feature", "properties": { }, "geometry": { "type": "Polygon", "coordinates": [ [ [ 2.479492286397988, 48.911151732726992 ], [ 2.479589747242235, 48.911069984048069 ], [ 2.479432608903932, 48.911002846494611 ], [ 2.479412593735723, 48.911004166552459 ], [ 2.479492286397988, 48.911151732726992 ] ] ] } },
{ "type": "Feature", "properties": { }, "geometry": { "type": "Polygon", "coordinates": [ [ [ 2.479475798575341, 48.911184291185513 ], [ 2.479537687226022, 48.911193605355862 ], [ 2.479679608827051, 48.911100662341326 ], [ 2.479675455175662, 48.911084420927345 ], [ 2.479639916422014, 48.91106201355187 ], [ 2.479589747242235, 48.911069984048069 ], [ 2.479492286397988, 48.911151732726992 ], [ 2.479471781097518, 48.911180695028797 ], [ 2.479475798575341, 48.911184291185513 ] ] ] } },
{ "type": "Feature", "properties": { }, "geometry": { "type": "Polygon", "coordinates": [ [ [ 2.479754706714511, 48.910345543488653 ], [ 2.479817649584636, 48.910524082752318 ], [ 2.47981898680783, 48.910524091745806 ], [ 2.479855882999254, 48.910515002325944 ], [ 2.4798993850629, 48.910486542589908 ], [ 2.479951279912926, 48.910369451182468 ], [ 2.479954324309884, 48.910328008090367 ], [ 2.47975341842042, 48.910319143854615 ], [ 2.479754706714511, 48.910345543488653 ] ] ] } },
{ "type": "Feature", "properties": { }, "geometry": { "type": "Polygon", "coordinates": [ [ [ 2.479576776455652, 48.910922812853961 ], [ 2.479664860173986, 48.910938962161488 ], [ 2.479677066963387, 48.910921684237351 ], [ 2.479667348694854, 48.9107847146891 ], [ 2.479591911151681, 48.91076550891168 ], [ 2.479497414976631, 48.910802501608039 ], [ 2.479538613104286, 48.910887417138582 ], [ 2.479576776455652, 48.910922812853961 ] ] ] } },
{ "type": "Feature", "properties": { }, "geometry": { "type": "Polygon", "coordinates": [ [ [ 2.479589747242235, 48.911069984048069 ], [ 2.479639916422014, 48.91106201355187 ], [ 2.479681203165473, 48.910956992567108 ], [ 2.479664860173986, 48.910938962161488 ], [ 2.479576776455652, 48.910922812853961 ], [ 2.479432608903932, 48.911002846494611 ], [ 2.479589747242235, 48.911069984048069 ] ] ] } },
{ "type": "Feature", "properties": { }, "geometry": { "type": "Polygon", "coordinates": [ [ [ 2.479441788321452, 48.911423534725124 ], [ 2.479710501787578, 48.911468793733711 ], [ 2.479712195489666, 48.911466346361507 ], [ 2.479743675284333, 48.911306575549482 ], [ 2.479720298375442, 48.911279437585158 ], [ 2.479661062980862, 48.911246187781487 ], [ 2.479463889758345, 48.911355235704924 ], [ 2.479442099939719, 48.911400082810424 ], [ 2.479441788321452, 48.911423534725124 ] ] ] } },
{ "type": "Feature", "properties": { }, "geometry": { "type": "Polygon", "coordinates": [ [ [ 2.479481949527206, 48.911968488168846 ], [ 2.479823247540843, 48.912055674353454 ], [ 2.479719842472437, 48.911653979195776 ], [ 2.479426371063902, 48.91175973048302 ], [ 2.479481949527206, 48.911968488168846 ] ] ] } },
{ "type": "Feature", "properties": { }, "geometry": { "type": "Polygon", "coordinates": [ [ [ 2.479463889758345, 48.911355235704924 ], [ 2.479661062980862, 48.911246187781487 ], [ 2.479642262823754, 48.911214524397316 ], [ 2.479537687226022, 48.911193605355862 ], [ 2.479475798575341, 48.911184291185513 ], [ 2.479463889758345, 48.911355235704924 ] ] ] } },
{ "type": "Feature", "properties": { }, "geometry": { "type": "Polygon", "coordinates": [ [ [ 2.479636155174943, 48.910636150207893 ], [ 2.479729940620219, 48.910628342277583 ], [ 2.479792778695247, 48.910534972783438 ], [ 2.479659346992514, 48.910497460699034 ], [ 2.479608060921721, 48.910499840398167 ], [ 2.479636155174943, 48.910636150207893 ] ] ] } },
{ "type": "Feature", "properties": { }, "geometry": { "type": "Polygon", "coordinates": [ [ [ 2.479642262823754, 48.911214524397316 ], [ 2.479702481793926, 48.9111617854822 ], [ 2.479679608827051, 48.911100662341326 ], [ 2.479537687226022, 48.911193605355862 ], [ 2.479642262823754, 48.911214524397316 ] ] ] } },
{ "type": "Feature", "properties": { }, "geometry": { "type": "Polygon", "coordinates": [ [ [ 2.479675455175662, 48.911084420927345 ], [ 2.479780077498477, 48.91107925560032 ], [ 2.479804883742017, 48.910973276137476 ], [ 2.479681203165473, 48.910956992567108 ], [ 2.479639916422014, 48.91106201355187 ], [ 2.479675455175662, 48.911084420927345 ] ] ] } },
{ "type": "Feature", "properties": { }, "geometry": { "type": "Polygon", "coordinates": [ [ [ 2.479667348694854, 48.9107847146891 ], [ 2.479692060348242, 48.910782301045735 ], [ 2.479778622641744, 48.910660925915671 ], [ 2.479729940620219, 48.910628342277583 ], [ 2.479636155174943, 48.910636150207893 ], [ 2.479599231297055, 48.91064845921062 ], [ 2.479591911151681, 48.91076550891168 ], [ 2.479667348694854, 48.9107847146891 ] ] ] } },
{ "type": "Feature", "properties": { }, "geometry": { "type": "Polygon", "coordinates": [ [ [ 2.479664860173986, 48.910938962161488 ], [ 2.479681203165473, 48.910956992567108 ], [ 2.479804883742017, 48.910973276137476 ], [ 2.479857869810402, 48.910970106581026 ], [ 2.479851604672999, 48.910825287761476 ], [ 2.479677066963387, 48.910921684237351 ], [ 2.479664860173986, 48.910938962161488 ] ] ] } },
{ "type": "Feature", "properties": { }, "geometry": { "type": "Polygon", "coordinates": [ [ [ 2.479677066963387, 48.910921684237351 ], [ 2.479851604672999, 48.910825287761476 ], [ 2.479861579390924, 48.910811210992087 ], [ 2.479692060348242, 48.910782301045735 ], [ 2.479667348694854, 48.9107847146891 ], [ 2.479677066963387, 48.910921684237351 ] ] ] } },
{ "type": "Feature", "properties": { }, "geometry": { "type": "Polygon", "coordinates": [ [ [ 2.479710501787578, 48.911468793733711 ], [ 2.479776968721039, 48.911538951211732 ], [ 2.479916621392289, 48.911560582834007 ], [ 2.480015467771374, 48.911359151488632 ], [ 2.479987734701295, 48.911337305458616 ], [ 2.479967531092116, 48.91133346529017 ], [ 2.479712195489666, 48.911466346361507 ], [ 2.479710501787578, 48.911468793733711 ] ] ] } },
{ "type": "Feature", "properties": { }, "geometry": { "type": "Polygon", "coordinates": [ [ [ 2.479661062980862, 48.911246187781487 ], [ 2.479720298375442, 48.911279437585158 ], [ 2.479816720297271, 48.911184374746753 ], [ 2.479814314938917, 48.911175433763745 ], [ 2.479702481793926, 48.9111617854822 ], [ 2.479642262823754, 48.911214524397316 ], [ 2.479661062980862, 48.911246187781487 ] ] ] } },
{ "type": "Feature", "properties": { }, "geometry": { "type": "Polygon", "coordinates": [ [ [ 2.479712195489666, 48.911466346361507 ], [ 2.479967531092116, 48.91133346529017 ], [ 2.479907548445679, 48.911264373463268 ], [ 2.47990108590124, 48.91126351415739 ], [ 2.479743675284333, 48.911306575549482 ], [ 2.479712195489666, 48.911466346361507 ] ] ] } },
{ "type": "Feature", "properties": { }, "geometry": { "type": "Polygon", "coordinates": [ [ [ 2.479608060921721, 48.910499840398167 ], [ 2.479659346992514, 48.910497460699034 ], [ 2.479754706714511, 48.910345543488653 ], [ 2.47975341842042, 48.910319143854615 ], [ 2.4796731, 48.9103156 ], [ 2.479580846190677, 48.910311383922895 ], [ 2.479532674788484, 48.910476554371861 ], [ 2.479608060921721, 48.910499840398167 ] ] ] } },
{ "type": "Feature", "properties": { }, "geometry": { "type": "Polygon", "coordinates": [ [ [ 2.479792778695247, 48.910534972783438 ], [ 2.479817649584636, 48.910524082752318 ], [ 2.479754706714511, 48.910345543488653 ], [ 2.479659346992514, 48.910497460699034 ], [ 2.479792778695247, 48.910534972783438 ] ] ] } },
{ "type": "Feature", "properties": { }, "geometry": { "type": "Polygon", "coordinates": [ [ [ 2.479778622641744, 48.910660925915671 ], [ 2.479857827659395, 48.910686318528477 ], [ 2.479902382158977, 48.910651418653167 ], [ 2.47989460200137, 48.910582511127558 ], [ 2.47981898680783, 48.910524091745806 ], [ 2.479817649584636, 48.910524082752318 ], [ 2.479792778695247, 48.910534972783438 ], [ 2.479729940620219, 48.910628342277583 ], [ 2.479778622641744, 48.910660925915671 ] ] ] } },
{ "type": "Feature", "properties": { }, "geometry": { "type": "Polygon", "coordinates": [ [ [ 2.479692060348242, 48.910782301045735 ], [ 2.479861579390924, 48.910811210992087 ], [ 2.479863121400032, 48.910810626865135 ], [ 2.47987802264782, 48.910712832732457 ], [ 2.479857827659395, 48.910686318528477 ], [ 2.479778622641744, 48.910660925915671 ], [ 2.479692060348242, 48.910782301045735 ] ] ] } },
{ "type": "Feature", "properties": { }, "geometry": { "type": "Polygon", "coordinates": [ [ [ 2.479720298375442, 48.911279437585158 ], [ 2.479743675284333, 48.911306575549482 ], [ 2.47990108590124, 48.91126351415739 ], [ 2.479816720297271, 48.911184374746753 ], [ 2.479720298375442, 48.911279437585158 ] ] ] } },
{ "type": "Feature", "properties": { }, "geometry": { "type": "Polygon", "coordinates": [ [ [ 2.479679608827051, 48.911100662341326 ], [ 2.479702481793926, 48.9111617854822 ], [ 2.479814314938917, 48.911175433763745 ], [ 2.479897526370863, 48.91110974783075 ], [ 2.479780077498477, 48.91107925560032 ], [ 2.479675455175662, 48.911084420927345 ], [ 2.479679608827051, 48.911100662341326 ] ] ] } },
{ "type": "Feature", "properties": { }, "geometry": { "type": "Polygon", "coordinates": [ [ [ 2.479897526370863, 48.91110974783075 ], [ 2.479907111112232, 48.911107570430943 ], [ 2.479935911591688, 48.911089732596558 ], [ 2.479930336286808, 48.910990546218613 ], [ 2.479857869810402, 48.910970106581026 ], [ 2.479804883742017, 48.910973276137476 ], [ 2.479780077498477, 48.91107925560032 ], [ 2.479897526370863, 48.91110974783075 ] ] ] } },
{ "type": "Feature", "properties": { }, "geometry": { "type": "Polygon", "coordinates": [ [ [ 2.479930336286808, 48.910990546218613 ], [ 2.480035963475204, 48.910943726532281 ], [ 2.479947816375267, 48.910827641753336 ], [ 2.479863121400032, 48.910810626865135 ], [ 2.479861579390924, 48.910811210992087 ], [ 2.479851604672999, 48.910825287761476 ], [ 2.479857869810402, 48.910970106581026 ], [ 2.479930336286808, 48.910990546218613 ] ] ] } },
{ "type": "Feature", "properties": { }, "geometry": { "type": "Polygon", "coordinates": [ [ [ 2.479816720297271, 48.911184374746753 ], [ 2.47990108590124, 48.91126351415739 ], [ 2.479907548445679, 48.911264373463268 ], [ 2.479971956594949, 48.91122067371959 ], [ 2.479907111112232, 48.911107570430943 ], [ 2.479897526370863, 48.91110974783075 ], [ 2.479814314938917, 48.911175433763745 ], [ 2.479816720297271, 48.911184374746753 ] ] ] } },
{ "type": "Feature", "properties": { }, "geometry": { "type": "Polygon", "coordinates": [ [ [ 2.480045302095136, 48.911368758411498 ], [ 2.480015467771374, 48.911359151488632 ], [ 2.479916621392289, 48.911560582834007 ], [ 2.480215506212762, 48.911641636552787 ], [ 2.480235625012927, 48.911620113318321 ], [ 2.48023636309189, 48.911592681218153 ], [ 2.480045302095136, 48.911368758411498 ] ] ] } },
{ "type": "Feature", "properties": { }, "geometry": { "type": "Polygon", "coordinates": [ [ [ 2.48023636309189, 48.911592681218153 ], [ 2.480315570028294, 48.91131221437923 ], [ 2.480045302095136, 48.911368758411498 ], [ 2.48023636309189, 48.911592681218153 ] ] ] } },
{ "type": "Feature", "properties": { }, "geometry": { "type": "Polygon", "coordinates": [ [ [ 2.479951279912926, 48.910369451182468 ], [ 2.480010497543335, 48.910483385664335 ], [ 2.480073803591291, 48.910509038667705 ], [ 2.480091899069006, 48.910503177597796 ], [ 2.480275110904281, 48.91037406424325 ], [ 2.480244, 48.9103277 ], [ 2.4801128, 48.910335 ], [ 2.479954324309884, 48.910328008090367 ], [ 2.479951279912926, 48.910369451182468 ] ] ] } },
{ "type": "Feature", "properties": { }, "geometry": { "type": "Polygon", "coordinates": [ [ [ 2.480004292089675, 48.910621552471802 ], [ 2.480058119821091, 48.910637184259855 ], [ 2.480082181077947, 48.910619284605218 ], [ 2.480073516277228, 48.910509337402324 ], [ 2.479992119988263, 48.910546874331757 ], [ 2.47998361868972, 48.910588302014439 ], [ 2.480004292089675, 48.910621552471802 ] ] ] } },
{ "type": "Feature", "properties": { }, "geometry": { "type": "Polygon", "coordinates": [ [ [ 2.47998361868972, 48.910588302014439 ], [ 2.47989460200137, 48.910582511127558 ], [ 2.479902382158977, 48.910651418653167 ], [ 2.480004292089675, 48.910621552471802 ], [ 2.47998361868972, 48.910588302014439 ] ] ] } },
{ "type": "Feature", "properties": { }, "geometry": { "type": "Polygon", "coordinates": [ [ [ 2.479857827659395, 48.910686318528477 ], [ 2.47987802264782, 48.910712832732457 ], [ 2.480012188930714, 48.910709829247743 ], [ 2.480065809142266, 48.910660031754844 ], [ 2.480058119821091, 48.910637184259855 ], [ 2.480004292089675, 48.910621552471802 ], [ 2.479902382158977, 48.910651418653167 ], [ 2.479857827659395, 48.910686318528477 ] ] ] } },
{ "type": "Feature", "properties": { }, "geometry": { "type": "Polygon", "coordinates": [ [ [ 2.479855882999254, 48.910515002325944 ], [ 2.47981898680783, 48.910524091745806 ], [ 2.47989460200137, 48.910582511127558 ], [ 2.47998361868972, 48.910588302014439 ], [ 2.479992119988263, 48.910546874331757 ], [ 2.479855882999254, 48.910515002325944 ] ] ] } },
{ "type": "Feature", "properties": { }, "geometry": { "type": "Polygon", "coordinates": [ [ [ 2.479992119988263, 48.910546874331757 ], [ 2.480073516277228, 48.910509337402324 ], [ 2.480073803591291, 48.910509038667705 ], [ 2.480010497543335, 48.910483385664335 ], [ 2.4798993850629, 48.910486542589908 ], [ 2.479855882999254, 48.910515002325944 ], [ 2.479992119988263, 48.910546874331757 ] ] ] } },
{ "type": "Feature", "properties": { }, "geometry": { "type": "Polygon", "coordinates": [ [ [ 2.479907111112232, 48.911107570430943 ], [ 2.479971956594949, 48.91122067371959 ], [ 2.480066938904186, 48.911215606482415 ], [ 2.480112923268434, 48.911122829183498 ], [ 2.480098795264761, 48.911114294411306 ], [ 2.479935911591688, 48.911089732596558 ], [ 2.479907111112232, 48.911107570430943 ] ] ] } },
{ "type": "Feature", "properties": { }, "geometry": { "type": "Polygon", "coordinates": [ [ [ 2.479935911591688, 48.911089732596558 ], [ 2.480098795264761, 48.911114294411306 ], [ 2.480124102016753, 48.910955660841971 ], [ 2.480055340397269, 48.910944348038804 ], [ 2.480035963475204, 48.910943726532281 ], [ 2.479930336286808, 48.910990546218613 ], [ 2.479935911591688, 48.911089732596558 ] ] ] } },
{ "type": "Feature", "properties": { }, "geometry": { "type": "Polygon", "coordinates": [ [ [ 2.479907548445679, 48.911264373463268 ], [ 2.479967531092116, 48.91133346529017 ], [ 2.479987734701295, 48.911337305458616 ], [ 2.48011269908038, 48.911261839472374 ], [ 2.480066938904186, 48.911215606482415 ], [ 2.479971956594949, 48.91122067371959 ], [ 2.479907548445679, 48.911264373463268 ] ] ] } },
{ "type": "Feature", "properties": { }, "geometry": { "type": "Polygon", "coordinates": [ [ [ 2.4798993850629, 48.910486542589908 ], [ 2.480010497543335, 48.910483385664335 ], [ 2.479951279912926, 48.910369451182468 ], [ 2.4798993850629, 48.910486542589908 ] ] ] } },
{ "type": "Feature", "properties": { }, "geometry": { "type": "Polygon", "coordinates": [ [ [ 2.479863121400032, 48.910810626865135 ], [ 2.479947816375267, 48.910827641753336 ], [ 2.480066881471303, 48.910785529253296 ], [ 2.480012188930714, 48.910709829247743 ], [ 2.47987802264782, 48.910712832732457 ], [ 2.479863121400032, 48.910810626865135 ] ] ] } },
{ "type": "Feature", "properties": { }, "geometry": { "type": "Polygon", "coordinates": [ [ [ 2.480035963475204, 48.910943726532281 ], [ 2.480055340397269, 48.910944348038804 ], [ 2.480111761168326, 48.910788755980143 ], [ 2.480066881471303, 48.910785529253296 ], [ 2.479947816375267, 48.910827641753336 ], [ 2.480035963475204, 48.910943726532281 ] ] ] } },
{ "type": "Feature", "properties": { }, "geometry": { "type": "Polygon", "coordinates": [ [ [ 2.480012188930714, 48.910709829247743 ], [ 2.480066881471303, 48.910785529253296 ], [ 2.480111761168326, 48.910788755980143 ], [ 2.480124088680951, 48.910787575650261 ], [ 2.480177803122901, 48.910705344976158 ], [ 2.480065809142266, 48.910660031754844 ], [ 2.480012188930714, 48.910709829247743 ] ] ] } },
{ "type": "Feature", "properties": { }, "geometry": { "type": "Polygon", "coordinates": [ [ [ 2.480235625012927, 48.911620113318321 ], [ 2.480303250090966, 48.911601547201066 ], [ 2.480560366533284, 48.911446803195055 ], [ 2.480546602628295, 48.911383176221548 ], [ 2.480437550298746, 48.911312576791332 ], [ 2.48033456157466, 48.911299877462419 ], [ 2.480316876018489, 48.911310130684456 ], [ 2.480315570028294, 48.91131221437923 ], [ 2.48023636309189, 48.911592681218153 ], [ 2.480235625012927, 48.911620113318321 ] ] ] } },
{ "type": "Feature", "properties": { }, "geometry": { "type": "Polygon", "coordinates": [ [ [ 2.480015467771374, 48.911359151488632 ], [ 2.480045302095136, 48.911368758411498 ], [ 2.480315570028294, 48.91131221437923 ], [ 2.480316876018489, 48.911310130684456 ], [ 2.48011269908038, 48.911261839472374 ], [ 2.479987734701295, 48.911337305458616 ], [ 2.480015467771374, 48.911359151488632 ] ] ] } },
{ "type": "Feature", "properties": { }, "geometry": { "type": "Polygon", "coordinates": [ [ [ 2.480082181077947, 48.910619284605218 ], [ 2.480191925293002, 48.910595910598701 ], [ 2.480091899069006, 48.910503177597796 ], [ 2.480073803591291, 48.910509038667705 ], [ 2.480073516277228, 48.910509337402324 ], [ 2.480082181077947, 48.910619284605218 ] ] ] } },
{ "type": "Feature", "properties": { }, "geometry": { "type": "Polygon", "coordinates": [ [ [ 2.48011269908038, 48.911261839472374 ], [ 2.480316876018489, 48.911310130684456 ], [ 2.48033456157466, 48.911299877462419 ], [ 2.480336938019058, 48.911252957546274 ], [ 2.48015533658205, 48.911124274503003 ], [ 2.480112923268434, 48.911122829183498 ], [ 2.480066938904186, 48.911215606482415 ], [ 2.48011269908038, 48.911261839472374 ] ] ] } },
{ "type": "Feature", "properties": { }, "geometry": { "type": "Polygon", "coordinates": [ [ [ 2.480124102016753, 48.910955660841971 ], [ 2.480200946523441, 48.910944789346793 ], [ 2.480215033068774, 48.910928077200744 ], [ 2.480177691194863, 48.910814099416235 ], [ 2.480124088680951, 48.910787575650261 ], [ 2.480111761168326, 48.910788755980143 ], [ 2.480055340397269, 48.910944348038804 ], [ 2.480124102016753, 48.910955660841971 ] ] ] } },
{ "type": "Feature", "properties": { }, "geometry": { "type": "Polygon", "coordinates": [ [ [ 2.480058119821091, 48.910637184259855 ], [ 2.480065809142266, 48.910660031754844 ], [ 2.480177803122901, 48.910705344976158 ], [ 2.48020819214056, 48.910697099688718 ], [ 2.480316133661902, 48.910611020915489 ], [ 2.480191925293002, 48.910595910598701 ], [ 2.480082181077947, 48.910619284605218 ], [ 2.480058119821091, 48.910637184259855 ] ] ] } },
{ "type": "Feature", "properties": { }, "geometry": { "type": "Polygon", "coordinates": [ [ [ 2.480124088680951, 48.910787575650261 ], [ 2.480177691194863, 48.910814099416235 ], [ 2.48031757122292, 48.910784991128033 ], [ 2.48020819214056, 48.910697099688718 ], [ 2.480177803122901, 48.910705344976158 ], [ 2.480124088680951, 48.910787575650261 ] ] ] } },
{ "type": "Feature", "properties": { }, "geometry": { "type": "Polygon", "coordinates": [ [ [ 2.480112923268434, 48.911122829183498 ], [ 2.48015533658205, 48.911124274503003 ], [ 2.480285326501413, 48.911059483436439 ], [ 2.480276138709412, 48.911006521283142 ], [ 2.480200946523441, 48.910944789346793 ], [ 2.480124102016753, 48.910955660841971 ], [ 2.480098795264761, 48.911114294411306 ], [ 2.480112923268434, 48.911122829183498 ] ] ] } },
{ "type": "Feature", "properties": { }, "geometry": { "type": "Polygon", "coordinates": [ [ [ 2.480091899069006, 48.910503177597796 ], [ 2.480191925293002, 48.910595910598701 ], [ 2.480316133661902, 48.910611020915489 ], [ 2.480415228634978, 48.910582879005645 ], [ 2.480275110904281, 48.91037406424325 ], [ 2.480091899069006, 48.910503177597796 ] ] ] } },
{ "type": "Feature", "properties": { }, "geometry": { "type": "Polygon", "coordinates": [ [ [ 2.480223913928921, 48.911690360010411 ], [ 2.480846694616156, 48.911734844927075 ], [ 2.480889380522715, 48.911692694950759 ], [ 2.480717538897684, 48.911619291759031 ], [ 2.480487620617834, 48.911591295166716 ], [ 2.480303250090966, 48.911601547201066 ], [ 2.480235625012927, 48.911620113318321 ], [ 2.480215506212762, 48.911641636552787 ], [ 2.480223913928921, 48.911690360010411 ] ] ] } },
{ "type": "Feature", "properties": { }, "geometry": { "type": "Polygon", "coordinates": [ [ [ 2.48033456157466, 48.911299877462419 ], [ 2.480437550298746, 48.911312576791332 ], [ 2.480587525618892, 48.91125866586259 ], [ 2.480683447115389, 48.911170929597226 ], [ 2.480566912554589, 48.911159628241819 ], [ 2.480376464544652, 48.911199822150991 ], [ 2.480336938019058, 48.911252957546274 ], [ 2.48033456157466, 48.911299877462419 ] ] ] } },
{ "type": "Feature", "properties": { }, "geometry": { "type": "Polygon", "coordinates": [ [ [ 2.480336938019058, 48.911252957546274 ], [ 2.480376464544652, 48.911199822150991 ], [ 2.480378705824139, 48.911103203085773 ], [ 2.480285326501413, 48.911059483436439 ], [ 2.48015533658205, 48.911124274503003 ], [ 2.480336938019058, 48.911252957546274 ] ] ] } },
{ "type": "Feature", "properties": { }, "geometry": { "type": "Polygon", "coordinates": [ [ [ 2.480200946523441, 48.910944789346793 ], [ 2.480276138709412, 48.911006521283142 ], [ 2.480451601153148, 48.910974613498709 ], [ 2.480331187264237, 48.910886564999117 ], [ 2.480215033068774, 48.910928077200744 ], [ 2.480200946523441, 48.910944789346793 ] ] ] } },
{ "type": "Feature", "properties": { }, "geometry": { "type": "Polygon", "coordinates": [ [ [ 2.480316133661902, 48.910611020915489 ], [ 2.48020819214056, 48.910697099688718 ], [ 2.48031757122292, 48.910784991128033 ], [ 2.480421396368397, 48.910798099750266 ], [ 2.480537247740265, 48.910764722770637 ], [ 2.4805371, 48.9107645 ], [ 2.480415228634978, 48.910582879005645 ], [ 2.480316133661902, 48.910611020915489 ] ] ] } },
{ "type": "Feature", "properties": { }, "geometry": { "type": "Polygon", "coordinates": [ [ [ 2.480215033068774, 48.910928077200744 ], [ 2.480331187264237, 48.910886564999117 ], [ 2.480421396368397, 48.910798099750266 ], [ 2.48031757122292, 48.910784991128033 ], [ 2.480177691194863, 48.910814099416235 ], [ 2.480215033068774, 48.910928077200744 ] ] ] } },
{ "type": "Feature", "properties": { }, "geometry": { "type": "Polygon", "coordinates": [ [ [ 2.480421396368397, 48.910798099750266 ], [ 2.480331187264237, 48.910886564999117 ], [ 2.480451601153148, 48.910974613498709 ], [ 2.480548735333046, 48.910986570647026 ], [ 2.480663732131072, 48.910955441875927 ], [ 2.480537247740265, 48.910764722770637 ], [ 2.480421396368397, 48.910798099750266 ] ] ] } },
{ "type": "Feature", "properties": { }, "geometry": { "type": "Polygon", "coordinates": [ [ [ 2.480285326501413, 48.911059483436439 ], [ 2.480378705824139, 48.911103203085773 ], [ 2.480453820564155, 48.911075434856954 ], [ 2.480548735333046, 48.910986570647026 ], [ 2.480451601153148, 48.910974613498709 ], [ 2.480276138709412, 48.911006521283142 ], [ 2.480285326501413, 48.911059483436439 ] ] ] } },
{ "type": "Feature", "properties": { }, "geometry": { "type": "Polygon", "coordinates": [ [ [ 2.480378705824139, 48.911103203085773 ], [ 2.480376464544652, 48.911199822150991 ], [ 2.480566912554589, 48.911159628241819 ], [ 2.480453820564155, 48.911075434856954 ], [ 2.480378705824139, 48.911103203085773 ] ] ] } },
{ "type": "Feature", "properties": { }, "geometry": { "type": "Polygon", "coordinates": [ [ [ 2.480548735333046, 48.910986570647026 ], [ 2.480453820564155, 48.911075434856954 ], [ 2.480566912554589, 48.911159628241819 ], [ 2.480683447115389, 48.911170929597226 ], [ 2.48078552354385, 48.911139083179407 ], [ 2.480663732131072, 48.910955441875927 ], [ 2.480548735333046, 48.910986570647026 ] ] ] } },
{ "type": "Feature", "properties": { }, "geometry": { "type": "Polygon", "coordinates": [ [ [ 2.480303250090966, 48.911601547201066 ], [ 2.480487620617834, 48.911591295166716 ], [ 2.480653659549816, 48.911516487106013 ], [ 2.480666432536098, 48.911475108786149 ], [ 2.480560366533284, 48.911446803195055 ], [ 2.480303250090966, 48.911601547201066 ] ] ] } },
{ "type": "Feature", "properties": { }, "geometry": { "type": "Polygon", "coordinates": [ [ [ 2.480683447115389, 48.911170929597226 ], [ 2.480587525618892, 48.91125866586259 ], [ 2.480696205341476, 48.911350557087729 ], [ 2.480941542657859, 48.911373845395339 ], [ 2.4808433, 48.9112262 ], [ 2.48078552354385, 48.911139083179407 ], [ 2.480683447115389, 48.911170929597226 ] ] ] } },
{ "type": "Feature", "properties": { }, "geometry": { "type": "Polygon", "coordinates": [ [ [ 2.480178009305716, 48.911905141740334 ], [ 2.480777872298792, 48.911925558377249 ], [ 2.480846694616156, 48.911734844927075 ], [ 2.480223913928921, 48.911690360010411 ], [ 2.480178009305716, 48.911905141740334 ] ] ] } },
{ "type": "Feature", "properties": { }, "geometry": { "type": "Polygon", "coordinates": [ [ [ 2.480889380522715, 48.911692694950759 ], [ 2.481091926088512, 48.911599777485804 ], [ 2.4810883, 48.9115944 ], [ 2.480963908563329, 48.911407458185145 ], [ 2.480666432536098, 48.911475108786149 ], [ 2.480653659549816, 48.911516487106013 ], [ 2.480717538897684, 48.911619291759031 ], [ 2.480889380522715, 48.911692694950759 ] ] ] } },
{ "type": "Feature", "properties": { }, "geometry": { "type": "Polygon", "coordinates": [ [ [ 2.480889380522715, 48.911692694950759 ], [ 2.480846694616156, 48.911734844927075 ], [ 2.480777872298792, 48.911925558377249 ], [ 2.480897191822228, 48.912051242738762 ], [ 2.481350938487547, 48.911978105447616 ], [ 2.4813293, 48.9119518 ], [ 2.481091926088512, 48.911599777485804 ], [ 2.480889380522715, 48.911692694950759 ] ] ] } },
{ "type": "Feature", "properties": { }, "geometry": { "type": "Polygon", "coordinates": [ [ [ 2.480546602628295, 48.911383176221548 ], [ 2.480696205341476, 48.911350557087729 ], [ 2.480587525618892, 48.91125866586259 ], [ 2.480437550298746, 48.911312576791332 ], [ 2.480546602628295, 48.911383176221548 ] ] ] } },
{ "type": "Feature", "properties": { }, "geometry": { "type": "Polygon", "coordinates": [ [ [ 2.480560366533284, 48.911446803195055 ], [ 2.480666432536098, 48.911475108786149 ], [ 2.480963908563329, 48.911407458185145 ], [ 2.480941542657859, 48.911373845395339 ], [ 2.480696205341476, 48.911350557087729 ], [ 2.480546602628295, 48.911383176221548 ], [ 2.480560366533284, 48.911446803195055 ] ] ] } },
{ "type": "Feature", "properties": { }, "geometry": { "type": "Polygon", "coordinates": [ [ [ 2.480717538897684, 48.911619291759031 ], [ 2.480653659549816, 48.911516487106013 ], [ 2.480487620617834, 48.911591295166716 ], [ 2.480717538897684, 48.911619291759031 ] ] ] } },
{ "type": "Feature", "properties": { }, "geometry": { "type": "Polygon", "coordinates": [ [ [ 2.480897191822228, 48.912051242738762 ], [ 2.480868526574603, 48.91211458664749 ], [ 2.480906285590882, 48.912242587215154 ], [ 2.4809361, 48.9122393 ], [ 2.4811399, 48.9122118 ], [ 2.4811922, 48.9122056 ], [ 2.4813679, 48.9121766 ], [ 2.4814888, 48.9121457 ], [ 2.481350938487547, 48.911978105447616 ], [ 2.480897191822228, 48.912051242738762 ] ] ] } },
{ "type": "Feature", "properties": { }, "geometry": { "type": "Polygon", "coordinates": [ [ [ 2.477297112643791, 48.910471608440574 ], [ 2.477318507778665, 48.91021132592914 ], [ 2.477162, 48.9102044 ], [ 2.4771746, 48.9102524 ], [ 2.47723461459772, 48.910481595365844 ], [ 2.477297112643791, 48.910471608440574 ] ] ] } },
{ "type": "Feature", "properties": { }, "geometry": { "type": "Polygon", "coordinates": [ [ [ 2.477851472445006, 48.910967603218019 ], [ 2.477856563449031, 48.910924878692143 ], [ 2.477334918606402, 48.910864549602771 ], [ 2.477343, 48.9108954 ], [ 2.4773575, 48.9109451 ], [ 2.477371265335666, 48.910999478632746 ], [ 2.477851472445006, 48.910967603218019 ] ] ] } },
{ "type": "Feature", "properties": { }, "geometry": { "type": "Polygon", "coordinates": [ [ [ 2.477297112643791, 48.910471608440574 ], [ 2.477345079274954, 48.910466725542065 ], [ 2.477376254834991, 48.910213881351972 ], [ 2.477318507778665, 48.91021132592914 ], [ 2.477297112643791, 48.910471608440574 ] ] ] } },
{ "type": "Feature", "properties": { }, "geometry": { "type": "Polygon", "coordinates": [ [ [ 2.477774902411758, 48.910709267960549 ], [ 2.477780011997298, 48.910661173928865 ], [ 2.477769807456145, 48.910597499319991 ], [ 2.477597716173181, 48.910482898710896 ], [ 2.47755017019134, 48.91047389008051 ], [ 2.477513796352718, 48.910468909767047 ], [ 2.477466288782797, 48.910465300124997 ], [ 2.477401752034998, 48.910464269237885 ], [ 2.477345079274954, 48.910466725542065 ], [ 2.477297112643791, 48.910471608440574 ], [ 2.47723461459772, 48.910481595365844 ], [ 2.4772652, 48.9105984 ], [ 2.47731390693369, 48.91078433820033 ], [ 2.477774902411758, 48.910709267960549 ] ] ] } },
{ "type": "Feature", "properties": { }, "geometry": { "type": "Polygon", "coordinates": [ [ [ 2.477345079274954, 48.910466725542065 ], [ 2.477401752034998, 48.910464269237885 ], [ 2.477432318838003, 48.9102163622684 ], [ 2.477376254834991, 48.910213881351972 ], [ 2.477345079274954, 48.910466725542065 ] ] ] } },
{ "type": "Feature", "properties": { }, "geometry": { "type": "Polygon", "coordinates": [ [ [ 2.477466288782797, 48.910465300124997 ], [ 2.477513796352718, 48.910468909767047 ], [ 2.477544324224226, 48.910221318592789 ], [ 2.477486554115084, 48.910218762234798 ], [ 2.477466288782797, 48.910465300124997 ] ] ] } },
{ "type": "Feature", "properties": { }, "geometry": { "type": "Polygon", "coordinates": [ [ [ 2.477873018999817, 48.911180995263877 ], [ 2.477874457733726, 48.911034681894193 ], [ 2.477851472445006, 48.910967603218019 ], [ 2.477371265335666, 48.910999478632746 ], [ 2.477422, 48.9111999 ], [ 2.47742398742354, 48.911207758909356 ], [ 2.477873018999817, 48.911180995263877 ] ] ] } },
{ "type": "Feature", "properties": { }, "geometry": { "type": "Polygon", "coordinates": [ [ [ 2.47731390693369, 48.91078433820033 ], [ 2.477334918606402, 48.910864549602771 ], [ 2.477856563449031, 48.910924878692143 ], [ 2.477858231296905, 48.910920138144448 ], [ 2.477827580971524, 48.91080359478957 ], [ 2.477774902411758, 48.910709267960549 ], [ 2.47731390693369, 48.91078433820033 ] ] ] } },
{ "type": "Feature", "properties": { }, "geometry": { "type": "Polygon", "coordinates": [ [ [ 2.477401752034998, 48.910464269237885 ], [ 2.477466288782797, 48.910465300124997 ], [ 2.477486554115084, 48.910218762234798 ], [ 2.477432318838003, 48.9102163622684 ], [ 2.477401752034998, 48.910464269237885 ] ] ] } },
{ "type": "Feature", "properties": { }, "geometry": { "type": "Polygon", "coordinates": [ [ [ 2.477539693819987, 48.911416060447152 ], [ 2.47789147789941, 48.911201208912821 ], [ 2.477873018999817, 48.911180995263877 ], [ 2.47742398742354, 48.911207758909356 ], [ 2.4774417, 48.9112778 ], [ 2.477477628480106, 48.911419655768974 ], [ 2.477539693819987, 48.911416060447152 ] ] ] } },
{ "type": "Feature", "properties": { }, "geometry": { "type": "Polygon", "coordinates": [ [ [ 2.477827580971524, 48.91080359478957 ], [ 2.478179890532947, 48.910726999719898 ], [ 2.478223658846453, 48.910690901791028 ], [ 2.478155891508808, 48.910661068449649 ], [ 2.477780011997298, 48.910661173928865 ], [ 2.477774902411758, 48.910709267960549 ], [ 2.477827580971524, 48.91080359478957 ] ] ] } },
{ "type": "Feature", "properties": { }, "geometry": { "type": "Polygon", "coordinates": [ [ [ 2.477873018999817, 48.911180995263877 ], [ 2.47789147789941, 48.911201208912821 ], [ 2.478016197990257, 48.911291387821144 ], [ 2.478192319276, 48.911312223842621 ], [ 2.478463521404994, 48.911277434011566 ], [ 2.478388849096804, 48.911001238583083 ], [ 2.477874457733726, 48.911034681894193 ], [ 2.477873018999817, 48.911180995263877 ] ] ] } },
{ "type": "Feature", "properties": { }, "geometry": { "type": "Polygon", "coordinates": [ [ [ 2.477728784203341, 48.911513586955223 ], [ 2.477539693819987, 48.911416060447152 ], [ 2.477477628480106, 48.911419655768974 ], [ 2.477539798223363, 48.911665117511198 ], [ 2.477728784203341, 48.911513586955223 ] ] ] } },
{ "type": "Feature", "properties": { }, "geometry": { "type": "Polygon", "coordinates": [ [ [ 2.477597716173181, 48.910482898710896 ], [ 2.47769248967212, 48.910383475399072 ], [ 2.477706596119185, 48.910228499054142 ], [ 2.477599168548462, 48.91022374545625 ], [ 2.47755017019134, 48.91047389008051 ], [ 2.477597716173181, 48.910482898710896 ] ] ] } },
{ "type": "Feature", "properties": { }, "geometry": { "type": "Polygon", "coordinates": [ [ [ 2.477513796352718, 48.910468909767047 ], [ 2.47755017019134, 48.91047389008051 ], [ 2.477599168548462, 48.91022374545625 ], [ 2.477544324224226, 48.910221318592789 ], [ 2.477513796352718, 48.910468909767047 ] ] ] } },
{ "type": "Feature", "properties": { }, "geometry": { "type": "Polygon", "coordinates": [ [ [ 2.477769807456145, 48.910597499319991 ], [ 2.477780011997298, 48.910661173928865 ], [ 2.478155891508808, 48.910661068449649 ], [ 2.478153503975971, 48.910553647517588 ], [ 2.478069539893492, 48.910542889698895 ], [ 2.477789699671189, 48.910589136181081 ], [ 2.477769807456145, 48.910597499319991 ] ] ] } },
{ "type": "Feature", "properties": { }, "geometry": { "type": "Polygon", "coordinates": [ [ [ 2.477789699671189, 48.910589136181081 ], [ 2.478015234581582, 48.910374284678944 ], [ 2.477979431567682, 48.910352742820301 ], [ 2.477922703467259, 48.910333567043672 ], [ 2.477868968715265, 48.910329042663236 ], [ 2.477812901687305, 48.910337808473926 ], [ 2.47769248967212, 48.910383475399072 ], [ 2.477597716173181, 48.910482898710896 ], [ 2.477769807456145, 48.910597499319991 ], [ 2.477789699671189, 48.910589136181081 ] ] ] } },
{ "type": "Feature", "properties": { }, "geometry": { "type": "Polygon", "coordinates": [ [ [ 2.477812901687305, 48.910337808473926 ], [ 2.477868968715265, 48.910329042663236 ], [ 2.477876614958896, 48.910236022067295 ], [ 2.477821785167257, 48.910233595979996 ], [ 2.477812901687305, 48.910337808473926 ] ] ] } },
{ "type": "Feature", "properties": { }, "geometry": { "type": "Polygon", "coordinates": [ [ [ 2.477871944629499, 48.911469419505956 ], [ 2.477728784203341, 48.911513586955223 ], [ 2.477539798223363, 48.911665117511198 ], [ 2.477548, 48.9116975 ], [ 2.4775562, 48.911729899999983 ], [ 2.477964149664939, 48.911680344783626 ], [ 2.477871944629499, 48.911469419505956 ] ] ] } },
{ "type": "Feature", "properties": { }, "geometry": { "type": "Polygon", "coordinates": [ [ [ 2.47769248967212, 48.910383475399072 ], [ 2.477812901687305, 48.910337808473926 ], [ 2.477821785167257, 48.910233595979996 ], [ 2.477706596119185, 48.910228499054142 ], [ 2.47769248967212, 48.910383475399072 ] ] ] } },
{ "type": "Feature", "properties": { }, "geometry": { "type": "Polygon", "coordinates": [ [ [ 2.477539693819987, 48.911416060447152 ], [ 2.477728784203341, 48.911513586955223 ], [ 2.477871944629499, 48.911469419505956 ], [ 2.477980234763042, 48.91134268650049 ], [ 2.478016197990257, 48.911291387821144 ], [ 2.47789147789941, 48.911201208912821 ], [ 2.477539693819987, 48.911416060447152 ] ] ] } },
{ "type": "Feature", "properties": { }, "geometry": { "type": "Polygon", "coordinates": [ [ [ 2.477868968715265, 48.910329042663236 ], [ 2.477922703467259, 48.910333567043672 ], [ 2.477934415349122, 48.910238579568002 ], [ 2.477876614958896, 48.910236022067295 ], [ 2.477868968715265, 48.910329042663236 ] ] ] } },
{ "type": "Feature", "properties": { }, "geometry": { "type": "Polygon", "coordinates": [ [ [ 2.477874457733726, 48.911034681894193 ], [ 2.478388849096804, 48.911001238583083 ], [ 2.478375507392246, 48.910951890406757 ], [ 2.478093691395975, 48.910881007081954 ], [ 2.477858231296905, 48.910920138144448 ], [ 2.477856563449031, 48.910924878692143 ], [ 2.477851472445006, 48.910967603218019 ], [ 2.477874457733726, 48.911034681894193 ] ] ] } },
{ "type": "Feature", "properties": { }, "geometry": { "type": "Polygon", "coordinates": [ [ [ 2.477979431567682, 48.910352742820301 ], [ 2.47798861859191, 48.910240977878722 ], [ 2.477934415349122, 48.910238579568002 ], [ 2.477922703467259, 48.910333567043672 ], [ 2.477979431567682, 48.910352742820301 ] ] ] } },
{ "type": "Feature", "properties": { }, "geometry": { "type": "Polygon", "coordinates": [ [ [ 2.477789699671189, 48.910589136181081 ], [ 2.478069539893492, 48.910542889698895 ], [ 2.478149417111186, 48.910377615552541 ], [ 2.478030488437992, 48.910372752305818 ], [ 2.478015234581582, 48.910374284678944 ], [ 2.477789699671189, 48.910589136181081 ] ] ] } },
{ "type": "Feature", "properties": { }, "geometry": { "type": "Polygon", "coordinates": [ [ [ 2.477979431567682, 48.910352742820301 ], [ 2.478015234581582, 48.910374284678944 ], [ 2.478030488437992, 48.910372752305818 ], [ 2.478046420767582, 48.910243535631025 ], [ 2.4780298, 48.9102428 ], [ 2.47798861859191, 48.910240977878722 ], [ 2.477979431567682, 48.910352742820301 ] ] ] } },
{ "type": "Feature", "properties": { }, "geometry": { "type": "Polygon", "coordinates": [ [ [ 2.477980234763042, 48.91134268650049 ], [ 2.478126033352169, 48.911660679721699 ], [ 2.478261865671216, 48.911644179101231 ], [ 2.478192319276, 48.911312223842621 ], [ 2.478016197990257, 48.911291387821144 ], [ 2.477980234763042, 48.91134268650049 ] ] ] } },
{ "type": "Feature", "properties": { }, "geometry": { "type": "Polygon", "coordinates": [ [ [ 2.477858231296905, 48.910920138144448 ], [ 2.478093691395975, 48.910881007081954 ], [ 2.478211239812501, 48.910826338517282 ], [ 2.478179890532947, 48.910726999719898 ], [ 2.477827580971524, 48.91080359478957 ], [ 2.477858231296905, 48.910920138144448 ] ] ] } },
{ "type": "Feature", "properties": { }, "geometry": { "type": "Polygon", "coordinates": [ [ [ 2.477980234763042, 48.91134268650049 ], [ 2.477871944629499, 48.911469419505956 ], [ 2.477964149664939, 48.911680344783626 ], [ 2.478126033352169, 48.911660679721699 ], [ 2.477980234763042, 48.91134268650049 ] ] ] } },
{ "type": "Feature", "properties": { }, "geometry": { "type": "Polygon", "coordinates": [ [ [ 2.478192319276, 48.911312223842621 ], [ 2.478261865671216, 48.911644179101231 ], [ 2.4785531, 48.911608799999989 ], [ 2.4785418, 48.9115669 ], [ 2.4784996, 48.9114109 ], [ 2.4784753, 48.911321 ], [ 2.478463521404994, 48.911277434011566 ], [ 2.478192319276, 48.911312223842621 ] ] ] } },
{ "type": "Feature", "properties": { }, "geometry": { "type": "Polygon", "coordinates": [ [ [ 2.478030488437992, 48.910372752305818 ], [ 2.478149417111186, 48.910377615552541 ], [ 2.478216640113239, 48.910364265928834 ], [ 2.4781964, 48.9102894 ], [ 2.4781857, 48.9102497 ], [ 2.478046420767582, 48.910243535631025 ], [ 2.478030488437992, 48.910372752305818 ] ] ] } },
{ "type": "Feature", "properties": { }, "geometry": { "type": "Polygon", "coordinates": [ [ [ 2.478149417111186, 48.910377615552541 ], [ 2.478069539893492, 48.910542889698895 ], [ 2.478153503975971, 48.910553647517588 ], [ 2.478264284390902, 48.910540495914468 ], [ 2.478216640113239, 48.910364265928834 ], [ 2.478149417111186, 48.910377615552541 ] ] ] } },
{ "type": "Feature", "properties": { }, "geometry": { "type": "Polygon", "coordinates": [ [ [ 2.478153503975971, 48.910553647517588 ], [ 2.478155891508808, 48.910661068449649 ], [ 2.478223658846453, 48.910690901791028 ], [ 2.478302406942523, 48.910681505363243 ], [ 2.478264284390902, 48.910540495914468 ], [ 2.478153503975971, 48.910553647517588 ] ] ] } },
{ "type": "Feature", "properties": { }, "geometry": { "type": "Polygon", "coordinates": [ [ [ 2.478223658846453, 48.910690901791028 ], [ 2.478179890532947, 48.910726999719898 ], [ 2.478211239812501, 48.910826338517282 ], [ 2.478337502329087, 48.910811317078746 ], [ 2.478302406942523, 48.910681505363243 ], [ 2.478223658846453, 48.910690901791028 ] ] ] } },
{ "type": "Feature", "properties": { }, "geometry": { "type": "Polygon", "coordinates": [ [ [ 2.478211239812501, 48.910826338517282 ], [ 2.478093691395975, 48.910881007081954 ], [ 2.478375507392246, 48.910951890406757 ], [ 2.478337502329087, 48.910811317078746 ], [ 2.478211239812501, 48.910826338517282 ] ] ] } },
{ "type": "Feature", "properties": { }, "geometry": { "type": "Polygon", "coordinates": [ [ [ 2.476682121597174, 48.910646420250124 ], [ 2.47671535944168, 48.910599643688109 ], [ 2.47666421157136, 48.910417138342659 ], [ 2.476201229592752, 48.910291866165075 ], [ 2.4761696, 48.91031430000001 ], [ 2.4762066, 48.9103189 ], [ 2.4762426, 48.9103265 ], [ 2.4762802, 48.9103457 ], [ 2.4763128, 48.910368699999985 ], [ 2.4763573, 48.9104421 ], [ 2.476509841971884, 48.910693582806779 ], [ 2.476682121597174, 48.910646420250124 ] ] ] } },
{ "type": "Feature", "properties": { }, "geometry": { "type": "Polygon", "coordinates": [ [ [ 2.47666421157136, 48.910417138342659 ], [ 2.47675933247911, 48.910381136654927 ], [ 2.476780118131032, 48.910187471550437 ], [ 2.47658, 48.9101786 ], [ 2.4765428, 48.9101794 ], [ 2.4765061, 48.9101826 ], [ 2.4764487, 48.9101913 ], [ 2.4763929, 48.9102021 ], [ 2.4762918, 48.9102341 ], [ 2.4762721, 48.9102416 ], [ 2.476201229592752, 48.910291866165075 ], [ 2.47666421157136, 48.910417138342659 ] ] ] } },
{ "type": "Feature", "properties": { }, "geometry": { "type": "Polygon", "coordinates": [ [ [ 2.47666421157136, 48.910417138342659 ], [ 2.47671535944168, 48.910599643688109 ], [ 2.476998042159321, 48.910602256548763 ], [ 2.477073137879991, 48.910393447685401 ], [ 2.476954415753712, 48.910365411887639 ], [ 2.47675933247911, 48.910381136654927 ], [ 2.47666421157136, 48.910417138342659 ] ] ] } },
{ "type": "Feature", "properties": { }, "geometry": { "type": "Polygon", "coordinates": [ [ [ 2.476682121597174, 48.910646420250124 ], [ 2.476509841971884, 48.910693582806779 ], [ 2.4766194, 48.9108742 ], [ 2.4767018, 48.91101 ], [ 2.476969104388282, 48.910983535521972 ], [ 2.476682121597174, 48.910646420250124 ] ] ] } },
{ "type": "Feature", "properties": { }, "geometry": { "type": "Polygon", "coordinates": [ [ [ 2.47675933247911, 48.910381136654927 ], [ 2.476954415753712, 48.910365411887639 ], [ 2.476972692160925, 48.910196008328221 ], [ 2.476780118131032, 48.910187471550437 ], [ 2.47675933247911, 48.910381136654927 ] ] ] } },
{ "type": "Feature", "properties": { }, "geometry": { "type": "Polygon", "coordinates": [ [ [ 2.476998042159321, 48.910602256548763 ], [ 2.47671535944168, 48.910599643688109 ], [ 2.476682121597174, 48.910646420250124 ], [ 2.476969104388282, 48.910983535521972 ], [ 2.4772553, 48.9109552 ], [ 2.4773575, 48.9109451 ], [ 2.477343, 48.9108954 ], [ 2.477314341615272, 48.910785997586302 ], [ 2.476998042159321, 48.910602256548763 ] ] ] } },
{ "type": "Feature", "properties": { }, "geometry": { "type": "Polygon", "coordinates": [ [ [ 2.477073137879991, 48.910393447685401 ], [ 2.476998042159321, 48.910602256548763 ], [ 2.477314341615272, 48.910785997586302 ], [ 2.4772652, 48.9105984 ], [ 2.477207979155052, 48.910379875043958 ], [ 2.477073137879991, 48.910393447685401 ] ] ] } },
{ "type": "Feature", "properties": { }, "geometry": { "type": "Polygon", "coordinates": [ [ [ 2.476954415753712, 48.910365411887639 ], [ 2.477073137879991, 48.910393447685401 ], [ 2.477207979155052, 48.910379875043958 ], [ 2.4771746, 48.9102524 ], [ 2.477162, 48.9102044 ], [ 2.476972692160925, 48.910196008328221 ], [ 2.476954415753712, 48.910365411887639 ] ] ] } },
{ "type": "Feature", "properties": { }, "geometry": { "type": "Polygon", "coordinates": [ [ [ 2.473316720552511, 48.90810904857392 ], [ 2.473088071351113, 48.90810527054925 ], [ 2.4731578, 48.9082057 ], [ 2.4743384, 48.9096317 ], [ 2.4751473, 48.9106314 ], [ 2.47519255758647, 48.910692232136533 ], [ 2.475344173377772, 48.910608621563263 ], [ 2.4752999, 48.9105473 ], [ 2.4748963, 48.910001 ], [ 2.474488, 48.9094963 ], [ 2.4734974, 48.908333 ], [ 2.473316720552511, 48.90810904857392 ] ] ] } },
{ "type": "Feature", "properties": { }, "geometry": { "type": "Polygon", "coordinates": [ [ [ 2.47288278831316, 48.908512431642855 ], [ 2.472647419410352, 48.908527547058789 ], [ 2.4726759, 48.9085704 ], [ 2.472803754557909, 48.908765924482331 ], [ 2.47288278831316, 48.908512431642855 ] ] ] } },
{ "type": "Feature", "properties": { }, "geometry": { "type": "Polygon", "coordinates": [ [ [ 2.473173502812974, 48.908224667420257 ], [ 2.4731578, 48.9082057 ], [ 2.473088071351113, 48.90810527054925 ], [ 2.4728478, 48.9081013 ], [ 2.4726724, 48.9080922 ], [ 2.4726212, 48.9080895 ], [ 2.4724714, 48.90826269999998 ], [ 2.472578245440102, 48.908423465026786 ], [ 2.473173502812974, 48.908224667420257 ] ] ] } },
{ "type": "Feature", "properties": { }, "geometry": { "type": "Polygon", "coordinates": [ [ [ 2.472578245440102, 48.908423465026786 ], [ 2.472647419410352, 48.908527547058789 ], [ 2.47288278831316, 48.908512431642855 ], [ 2.473308972499906, 48.908388300502594 ], [ 2.473173502812974, 48.908224667420257 ], [ 2.472578245440102, 48.908423465026786 ] ] ] } },
{ "type": "Feature", "properties": { }, "geometry": { "type": "Polygon", "coordinates": [ [ [ 2.47343500516213, 48.908965131352836 ], [ 2.473309313698853, 48.909057150844887 ], [ 2.473291267921389, 48.909172866985976 ], [ 2.473456155541988, 48.90919449050719 ], [ 2.473717079750407, 48.90910985073144 ], [ 2.473862822502758, 48.909057280026389 ], [ 2.47369023051753, 48.90884881332984 ], [ 2.47343500516213, 48.908965131352836 ] ] ] } },
{ "type": "Feature", "properties": { }, "geometry": { "type": "Polygon", "coordinates": [ [ [ 2.47288278831316, 48.908512431642855 ], [ 2.472803754557909, 48.908765924482331 ], [ 2.472831203407112, 48.908807901039225 ], [ 2.473067943958111, 48.908776487770261 ], [ 2.473504394769963, 48.908624347805997 ], [ 2.473308972499906, 48.908388300502594 ], [ 2.47288278831316, 48.908512431642855 ] ] ] } },
{ "type": "Feature", "properties": { }, "geometry": { "type": "Polygon", "coordinates": [ [ [ 2.473077428999978, 48.90896960761058 ], [ 2.473067943958111, 48.908776487770261 ], [ 2.472831203407112, 48.908807901039225 ], [ 2.472959571493849, 48.909004208802195 ], [ 2.473077428999978, 48.90896960761058 ] ] ] } },
{ "type": "Feature", "properties": { }, "geometry": { "type": "Polygon", "coordinates": [ [ [ 2.473077428999978, 48.90896960761058 ], [ 2.473115139187352, 48.908991362940881 ], [ 2.47343500516213, 48.908965131352836 ], [ 2.47369023051753, 48.90884881332984 ], [ 2.473504394769963, 48.908624347805997 ], [ 2.473067943958111, 48.908776487770261 ], [ 2.473077428999978, 48.90896960761058 ] ] ] } },
{ "type": "Feature", "properties": { }, "geometry": { "type": "Polygon", "coordinates": [ [ [ 2.473103884786735, 48.909059573031371 ], [ 2.473115139187352, 48.908991362940881 ], [ 2.473077428999978, 48.90896960761058 ], [ 2.472959571493849, 48.909004208802195 ], [ 2.473013637892516, 48.909086889702195 ], [ 2.473103884786735, 48.909059573031371 ] ] ] } },
{ "type": "Feature", "properties": { }, "geometry": { "type": "Polygon", "coordinates": [ [ [ 2.473256032157706, 48.909230966877317 ], [ 2.473261107195126, 48.909192159069534 ], [ 2.473153662975173, 48.909155476292632 ], [ 2.473075667742674, 48.909177593395192 ], [ 2.4731334, 48.9092482 ], [ 2.473147536771437, 48.909263160993014 ], [ 2.473256032157706, 48.909230966877317 ] ] ] } },
{ "type": "Feature", "properties": { }, "geometry": { "type": "Polygon", "coordinates": [ [ [ 2.473153662975173, 48.909155476292632 ], [ 2.473189915311397, 48.909085936211852 ], [ 2.473103884786735, 48.909059573031371 ], [ 2.473013637892516, 48.909086889702195 ], [ 2.4730621, 48.909161 ], [ 2.473075667742674, 48.909177593395192 ], [ 2.473153662975173, 48.909155476292632 ] ] ] } },
{ "type": "Feature", "properties": { }, "geometry": { "type": "Polygon", "coordinates": [ [ [ 2.473103884786735, 48.909059573031371 ], [ 2.473189915311397, 48.909085936211852 ], [ 2.473309313698853, 48.909057150844887 ], [ 2.47343500516213, 48.908965131352836 ], [ 2.473115139187352, 48.908991362940881 ], [ 2.473103884786735, 48.909059573031371 ] ] ] } },
{ "type": "Feature", "properties": { }, "geometry": { "type": "Polygon", "coordinates": [ [ [ 2.473309313698853, 48.909057150844887 ], [ 2.473189915311397, 48.909085936211852 ], [ 2.473153662975173, 48.909155476292632 ], [ 2.473261107195126, 48.909192159069534 ], [ 2.473291267921389, 48.909172866985976 ], [ 2.473309313698853, 48.909057150844887 ] ] ] } },
{ "type": "Feature", "properties": { }, "geometry": { "type": "Polygon", "coordinates": [ [ [ 2.473281723204511, 48.909268319454874 ], [ 2.473281149763526, 48.909248056421681 ], [ 2.473256032157706, 48.909230966877317 ], [ 2.473147536771437, 48.909263160993014 ], [ 2.4732123, 48.9093317 ], [ 2.473213439148213, 48.909333123219866 ], [ 2.473281723204511, 48.909268319454874 ] ] ] } },
{ "type": "Feature", "properties": { }, "geometry": { "type": "Polygon", "coordinates": [ [ [ 2.473261107195126, 48.909192159069534 ], [ 2.473256032157706, 48.909230966877317 ], [ 2.473281149763526, 48.909248056421681 ], [ 2.473389053481108, 48.909253867829463 ], [ 2.473456155541988, 48.90919449050719 ], [ 2.473291267921389, 48.909172866985976 ], [ 2.473261107195126, 48.909192159069534 ] ] ] } },
{ "type": "Feature", "properties": { }, "geometry": { "type": "Polygon", "coordinates": [ [ [ 2.473281723204511, 48.909268319454874 ], [ 2.473320353148107, 48.909319861712149 ], [ 2.473390321511367, 48.909306561249373 ], [ 2.473396960572831, 48.909282238867505 ], [ 2.473389053481108, 48.909253867829463 ], [ 2.473281149763526, 48.909248056421681 ], [ 2.473281723204511, 48.909268319454874 ] ] ] } },
{ "type": "Feature", "properties": { }, "geometry": { "type": "Polygon", "coordinates": [ [ [ 2.473467608582517, 48.909438546472536 ], [ 2.473472686462269, 48.909386087999117 ], [ 2.473472344023248, 48.909386003590789 ], [ 2.473265825520893, 48.909398573186898 ], [ 2.473332944848524, 48.909482429781441 ], [ 2.473467608582517, 48.909438546472536 ] ] ] } },
{ "type": "Feature", "properties": { }, "geometry": { "type": "Polygon", "coordinates": [ [ [ 2.473213439148213, 48.909333123219866 ], [ 2.47325676006492, 48.909387247091367 ], [ 2.473320353148107, 48.909319861712149 ], [ 2.473281723204511, 48.909268319454874 ], [ 2.473213439148213, 48.909333123219866 ] ] ] } },
{ "type": "Feature", "properties": { }, "geometry": { "type": "Polygon", "coordinates": [ [ [ 2.47325676006492, 48.909387247091367 ], [ 2.473265825520893, 48.909398573186898 ], [ 2.473472344023248, 48.909386003590789 ], [ 2.473390321511367, 48.909306561249373 ], [ 2.473320353148107, 48.909319861712149 ], [ 2.47325676006492, 48.909387247091367 ] ] ] } },
{ "type": "Feature", "properties": { }, "geometry": { "type": "Polygon", "coordinates": [ [ [ 2.473390321511367, 48.909306561249373 ], [ 2.473472344023248, 48.909386003590789 ], [ 2.473472686462269, 48.909386087999117 ], [ 2.473552255951277, 48.909361124936325 ], [ 2.473457776935564, 48.909286450029249 ], [ 2.473396960572831, 48.909282238867505 ], [ 2.473390321511367, 48.909306561249373 ] ] ] } },
{ "type": "Feature", "properties": { }, "geometry": { "type": "Polygon", "coordinates": [ [ [ 2.473396960572831, 48.909282238867505 ], [ 2.473457776935564, 48.909286450029249 ], [ 2.473717079750407, 48.90910985073144 ], [ 2.473456155541988, 48.90919449050719 ], [ 2.473389053481108, 48.909253867829463 ], [ 2.473396960572831, 48.909282238867505 ] ] ] } },
{ "type": "Feature", "properties": { }, "geometry": { "type": "Polygon", "coordinates": [ [ [ 2.474833783227909, 48.910462058292936 ], [ 2.474730993244912, 48.910668762151538 ], [ 2.474783403673686, 48.910834872246959 ], [ 2.4750548, 48.9107682 ], [ 2.47519255758647, 48.910692232136533 ], [ 2.4751473, 48.9106314 ], [ 2.474922682280759, 48.910353804964934 ], [ 2.474833783227909, 48.910462058292936 ] ] ] } },
{ "type": "Feature", "properties": { }, "geometry": { "type": "Polygon", "coordinates": [ [ [ 2.473407233911914, 48.909522760774294 ], [ 2.473469666111732, 48.909442379376877 ], [ 2.473467608582517, 48.909438546472536 ], [ 2.473332944848524, 48.909482429781441 ], [ 2.473376065644648, 48.90953630326139 ], [ 2.473407233911914, 48.909522760774294 ] ] ] } },
{ "type": "Feature", "properties": { }, "geometry": { "type": "Polygon", "coordinates": [ [ [ 2.474544458920987, 48.910782168376215 ], [ 2.474502824163184, 48.910679552991155 ], [ 2.474444941557856, 48.910664923211762 ], [ 2.474360145795688, 48.910689634137967 ], [ 2.4744354, 48.9107832 ], [ 2.474527397296054, 48.910831207110405 ], [ 2.474544458920987, 48.910782168376215 ] ] ] } },
{ "type": "Feature", "properties": { }, "geometry": { "type": "Polygon", "coordinates": [ [ [ 2.473467608582517, 48.909438546472536 ], [ 2.473469666111732, 48.909442379376877 ], [ 2.473529144224678, 48.909495814980787 ], [ 2.47406245755981, 48.909298408432271 ], [ 2.474029721772004, 48.909258868825219 ], [ 2.473552255951277, 48.909361124936325 ], [ 2.473472686462269, 48.909386087999117 ], [ 2.473467608582517, 48.909438546472536 ] ] ] } },
{ "type": "Feature", "properties": { }, "geometry": { "type": "Polygon", "coordinates": [ [ [ 2.473717079750407, 48.90910985073144 ], [ 2.473457776935564, 48.909286450029249 ], [ 2.473552255951277, 48.909361124936325 ], [ 2.474029721772004, 48.909258868825219 ], [ 2.473862822502758, 48.909057280026389 ], [ 2.473717079750407, 48.90910985073144 ] ] ] } },
{ "type": "Feature", "properties": { }, "geometry": { "type": "Polygon", "coordinates": [ [ [ 2.473376065644648, 48.90953630326139 ], [ 2.473426568549999, 48.909599399498966 ], [ 2.473549841500636, 48.909552352197899 ], [ 2.473529150288196, 48.909515711937345 ], [ 2.473407233911914, 48.909522760774294 ], [ 2.473376065644648, 48.90953630326139 ] ] ] } },
{ "type": "Feature", "properties": { }, "geometry": { "type": "Polygon", "coordinates": [ [ [ 2.473407233911914, 48.909522760774294 ], [ 2.473529150288196, 48.909515711937345 ], [ 2.473529144224678, 48.909495814980787 ], [ 2.473469666111732, 48.909442379376877 ], [ 2.473407233911914, 48.909522760774294 ] ] ] } },
{ "type": "Feature", "properties": { }, "geometry": { "type": "Polygon", "coordinates": [ [ [ 2.473618751235517, 48.909574678349195 ], [ 2.473549841500636, 48.909552352197899 ], [ 2.473426568549999, 48.909599399498966 ], [ 2.473507313579729, 48.909700278616342 ], [ 2.473618751235517, 48.909574678349195 ] ] ] } },
{ "type": "Feature", "properties": { }, "geometry": { "type": "Polygon", "coordinates": [ [ [ 2.473529144224678, 48.909495814980787 ], [ 2.473529150288196, 48.909515711937345 ], [ 2.473549841500636, 48.909552352197899 ], [ 2.473618751235517, 48.909574678349195 ], [ 2.474273051311117, 48.909552770352732 ], [ 2.47406245755981, 48.909298408432271 ], [ 2.473529144224678, 48.909495814980787 ] ] ] } },
{ "type": "Feature", "properties": { }, "geometry": { "type": "Polygon", "coordinates": [ [ [ 2.473507313579729, 48.909700278616342 ], [ 2.4735636, 48.9097706 ], [ 2.4736098, 48.9098217 ], [ 2.47392192912822, 48.910166794631976 ], [ 2.474238569060133, 48.9100610169628 ], [ 2.474578484353699, 48.909928419234731 ], [ 2.4743384, 48.9096317 ], [ 2.474273051311117, 48.909552770352732 ], [ 2.473618751235517, 48.909574678349195 ], [ 2.473507313579729, 48.909700278616342 ] ] ] } },
{ "type": "Feature", "properties": { }, "geometry": { "type": "Polygon", "coordinates": [ [ [ 2.474444941557856, 48.910664923211762 ], [ 2.474238569060133, 48.9100610169628 ], [ 2.47392192912822, 48.910166794631976 ], [ 2.4740482, 48.910306399999989 ], [ 2.4741597, 48.9104297 ], [ 2.4741951, 48.910476 ], [ 2.4742478, 48.9105449 ], [ 2.4742854, 48.9105967 ], [ 2.474360145795688, 48.910689634137967 ], [ 2.474444941557856, 48.910664923211762 ] ] ] } },
{ "type": "Feature", "properties": { }, "geometry": { "type": "Polygon", "coordinates": [ [ [ 2.474238569060133, 48.9100610169628 ], [ 2.474444941557856, 48.910664923211762 ], [ 2.474502824163184, 48.910679552991155 ], [ 2.474833783227909, 48.910462058292936 ], [ 2.474922682280759, 48.910353804964934 ], [ 2.474578484353699, 48.909928419234731 ], [ 2.474238569060133, 48.9100610169628 ] ] ] } },
{ "type": "Feature", "properties": { }, "geometry": { "type": "Polygon", "coordinates": [ [ [ 2.474544458920987, 48.910782168376215 ], [ 2.474730993244912, 48.910668762151538 ], [ 2.474833783227909, 48.910462058292936 ], [ 2.474502824163184, 48.910679552991155 ], [ 2.474544458920987, 48.910782168376215 ] ] ] } },
{ "type": "Feature", "properties": { }, "geometry": { "type": "Polygon", "coordinates": [ [ [ 2.474730993244912, 48.910668762151538 ], [ 2.474544458920987, 48.910782168376215 ], [ 2.474527397296054, 48.910831207110405 ], [ 2.4745293, 48.9108322 ], [ 2.4746535, 48.9108459 ], [ 2.4747723, 48.9108376 ], [ 2.474783403673686, 48.910834872246959 ], [ 2.474730993244912, 48.910668762151538 ] ] ] } },
{ "type": "Feature", "properties": { }, "geometry": { "type": "Polygon", "coordinates": [ [ [ 2.4744888, 48.9109347 ], [ 2.4746707, 48.9109103 ], [ 2.4748694, 48.9108553 ], [ 2.4750548, 48.9107682 ], [ 2.4747723, 48.9108376 ], [ 2.4746535, 48.9108459 ], [ 2.4745293, 48.9108322 ], [ 2.4744354, 48.9107832 ], [ 2.4742854, 48.9105967 ], [ 2.4743792, 48.9107955 ], [ 2.4744888, 48.9109347 ] ] ] } },
{ "type": "Feature", "properties": { }, "geometry": { "type": "Polygon", "coordinates": [ [ [ 2.4750548, 48.9107682 ], [ 2.4748694, 48.9108553 ], [ 2.4746707, 48.9109103 ], [ 2.4744888, 48.9109347 ], [ 2.474546, 48.911024 ], [ 2.4746164, 48.9110344 ], [ 2.4746597, 48.911038599999983 ], [ 2.4747884, 48.9110174 ], [ 2.4749577, 48.9109547 ], [ 2.4751368, 48.910853299999985 ], [ 2.475260260406557, 48.910783233303043 ], [ 2.47519255758647, 48.910692232136533 ], [ 2.4750548, 48.9107682 ] ] ] } },
{ "type": "Feature", "properties": { }, "geometry": { "type": "Polygon", "coordinates": [ [ [ 2.4759987, 48.9103657 ], [ 2.4758776, 48.9103729 ], [ 2.4755245, 48.910517799999987 ], [ 2.4754512, 48.9105496 ], [ 2.475344173377772, 48.910608621563263 ], [ 2.475409209569894, 48.910698700696699 ], [ 2.4755322, 48.9106289 ], [ 2.4759346, 48.910421499999984 ], [ 2.4759987, 48.9103657 ] ] ] } },
{ "type": "Feature", "properties": { }, "geometry": { "type": "Polygon", "coordinates": [ [ [ 2.480166779164031, 48.909589806234059 ], [ 2.480254543626643, 48.909514649449967 ], [ 2.48025271054886, 48.909507999982004 ], [ 2.480092121292388, 48.909507999960297 ], [ 2.480096072273461, 48.909593397057328 ], [ 2.480166779164031, 48.909589806234059 ] ] ] } },
{ "type": "Feature", "properties": { }, "geometry": { "type": "Polygon", "coordinates": [ [ [ 2.480253818756479, 48.909775197926464 ], [ 2.480285986143929, 48.909667511434456 ], [ 2.480099587730737, 48.909674027775672 ], [ 2.4801022, 48.9097618 ], [ 2.48011575071143, 48.909863307192559 ], [ 2.480253818756479, 48.909775197926464 ] ] ] } },
{ "type": "Feature", "properties": { }, "geometry": { "type": "Polygon", "coordinates": [ [ [ 2.480166779164031, 48.909589806234059 ], [ 2.480321795523292, 48.909614941425289 ], [ 2.480254543626643, 48.909514649449967 ], [ 2.480166779164031, 48.909589806234059 ] ] ] } },
{ "type": "Feature", "properties": { }, "geometry": { "type": "Polygon", "coordinates": [ [ [ 2.48025271054886, 48.909507999982004 ], [ 2.480255417129349, 48.909505380472993 ], [ 2.480222161783741, 48.909374389461988 ], [ 2.4801726, 48.9093788 ], [ 2.480127, 48.909382899999983 ], [ 2.4800865, 48.909386499999989 ], [ 2.480092121292388, 48.909507999960297 ], [ 2.48025271054886, 48.909507999982004 ] ] ] } },
{ "type": "Feature", "properties": { }, "geometry": { "type": "Polygon", "coordinates": [ [ [ 2.480502258980672, 48.909373415231819 ], [ 2.4805906909169, 48.909412636418672 ], [ 2.480719023478289, 48.90940165033421 ], [ 2.480723224890757, 48.909395513370498 ], [ 2.480707460052109, 48.909331201261054 ], [ 2.480472975648948, 48.909352069021025 ], [ 2.480502258980672, 48.909373415231819 ] ] ] } },
{ "type": "Feature", "properties": { }, "geometry": { "type": "Polygon", "coordinates": [ [ [ 2.480285986143929, 48.909667511434456 ], [ 2.480337746338408, 48.909637649567323 ], [ 2.48033553151824, 48.909623683448707 ], [ 2.480321795523292, 48.909614941425289 ], [ 2.480166779164031, 48.909589806234059 ], [ 2.480096072273461, 48.909593397057328 ], [ 2.4800992, 48.909661 ], [ 2.480099587730737, 48.909674027775672 ], [ 2.480285986143929, 48.909667511434456 ] ] ] } },
{ "type": "Feature", "properties": { }, "geometry": { "type": "Polygon", "coordinates": [ [ [ 2.480321795523292, 48.909614941425289 ], [ 2.48033553151824, 48.909623683448707 ], [ 2.480447418908878, 48.909536122819006 ], [ 2.48036409750731, 48.90948376686228 ], [ 2.480255417129349, 48.909505380472993 ], [ 2.48025271054886, 48.909507999982004 ], [ 2.480254543626643, 48.909514649449967 ], [ 2.480321795523292, 48.909614941425289 ] ] ] } },
{ "type": "Feature", "properties": { }, "geometry": { "type": "Polygon", "coordinates": [ [ [ 2.480285986143929, 48.909667511434456 ], [ 2.480253818756479, 48.909775197926464 ], [ 2.480403312759056, 48.909767069122559 ], [ 2.480431399794885, 48.909702052928907 ], [ 2.480419001529941, 48.909676979445948 ], [ 2.480337746338408, 48.909637649567323 ], [ 2.480285986143929, 48.909667511434456 ] ] ] } },
{ "type": "Feature", "properties": { }, "geometry": { "type": "Polygon", "coordinates": [ [ [ 2.480255417129349, 48.909505380472993 ], [ 2.48036409750731, 48.90948376686228 ], [ 2.48038300429759, 48.909360075821397 ], [ 2.480222161783741, 48.909374389461988 ], [ 2.480255417129349, 48.909505380472993 ] ] ] } },
{ "type": "Feature", "properties": { }, "geometry": { "type": "Polygon", "coordinates": [ [ [ 2.480464777848994, 48.909844731576456 ], [ 2.480403312759056, 48.909767069122559 ], [ 2.480253818756479, 48.909775197926464 ], [ 2.48011575071143, 48.909863307192559 ], [ 2.4801187, 48.9098854 ], [ 2.4801468, 48.9098827 ], [ 2.4802345, 48.9098744 ], [ 2.480466640723485, 48.909852368105838 ], [ 2.480464777848994, 48.909844731576456 ] ] ] } },
{ "type": "Feature", "properties": { }, "geometry": { "type": "Polygon", "coordinates": [ [ [ 2.48033553151824, 48.909623683448707 ], [ 2.480337746338408, 48.909637649567323 ], [ 2.480419001529941, 48.909676979445948 ], [ 2.480438000687126, 48.909670482022172 ], [ 2.480518519443056, 48.909631928399889 ], [ 2.480501624216955, 48.909547267277674 ], [ 2.48045610183842, 48.909535192930086 ], [ 2.480447418908878, 48.909536122819006 ], [ 2.48033553151824, 48.909623683448707 ] ] ] } },
{ "type": "Feature", "properties": { }, "geometry": { "type": "Polygon", "coordinates": [ [ [ 2.480464777848994, 48.909844731576456 ], [ 2.480558020520568, 48.909736407024766 ], [ 2.480431399794885, 48.909702052928907 ], [ 2.480403312759056, 48.909767069122559 ], [ 2.480464777848994, 48.909844731576456 ] ] ] } },
{ "type": "Feature", "properties": { }, "geometry": { "type": "Polygon", "coordinates": [ [ [ 2.48036409750731, 48.90948376686228 ], [ 2.480447418908878, 48.909536122819006 ], [ 2.48045610183842, 48.909535192930086 ], [ 2.480472594740685, 48.909506771017462 ], [ 2.480439675768413, 48.909355032478338 ], [ 2.48038300429759, 48.909360075821397 ], [ 2.48036409750731, 48.90948376686228 ] ] ] } },
{ "type": "Feature", "properties": { }, "geometry": { "type": "Polygon", "coordinates": [ [ [ 2.480419001529941, 48.909676979445948 ], [ 2.480431399794885, 48.909702052928907 ], [ 2.480558020520568, 48.909736407024766 ], [ 2.480617739397308, 48.909729348664598 ], [ 2.480617076319002, 48.909684518246443 ], [ 2.480438000687126, 48.909670482022172 ], [ 2.480419001529941, 48.909676979445948 ] ] ] } },
{ "type": "Feature", "properties": { }, "geometry": { "type": "Polygon", "coordinates": [ [ [ 2.480472975648948, 48.909352069021025 ], [ 2.480439675768413, 48.909355032478338 ], [ 2.480472594740685, 48.909506771017462 ], [ 2.480522476157742, 48.90946936842596 ], [ 2.480502258980672, 48.909373415231819 ], [ 2.480472975648948, 48.909352069021025 ] ] ] } },
{ "type": "Feature", "properties": { }, "geometry": { "type": "Polygon", "coordinates": [ [ [ 2.48045610183842, 48.909535192930086 ], [ 2.480501624216955, 48.909547267277674 ], [ 2.480606095248389, 48.909543266096009 ], [ 2.480598846991839, 48.909474620165049 ], [ 2.480522476157742, 48.90946936842596 ], [ 2.480472594740685, 48.909506771017462 ], [ 2.48045610183842, 48.909535192930086 ] ] ] } },
{ "type": "Feature", "properties": { }, "geometry": { "type": "Polygon", "coordinates": [ [ [ 2.480640240745414, 48.909742758102631 ], [ 2.480617739397308, 48.909729348664598 ], [ 2.480558020520568, 48.909736407024766 ], [ 2.480464777848994, 48.909844731576456 ], [ 2.480466640723485, 48.909852368105838 ], [ 2.480659783267669, 48.909834037060207 ], [ 2.480640240745414, 48.909742758102631 ] ] ] } },
{ "type": "Feature", "properties": { }, "geometry": { "type": "Polygon", "coordinates": [ [ [ 2.480709834522288, 48.909582938718721 ], [ 2.480606095248389, 48.909543266096009 ], [ 2.480501624216955, 48.909547267277674 ], [ 2.480518519443056, 48.909631928399889 ], [ 2.4806282047327, 48.909642773345929 ], [ 2.480709834522288, 48.909582938718721 ] ] ] } },
{ "type": "Feature", "properties": { }, "geometry": { "type": "Polygon", "coordinates": [ [ [ 2.4806282047327, 48.909642773345929 ], [ 2.480617076319002, 48.909684518246443 ], [ 2.480617739397308, 48.909729348664598 ], [ 2.480640240745414, 48.909742758102631 ], [ 2.480801291935803, 48.909713732535728 ], [ 2.480803223764232, 48.909587050649186 ], [ 2.480763260119722, 48.909578005838625 ], [ 2.480709834522288, 48.909582938718721 ], [ 2.4806282047327, 48.909642773345929 ] ] ] } },
{ "type": "Feature", "properties": { }, "geometry": { "type": "Polygon", "coordinates": [ [ [ 2.480438000687126, 48.909670482022172 ], [ 2.480617076319002, 48.909684518246443 ], [ 2.4806282047327, 48.909642773345929 ], [ 2.480518519443056, 48.909631928399889 ], [ 2.480438000687126, 48.909670482022172 ] ] ] } },
{ "type": "Feature", "properties": { }, "geometry": { "type": "Polygon", "coordinates": [ [ [ 2.480606095248389, 48.909543266096009 ], [ 2.480709834522288, 48.909582938718721 ], [ 2.480763260119722, 48.909578005838625 ], [ 2.480729652940503, 48.909455054523725 ], [ 2.480601900845123, 48.909470309617411 ], [ 2.480598846991839, 48.909474620165049 ], [ 2.480606095248389, 48.909543266096009 ] ] ] } },
{ "type": "Feature", "properties": { }, "geometry": { "type": "Polygon", "coordinates": [ [ [ 2.480598846991839, 48.909474620165049 ], [ 2.480601900845123, 48.909470309617411 ], [ 2.4805906909169, 48.909412636418672 ], [ 2.480502258980672, 48.909373415231819 ], [ 2.480522476157742, 48.90946936842596 ], [ 2.480598846991839, 48.909474620165049 ] ] ] } },
{ "type": "Feature", "properties": { }, "geometry": { "type": "Polygon", "coordinates": [ [ [ 2.480601900845123, 48.909470309617411 ], [ 2.480729652940503, 48.909455054523725 ], [ 2.480731155406518, 48.909450003751772 ], [ 2.480719023478289, 48.90940165033421 ], [ 2.4805906909169, 48.909412636418672 ], [ 2.480601900845123, 48.909470309617411 ] ] ] } },
{ "type": "Feature", "properties": { }, "geometry": { "type": "Polygon", "coordinates": [ [ [ 2.480816996264686, 48.909727787175285 ], [ 2.480801291935803, 48.909713732535728 ], [ 2.480640240745414, 48.909742758102631 ], [ 2.480659783267669, 48.909834037060207 ], [ 2.480836341559022, 48.909817279721501 ], [ 2.480816996264686, 48.909727787175285 ] ] ] } },
{ "type": "Feature", "properties": { }, "geometry": { "type": "Polygon", "coordinates": [ [ [ 2.480723224890757, 48.909395513370498 ], [ 2.480897917371238, 48.909385009615299 ], [ 2.480882746272158, 48.909315601475242 ], [ 2.480707460052109, 48.909331201261054 ], [ 2.480723224890757, 48.909395513370498 ] ] ] } },
{ "type": "Feature", "properties": { }, "geometry": { "type": "Polygon", "coordinates": [ [ [ 2.480719023478289, 48.90940165033421 ], [ 2.480731155406518, 48.909450003751772 ], [ 2.480917304509817, 48.909441073830017 ], [ 2.480928602334903, 48.909410577828147 ], [ 2.480897917371238, 48.909385009615299 ], [ 2.480723224890757, 48.909395513370498 ], [ 2.480719023478289, 48.90940165033421 ] ] ] } },
{ "type": "Feature", "properties": { }, "geometry": { "type": "Polygon", "coordinates": [ [ [ 2.480729652940503, 48.909455054523725 ], [ 2.480763260119722, 48.909578005838625 ], [ 2.480803223764232, 48.909587050649186 ], [ 2.480918013073423, 48.909566866402415 ], [ 2.48092474907248, 48.909563373338656 ], [ 2.480917304509817, 48.909441073830017 ], [ 2.480731155406518, 48.909450003751772 ], [ 2.480729652940503, 48.909455054523725 ] ] ] } },
{ "type": "Feature", "properties": { }, "geometry": { "type": "Polygon", "coordinates": [ [ [ 2.481167700039328, 48.909669866271393 ], [ 2.481052619125499, 48.909701844789268 ], [ 2.481002839699362, 48.909737929432808 ], [ 2.481015662570521, 48.909800259881855 ], [ 2.481191894960892, 48.909783532908598 ], [ 2.481167700039328, 48.909669866271393 ] ] ] } },
{ "type": "Feature", "properties": { }, "geometry": { "type": "Polygon", "coordinates": [ [ [ 2.480803223764232, 48.909587050649186 ], [ 2.480801291935803, 48.909713732535728 ], [ 2.480816996264686, 48.909727787175285 ], [ 2.480958199469594, 48.909717712754471 ], [ 2.480919266581996, 48.909569269247982 ], [ 2.480918013073423, 48.909566866402415 ], [ 2.480803223764232, 48.909587050649186 ] ] ] } },
{ "type": "Feature", "properties": { }, "geometry": { "type": "Polygon", "coordinates": [ [ [ 2.480897917371238, 48.909385009615299 ], [ 2.480928602334903, 48.909410577828147 ], [ 2.481054864904217, 48.909390848918783 ], [ 2.481041055413082, 48.909301512345543 ], [ 2.480882746272158, 48.909315601475242 ], [ 2.480897917371238, 48.909385009615299 ] ] ] } },
{ "type": "Feature", "properties": { }, "geometry": { "type": "Polygon", "coordinates": [ [ [ 2.480917304509817, 48.909441073830017 ], [ 2.48092474907248, 48.909563373338656 ], [ 2.481018528876946, 48.909559396547742 ], [ 2.481079233998692, 48.909503019378022 ], [ 2.481096097660941, 48.909403100240439 ], [ 2.481054864904217, 48.909390848918783 ], [ 2.480928602334903, 48.909410577828147 ], [ 2.480917304509817, 48.909441073830017 ] ] ] } },
{ "type": "Feature", "properties": { }, "geometry": { "type": "Polygon", "coordinates": [ [ [ 2.481002839699362, 48.909737929432808 ], [ 2.480958199469594, 48.909717712754471 ], [ 2.480816996264686, 48.909727787175285 ], [ 2.480836341559022, 48.909817279721501 ], [ 2.481015662570521, 48.909800259881855 ], [ 2.481002839699362, 48.909737929432808 ] ] ] } },
{ "type": "Feature", "properties": { }, "geometry": { "type": "Polygon", "coordinates": [ [ [ 2.480958199469594, 48.909717712754471 ], [ 2.481002839699362, 48.909737929432808 ], [ 2.481052619125499, 48.909701844789268 ], [ 2.480919266581996, 48.909569269247982 ], [ 2.480958199469594, 48.909717712754471 ] ] ] } },
{ "type": "Feature", "properties": { }, "geometry": { "type": "Polygon", "coordinates": [ [ [ 2.481188410977712, 48.909377995430212 ], [ 2.481301469051584, 48.909348601964346 ], [ 2.481289716655977, 48.909279381643046 ], [ 2.48116510448828, 48.909290472121199 ], [ 2.481188410977712, 48.909377995430212 ] ] ] } },
{ "type": "Feature", "properties": { }, "geometry": { "type": "Polygon", "coordinates": [ [ [ 2.480919266581996, 48.909569269247982 ], [ 2.481052619125499, 48.909701844789268 ], [ 2.481167700039328, 48.909669866271393 ], [ 2.48116856900039, 48.909668559273122 ], [ 2.481167022606812, 48.909640811064996 ], [ 2.481154523692243, 48.909611056531276 ], [ 2.481018528876946, 48.909559396547742 ], [ 2.48092474907248, 48.909563373338656 ], [ 2.480918013073423, 48.909566866402415 ], [ 2.480919266581996, 48.909569269247982 ] ] ] } },
{ "type": "Feature", "properties": { }, "geometry": { "type": "Polygon", "coordinates": [ [ [ 2.481018528876946, 48.909559396547742 ], [ 2.481154523692243, 48.909611056531276 ], [ 2.481154806689979, 48.909610878574966 ], [ 2.481264804277586, 48.909518070961134 ], [ 2.481219951882606, 48.909491266360419 ], [ 2.481079233998692, 48.909503019378022 ], [ 2.481018528876946, 48.909559396547742 ] ] ] } },
{ "type": "Feature", "properties": { }, "geometry": { "type": "Polygon", "coordinates": [ [ [ 2.481079233998692, 48.909503019378022 ], [ 2.481219951882606, 48.909491266360419 ], [ 2.481181842226644, 48.909404047054018 ], [ 2.481171772213968, 48.909394873386809 ], [ 2.481096097660941, 48.909403100240439 ], [ 2.481079233998692, 48.909503019378022 ] ] ] } },
{ "type": "Feature", "properties": { }, "geometry": { "type": "Polygon", "coordinates": [ [ [ 2.481312728916842, 48.909691737759331 ], [ 2.48116856900039, 48.909668559273122 ], [ 2.481167700039328, 48.909669866271393 ], [ 2.481191894960892, 48.909783532908598 ], [ 2.481335015223225, 48.909769948543229 ], [ 2.481312728916842, 48.909691737759331 ] ] ] } },
{ "type": "Feature", "properties": { }, "geometry": { "type": "Polygon", "coordinates": [ [ [ 2.481096097660941, 48.909403100240439 ], [ 2.481171772213968, 48.909394873386809 ], [ 2.481188410977712, 48.909377995430212 ], [ 2.48116510448828, 48.909290472121199 ], [ 2.481041055413082, 48.909301512345543 ], [ 2.481054864904217, 48.909390848918783 ], [ 2.481096097660941, 48.909403100240439 ] ] ] } },
{ "type": "Feature", "properties": { }, "geometry": { "type": "Polygon", "coordinates": [ [ [ 2.481219951882606, 48.909491266360419 ], [ 2.481264804277586, 48.909518070961134 ], [ 2.481272167220148, 48.909517645994129 ], [ 2.481350585455419, 48.909473705765095 ], [ 2.481336777992431, 48.909439976178696 ], [ 2.481181842226644, 48.909404047054018 ], [ 2.481219951882606, 48.909491266360419 ] ] ] } },
{ "type": "Feature", "properties": { }, "geometry": { "type": "Polygon", "coordinates": [ [ [ 2.481428096048951, 48.909355395458093 ], [ 2.481470558435931, 48.90936615396523 ], [ 2.481533301744544, 48.909359216769104 ], [ 2.481547175956329, 48.909256467333073 ], [ 2.481411968075801, 48.90926850113572 ], [ 2.481428096048951, 48.909355395458093 ] ] ] } },
{ "type": "Feature", "properties": { }, "geometry": { "type": "Polygon", "coordinates": [ [ [ 2.481181842226644, 48.909404047054018 ], [ 2.481336777992431, 48.909439976178696 ], [ 2.481363168857952, 48.909367580880144 ], [ 2.481301469051584, 48.909348601964346 ], [ 2.481188410977712, 48.909377995430212 ], [ 2.481171772213968, 48.909394873386809 ], [ 2.481181842226644, 48.909404047054018 ] ] ] } },
{ "type": "Feature", "properties": { }, "geometry": { "type": "Polygon", "coordinates": [ [ [ 2.481293706795135, 48.909534219129185 ], [ 2.481272167220148, 48.909517645994129 ], [ 2.481264804277586, 48.909518070961134 ], [ 2.481154806689979, 48.909610878574966 ], [ 2.481321067214125, 48.909596813715233 ], [ 2.481322558266951, 48.909595334899606 ], [ 2.481293706795135, 48.909534219129185 ] ] ] } },
{ "type": "Feature", "properties": { }, "geometry": { "type": "Polygon", "coordinates": [ [ [ 2.481322558266951, 48.909595334899606 ], [ 2.481393201533831, 48.909595213473473 ], [ 2.481425824784462, 48.909572561014848 ], [ 2.481293706795135, 48.909534219129185 ], [ 2.481322558266951, 48.909595334899606 ] ] ] } },
{ "type": "Feature", "properties": { }, "geometry": { "type": "Polygon", "coordinates": [ [ [ 2.481154523692243, 48.909611056531276 ], [ 2.481167022606812, 48.909640811064996 ], [ 2.481315548035343, 48.909629835938652 ], [ 2.481321067214125, 48.909596813715233 ], [ 2.481154806689979, 48.909610878574966 ], [ 2.481154523692243, 48.909611056531276 ] ] ] } },
{ "type": "Feature", "properties": { }, "geometry": { "type": "Polygon", "coordinates": [ [ [ 2.481706560477797, 48.909690500411678 ], [ 2.48156911933418, 48.909638988983268 ], [ 2.481538775385157, 48.909665416234169 ], [ 2.481553497208012, 48.909749210807597 ], [ 2.481714925574178, 48.909733888174507 ], [ 2.481706560477797, 48.909690500411678 ] ] ] } },
{ "type": "Feature", "properties": { }, "geometry": { "type": "Polygon", "coordinates": [ [ [ 2.481425824784462, 48.909572561014848 ], [ 2.481467256175909, 48.909561758900701 ], [ 2.481503300490688, 48.909544274479622 ], [ 2.481494988302761, 48.909511662870436 ], [ 2.481450112908915, 48.909485663623236 ], [ 2.481350585455419, 48.909473705765095 ], [ 2.481272167220148, 48.909517645994129 ], [ 2.481293706795135, 48.909534219129185 ], [ 2.481425824784462, 48.909572561014848 ] ] ] } },
{ "type": "Feature", "properties": { }, "geometry": { "type": "Polygon", "coordinates": [ [ [ 2.481321067214125, 48.909596813715233 ], [ 2.481315548035343, 48.909629835938652 ], [ 2.481335504637899, 48.90964416069405 ], [ 2.481387320550811, 48.909628727660532 ], [ 2.481393201533831, 48.909595213473473 ], [ 2.481322558266951, 48.909595334899606 ], [ 2.481321067214125, 48.909596813715233 ] ] ] } },
{ "type": "Feature", "properties": { }, "geometry": { "type": "Polygon", "coordinates": [ [ [ 2.48116856900039, 48.909668559273122 ], [ 2.481312728916842, 48.909691737759331 ], [ 2.481331170504542, 48.909680862726901 ], [ 2.481335504637899, 48.90964416069405 ], [ 2.481315548035343, 48.909629835938652 ], [ 2.481167022606812, 48.909640811064996 ], [ 2.48116856900039, 48.909668559273122 ] ] ] } },
{ "type": "Feature", "properties": { }, "geometry": { "type": "Polygon", "coordinates": [ [ [ 2.481350585455419, 48.909473705765095 ], [ 2.481450112908915, 48.909485663623236 ], [ 2.481470558435931, 48.90936615396523 ], [ 2.481428096048951, 48.909355395458093 ], [ 2.481363168857952, 48.909367580880144 ], [ 2.481336777992431, 48.909439976178696 ], [ 2.481350585455419, 48.909473705765095 ] ] ] } },
{ "type": "Feature", "properties": { }, "geometry": { "type": "Polygon", "coordinates": [ [ [ 2.481387320550811, 48.909628727660532 ], [ 2.481440622917672, 48.909666595259296 ], [ 2.481445209958815, 48.909665331242692 ], [ 2.481467256175909, 48.909561758900701 ], [ 2.481425824784462, 48.909572561014848 ], [ 2.481393201533831, 48.909595213473473 ], [ 2.481387320550811, 48.909628727660532 ] ] ] } },
{ "type": "Feature", "properties": { }, "geometry": { "type": "Polygon", "coordinates": [ [ [ 2.481335015223225, 48.909769948543229 ], [ 2.481432558192981, 48.909760690074251 ], [ 2.481422601049551, 48.909683537567275 ], [ 2.481331170504542, 48.909680862726901 ], [ 2.481312728916842, 48.909691737759331 ], [ 2.481335015223225, 48.909769948543229 ] ] ] } },
{ "type": "Feature", "properties": { }, "geometry": { "type": "Polygon", "coordinates": [ [ [ 2.481791707700261, 48.909306551708056 ], [ 2.481939299804751, 48.909250639287471 ], [ 2.481942414120429, 48.909247036773095 ], [ 2.481938162670967, 48.909221667719642 ], [ 2.481772554320896, 48.909236407791184 ], [ 2.481791707700261, 48.909306551708056 ] ] ] } },
{ "type": "Feature", "properties": { }, "geometry": { "type": "Polygon", "coordinates": [ [ [ 2.481301469051584, 48.909348601964346 ], [ 2.481363168857952, 48.909367580880144 ], [ 2.481428096048951, 48.909355395458093 ], [ 2.481411968075801, 48.90926850113572 ], [ 2.481289716655977, 48.909279381643046 ], [ 2.481301469051584, 48.909348601964346 ] ] ] } },
{ "type": "Feature", "properties": { }, "geometry": { "type": "Polygon", "coordinates": [ [ [ 2.481538775385157, 48.909665416234169 ], [ 2.481445209958815, 48.909665331242692 ], [ 2.481440622917672, 48.909666595259296 ], [ 2.481422601049551, 48.909683537567275 ], [ 2.481432558192981, 48.909760690074251 ], [ 2.481553497208012, 48.909749210807597 ], [ 2.481538775385157, 48.909665416234169 ] ] ] } },
{ "type": "Feature", "properties": { }, "geometry": { "type": "Polygon", "coordinates": [ [ [ 2.481331170504542, 48.909680862726901 ], [ 2.481422601049551, 48.909683537567275 ], [ 2.481440622917672, 48.909666595259296 ], [ 2.481387320550811, 48.909628727660532 ], [ 2.481335504637899, 48.90964416069405 ], [ 2.481331170504542, 48.909680862726901 ] ] ] } },
{ "type": "Feature", "properties": { }, "geometry": { "type": "Polygon", "coordinates": [ [ [ 2.481450112908915, 48.909485663623236 ], [ 2.481494988302761, 48.909511662870436 ], [ 2.481595153004638, 48.909452245363802 ], [ 2.481555441580092, 48.909368190574639 ], [ 2.48155172722542, 48.909364784816574 ], [ 2.481533301744544, 48.909359216769104 ], [ 2.481470558435931, 48.90936615396523 ], [ 2.481450112908915, 48.909485663623236 ] ] ] } },
{ "type": "Feature", "properties": { }, "geometry": { "type": "Polygon", "coordinates": [ [ [ 2.481445209958815, 48.909665331242692 ], [ 2.481538775385157, 48.909665416234169 ], [ 2.48156911933418, 48.909638988983268 ], [ 2.481574189550496, 48.909580271437456 ], [ 2.481503300490688, 48.909544274479622 ], [ 2.481467256175909, 48.909561758900701 ], [ 2.481445209958815, 48.909665331242692 ] ] ] } },
{ "type": "Feature", "properties": { }, "geometry": { "type": "Polygon", "coordinates": [ [ [ 2.481494988302761, 48.909511662870436 ], [ 2.481503300490688, 48.909544274479622 ], [ 2.481574189550496, 48.909580271437456 ], [ 2.481672825492152, 48.909566465480133 ], [ 2.481687808694434, 48.909555805200071 ], [ 2.481664139739356, 48.909459030335206 ], [ 2.481595153004638, 48.909452245363802 ], [ 2.481494988302761, 48.909511662870436 ] ] ] } },
{ "type": "Feature", "properties": { }, "geometry": { "type": "Polygon", "coordinates": [ [ [ 2.481660165710853, 48.909285027848625 ], [ 2.481776585783002, 48.909312793681487 ], [ 2.481790242473979, 48.909310892041859 ], [ 2.481791707700261, 48.909306551708056 ], [ 2.481772554320896, 48.909236407791184 ], [ 2.481642314267955, 48.909247999712854 ], [ 2.481660165710853, 48.909285027848625 ] ] ] } },
{ "type": "Feature", "properties": { }, "geometry": { "type": "Polygon", "coordinates": [ [ [ 2.48155172722542, 48.909364784816574 ], [ 2.481647101816684, 48.909325921128783 ], [ 2.481660165710853, 48.909285027848625 ], [ 2.481642314267955, 48.909247999712854 ], [ 2.481547175956329, 48.909256467333073 ], [ 2.481533301744544, 48.909359216769104 ], [ 2.48155172722542, 48.909364784816574 ] ] ] } },
{ "type": "Feature", "properties": { }, "geometry": { "type": "Polygon", "coordinates": [ [ [ 2.481737711594194, 48.909645709303277 ], [ 2.481672825492152, 48.909566465480133 ], [ 2.481574189550496, 48.909580271437456 ], [ 2.48156911933418, 48.909638988983268 ], [ 2.481706560477797, 48.909690500411678 ], [ 2.481737711594194, 48.909645709303277 ] ] ] } },
{ "type": "Feature", "properties": { }, "geometry": { "type": "Polygon", "coordinates": [ [ [ 2.481855849465149, 48.909642482032943 ], [ 2.481840244026515, 48.90962618503481 ], [ 2.481737711594194, 48.909645709303277 ], [ 2.481706560477797, 48.909690500411678 ], [ 2.481714925574178, 48.909733888174507 ], [ 2.481875637384678, 48.909718633322413 ], [ 2.481855849465149, 48.909642482032943 ] ] ] } },
{ "type": "Feature", "properties": { }, "geometry": { "type": "Polygon", "coordinates": [ [ [ 2.481687808694434, 48.909555805200071 ], [ 2.481806168225033, 48.909537333332025 ], [ 2.481814587972086, 48.909516802655894 ], [ 2.481810637423653, 48.909431768117059 ], [ 2.481741098159948, 48.909427511140727 ], [ 2.481664139739356, 48.909459030335206 ], [ 2.481687808694434, 48.909555805200071 ] ] ] } },
{ "type": "Feature", "properties": { }, "geometry": { "type": "Polygon", "coordinates": [ [ [ 2.481595153004638, 48.909452245363802 ], [ 2.481664139739356, 48.909459030335206 ], [ 2.481741098159948, 48.909427511140727 ], [ 2.48170616918964, 48.909391865576019 ], [ 2.481555441580092, 48.909368190574639 ], [ 2.481595153004638, 48.909452245363802 ] ] ] } },
{ "type": "Feature", "properties": { }, "geometry": { "type": "Polygon", "coordinates": [ [ [ 2.481555441580092, 48.909368190574639 ], [ 2.48170616918964, 48.909391865576019 ], [ 2.481702528087126, 48.909349055148454 ], [ 2.481647101816684, 48.909325921128783 ], [ 2.48155172722542, 48.909364784816574 ], [ 2.481555441580092, 48.909368190574639 ] ] ] } },
{ "type": "Feature", "properties": { }, "geometry": { "type": "Polygon", "coordinates": [ [ [ 2.481687808694434, 48.909555805200071 ], [ 2.481672825492152, 48.909566465480133 ], [ 2.481737711594194, 48.909645709303277 ], [ 2.481840244026515, 48.90962618503481 ], [ 2.481857907394904, 48.909581639995828 ], [ 2.481806168225033, 48.909537333332025 ], [ 2.481687808694434, 48.909555805200071 ] ] ] } },
{ "type": "Feature", "properties": { }, "geometry": { "type": "Polygon", "coordinates": [ [ [ 2.481741098159948, 48.909427511140727 ], [ 2.481810637423653, 48.909431768117059 ], [ 2.48182774971423, 48.909423502869281 ], [ 2.481827126613931, 48.909344403291392 ], [ 2.481790242473979, 48.909310892041859 ], [ 2.481776585783002, 48.909312793681487 ], [ 2.481702528087126, 48.909349055148454 ], [ 2.48170616918964, 48.909391865576019 ], [ 2.481741098159948, 48.909427511140727 ] ] ] } },
{ "type": "Feature", "properties": { }, "geometry": { "type": "Polygon", "coordinates": [ [ [ 2.481702528087126, 48.909349055148454 ], [ 2.481776585783002, 48.909312793681487 ], [ 2.481660165710853, 48.909285027848625 ], [ 2.481647101816684, 48.909325921128783 ], [ 2.481702528087126, 48.909349055148454 ] ] ] } },
{ "type": "Feature", "properties": { }, "geometry": { "type": "Polygon", "coordinates": [ [ [ 2.482165377663423, 48.909262863569651 ], [ 2.482222106965852, 48.909289963866314 ], [ 2.482229083499512, 48.909291730175937 ], [ 2.482366138001805, 48.909275580359228 ], [ 2.482376485867768, 48.909263050053475 ], [ 2.482360394686561, 48.909184085587789 ], [ 2.482150557589952, 48.909202763020367 ], [ 2.482165377663423, 48.909262863569651 ] ] ] } },
{ "type": "Feature", "properties": { }, "geometry": { "type": "Polygon", "coordinates": [ [ [ 2.481827126613931, 48.909344403291392 ], [ 2.481917358720395, 48.90932210546692 ], [ 2.481939299804751, 48.909250639287471 ], [ 2.481791707700261, 48.909306551708056 ], [ 2.481790242473979, 48.909310892041859 ], [ 2.481827126613931, 48.909344403291392 ] ] ] } },
{ "type": "Feature", "properties": { }, "geometry": { "type": "Polygon", "coordinates": [ [ [ 2.481814587972086, 48.909516802655894 ], [ 2.481945494105832, 48.909506062087651 ], [ 2.481967559498197, 48.909463360593456 ], [ 2.481873795710791, 48.909424710827061 ], [ 2.48182774971423, 48.909423502869281 ], [ 2.481810637423653, 48.909431768117059 ], [ 2.481814587972086, 48.909516802655894 ] ] ] } },
{ "type": "Feature", "properties": { }, "geometry": { "type": "Polygon", "coordinates": [ [ [ 2.481855849465149, 48.909642482032943 ], [ 2.481967064321592, 48.909644650219782 ], [ 2.481977888546902, 48.909630950281034 ], [ 2.481944886592755, 48.90957283833086 ], [ 2.481857907394904, 48.909581639995828 ], [ 2.481840244026515, 48.90962618503481 ], [ 2.481855849465149, 48.909642482032943 ] ] ] } },
{ "type": "Feature", "properties": { }, "geometry": { "type": "Polygon", "coordinates": [ [ [ 2.481939299804751, 48.909250639287471 ], [ 2.481917358720395, 48.90932210546692 ], [ 2.481966841116912, 48.909353720713902 ], [ 2.48205380715769, 48.909337843119438 ], [ 2.482064476348848, 48.909309023564475 ], [ 2.481942414120429, 48.909247036773095 ], [ 2.481939299804751, 48.909250639287471 ] ] ] } },
{ "type": "Feature", "properties": { }, "geometry": { "type": "Polygon", "coordinates": [ [ [ 2.481806168225033, 48.909537333332025 ], [ 2.481857907394904, 48.909581639995828 ], [ 2.481944886592755, 48.90957283833086 ], [ 2.481962732854006, 48.909562151306339 ], [ 2.481945494105832, 48.909506062087651 ], [ 2.481814587972086, 48.909516802655894 ], [ 2.481806168225033, 48.909537333332025 ] ] ] } },
{ "type": "Feature", "properties": { }, "geometry": { "type": "Polygon", "coordinates": [ [ [ 2.481873795710791, 48.909424710827061 ], [ 2.481950619261168, 48.909377901340896 ], [ 2.481966841116912, 48.909353720713902 ], [ 2.481917358720395, 48.90932210546692 ], [ 2.481827126613931, 48.909344403291392 ], [ 2.48182774971423, 48.909423502869281 ], [ 2.481873795710791, 48.909424710827061 ] ] ] } },
{ "type": "Feature", "properties": { }, "geometry": { "type": "Polygon", "coordinates": [ [ [ 2.481967064321592, 48.909644650219782 ], [ 2.481855849465149, 48.909642482032943 ], [ 2.481875637384678, 48.909718633322413 ], [ 2.481980169881683, 48.909708710915979 ], [ 2.481967064321592, 48.909644650219782 ] ] ] } },
{ "type": "Feature", "properties": { }, "geometry": { "type": "Polygon", "coordinates": [ [ [ 2.481945494105832, 48.909506062087651 ], [ 2.481962732854006, 48.909562151306339 ], [ 2.482018434777645, 48.909558321505401 ], [ 2.482090725727832, 48.909506389185545 ], [ 2.482085186343136, 48.909453939706083 ], [ 2.481967559498197, 48.909463360593456 ], [ 2.481945494105832, 48.909506062087651 ] ] ] } },
{ "type": "Feature", "properties": { }, "geometry": { "type": "Polygon", "coordinates": [ [ [ 2.481873795710791, 48.909424710827061 ], [ 2.481967559498197, 48.909463360593456 ], [ 2.482085186343136, 48.909453939706083 ], [ 2.48209021562096, 48.909449213389919 ], [ 2.481950619261168, 48.909377901340896 ], [ 2.481873795710791, 48.909424710827061 ] ] ] } },
{ "type": "Feature", "properties": { }, "geometry": { "type": "Polygon", "coordinates": [ [ [ 2.482057533101378, 48.909627720154049 ], [ 2.481977888546902, 48.909630950281034 ], [ 2.481967064321592, 48.909644650219782 ], [ 2.481980169881683, 48.909708710915979 ], [ 2.482073265495974, 48.909699874035262 ], [ 2.482057533101378, 48.909627720154049 ] ] ] } },
{ "type": "Feature", "properties": { }, "geometry": { "type": "Polygon", "coordinates": [ [ [ 2.48205380715769, 48.909337843119438 ], [ 2.482110989590271, 48.909414027263288 ], [ 2.482222106965852, 48.909289963866314 ], [ 2.482165377663423, 48.909262863569651 ], [ 2.482064476348848, 48.909309023564475 ], [ 2.48205380715769, 48.909337843119438 ] ] ] } },
{ "type": "Feature", "properties": { }, "geometry": { "type": "Polygon", "coordinates": [ [ [ 2.48209021562096, 48.909449213389919 ], [ 2.482116706702565, 48.909431513020721 ], [ 2.482110989590271, 48.909414027263288 ], [ 2.48205380715769, 48.909337843119438 ], [ 2.481966841116912, 48.909353720713902 ], [ 2.481950619261168, 48.909377901340896 ], [ 2.48209021562096, 48.909449213389919 ] ] ] } },
{ "type": "Feature", "properties": { }, "geometry": { "type": "Polygon", "coordinates": [ [ [ 2.481944886592755, 48.90957283833086 ], [ 2.481977888546902, 48.909630950281034 ], [ 2.482057533101378, 48.909627720154049 ], [ 2.482073815925828, 48.909610883736008 ], [ 2.482018434777645, 48.909558321505401 ], [ 2.481962732854006, 48.909562151306339 ], [ 2.481944886592755, 48.90957283833086 ] ] ] } },
{ "type": "Feature", "properties": { }, "geometry": { "type": "Polygon", "coordinates": [ [ [ 2.48209021562096, 48.909449213389919 ], [ 2.482085186343136, 48.909453939706083 ], [ 2.482090725727832, 48.909506389185545 ], [ 2.482156091038659, 48.909551175429648 ], [ 2.482262234818308, 48.90954692135854 ], [ 2.48228769048873, 48.909447114656494 ], [ 2.482281553750369, 48.909436957884601 ], [ 2.482273588869575, 48.90943443940283 ], [ 2.482116706702565, 48.909431513020721 ], [ 2.48209021562096, 48.909449213389919 ] ] ] } },
{ "type": "Feature", "properties": { }, "geometry": { "type": "Polygon", "coordinates": [ [ [ 2.482073815925828, 48.909610883736008 ], [ 2.482126619942959, 48.909603813589897 ], [ 2.48212955016319, 48.909602112908622 ], [ 2.482156091038659, 48.909551175429648 ], [ 2.482090725727832, 48.909506389185545 ], [ 2.482018434777645, 48.909558321505401 ], [ 2.482073815925828, 48.909610883736008 ] ] ] } },
{ "type": "Feature", "properties": { }, "geometry": { "type": "Polygon", "coordinates": [ [ [ 2.482565619184841, 48.909576484578416 ], [ 2.482548706398096, 48.909561893386694 ], [ 2.482435270389772, 48.909580092499709 ], [ 2.482405094620832, 48.909621602946117 ], [ 2.482412326517233, 48.909667688809058 ], [ 2.482585915382753, 48.90965121055644 ], [ 2.482565619184841, 48.909576484578416 ] ] ] } },
{ "type": "Feature", "properties": { }, "geometry": { "type": "Polygon", "coordinates": [ [ [ 2.482126619942959, 48.909603813589897 ], [ 2.482073815925828, 48.909610883736008 ], [ 2.482057533101378, 48.909627720154049 ], [ 2.482073265495974, 48.909699874035262 ], [ 2.48216301276819, 48.909691354913868 ], [ 2.482126619942959, 48.909603813589897 ] ] ] } },
{ "type": "Feature", "properties": { }, "geometry": { "type": "Polygon", "coordinates": [ [ [ 2.481942414120429, 48.909247036773095 ], [ 2.482064476348848, 48.909309023564475 ], [ 2.482165377663423, 48.909262863569651 ], [ 2.482150557589952, 48.909202763020367 ], [ 2.481938162670967, 48.909221667719642 ], [ 2.481942414120429, 48.909247036773095 ] ] ] } },
{ "type": "Feature", "properties": { }, "geometry": { "type": "Polygon", "coordinates": [ [ [ 2.482126619942959, 48.909603813589897 ], [ 2.48216301276819, 48.909691354913868 ], [ 2.482251569995555, 48.909682948684349 ], [ 2.482246948698288, 48.909644655230316 ], [ 2.482131901028322, 48.909602631335872 ], [ 2.48212955016319, 48.909602112908622 ], [ 2.482126619942959, 48.909603813589897 ] ] ] } },
{ "type": "Feature", "properties": { }, "geometry": { "type": "Polygon", "coordinates": [ [ [ 2.482405094620832, 48.909621602946117 ], [ 2.482274969923128, 48.90957940077265 ], [ 2.482262129447617, 48.909599949310945 ], [ 2.482246948698288, 48.909644655230316 ], [ 2.482251569995555, 48.909682948684349 ], [ 2.482412326517233, 48.909667688809058 ], [ 2.482405094620832, 48.909621602946117 ] ] ] } },
{ "type": "Feature", "properties": { }, "geometry": { "type": "Polygon", "coordinates": [ [ [ 2.482229083499512, 48.909291730175937 ], [ 2.482222106965852, 48.909289963866314 ], [ 2.482110989590271, 48.909414027263288 ], [ 2.482116706702565, 48.909431513020721 ], [ 2.482273588869575, 48.90943443940283 ], [ 2.482229083499512, 48.909291730175937 ] ] ] } },
{ "type": "Feature", "properties": { }, "geometry": { "type": "Polygon", "coordinates": [ [ [ 2.482273588869575, 48.90943443940283 ], [ 2.482281553750369, 48.909436957884601 ], [ 2.482417292338706, 48.909365952285818 ], [ 2.482366138001805, 48.909275580359228 ], [ 2.482229083499512, 48.909291730175937 ], [ 2.482273588869575, 48.90943443940283 ] ] ] } },
{ "type": "Feature", "properties": { }, "geometry": { "type": "Polygon", "coordinates": [ [ [ 2.48212955016319, 48.909602112908622 ], [ 2.482131901028322, 48.909602631335872 ], [ 2.482262129447617, 48.909599949310945 ], [ 2.482274969923128, 48.90957940077265 ], [ 2.482266490016187, 48.909551207059557 ], [ 2.482262234818308, 48.90954692135854 ], [ 2.482156091038659, 48.909551175429648 ], [ 2.48212955016319, 48.909602112908622 ] ] ] } },
{ "type": "Feature", "properties": { }, "geometry": { "type": "Polygon", "coordinates": [ [ [ 2.482266490016187, 48.909551207059557 ], [ 2.482405500135777, 48.909546921678839 ], [ 2.482408276850744, 48.909528399632634 ], [ 2.482352797006641, 48.909471046251177 ], [ 2.48228769048873, 48.909447114656494 ], [ 2.482262234818308, 48.90954692135854 ], [ 2.482266490016187, 48.909551207059557 ] ] ] } },
{ "type": "Feature", "properties": { }, "geometry": { "type": "Polygon", "coordinates": [ [ [ 2.482246948698288, 48.909644655230316 ], [ 2.482262129447617, 48.909599949310945 ], [ 2.482131901028322, 48.909602631335872 ], [ 2.482246948698288, 48.909644655230316 ] ] ] } },
{ "type": "Feature", "properties": { }, "geometry": { "type": "Polygon", "coordinates": [ [ [ 2.482376485867768, 48.909263050053475 ], [ 2.482535657034805, 48.909248720743307 ], [ 2.482521566026862, 48.909169739586638 ], [ 2.482360394686561, 48.909184085587789 ], [ 2.482376485867768, 48.909263050053475 ] ] ] } },
{ "type": "Feature", "properties": { }, "geometry": { "type": "Polygon", "coordinates": [ [ [ 2.482281553750369, 48.909436957884601 ], [ 2.48228769048873, 48.909447114656494 ], [ 2.482352797006641, 48.909471046251177 ], [ 2.482554163111782, 48.909465905122339 ], [ 2.482559722924831, 48.909464819346525 ], [ 2.482568169241619, 48.909456524362504 ], [ 2.482522976009126, 48.909385044172538 ], [ 2.482417292338706, 48.909365952285818 ], [ 2.482281553750369, 48.909436957884601 ] ] ] } },
{ "type": "Feature", "properties": { }, "geometry": { "type": "Polygon", "coordinates": [ [ [ 2.482405500135777, 48.909546921678839 ], [ 2.482266490016187, 48.909551207059557 ], [ 2.482274969923128, 48.90957940077265 ], [ 2.482405094620832, 48.909621602946117 ], [ 2.482435270389772, 48.909580092499709 ], [ 2.482405500135777, 48.909546921678839 ] ] ] } },
{ "type": "Feature", "properties": { }, "geometry": { "type": "Polygon", "coordinates": [ [ [ 2.482435270389772, 48.909580092499709 ], [ 2.482548706398096, 48.909561893386694 ], [ 2.482559722924831, 48.909464819346525 ], [ 2.482554163111782, 48.909465905122339 ], [ 2.482408276850744, 48.909528399632634 ], [ 2.482405500135777, 48.909546921678839 ], [ 2.482435270389772, 48.909580092499709 ] ] ] } },
{ "type": "Feature", "properties": { }, "geometry": { "type": "Polygon", "coordinates": [ [ [ 2.482408276850744, 48.909528399632634 ], [ 2.482554163111782, 48.909465905122339 ], [ 2.482352797006641, 48.909471046251177 ], [ 2.482408276850744, 48.909528399632634 ] ] ] } },
{ "type": "Feature", "properties": { }, "geometry": { "type": "Polygon", "coordinates": [ [ [ 2.482522976009126, 48.909385044172538 ], [ 2.48258567304624, 48.909324610173449 ], [ 2.482543037486872, 48.909252145364519 ], [ 2.482535657034805, 48.909248720743307 ], [ 2.482376485867768, 48.909263050053475 ], [ 2.482366138001805, 48.909275580359228 ], [ 2.482417292338706, 48.909365952285818 ], [ 2.482522976009126, 48.909385044172538 ] ] ] } },
{ "type": "Feature", "properties": { }, "geometry": { "type": "Polygon", "coordinates": [ [ [ 2.48258567304624, 48.909324610173449 ], [ 2.482657603315547, 48.909319555450246 ], [ 2.482744868176588, 48.909254890532246 ], [ 2.482673657200419, 48.909210998430908 ], [ 2.482543037486872, 48.909252145364519 ], [ 2.48258567304624, 48.909324610173449 ] ] ] } },
{ "type": "Feature", "properties": { }, "geometry": { "type": "Polygon", "coordinates": [ [ [ 2.482673657200419, 48.909210998430908 ], [ 2.482744868176588, 48.909254890532246 ], [ 2.482776970086456, 48.909254784093314 ], [ 2.48281267389806, 48.90923115154775 ], [ 2.482837470616218, 48.909193992662011 ], [ 2.482827260011589, 48.909142528857814 ], [ 2.482662473204605, 48.909157197124898 ], [ 2.482673657200419, 48.909210998430908 ] ] ] } },
{ "type": "Feature", "properties": { }, "geometry": { "type": "Polygon", "coordinates": [ [ [ 2.482559722924831, 48.909464819346525 ], [ 2.482548706398096, 48.909561893386694 ], [ 2.482565619184841, 48.909576484578416 ], [ 2.482711902188502, 48.909561710865802 ], [ 2.482680822303143, 48.909461326643545 ], [ 2.482568169241619, 48.909456524362504 ], [ 2.482559722924831, 48.909464819346525 ] ] ] } },
{ "type": "Feature", "properties": { }, "geometry": { "type": "Polygon", "coordinates": [ [ [ 2.482568169241619, 48.909456524362504 ], [ 2.482680822303143, 48.909461326643545 ], [ 2.482708180776211, 48.909452468999312 ], [ 2.482715043520924, 48.909448514678502 ], [ 2.482735345807979, 48.909376875673502 ], [ 2.482657603315547, 48.909319555450246 ], [ 2.48258567304624, 48.909324610173449 ], [ 2.482522976009126, 48.909385044172538 ], [ 2.482568169241619, 48.909456524362504 ] ] ] } },
{ "type": "Feature", "properties": { }, "geometry": { "type": "Polygon", "coordinates": [ [ [ 2.482535657034805, 48.909248720743307 ], [ 2.482543037486872, 48.909252145364519 ], [ 2.482673657200419, 48.909210998430908 ], [ 2.482662473204605, 48.909157197124898 ], [ 2.482521566026862, 48.909169739586638 ], [ 2.482535657034805, 48.909248720743307 ] ] ] } },
{ "type": "Feature", "properties": { }, "geometry": { "type": "Polygon", "coordinates": [ [ [ 2.482657603315547, 48.909319555450246 ], [ 2.482735345807979, 48.909376875673502 ], [ 2.482803765334785, 48.909352597886574 ], [ 2.482818575802441, 48.909302645944329 ], [ 2.482776970086456, 48.909254784093314 ], [ 2.482744868176588, 48.909254890532246 ], [ 2.482657603315547, 48.909319555450246 ] ] ] } },
{ "type": "Feature", "properties": { }, "geometry": { "type": "Polygon", "coordinates": [ [ [ 2.482585915382753, 48.90965121055644 ], [ 2.482758782018459, 48.9096348005924 ], [ 2.482751694234472, 48.909595176334008 ], [ 2.48274410259918, 48.90958311452237 ], [ 2.482711902188502, 48.909561710865802 ], [ 2.482565619184841, 48.909576484578416 ], [ 2.482585915382753, 48.90965121055644 ] ] ] } },
{ "type": "Feature", "properties": { }, "geometry": { "type": "Polygon", "coordinates": [ [ [ 2.482877779090225, 48.909550005932623 ], [ 2.482751694234472, 48.909595176334008 ], [ 2.482758782018459, 48.9096348005924 ], [ 2.482897305724086, 48.909621650555131 ], [ 2.482877779090225, 48.909550005932623 ] ] ] } },
{ "type": "Feature", "properties": { }, "geometry": { "type": "Polygon", "coordinates": [ [ [ 2.482715043520924, 48.909448514678502 ], [ 2.482821118870239, 48.909446668028032 ], [ 2.48289628717243, 48.909401175277452 ], [ 2.482890248295901, 48.90939492545894 ], [ 2.482803765334785, 48.909352597886574 ], [ 2.482735345807979, 48.909376875673502 ], [ 2.482715043520924, 48.909448514678502 ] ] ] } },
{ "type": "Feature", "properties": { }, "geometry": { "type": "Polygon", "coordinates": [ [ [ 2.482680822303143, 48.909461326643545 ], [ 2.482711902188502, 48.909561710865802 ], [ 2.48274410259918, 48.90958311452237 ], [ 2.482807055904094, 48.90952373761187 ], [ 2.482708180776211, 48.909452468999312 ], [ 2.482680822303143, 48.909461326643545 ] ] ] } },
{ "type": "Feature", "properties": { }, "geometry": { "type": "Polygon", "coordinates": [ [ [ 2.482837470616218, 48.909193992662011 ], [ 2.48293389098857, 48.909201549103379 ], [ 2.48309480861376, 48.90913586361917 ], [ 2.4830972, 48.9091185 ], [ 2.482827260011589, 48.909142528857814 ], [ 2.482837470616218, 48.909193992662011 ] ] ] } },
{ "type": "Feature", "properties": { }, "geometry": { "type": "Polygon", "coordinates": [ [ [ 2.48274410259918, 48.90958311452237 ], [ 2.482751694234472, 48.909595176334008 ], [ 2.482877779090225, 48.909550005932623 ], [ 2.482893797095732, 48.909517669352134 ], [ 2.482890877850812, 48.909516657821193 ], [ 2.482807055904094, 48.90952373761187 ], [ 2.48274410259918, 48.90958311452237 ] ] ] } },
{ "type": "Feature", "properties": { }, "geometry": { "type": "Polygon", "coordinates": [ [ [ 2.482715043520924, 48.909448514678502 ], [ 2.482708180776211, 48.909452468999312 ], [ 2.482807055904094, 48.90952373761187 ], [ 2.482890877850812, 48.909516657821193 ], [ 2.482821118870239, 48.909446668028032 ], [ 2.482715043520924, 48.909448514678502 ] ] ] } },
{ "type": "Feature", "properties": { }, "geometry": { "type": "Polygon", "coordinates": [ [ [ 2.482890877850812, 48.909516657821193 ], [ 2.482893797095732, 48.909517669352134 ], [ 2.483051229453219, 48.909499627885836 ], [ 2.48305833301163, 48.909423628670929 ], [ 2.48289628717243, 48.909401175277452 ], [ 2.482821118870239, 48.909446668028032 ], [ 2.482890877850812, 48.909516657821193 ] ] ] } },
{ "type": "Feature", "properties": { }, "geometry": { "type": "Polygon", "coordinates": [ [ [ 2.482803765334785, 48.909352597886574 ], [ 2.482890248295901, 48.90939492545894 ], [ 2.482906710894319, 48.909310496378247 ], [ 2.482818575802441, 48.909302645944329 ], [ 2.482803765334785, 48.909352597886574 ] ] ] } },
{ "type": "Feature", "properties": { }, "geometry": { "type": "Polygon", "coordinates": [ [ [ 2.482893797095732, 48.909517669352134 ], [ 2.482877779090225, 48.909550005932623 ], [ 2.482897305724086, 48.909621650555131 ], [ 2.4830411, 48.909608 ], [ 2.483051229453219, 48.909499627885836 ], [ 2.482893797095732, 48.909517669352134 ] ] ] } },
{ "type": "Feature", "properties": { }, "geometry": { "type": "Polygon", "coordinates": [ [ [ 2.48289628717243, 48.909401175277452 ], [ 2.48305833301163, 48.909423628670929 ], [ 2.483065, 48.9093523 ], [ 2.483071743902709, 48.909303333584177 ], [ 2.482982640618584, 48.909289883147096 ], [ 2.482906710894319, 48.909310496378247 ], [ 2.482890248295901, 48.90939492545894 ], [ 2.48289628717243, 48.909401175277452 ] ] ] } },
{ "type": "Feature", "properties": { }, "geometry": { "type": "Polygon", "coordinates": [ [ [ 2.482818575802441, 48.909302645944329 ], [ 2.482906710894319, 48.909310496378247 ], [ 2.482982640618584, 48.909289883147096 ], [ 2.482951961324125, 48.909266726550875 ], [ 2.48281267389806, 48.90923115154775 ], [ 2.482776970086456, 48.909254784093314 ], [ 2.482818575802441, 48.909302645944329 ] ] ] } },
{ "type": "Feature", "properties": { }, "geometry": { "type": "Polygon", "coordinates": [ [ [ 2.48293389098857, 48.909201549103379 ], [ 2.482951961324125, 48.909266726550875 ], [ 2.482982640618584, 48.909289883147096 ], [ 2.483071743902709, 48.909303333584177 ], [ 2.48309480861376, 48.90913586361917 ], [ 2.48293389098857, 48.909201549103379 ] ] ] } },
{ "type": "Feature", "properties": { }, "geometry": { "type": "Polygon", "coordinates": [ [ [ 2.482951961324125, 48.909266726550875 ], [ 2.48293389098857, 48.909201549103379 ], [ 2.482837470616218, 48.909193992662011 ], [ 2.48281267389806, 48.90923115154775 ], [ 2.482951961324125, 48.909266726550875 ] ] ] } },
{ "type": "Feature", "properties": { }, "geometry": { "type": "Polygon", "coordinates": [ [ [ 2.481615, 48.908916 ], [ 2.4818025, 48.9089006 ], [ 2.4818418, 48.9088861 ], [ 2.4818846, 48.9088568 ], [ 2.4819076, 48.9088303 ], [ 2.4819196, 48.9088077 ], [ 2.4819249, 48.908783499999984 ], [ 2.4819038, 48.9086307 ], [ 2.4818981, 48.9086181 ], [ 2.4818879, 48.9086104 ], [ 2.4818718, 48.9086035 ], [ 2.4818448, 48.90859660000001 ], [ 2.4816381, 48.9086101 ], [ 2.4816161, 48.9086187 ], [ 2.4815976, 48.9086297 ], [ 2.481588, 48.9086422 ], [ 2.4815767, 48.9086644 ], [ 2.481615, 48.908916 ] ] ] } },
{ "type": "Feature", "properties": { }, "geometry": { "type": "Polygon", "coordinates": [ [ [ 2.475409209569894, 48.910698700696699 ], [ 2.475344173377772, 48.910608621563263 ], [ 2.47519255758647, 48.910692232136533 ], [ 2.475260260406557, 48.910783233303043 ], [ 2.475409209569894, 48.910698700696699 ] ] ] } },
{ "type": "Feature", "properties": { }, "geometry": { "type": "Polygon", "coordinates": [ [ [ 2.4746379, 48.9111861 ], [ 2.4746785, 48.9111371 ], [ 2.4747235, 48.9110906 ], [ 2.4749577, 48.9109547 ], [ 2.4747884, 48.9110174 ], [ 2.4746597, 48.911038599999983 ], [ 2.4746164, 48.9110344 ], [ 2.474546, 48.911024 ], [ 2.4746379, 48.9111861 ] ] ] } },
{ "type": "Feature", "properties": { }, "geometry": { "type": "Polygon", "coordinates": [ [ [ 2.4758411, 48.9095053 ], [ 2.4758606, 48.9093281 ], [ 2.4749788, 48.909298 ], [ 2.4751175, 48.909478 ], [ 2.4758411, 48.9095053 ] ] ] } },
{ "type": "Feature", "properties": { }, "geometry": { "type": "Polygon", "coordinates": [ [ [ 2.4787683, 48.9091447 ], [ 2.4785895, 48.909139 ], [ 2.478564, 48.9093968 ], [ 2.4789258, 48.9094085 ], [ 2.4789493, 48.9091506 ], [ 2.4787683, 48.9091447 ] ] ] } },
{ "type": "Feature", "properties": { }, "geometry": { "type": "Polygon", "coordinates": [ [ [ 2.477248, 48.9093435 ], [ 2.477657, 48.9093591 ], [ 2.4776401, 48.9093478 ], [ 2.4776365, 48.9093278 ], [ 2.4776575, 48.9091344 ], [ 2.4776596, 48.9091144 ], [ 2.4776389, 48.9090956 ], [ 2.4775954, 48.9090904 ], [ 2.4774902, 48.9090838 ], [ 2.4773359, 48.909081699999987 ], [ 2.4773112, 48.9090916 ], [ 2.4772996, 48.9091128 ], [ 2.4772805, 48.90931 ], [ 2.4772765, 48.909328700000017 ], [ 2.477248, 48.9093435 ] ] ] } },
{ "type": "Feature", "properties": { }, "geometry": { "type": "Polygon", "coordinates": [ [ [ 2.476953992031266, 48.911288198818553 ], [ 2.476929081766921, 48.910987498003877 ], [ 2.4767018, 48.91101 ], [ 2.4768341, 48.9112281 ], [ 2.476895231588289, 48.91132901005809 ], [ 2.476953992031266, 48.911288198818553 ] ] ] } },
{ "type": "Feature", "properties": { }, "geometry": { "type": "Polygon", "coordinates": [ [ [ 2.476953992031266, 48.911288198818553 ], [ 2.477412902702641, 48.911163962309182 ], [ 2.4773575, 48.9109451 ], [ 2.4772553, 48.9109552 ], [ 2.476929081766921, 48.910987498003877 ], [ 2.476953992031266, 48.911288198818553 ] ] ] } },
{ "type": "Feature", "properties": { }, "geometry": { "type": "Polygon", "coordinates": [ [ [ 2.476953992031266, 48.911288198818553 ], [ 2.476895231588289, 48.91132901005809 ], [ 2.4769197, 48.9113694 ], [ 2.477, 48.9115017 ], [ 2.477003681176167, 48.911507767856527 ], [ 2.477483736398684, 48.911443771472214 ], [ 2.4774417, 48.9112778 ], [ 2.477422, 48.9111999 ], [ 2.477412902702641, 48.911163962309182 ], [ 2.476953992031266, 48.911288198818553 ] ] ] } },
{ "type": "Feature", "properties": { }, "geometry": { "type": "Polygon", "coordinates": [ [ [ 2.477065635102837, 48.911609889200712 ], [ 2.47724, 48.9118973 ], [ 2.4775892, 48.91186 ], [ 2.4775562, 48.911729899999983 ], [ 2.477548, 48.9116975 ], [ 2.477529262432539, 48.911623519738356 ], [ 2.477065635102837, 48.911609889200712 ] ] ] } },
{ "type": "Feature", "properties": { }, "geometry": { "type": "Polygon", "coordinates": [ [ [ 2.477003681176167, 48.911507767856527 ], [ 2.477065635102837, 48.911609889200712 ], [ 2.477529262432539, 48.911623519738356 ], [ 2.477483736398684, 48.911443771472214 ], [ 2.477003681176167, 48.911507767856527 ] ] ] } },
{ "type": "Feature", "properties": { }, "geometry": { "type": "Polygon", "coordinates": [ [ [ 2.4785867, 48.911733099999985 ], [ 2.4785531, 48.911608799999989 ], [ 2.4775562, 48.911729899999983 ], [ 2.4775892, 48.91186 ], [ 2.4776391, 48.9118535 ], [ 2.4785867, 48.911733099999985 ] ] ] } }
]
}
